
============================================================
Game 1
============================================================
Players: aegis vs omega_bots
Trump suit: H
Face-up card: QH
aegis hand: 2C 4C 5C AC 3D 4D 7D KD 2H 6H 7H 9H 3S
omega_bots hand: 8C 9C 6D 8D 9D AD 3H 4H 8H 10H 6S 7S JS
  P1 Trick  1: aegis leads 9H, omega_bots plays 10H -> omega_bots wins
  P1 Trick  2: omega_bots leads 3H, aegis plays 2H -> omega_bots wins
  P1 Trick  3: omega_bots leads 3C, aegis plays 4C -> aegis wins
  P1 Trick  4: aegis leads AC, omega_bots plays 8C -> aegis wins
  P1 Trick  5: aegis leads KD, omega_bots plays AD -> omega_bots wins
  P1 Trick  6: omega_bots leads 4H, aegis plays 6H -> aegis wins
  P1 Trick  7: aegis leads JC, omega_bots plays 9C -> aegis wins
  P1 Trick  8: aegis leads 2C, omega_bots plays 6S -> aegis wins
  P1 Trick  9: aegis leads 2D, omega_bots plays 6D -> omega_bots wins
  P1 Trick 10: omega_bots leads 5H, aegis plays 7H -> aegis wins
  P1 Trick 11: aegis leads JH, omega_bots plays QH -> omega_bots wins
  P1 Trick 12: omega_bots leads AS, aegis plays 3S -> omega_bots wins
  P1 Trick 13: omega_bots leads 5S, aegis plays 4S -> omega_bots wins

--- Phase 2 (Scoring) ---
  P2 Trick  1: omega_bots leads 5D, aegis plays 7D -> aegis wins
  P2 Trick  2: aegis leads QS, omega_bots plays KS -> omega_bots wins
  P2 Trick  3: omega_bots leads 7S, aegis plays 8S -> aegis wins
  P2 Trick  4: aegis leads 10C, omega_bots plays QC -> omega_bots wins
  P2 Trick  5: omega_bots leads 8D, aegis plays 10D -> aegis wins
  P2 Trick  6: aegis leads 10S, omega_bots plays JS -> omega_bots wins
  P2 Trick  7: omega_bots leads QD, aegis plays 3D -> omega_bots wins
  P2 Trick  8: omega_bots leads AH, aegis plays 2S -> omega_bots wins
  P2 Trick  9: omega_bots leads JD, aegis plays 4D -> omega_bots wins
  P2 Trick 10: omega_bots leads KC, aegis plays 5C -> omega_bots wins
  P2 Trick 11: omega_bots leads 8H, aegis plays 6C -> omega_bots wins
  P2 Trick 12: omega_bots leads KH, aegis plays 7C -> omega_bots wins
  P2 Trick 13: omega_bots leads 9D, aegis plays 9S -> omega_bots wins
  Result: aegis 3 - 10 omega_bots
  Winner: omega_bots

============================================================
Game 2
============================================================
Players: omega_bots vs aegis
Trump suit: H
Face-up card: 8H
omega_bots hand: 2C 4C KC 3D 7D 10D JD 3H 5H KH 5S 6S QS
aegis hand: 3C 5C 6C 10C 2D KD 7H 9H QH 4S 10S JS KS
  P1 Trick  1: omega_bots leads KC, aegis plays 3C -> omega_bots wins
  P1 Trick  2: omega_bots leads QS, aegis plays KS -> aegis wins
  P1 Trick  3: aegis leads AH, omega_bots plays 3H -> aegis wins
  P1 Trick  4: aegis leads 2D, omega_bots plays 3D -> omega_bots wins
  P1 Trick  5: omega_bots leads 2C, aegis plays 5C -> aegis wins
  P1 Trick  6: aegis leads AD, omega_bots plays 7D -> aegis wins
  P1 Trick  7: aegis leads QH, omega_bots plays KH -> omega_bots wins
  P1 Trick  8: omega_bots leads AS, aegis plays 4S -> omega_bots wins
  P1 Trick  9: omega_bots leads 2S, aegis plays 9S -> aegis wins
  P1 Trick 10: aegis leads 4D, omega_bots plays 5D -> omega_bots wins
  P1 Trick 11: omega_bots leads AC, aegis plays 6C -> omega_bots wins
  P1 Trick 12: omega_bots leads 4C, aegis plays 7C -> aegis wins
  P1 Trick 13: aegis leads KD, omega_bots plays 6D -> aegis wins

--- Phase 2 (Scoring) ---
  P2 Trick  1: aegis leads QC, omega_bots plays 8C -> aegis wins
  P2 Trick  2: aegis leads JS, omega_bots plays 5S -> aegis wins
  P2 Trick  3: aegis leads JC, omega_bots plays 5H -> omega_bots wins
  P2 Trick  4: omega_bots leads 6S, aegis plays 10S -> aegis wins
  P2 Trick  5: aegis leads 10C, omega_bots plays 8H -> omega_bots wins
  P2 Trick  6: omega_bots leads 7S, aegis plays 3S -> omega_bots wins
  P2 Trick  7: omega_bots leads 8D, aegis plays 2H -> aegis wins
  P2 Trick  8: aegis leads 9C, omega_bots plays 10H -> omega_bots wins
  P2 Trick  9: omega_bots leads QD, aegis plays 4H -> aegis wins
  P2 Trick 10: aegis leads 6H, omega_bots plays 8S -> aegis wins
  P2 Trick 11: aegis leads 7H, omega_bots plays 9D -> aegis wins
  P2 Trick 12: aegis leads 9H, omega_bots plays 10D -> aegis wins
  P2 Trick 13: aegis leads JH, omega_bots plays JD -> aegis wins
  Result: omega_bots 4 - 9 aegis
  Winner: aegis

============================================================
Game 3
============================================================
Players: aegis vs omega_bots
Trump suit: H
Face-up card: 2H
aegis hand: 7C 9C 3D 6D AD 5H 7H 8H 9H KH AH 8S JS
omega_bots hand: 5C 8C AC 5D 7D QD 3H JH 4S 5S 7S 9S AS
  P1 Trick  1: aegis leads KH, omega_bots plays 3H -> aegis wins
  P1 Trick  2: aegis leads 3D, omega_bots plays 4D -> omega_bots wins
  P1 Trick  3: omega_bots leads AC, aegis plays 7C -> omega_bots wins
  P1 Trick  4: omega_bots leads 4S, aegis plays 8S -> aegis wins
  P1 Trick  5: aegis leads AH, omega_bots plays JH -> aegis wins
  P1 Trick  6: aegis leads 9H, omega_bots plays 2D -> aegis wins
  P1 Trick  7: aegis leads 2S, omega_bots plays 5S -> omega_bots wins
  P1 Trick  8: omega_bots leads AS, aegis plays JS -> omega_bots wins
  P1 Trick  9: omega_bots leads KD, aegis plays AD -> aegis wins
  P1 Trick 10: aegis leads 3C, omega_bots plays 5C -> omega_bots wins
  P1 Trick 11: omega_bots leads 4H, aegis plays 2H -> omega_bots wins
  P1 Trick 12: omega_bots leads 2C, aegis plays 4C -> aegis wins
  P1 Trick 13: aegis leads 6D, omega_bots plays 5D -> aegis wins

--- Phase 2 (Scoring) ---
  P2 Trick  1: aegis leads QH, omega_bots plays 10H -> aegis wins
  P2 Trick  2: aegis leads KC, omega_bots plays 8C -> aegis wins
  P2 Trick  3: aegis leads QC, omega_bots plays 10C -> aegis wins
  P2 Trick  4: aegis leads QS, omega_bots plays KS -> omega_bots wins
  P2 Trick  5: omega_bots leads 6S, aegis plays 3S -> omega_bots wins
  P2 Trick  6: omega_bots leads 7D, aegis plays 10D -> aegis wins
  P2 Trick  7: aegis leads 9C, omega_bots plays JC -> omega_bots wins
  P2 Trick  8: omega_bots leads QD, aegis plays JD -> omega_bots wins
  P2 Trick  9: omega_bots leads 7S, aegis plays 5H -> aegis wins
  P2 Trick 10: aegis leads 6C, omega_bots plays 8D -> aegis wins
  P2 Trick 11: aegis leads 6H, omega_bots plays 9S -> aegis wins
  P2 Trick 12: aegis leads 7H, omega_bots plays 9D -> aegis wins
  P2 Trick 13: aegis leads 8H, omega_bots plays 10S -> aegis wins
  Result: aegis 9 - 4 omega_bots
  Winner: aegis

============================================================
Game 4
============================================================
Players: omega_bots vs aegis
Trump suit: C
Face-up card: 6C
omega_bots hand: 2C 8C 6D 7D 3H 6H 7H 8H 9H KH AH 3S 6S
aegis hand: 3C 10C JC KC 10D AD 4H 10H QH 4S 7S 9S 10S
  P1 Trick  1: omega_bots leads AH, aegis plays 4H -> omega_bots wins
  P1 Trick  2: omega_bots leads KH, aegis plays 10H -> omega_bots wins
  P1 Trick  3: omega_bots leads 2C, aegis plays 3C -> aegis wins
  P1 Trick  4: aegis leads 10C, omega_bots plays 4C -> aegis wins
  P1 Trick  5: aegis leads JC, omega_bots plays 6C -> aegis wins
  P1 Trick  6: aegis leads 2S, omega_bots plays 3S -> omega_bots wins
  P1 Trick  7: omega_bots leads 9H, aegis plays QH -> aegis wins
  P1 Trick  8: aegis leads 4S, omega_bots plays 6S -> omega_bots wins
  P1 Trick  9: omega_bots leads 8H, aegis plays 5C -> aegis wins
  P1 Trick 10: aegis leads QC, omega_bots plays 7C -> aegis wins
  P1 Trick 11: aegis leads KC, omega_bots plays 8C -> aegis wins
  P1 Trick 12: aegis leads 4D, omega_bots plays 2D -> aegis wins
  P1 Trick 13: aegis leads AC, omega_bots plays 9C -> aegis wins

--- Phase 2 (Scoring) ---
  P2 Trick  1: aegis leads AS, omega_bots plays 8S -> aegis wins
  P2 Trick  2: aegis leads KS, omega_bots plays 2H -> aegis wins
  P2 Trick  3: aegis leads QS, omega_bots plays 3H -> aegis wins
  P2 Trick  4: aegis leads AD, omega_bots plays 5D -> aegis wins
  P2 Trick  5: aegis leads JS, omega_bots plays 5H -> aegis wins
  P2 Trick  6: aegis leads KD, omega_bots plays 6D -> aegis wins
  P2 Trick  7: aegis leads 10S, omega_bots plays 6H -> aegis wins
  P2 Trick  8: aegis leads QD, omega_bots plays 7D -> aegis wins
  P2 Trick  9: aegis leads 9S, omega_bots plays 7H -> aegis wins
  P2 Trick 10: aegis leads 10D, omega_bots plays JD -> omega_bots wins
  P2 Trick 11: omega_bots leads JH, aegis plays 3D -> omega_bots wins
  P2 Trick 12: omega_bots leads 8D, aegis plays 5S -> omega_bots wins
  P2 Trick 13: omega_bots leads 9D, aegis plays 7S -> omega_bots wins
  Result: omega_bots 4 - 9 aegis
  Winner: aegis

============================================================
Game 5
============================================================
Players: aegis vs omega_bots
Trump suit: H
Face-up card: 4H
aegis hand: 6C 8C 9C JC 3D 7D 9D QD 6H JH 3S 9S AS
omega_bots hand: 4C 10C AC 2D 5D 8D AD 3H 10H QH KH 2S 5S
  P1 Trick  1: aegis leads AS, omega_bots plays 2S -> aegis wins
  P1 Trick  2: aegis leads QD, omega_bots plays 2D -> aegis wins
  P1 Trick  3: aegis leads JH, omega_bots plays QH -> omega_bots wins
  P1 Trick  4: omega_bots leads 3H, aegis plays 4H -> aegis wins
  P1 Trick  5: aegis leads 3S, omega_bots plays 5S -> omega_bots wins
  P1 Trick  6: omega_bots leads AC, aegis plays 6C -> omega_bots wins
  P1 Trick  7: omega_bots leads 4C, aegis plays 8C -> aegis wins
  P1 Trick  8: aegis leads 3D, omega_bots plays 4D -> omega_bots wins
  P1 Trick  9: omega_bots leads AD, aegis plays 6D -> omega_bots wins
  P1 Trick 10: omega_bots leads KD, aegis plays 7D -> omega_bots wins
  P1 Trick 11: omega_bots leads 2C, aegis plays 9C -> aegis wins
  P1 Trick 12: aegis leads 4S, omega_bots plays 6S -> omega_bots wins
  P1 Trick 13: omega_bots leads 3C, aegis plays JC -> aegis wins

--- Phase 2 (Scoring) ---
  P2 Trick  1: aegis leads KS, omega_bots plays 10S -> aegis wins
  P2 Trick  2: aegis leads JS, omega_bots plays QS -> omega_bots wins
  P2 Trick  3: omega_bots leads 5D, aegis plays 9D -> aegis wins
  P2 Trick  4: aegis leads 9S, omega_bots plays 7H -> omega_bots wins
  P2 Trick  5: omega_bots leads 7C, aegis plays QC -> aegis wins
  P2 Trick  6: aegis leads JD, omega_bots plays 8D -> aegis wins
  P2 Trick  7: aegis leads 8S, omega_bots plays 8H -> omega_bots wins
  P2 Trick  8: omega_bots leads AH, aegis plays 2H -> omega_bots wins
  P2 Trick  9: omega_bots leads KH, aegis plays 5H -> omega_bots wins
  P2 Trick 10: omega_bots leads 9H, aegis plays 6H -> omega_bots wins
  P2 Trick 11: omega_bots leads 10C, aegis plays 5C -> omega_bots wins
  P2 Trick 12: omega_bots leads KC, aegis plays 7S -> omega_bots wins
  P2 Trick 13: omega_bots leads 10H, aegis plays 10D -> omega_bots wins
  Result: aegis 4 - 9 omega_bots
  Winner: omega_bots

============================================================
Game 6
============================================================
Players: omega_bots vs aegis
Trump suit: D
Face-up card: 3D
omega_bots hand: 4C 5C 5D 7D 10D AD 6H 8H QH KH 10S JS AS
aegis hand: 6C 10C JC QC KC 2D 6D 8D 9D 9H 10H 4S 8S
  P1 Trick  1: omega_bots leads AS, aegis plays 4S -> omega_bots wins
  P1 Trick  2: omega_bots leads 3D, aegis plays 2D -> omega_bots wins
  P1 Trick  3: omega_bots leads 2H, aegis plays 3H -> aegis wins
  P1 Trick  4: aegis leads 2C, omega_bots plays 4C -> omega_bots wins
  P1 Trick  5: omega_bots leads 3C, aegis plays 6C -> aegis wins
  P1 Trick  6: aegis leads 9D, omega_bots plays 10D -> omega_bots wins
  P1 Trick  7: omega_bots leads AH, aegis plays 9H -> omega_bots wins
  P1 Trick  8: omega_bots leads 4H, aegis plays 10H -> aegis wins
  P1 Trick  9: aegis leads 2S, omega_bots plays 10S -> omega_bots wins
  P1 Trick 10: omega_bots leads KH, aegis plays JH -> omega_bots wins
  P1 Trick 11: omega_bots leads 3S, aegis plays 5S -> aegis wins
  P1 Trick 12: aegis leads 7C, omega_bots plays 5C -> aegis wins
  P1 Trick 13: aegis leads KC, omega_bots plays AC -> omega_bots wins

--- Phase 2 (Scoring) ---
  P2 Trick  1: omega_bots leads 6H, aegis plays 5H -> omega_bots wins
  P2 Trick  2: omega_bots leads 7H, aegis plays 4D -> aegis wins
  P2 Trick  3: aegis leads QC, omega_bots plays 9C -> aegis wins
  P2 Trick  4: aegis leads QS, omega_bots plays KS -> omega_bots wins
  P2 Trick  5: omega_bots leads 7S, aegis plays 8S -> aegis wins
  P2 Trick  6: aegis leads JC, omega_bots plays 5D -> omega_bots wins
  P2 Trick  7: omega_bots leads 8H, aegis plays 6D -> aegis wins
  P2 Trick  8: aegis leads 10C, omega_bots plays 7D -> omega_bots wins
  P2 Trick  9: omega_bots leads QD, aegis plays 8D -> omega_bots wins
  P2 Trick 10: omega_bots leads JS, aegis plays 6S -> omega_bots wins
  P2 Trick 11: omega_bots leads QH, aegis plays JD -> aegis wins
  P2 Trick 12: aegis leads 9S, omega_bots plays KD -> omega_bots wins
  P2 Trick 13: omega_bots leads AD, aegis plays 8C -> omega_bots wins
  Result: omega_bots 8 - 5 aegis
  Winner: omega_bots

============================================================
Game 7
============================================================
Players: aegis vs omega_bots
Trump suit: D
Face-up card: QD
aegis hand: 5C 7C 10C 5D 7D 8D 9D JD KD 10H 7S 10S AS
omega_bots hand: 3C QC AC 4D 10D 8H JH QH KH 6S 9S JS KS
  P1 Trick  1: aegis leads KD, omega_bots plays 4D -> aegis wins
  P1 Trick  2: aegis leads JD, omega_bots plays 10D -> aegis wins
  P1 Trick  3: aegis leads 5C, omega_bots plays 3C -> aegis wins
  P1 Trick  4: aegis leads 3H, omega_bots plays 2H -> aegis wins
  P1 Trick  5: aegis leads QD, omega_bots plays 4H -> aegis wins
  P1 Trick  6: aegis leads 7C, omega_bots plays JC -> omega_bots wins
  P1 Trick  7: omega_bots leads 5H, aegis plays 6H -> aegis wins
  P1 Trick  8: aegis leads 2C, omega_bots plays 6C -> omega_bots wins
  P1 Trick  9: omega_bots leads 2S, aegis plays 7S -> aegis wins
  P1 Trick 10: aegis leads AD, omega_bots plays 3S -> aegis wins
  P1 Trick 11: aegis leads 9D, omega_bots plays 3D -> aegis wins
  P1 Trick 12: aegis leads 7H, omega_bots plays 8H -> omega_bots wins
  P1 Trick 13: omega_bots leads 4C, aegis plays 9C -> aegis wins

--- Phase 2 (Scoring) ---
  P2 Trick  1: aegis leads AS, omega_bots plays 4S -> aegis wins
  P2 Trick  2: aegis leads QS, omega_bots plays KS -> omega_bots wins
  P2 Trick  3: omega_bots leads 5S, aegis plays 8S -> aegis wins
  P2 Trick  4: aegis leads AH, omega_bots plays 9H -> aegis wins
  P2 Trick  5: aegis leads KC, omega_bots plays AC -> omega_bots wins
  P2 Trick  6: omega_bots leads 6S, aegis plays 10S -> aegis wins
  P2 Trick  7: aegis leads 10C, omega_bots plays QC -> omega_bots wins
  P2 Trick  8: omega_bots leads JH, aegis plays 10H -> omega_bots wins
  P2 Trick  9: omega_bots leads KH, aegis plays 2D -> aegis wins
  P2 Trick 10: aegis leads 5D, omega_bots plays 8C -> aegis wins
  P2 Trick 11: aegis leads 6D, omega_bots plays 9S -> aegis wins
  P2 Trick 12: aegis leads 7D, omega_bots plays JS -> aegis wins
  P2 Trick 13: aegis leads 8D, omega_bots plays QH -> aegis wins
  Result: aegis 9 - 4 omega_bots
  Winner: aegis

============================================================
Game 8
============================================================
Players: omega_bots vs aegis
Trump suit: C
Face-up card: 6C
omega_bots hand: 7C 9C KC 2D 4D 9D 9H 3S 5S 6S 8S JS KS
aegis hand: 2C 4C AC 3D 7D AD 2H 5H QH KH AH QS AS
  P1 Trick  1: omega_bots leads KS, aegis plays AS -> aegis wins
  P1 Trick  2: aegis leads 2H, omega_bots plays 9H -> omega_bots wins
  P1 Trick  3: omega_bots leads JS, aegis plays QS -> aegis wins
  P1 Trick  4: aegis leads 3D, omega_bots plays 2D -> aegis wins
  P1 Trick  5: aegis leads 4H, omega_bots plays JH -> omega_bots wins
  P1 Trick  6: omega_bots leads 10S, aegis plays 2S -> omega_bots wins
  P1 Trick  7: omega_bots leads 3S, aegis plays 3H -> omega_bots wins
  P1 Trick  8: omega_bots leads KD, aegis plays AD -> aegis wins
  P1 Trick  9: aegis leads 5H, omega_bots plays 7H -> omega_bots wins
  P1 Trick 10: omega_bots leads 3C, aegis plays 2C -> omega_bots wins
  P1 Trick 11: omega_bots leads 4D, aegis plays 7D -> aegis wins
  P1 Trick 12: aegis leads AC, omega_bots plays 7C -> aegis wins
  P1 Trick 13: aegis leads AH, omega_bots plays 8H -> aegis wins

--- Phase 2 (Scoring) ---
  P2 Trick  1: aegis leads KH, omega_bots plays 10H -> aegis wins
  P2 Trick  2: aegis leads QH, omega_bots plays 9C -> omega_bots wins
  P2 Trick  3: omega_bots leads 4S, aegis plays 9S -> aegis wins
  P2 Trick  4: aegis leads JD, omega_bots plays QD -> omega_bots wins
  P2 Trick  5: omega_bots leads 5S, aegis plays 4C -> aegis wins
  P2 Trick  6: aegis leads 6H, omega_bots plays KC -> omega_bots wins
  P2 Trick  7: omega_bots leads 5D, aegis plays 6D -> aegis wins
  P2 Trick  8: aegis leads 5C, omega_bots plays 6S -> aegis wins
  P2 Trick  9: aegis leads 6C, omega_bots plays 7S -> aegis wins
  P2 Trick 10: aegis leads 8C, omega_bots plays 8S -> aegis wins
  P2 Trick 11: aegis leads 10C, omega_bots plays 8D -> aegis wins
  P2 Trick 12: aegis leads JC, omega_bots plays 9D -> aegis wins
  P2 Trick 13: aegis leads QC, omega_bots plays 10D -> aegis wins
  Result: omega_bots 3 - 10 aegis
  Winner: aegis

============================================================
Game 9
============================================================
Players: aegis vs omega_bots
Trump suit: H
Face-up card: 6H
aegis hand: 3C 10C 5D 6D 7D 10D 7H JH 2S 3S 4S 9S AS
omega_bots hand: 6C 9C QC 3D 9D QD 2H 4H 8H 10H 5S 7S 10S
  P1 Trick  1: aegis leads AS, omega_bots plays 5S -> aegis wins
  P1 Trick  2: aegis leads JH, omega_bots plays 2H -> aegis wins
  P1 Trick  3: aegis leads 10D, omega_bots plays QD -> omega_bots wins
  P1 Trick  4: omega_bots leads 2C, aegis plays 3C -> aegis wins
  P1 Trick  5: aegis leads 10C, omega_bots plays 5C -> aegis wins
  P1 Trick  6: aegis leads QH, omega_bots plays AH -> omega_bots wins
  P1 Trick  7: omega_bots leads 3D, aegis plays 2D -> omega_bots wins
  P1 Trick  8: omega_bots leads 4H, aegis plays 6H -> aegis wins
  P1 Trick  9: aegis leads 9H, omega_bots plays 10H -> omega_bots wins
  P1 Trick 10: omega_bots leads AD, aegis plays 4D -> omega_bots wins
  P1 Trick 11: omega_bots leads KD, aegis plays 5D -> omega_bots wins
  P1 Trick 12: omega_bots leads KC, aegis plays 8C -> omega_bots wins
  P1 Trick 13: omega_bots leads 3H, aegis plays 7H -> aegis wins

--- Phase 2 (Scoring) ---
  P2 Trick  1: aegis leads KS, omega_bots plays 7S -> aegis wins
  P2 Trick  2: aegis leads QS, omega_bots plays 10S -> aegis wins
  P2 Trick  3: aegis leads JS, omega_bots plays 5H -> omega_bots wins
  P2 Trick  4: omega_bots leads 4C, aegis plays JC -> aegis wins
  P2 Trick  5: aegis leads 9S, omega_bots plays 8H -> omega_bots wins
  P2 Trick  6: omega_bots leads 6C, aegis plays 2S -> omega_bots wins
  P2 Trick  7: omega_bots leads 7C, aegis plays 3S -> omega_bots wins
  P2 Trick  8: omega_bots leads 8D, aegis plays JD -> aegis wins
  P2 Trick  9: aegis leads 8S, omega_bots plays KH -> omega_bots wins
  P2 Trick 10: omega_bots leads AC, aegis plays 4S -> omega_bots wins
  P2 Trick 11: omega_bots leads 9D, aegis plays 6D -> omega_bots wins
  P2 Trick 12: omega_bots leads 9C, aegis plays 6S -> omega_bots wins
  P2 Trick 13: omega_bots leads QC, aegis plays 7D -> omega_bots wins
  Result: aegis 4 - 9 omega_bots
  Winner: omega_bots

============================================================
Game 10
============================================================
Players: omega_bots vs aegis
Trump suit: C
Face-up card: 8C
omega_bots hand: 9C JC 2D 4D 5D 3H 5H 9H JH 2S 3S 6S 7S
aegis hand: 6C KC 7D 10D JD QD AD 6H AH 4S 5S 10S JS
  P1 Trick  1: omega_bots leads JH, aegis plays AH -> aegis wins
  P1 Trick  2: aegis leads AD, omega_bots plays 2D -> aegis wins
  P1 Trick  3: aegis leads 4S, omega_bots plays 2S -> aegis wins
  P1 Trick  4: aegis leads 5S, omega_bots plays 3S -> aegis wins
  P1 Trick  5: aegis leads QD, omega_bots plays KD -> omega_bots wins
  P1 Trick  6: omega_bots leads 9H, aegis plays QH -> aegis wins
  P1 Trick  7: aegis leads JD, omega_bots plays 4D -> aegis wins
  P1 Trick  8: aegis leads 6H, omega_bots plays 3H -> aegis wins
  P1 Trick  9: aegis leads 6D, omega_bots plays 3D -> aegis wins
  P1 Trick 10: aegis leads 7D, omega_bots plays 5D -> aegis wins
  P1 Trick 11: aegis leads 7H, omega_bots plays 5H -> aegis wins
  P1 Trick 12: aegis leads 4H, omega_bots plays KH -> omega_bots wins
  P1 Trick 13: omega_bots leads AS, aegis plays 10S -> omega_bots wins

--- Phase 2 (Scoring) ---
  P2 Trick  1: omega_bots leads 6S, aegis plays JS -> aegis wins
  P2 Trick  2: aegis leads QC, omega_bots plays 3C -> aegis wins
  P2 Trick  3: aegis leads KC, omega_bots plays 4C -> aegis wins
  P2 Trick  4: aegis leads AC, omega_bots plays 5C -> aegis wins
  P2 Trick  5: aegis leads 10H, omega_bots plays 9C -> omega_bots wins
  P2 Trick  6: omega_bots leads 7S, aegis plays 2C -> aegis wins
  P2 Trick  7: aegis leads 10D, omega_bots plays 8D -> aegis wins
  P2 Trick  8: aegis leads 8H, omega_bots plays 10C -> omega_bots wins
  P2 Trick  9: omega_bots leads KS, aegis plays 6C -> aegis wins
  P2 Trick 10: aegis leads 9D, omega_bots plays JC -> omega_bots wins
  P2 Trick 11: omega_bots leads QS, aegis plays 7C -> aegis wins
  P2 Trick 12: aegis leads 2H, omega_bots plays 8S -> aegis wins
  P2 Trick 13: aegis leads 8C, omega_bots plays 9S -> aegis wins
  Result: omega_bots 3 - 10 aegis
  Winner: aegis

============================================================
Game 11
============================================================
Players: aegis vs omega_bots
Trump suit: C
Face-up card: 5C
aegis hand: 2C 3C 6C 6D QD 2H 3H 7H QH KH 2S 5S 10S
omega_bots hand: KC AC 3D 5D JD KD 4H 6H 9H 10H 4S 8S 9S
  P1 Trick  1: aegis leads KH, omega_bots plays 4H -> aegis wins
  P1 Trick  2: aegis leads 2H, omega_bots plays 6H -> omega_bots wins
  P1 Trick  3: omega_bots leads KD, aegis plays 2D -> omega_bots wins
  P1 Trick  4: omega_bots leads 3D, aegis plays 4D -> aegis wins
  P1 Trick  5: aegis leads QH, omega_bots plays 8H -> aegis wins
  P1 Trick  6: aegis leads 7C, omega_bots plays 8C -> omega_bots wins
  P1 Trick  7: omega_bots leads 4S, aegis plays 2S -> omega_bots wins
  P1 Trick  8: omega_bots leads 5D, aegis plays 6D -> aegis wins
  P1 Trick  9: aegis leads AD, omega_bots plays 7D -> aegis wins
  P1 Trick 10: aegis leads JC, omega_bots plays KC -> omega_bots wins
  P1 Trick 11: omega_bots leads 5H, aegis plays 3H -> omega_bots wins
  P1 Trick 12: omega_bots leads AH, aegis plays 7H -> omega_bots wins
  P1 Trick 13: omega_bots leads 3S, aegis plays 5S -> aegis wins

--- Phase 2 (Scoring) ---
  P2 Trick  1: aegis leads AS, omega_bots plays 6S -> aegis wins
  P2 Trick  2: aegis leads QD, omega_bots plays 10D -> aegis wins
  P2 Trick  3: aegis leads 10S, omega_bots plays JS -> omega_bots wins
  P2 Trick  4: omega_bots leads 8S, aegis plays 7S -> omega_bots wins
  P2 Trick  5: omega_bots leads 9S, aegis plays 2C -> aegis wins
  P2 Trick  6: aegis leads 9D, omega_bots plays JD -> omega_bots wins
  P2 Trick  7: omega_bots leads KS, aegis plays 3C -> aegis wins
  P2 Trick  8: aegis leads JH, omega_bots plays 9H -> aegis wins
  P2 Trick  9: aegis leads 8D, omega_bots plays 4C -> omega_bots wins
  P2 Trick 10: omega_bots leads AC, aegis plays 5C -> omega_bots wins
  P2 Trick 11: omega_bots leads 10H, aegis plays 6C -> aegis wins
  P2 Trick 12: aegis leads 10C, omega_bots plays 9C -> aegis wins
  P2 Trick 13: aegis leads QC, omega_bots plays QS -> aegis wins
  Result: aegis 8 - 5 omega_bots
  Winner: aegis

============================================================
Game 12
============================================================
Players: omega_bots vs aegis
Trump suit: S
Face-up card: 4S
omega_bots hand: 3C 6C 9C 8D 10D 3H 5H 6H AH 8S 9S KS AS
aegis hand: 5C QC AC 5D 6D 9D QD KD 8H 9H 10H JH 7S
  P1 Trick  1: omega_bots leads AH, aegis plays 8H -> omega_bots wins
  P1 Trick  2: omega_bots leads 10D, aegis plays QD -> aegis wins
  P1 Trick  3: aegis leads 5D, omega_bots plays 8D -> omega_bots wins
  P1 Trick  4: omega_bots leads JD, aegis plays KD -> aegis wins
  P1 Trick  5: aegis leads 5C, omega_bots plays 3C -> aegis wins
  P1 Trick  6: aegis leads AC, omega_bots plays 6C -> aegis wins
  P1 Trick  7: aegis leads 6D, omega_bots plays 4D -> aegis wins
  P1 Trick  8: aegis leads JS, omega_bots plays KS -> omega_bots wins
  P1 Trick  9: omega_bots leads 2S, aegis plays 5S -> aegis wins
  P1 Trick 10: aegis leads KH, omega_bots plays 3H -> aegis wins
  P1 Trick 11: aegis leads QC, omega_bots plays 7C -> aegis wins
  P1 Trick 12: aegis leads 2D, omega_bots plays 3D -> omega_bots wins
  P1 Trick 13: omega_bots leads 2H, aegis plays 9H -> aegis wins

--- Phase 2 (Scoring) ---
  P2 Trick  1: aegis leads AD, omega_bots plays 4S -> omega_bots wins
  P2 Trick  2: omega_bots leads 4H, aegis plays 10H -> aegis wins
  P2 Trick  3: aegis leads JC, omega_bots plays KC -> omega_bots wins
  P2 Trick  4: omega_bots leads 4C, aegis plays 8C -> aegis wins
  P2 Trick  5: aegis leads QH, omega_bots plays 5H -> aegis wins
  P2 Trick  6: aegis leads 9D, omega_bots plays 6S -> omega_bots wins
  P2 Trick  7: omega_bots leads 10C, aegis plays 2C -> omega_bots wins
  P2 Trick  8: omega_bots leads 9C, aegis plays 3S -> aegis wins
  P2 Trick  9: aegis leads JH, omega_bots plays 6H -> aegis wins
  P2 Trick 10: aegis leads 7D, omega_bots plays 8S -> omega_bots wins
  P2 Trick 11: omega_bots leads 7H, aegis plays 7S -> aegis wins
  P2 Trick 12: aegis leads 10S, omega_bots plays AS -> omega_bots wins
  P2 Trick 13: omega_bots leads 9S, aegis plays QS -> aegis wins
  Result: omega_bots 6 - 7 aegis
  Winner: aegis

============================================================
Game 13
============================================================
Players: aegis vs omega_bots
Trump suit: S
Face-up card: JS
aegis hand: 4C 9C 10C KC 5D JD 2H 8H 9H 10H JH 9S KS
omega_bots hand: 3C 6C 8C QC 6D 9D QD 4H 6H 7H 5S 8S 10S
  P1 Trick  1: aegis leads KC, omega_bots plays 3C -> aegis wins
  P1 Trick  2: aegis leads 2H, omega_bots plays 4H -> omega_bots wins
  P1 Trick  3: omega_bots leads KD, aegis plays 5D -> omega_bots wins
  P1 Trick  4: omega_bots leads 3D, aegis plays JD -> aegis wins
  P1 Trick  5: aegis leads JH, omega_bots plays AH -> omega_bots wins
  P1 Trick  6: omega_bots leads AC, aegis plays 4C -> omega_bots wins
  P1 Trick  7: omega_bots leads QC, aegis plays 5C -> omega_bots wins
  P1 Trick  8: omega_bots leads QD, aegis plays 7D -> omega_bots wins
  P1 Trick  9: omega_bots leads 3S, aegis plays 4S -> aegis wins
  P1 Trick 10: aegis leads JC, omega_bots plays 6C -> aegis wins
  P1 Trick 11: aegis leads 3H, omega_bots plays 6H -> omega_bots wins
  P1 Trick 12: omega_bots leads AD, aegis plays 8D -> omega_bots wins
  P1 Trick 13: omega_bots leads 2C, aegis plays 7C -> aegis wins

--- Phase 2 (Scoring) ---
  P2 Trick  1: aegis leads KH, omega_bots plays 5H -> aegis wins
  P2 Trick  2: aegis leads 10H, omega_bots plays QH -> omega_bots wins
  P2 Trick  3: omega_bots leads 6D, aegis plays 2D -> omega_bots wins
  P2 Trick  4: omega_bots leads 7H, aegis plays 8H -> aegis wins
  P2 Trick  5: aegis leads 10C, omega_bots plays 8C -> aegis wins
  P2 Trick  6: aegis leads 9C, omega_bots plays 5S -> omega_bots wins
  P2 Trick  7: omega_bots leads 9D, aegis plays 4D -> omega_bots wins
  P2 Trick  8: omega_bots leads 7S, aegis plays 9S -> aegis wins
  P2 Trick  9: aegis leads 9H, omega_bots plays 6S -> omega_bots wins
  P2 Trick 10: omega_bots leads 10S, aegis plays JS -> aegis wins
  P2 Trick 11: aegis leads 2S, omega_bots plays 8S -> omega_bots wins
  P2 Trick 12: omega_bots leads 10D, aegis plays QS -> aegis wins
  P2 Trick 13: aegis leads KS, omega_bots plays AS -> omega_bots wins
  Result: aegis 6 - 7 omega_bots
  Winner: omega_bots

============================================================
Game 14
============================================================
Players: omega_bots vs aegis
Trump suit: S
Face-up card: 7S
omega_bots hand: 10C JC 3D 4D 5D 5H 7H 9H KH AH 5S QS AS
aegis hand: 3C 4C 7C 9C QC 7D 10D QD 2H 4H JH 3S 10S
  P1 Trick  1: omega_bots leads AH, aegis plays 2H -> omega_bots wins
  P1 Trick  2: omega_bots leads KH, aegis plays 4H -> omega_bots wins
  P1 Trick  3: omega_bots leads 3D, aegis plays 7D -> aegis wins
  P1 Trick  4: aegis leads 3C, omega_bots plays 10C -> omega_bots wins
  P1 Trick  5: omega_bots leads JC, aegis plays QC -> aegis wins
  P1 Trick  6: aegis leads 3H, omega_bots plays 5H -> omega_bots wins
  P1 Trick  7: omega_bots leads 4D, aegis plays 10D -> aegis wins
  P1 Trick  8: aegis leads 4C, omega_bots plays 5D -> aegis wins
  P1 Trick  9: aegis leads KC, omega_bots plays 4S -> omega_bots wins
  P1 Trick 10: omega_bots leads KD, aegis plays 8D -> omega_bots wins
  P1 Trick 11: omega_bots leads QH, aegis plays 8H -> omega_bots wins
  P1 Trick 12: omega_bots leads AD, aegis plays 2D -> omega_bots wins
  P1 Trick 13: omega_bots leads 5S, aegis plays 2S -> omega_bots wins

--- Phase 2 (Scoring) ---
  P2 Trick  1: omega_bots leads 2C, aegis plays 5C -> aegis wins
  P2 Trick  2: aegis leads AC, omega_bots plays 6S -> omega_bots wins
  P2 Trick  3: omega_bots leads 6D, aegis plays JD -> aegis wins
  P2 Trick  4: aegis leads 9C, omega_bots plays 7S -> omega_bots wins
  P2 Trick  5: omega_bots leads 6H, aegis plays 10H -> aegis wins
  P2 Trick  6: aegis leads 8C, omega_bots plays 8S -> omega_bots wins
  P2 Trick  7: omega_bots leads 7H, aegis plays JH -> aegis wins
  P2 Trick  8: aegis leads 7C, omega_bots plays JS -> omega_bots wins
  P2 Trick  9: omega_bots leads KS, aegis plays 3S -> omega_bots wins
  P2 Trick 10: omega_bots leads QS, aegis plays 9S -> omega_bots wins
  P2 Trick 11: omega_bots leads 9H, aegis plays 10S -> aegis wins
  P2 Trick 12: aegis leads QD, omega_bots plays 9D -> aegis wins
  P2 Trick 13: aegis leads 6C, omega_bots plays AS -> omega_bots wins
  Result: omega_bots 7 - 6 aegis
  Winner: omega_bots

============================================================
Game 15
============================================================
Players: aegis vs omega_bots
Trump suit: H
Face-up card: JH
aegis hand: 3C 5C 9C 6D 8D KD 2H 5H 10H 3S 4S 5S 10S
omega_bots hand: 2C 4C 7C 8C JC 2D 5D JD 3H KH 7S 8S QS
  P1 Trick  1: aegis leads KD, omega_bots plays 2D -> aegis wins
  P1 Trick  2: aegis leads 10S, omega_bots plays 6S -> aegis wins
  P1 Trick  3: aegis leads 3C, omega_bots plays 2C -> aegis wins
  P1 Trick  4: aegis leads JS, omega_bots plays QS -> omega_bots wins
  P1 Trick  5: omega_bots leads JC, aegis plays 5C -> omega_bots wins
  P1 Trick  6: omega_bots leads 3H, aegis plays 2H -> omega_bots wins
  P1 Trick  7: omega_bots leads 4C, aegis plays 9C -> aegis wins
  P1 Trick  8: aegis leads AS, omega_bots plays 7S -> aegis wins
  P1 Trick  9: aegis leads JH, omega_bots plays KH -> omega_bots wins
  P1 Trick 10: omega_bots leads AC, aegis plays 10C -> omega_bots wins
  P1 Trick 11: omega_bots leads JD, aegis plays 3D -> omega_bots wins
  P1 Trick 12: omega_bots leads 9S, aegis plays 2S -> omega_bots wins
  P1 Trick 13: omega_bots leads 4H, aegis plays 5H -> aegis wins

--- Phase 2 (Scoring) ---
  P2 Trick  1: aegis leads QD, omega_bots plays AD -> omega_bots wins
  P2 Trick  2: omega_bots leads 5D, aegis plays 6D -> aegis wins
  P2 Trick  3: aegis leads 10D, omega_bots plays 6H -> omega_bots wins
  P2 Trick  4: omega_bots leads 6C, aegis plays QC -> aegis wins
  P2 Trick  5: aegis leads 9D, omega_bots plays 7H -> omega_bots wins
  P2 Trick  6: omega_bots leads 7C, aegis plays KC -> aegis wins
  P2 Trick  7: aegis leads 8D, omega_bots plays 8H -> omega_bots wins
  P2 Trick  8: omega_bots leads AH, aegis plays 10H -> omega_bots wins
  P2 Trick  9: omega_bots leads KS, aegis plays 3S -> omega_bots wins
  P2 Trick 10: omega_bots leads 8C, aegis plays 4S -> omega_bots wins
  P2 Trick 11: omega_bots leads 9H, aegis plays 4D -> omega_bots wins
  P2 Trick 12: omega_bots leads 8S, aegis plays 5S -> omega_bots wins
  P2 Trick 13: omega_bots leads QH, aegis plays 7D -> omega_bots wins
  Result: aegis 3 - 10 omega_bots
  Winner: omega_bots

============================================================
Game 16
============================================================
Players: omega_bots vs aegis
Trump suit: C
Face-up card: 3C
omega_bots hand: 5C 7C 10D JD QD 4H 10H QH KH AH 3S 6S 9S
aegis hand: 2C 6C 8C 9C 10C 4D 5D 9D 5H 6H JH JS AS
  P1 Trick  1: omega_bots leads AH, aegis plays 5H -> omega_bots wins
  P1 Trick  2: omega_bots leads 3S, aegis plays 8S -> aegis wins
  P1 Trick  3: aegis leads 3H, omega_bots plays 4H -> omega_bots wins
  P1 Trick  4: omega_bots leads 3C, aegis plays 2C -> omega_bots wins
  P1 Trick  5: omega_bots leads 5C, aegis plays 6C -> aegis wins
  P1 Trick  6: aegis leads 4D, omega_bots plays 8D -> omega_bots wins
  P1 Trick  7: omega_bots leads KH, aegis plays 6H -> omega_bots wins
  P1 Trick  8: omega_bots leads 2S, aegis plays 5S -> aegis wins
  P1 Trick  9: aegis leads 4S, omega_bots plays 6S -> omega_bots wins
  P1 Trick 10: omega_bots leads QH, aegis plays 9H -> omega_bots wins
  P1 Trick 11: omega_bots leads 2H, aegis plays JH -> aegis wins
  P1 Trick 12: aegis leads AC, omega_bots plays 7C -> aegis wins
  P1 Trick 13: aegis leads 2D, omega_bots plays 6D -> omega_bots wins

--- Phase 2 (Scoring) ---
  P2 Trick  1: omega_bots leads 7H, aegis plays 4C -> aegis wins
  P2 Trick  2: aegis leads AS, omega_bots plays 7S -> aegis wins
  P2 Trick  3: aegis leads KS, omega_bots plays 9S -> aegis wins
  P2 Trick  4: aegis leads QS, omega_bots plays JC -> omega_bots wins
  P2 Trick  5: omega_bots leads 7D, aegis plays 9D -> aegis wins
  P2 Trick  6: aegis leads JS, omega_bots plays KC -> omega_bots wins
  P2 Trick  7: omega_bots leads 8H, aegis plays 8C -> aegis wins
  P2 Trick  8: aegis leads 5D, omega_bots plays 10D -> omega_bots wins
  P2 Trick  9: omega_bots leads QD, aegis plays 3D -> omega_bots wins
  P2 Trick 10: omega_bots leads 10H, aegis plays 9C -> aegis wins
  P2 Trick 11: aegis leads 10S, omega_bots plays JD -> aegis wins
  P2 Trick 12: aegis leads 10C, omega_bots plays KD -> aegis wins
  P2 Trick 13: aegis leads QC, omega_bots plays AD -> aegis wins
  Result: omega_bots 4 - 9 aegis
  Winner: aegis

============================================================
Game 17
============================================================
Players: aegis vs omega_bots
Trump suit: S
Face-up card: QS
aegis hand: 8C 9C 2D 7D 10D 2H 10H JH KH 4S 5S 9S AS
omega_bots hand: 5C JC KC 4D 8D JD QD KD 4H 5H QH 8S KS
  P1 Trick  1: aegis leads AS, omega_bots plays 8S -> aegis wins
  P1 Trick  2: aegis leads 2H, omega_bots plays 4H -> omega_bots wins
  P1 Trick  3: omega_bots leads KD, aegis plays 2D -> omega_bots wins
  P1 Trick  4: omega_bots leads 3H, aegis plays 10H -> aegis wins
  P1 Trick  5: aegis leads KH, omega_bots plays 5H -> aegis wins
  P1 Trick  6: aegis leads QS, omega_bots plays KS -> omega_bots wins
  P1 Trick  7: omega_bots leads 3S, aegis plays 2S -> omega_bots wins
  P1 Trick  8: omega_bots leads 4D, aegis plays 7D -> aegis wins
  P1 Trick  9: aegis leads 4C, omega_bots plays 5C -> omega_bots wins
  P1 Trick 10: omega_bots leads 5D, aegis plays 6D -> aegis wins
  P1 Trick 11: aegis leads 6C, omega_bots plays JC -> omega_bots wins
  P1 Trick 12: omega_bots leads 3D, aegis plays 10D -> aegis wins
  P1 Trick 13: aegis leads 7C, omega_bots plays 2C -> aegis wins

--- Phase 2 (Scoring) ---
  P2 Trick  1: aegis leads AC, omega_bots plays QC -> aegis wins
  P2 Trick  2: aegis leads 10C, omega_bots plays KC -> omega_bots wins
  P2 Trick  3: omega_bots leads 6H, aegis plays 8H -> aegis wins
  P2 Trick  4: aegis leads 9C, omega_bots plays 7S -> omega_bots wins
  P2 Trick  5: omega_bots leads 7H, aegis plays JH -> aegis wins
  P2 Trick  6: aegis leads 8C, omega_bots plays 10S -> omega_bots wins
  P2 Trick  7: omega_bots leads 8D, aegis plays AD -> aegis wins
  P2 Trick  8: aegis leads 3C, omega_bots plays 9H -> aegis wins
  P2 Trick  9: aegis leads 4S, omega_bots plays 9D -> aegis wins
  P2 Trick 10: aegis leads 5S, omega_bots plays JD -> aegis wins
  P2 Trick 11: aegis leads 6S, omega_bots plays QD -> aegis wins
  P2 Trick 12: aegis leads 9S, omega_bots plays QH -> aegis wins
  P2 Trick 13: aegis leads JS, omega_bots plays AH -> aegis wins
  Result: aegis 10 - 3 omega_bots
  Winner: aegis

============================================================
Game 18
============================================================
Players: omega_bots vs aegis
Trump suit: S
Face-up card: QS
omega_bots hand: 2C JC 2D 5D 7D 9D JD QD 9H 5S 6S 8S KS
aegis hand: 5C 8C QC 4D 2H 4H 5H 8H 10H 3S 4S 9S 10S
  P1 Trick  1: omega_bots leads QD, aegis plays 4D -> omega_bots wins
  P1 Trick  2: omega_bots leads JD, aegis plays AD -> aegis wins
  P1 Trick  3: aegis leads 2H, omega_bots plays 7H -> omega_bots wins
  P1 Trick  4: omega_bots leads JC, aegis plays QC -> aegis wins
  P1 Trick  5: aegis leads 3H, omega_bots plays 9H -> omega_bots wins
  P1 Trick  6: omega_bots leads 10C, aegis plays 5C -> omega_bots wins
  P1 Trick  7: omega_bots leads 2C, aegis plays 8C -> aegis wins
  P1 Trick  8: aegis leads 4H, omega_bots plays QH -> omega_bots wins
  P1 Trick  9: omega_bots leads 2D, aegis plays 10D -> aegis wins
  P1 Trick 10: aegis leads 4C, omega_bots plays 3C -> aegis wins
  P1 Trick 11: aegis leads JS, omega_bots plays QS -> omega_bots wins
  P1 Trick 12: omega_bots leads 3D, aegis plays 5H -> omega_bots wins
  P1 Trick 13: omega_bots leads AC, aegis plays 6C -> omega_bots wins

--- Phase 2 (Scoring) ---
  P2 Trick  1: omega_bots leads 5D, aegis plays 2S -> aegis wins
  P2 Trick  2: aegis leads KH, omega_bots plays AH -> omega_bots wins
  P2 Trick  3: omega_bots leads 6D, aegis plays 3S -> aegis wins
  P2 Trick  4: aegis leads JH, omega_bots plays 5S -> omega_bots wins
  P2 Trick  5: omega_bots leads 7D, aegis plays 4S -> aegis wins
  P2 Trick  6: aegis leads 10H, omega_bots plays 6S -> omega_bots wins
  P2 Trick  7: omega_bots leads 8D, aegis plays 7S -> aegis wins
  P2 Trick  8: aegis leads 9C, omega_bots plays KC -> omega_bots wins
  P2 Trick  9: omega_bots leads KS, aegis plays 9S -> omega_bots wins
  P2 Trick 10: omega_bots leads 8S, aegis plays 10S -> aegis wins
  P2 Trick 11: aegis leads 8H, omega_bots plays AS -> omega_bots wins
  P2 Trick 12: omega_bots leads 9D, aegis plays 6H -> omega_bots wins
  P2 Trick 13: omega_bots leads KD, aegis plays 7C -> omega_bots wins
  Result: omega_bots 8 - 5 aegis
  Winner: omega_bots

============================================================
Game 19
============================================================
Players: aegis vs omega_bots
Trump suit: D
Face-up card: 10D
aegis hand: 2C 8C 9C JC JD QD 4H QH AH 2S 9S QS KS
omega_bots hand: 5C 7C QC 9D AD 2H 3H 10H JH 3S 4S 6S 8S
  P1 Trick  1: aegis leads AH, omega_bots plays 2H -> aegis wins
  P1 Trick  2: aegis leads QD, omega_bots plays AD -> omega_bots wins
  P1 Trick  3: omega_bots leads 3S, aegis plays 2S -> omega_bots wins
  P1 Trick  4: omega_bots leads 3H, aegis plays 4H -> aegis wins
  P1 Trick  5: aegis leads 2C, omega_bots plays 5C -> omega_bots wins
  P1 Trick  6: omega_bots leads 4S, aegis plays 9S -> aegis wins
  P1 Trick  7: aegis leads AC, omega_bots plays 7C -> aegis wins
  P1 Trick  8: aegis leads 3C, omega_bots plays 10C -> omega_bots wins
  P1 Trick  9: omega_bots leads 5H, aegis plays 7H -> aegis wins
  P1 Trick 10: aegis leads 4C, omega_bots plays QC -> omega_bots wins
  P1 Trick 11: omega_bots leads AS, aegis plays QS -> omega_bots wins
  P1 Trick 12: omega_bots leads KC, aegis plays 8C -> omega_bots wins
  P1 Trick 13: omega_bots leads 2D, aegis plays 3D -> aegis wins

--- Phase 2 (Scoring) ---
  P2 Trick  1: aegis leads QH, omega_bots plays KH -> omega_bots wins
  P2 Trick  2: omega_bots leads 5S, aegis plays JS -> aegis wins
  P2 Trick  3: aegis leads JC, omega_bots plays 6C -> aegis wins
  P2 Trick  4: aegis leads 9H, omega_bots plays 10H -> omega_bots wins
  P2 Trick  5: omega_bots leads 6S, aegis plays KS -> aegis wins
  P2 Trick  6: aegis leads 9C, omega_bots plays 5D -> omega_bots wins
  P2 Trick  7: omega_bots leads 7S, aegis plays 4D -> aegis wins
  P2 Trick  8: aegis leads 6H, omega_bots plays 8H -> omega_bots wins
  P2 Trick  9: omega_bots leads JH, aegis plays 6D -> aegis wins
  P2 Trick 10: aegis leads 8D, omega_bots plays 9D -> omega_bots wins
  P2 Trick 11: omega_bots leads 8S, aegis plays 10D -> aegis wins
  P2 Trick 12: aegis leads JD, omega_bots plays 7D -> aegis wins
  P2 Trick 13: aegis leads KD, omega_bots plays 10S -> aegis wins
  Result: aegis 8 - 5 omega_bots
  Winner: aegis

============================================================
Game 20
============================================================
Players: omega_bots vs aegis
Trump suit: D
Face-up card: 2D
omega_bots hand: 5C 6C AC 6D AD 3H 5H KH 4S 5S 8S QS AS
aegis hand: 2C 3C 8C 9C 10C 3D 7D QD QH 3S 6S 9S 10S
  P1 Trick  1: omega_bots leads AS, aegis plays 3S -> omega_bots wins
  P1 Trick  2: omega_bots leads 2D, aegis plays 3D -> aegis wins
  P1 Trick  3: aegis leads QD, omega_bots plays AD -> omega_bots wins
  P1 Trick  4: omega_bots leads 2H, aegis plays 6H -> aegis wins
  P1 Trick  5: aegis leads QH, omega_bots plays KH -> omega_bots wins
  P1 Trick  6: omega_bots leads AC, aegis plays 2C -> omega_bots wins
  P1 Trick  7: omega_bots leads KS, aegis plays 2S -> omega_bots wins
  P1 Trick  8: omega_bots leads 3H, aegis plays 7H -> aegis wins
  P1 Trick  9: aegis leads 3C, omega_bots plays 5C -> omega_bots wins
  P1 Trick 10: omega_bots leads 4S, aegis plays 6S -> aegis wins
  P1 Trick 11: aegis leads 7S, omega_bots plays 5S -> aegis wins
  P1 Trick 12: aegis leads 7D, omega_bots plays 9D -> omega_bots wins
  P1 Trick 13: omega_bots leads KC, aegis plays 7C -> omega_bots wins

--- Phase 2 (Scoring) ---
  P2 Trick  1: omega_bots leads 4C, aegis plays 8C -> aegis wins
  P2 Trick  2: aegis leads JH, omega_bots plays AH -> omega_bots wins
  P2 Trick  3: omega_bots leads 5H, aegis plays 9H -> aegis wins
  P2 Trick  4: aegis leads JC, omega_bots plays QC -> omega_bots wins
  P2 Trick  5: omega_bots leads 6C, aegis plays 9C -> aegis wins
  P2 Trick  6: aegis leads 10S, omega_bots plays JS -> omega_bots wins
  P2 Trick  7: omega_bots leads 8S, aegis plays 9S -> aegis wins
  P2 Trick  8: aegis leads 10H, omega_bots plays 8H -> aegis wins
  P2 Trick  9: aegis leads 10C, omega_bots plays 4D -> omega_bots wins
  P2 Trick 10: omega_bots leads 6D, aegis plays 8D -> aegis wins
  P2 Trick 11: aegis leads 4H, omega_bots plays JD -> omega_bots wins
  P2 Trick 12: omega_bots leads QS, aegis plays 5D -> aegis wins
  P2 Trick 13: aegis leads 10D, omega_bots plays KD -> omega_bots wins
  Result: omega_bots 6 - 7 aegis
  Winner: aegis

============================================================
Game 21
============================================================
Players: aegis vs omega_bots
Trump suit: C
Face-up card: 2C
aegis hand: 4C 6C 8C QC KC 3D 3H 4H JH QH KH 4S KS
omega_bots hand: 3C 10C JC 2D 7D 8D 9D 10D QD KD 8H 10S AS
  P1 Trick  1: aegis leads KS, omega_bots plays AS -> omega_bots wins
  P1 Trick  2: omega_bots leads 2D, aegis plays 3D -> aegis wins
  P1 Trick  3: aegis leads KH, omega_bots plays 5H -> aegis wins
  P1 Trick  4: aegis leads 3H, omega_bots plays 2H -> aegis wins
  P1 Trick  5: aegis leads 4H, omega_bots plays 8H -> omega_bots wins
  P1 Trick  6: omega_bots leads 2C, aegis plays 4C -> aegis wins
  P1 Trick  7: aegis leads 4S, omega_bots plays 5S -> omega_bots wins
  P1 Trick  8: omega_bots leads 3C, aegis plays 6C -> aegis wins
  P1 Trick  9: aegis leads QH, omega_bots plays 9H -> aegis wins
  P1 Trick 10: aegis leads 6D, omega_bots plays 5D -> aegis wins
  P1 Trick 11: aegis leads JH, omega_bots plays AH -> omega_bots wins
  P1 Trick 12: omega_bots leads 6S, aegis plays 2S -> omega_bots wins
  P1 Trick 13: omega_bots leads 4D, aegis plays JD -> aegis wins

--- Phase 2 (Scoring) ---
  P2 Trick  1: aegis leads JS, omega_bots plays QS -> omega_bots wins
  P2 Trick  2: omega_bots leads AD, aegis plays 5C -> aegis wins
  P2 Trick  3: aegis leads 10H, omega_bots plays 10C -> omega_bots wins
  P2 Trick  4: omega_bots leads KD, aegis plays 7C -> aegis wins
  P2 Trick  5: aegis leads 9S, omega_bots plays 10S -> omega_bots wins
  P2 Trick  6: omega_bots leads QD, aegis plays 8C -> aegis wins
  P2 Trick  7: aegis leads 8S, omega_bots plays 3S -> aegis wins
  P2 Trick  8: aegis leads 7H, omega_bots plays JC -> omega_bots wins
  P2 Trick  9: omega_bots leads 8D, aegis plays 9C -> aegis wins
  P2 Trick 10: aegis leads 7S, omega_bots plays AC -> omega_bots wins
  P2 Trick 11: omega_bots leads 10D, aegis plays QC -> aegis wins
  P2 Trick 12: aegis leads 6H, omega_bots plays 7D -> aegis wins
  P2 Trick 13: aegis leads KC, omega_bots plays 9D -> aegis wins
  Result: aegis 8 - 5 omega_bots
  Winner: aegis

============================================================
Game 22
============================================================
Players: omega_bots vs aegis
Trump suit: D
Face-up card: 10D
omega_bots hand: 2C 3C 5C 7C AC 3D 4D AD 2H AH 2S JS AS
aegis hand: 6C QC QD 4H 6H 9H JH QH KH 6S 7S 8S QS
  P1 Trick  1: omega_bots leads AC, aegis plays 6C -> omega_bots wins
  P1 Trick  2: omega_bots leads 2S, aegis plays 6S -> aegis wins
  P1 Trick  3: aegis leads 4H, omega_bots plays 2H -> aegis wins
  P1 Trick  4: aegis leads 5H, omega_bots plays 7H -> omega_bots wins
  P1 Trick  5: omega_bots leads 2C, aegis plays 10C -> aegis wins
  P1 Trick  6: aegis leads 4S, omega_bots plays 10S -> omega_bots wins
  P1 Trick  7: omega_bots leads 3D, aegis plays 8D -> aegis wins
  P1 Trick  8: aegis leads 3H, omega_bots plays AH -> omega_bots wins
  P1 Trick  9: omega_bots leads AS, aegis plays 5S -> omega_bots wins
  P1 Trick 10: omega_bots leads 3C, aegis plays 4C -> aegis wins
  P1 Trick 11: aegis leads KH, omega_bots plays 4D -> omega_bots wins
  P1 Trick 12: omega_bots leads JS, aegis plays QS -> aegis wins
  P1 Trick 13: aegis leads QD, omega_bots plays KD -> omega_bots wins

--- Phase 2 (Scoring) ---
  P2 Trick  1: omega_bots leads 3S, aegis plays 7S -> aegis wins
  P2 Trick  2: aegis leads QH, omega_bots plays 5D -> omega_bots wins
  P2 Trick  3: omega_bots leads 5C, aegis plays 8C -> aegis wins
  P2 Trick  4: aegis leads JH, omega_bots plays 6D -> omega_bots wins
  P2 Trick  5: omega_bots leads 7C, aegis plays QC -> aegis wins
  P2 Trick  6: aegis leads 10H, omega_bots plays 7D -> omega_bots wins
  P2 Trick  7: omega_bots leads 9C, aegis plays 2D -> aegis wins
  P2 Trick  8: aegis leads 9H, omega_bots plays 9D -> omega_bots wins
  P2 Trick  9: omega_bots leads AD, aegis plays JD -> omega_bots wins
  P2 Trick 10: omega_bots leads 9S, aegis plays KS -> aegis wins
  P2 Trick 11: aegis leads 8H, omega_bots plays 10D -> omega_bots wins
  P2 Trick 12: omega_bots leads JC, aegis plays 6H -> omega_bots wins
  P2 Trick 13: omega_bots leads KC, aegis plays 8S -> omega_bots wins
  Result: omega_bots 8 - 5 aegis
  Winner: omega_bots

============================================================
Game 23
============================================================
Players: aegis vs omega_bots
Trump suit: D
Face-up card: 7D
aegis hand: 2C 4C 5C 7C 9C QC 3H 5H 8H QH 4S 5S 8S
omega_bots hand: JC KC 2D 8D JD QD AD 6H 2S 3S 7S 9S QS
  P1 Trick  1: aegis leads QH, omega_bots plays 6H -> aegis wins
  P1 Trick  2: aegis leads 2C, omega_bots plays 10C -> omega_bots wins
  P1 Trick  3: omega_bots leads KC, aegis plays 3C -> omega_bots wins
  P1 Trick  4: omega_bots leads 2D, aegis plays 7D -> aegis wins
  P1 Trick  5: aegis leads KH, omega_bots plays 2H -> aegis wins
  P1 Trick  6: aegis leads 3H, omega_bots plays 2S -> aegis wins
  P1 Trick  7: aegis leads QC, omega_bots plays AC -> omega_bots wins
  P1 Trick  8: omega_bots leads 3S, aegis plays 4S -> aegis wins
  P1 Trick  9: aegis leads 4C, omega_bots plays JC -> omega_bots wins
  P1 Trick 10: omega_bots leads 4D, aegis plays 5S -> omega_bots wins
  P1 Trick 11: omega_bots leads QS, aegis plays KS -> aegis wins
  P1 Trick 12: aegis leads 5C, omega_bots plays 4H -> aegis wins
  P1 Trick 13: aegis leads 5H, omega_bots plays JH -> omega_bots wins

--- Phase 2 (Scoring) ---
  P2 Trick  1: omega_bots leads 6C, aegis plays 7C -> aegis wins
  P2 Trick  2: aegis leads AH, omega_bots plays 5D -> omega_bots wins
  P2 Trick  3: omega_bots leads 7S, aegis plays 8S -> aegis wins
  P2 Trick  4: aegis leads 10H, omega_bots plays 6D -> omega_bots wins
  P2 Trick  5: omega_bots leads 9S, aegis plays JS -> aegis wins
  P2 Trick  6: aegis leads 9H, omega_bots plays 8D -> omega_bots wins
  P2 Trick  7: omega_bots leads 10S, aegis plays 6S -> omega_bots wins
  P2 Trick  8: omega_bots leads QD, aegis plays 3D -> omega_bots wins
  P2 Trick  9: omega_bots leads JD, aegis plays 10D -> omega_bots wins
  P2 Trick 10: omega_bots leads AS, aegis plays 7H -> omega_bots wins
  P2 Trick 11: omega_bots leads 9D, aegis plays 8H -> omega_bots wins
  P2 Trick 12: omega_bots leads KD, aegis plays 8C -> omega_bots wins
  P2 Trick 13: omega_bots leads AD, aegis plays 9C -> omega_bots wins
  Result: aegis 3 - 10 omega_bots
  Winner: omega_bots

============================================================
Game 24
============================================================
Players: omega_bots vs aegis
Trump suit: S
Face-up card: 4S
omega_bots hand: AC 2D 5D 7D QD 4H 6H KH 2S 3S 6S 8S JS
aegis hand: 4C 5C 7C QC 3D 4D 8D 9D 10D 8H AH QS KS
  P1 Trick  1: omega_bots leads AC, aegis plays 4C -> omega_bots wins
  P1 Trick  2: omega_bots leads 2D, aegis plays 3D -> aegis wins
  P1 Trick  3: aegis leads 4D, omega_bots plays 5D -> omega_bots wins
  P1 Trick  4: omega_bots leads KH, aegis plays AH -> aegis wins
  P1 Trick  5: aegis leads QS, omega_bots plays 2S -> aegis wins
  P1 Trick  6: aegis leads KS, omega_bots plays 3S -> aegis wins
  P1 Trick  7: aegis leads AS, omega_bots plays 4S -> aegis wins
  P1 Trick  8: aegis leads 5C, omega_bots plays KC -> omega_bots wins
  P1 Trick  9: omega_bots leads 4H, aegis plays 8H -> aegis wins
  P1 Trick 10: aegis leads AD, omega_bots plays 7D -> aegis wins
  P1 Trick 11: aegis leads 5H, omega_bots plays 6H -> omega_bots wins
  P1 Trick 12: omega_bots leads 5S, aegis plays 9S -> aegis wins
  P1 Trick 13: aegis leads 3H, omega_bots plays 7H -> omega_bots wins

--- Phase 2 (Scoring) ---
  P2 Trick  1: omega_bots leads 2H, aegis plays JH -> aegis wins
  P2 Trick  2: aegis leads QC, omega_bots plays 3C -> aegis wins
  P2 Trick  3: aegis leads JD, omega_bots plays QD -> omega_bots wins
  P2 Trick  4: omega_bots leads 8C, aegis plays JC -> aegis wins
  P2 Trick  5: aegis leads 10D, omega_bots plays KD -> omega_bots wins
  P2 Trick  6: omega_bots leads 9H, aegis plays QH -> aegis wins
  P2 Trick  7: aegis leads 9D, omega_bots plays 6S -> omega_bots wins
  P2 Trick  8: omega_bots leads 9C, aegis plays 2C -> omega_bots wins
  P2 Trick  9: omega_bots leads 10H, aegis plays 10S -> aegis wins
  P2 Trick 10: aegis leads 8D, omega_bots plays 7S -> omega_bots wins
  P2 Trick 11: omega_bots leads 10C, aegis plays 6C -> omega_bots wins
  P2 Trick 12: omega_bots leads 8S, aegis plays 6D -> omega_bots wins
  P2 Trick 13: omega_bots leads JS, aegis plays 7C -> omega_bots wins
  Result: omega_bots 8 - 5 aegis
  Winner: omega_bots

============================================================
Game 25
============================================================
Players: aegis vs omega_bots
Trump suit: S
Face-up card: 6S
aegis hand: 2C 3C 5C 5D JD 2H 7H 9H JH 5S 8S JS QS
omega_bots hand: 6C QC KC 10D KD AD 3H KH AH 2S 3S 4S 9S
  P1 Trick  1: aegis leads JH, omega_bots plays KH -> omega_bots wins
  P1 Trick  2: omega_bots leads 2S, aegis plays 5S -> aegis wins
  P1 Trick  3: aegis leads 2C, omega_bots plays 6C -> omega_bots wins
  P1 Trick  4: omega_bots leads 3H, aegis plays 2H -> omega_bots wins
  P1 Trick  5: omega_bots leads 3S, aegis plays 8S -> aegis wins
  P1 Trick  6: aegis leads 3C, omega_bots plays 7C -> omega_bots wins
  P1 Trick  7: omega_bots leads 4S, aegis plays JS -> aegis wins
  P1 Trick  8: aegis leads AS, omega_bots plays 6S -> aegis wins
  P1 Trick  9: aegis leads QS, omega_bots plays 9S -> aegis wins
  P1 Trick 10: aegis leads 5C, omega_bots plays 8C -> omega_bots wins
  P1 Trick 11: omega_bots leads AD, aegis plays 5D -> omega_bots wins
  P1 Trick 12: omega_bots leads AH, aegis plays 5H -> omega_bots wins
  P1 Trick 13: omega_bots leads 2D, aegis plays 6D -> aegis wins

--- Phase 2 (Scoring) ---
  P2 Trick  1: aegis leads KS, omega_bots plays 7S -> aegis wins
  P2 Trick  2: aegis leads QH, omega_bots plays 4H -> aegis wins
  P2 Trick  3: aegis leads JC, omega_bots plays QC -> omega_bots wins
  P2 Trick  4: omega_bots leads 3D, aegis plays 7D -> aegis wins
  P2 Trick  5: aegis leads 9H, omega_bots plays 10H -> omega_bots wins
  P2 Trick  6: omega_bots leads 4D, aegis plays 8D -> aegis wins
  P2 Trick  7: aegis leads 10C, omega_bots plays KC -> omega_bots wins
  P2 Trick  8: omega_bots leads QD, aegis plays JD -> omega_bots wins
  P2 Trick  9: omega_bots leads AC, aegis plays 4C -> omega_bots wins
  P2 Trick 10: omega_bots leads 10D, aegis plays 6H -> omega_bots wins
  P2 Trick 11: omega_bots leads 10S, aegis plays 7H -> omega_bots wins
  P2 Trick 12: omega_bots leads 9D, aegis plays 8H -> omega_bots wins
  P2 Trick 13: omega_bots leads KD, aegis plays 9C -> omega_bots wins
  Result: aegis 4 - 9 omega_bots
  Winner: omega_bots

============================================================
Game 26
============================================================
Players: omega_bots vs aegis
Trump suit: C
Face-up card: 5C
omega_bots hand: 7C 9C 10C QC KC 2D AD 9H 10H KH 7S 8S KS
aegis hand: 2C 4C 6C 8C 3D 5D 7D 8D QD KD 6H 2S JS
  P1 Trick  1: omega_bots leads AD, aegis plays 3D -> omega_bots wins
  P1 Trick  2: omega_bots leads 2D, aegis plays 5D -> aegis wins
  P1 Trick  3: aegis leads 2S, omega_bots plays 4S -> omega_bots wins
  P1 Trick  4: omega_bots leads KS, aegis plays JS -> omega_bots wins
  P1 Trick  5: omega_bots leads 5C, aegis plays 2C -> omega_bots wins
  P1 Trick  6: omega_bots leads 5S, aegis plays 10S -> aegis wins
  P1 Trick  7: aegis leads 3H, omega_bots plays 5H -> omega_bots wins
  P1 Trick  8: omega_bots leads 4D, aegis plays 7D -> aegis wins
  P1 Trick  9: aegis leads 3S, omega_bots plays 7S -> omega_bots wins
  P1 Trick 10: omega_bots leads 2H, aegis plays 6H -> aegis wins
  P1 Trick 11: aegis leads 6S, omega_bots plays 8S -> omega_bots wins
  P1 Trick 12: omega_bots leads AS, aegis plays 4C -> aegis wins
  P1 Trick 13: aegis leads AC, omega_bots plays 7C -> aegis wins

--- Phase 2 (Scoring) ---
  P2 Trick  1: aegis leads AH, omega_bots plays 4H -> aegis wins
  P2 Trick  2: aegis leads KD, omega_bots plays 6D -> aegis wins
  P2 Trick  3: aegis leads QH, omega_bots plays KH -> omega_bots wins
  P2 Trick  4: omega_bots leads 9S, aegis plays QS -> aegis wins
  P2 Trick  5: aegis leads QD, omega_bots plays 9D -> aegis wins
  P2 Trick  6: aegis leads JH, omega_bots plays 9H -> aegis wins
  P2 Trick  7: aegis leads 10D, omega_bots plays JD -> omega_bots wins
  P2 Trick  8: omega_bots leads QC, aegis plays 6C -> omega_bots wins
  P2 Trick  9: omega_bots leads 9C, aegis plays JC -> aegis wins
  P2 Trick 10: aegis leads 8H, omega_bots plays 10H -> omega_bots wins
  P2 Trick 11: omega_bots leads 10C, aegis plays 8C -> omega_bots wins
  P2 Trick 12: omega_bots leads 3C, aegis plays 7H -> omega_bots wins
  P2 Trick 13: omega_bots leads KC, aegis plays 8D -> omega_bots wins
  Result: omega_bots 7 - 6 aegis
  Winner: omega_bots

============================================================
Game 27
============================================================
Players: aegis vs omega_bots
Trump suit: S
Face-up card: 3S
aegis hand: 5C 8C 10C QC KC 3D JD 7H 10H JH KH QS KS
omega_bots hand: 9C 7D 8D 9D KD 2H 5H 9H 2S 6S 10S JS AS
  P1 Trick  1: aegis leads KH, omega_bots plays 2H -> aegis wins
  P1 Trick  2: aegis leads 3D, omega_bots plays 6D -> omega_bots wins
  P1 Trick  3: omega_bots leads KD, aegis plays JD -> omega_bots wins
  P1 Trick  4: omega_bots leads 2S, aegis plays 3S -> aegis wins
  P1 Trick  5: aegis leads KC, omega_bots plays 9C -> aegis wins
  P1 Trick  6: aegis leads 4C, omega_bots plays 3C -> aegis wins
  P1 Trick  7: aegis leads KS, omega_bots plays AS -> omega_bots wins
  P1 Trick  8: omega_bots leads AH, aegis plays 7H -> omega_bots wins
  P1 Trick  9: omega_bots leads 4D, aegis plays 2C -> omega_bots wins
  P1 Trick 10: omega_bots leads AC, aegis plays 5C -> omega_bots wins
  P1 Trick 11: omega_bots leads 2D, aegis plays 4H -> omega_bots wins
  P1 Trick 12: omega_bots leads 5H, aegis plays 10H -> aegis wins
  P1 Trick 13: aegis leads 6C, omega_bots plays JC -> omega_bots wins

--- Phase 2 (Scoring) ---
  P2 Trick  1: omega_bots leads 3H, aegis plays 6H -> aegis wins
  P2 Trick  2: aegis leads QC, omega_bots plays 6S -> omega_bots wins
  P2 Trick  3: omega_bots leads 5D, aegis plays 10D -> aegis wins
  P2 Trick  4: aegis leads 10C, omega_bots plays 7S -> omega_bots wins
  P2 Trick  5: omega_bots leads 7D, aegis plays 4S -> aegis wins
  P2 Trick  6: aegis leads QH, omega_bots plays 8H -> aegis wins
  P2 Trick  7: aegis leads 8C, omega_bots plays 10S -> omega_bots wins
  P2 Trick  8: omega_bots leads QD, aegis plays 5S -> aegis wins
  P2 Trick  9: aegis leads JH, omega_bots plays 9H -> aegis wins
  P2 Trick 10: aegis leads 7C, omega_bots plays JS -> omega_bots wins
  P2 Trick 11: omega_bots leads AD, aegis plays 8S -> aegis wins
  P2 Trick 12: aegis leads 9S, omega_bots plays 8D -> aegis wins
  P2 Trick 13: aegis leads QS, omega_bots plays 9D -> aegis wins
  Result: aegis 9 - 4 omega_bots
  Winner: aegis

============================================================
Game 28
============================================================
Players: omega_bots vs aegis
Trump suit: C
Face-up card: 9C
omega_bots hand: 5C 7C 8C KC 4D 5D 8D QD 2H 6H 7H 2S 7S
aegis hand: 3C AC 2D 3D 10D AD 5H 10H AH 6S 9S JS KS
  P1 Trick  1: omega_bots leads QD, aegis plays AD -> aegis wins
  P1 Trick  2: aegis leads 2D, omega_bots plays 4D -> omega_bots wins
  P1 Trick  3: omega_bots leads 8D, aegis plays 10D -> aegis wins
  P1 Trick  4: aegis leads 3D, omega_bots plays 5D -> omega_bots wins
  P1 Trick  5: omega_bots leads 2S, aegis plays 6S -> aegis wins
  P1 Trick  6: aegis leads AC, omega_bots plays 5C -> aegis wins
  P1 Trick  7: aegis leads 3S, omega_bots plays 4S -> omega_bots wins
  P1 Trick  8: omega_bots leads 2H, aegis plays 4H -> aegis wins
  P1 Trick  9: aegis leads 10C, omega_bots plays KC -> omega_bots wins
  P1 Trick 10: omega_bots leads 3H, aegis plays 5H -> aegis wins
  P1 Trick 11: aegis leads AH, omega_bots plays 6H -> aegis wins
  P1 Trick 12: aegis leads 6D, omega_bots plays 9D -> omega_bots wins
  P1 Trick 13: omega_bots leads AS, aegis plays 9S -> omega_bots wins

--- Phase 2 (Scoring) ---
  P2 Trick  1: omega_bots leads 5S, aegis plays JS -> aegis wins
  P2 Trick  2: aegis leads JH, omega_bots plays QH -> omega_bots wins
  P2 Trick  3: omega_bots leads 7H, aegis plays 8H -> aegis wins
  P2 Trick  4: aegis leads KD, omega_bots plays 7D -> aegis wins
  P2 Trick  5: aegis leads 10H, omega_bots plays KH -> omega_bots wins
  P2 Trick  6: omega_bots leads 7S, aegis plays KS -> aegis wins
  P2 Trick  7: aegis leads JD, omega_bots plays 4C -> omega_bots wins
  P2 Trick  8: omega_bots leads 6C, aegis plays 9C -> aegis wins
  P2 Trick  9: aegis leads 9H, omega_bots plays 7C -> omega_bots wins
  P2 Trick 10: omega_bots leads 8C, aegis plays JC -> aegis wins
  P2 Trick 11: aegis leads 2C, omega_bots plays 8S -> aegis wins
  P2 Trick 12: aegis leads 3C, omega_bots plays 10S -> aegis wins
  P2 Trick 13: aegis leads QC, omega_bots plays QS -> aegis wins
  Result: omega_bots 4 - 9 aegis
  Winner: aegis

============================================================
Game 29
============================================================
Players: aegis vs omega_bots
Trump suit: C
Face-up card: JC
aegis hand: 2C 7C 3D 5D 7D 3H 6H 10H AH 3S 9S 10S KS
omega_bots hand: 3C 4C 5C QC 9D KD 2H 9H QH 5S 8S JS QS
  P1 Trick  1: aegis leads AH, omega_bots plays 2H -> aegis wins
  P1 Trick  2: aegis leads JC, omega_bots plays QC -> omega_bots wins
  P1 Trick  3: omega_bots leads AS, aegis plays 3S -> omega_bots wins
  P1 Trick  4: omega_bots leads 3C, aegis plays 2C -> omega_bots wins
  P1 Trick  5: omega_bots leads KD, aegis plays 3D -> omega_bots wins
  P1 Trick  6: omega_bots leads 4C, aegis plays 7C -> aegis wins
  P1 Trick  7: aegis leads KS, omega_bots plays 5S -> aegis wins
  P1 Trick  8: aegis leads 2D, omega_bots plays 9D -> omega_bots wins
  P1 Trick  9: omega_bots leads QH, aegis plays KH -> aegis wins
  P1 Trick 10: aegis leads 2S, omega_bots plays 4S -> omega_bots wins
  P1 Trick 11: omega_bots leads QS, aegis plays 9S -> omega_bots wins
  P1 Trick 12: omega_bots leads 5C, aegis plays 6C -> aegis wins
  P1 Trick 13: aegis leads 3H, omega_bots plays 5H -> omega_bots wins

--- Phase 2 (Scoring) ---
  P2 Trick  1: omega_bots leads 6S, aegis plays 10S -> aegis wins
  P2 Trick  2: aegis leads JD, omega_bots plays QD -> omega_bots wins
  P2 Trick  3: omega_bots leads 7S, aegis plays 8C -> aegis wins
  P2 Trick  4: aegis leads 10D, omega_bots plays AD -> omega_bots wins
  P2 Trick  5: omega_bots leads 7H, aegis plays 10H -> aegis wins
  P2 Trick  6: aegis leads 7D, omega_bots plays 8D -> omega_bots wins
  P2 Trick  7: omega_bots leads 8S, aegis plays KC -> aegis wins
  P2 Trick  8: aegis leads JH, omega_bots plays 8H -> aegis wins
  P2 Trick  9: aegis leads 6D, omega_bots plays 9C -> omega_bots wins
  P2 Trick 10: omega_bots leads 9H, aegis plays 4H -> omega_bots wins
  P2 Trick 11: omega_bots leads AC, aegis plays 4D -> omega_bots wins
  P2 Trick 12: omega_bots leads JS, aegis plays 5D -> omega_bots wins
  P2 Trick 13: omega_bots leads 10C, aegis plays 6H -> omega_bots wins
  Result: aegis 5 - 8 omega_bots
  Winner: omega_bots

============================================================
Game 30
============================================================
Players: omega_bots vs aegis
Trump suit: H
Face-up card: QH
omega_bots hand: 4C 9C JC QC 3H 5H 7H AH 3S 5S 6S 9S 10S
aegis hand: KC 2D 3D 10D JD KD AD 2H 10H KH 2S JS QS
  P1 Trick  1: omega_bots leads QC, aegis plays KC -> aegis wins
  P1 Trick  2: aegis leads AD, omega_bots plays 3H -> omega_bots wins
  P1 Trick  3: omega_bots leads QD, aegis plays KD -> aegis wins
  P1 Trick  4: aegis leads QS, omega_bots plays 3S -> aegis wins
  P1 Trick  5: aegis leads 2D, omega_bots plays 4C -> aegis wins
  P1 Trick  6: aegis leads 2S, omega_bots plays 4S -> omega_bots wins
  P1 Trick  7: omega_bots leads 2C, aegis plays 3D -> omega_bots wins
  P1 Trick  8: omega_bots leads 5H, aegis plays 2H -> omega_bots wins
  P1 Trick  9: omega_bots leads KS, aegis plays 8S -> omega_bots wins
  P1 Trick 10: omega_bots leads JC, aegis plays 5C -> omega_bots wins
  P1 Trick 11: omega_bots leads 3C, aegis plays 8C -> aegis wins
  P1 Trick 12: aegis leads 4D, omega_bots plays 6D -> omega_bots wins
  P1 Trick 13: omega_bots leads 5S, aegis plays JS -> aegis wins

--- Phase 2 (Scoring) ---
  P2 Trick  1: aegis leads JD, omega_bots plays 5D -> aegis wins
  P2 Trick  2: aegis leads 10D, omega_bots plays 7D -> aegis wins
  P2 Trick  3: aegis leads AS, omega_bots plays 6S -> aegis wins
  P2 Trick  4: aegis leads 9D, omega_bots plays 7H -> omega_bots wins
  P2 Trick  5: omega_bots leads 6C, aegis plays 7C -> aegis wins
  P2 Trick  6: aegis leads 8D, omega_bots plays 9H -> omega_bots wins
  P2 Trick  7: omega_bots leads 9C, aegis plays 4H -> aegis wins
  P2 Trick  8: aegis leads 7S, omega_bots plays 9S -> omega_bots wins
  P2 Trick  9: omega_bots leads 10S, aegis plays 6H -> aegis wins
  P2 Trick 10: aegis leads 8H, omega_bots plays JH -> omega_bots wins
  P2 Trick 11: omega_bots leads 10C, aegis plays 10H -> aegis wins
  P2 Trick 12: aegis leads QH, omega_bots plays AH -> omega_bots wins
  P2 Trick 13: omega_bots leads AC, aegis plays KH -> aegis wins
  Result: omega_bots 5 - 8 aegis
  Winner: aegis

============================================================
Game 31
============================================================
Players: aegis vs omega_bots
Trump suit: H
Face-up card: KH
aegis hand: 4C 6C JC KC 2D 8D 9D QD 3H 10H 4S 8S QS
omega_bots hand: 8C 9C QC 6D 7D 7H 8H 9H JH AH 3S 9S JS
  P1 Trick  1: aegis leads 10H, omega_bots plays JH -> omega_bots wins
  P1 Trick  2: omega_bots leads 3S, aegis plays 4S -> aegis wins
  P1 Trick  3: aegis leads 3H, omega_bots plays 4H -> omega_bots wins
  P1 Trick  4: omega_bots leads 6D, aegis plays 2D -> omega_bots wins
  P1 Trick  5: omega_bots leads 3D, aegis plays 8D -> aegis wins
  P1 Trick  6: aegis leads 2C, omega_bots plays 8C -> omega_bots wins
  P1 Trick  7: omega_bots leads 5H, aegis plays 4C -> omega_bots wins
  P1 Trick  8: omega_bots leads QC, aegis plays KC -> aegis wins
  P1 Trick  9: aegis leads 5C, omega_bots plays 9C -> omega_bots wins
  P1 Trick 10: omega_bots leads 2S, aegis plays 8S -> aegis wins
  P1 Trick 11: aegis leads AS, omega_bots plays 5S -> aegis wins
  P1 Trick 12: aegis leads 3C, omega_bots plays 4D -> aegis wins
  P1 Trick 13: aegis leads AC, omega_bots plays 6S -> aegis wins

--- Phase 2 (Scoring) ---
  P2 Trick  1: aegis leads AD, omega_bots plays 7D -> aegis wins
  P2 Trick  2: aegis leads KD, omega_bots plays 10D -> aegis wins
  P2 Trick  3: aegis leads JC, omega_bots plays 2H -> omega_bots wins
  P2 Trick  4: omega_bots leads 7S, aegis plays 10S -> aegis wins
  P2 Trick  5: aegis leads QD, omega_bots plays JD -> aegis wins
  P2 Trick  6: aegis leads 10C, omega_bots plays 7H -> omega_bots wins
  P2 Trick  7: omega_bots leads 9S, aegis plays QS -> aegis wins
  P2 Trick  8: aegis leads 9D, omega_bots plays 8H -> omega_bots wins
  P2 Trick  9: omega_bots leads AH, aegis plays 6H -> omega_bots wins
  P2 Trick 10: omega_bots leads 9H, aegis plays 5D -> omega_bots wins
  P2 Trick 11: omega_bots leads JS, aegis plays KS -> aegis wins
  P2 Trick 12: aegis leads 7C, omega_bots plays QH -> omega_bots wins
  P2 Trick 13: omega_bots leads KH, aegis plays 6C -> omega_bots wins
  Result: aegis 6 - 7 omega_bots
  Winner: omega_bots

============================================================
Game 32
============================================================
Players: omega_bots vs aegis
Trump suit: H
Face-up card: 3H
omega_bots hand: QC AC 2D 9D KD AD JH KH 5S 7S 8S 10S KS
aegis hand: 6C 10C 3D 4D 5D 8D 10D JD 4H 9H AH 2S 4S
  P1 Trick  1: omega_bots leads AD, aegis plays 3D -> omega_bots wins
  P1 Trick  2: omega_bots leads 2D, aegis plays 4D -> aegis wins
  P1 Trick  3: aegis leads AH, omega_bots plays 3H -> aegis wins
  P1 Trick  4: aegis leads JD, omega_bots plays 9D -> aegis wins
  P1 Trick  5: aegis leads JC, omega_bots plays QC -> omega_bots wins
  P1 Trick  6: omega_bots leads 3S, aegis plays 2S -> omega_bots wins
  P1 Trick  7: omega_bots leads 5S, aegis plays 4S -> omega_bots wins
  P1 Trick  8: omega_bots leads 5H, aegis plays 2H -> omega_bots wins
  P1 Trick  9: omega_bots leads AC, aegis plays 3C -> omega_bots wins
  P1 Trick 10: omega_bots leads 5C, aegis plays 4C -> omega_bots wins
  P1 Trick 11: omega_bots leads KD, aegis plays 5D -> omega_bots wins
  P1 Trick 12: omega_bots leads 6D, aegis plays 7D -> aegis wins
  P1 Trick 13: aegis leads AS, omega_bots plays 7S -> aegis wins

--- Phase 2 (Scoring) ---
  P2 Trick  1: aegis leads KC, omega_bots plays 7C -> aegis wins
  P2 Trick  2: aegis leads 10C, omega_bots plays 8C -> aegis wins
  P2 Trick  3: aegis leads 9C, omega_bots plays 6H -> omega_bots wins
  P2 Trick  4: omega_bots leads 8S, aegis plays QS -> aegis wins
  P2 Trick  5: aegis leads 10D, omega_bots plays QD -> omega_bots wins
  P2 Trick  6: omega_bots leads KS, aegis plays 6S -> omega_bots wins
  P2 Trick  7: omega_bots leads JS, aegis plays 4H -> aegis wins
  P2 Trick  8: aegis leads 6C, omega_bots plays 7H -> omega_bots wins
  P2 Trick  9: omega_bots leads JH, aegis plays QH -> aegis wins
  P2 Trick 10: aegis leads 8D, omega_bots plays 10H -> omega_bots wins
  P2 Trick 11: omega_bots leads 10S, aegis plays 8H -> aegis wins
  P2 Trick 12: aegis leads 2C, omega_bots plays KH -> omega_bots wins
  P2 Trick 13: omega_bots leads 9S, aegis plays 9H -> aegis wins
  Result: omega_bots 6 - 7 aegis
  Winner: aegis

============================================================
Game 33
============================================================
Players: aegis vs omega_bots
Trump suit: S
Face-up card: KS
aegis hand: 2C 4C 6C KC AC 4D 5D AD 7H 8H 9H KH 8S
omega_bots hand: 5C 7C 9C QC 3D 10D 10H QH 2S 5S 7S JS QS
  P1 Trick  1: aegis leads 8S, omega_bots plays JS -> omega_bots wins
  P1 Trick  2: omega_bots leads QH, aegis plays KH -> aegis wins
  P1 Trick  3: aegis leads 2C, omega_bots plays 5C -> omega_bots wins
  P1 Trick  4: omega_bots leads QC, aegis plays KC -> aegis wins
  P1 Trick  5: aegis leads 4D, omega_bots plays 3D -> aegis wins
  P1 Trick  6: aegis leads 2D, omega_bots plays 10D -> omega_bots wins
  P1 Trick  7: omega_bots leads 2S, aegis plays 3S -> aegis wins
  P1 Trick  8: aegis leads 4C, omega_bots plays 3C -> aegis wins
  P1 Trick  9: aegis leads 4H, omega_bots plays 5H -> omega_bots wins
  P1 Trick 10: omega_bots leads JH, aegis plays 7H -> omega_bots wins
  P1 Trick 11: omega_bots leads JC, aegis plays AC -> aegis wins
  P1 Trick 12: aegis leads 5D, omega_bots plays 7D -> omega_bots wins
  P1 Trick 13: omega_bots leads 2H, aegis plays 8H -> aegis wins

--- Phase 2 (Scoring) ---
  P2 Trick  1: aegis leads AS, omega_bots plays 5S -> aegis wins
  P2 Trick  2: aegis leads AD, omega_bots plays KD -> aegis wins
  P2 Trick  3: aegis leads QD, omega_bots plays 7S -> omega_bots wins
  P2 Trick  4: omega_bots leads 3H, aegis plays 9H -> aegis wins
  P2 Trick  5: aegis leads JD, omega_bots plays 9S -> omega_bots wins
  P2 Trick  6: omega_bots leads 6H, aegis plays AH -> aegis wins
  P2 Trick  7: aegis leads 9D, omega_bots plays 10S -> omega_bots wins
  P2 Trick  8: omega_bots leads 9C, aegis plays 10C -> aegis wins
  P2 Trick  9: aegis leads 8D, omega_bots plays QS -> omega_bots wins
  P2 Trick 10: omega_bots leads 8C, aegis plays 6C -> omega_bots wins
  P2 Trick 11: omega_bots leads 7C, aegis plays 4S -> aegis wins
  P2 Trick 12: aegis leads 6D, omega_bots plays KS -> omega_bots wins
  P2 Trick 13: omega_bots leads 10H, aegis plays 6S -> aegis wins
  Result: aegis 7 - 6 omega_bots
  Winner: aegis

============================================================
Game 34
============================================================
Players: omega_bots vs aegis
Trump suit: S
Face-up card: 4S
omega_bots hand: 4C AC 2D 3D 6D 9D JD 4H 10H 2S 7S QS AS
aegis hand: 7C 8C 10C QC 4D 7D QD 8H 9H QH AH 3S 5S
  P1 Trick  1: omega_bots leads AC, aegis plays 7C -> omega_bots wins
  P1 Trick  2: omega_bots leads 2S, aegis plays 3S -> aegis wins
  P1 Trick  3: aegis leads 5S, omega_bots plays 7S -> omega_bots wins
  P1 Trick  4: omega_bots leads KC, aegis plays 6C -> omega_bots wins
  P1 Trick  5: omega_bots leads JD, aegis plays QD -> aegis wins
  P1 Trick  6: aegis leads 2H, omega_bots plays 4H -> omega_bots wins
  P1 Trick  7: omega_bots leads 2D, aegis plays 4D -> aegis wins
  P1 Trick  8: aegis leads AH, omega_bots plays 10H -> aegis wins
  P1 Trick  9: aegis leads 2C, omega_bots plays 3C -> omega_bots wins
  P1 Trick 10: omega_bots leads 9D, aegis plays 5D -> omega_bots wins
  P1 Trick 11: omega_bots leads 3D, aegis plays 7D -> aegis wins
  P1 Trick 12: aegis leads KH, omega_bots plays 5H -> aegis wins
  P1 Trick 13: aegis leads KD, omega_bots plays 6D -> aegis wins

--- Phase 2 (Scoring) ---
  P2 Trick  1: aegis leads QH, omega_bots plays 6H -> aegis wins
  P2 Trick  2: aegis leads QC, omega_bots plays 4C -> aegis wins
  P2 Trick  3: aegis leads JH, omega_bots plays 7H -> aegis wins
  P2 Trick  4: aegis leads JC, omega_bots plays 5C -> aegis wins
  P2 Trick  5: aegis leads 9H, omega_bots plays 4S -> omega_bots wins
  P2 Trick  6: omega_bots leads 8D, aegis plays 10D -> aegis wins
  P2 Trick  7: aegis leads 10C, omega_bots plays 9C -> aegis wins
  P2 Trick  8: aegis leads 8H, omega_bots plays 8S -> omega_bots wins
  P2 Trick  9: omega_bots leads KS, aegis plays 6S -> omega_bots wins
  P2 Trick 10: omega_bots leads AD, aegis plays 10S -> aegis wins
  P2 Trick 11: aegis leads 8C, omega_bots plays 9S -> omega_bots wins
  P2 Trick 12: omega_bots leads QS, aegis plays JS -> omega_bots wins
  P2 Trick 13: omega_bots leads AS, aegis plays 3H -> omega_bots wins
  Result: omega_bots 6 - 7 aegis
  Winner: aegis

============================================================
Game 35
============================================================
Players: aegis vs omega_bots
Trump suit: C
Face-up card: 10C
aegis hand: AC 3D 9D KD 3H 9H 10H JH AH 2S 8S QS KS
omega_bots hand: 3C 9C 4D QD AD 4H 6H 8H QH 3S 5S 9S 10S
  P1 Trick  1: aegis leads AC, omega_bots plays 3C -> aegis wins
  P1 Trick  2: aegis leads AH, omega_bots plays 4H -> aegis wins
  P1 Trick  3: aegis leads 2S, omega_bots plays 3S -> omega_bots wins
  P1 Trick  4: omega_bots leads AD, aegis plays 2D -> omega_bots wins
  P1 Trick  5: omega_bots leads QD, aegis plays KD -> aegis wins
  P1 Trick  6: aegis leads JC, omega_bots plays KC -> omega_bots wins
  P1 Trick  7: omega_bots leads KH, aegis plays 3H -> omega_bots wins
  P1 Trick  8: omega_bots leads 4D, aegis plays 3D -> omega_bots wins
  P1 Trick  9: omega_bots leads QH, aegis plays 9H -> omega_bots wins
  P1 Trick 10: omega_bots leads 4S, aegis plays 8S -> aegis wins
  P1 Trick 11: aegis leads KS, omega_bots plays AS -> omega_bots wins
  P1 Trick 12: omega_bots leads 2H, aegis plays 5H -> aegis wins
  P1 Trick 13: aegis leads 5D, omega_bots plays 6D -> omega_bots wins

--- Phase 2 (Scoring) ---
  P2 Trick  1: omega_bots leads 5S, aegis plays JS -> aegis wins
  P2 Trick  2: aegis leads JD, omega_bots plays 10D -> aegis wins
  P2 Trick  3: aegis leads JH, omega_bots plays 6H -> aegis wins
  P2 Trick  4: aegis leads 9D, omega_bots plays 2C -> omega_bots wins
  P2 Trick  5: omega_bots leads 6S, aegis plays QS -> aegis wins
  P2 Trick  6: aegis leads 10H, omega_bots plays 8H -> aegis wins
  P2 Trick  7: aegis leads 8D, omega_bots plays 5C -> omega_bots wins
  P2 Trick  8: omega_bots leads 7S, aegis plays 4C -> aegis wins
  P2 Trick  9: aegis leads 7D, omega_bots plays 7C -> omega_bots wins
  P2 Trick 10: omega_bots leads 10S, aegis plays 6C -> aegis wins
  P2 Trick 11: aegis leads 7H, omega_bots plays 9C -> omega_bots wins
  P2 Trick 12: omega_bots leads 9S, aegis plays 8C -> aegis wins
  P2 Trick 13: aegis leads 10C, omega_bots plays QC -> omega_bots wins
  Result: aegis 8 - 5 omega_bots
  Winner: aegis

============================================================
Game 36
============================================================
Players: omega_bots vs aegis
Trump suit: D
Face-up card: 7D
omega_bots hand: 2C 6C 10C 2D 9D 10D 5H 10H QH KH 10S JS AS
aegis hand: 5C 7C 8C QC AC 8D KD AD 7H JH AH 3S 8S
  P1 Trick  1: omega_bots leads AS, aegis plays 3S -> omega_bots wins
  P1 Trick  2: omega_bots leads 2D, aegis plays 8D -> aegis wins
  P1 Trick  3: aegis leads 5C, omega_bots plays 2C -> aegis wins
  P1 Trick  4: aegis leads 4H, omega_bots plays 5H -> omega_bots wins
  P1 Trick  5: omega_bots leads 3C, aegis plays 7C -> aegis wins
  P1 Trick  6: aegis leads KD, omega_bots plays 6D -> aegis wins
  P1 Trick  7: aegis leads AD, omega_bots plays 7D -> aegis wins
  P1 Trick  8: aegis leads 7H, omega_bots plays 6H -> aegis wins
  P1 Trick  9: aegis leads 2H, omega_bots plays 10H -> omega_bots wins
  P1 Trick 10: omega_bots leads 2S, aegis plays 8S -> aegis wins
  P1 Trick 11: aegis leads QD, omega_bots plays 4D -> aegis wins
  P1 Trick 12: aegis leads 8C, omega_bots plays 4C -> aegis wins
  P1 Trick 13: aegis leads AC, omega_bots plays 6C -> aegis wins

--- Phase 2 (Scoring) ---
  P2 Trick  1: aegis leads JD, omega_bots plays 3D -> aegis wins
  P2 Trick  2: aegis leads AH, omega_bots plays 3H -> aegis wins
  P2 Trick  3: aegis leads KC, omega_bots plays 10C -> aegis wins
  P2 Trick  4: aegis leads KS, omega_bots plays 4S -> aegis wins
  P2 Trick  5: aegis leads QC, omega_bots plays 9D -> omega_bots wins
  P2 Trick  6: omega_bots leads 5S, aegis plays 9S -> aegis wins
  P2 Trick  7: aegis leads JH, omega_bots plays QH -> omega_bots wins
  P2 Trick  8: omega_bots leads 10S, aegis plays QS -> aegis wins
  P2 Trick  9: aegis leads JC, omega_bots plays 10D -> omega_bots wins
  P2 Trick 10: omega_bots leads 6S, aegis plays 5D -> aegis wins
  P2 Trick 11: aegis leads 9H, omega_bots plays KH -> omega_bots wins
  P2 Trick 12: omega_bots leads 7S, aegis plays 8H -> omega_bots wins
  P2 Trick 13: omega_bots leads JS, aegis plays 9C -> omega_bots wins
  Result: omega_bots 6 - 7 aegis
  Winner: aegis

============================================================
Game 37
============================================================
Players: aegis vs omega_bots
Trump suit: S
Face-up card: AS
aegis hand: JC 4D 7D QD KD 4H 5H 6H 8H 9H 10H JH QH
omega_bots hand: 4C 5C 6C 7C KC 2D 10D AD AH 2S 7S 9S 10S
  P1 Trick  1: aegis leads KD, omega_bots plays AD -> omega_bots wins
  P1 Trick  2: omega_bots leads AH, aegis plays 4H -> omega_bots wins
  P1 Trick  3: omega_bots leads 2D, aegis plays 4D -> aegis wins
  P1 Trick  4: aegis leads QD, omega_bots plays 10D -> aegis wins
  P1 Trick  5: aegis leads 3C, omega_bots plays 2C -> aegis wins
  P1 Trick  6: aegis leads AC, omega_bots plays 4C -> aegis wins
  P1 Trick  7: aegis leads 5H, omega_bots plays 5C -> aegis wins
  P1 Trick  8: aegis leads KH, omega_bots plays 2S -> omega_bots wins
  P1 Trick  9: omega_bots leads 3S, aegis plays 3D -> omega_bots wins
  P1 Trick 10: omega_bots leads 2H, aegis plays 3H -> aegis wins
  P1 Trick 11: aegis leads QH, omega_bots plays 4S -> omega_bots wins
  P1 Trick 12: omega_bots leads 5S, aegis plays 6S -> aegis wins
  P1 Trick 13: aegis leads 6H, omega_bots plays 5D -> aegis wins

--- Phase 2 (Scoring) ---
  P2 Trick  1: aegis leads JH, omega_bots plays 7S -> omega_bots wins
  P2 Trick  2: omega_bots leads 6C, aegis plays 8C -> aegis wins
  P2 Trick  3: aegis leads 10H, omega_bots plays 8S -> omega_bots wins
  P2 Trick  4: omega_bots leads 6D, aegis plays 7D -> aegis wins
  P2 Trick  5: aegis leads JC, omega_bots plays QC -> omega_bots wins
  P2 Trick  6: omega_bots leads 7C, aegis plays 9C -> aegis wins
  P2 Trick  7: aegis leads 9H, omega_bots plays 9S -> omega_bots wins
  P2 Trick  8: omega_bots leads 10S, aegis plays KS -> aegis wins
  P2 Trick  9: aegis leads JD, omega_bots plays 9D -> aegis wins
  P2 Trick 10: aegis leads 8H, omega_bots plays JS -> omega_bots wins
  P2 Trick 11: omega_bots leads KC, aegis plays 10C -> omega_bots wins
  P2 Trick 12: omega_bots leads QS, aegis plays 7H -> omega_bots wins
  P2 Trick 13: omega_bots leads AS, aegis plays 8D -> omega_bots wins
  Result: aegis 5 - 8 omega_bots
  Winner: omega_bots

============================================================
Game 38
============================================================
Players: omega_bots vs aegis
Trump suit: D
Face-up card: 9D
omega_bots hand: 2C 8C QC 3D JD 2H 4H 6H 10H AH 10S QS AS
aegis hand: 4C JC 5D AD 3H 7H JH QH 5S 6S 7S 8S KS
  P1 Trick  1: omega_bots leads AS, aegis plays 5S -> omega_bots wins
  P1 Trick  2: omega_bots leads AH, aegis plays 3H -> omega_bots wins
  P1 Trick  3: omega_bots leads 2H, aegis plays 7H -> aegis wins
  P1 Trick  4: aegis leads AD, omega_bots plays 2D -> aegis wins
  P1 Trick  5: aegis leads KD, omega_bots plays 3D -> aegis wins
  P1 Trick  6: aegis leads 4C, omega_bots plays 2C -> aegis wins
  P1 Trick  7: aegis leads 8D, omega_bots plays 9D -> omega_bots wins
  P1 Trick  8: omega_bots leads 3S, aegis plays 2S -> omega_bots wins
  P1 Trick  9: omega_bots leads 4H, aegis plays JH -> aegis wins
  P1 Trick 10: aegis leads 5C, omega_bots plays 8C -> omega_bots wins
  P1 Trick 11: omega_bots leads AC, aegis plays 6C -> omega_bots wins
  P1 Trick 12: omega_bots leads KH, aegis plays 9H -> omega_bots wins
  P1 Trick 13: omega_bots leads 4D, aegis plays 5D -> aegis wins

--- Phase 2 (Scoring) ---
  P2 Trick  1: aegis leads KS, omega_bots plays 9S -> aegis wins
  P2 Trick  2: aegis leads JC, omega_bots plays QC -> omega_bots wins
  P2 Trick  3: omega_bots leads 5H, aegis plays QH -> aegis wins
  P2 Trick  4: aegis leads JS, omega_bots plays QS -> omega_bots wins
  P2 Trick  5: omega_bots leads 6H, aegis plays 7D -> aegis wins
  P2 Trick  6: aegis leads 10C, omega_bots plays KC -> omega_bots wins
  P2 Trick  7: omega_bots leads 8H, aegis plays 3C -> omega_bots wins
  P2 Trick  8: omega_bots leads QD, aegis plays 4S -> omega_bots wins
  P2 Trick  9: omega_bots leads 10S, aegis plays 6S -> omega_bots wins
  P2 Trick 10: omega_bots leads 10D, aegis plays 7S -> omega_bots wins
  P2 Trick 11: omega_bots leads 10H, aegis plays 7C -> omega_bots wins
  P2 Trick 12: omega_bots leads 6D, aegis plays 8S -> omega_bots wins
  P2 Trick 13: omega_bots leads JD, aegis plays 9C -> omega_bots wins
  Result: omega_bots 10 - 3 aegis
  Winner: omega_bots

============================================================
Game 39
============================================================
Players: aegis vs omega_bots
Trump suit: D
Face-up card: 6D
aegis hand: 5C 6C 7C 9C JC JD 5H 7H KH 3S 7S 8S QS
omega_bots hand: 3C 8C QC KC 3D 7D 8D 3H 4H 5S 6S 9S KS
  P1 Trick  1: aegis leads KH, omega_bots plays 3H -> aegis wins
  P1 Trick  2: aegis leads QS, omega_bots plays KS -> omega_bots wins
  P1 Trick  3: omega_bots leads KC, aegis plays 5C -> omega_bots wins
  P1 Trick  4: omega_bots leads 3D, aegis plays 6D -> aegis wins
  P1 Trick  5: aegis leads JD, omega_bots plays AD -> omega_bots wins
  P1 Trick  6: omega_bots leads 3C, aegis plays 6C -> aegis wins
  P1 Trick  7: aegis leads 2S, omega_bots plays 5S -> omega_bots wins
  P1 Trick  8: omega_bots leads QC, aegis plays 4C -> omega_bots wins
  P1 Trick  9: omega_bots leads 4H, aegis plays 5H -> aegis wins
  P1 Trick 10: aegis leads 3S, omega_bots plays 6S -> omega_bots wins
  P1 Trick 11: omega_bots leads 2C, aegis plays 7C -> aegis wins
  P1 Trick 12: aegis leads 4S, omega_bots plays 9S -> omega_bots wins
  P1 Trick 13: omega_bots leads AC, aegis plays 9C -> omega_bots wins

--- Phase 2 (Scoring) ---
  P2 Trick  1: omega_bots leads 2H, aegis plays 7H -> aegis wins
  P2 Trick  2: aegis leads AS, omega_bots plays 10S -> aegis wins
  P2 Trick  3: aegis leads AH, omega_bots plays 6H -> aegis wins
  P2 Trick  4: aegis leads QH, omega_bots plays 8H -> aegis wins
  P2 Trick  5: aegis leads JS, omega_bots plays 4D -> omega_bots wins
  P2 Trick  6: omega_bots leads 8C, aegis plays 10C -> aegis wins
  P2 Trick  7: aegis leads JH, omega_bots plays 9H -> aegis wins
  P2 Trick  8: aegis leads 8S, omega_bots plays 5D -> omega_bots wins
  P2 Trick  9: omega_bots leads QD, aegis plays 2D -> omega_bots wins
  P2 Trick 10: omega_bots leads 7D, aegis plays 10D -> aegis wins
  P2 Trick 11: aegis leads JC, omega_bots plays 8D -> omega_bots wins
  P2 Trick 12: omega_bots leads 9D, aegis plays 7S -> omega_bots wins
  P2 Trick 13: omega_bots leads KD, aegis plays 10H -> omega_bots wins
  Result: aegis 7 - 6 omega_bots
  Winner: aegis

============================================================
Game 40
============================================================
Players: omega_bots vs aegis
Trump suit: D
Face-up card: KD
omega_bots hand: 3C 4C 6C 7C 9C QC 5D 8D 9D 2H KH 5S QS
aegis hand: 2C 8C KC 4D 6D 7D 4H 5H 6H 7H 8H 10H KS
  P1 Trick  1: omega_bots leads KH, aegis plays 4H -> omega_bots wins
  P1 Trick  2: omega_bots leads QS, aegis plays KS -> aegis wins
  P1 Trick  3: aegis leads 2C, omega_bots plays 3C -> omega_bots wins
  P1 Trick  4: omega_bots leads 2H, aegis plays 5H -> aegis wins
  P1 Trick  5: aegis leads 6H, omega_bots plays 3H -> aegis wins
  P1 Trick  6: aegis leads AS, omega_bots plays 4S -> aegis wins
  P1 Trick  7: aegis leads KC, omega_bots plays 4C -> aegis wins
  P1 Trick  8: aegis leads JD, omega_bots plays KD -> omega_bots wins
  P1 Trick  9: omega_bots leads 3D, aegis plays 2D -> omega_bots wins
  P1 Trick 10: omega_bots leads 5D, aegis plays 4D -> omega_bots wins
  P1 Trick 11: omega_bots leads 5S, aegis plays 2S -> omega_bots wins
  P1 Trick 12: omega_bots leads 5C, aegis plays 8C -> aegis wins
  P1 Trick 13: aegis leads AD, omega_bots plays 8D -> aegis wins

--- Phase 2 (Scoring) ---
  P2 Trick  1: aegis leads AH, omega_bots plays 9D -> omega_bots wins
  P2 Trick  2: omega_bots leads 3S, aegis plays 7S -> aegis wins
  P2 Trick  3: aegis leads QH, omega_bots plays QD -> omega_bots wins
  P2 Trick  4: omega_bots leads 6C, aegis plays 10C -> aegis wins
  P2 Trick  5: aegis leads JH, omega_bots plays 6S -> aegis wins
  P2 Trick  6: aegis leads 10H, omega_bots plays 7C -> aegis wins
  P2 Trick  7: aegis leads 9H, omega_bots plays 8S -> aegis wins
  P2 Trick  8: aegis leads 8H, omega_bots plays 9C -> aegis wins
  P2 Trick  9: aegis leads 9S, omega_bots plays 10S -> omega_bots wins
  P2 Trick 10: omega_bots leads AC, aegis plays 6D -> aegis wins
  P2 Trick 11: aegis leads 7H, omega_bots plays JC -> aegis wins
  P2 Trick 12: aegis leads 7D, omega_bots plays JS -> aegis wins
  P2 Trick 13: aegis leads 10D, omega_bots plays QC -> aegis wins
  Result: omega_bots 3 - 10 aegis
  Winner: aegis

============================================================
Game 41
============================================================
Players: aegis vs omega_bots
Trump suit: S
Face-up card: 9S
aegis hand: 3C 4C 7C 9C 10C 2D 3D 6D 8D KD 5H KH 2S
omega_bots hand: 2C QC JD AD 3H 8H QH 3S 5S 7S JS KS AS
  P1 Trick  1: aegis leads KH, omega_bots plays 3H -> aegis wins
  P1 Trick  2: aegis leads 2D, omega_bots plays JD -> omega_bots wins
  P1 Trick  3: omega_bots leads AD, aegis plays 3D -> omega_bots wins
  P1 Trick  4: omega_bots leads 2C, aegis plays 3C -> aegis wins
  P1 Trick  5: aegis leads 2H, omega_bots plays 8H -> omega_bots wins
  P1 Trick  6: omega_bots leads 3S, aegis plays 6S -> aegis wins
  P1 Trick  7: aegis leads KD, omega_bots plays 6H -> aegis wins
  P1 Trick  8: aegis leads 9S, omega_bots plays 10S -> omega_bots wins
  P1 Trick  9: omega_bots leads 4H, aegis plays 5H -> aegis wins
  P1 Trick 10: aegis leads 2S, omega_bots plays 5S -> omega_bots wins
  P1 Trick 11: omega_bots leads 6C, aegis plays 4C -> omega_bots wins
  P1 Trick 12: omega_bots leads 7S, aegis plays 4S -> omega_bots wins
  P1 Trick 13: omega_bots leads AC, aegis plays 5C -> omega_bots wins

--- Phase 2 (Scoring) ---
  P2 Trick  1: omega_bots leads 4D, aegis plays 5D -> aegis wins
  P2 Trick  2: aegis leads KC, omega_bots plays 8C -> aegis wins
  P2 Trick  3: aegis leads QD, omega_bots plays 7D -> aegis wins
  P2 Trick  4: aegis leads JC, omega_bots plays QC -> omega_bots wins
  P2 Trick  5: omega_bots leads 9D, aegis plays 10D -> aegis wins
  P2 Trick  6: aegis leads JH, omega_bots plays QH -> omega_bots wins
  P2 Trick  7: omega_bots leads 10H, aegis plays 7H -> omega_bots wins
  P2 Trick  8: omega_bots leads AH, aegis plays 9H -> omega_bots wins
  P2 Trick  9: omega_bots leads KS, aegis plays 6D -> omega_bots wins
  P2 Trick 10: omega_bots leads JS, aegis plays 7C -> omega_bots wins
  P2 Trick 11: omega_bots leads QS, aegis plays 8D -> omega_bots wins
  P2 Trick 12: omega_bots leads 8S, aegis plays 9C -> omega_bots wins
  P2 Trick 13: omega_bots leads AS, aegis plays 10C -> omega_bots wins
  Result: aegis 4 - 9 omega_bots
  Winner: omega_bots

============================================================
Game 42
============================================================
Players: omega_bots vs aegis
Trump suit: D
Face-up card: 5D
omega_bots hand: 4C 5C 8C JC 8D AD 3H 5H 6H 3S 8S 9S KS
aegis hand: 10C AC 3D 9D JD KD 2H QH KH AH 2S 6S 7S
  P1 Trick  1: omega_bots leads KS, aegis plays 2S -> omega_bots wins
  P1 Trick  2: omega_bots leads 3S, aegis plays 4S -> aegis wins
  P1 Trick  3: aegis leads AH, omega_bots plays 3H -> aegis wins
  P1 Trick  4: aegis leads 2H, omega_bots plays 5H -> omega_bots wins
  P1 Trick  5: omega_bots leads 4C, aegis plays 7C -> aegis wins
  P1 Trick  6: aegis leads 3C, omega_bots plays 5C -> omega_bots wins
  P1 Trick  7: omega_bots leads 4H, aegis plays 10H -> aegis wins
  P1 Trick  8: aegis leads AC, omega_bots plays 8C -> aegis wins
  P1 Trick  9: aegis leads 6S, omega_bots plays 5S -> aegis wins
  P1 Trick 10: aegis leads KH, omega_bots plays 6H -> aegis wins
  P1 Trick 11: aegis leads 2C, omega_bots plays JC -> omega_bots wins
  P1 Trick 12: omega_bots leads 5D, aegis plays 2D -> omega_bots wins
  P1 Trick 13: omega_bots leads AS, aegis plays 7S -> omega_bots wins

--- Phase 2 (Scoring) ---
  P2 Trick  1: omega_bots leads 7H, aegis plays QH -> aegis wins
  P2 Trick  2: aegis leads QC, omega_bots plays KC -> omega_bots wins
  P2 Trick  3: omega_bots leads 8S, aegis plays JS -> aegis wins
  P2 Trick  4: aegis leads 10C, omega_bots plays 6D -> omega_bots wins
  P2 Trick  5: omega_bots leads 8H, aegis plays 3D -> aegis wins
  P2 Trick  6: aegis leads 9C, omega_bots plays 8D -> omega_bots wins
  P2 Trick  7: omega_bots leads 9S, aegis plays QS -> aegis wins
  P2 Trick  8: aegis leads 6C, omega_bots plays 10D -> omega_bots wins
  P2 Trick  9: omega_bots leads QD, aegis plays KD -> aegis wins
  P2 Trick 10: aegis leads 4D, omega_bots plays AD -> omega_bots wins
  P2 Trick 11: omega_bots leads 9H, aegis plays 7D -> aegis wins
  P2 Trick 12: aegis leads 9D, omega_bots plays 10S -> aegis wins
  P2 Trick 13: aegis leads JD, omega_bots plays JH -> aegis wins
  Result: omega_bots 5 - 8 aegis
  Winner: aegis

============================================================
Game 43
============================================================
Players: aegis vs omega_bots
Trump suit: S
Face-up card: KS
aegis hand: 2C 3C 5C 6C 8C JC QC KC 3H 9H QH 6S AS
omega_bots hand: 7C 2D 4D 6D 8D 9D 10D KD 6H 7H KH AH 10S
  P1 Trick  1: aegis leads AS, omega_bots plays 10S -> aegis wins
  P1 Trick  2: aegis leads 2C, omega_bots plays 7C -> omega_bots wins
  P1 Trick  3: omega_bots leads 2D, aegis plays QD -> aegis wins
  P1 Trick  4: aegis leads KS, omega_bots plays 3S -> aegis wins
  P1 Trick  5: aegis leads 3C, omega_bots plays 3D -> aegis wins
  P1 Trick  6: aegis leads 3H, omega_bots plays 6H -> omega_bots wins
  P1 Trick  7: omega_bots leads 2H, aegis plays 4H -> aegis wins
  P1 Trick  8: aegis leads KC, omega_bots plays 4S -> omega_bots wins
  P1 Trick  9: omega_bots leads AH, aegis plays 8H -> omega_bots wins
  P1 Trick 10: omega_bots leads 2S, aegis plays 6S -> aegis wins
  P1 Trick 11: aegis leads AC, omega_bots plays 10C -> aegis wins
  P1 Trick 12: aegis leads 4C, omega_bots plays 4D -> aegis wins
  P1 Trick 13: aegis leads QH, omega_bots plays KH -> omega_bots wins

--- Phase 2 (Scoring) ---
  P2 Trick  1: omega_bots leads 5H, aegis plays 9H -> aegis wins
  P2 Trick  2: aegis leads QC, omega_bots plays 7S -> omega_bots wins
  P2 Trick  3: omega_bots leads 6D, aegis plays 7D -> aegis wins
  P2 Trick  4: aegis leads JC, omega_bots plays 8S -> omega_bots wins
  P2 Trick  5: omega_bots leads 7H, aegis plays 10H -> aegis wins
  P2 Trick  6: aegis leads 9C, omega_bots plays JS -> omega_bots wins
  P2 Trick  7: omega_bots leads 8D, aegis plays JD -> aegis wins
  P2 Trick  8: aegis leads 8C, omega_bots plays QS -> omega_bots wins
  P2 Trick  9: omega_bots leads JH, aegis plays 5S -> aegis wins
  P2 Trick 10: aegis leads 6C, omega_bots plays 9D -> aegis wins
  P2 Trick 11: aegis leads 5C, omega_bots plays 10D -> aegis wins
  P2 Trick 12: aegis leads 5D, omega_bots plays KD -> omega_bots wins
  P2 Trick 13: omega_bots leads AD, aegis plays 9S -> aegis wins
  Result: aegis 8 - 5 omega_bots
  Winner: aegis

============================================================
Game 44
============================================================
Players: omega_bots vs aegis
Trump suit: S
Face-up card: 8S
omega_bots hand: 2C 7C 8C JC 6D QD 2H 4H 7H 5S 7S 10S QS
aegis hand: 5C 10C AC 5D 9D 10D KD 8H 10H KH 6S 9S KS
  P1 Trick  1: omega_bots leads QD, aegis plays KD -> aegis wins
  P1 Trick  2: aegis leads 5D, omega_bots plays 6D -> omega_bots wins
  P1 Trick  3: omega_bots leads JC, aegis plays AC -> aegis wins
  P1 Trick  4: aegis leads AD, omega_bots plays 7D -> aegis wins
  P1 Trick  5: aegis leads 5C, omega_bots plays 2C -> aegis wins
  P1 Trick  6: aegis leads KH, omega_bots plays 2H -> aegis wins
  P1 Trick  7: aegis leads KS, omega_bots plays 5S -> aegis wins
  P1 Trick  8: aegis leads AH, omega_bots plays 3H -> aegis wins
  P1 Trick  9: aegis leads 3C, omega_bots plays 6C -> omega_bots wins
  P1 Trick 10: omega_bots leads 9H, aegis plays 10H -> aegis wins
  P1 Trick 11: aegis leads 8H, omega_bots plays 4H -> aegis wins
  P1 Trick 12: aegis leads JS, omega_bots plays QS -> omega_bots wins
  P1 Trick 13: omega_bots leads 2D, aegis plays 8D -> aegis wins

--- Phase 2 (Scoring) ---
  P2 Trick  1: aegis leads KC, omega_bots plays 4C -> aegis wins
  P2 Trick  2: aegis leads QC, omega_bots plays 7C -> aegis wins
  P2 Trick  3: aegis leads JD, omega_bots plays 3D -> aegis wins
  P2 Trick  4: aegis leads QH, omega_bots plays 5H -> aegis wins
  P2 Trick  5: aegis leads 10D, omega_bots plays 4D -> aegis wins
  P2 Trick  6: aegis leads 10C, omega_bots plays 8C -> aegis wins
  P2 Trick  7: aegis leads JH, omega_bots plays 6H -> aegis wins
  P2 Trick  8: aegis leads 9D, omega_bots plays 3S -> omega_bots wins
  P2 Trick  9: omega_bots leads 10S, aegis plays 2S -> omega_bots wins
  P2 Trick 10: omega_bots leads 4S, aegis plays 6S -> aegis wins
  P2 Trick 11: aegis leads 9C, omega_bots plays 7S -> omega_bots wins
  P2 Trick 12: omega_bots leads AS, aegis plays 8S -> omega_bots wins
  P2 Trick 13: omega_bots leads 7H, aegis plays 9S -> aegis wins
  Result: omega_bots 4 - 9 aegis
  Winner: aegis

============================================================
Game 45
============================================================
Players: aegis vs omega_bots
Trump suit: D
Face-up card: 10D
aegis hand: 3C KC 3D 4D 6D 8D JD 7H 8H 2S 8S 9S 10S
omega_bots hand: 2C 4C 9C 10C JC AD 3H 4H 5H QH 3S 4S AS
  P1 Trick  1: aegis leads KC, omega_bots plays 2C -> aegis wins
  P1 Trick  2: aegis leads 2S, omega_bots plays 3S -> omega_bots wins
  P1 Trick  3: omega_bots leads AS, aegis plays 5S -> omega_bots wins
  P1 Trick  4: omega_bots leads QH, aegis plays 7H -> omega_bots wins
  P1 Trick  5: omega_bots leads QC, aegis plays 3C -> omega_bots wins
  P1 Trick  6: omega_bots leads JC, aegis plays 2D -> aegis wins
  P1 Trick  7: aegis leads JD, omega_bots plays KD -> omega_bots wins
  P1 Trick  8: omega_bots leads 2H, aegis plays 6H -> aegis wins
  P1 Trick  9: aegis leads 5C, omega_bots plays 4C -> aegis wins
  P1 Trick 10: aegis leads 6S, omega_bots plays 4S -> aegis wins
  P1 Trick 11: aegis leads 10D, omega_bots plays QD -> omega_bots wins
  P1 Trick 12: omega_bots leads AH, aegis plays 8H -> omega_bots wins
  P1 Trick 13: omega_bots leads 3H, aegis plays KH -> aegis wins

--- Phase 2 (Scoring) ---
  P2 Trick  1: aegis leads 10S, omega_bots plays JS -> omega_bots wins
  P2 Trick  2: omega_bots leads 4H, aegis plays 9H -> aegis wins
  P2 Trick  3: aegis leads 9S, omega_bots plays QS -> omega_bots wins
  P2 Trick  4: omega_bots leads 5H, aegis plays 3D -> aegis wins
  P2 Trick  5: aegis leads 8S, omega_bots plays KS -> omega_bots wins
  P2 Trick  6: omega_bots leads 6C, aegis plays 7C -> aegis wins
  P2 Trick  7: aegis leads 8C, omega_bots plays 9C -> omega_bots wins
  P2 Trick  8: omega_bots leads JH, aegis plays 4D -> aegis wins
  P2 Trick  9: aegis leads 7S, omega_bots plays 5D -> omega_bots wins
  P2 Trick 10: omega_bots leads AC, aegis plays 6D -> aegis wins
  P2 Trick 11: aegis leads 7D, omega_bots plays AD -> omega_bots wins
  P2 Trick 12: omega_bots leads 10C, aegis plays 8D -> aegis wins
  P2 Trick 13: aegis leads 9D, omega_bots plays 10H -> aegis wins
  Result: aegis 7 - 6 omega_bots
  Winner: aegis

============================================================
Game 46
============================================================
Players: omega_bots vs aegis
Trump suit: C
Face-up card: 4C
omega_bots hand: 5C QC AC 4D 5D 8D 9D JD 9H 3S 4S JS KS
aegis hand: 2C 3C 6C 7C 2D AD 7H 10H 2S 6S 7S 8S QS
  P1 Trick  1: omega_bots leads KS, aegis plays 2S -> omega_bots wins
  P1 Trick  2: omega_bots leads 3S, aegis plays 6S -> aegis wins
  P1 Trick  3: aegis leads 2D, omega_bots plays 4D -> omega_bots wins
  P1 Trick  4: omega_bots leads 3H, aegis plays 7H -> aegis wins
  P1 Trick  5: aegis leads 7C, omega_bots plays 9C -> omega_bots wins
  P1 Trick  6: omega_bots leads 4S, aegis plays 7S -> aegis wins
  P1 Trick  7: aegis leads 4H, omega_bots plays 9H -> omega_bots wins
  P1 Trick  8: omega_bots leads 4C, aegis plays 2C -> omega_bots wins
  P1 Trick  9: omega_bots leads 5D, aegis plays 6D -> aegis wins
  P1 Trick 10: aegis leads 8C, omega_bots plays 10C -> omega_bots wins
  P1 Trick 11: omega_bots leads 3D, aegis plays 10D -> aegis wins
  P1 Trick 12: aegis leads AD, omega_bots plays 7D -> aegis wins
  P1 Trick 13: aegis leads 2H, omega_bots plays 5H -> omega_bots wins

--- Phase 2 (Scoring) ---
  P2 Trick  1: omega_bots leads 5S, aegis plays 8S -> aegis wins
  P2 Trick  2: aegis leads KH, omega_bots plays AH -> omega_bots wins
  P2 Trick  3: omega_bots leads 6H, aegis plays 8H -> aegis wins
  P2 Trick  4: aegis leads QS, omega_bots plays AS -> omega_bots wins
  P2 Trick  5: omega_bots leads 8D, aegis plays 3C -> aegis wins
  P2 Trick  6: aegis leads QH, omega_bots plays 5C -> omega_bots wins
  P2 Trick  7: omega_bots leads 9D, aegis plays 6C -> aegis wins
  P2 Trick  8: aegis leads JH, omega_bots plays QC -> omega_bots wins
  P2 Trick  9: omega_bots leads QD, aegis plays JC -> aegis wins
  P2 Trick 10: aegis leads 10S, omega_bots plays JS -> omega_bots wins
  P2 Trick 11: omega_bots leads AC, aegis plays KC -> omega_bots wins
  P2 Trick 12: omega_bots leads KD, aegis plays 9S -> omega_bots wins
  P2 Trick 13: omega_bots leads JD, aegis plays 10H -> omega_bots wins
  Result: omega_bots 8 - 5 aegis
  Winner: omega_bots

============================================================
Game 47
============================================================
Players: aegis vs omega_bots
Trump suit: H
Face-up card: 7H
aegis hand: 5C 6C QC KC 4D 8D KD 10H 4S 7S 10S QS AS
omega_bots hand: 2C 8C JC AC 7D 9D QD 5H 9H JH 3S 6S 8S
  P1 Trick  1: aegis leads AS, omega_bots plays 3S -> aegis wins
  P1 Trick  2: aegis leads 4S, omega_bots plays 6S -> omega_bots wins
  P1 Trick  3: omega_bots leads AC, aegis plays 5C -> omega_bots wins
  P1 Trick  4: omega_bots leads 2C, aegis plays 6C -> aegis wins
  P1 Trick  5: aegis leads 10H, omega_bots plays JH -> omega_bots wins
  P1 Trick  6: omega_bots leads 5H, aegis plays 7H -> aegis wins
  P1 Trick  7: aegis leads 3D, omega_bots plays 5D -> omega_bots wins
  P1 Trick  8: omega_bots leads 2S, aegis plays 7S -> aegis wins
  P1 Trick  9: aegis leads 3C, omega_bots plays 8C -> omega_bots wins
  P1 Trick 10: omega_bots leads AD, aegis plays 4D -> omega_bots wins
  P1 Trick 11: omega_bots leads 3H, aegis plays 8H -> aegis wins
  P1 Trick 12: aegis leads 2D, omega_bots plays 7D -> omega_bots wins
  P1 Trick 13: omega_bots leads QD, aegis plays KD -> aegis wins

--- Phase 2 (Scoring) ---
  P2 Trick  1: aegis leads KC, omega_bots plays 7C -> aegis wins
  P2 Trick  2: aegis leads KS, omega_bots plays 5S -> aegis wins
  P2 Trick  3: aegis leads QC, omega_bots plays 10C -> aegis wins
  P2 Trick  4: aegis leads QS, omega_bots plays 8S -> aegis wins
  P2 Trick  5: aegis leads JS, omega_bots plays 9S -> aegis wins
  P2 Trick  6: aegis leads 10D, omega_bots plays JD -> omega_bots wins
  P2 Trick  7: omega_bots leads 6D, aegis plays 8D -> aegis wins
  P2 Trick  8: aegis leads 9C, omega_bots plays JC -> omega_bots wins
  P2 Trick  9: omega_bots leads AH, aegis plays 2H -> omega_bots wins
  P2 Trick 10: omega_bots leads 9H, aegis plays QH -> aegis wins
  P2 Trick 11: aegis leads 10S, omega_bots plays 6H -> omega_bots wins
  P2 Trick 12: omega_bots leads 9D, aegis plays 4H -> aegis wins
  P2 Trick 13: aegis leads 4C, omega_bots plays KH -> omega_bots wins
  Result: aegis 8 - 5 omega_bots
  Winner: aegis

============================================================
Game 48
============================================================
Players: omega_bots vs aegis
Trump suit: D
Face-up card: 10D
omega_bots hand: 8C 9C QC 5D 8D AD 5H 8H KH AH 5S 6S 8S
aegis hand: 2C 4C 5C 4D 9D JD KD 3H 6H 10H 9S 10S JS
  P1 Trick  1: omega_bots leads AH, aegis plays 3H -> omega_bots wins
  P1 Trick  2: omega_bots leads 5D, aegis plays 4D -> omega_bots wins
  P1 Trick  3: omega_bots leads 5S, aegis plays 9S -> aegis wins
  P1 Trick  4: aegis leads QS, omega_bots plays 6S -> aegis wins
  P1 Trick  5: aegis leads KD, omega_bots plays AD -> omega_bots wins
  P1 Trick  6: omega_bots leads AC, aegis plays 2C -> omega_bots wins
  P1 Trick  7: omega_bots leads KH, aegis plays 6H -> omega_bots wins
  P1 Trick  8: omega_bots leads 4S, aegis plays 10S -> aegis wins
  P1 Trick  9: aegis leads 3S, omega_bots plays 8S -> omega_bots wins
  P1 Trick 10: omega_bots leads 5H, aegis plays 4H -> omega_bots wins
  P1 Trick 11: omega_bots leads AS, aegis plays JS -> omega_bots wins
  P1 Trick 12: omega_bots leads KS, aegis plays 2S -> omega_bots wins
  P1 Trick 13: omega_bots leads 2D, aegis plays 3D -> aegis wins

--- Phase 2 (Scoring) ---
  P2 Trick  1: aegis leads JC, omega_bots plays QC -> omega_bots wins
  P2 Trick  2: omega_bots leads 6C, aegis plays 7C -> aegis wins
  P2 Trick  3: aegis leads JH, omega_bots plays QH -> omega_bots wins
  P2 Trick  4: omega_bots leads KC, aegis plays 3C -> omega_bots wins
  P2 Trick  5: omega_bots leads 10C, aegis plays 4C -> omega_bots wins
  P2 Trick  6: omega_bots leads 9C, aegis plays 5C -> omega_bots wins
  P2 Trick  7: omega_bots leads 8C, aegis plays 6D -> aegis wins
  P2 Trick  8: aegis leads 10H, omega_bots plays 7H -> aegis wins
  P2 Trick  9: aegis leads 9H, omega_bots plays 8H -> aegis wins
  P2 Trick 10: aegis leads 2H, omega_bots plays 8D -> omega_bots wins
  P2 Trick 11: omega_bots leads 10D, aegis plays JD -> aegis wins
  P2 Trick 12: aegis leads 7D, omega_bots plays QD -> omega_bots wins
  P2 Trick 13: omega_bots leads 7S, aegis plays 9D -> aegis wins
  Result: omega_bots 7 - 6 aegis
  Winner: omega_bots

============================================================
Game 49
============================================================
Players: aegis vs omega_bots
Trump suit: H
Face-up card: KH
aegis hand: 5C 10C JC AC 5D 7D JD 7H 10H 2S 7S 10S JS
omega_bots hand: 2C 8C 9C 4D 6D QD 8H 9H JH AH QS KS AS
  P1 Trick  1: aegis leads 10H, omega_bots plays JH -> omega_bots wins
  P1 Trick  2: omega_bots leads AS, aegis plays 2S -> omega_bots wins
  P1 Trick  3: omega_bots leads 2C, aegis plays 5C -> aegis wins
  P1 Trick  4: aegis leads 2D, omega_bots plays 4D -> omega_bots wins
  P1 Trick  5: omega_bots leads 3C, aegis plays 4C -> aegis wins
  P1 Trick  6: aegis leads 3D, omega_bots plays 6D -> omega_bots wins
  P1 Trick  7: omega_bots leads KS, aegis plays 7S -> omega_bots wins
  P1 Trick  8: omega_bots leads 5H, aegis plays 2H -> omega_bots wins
  P1 Trick  9: omega_bots leads 6S, aegis plays 8S -> aegis wins
  P1 Trick 10: aegis leads AC, omega_bots plays 7C -> aegis wins
  P1 Trick 11: aegis leads KD, omega_bots plays 9D -> aegis wins
  P1 Trick 12: aegis leads 7H, omega_bots plays 8H -> omega_bots wins
  P1 Trick 13: omega_bots leads KC, aegis plays 10C -> omega_bots wins

--- Phase 2 (Scoring) ---
  P2 Trick  1: omega_bots leads 3S, aegis plays 5S -> aegis wins
  P2 Trick  2: aegis leads JD, omega_bots plays QD -> omega_bots wins
  P2 Trick  3: omega_bots leads 4S, aegis plays 9S -> aegis wins
  P2 Trick  4: aegis leads QC, omega_bots plays 8C -> aegis wins
  P2 Trick  5: aegis leads 8D, omega_bots plays 10D -> omega_bots wins
  P2 Trick  6: omega_bots leads 9C, aegis plays JC -> aegis wins
  P2 Trick  7: aegis leads JS, omega_bots plays QS -> omega_bots wins
  P2 Trick  8: omega_bots leads AH, aegis plays 3H -> omega_bots wins
  P2 Trick  9: omega_bots leads KH, aegis plays 4H -> omega_bots wins
  P2 Trick 10: omega_bots leads 9H, aegis plays 5D -> omega_bots wins
  P2 Trick 11: omega_bots leads QH, aegis plays 6C -> omega_bots wins
  P2 Trick 12: omega_bots leads 6H, aegis plays 7D -> omega_bots wins
  P2 Trick 13: omega_bots leads AD, aegis plays 10S -> omega_bots wins
  Result: aegis 4 - 9 omega_bots
  Winner: omega_bots

============================================================
Game 50
============================================================
Players: omega_bots vs aegis
Trump suit: D
Face-up card: JD
omega_bots hand: 3C QC 5D 9D 4H 9H 10H JH QH 2S 3S 7S 10S
aegis hand: 5C JC 3D KD AD 2H 3H 5H 7H 5S 6S 9S KS
  P1 Trick  1: omega_bots leads QH, aegis plays 2H -> omega_bots wins
  P1 Trick  2: omega_bots leads 2S, aegis plays 5S -> aegis wins
  P1 Trick  3: aegis leads 3H, omega_bots plays 4H -> omega_bots wins
  P1 Trick  4: omega_bots leads 3S, aegis plays 6S -> aegis wins
  P1 Trick  5: aegis leads 5H, omega_bots plays 9H -> omega_bots wins
  P1 Trick  6: omega_bots leads 2C, aegis plays 5C -> aegis wins
  P1 Trick  7: aegis leads KD, omega_bots plays 5D -> aegis wins
  P1 Trick  8: aegis leads 4S, omega_bots plays 7S -> omega_bots wins
  P1 Trick  9: omega_bots leads 3C, aegis plays 8C -> aegis wins
  P1 Trick 10: aegis leads AD, omega_bots plays 6D -> aegis wins
  P1 Trick 11: aegis leads 6C, omega_bots plays 7C -> omega_bots wins
  P1 Trick 12: omega_bots leads 2D, aegis plays 3D -> aegis wins
  P1 Trick 13: aegis leads AC, omega_bots plays 4C -> aegis wins

--- Phase 2 (Scoring) ---
  P2 Trick  1: aegis leads AS, omega_bots plays 10S -> aegis wins
  P2 Trick  2: aegis leads KS, omega_bots plays QS -> aegis wins
  P2 Trick  3: aegis leads KH, omega_bots plays AH -> omega_bots wins
  P2 Trick  4: omega_bots leads 9C, aegis plays JC -> aegis wins
  P2 Trick  5: aegis leads JS, omega_bots plays 9D -> omega_bots wins
  P2 Trick  6: omega_bots leads 10H, aegis plays 6H -> omega_bots wins
  P2 Trick  7: omega_bots leads 10C, aegis plays 4D -> aegis wins
  P2 Trick  8: aegis leads 9S, omega_bots plays 10D -> omega_bots wins
  P2 Trick  9: omega_bots leads JH, aegis plays 7H -> omega_bots wins
  P2 Trick 10: omega_bots leads JD, aegis plays 7D -> omega_bots wins
  P2 Trick 11: omega_bots leads QC, aegis plays 8D -> aegis wins
  P2 Trick 12: aegis leads 8S, omega_bots plays QD -> omega_bots wins
  P2 Trick 13: omega_bots leads KC, aegis plays 8H -> omega_bots wins
  Result: omega_bots 8 - 5 aegis
  Winner: omega_bots

============================================================
Game 51
============================================================
Players: aegis vs omega_bots
Trump suit: D
Face-up card: 5D
aegis hand: 3C 8C 3D 8D 10D JD JH AH 4S 6S 7S JS AS
omega_bots hand: 2C 7C 9C QC 2D 4D 7D QD AD 2H 8H 8S 10S
  P1 Trick  1: aegis leads AH, omega_bots plays 2H -> aegis wins
  P1 Trick  2: aegis leads 3C, omega_bots plays 2C -> aegis wins
  P1 Trick  3: aegis leads 4S, omega_bots plays 5S -> omega_bots wins
  P1 Trick  4: omega_bots leads AC, aegis plays 4C -> omega_bots wins
  P1 Trick  5: omega_bots leads 2D, aegis plays 3D -> aegis wins
  P1 Trick  6: aegis leads AS, omega_bots plays 2S -> aegis wins
  P1 Trick  7: aegis leads 5C, omega_bots plays 7C -> omega_bots wins
  P1 Trick  8: omega_bots leads QC, aegis plays 8C -> omega_bots wins
  P1 Trick  9: omega_bots leads 4D, aegis plays 5D -> aegis wins
  P1 Trick 10: aegis leads 5H, omega_bots plays 8H -> omega_bots wins
  P1 Trick 11: omega_bots leads KC, aegis plays 6C -> omega_bots wins
  P1 Trick 12: omega_bots leads QH, aegis plays 3H -> omega_bots wins
  P1 Trick 13: omega_bots leads KH, aegis plays 6H -> omega_bots wins

--- Phase 2 (Scoring) ---
  P2 Trick  1: omega_bots leads 4H, aegis plays 7H -> aegis wins
  P2 Trick  2: aegis leads QS, omega_bots plays KS -> omega_bots wins
  P2 Trick  3: omega_bots leads 8S, aegis plays JS -> aegis wins
  P2 Trick  4: aegis leads 7S, omega_bots plays 9S -> omega_bots wins
  P2 Trick  5: omega_bots leads 9C, aegis plays JC -> aegis wins
  P2 Trick  6: aegis leads JH, omega_bots plays 10H -> aegis wins
  P2 Trick  7: aegis leads 6S, omega_bots plays 10S -> omega_bots wins
  P2 Trick  8: omega_bots leads QD, aegis plays 6D -> omega_bots wins
  P2 Trick  9: omega_bots leads AD, aegis plays 8D -> omega_bots wins
  P2 Trick 10: omega_bots leads 10C, aegis plays 10D -> aegis wins
  P2 Trick 11: aegis leads 9H, omega_bots plays 7D -> omega_bots wins
  P2 Trick 12: omega_bots leads 9D, aegis plays JD -> aegis wins
  P2 Trick 13: aegis leads 3S, omega_bots plays KD -> omega_bots wins
  Result: aegis 6 - 7 omega_bots
  Winner: omega_bots

============================================================
Game 52
============================================================
Players: omega_bots vs aegis
Trump suit: C
Face-up card: 2C
omega_bots hand: 3C 4C 2D 3D 9D QD KD 2H 3H 10H QH AH 9S
aegis hand: 7C JC QC KC AC 7D 10D AD 5H 7H 6S KS AS
  P1 Trick  1: omega_bots leads AH, aegis plays 5H -> omega_bots wins
  P1 Trick  2: omega_bots leads 2H, aegis plays 7H -> aegis wins
  P1 Trick  3: aegis leads JC, omega_bots plays 2C -> aegis wins
  P1 Trick  4: aegis leads QC, omega_bots plays 3C -> aegis wins
  P1 Trick  5: aegis leads 6S, omega_bots plays 4S -> aegis wins
  P1 Trick  6: aegis leads KC, omega_bots plays 4C -> aegis wins
  P1 Trick  7: aegis leads 7D, omega_bots plays 2D -> aegis wins
  P1 Trick  8: aegis leads AC, omega_bots plays 3H -> aegis wins
  P1 Trick  9: aegis leads 7S, omega_bots plays 5S -> aegis wins
  P1 Trick 10: aegis leads 2S, omega_bots plays 8S -> omega_bots wins
  P1 Trick 11: omega_bots leads KD, aegis plays AD -> aegis wins
  P1 Trick 12: aegis leads 3S, omega_bots plays 9S -> omega_bots wins
  P1 Trick 13: omega_bots leads 3D, aegis plays 4D -> aegis wins

--- Phase 2 (Scoring) ---
  P2 Trick  1: aegis leads AS, omega_bots plays 10S -> aegis wins
  P2 Trick  2: aegis leads KS, omega_bots plays 10C -> omega_bots wins
  P2 Trick  3: omega_bots leads 4H, aegis plays 8H -> aegis wins
  P2 Trick  4: aegis leads QS, omega_bots plays 5D -> aegis wins
  P2 Trick  5: aegis leads JD, omega_bots plays QD -> omega_bots wins
  P2 Trick  6: omega_bots leads 6D, aegis plays 10D -> aegis wins
  P2 Trick  7: aegis leads JH, omega_bots plays QH -> omega_bots wins
  P2 Trick  8: omega_bots leads 8D, aegis plays 5C -> aegis wins
  P2 Trick  9: aegis leads JS, omega_bots plays 6H -> aegis wins
  P2 Trick 10: aegis leads 6C, omega_bots plays 9D -> aegis wins
  P2 Trick 11: aegis leads 7C, omega_bots plays 9H -> aegis wins
  P2 Trick 12: aegis leads 8C, omega_bots plays 10H -> aegis wins
  P2 Trick 13: aegis leads 9C, omega_bots plays KH -> aegis wins
  Result: omega_bots 3 - 10 aegis
  Winner: aegis

============================================================
Game 53
============================================================
Players: aegis vs omega_bots
Trump suit: S
Face-up card: 3S
aegis hand: 9C 6D 7D 9D AD 3H 6H 8H 10H KH 5S 9S AS
omega_bots hand: 2C 3C JC 4D 8D 10D 4H 5H AH 4S 6S JS KS
  P1 Trick  1: aegis leads AS, omega_bots plays 4S -> aegis wins
  P1 Trick  2: aegis leads 3H, omega_bots plays 2H -> aegis wins
  P1 Trick  3: aegis leads 4C, omega_bots plays 2C -> aegis wins
  P1 Trick  4: aegis leads 6D, omega_bots plays 2D -> aegis wins
  P1 Trick  5: aegis leads 6H, omega_bots plays 4H -> aegis wins
  P1 Trick  6: aegis leads AD, omega_bots plays 4D -> aegis wins
  P1 Trick  7: aegis leads 7D, omega_bots plays 8D -> omega_bots wins
  P1 Trick  8: omega_bots leads 3C, aegis plays 7C -> aegis wins
  P1 Trick  9: aegis leads 5D, omega_bots plays 10D -> omega_bots wins
  P1 Trick 10: omega_bots leads AH, aegis plays 7H -> omega_bots wins
  P1 Trick 11: omega_bots leads KC, aegis plays 9C -> omega_bots wins
  P1 Trick 12: omega_bots leads QD, aegis plays KD -> aegis wins
  P1 Trick 13: aegis leads 8H, omega_bots plays 5H -> aegis wins

--- Phase 2 (Scoring) ---
  P2 Trick  1: aegis leads KH, omega_bots plays 9H -> aegis wins
  P2 Trick  2: aegis leads QH, omega_bots plays 6S -> omega_bots wins
  P2 Trick  3: omega_bots leads 3D, aegis plays 9D -> aegis wins
  P2 Trick  4: aegis leads JH, omega_bots plays 7S -> omega_bots wins
  P2 Trick  5: omega_bots leads 5C, aegis plays 6C -> aegis wins
  P2 Trick  6: aegis leads JD, omega_bots plays 8S -> omega_bots wins
  P2 Trick  7: omega_bots leads 8C, aegis plays 10C -> aegis wins
  P2 Trick  8: aegis leads 10H, omega_bots plays 10S -> omega_bots wins
  P2 Trick  9: omega_bots leads JC, aegis plays 2S -> aegis wins
  P2 Trick 10: aegis leads 3S, omega_bots plays JS -> omega_bots wins
  P2 Trick 11: omega_bots leads AC, aegis plays 5S -> aegis wins
  P2 Trick 12: aegis leads 9S, omega_bots plays KS -> omega_bots wins
  P2 Trick 13: omega_bots leads QC, aegis plays QS -> aegis wins
  Result: aegis 7 - 6 omega_bots
  Winner: aegis

============================================================
Game 54
============================================================
Players: omega_bots vs aegis
Trump suit: S
Face-up card: 6S
omega_bots hand: 2C 9C 2D AD 4H 6H 7H JH 2S 5S 7S 10S KS
aegis hand: 3C 7C 8C 6D 8D 9D 10D QD KD 2H JS QS AS
  P1 Trick  1: omega_bots leads AD, aegis plays 6D -> omega_bots wins
  P1 Trick  2: omega_bots leads 2C, aegis plays 3C -> aegis wins
  P1 Trick  3: aegis leads AS, omega_bots plays 2S -> aegis wins
  P1 Trick  4: aegis leads 2H, omega_bots plays 4H -> omega_bots wins
  P1 Trick  5: omega_bots leads 2D, aegis plays 4D -> aegis wins
  P1 Trick  6: aegis leads AH, omega_bots plays 6H -> aegis wins
  P1 Trick  7: aegis leads 3H, omega_bots plays 7H -> omega_bots wins
  P1 Trick  8: omega_bots leads 4C, aegis plays 7C -> aegis wins
  P1 Trick  9: aegis leads AC, omega_bots plays 6C -> aegis wins
  P1 Trick 10: aegis leads 5D, omega_bots plays 3D -> aegis wins
  P1 Trick 11: aegis leads 8D, omega_bots plays 7D -> aegis wins
  P1 Trick 12: aegis leads KD, omega_bots plays 3S -> omega_bots wins
  P1 Trick 13: omega_bots leads 5S, aegis plays JS -> aegis wins

--- Phase 2 (Scoring) ---
  P2 Trick  1: aegis leads QD, omega_bots plays 6S -> omega_bots wins
  P2 Trick  2: omega_bots leads 5H, aegis plays 8H -> aegis wins
  P2 Trick  3: aegis leads JC, omega_bots plays QC -> omega_bots wins
  P2 Trick  4: omega_bots leads KH, aegis plays 9H -> omega_bots wins
  P2 Trick  5: omega_bots leads JH, aegis plays QH -> aegis wins
  P2 Trick  6: aegis leads JD, omega_bots plays 7S -> omega_bots wins
  P2 Trick  7: omega_bots leads 10H, aegis plays 4S -> aegis wins
  P2 Trick  8: aegis leads 10C, omega_bots plays KC -> omega_bots wins
  P2 Trick  9: omega_bots leads 10S, aegis plays QS -> aegis wins
  P2 Trick 10: aegis leads 10D, omega_bots plays 8S -> omega_bots wins
  P2 Trick 11: omega_bots leads 9C, aegis plays 5C -> omega_bots wins
  P2 Trick 12: omega_bots leads 9S, aegis plays 8C -> omega_bots wins
  P2 Trick 13: omega_bots leads KS, aegis plays 9D -> omega_bots wins
  Result: omega_bots 9 - 4 aegis
  Winner: omega_bots

============================================================
Game 55
============================================================
Players: aegis vs omega_bots
Trump suit: H
Face-up card: 3H
aegis hand: 7C 9C 5D 6D 8D 10D AD 9H QH 5S JS KS AS
omega_bots hand: 2C 5C KC 3D 7D 9D JD 2H 5H 6H AH 2S 6S
  P1 Trick  1: aegis leads AS, omega_bots plays 2S -> aegis wins
  P1 Trick  2: aegis leads 5D, omega_bots plays 3D -> aegis wins
  P1 Trick  3: aegis leads AD, omega_bots plays 7D -> aegis wins
  P1 Trick  4: aegis leads 4C, omega_bots plays 2C -> aegis wins
  P1 Trick  5: aegis leads KS, omega_bots plays 6S -> aegis wins
  P1 Trick  6: aegis leads QH, omega_bots plays KH -> omega_bots wins
  P1 Trick  7: omega_bots leads 2H, aegis plays 3H -> aegis wins
  P1 Trick  8: aegis leads 9H, omega_bots plays AH -> omega_bots wins
  P1 Trick  9: omega_bots leads 3C, aegis plays 7C -> aegis wins
  P1 Trick 10: aegis leads 2D, omega_bots plays 9D -> omega_bots wins
  P1 Trick 11: omega_bots leads AC, aegis plays 9C -> omega_bots wins
  P1 Trick 12: omega_bots leads 4H, aegis plays 7H -> aegis wins
  P1 Trick 13: aegis leads QS, omega_bots plays 7S -> aegis wins

--- Phase 2 (Scoring) ---
  P2 Trick  1: aegis leads QD, omega_bots plays KD -> omega_bots wins
  P2 Trick  2: omega_bots leads 5C, aegis plays 10C -> aegis wins
  P2 Trick  3: aegis leads JS, omega_bots plays 9S -> aegis wins
  P2 Trick  4: aegis leads 10D, omega_bots plays JD -> omega_bots wins
  P2 Trick  5: omega_bots leads 6C, aegis plays QC -> aegis wins
  P2 Trick  6: aegis leads 8S, omega_bots plays 10S -> omega_bots wins
  P2 Trick  7: omega_bots leads 8C, aegis plays 8H -> aegis wins
  P2 Trick  8: aegis leads 8D, omega_bots plays 5H -> omega_bots wins
  P2 Trick  9: omega_bots leads JC, aegis plays 3S -> omega_bots wins
  P2 Trick 10: omega_bots leads KC, aegis plays 4D -> omega_bots wins
  P2 Trick 11: omega_bots leads 6H, aegis plays 4S -> omega_bots wins
  P2 Trick 12: omega_bots leads 10H, aegis plays 5S -> omega_bots wins
  P2 Trick 13: omega_bots leads JH, aegis plays 6D -> omega_bots wins
  Result: aegis 4 - 9 omega_bots
  Winner: omega_bots

============================================================
Game 56
============================================================
Players: omega_bots vs aegis
Trump suit: D
Face-up card: AD
omega_bots hand: 2C 3C 7C 8C QC AC 9D 5H 8H 2S 3S 5S KS
aegis hand: 4C 6C 9C 10C JC 4D QD KD 3H 9H AH 6S 7S
  P1 Trick  1: omega_bots leads AC, aegis plays 4C -> omega_bots wins
  P1 Trick  2: omega_bots leads KS, aegis plays 6S -> omega_bots wins
  P1 Trick  3: omega_bots leads QC, aegis plays 6C -> omega_bots wins
  P1 Trick  4: omega_bots leads 2C, aegis plays 9C -> aegis wins
  P1 Trick  5: aegis leads AH, omega_bots plays 5H -> aegis wins
  P1 Trick  6: aegis leads JC, omega_bots plays KC -> omega_bots wins
  P1 Trick  7: omega_bots leads 2S, aegis plays 7S -> aegis wins
  P1 Trick  8: aegis leads 2H, omega_bots plays 8H -> omega_bots wins
  P1 Trick  9: omega_bots leads 2D, aegis plays 4D -> aegis wins
  P1 Trick 10: aegis leads 3H, omega_bots plays 10H -> omega_bots wins
  P1 Trick 11: omega_bots leads AS, aegis plays 4S -> omega_bots wins
  P1 Trick 12: omega_bots leads KH, aegis plays 4H -> omega_bots wins
  P1 Trick 13: omega_bots leads QS, aegis plays 8S -> omega_bots wins

--- Phase 2 (Scoring) ---
  P2 Trick  1: omega_bots leads 3C, aegis plays 10C -> aegis wins
  P2 Trick  2: aegis leads QH, omega_bots plays 6H -> aegis wins
  P2 Trick  3: aegis leads JH, omega_bots plays 5D -> omega_bots wins
  P2 Trick  4: omega_bots leads 3S, aegis plays 9S -> aegis wins
  P2 Trick  5: aegis leads JS, omega_bots plays 5S -> aegis wins
  P2 Trick  6: aegis leads 9H, omega_bots plays 6D -> omega_bots wins
  P2 Trick  7: omega_bots leads 5C, aegis plays 3D -> aegis wins
  P2 Trick  8: aegis leads 10S, omega_bots plays 7D -> omega_bots wins
  P2 Trick  9: omega_bots leads AD, aegis plays 8D -> omega_bots wins
  P2 Trick 10: omega_bots leads 8C, aegis plays JD -> aegis wins
  P2 Trick 11: aegis leads QD, omega_bots plays 9D -> aegis wins
  P2 Trick 12: aegis leads KD, omega_bots plays 10D -> aegis wins
  P2 Trick 13: aegis leads 7H, omega_bots plays 7C -> aegis wins
  Result: omega_bots 4 - 9 aegis
  Winner: aegis

============================================================
Game 57
============================================================
Players: aegis vs omega_bots
Trump suit: C
Face-up card: 2C
aegis hand: 8C 9C QC 3D 6D 8D 10D 4H 7H AH 4S JS KS
omega_bots hand: 3C 5C 7C 10C 2D 9D JD QD AD 3H 5H JH 3S
  P1 Trick  1: aegis leads AH, omega_bots plays 3H -> aegis wins
  P1 Trick  2: aegis leads 3D, omega_bots plays 2D -> aegis wins
  P1 Trick  3: aegis leads 4S, omega_bots plays 3S -> aegis wins
  P1 Trick  4: aegis leads 4H, omega_bots plays 5H -> omega_bots wins
  P1 Trick  5: omega_bots leads AD, aegis plays 6D -> omega_bots wins
  P1 Trick  6: omega_bots leads 3C, aegis plays 2C -> omega_bots wins
  P1 Trick  7: omega_bots leads QD, aegis plays KD -> aegis wins
  P1 Trick  8: aegis leads 5S, omega_bots plays 7S -> omega_bots wins
  P1 Trick  9: omega_bots leads QS, aegis plays KS -> aegis wins
  P1 Trick 10: aegis leads 7H, omega_bots plays 2H -> aegis wins
  P1 Trick 11: aegis leads 2S, omega_bots plays 10S -> omega_bots wins
  P1 Trick 12: omega_bots leads JH, aegis plays KH -> aegis wins
  P1 Trick 13: aegis leads 8D, omega_bots plays 4D -> aegis wins

--- Phase 2 (Scoring) ---
  P2 Trick  1: aegis leads AC, omega_bots plays 4C -> aegis wins
  P2 Trick  2: aegis leads AS, omega_bots plays 5C -> omega_bots wins
  P2 Trick  3: omega_bots leads 5D, aegis plays 10D -> aegis wins
  P2 Trick  4: aegis leads JS, omega_bots plays 7C -> omega_bots wins
  P2 Trick  5: omega_bots leads 6H, aegis plays 10H -> aegis wins
  P2 Trick  6: aegis leads 9S, omega_bots plays 10C -> omega_bots wins
  P2 Trick  7: omega_bots leads 7D, aegis plays 6C -> aegis wins
  P2 Trick  8: aegis leads 8S, omega_bots plays JC -> omega_bots wins
  P2 Trick  9: omega_bots leads JD, aegis plays 8C -> aegis wins
  P2 Trick 10: aegis leads QH, omega_bots plays 8H -> aegis wins
  P2 Trick 11: aegis leads 6S, omega_bots plays KC -> omega_bots wins
  P2 Trick 12: omega_bots leads 9D, aegis plays 9C -> aegis wins
  P2 Trick 13: aegis leads QC, omega_bots plays 9H -> aegis wins
  Result: aegis 8 - 5 omega_bots
  Winner: aegis

============================================================
Game 58
============================================================
Players: omega_bots vs aegis
Trump suit: C
Face-up card: QC
omega_bots hand: 2C 8C AC 4D QD 4H KH 3S 5S 8S 10S KS AS
aegis hand: 3C 4C KC 2D 3D 5D 3H 5H 6H 8H 2S 9S JS
  P1 Trick  1: omega_bots leads AS, aegis plays 2S -> omega_bots wins
  P1 Trick  2: omega_bots leads 2C, aegis plays 3C -> aegis wins
  P1 Trick  3: aegis leads QH, omega_bots plays KH -> omega_bots wins
  P1 Trick  4: omega_bots leads KS, aegis plays 9S -> omega_bots wins
  P1 Trick  5: omega_bots leads 3S, aegis plays JS -> aegis wins
  P1 Trick  6: aegis leads 10D, omega_bots plays QD -> omega_bots wins
  P1 Trick  7: omega_bots leads 4D, aegis plays 2D -> omega_bots wins
  P1 Trick  8: omega_bots leads AD, aegis plays 3D -> omega_bots wins
  P1 Trick  9: omega_bots leads 2H, aegis plays 3H -> aegis wins
  P1 Trick 10: aegis leads JD, omega_bots plays 6D -> aegis wins
  P1 Trick 11: aegis leads KC, omega_bots plays AC -> omega_bots wins
  P1 Trick 12: omega_bots leads 4H, aegis plays 5H -> aegis wins
  P1 Trick 13: aegis leads KD, omega_bots plays 8D -> aegis wins

--- Phase 2 (Scoring) ---
  P2 Trick  1: aegis leads JH, omega_bots plays AH -> omega_bots wins
  P2 Trick  2: omega_bots leads 5S, aegis plays 6S -> aegis wins
  P2 Trick  3: aegis leads 10H, omega_bots plays 7H -> aegis wins
  P2 Trick  4: aegis leads 9D, omega_bots plays 6C -> omega_bots wins
  P2 Trick  5: omega_bots leads 7S, aegis plays 4S -> omega_bots wins
  P2 Trick  6: omega_bots leads 8S, aegis plays 4C -> aegis wins
  P2 Trick  7: aegis leads 8H, omega_bots plays 9H -> omega_bots wins
  P2 Trick  8: omega_bots leads QC, aegis plays 5C -> omega_bots wins
  P2 Trick  9: omega_bots leads 10S, aegis plays 7C -> aegis wins
  P2 Trick 10: aegis leads 7D, omega_bots plays 8C -> omega_bots wins
  P2 Trick 11: omega_bots leads 9C, aegis plays 10C -> aegis wins
  P2 Trick 12: aegis leads 6H, omega_bots plays JC -> omega_bots wins
  P2 Trick 13: omega_bots leads QS, aegis plays 5D -> omega_bots wins
  Result: omega_bots 8 - 5 aegis
  Winner: omega_bots

============================================================
Game 59
============================================================
Players: aegis vs omega_bots
Trump suit: S
Face-up card: KS
aegis hand: 6C JC 2D 7D 4H 7H 9H QH KH AH 3S 6S 8S
omega_bots hand: 2C 3C 9C 4D 6D 8D 5H 6H 2S 4S 5S 10S AS
  P1 Trick  1: aegis leads 8S, omega_bots plays 10S -> omega_bots wins
  P1 Trick  2: omega_bots leads 2S, aegis plays 3S -> aegis wins
  P1 Trick  3: aegis leads AH, omega_bots plays 3H -> aegis wins
  P1 Trick  4: aegis leads QS, omega_bots plays KS -> omega_bots wins
  P1 Trick  5: omega_bots leads AC, aegis plays 5C -> omega_bots wins
  P1 Trick  6: omega_bots leads 2C, aegis plays 6C -> aegis wins
  P1 Trick  7: aegis leads 2D, omega_bots plays 4D -> omega_bots wins
  P1 Trick  8: omega_bots leads AD, aegis plays 7D -> omega_bots wins
  P1 Trick  9: omega_bots leads 3C, aegis plays 7C -> aegis wins
  P1 Trick 10: aegis leads KH, omega_bots plays 5H -> aegis wins
  P1 Trick 11: aegis leads QH, omega_bots plays 6H -> aegis wins
  P1 Trick 12: aegis leads 2H, omega_bots plays JH -> omega_bots wins
  P1 Trick 13: omega_bots leads 4S, aegis plays 6S -> aegis wins

--- Phase 2 (Scoring) ---
  P2 Trick  1: aegis leads 10H, omega_bots plays 5S -> omega_bots wins
  P2 Trick  2: omega_bots leads 3D, aegis plays 9D -> aegis wins
  P2 Trick  3: aegis leads 9H, omega_bots plays 7S -> omega_bots wins
  P2 Trick  4: omega_bots leads 4C, aegis plays JC -> aegis wins
  P2 Trick  5: aegis leads QD, omega_bots plays KD -> omega_bots wins
  P2 Trick  6: omega_bots leads 5D, aegis plays 10D -> aegis wins
  P2 Trick  7: aegis leads 8H, omega_bots plays AS -> omega_bots wins
  P2 Trick  8: omega_bots leads 8D, aegis plays JD -> aegis wins
  P2 Trick  9: aegis leads 7H, omega_bots plays 6D -> aegis wins
  P2 Trick 10: aegis leads QC, omega_bots plays KC -> omega_bots wins
  P2 Trick 11: omega_bots leads 8C, aegis plays 9S -> aegis wins
  P2 Trick 12: aegis leads 4H, omega_bots plays 9C -> aegis wins
  P2 Trick 13: aegis leads JS, omega_bots plays 10C -> aegis wins
  Result: aegis 8 - 5 omega_bots
  Winner: aegis

============================================================
Game 60
============================================================
Players: omega_bots vs aegis
Trump suit: D
Face-up card: 8D
omega_bots hand: 2C 4C JC QC 10D AD 5H JH QH 9S 10S JS KS
aegis hand: 7C 8C 9C QD KD 3H 4H 7H KH AH 4S 6S QS
  P1 Trick  1: omega_bots leads KS, aegis plays 4S -> omega_bots wins
  P1 Trick  2: omega_bots leads 2C, aegis plays 7C -> aegis wins
  P1 Trick  3: aegis leads AH, omega_bots plays 5H -> aegis wins
  P1 Trick  4: aegis leads KH, omega_bots plays 2H -> aegis wins
  P1 Trick  5: aegis leads QS, omega_bots plays 9S -> aegis wins
  P1 Trick  6: aegis leads 2S, omega_bots plays 10S -> omega_bots wins
  P1 Trick  7: omega_bots leads 4C, aegis plays 8C -> aegis wins
  P1 Trick  8: aegis leads 9C, omega_bots plays JC -> omega_bots wins
  P1 Trick  9: omega_bots leads AC, aegis plays 2D -> aegis wins
  P1 Trick 10: aegis leads KD, omega_bots plays AD -> omega_bots wins
  P1 Trick 11: omega_bots leads KC, aegis plays 6C -> omega_bots wins
  P1 Trick 12: omega_bots leads QC, aegis plays 3D -> aegis wins
  P1 Trick 13: aegis leads AS, omega_bots plays 5S -> aegis wins

--- Phase 2 (Scoring) ---
  P2 Trick  1: aegis leads 7H, omega_bots plays 8H -> omega_bots wins
  P2 Trick  2: omega_bots leads 5C, aegis plays 10C -> aegis wins
  P2 Trick  3: aegis leads 7S, omega_bots plays 8S -> omega_bots wins
  P2 Trick  4: omega_bots leads 3C, aegis plays 4D -> aegis wins
  P2 Trick  5: aegis leads 6S, omega_bots plays JS -> omega_bots wins
  P2 Trick  6: omega_bots leads 6H, aegis plays 3H -> omega_bots wins
  P2 Trick  7: omega_bots leads 9H, aegis plays 4H -> omega_bots wins
  P2 Trick  8: omega_bots leads JH, aegis plays 5D -> aegis wins
  P2 Trick  9: aegis leads 3S, omega_bots plays 8D -> omega_bots wins
  P2 Trick 10: omega_bots leads QH, aegis plays 6D -> aegis wins
  P2 Trick 11: aegis leads 7D, omega_bots plays 9D -> omega_bots wins
  P2 Trick 12: omega_bots leads 10H, aegis plays JD -> aegis wins
  P2 Trick 13: aegis leads QD, omega_bots plays 10D -> aegis wins
  Result: omega_bots 7 - 6 aegis
  Winner: omega_bots

============================================================
Game 61
============================================================
Players: aegis vs omega_bots
Trump suit: D
Face-up card: 8D
aegis hand: QC 7D 2H 10H JH KH 4S 5S 6S 7S 8S 10S QS
omega_bots hand: 4C 5C 7C KC 4D 5D 10D JD AD 4H 5H 9H AS
  P1 Trick  1: aegis leads KH, omega_bots plays 4H -> aegis wins
  P1 Trick  2: aegis leads 2H, omega_bots plays 5H -> omega_bots wins
  P1 Trick  3: omega_bots leads 4C, aegis plays 3C -> omega_bots wins
  P1 Trick  4: omega_bots leads AS, aegis plays 4S -> omega_bots wins
  P1 Trick  5: omega_bots leads AH, aegis plays 10H -> omega_bots wins
  P1 Trick  6: omega_bots leads 3D, aegis plays 7D -> aegis wins
  P1 Trick  7: aegis leads 8D, omega_bots plays 10D -> omega_bots wins
  P1 Trick  8: omega_bots leads 4D, aegis plays 9D -> aegis wins
  P1 Trick  9: aegis leads AC, omega_bots plays 5C -> aegis wins
  P1 Trick 10: aegis leads 6D, omega_bots plays JD -> omega_bots wins
  P1 Trick 11: omega_bots leads KC, aegis plays 2C -> omega_bots wins
  P1 Trick 12: omega_bots leads 2D, aegis plays 2S -> omega_bots wins
  P1 Trick 13: omega_bots leads 5D, aegis plays 3H -> omega_bots wins

--- Phase 2 (Scoring) ---
  P2 Trick  1: omega_bots leads 7C, aegis plays QC -> aegis wins
  P2 Trick  2: aegis leads QS, omega_bots plays KS -> omega_bots wins
  P2 Trick  3: omega_bots leads 7H, aegis plays JH -> aegis wins
  P2 Trick  4: aegis leads JS, omega_bots plays QD -> omega_bots wins
  P2 Trick  5: omega_bots leads 8C, aegis plays 6C -> omega_bots wins
  P2 Trick  6: omega_bots leads 8H, aegis plays 6H -> omega_bots wins
  P2 Trick  7: omega_bots leads 9H, aegis plays 3S -> omega_bots wins
  P2 Trick  8: omega_bots leads 9C, aegis plays 5S -> omega_bots wins
  P2 Trick  9: omega_bots leads AD, aegis plays 6S -> omega_bots wins
  P2 Trick 10: omega_bots leads KD, aegis plays 7S -> omega_bots wins
  P2 Trick 11: omega_bots leads 10C, aegis plays 8S -> omega_bots wins
  P2 Trick 12: omega_bots leads JC, aegis plays 9S -> omega_bots wins
  P2 Trick 13: omega_bots leads QH, aegis plays 10S -> omega_bots wins
  Result: aegis 2 - 11 omega_bots
  Winner: omega_bots

============================================================
Game 62
============================================================
Players: omega_bots vs aegis
Trump suit: S
Face-up card: JS
omega_bots hand: 4C 5C 9C 3D 5D 7D 10D QD 9H JH QH KH 3S
aegis hand: 6C 8C QC KC 2D 6D KD AD 4H 7H 8H 4S 7S
  P1 Trick  1: omega_bots leads KH, aegis plays 4H -> omega_bots wins
  P1 Trick  2: omega_bots leads QD, aegis plays KD -> aegis wins
  P1 Trick  3: aegis leads AD, omega_bots plays 3D -> aegis wins
  P1 Trick  4: aegis leads QS, omega_bots plays 3S -> aegis wins
  P1 Trick  5: aegis leads KS, omega_bots plays AS -> omega_bots wins
  P1 Trick  6: omega_bots leads 3C, aegis plays 6C -> aegis wins
  P1 Trick  7: aegis leads KC, omega_bots plays 4C -> aegis wins
  P1 Trick  8: aegis leads QC, omega_bots plays 5C -> aegis wins
  P1 Trick  9: aegis leads 2D, omega_bots plays 4D -> omega_bots wins
  P1 Trick 10: omega_bots leads 2H, aegis plays 5H -> aegis wins
  P1 Trick 11: aegis leads 6D, omega_bots plays 5D -> aegis wins
  P1 Trick 12: aegis leads 10S, omega_bots plays JS -> omega_bots wins
  P1 Trick 13: omega_bots leads 3H, aegis plays 7H -> aegis wins

--- Phase 2 (Scoring) ---
  P2 Trick  1: aegis leads JC, omega_bots plays AC -> omega_bots wins
  P2 Trick  2: omega_bots leads 6H, aegis plays 8H -> aegis wins
  P2 Trick  3: aegis leads 10C, omega_bots plays 9C -> aegis wins
  P2 Trick  4: aegis leads 8C, omega_bots plays 5S -> omega_bots wins
  P2 Trick  5: omega_bots leads 7D, aegis plays 9D -> aegis wins
  P2 Trick  6: aegis leads 7C, omega_bots plays 6S -> omega_bots wins
  P2 Trick  7: omega_bots leads 8D, aegis plays JD -> aegis wins
  P2 Trick  8: aegis leads 10H, omega_bots plays JH -> omega_bots wins
  P2 Trick  9: omega_bots leads AH, aegis plays 2S -> aegis wins
  P2 Trick 10: aegis leads 2C, omega_bots plays 9S -> omega_bots wins
  P2 Trick 11: omega_bots leads QH, aegis plays 4S -> aegis wins
  P2 Trick 12: aegis leads 7S, omega_bots plays 9H -> aegis wins
  P2 Trick 13: aegis leads 8S, omega_bots plays 10D -> aegis wins
  Result: omega_bots 5 - 8 aegis
  Winner: aegis

============================================================
Game 63
============================================================
Players: aegis vs omega_bots
Trump suit: D
Face-up card: JD
aegis hand: 5C AC 4D 6D 7D AD 3H 4H 7H AH 7S 9S 10S
omega_bots hand: 2C 7C 9C JC QC 5D 8D 10D KD 8H 2S JS QS
  P1 Trick  1: aegis leads AD, omega_bots plays 5D -> aegis wins
  P1 Trick  2: aegis leads JD, omega_bots plays KD -> omega_bots wins
  P1 Trick  3: omega_bots leads KH, aegis plays AH -> aegis wins
  P1 Trick  4: aegis leads AC, omega_bots plays 2C -> aegis wins
  P1 Trick  5: aegis leads 3H, omega_bots plays 2H -> aegis wins
  P1 Trick  6: aegis leads 4H, omega_bots plays 6H -> omega_bots wins
  P1 Trick  7: omega_bots leads 2S, aegis plays 6S -> aegis wins
  P1 Trick  8: aegis leads 5C, omega_bots plays 7C -> omega_bots wins
  P1 Trick  9: omega_bots leads 3S, aegis plays 7S -> aegis wins
  P1 Trick 10: aegis leads 5H, omega_bots plays 8H -> omega_bots wins
  P1 Trick 11: omega_bots leads 5S, aegis plays 8S -> aegis wins
  P1 Trick 12: aegis leads AS, omega_bots plays 4S -> aegis wins
  P1 Trick 13: aegis leads 3C, omega_bots plays 6C -> omega_bots wins

--- Phase 2 (Scoring) ---
  P2 Trick  1: omega_bots leads 4C, aegis plays 8C -> aegis wins
  P2 Trick  2: aegis leads KS, omega_bots plays JS -> aegis wins
  P2 Trick  3: aegis leads JH, omega_bots plays QH -> omega_bots wins
  P2 Trick  4: omega_bots leads 9C, aegis plays 2D -> aegis wins
  P2 Trick  5: aegis leads 10H, omega_bots plays 9H -> aegis wins
  P2 Trick  6: aegis leads 10S, omega_bots plays QS -> omega_bots wins
  P2 Trick  7: omega_bots leads KC, aegis plays 3D -> aegis wins
  P2 Trick  8: aegis leads 9S, omega_bots plays 8D -> omega_bots wins
  P2 Trick  9: omega_bots leads QC, aegis plays 4D -> aegis wins
  P2 Trick 10: aegis leads 7H, omega_bots plays 9D -> omega_bots wins
  P2 Trick 11: omega_bots leads 10D, aegis plays QD -> aegis wins
  P2 Trick 12: aegis leads 6D, omega_bots plays 10C -> aegis wins
  P2 Trick 13: aegis leads 7D, omega_bots plays JC -> aegis wins
  Result: aegis 9 - 4 omega_bots
  Winner: aegis

============================================================
Game 64
============================================================
Players: omega_bots vs aegis
Trump suit: D
Face-up card: JD
omega_bots hand: 3C 2D 2H 3H 9H 10H JH 4S 6S 9S JS QS AS
aegis hand: 2C 4C 6C JC QC 8D 5H 6H QH AH 8S 10S KS
  P1 Trick  1: omega_bots leads AS, aegis plays 8S -> omega_bots wins
  P1 Trick  2: omega_bots leads 2D, aegis plays 8D -> aegis wins
  P1 Trick  3: aegis leads 2C, omega_bots plays 3C -> omega_bots wins
  P1 Trick  4: omega_bots leads QS, aegis plays KS -> aegis wins
  P1 Trick  5: aegis leads 3D, omega_bots plays 5D -> omega_bots wins
  P1 Trick  6: omega_bots leads 2H, aegis plays 5H -> aegis wins
  P1 Trick  7: aegis leads AH, omega_bots plays 3H -> aegis wins
  P1 Trick  8: aegis leads 6D, omega_bots plays 10D -> omega_bots wins
  P1 Trick  9: omega_bots leads JH, aegis plays QH -> aegis wins
  P1 Trick 10: aegis leads 4C, omega_bots plays 7C -> omega_bots wins
  P1 Trick 11: omega_bots leads JS, aegis plays 5S -> omega_bots wins
  P1 Trick 12: omega_bots leads KC, aegis plays AC -> aegis wins
  P1 Trick 13: aegis leads KH, omega_bots plays 4H -> aegis wins

--- Phase 2 (Scoring) ---
  P2 Trick  1: aegis leads QC, omega_bots plays 8C -> aegis wins
  P2 Trick  2: aegis leads JC, omega_bots plays 10C -> aegis wins
  P2 Trick  3: aegis leads 9C, omega_bots plays JD -> omega_bots wins
  P2 Trick  4: omega_bots leads 2S, aegis plays 7S -> aegis wins
  P2 Trick  5: aegis leads 7H, omega_bots plays 8H -> omega_bots wins
  P2 Trick  6: omega_bots leads 3S, aegis plays 10S -> aegis wins
  P2 Trick  7: aegis leads 6C, omega_bots plays KD -> omega_bots wins
  P2 Trick  8: omega_bots leads AD, aegis plays 4D -> omega_bots wins
  P2 Trick  9: omega_bots leads 9S, aegis plays 7D -> aegis wins
  P2 Trick 10: aegis leads 6H, omega_bots plays 9H -> omega_bots wins
  P2 Trick 11: omega_bots leads 4S, aegis plays 9D -> aegis wins
  P2 Trick 12: aegis leads 5C, omega_bots plays 6S -> aegis wins
  P2 Trick 13: aegis leads QD, omega_bots plays 10H -> aegis wins
  Result: omega_bots 5 - 8 aegis
  Winner: aegis

============================================================
Game 65
============================================================
Players: aegis vs omega_bots
Trump suit: D
Face-up card: QD
aegis hand: 2C 3C 4C 5D 8D 2H 3H 4H 6H QH AH 4S JS
omega_bots hand: 6C JC KC AC 2D 4D 6D 10D 5H JH KH 8S 10S
  P1 Trick  1: aegis leads 8D, omega_bots plays 10D -> omega_bots wins
  P1 Trick  2: omega_bots leads 2D, aegis plays 5D -> aegis wins
  P1 Trick  3: aegis leads AH, omega_bots plays 5H -> aegis wins
  P1 Trick  4: aegis leads 2C, omega_bots plays 6C -> omega_bots wins
  P1 Trick  5: omega_bots leads 2S, aegis plays 4S -> aegis wins
  P1 Trick  6: aegis leads 2H, omega_bots plays 8H -> omega_bots wins
  P1 Trick  7: omega_bots leads 4D, aegis plays 7D -> aegis wins
  P1 Trick  8: aegis leads JD, omega_bots plays QD -> omega_bots wins
  P1 Trick  9: omega_bots leads 3D, aegis plays 3H -> omega_bots wins
  P1 Trick 10: omega_bots leads 6D, aegis plays 9D -> aegis wins
  P1 Trick 11: aegis leads AS, omega_bots plays 7S -> aegis wins
  P1 Trick 12: aegis leads 3C, omega_bots plays 7C -> omega_bots wins
  P1 Trick 13: omega_bots leads AC, aegis plays 4C -> omega_bots wins

--- Phase 2 (Scoring) ---
  P2 Trick  1: omega_bots leads 3S, aegis plays 5S -> aegis wins
  P2 Trick  2: aegis leads QH, omega_bots plays KH -> omega_bots wins
  P2 Trick  3: omega_bots leads 8S, aegis plays JS -> aegis wins
  P2 Trick  4: aegis leads 10H, omega_bots plays JH -> omega_bots wins
  P2 Trick  5: omega_bots leads 8C, aegis plays 9C -> aegis wins
  P2 Trick  6: aegis leads 9H, omega_bots plays KD -> omega_bots wins
  P2 Trick  7: omega_bots leads 9S, aegis plays KS -> aegis wins
  P2 Trick  8: aegis leads 7H, omega_bots plays AD -> omega_bots wins
  P2 Trick  9: omega_bots leads 10S, aegis plays 6S -> omega_bots wins
  P2 Trick 10: omega_bots leads QS, aegis plays 4H -> omega_bots wins
  P2 Trick 11: omega_bots leads 10C, aegis plays QC -> aegis wins
  P2 Trick 12: aegis leads 6H, omega_bots plays JC -> aegis wins
  P2 Trick 13: aegis leads 5C, omega_bots plays KC -> omega_bots wins
  Result: aegis 6 - 7 omega_bots
  Winner: omega_bots

============================================================
Game 66
============================================================
Players: omega_bots vs aegis
Trump suit: D
Face-up card: 4D
omega_bots hand: 4C 7C 8C KC 3D 6D 10D 2H 6H 2S 4S 9S AS
aegis hand: 3C 10C 2D 5D 7D JD KD AD 4H 3S 5S 8S QS
  P1 Trick  1: omega_bots leads AS, aegis plays 3S -> omega_bots wins
  P1 Trick  2: omega_bots leads 2S, aegis plays 5S -> aegis wins
  P1 Trick  3: aegis leads 3C, omega_bots plays 4C -> omega_bots wins
  P1 Trick  4: omega_bots leads 2H, aegis plays 4H -> aegis wins
  P1 Trick  5: aegis leads 5H, omega_bots plays 6H -> omega_bots wins
  P1 Trick  6: omega_bots leads KC, aegis plays 9C -> omega_bots wins
  P1 Trick  7: omega_bots leads JS, aegis plays QS -> aegis wins
  P1 Trick  8: aegis leads 8S, omega_bots plays 4S -> aegis wins
  P1 Trick  9: aegis leads 7H, omega_bots plays 3H -> aegis wins
  P1 Trick 10: aegis leads 10C, omega_bots plays 5C -> aegis wins
  P1 Trick 11: aegis leads KD, omega_bots plays 3D -> aegis wins
  P1 Trick 12: aegis leads AD, omega_bots plays 4D -> aegis wins
  P1 Trick 13: aegis leads 10S, omega_bots plays 7S -> aegis wins

--- Phase 2 (Scoring) ---
  P2 Trick  1: aegis leads AH, omega_bots plays 8H -> aegis wins
  P2 Trick  2: aegis leads KH, omega_bots plays 9H -> aegis wins
  P2 Trick  3: aegis leads QH, omega_bots plays 6D -> omega_bots wins
  P2 Trick  4: omega_bots leads 2C, aegis plays JC -> aegis wins
  P2 Trick  5: aegis leads KS, omega_bots plays 9S -> aegis wins
  P2 Trick  6: aegis leads JH, omega_bots plays 8D -> omega_bots wins
  P2 Trick  7: omega_bots leads QC, aegis plays AC -> aegis wins
  P2 Trick  8: aegis leads 10H, omega_bots plays 9D -> omega_bots wins
  P2 Trick  9: omega_bots leads QD, aegis plays 2D -> omega_bots wins
  P2 Trick 10: omega_bots leads 10D, aegis plays JD -> aegis wins
  P2 Trick 11: aegis leads 6S, omega_bots plays 6C -> aegis wins
  P2 Trick 12: aegis leads 5D, omega_bots plays 7C -> aegis wins
  P2 Trick 13: aegis leads 7D, omega_bots plays 8C -> aegis wins
  Result: omega_bots 4 - 9 aegis
  Winner: aegis

============================================================
Game 67
============================================================
Players: aegis vs omega_bots
Trump suit: H
Face-up card: KH
aegis hand: 3C AC 4D 7D 10D JD 4H 9H 3S 7S 8S 10S KS
omega_bots hand: 7C 8C KC 3D 6D 8D 3H AH 2S 5S 9S JS AS
  P1 Trick  1: aegis leads 9H, omega_bots plays AH -> omega_bots wins
  P1 Trick  2: omega_bots leads 2S, aegis plays 3S -> aegis wins
  P1 Trick  3: aegis leads 3C, omega_bots plays 7C -> omega_bots wins
  P1 Trick  4: omega_bots leads 2D, aegis plays 4D -> aegis wins
  P1 Trick  5: aegis leads 4H, omega_bots plays KH -> omega_bots wins
  P1 Trick  6: omega_bots leads 3D, aegis plays 7D -> aegis wins
  P1 Trick  7: aegis leads 4C, omega_bots plays 5C -> omega_bots wins
  P1 Trick  8: omega_bots leads AS, aegis plays 7S -> omega_bots wins
  P1 Trick  9: omega_bots leads KC, aegis plays AC -> aegis wins
  P1 Trick 10: aegis leads AD, omega_bots plays 5D -> aegis wins
  P1 Trick 11: aegis leads KS, omega_bots plays 5S -> aegis wins
  P1 Trick 12: aegis leads KD, omega_bots plays 6D -> aegis wins
  P1 Trick 13: aegis leads QS, omega_bots plays 6S -> aegis wins

--- Phase 2 (Scoring) ---
  P2 Trick  1: aegis leads JD, omega_bots plays QD -> omega_bots wins
  P2 Trick  2: omega_bots leads 2C, aegis plays 9C -> aegis wins
  P2 Trick  3: aegis leads JC, omega_bots plays QC -> omega_bots wins
  P2 Trick  4: omega_bots leads 4S, aegis plays 8S -> aegis wins
  P2 Trick  5: aegis leads 10D, omega_bots plays 8D -> aegis wins
  P2 Trick  6: aegis leads 10S, omega_bots plays JS -> omega_bots wins
  P2 Trick  7: omega_bots leads 6C, aegis plays 10C -> aegis wins
  P2 Trick  8: aegis leads 9D, omega_bots plays 3H -> omega_bots wins
  P2 Trick  9: omega_bots leads 9S, aegis plays 2H -> aegis wins
  P2 Trick 10: aegis leads 5H, omega_bots plays 8H -> omega_bots wins
  P2 Trick 11: omega_bots leads 8C, aegis plays 6H -> aegis wins
  P2 Trick 12: aegis leads 7H, omega_bots plays 10H -> omega_bots wins
  P2 Trick 13: omega_bots leads QH, aegis plays JH -> omega_bots wins
  Result: aegis 6 - 7 omega_bots
  Winner: omega_bots

============================================================
Game 68
============================================================
Players: omega_bots vs aegis
Trump suit: C
Face-up card: 4C
omega_bots hand: 2C 7C 7D 8D AD 9H JH AH 2S 7S 9S JS QS
aegis hand: 3C 8C 9C 10C JC QC AC 6D 2H 3H 7H 8H 3S
  P1 Trick  1: omega_bots leads AD, aegis plays 6D -> omega_bots wins
  P1 Trick  2: omega_bots leads AH, aegis plays 2H -> omega_bots wins
  P1 Trick  3: omega_bots leads 2C, aegis plays 3C -> aegis wins
  P1 Trick  4: aegis leads 2D, omega_bots plays 7D -> omega_bots wins
  P1 Trick  5: omega_bots leads 2S, aegis plays 3S -> aegis wins
  P1 Trick  6: aegis leads AC, omega_bots plays 4C -> aegis wins
  P1 Trick  7: aegis leads KS, omega_bots plays 7S -> aegis wins
  P1 Trick  8: aegis leads 3H, omega_bots plays 9H -> omega_bots wins
  P1 Trick  9: omega_bots leads 3D, aegis plays 9D -> aegis wins
  P1 Trick 10: aegis leads 4H, omega_bots plays 10H -> omega_bots wins
  P1 Trick 11: omega_bots leads AS, aegis plays 5S -> omega_bots wins
  P1 Trick 12: omega_bots leads KH, aegis plays 6H -> omega_bots wins
  P1 Trick 13: omega_bots leads 4S, aegis plays 8S -> aegis wins

--- Phase 2 (Scoring) ---
  P2 Trick  1: aegis leads QH, omega_bots plays 5H -> aegis wins
  P2 Trick  2: aegis leads JD, omega_bots plays QD -> omega_bots wins
  P2 Trick  3: omega_bots leads 5D, aegis plays 10D -> aegis wins
  P2 Trick  4: aegis leads 8H, omega_bots plays JH -> omega_bots wins
  P2 Trick  5: omega_bots leads 6S, aegis plays 10S -> aegis wins
  P2 Trick  6: aegis leads 7H, omega_bots plays 5C -> omega_bots wins
  P2 Trick  7: omega_bots leads 8D, aegis plays 4D -> omega_bots wins
  P2 Trick  8: omega_bots leads 9S, aegis plays 6C -> aegis wins
  P2 Trick  9: aegis leads 8C, omega_bots plays KC -> omega_bots wins
  P2 Trick 10: omega_bots leads JS, aegis plays 9C -> aegis wins
  P2 Trick 11: aegis leads 10C, omega_bots plays 7C -> aegis wins
  P2 Trick 12: aegis leads JC, omega_bots plays QS -> aegis wins
  P2 Trick 13: aegis leads QC, omega_bots plays KD -> aegis wins
  Result: omega_bots 5 - 8 aegis
  Winner: aegis

============================================================
Game 69
============================================================
Players: aegis vs omega_bots
Trump suit: H
Face-up card: KH
aegis hand: 6C 8C 10C KC 9D QD 6H JH QH AH 3S 6S QS
omega_bots hand: 7C JC 2D JD AD 5H 7H 9H 10H 2S 8S 9S 10S
  P1 Trick  1: aegis leads JH, omega_bots plays 5H -> aegis wins
  P1 Trick  2: aegis leads QH, omega_bots plays 7H -> aegis wins
  P1 Trick  3: aegis leads KH, omega_bots plays 9H -> aegis wins
  P1 Trick  4: aegis leads 3S, omega_bots plays 2S -> aegis wins
  P1 Trick  5: aegis leads 4D, omega_bots plays 2D -> aegis wins
  P1 Trick  6: aegis leads AH, omega_bots plays 10H -> aegis wins
  P1 Trick  7: aegis leads AC, omega_bots plays 3C -> aegis wins
  P1 Trick  8: aegis leads 2C, omega_bots plays 7C -> omega_bots wins
  P1 Trick  9: omega_bots leads 3D, aegis plays 9D -> aegis wins
  P1 Trick 10: aegis leads 6C, omega_bots plays 9C -> omega_bots wins
  P1 Trick 11: omega_bots leads AD, aegis plays 6D -> omega_bots wins
  P1 Trick 12: omega_bots leads 4H, aegis plays 2H -> omega_bots wins
  P1 Trick 13: omega_bots leads KS, aegis plays AS -> aegis wins

--- Phase 2 (Scoring) ---
  P2 Trick  1: aegis leads QS, omega_bots plays 5S -> aegis wins
  P2 Trick  2: aegis leads KC, omega_bots plays 4C -> aegis wins
  P2 Trick  3: aegis leads KD, omega_bots plays 5D -> aegis wins
  P2 Trick  4: aegis leads 7S, omega_bots plays 8S -> omega_bots wins
  P2 Trick  5: omega_bots leads JS, aegis plays 4S -> omega_bots wins
  P2 Trick  6: omega_bots leads 10S, aegis plays 6S -> omega_bots wins
  P2 Trick  7: omega_bots leads 9S, aegis plays 3H -> aegis wins
  P2 Trick  8: aegis leads QD, omega_bots plays 7D -> aegis wins
  P2 Trick  9: aegis leads 10C, omega_bots plays JC -> omega_bots wins
  P2 Trick 10: omega_bots leads 10D, aegis plays 8D -> omega_bots wins
  P2 Trick 11: omega_bots leads 5C, aegis plays 8C -> aegis wins
  P2 Trick 12: aegis leads 6H, omega_bots plays JD -> aegis wins
  P2 Trick 13: aegis leads 8H, omega_bots plays QC -> aegis wins
  Result: aegis 8 - 5 omega_bots
  Winner: aegis

============================================================
Game 70
============================================================
Players: omega_bots vs aegis
Trump suit: S
Face-up card: 5S
omega_bots hand: KC 2D 3D JD 2H 10H JH 2S 4S 6S 8S 10S JS
aegis hand: 5C 6C 8C JC 5D 9D 3H 6H 7H 8H KH 3S AS
  P1 Trick  1: omega_bots leads KC, aegis plays 5C -> omega_bots wins
  P1 Trick  2: omega_bots leads 2H, aegis plays 3H -> aegis wins
  P1 Trick  3: aegis leads 4H, omega_bots plays 10H -> omega_bots wins
  P1 Trick  4: omega_bots leads 2D, aegis plays 5D -> aegis wins
  P1 Trick  5: aegis leads 5H, omega_bots plays JH -> omega_bots wins
  P1 Trick  6: omega_bots leads 2S, aegis plays 3S -> aegis wins
  P1 Trick  7: aegis leads 4C, omega_bots plays 3C -> aegis wins
  P1 Trick  8: aegis leads 6C, omega_bots plays 10C -> omega_bots wins
  P1 Trick  9: omega_bots leads AH, aegis plays 6H -> omega_bots wins
  P1 Trick 10: omega_bots leads JD, aegis plays 8D -> omega_bots wins
  P1 Trick 11: omega_bots leads AD, aegis plays 7D -> omega_bots wins
  P1 Trick 12: omega_bots leads 10D, aegis plays 4D -> omega_bots wins
  P1 Trick 13: omega_bots leads QD, aegis plays 9D -> omega_bots wins

--- Phase 2 (Scoring) ---
  P2 Trick  1: omega_bots leads 3D, aegis plays AS -> aegis wins
  P2 Trick  2: aegis leads AC, omega_bots plays 4S -> omega_bots wins
  P2 Trick  3: omega_bots leads 6D, aegis plays 2C -> omega_bots wins
  P2 Trick  4: omega_bots leads KD, aegis plays 7H -> omega_bots wins
  P2 Trick  5: omega_bots leads 5S, aegis plays 7C -> omega_bots wins
  P2 Trick  6: omega_bots leads 6S, aegis plays 8H -> omega_bots wins
  P2 Trick  7: omega_bots leads 7S, aegis plays 8C -> omega_bots wins
  P2 Trick  8: omega_bots leads 10S, aegis plays 9H -> omega_bots wins
  P2 Trick  9: omega_bots leads KS, aegis plays 9C -> omega_bots wins
  P2 Trick 10: omega_bots leads JS, aegis plays JC -> omega_bots wins
  P2 Trick 11: omega_bots leads QS, aegis plays QH -> omega_bots wins
  P2 Trick 12: omega_bots leads 8S, aegis plays QC -> omega_bots wins
  P2 Trick 13: omega_bots leads 9S, aegis plays KH -> omega_bots wins
  Result: omega_bots 12 - 1 aegis
  Winner: omega_bots

============================================================
Game 71
============================================================
Players: aegis vs omega_bots
Trump suit: D
Face-up card: JD
aegis hand: 4C 6C 7C 8C QC QD KD 2H 10H QH 9S JS KS
omega_bots hand: 2C 3C 5C JC KC 4D 7D 8D 5H 6H 7H 4S 8S
  P1 Trick  1: aegis leads KS, omega_bots plays 4S -> aegis wins
  P1 Trick  2: aegis leads 2H, omega_bots plays 5H -> omega_bots wins
  P1 Trick  3: omega_bots leads 2C, aegis plays 4C -> aegis wins
  P1 Trick  4: aegis leads KD, omega_bots plays 4D -> aegis wins
  P1 Trick  5: aegis leads 3H, omega_bots plays 4H -> omega_bots wins
  P1 Trick  6: omega_bots leads 3C, aegis plays 6C -> aegis wins
  P1 Trick  7: aegis leads QD, omega_bots plays 6D -> aegis wins
  P1 Trick  8: aegis leads 7C, omega_bots plays 5C -> aegis wins
  P1 Trick  9: aegis leads JD, omega_bots plays 7D -> aegis wins
  P1 Trick 10: aegis leads 2D, omega_bots plays 8D -> omega_bots wins
  P1 Trick 11: omega_bots leads 3S, aegis plays 2S -> omega_bots wins
  P1 Trick 12: omega_bots leads KC, aegis plays AC -> aegis wins
  P1 Trick 13: aegis leads AS, omega_bots plays 5S -> aegis wins

--- Phase 2 (Scoring) ---
  P2 Trick  1: aegis leads AH, omega_bots plays 6H -> aegis wins
  P2 Trick  2: aegis leads KH, omega_bots plays 7H -> aegis wins
  P2 Trick  3: aegis leads QC, omega_bots plays 9C -> aegis wins
  P2 Trick  4: aegis leads QS, omega_bots plays 6S -> aegis wins
  P2 Trick  5: aegis leads QH, omega_bots plays 8H -> aegis wins
  P2 Trick  6: aegis leads JS, omega_bots plays 7S -> aegis wins
  P2 Trick  7: aegis leads JH, omega_bots plays 9H -> aegis wins
  P2 Trick  8: aegis leads 10C, omega_bots plays JC -> omega_bots wins
  P2 Trick  9: omega_bots leads 10S, aegis plays 9S -> omega_bots wins
  P2 Trick 10: omega_bots leads 8S, aegis plays 3D -> aegis wins
  P2 Trick 11: aegis leads 10H, omega_bots plays 5D -> omega_bots wins
  P2 Trick 12: omega_bots leads 9D, aegis plays 10D -> aegis wins
  P2 Trick 13: aegis leads 8C, omega_bots plays AD -> omega_bots wins
  Result: aegis 9 - 4 omega_bots
  Winner: aegis

============================================================
Game 72
============================================================
Players: omega_bots vs aegis
Trump suit: H
Face-up card: QH
omega_bots hand: 8C 2D 6D 7D 8D JD 3H 6H 7H 2S 5S 6S KS
aegis hand: 2C 6C KC 5D 9D 10D 4H 9H 10H JH AH JS AS
  P1 Trick  1: omega_bots leads KS, aegis plays AS -> aegis wins
  P1 Trick  2: aegis leads 2C, omega_bots plays 8C -> omega_bots wins
  P1 Trick  3: omega_bots leads 2D, aegis plays 5D -> aegis wins
  P1 Trick  4: aegis leads 6C, omega_bots plays 3C -> aegis wins
  P1 Trick  5: aegis leads 3S, omega_bots plays 2S -> aegis wins
  P1 Trick  6: aegis leads 9H, omega_bots plays 3H -> aegis wins
  P1 Trick  7: aegis leads 10H, omega_bots plays 2H -> aegis wins
  P1 Trick  8: aegis leads 4C, omega_bots plays 5C -> omega_bots wins
  P1 Trick  9: omega_bots leads 3D, aegis plays 9D -> aegis wins
  P1 Trick 10: aegis leads 7S, omega_bots plays 5S -> aegis wins
  P1 Trick 11: aegis leads 7C, omega_bots plays JC -> omega_bots wins
  P1 Trick 12: omega_bots leads QS, aegis plays 4S -> omega_bots wins
  P1 Trick 13: omega_bots leads QC, aegis plays KC -> aegis wins

--- Phase 2 (Scoring) ---
  P2 Trick  1: aegis leads JH, omega_bots plays 5H -> aegis wins
  P2 Trick  2: aegis leads QH, omega_bots plays 6H -> aegis wins
  P2 Trick  3: aegis leads KH, omega_bots plays 7H -> aegis wins
  P2 Trick  4: aegis leads AH, omega_bots plays 8H -> aegis wins
  P2 Trick  5: aegis leads AD, omega_bots plays 4D -> aegis wins
  P2 Trick  6: aegis leads AC, omega_bots plays 6D -> aegis wins
  P2 Trick  7: aegis leads KD, omega_bots plays 7D -> aegis wins
  P2 Trick  8: aegis leads JS, omega_bots plays 6S -> aegis wins
  P2 Trick  9: aegis leads 10C, omega_bots plays 8D -> aegis wins
  P2 Trick 10: aegis leads 10D, omega_bots plays JD -> omega_bots wins
  P2 Trick 11: omega_bots leads 10S, aegis plays 9S -> omega_bots wins
  P2 Trick 12: omega_bots leads QD, aegis plays 4H -> aegis wins
  P2 Trick 13: aegis leads 9C, omega_bots plays 8S -> aegis wins
  Result: omega_bots 2 - 11 aegis
  Winner: aegis

============================================================
Game 73
============================================================
Players: aegis vs omega_bots
Trump suit: S
Face-up card: 7S
aegis hand: 6C 7C QC 3D JD QD 3H 4H 10H 6S 8S 9S JS
omega_bots hand: 3C 5C 10C JC 6D 10D KD 2H 9H KH 5S 10S QS
  P1 Trick  1: aegis leads QD, omega_bots plays KD -> omega_bots wins
  P1 Trick  2: omega_bots leads 2H, aegis plays 3H -> aegis wins
  P1 Trick  3: aegis leads 3D, omega_bots plays 6D -> omega_bots wins
  P1 Trick  4: omega_bots leads 3C, aegis plays 6C -> aegis wins
  P1 Trick  5: aegis leads 4H, omega_bots plays 7H -> omega_bots wins
  P1 Trick  6: omega_bots leads 2C, aegis plays 7C -> aegis wins
  P1 Trick  7: aegis leads JS, omega_bots plays QS -> omega_bots wins
  P1 Trick  8: omega_bots leads 4S, aegis plays 2S -> omega_bots wins
  P1 Trick  9: omega_bots leads KH, aegis plays 10H -> omega_bots wins
  P1 Trick 10: omega_bots leads 5S, aegis plays 3S -> omega_bots wins
  P1 Trick 11: omega_bots leads 4D, aegis plays 7D -> aegis wins
  P1 Trick 12: aegis leads AD, omega_bots plays 2D -> aegis wins
  P1 Trick 13: aegis leads AH, omega_bots plays 5H -> aegis wins

--- Phase 2 (Scoring) ---
  P2 Trick  1: aegis leads QC, omega_bots plays KC -> omega_bots wins
  P2 Trick  2: omega_bots leads 5C, aegis plays 8C -> aegis wins
  P2 Trick  3: aegis leads QH, omega_bots plays 6H -> aegis wins
  P2 Trick  4: aegis leads JD, omega_bots plays 5D -> aegis wins
  P2 Trick  5: aegis leads JH, omega_bots plays 9H -> aegis wins
  P2 Trick  6: aegis leads 9D, omega_bots plays 10D -> omega_bots wins
  P2 Trick  7: omega_bots leads 9C, aegis plays 4C -> omega_bots wins
  P2 Trick  8: omega_bots leads 10S, aegis plays KS -> aegis wins
  P2 Trick  9: aegis leads 8D, omega_bots plays 7S -> omega_bots wins
  P2 Trick 10: omega_bots leads AC, aegis plays 6S -> aegis wins
  P2 Trick 11: aegis leads 8H, omega_bots plays AS -> omega_bots wins
  P2 Trick 12: omega_bots leads 10C, aegis plays 8S -> aegis wins
  P2 Trick 13: aegis leads 9S, omega_bots plays JC -> aegis wins
  Result: aegis 8 - 5 omega_bots
  Winner: aegis

============================================================
Game 74
============================================================
Players: omega_bots vs aegis
Trump suit: D
Face-up card: 7D
omega_bots hand: 3C 8C 4D KD AD 5H 6H AH 8S JS QS KS AS
aegis hand: 4C 9C 10C JC QC 3D 6D QD 7H 2S 5S 7S 9S
  P1 Trick  1: omega_bots leads AH, aegis plays 7H -> omega_bots wins
  P1 Trick  2: omega_bots leads 3C, aegis plays 4C -> aegis wins
  P1 Trick  3: aegis leads 2S, omega_bots plays 8S -> omega_bots wins
  P1 Trick  4: omega_bots leads AS, aegis plays 4S -> omega_bots wins
  P1 Trick  5: omega_bots leads 4D, aegis plays 3D -> omega_bots wins
  P1 Trick  6: omega_bots leads KS, aegis plays 5S -> omega_bots wins
  P1 Trick  7: omega_bots leads 5H, aegis plays 9H -> aegis wins
  P1 Trick  8: aegis leads 2C, omega_bots plays 5C -> omega_bots wins
  P1 Trick  9: omega_bots leads 2H, aegis plays 10H -> aegis wins
  P1 Trick 10: aegis leads QD, omega_bots plays KD -> omega_bots wins
  P1 Trick 11: omega_bots leads 5D, aegis plays 2D -> omega_bots wins
  P1 Trick 12: omega_bots leads 3S, aegis plays 6S -> aegis wins
  P1 Trick 13: aegis leads AC, omega_bots plays 6C -> aegis wins

--- Phase 2 (Scoring) ---
  P2 Trick  1: aegis leads QC, omega_bots plays KC -> omega_bots wins
  P2 Trick  2: omega_bots leads 6H, aegis plays 8H -> aegis wins
  P2 Trick  3: aegis leads JC, omega_bots plays 7C -> aegis wins
  P2 Trick  4: aegis leads JH, omega_bots plays QH -> omega_bots wins
  P2 Trick  5: omega_bots leads 8C, aegis plays 9C -> aegis wins
  P2 Trick  6: aegis leads 10S, omega_bots plays JS -> omega_bots wins
  P2 Trick  7: omega_bots leads QS, aegis plays 7S -> omega_bots wins
  P2 Trick  8: omega_bots leads AD, aegis plays 6D -> omega_bots wins
  P2 Trick  9: omega_bots leads 8D, aegis plays JD -> aegis wins
  P2 Trick 10: aegis leads 4H, omega_bots plays KH -> omega_bots wins
  P2 Trick 11: omega_bots leads 10D, aegis plays 3H -> omega_bots wins
  P2 Trick 12: omega_bots leads 7D, aegis plays 9S -> omega_bots wins
  P2 Trick 13: omega_bots leads 9D, aegis plays 10C -> omega_bots wins
  Result: omega_bots 9 - 4 aegis
  Winner: omega_bots

============================================================
Game 75
============================================================
Players: aegis vs omega_bots
Trump suit: H
Face-up card: QH
aegis hand: 2C 8C 9C QC 2D 7D KD 5H 7H 5S 9S 10S QS
omega_bots hand: 4C 5C 7C 10C AC 6D 10D 3H 4H 8H JH KH 3S
  P1 Trick  1: aegis leads 7H, omega_bots plays 8H -> omega_bots wins
  P1 Trick  2: omega_bots leads AC, aegis plays 2C -> omega_bots wins
  P1 Trick  3: omega_bots leads 3S, aegis plays 5S -> aegis wins
  P1 Trick  4: aegis leads 2D, omega_bots plays 6D -> omega_bots wins
  P1 Trick  5: omega_bots leads 3H, aegis plays 5H -> aegis wins
  P1 Trick  6: aegis leads 4D, omega_bots plays 9D -> omega_bots wins
  P1 Trick  7: omega_bots leads 10C, aegis plays QC -> aegis wins
  P1 Trick  8: aegis leads AH, omega_bots plays 2H -> aegis wins
  P1 Trick  9: aegis leads 6S, omega_bots plays 7S -> omega_bots wins
  P1 Trick 10: omega_bots leads AD, aegis plays 7D -> omega_bots wins
  P1 Trick 11: omega_bots leads 3D, aegis plays 8D -> aegis wins
  P1 Trick 12: aegis leads 5D, omega_bots plays 10D -> omega_bots wins
  P1 Trick 13: omega_bots leads 3C, aegis plays 8C -> aegis wins

--- Phase 2 (Scoring) ---
  P2 Trick  1: aegis leads AS, omega_bots plays 2S -> aegis wins
  P2 Trick  2: aegis leads KS, omega_bots plays JS -> aegis wins
  P2 Trick  3: aegis leads QS, omega_bots plays 4H -> omega_bots wins
  P2 Trick  4: omega_bots leads 4C, aegis plays 9C -> aegis wins
  P2 Trick  5: aegis leads 10S, omega_bots plays 6H -> omega_bots wins
  P2 Trick  6: omega_bots leads 5C, aegis plays KC -> aegis wins
  P2 Trick  7: aegis leads KD, omega_bots plays 9H -> omega_bots wins
  P2 Trick  8: omega_bots leads JH, aegis plays 10H -> omega_bots wins
  P2 Trick  9: omega_bots leads 6C, aegis plays 4S -> omega_bots wins
  P2 Trick 10: omega_bots leads JC, aegis plays 8S -> omega_bots wins
  P2 Trick 11: omega_bots leads QH, aegis plays 9S -> omega_bots wins
  P2 Trick 12: omega_bots leads 7C, aegis plays JD -> omega_bots wins
  P2 Trick 13: omega_bots leads KH, aegis plays QD -> omega_bots wins
  Result: aegis 4 - 9 omega_bots
  Winner: omega_bots

============================================================
Game 76
============================================================
Players: omega_bots vs aegis
Trump suit: H
Face-up card: 8H
omega_bots hand: JC QC 5D 8D 4H 9H AH 4S 6S 9S JS KS AS
aegis hand: 6C 9C 2D 3D 4D 7D 10D JD QD AD 3H QH 3S
  P1 Trick  1: omega_bots leads AS, aegis plays 3S -> omega_bots wins
  P1 Trick  2: omega_bots leads 4H, aegis plays 3H -> omega_bots wins
  P1 Trick  3: omega_bots leads KS, aegis plays 5H -> aegis wins
  P1 Trick  4: aegis leads 2D, omega_bots plays 5D -> omega_bots wins
  P1 Trick  5: omega_bots leads JS, aegis plays JH -> aegis wins
  P1 Trick  6: aegis leads 3D, omega_bots plays 8D -> omega_bots wins
  P1 Trick  7: omega_bots leads 9S, aegis plays QH -> aegis wins
  P1 Trick  8: aegis leads KH, omega_bots plays AH -> omega_bots wins
  P1 Trick  9: omega_bots leads 7S, aegis plays 3C -> omega_bots wins
  P1 Trick 10: omega_bots leads 6S, aegis plays QS -> aegis wins
  P1 Trick 11: aegis leads 4D, omega_bots plays 9D -> omega_bots wins
  P1 Trick 12: omega_bots leads 8S, aegis plays 7H -> aegis wins
  P1 Trick 13: aegis leads AD, omega_bots plays 2S -> aegis wins

--- Phase 2 (Scoring) ---
  P2 Trick  1: aegis leads KD, omega_bots plays 2H -> omega_bots wins
  P2 Trick  2: omega_bots leads 5S, aegis plays 10S -> aegis wins
  P2 Trick  3: aegis leads AC, omega_bots plays 2C -> aegis wins
  P2 Trick  4: aegis leads QD, omega_bots plays 6H -> omega_bots wins
  P2 Trick  5: omega_bots leads 4S, aegis plays 10H -> aegis wins
  P2 Trick  6: aegis leads JD, omega_bots plays 8H -> omega_bots wins
  P2 Trick  7: omega_bots leads 4C, aegis plays 6C -> aegis wins
  P2 Trick  8: aegis leads 10C, omega_bots plays JC -> omega_bots wins
  P2 Trick  9: omega_bots leads QC, aegis plays 7C -> omega_bots wins
  P2 Trick 10: omega_bots leads 9H, aegis plays 6D -> omega_bots wins
  P2 Trick 11: omega_bots leads 5C, aegis plays 9C -> aegis wins
  P2 Trick 12: aegis leads 10D, omega_bots plays 8C -> aegis wins
  P2 Trick 13: aegis leads 7D, omega_bots plays KC -> aegis wins
  Result: omega_bots 6 - 7 aegis
  Winner: aegis

============================================================
Game 77
============================================================
Players: aegis vs omega_bots
Trump suit: S
Face-up card: QS
aegis hand: 9C 10C JC QC KC AC 2D 6D 3H 4H 6H AH 7S
omega_bots hand: 6C 5D 8D 9D QD 2H 8H 9H QH KH 2S 5S JS
  P1 Trick  1: aegis leads 7S, omega_bots plays JS -> omega_bots wins
  P1 Trick  2: omega_bots leads 2H, aegis plays 3H -> aegis wins
  P1 Trick  3: aegis leads 10S, omega_bots plays QS -> omega_bots wins
  P1 Trick  4: omega_bots leads 2S, aegis plays 2D -> omega_bots wins
  P1 Trick  5: omega_bots leads KH, aegis plays AH -> aegis wins
  P1 Trick  6: aegis leads 4H, omega_bots plays 7H -> omega_bots wins
  P1 Trick  7: omega_bots leads QH, aegis plays 6H -> omega_bots wins
  P1 Trick  8: omega_bots leads QD, aegis plays 6D -> omega_bots wins
  P1 Trick  9: omega_bots leads 2C, aegis plays 4C -> aegis wins
  P1 Trick 10: aegis leads AC, omega_bots plays 6C -> aegis wins
  P1 Trick 11: aegis leads KC, omega_bots plays 5C -> aegis wins
  P1 Trick 12: aegis leads 3D, omega_bots plays 4D -> omega_bots wins
  P1 Trick 13: omega_bots leads AD, aegis plays JD -> omega_bots wins

--- Phase 2 (Scoring) ---
  P2 Trick  1: omega_bots leads 5D, aegis plays 3S -> aegis wins
  P2 Trick  2: aegis leads QC, omega_bots plays 5S -> omega_bots wins
  P2 Trick  3: omega_bots leads 5H, aegis plays 10H -> aegis wins
  P2 Trick  4: aegis leads JC, omega_bots plays 8S -> omega_bots wins
  P2 Trick  5: omega_bots leads 7D, aegis plays 4S -> aegis wins
  P2 Trick  6: aegis leads 10C, omega_bots plays KS -> omega_bots wins
  P2 Trick  7: omega_bots leads 8H, aegis plays JH -> aegis wins
  P2 Trick  8: aegis leads 9C, omega_bots plays AS -> omega_bots wins
  P2 Trick  9: omega_bots leads 8D, aegis plays 6S -> aegis wins
  P2 Trick 10: aegis leads 8C, omega_bots plays 9D -> aegis wins
  P2 Trick 11: aegis leads 7C, omega_bots plays 9H -> aegis wins
  P2 Trick 12: aegis leads 3C, omega_bots plays 10D -> aegis wins
  P2 Trick 13: aegis leads 9S, omega_bots plays KD -> aegis wins
  Result: aegis 9 - 4 omega_bots
  Winner: aegis

============================================================
Game 78
============================================================
Players: omega_bots vs aegis
Trump suit: C
Face-up card: KC
omega_bots hand: 4C 5C 8C 10C AC 4D 7D 3H 5H 9H KH 4S 7S
aegis hand: 3C 7C 2D 6D JD 2H 4H 6H 7H 10H 3S 9S AS
  P1 Trick  1: omega_bots leads KH, aegis plays 2H -> omega_bots wins
  P1 Trick  2: omega_bots leads 3H, aegis plays 4H -> aegis wins
  P1 Trick  3: aegis leads 2D, omega_bots plays 4D -> omega_bots wins
  P1 Trick  4: omega_bots leads 4S, aegis plays 3S -> omega_bots wins
  P1 Trick  5: omega_bots leads 4C, aegis plays 3C -> omega_bots wins
  P1 Trick  6: omega_bots leads 3D, aegis plays 5D -> aegis wins
  P1 Trick  7: aegis leads AS, omega_bots plays 7S -> aegis wins
  P1 Trick  8: aegis leads QD, omega_bots plays 7D -> aegis wins
  P1 Trick  9: aegis leads 9C, omega_bots plays 10C -> omega_bots wins
  P1 Trick 10: omega_bots leads 2C, aegis plays 6C -> aegis wins
  P1 Trick 11: aegis leads 2S, omega_bots plays 8S -> omega_bots wins
  P1 Trick 12: omega_bots leads AH, aegis plays 6H -> omega_bots wins
  P1 Trick 13: omega_bots leads AD, aegis plays 6D -> omega_bots wins

--- Phase 2 (Scoring) ---
  P2 Trick  1: omega_bots leads 5H, aegis plays 7H -> aegis wins
  P2 Trick  2: aegis leads KS, omega_bots plays 6S -> aegis wins
  P2 Trick  3: aegis leads QS, omega_bots plays 10S -> aegis wins
  P2 Trick  4: aegis leads JD, omega_bots plays KD -> omega_bots wins
  P2 Trick  5: omega_bots leads 8H, aegis plays 10H -> aegis wins
  P2 Trick  6: aegis leads JS, omega_bots plays 5C -> omega_bots wins
  P2 Trick  7: omega_bots leads 9H, aegis plays JH -> aegis wins
  P2 Trick  8: aegis leads 10D, omega_bots plays 9D -> aegis wins
  P2 Trick  9: aegis leads 9S, omega_bots plays 8C -> omega_bots wins
  P2 Trick 10: omega_bots leads AC, aegis plays 7C -> omega_bots wins
  P2 Trick 11: omega_bots leads JC, aegis plays QC -> aegis wins
  P2 Trick 12: aegis leads 8D, omega_bots plays KC -> omega_bots wins
  P2 Trick 13: omega_bots leads QH, aegis plays 5S -> omega_bots wins
  Result: omega_bots 6 - 7 aegis
  Winner: aegis

============================================================
Game 79
============================================================
Players: aegis vs omega_bots
Trump suit: H
Face-up card: 6H
aegis hand: 3C 4C 7C QC KC 8D QD KD 5H JH 8S 9S JS
omega_bots hand: 2C 5C 9C 10C JC AC 4D 9D 10D JD AD 8H 6S
  P1 Trick  1: aegis leads KC, omega_bots plays AC -> omega_bots wins
  P1 Trick  2: omega_bots leads AD, aegis plays 5D -> omega_bots wins
  P1 Trick  3: omega_bots leads 2C, aegis plays 3C -> aegis wins
  P1 Trick  4: aegis leads JH, omega_bots plays 3H -> aegis wins
  P1 Trick  5: aegis leads 4C, omega_bots plays 5C -> omega_bots wins
  P1 Trick  6: omega_bots leads QS, aegis plays AS -> aegis wins
  P1 Trick  7: aegis leads 6C, omega_bots plays 9C -> omega_bots wins
  P1 Trick  8: omega_bots leads JC, aegis plays QC -> aegis wins
  P1 Trick  9: aegis leads 7C, omega_bots plays 10C -> omega_bots wins
  P1 Trick 10: omega_bots leads 2H, aegis plays 5H -> aegis wins
  P1 Trick 11: aegis leads 2D, omega_bots plays 4D -> omega_bots wins
  P1 Trick 12: omega_bots leads JD, aegis plays QD -> aegis wins
  P1 Trick 13: aegis leads 4S, omega_bots plays 3S -> aegis wins

--- Phase 2 (Scoring) ---
  P2 Trick  1: aegis leads 10H, omega_bots plays 6H -> aegis wins
  P2 Trick  2: aegis leads QH, omega_bots plays 8H -> aegis wins
  P2 Trick  3: aegis leads KH, omega_bots plays 9H -> aegis wins
  P2 Trick  4: aegis leads AH, omega_bots plays 3D -> aegis wins
  P2 Trick  5: aegis leads JS, omega_bots plays KS -> omega_bots wins
  P2 Trick  6: omega_bots leads 5S, aegis plays 8S -> aegis wins
  P2 Trick  7: aegis leads KD, omega_bots plays 6D -> aegis wins
  P2 Trick  8: aegis leads 9S, omega_bots plays 10S -> omega_bots wins
  P2 Trick  9: omega_bots leads 7S, aegis plays 2S -> omega_bots wins
  P2 Trick 10: omega_bots leads 10D, aegis plays 8D -> omega_bots wins
  P2 Trick 11: omega_bots leads 6S, aegis plays 4H -> aegis wins
  P2 Trick 12: aegis leads 8C, omega_bots plays 7D -> aegis wins
  P2 Trick 13: aegis leads 7H, omega_bots plays 9D -> aegis wins
  Result: aegis 9 - 4 omega_bots
  Winner: aegis

============================================================
Game 80
============================================================
Players: omega_bots vs aegis
Trump suit: H
Face-up card: 6H
omega_bots hand: 5C 7C 8C KC AC 2D 8D 9D 10H QH 3S 9S JS
aegis hand: 2C 4C 6C 4D KD 8H JH KH 2S 4S 8S 10S QS
  P1 Trick  1: omega_bots leads AC, aegis plays 2C -> omega_bots wins
  P1 Trick  2: omega_bots leads KC, aegis plays 4C -> omega_bots wins
  P1 Trick  3: omega_bots leads QC, aegis plays 6C -> omega_bots wins
  P1 Trick  4: omega_bots leads QD, aegis plays KD -> aegis wins
  P1 Trick  5: aegis leads 2S, omega_bots plays 3S -> omega_bots wins
  P1 Trick  6: omega_bots leads JS, aegis plays QS -> aegis wins
  P1 Trick  7: aegis leads AS, omega_bots plays 9S -> aegis wins
  P1 Trick  8: aegis leads KS, omega_bots plays 6H -> omega_bots wins
  P1 Trick  9: omega_bots leads AD, aegis plays 3D -> omega_bots wins
  P1 Trick 10: omega_bots leads 2D, aegis plays 4D -> aegis wins
  P1 Trick 11: aegis leads 3C, omega_bots plays 5C -> omega_bots wins
  P1 Trick 12: omega_bots leads 10C, aegis plays JC -> aegis wins
  P1 Trick 13: aegis leads KH, omega_bots plays 2H -> aegis wins

--- Phase 2 (Scoring) ---
  P2 Trick  1: aegis leads AH, omega_bots plays 9H -> aegis wins
  P2 Trick  2: aegis leads 10S, omega_bots plays 5S -> aegis wins
  P2 Trick  3: aegis leads 8S, omega_bots plays 7S -> aegis wins
  P2 Trick  4: aegis leads JD, omega_bots plays 6D -> aegis wins
  P2 Trick  5: aegis leads 6S, omega_bots plays 10H -> omega_bots wins
  P2 Trick  6: omega_bots leads 9C, aegis plays 3H -> aegis wins
  P2 Trick  7: aegis leads 5D, omega_bots plays 7D -> omega_bots wins
  P2 Trick  8: omega_bots leads 8D, aegis plays 4H -> aegis wins
  P2 Trick  9: aegis leads 4S, omega_bots plays QH -> omega_bots wins
  P2 Trick 10: omega_bots leads 8C, aegis plays 5H -> aegis wins
  P2 Trick 11: aegis leads 7H, omega_bots plays 7C -> aegis wins
  P2 Trick 12: aegis leads 8H, omega_bots plays 9D -> aegis wins
  P2 Trick 13: aegis leads JH, omega_bots plays 10D -> aegis wins
  Result: omega_bots 3 - 10 aegis
  Winner: aegis

============================================================
Game 81
============================================================
Players: aegis vs omega_bots
Trump suit: C
Face-up card: 4C
aegis hand: 6C 7C JC 3D 8D 9D 2H 4H 6H AH 4S 6S 7S
omega_bots hand: 5C 8C 9C AC 10D QD AD 3H 8H KH 8S QS KS
  P1 Trick  1: aegis leads AH, omega_bots plays 3H -> aegis wins
  P1 Trick  2: aegis leads 9D, omega_bots plays 5D -> aegis wins
  P1 Trick  3: aegis leads 2H, omega_bots plays 8H -> omega_bots wins
  P1 Trick  4: omega_bots leads AD, aegis plays 3D -> omega_bots wins
  P1 Trick  5: omega_bots leads KS, aegis plays 4S -> omega_bots wins
  P1 Trick  6: omega_bots leads 3C, aegis plays 4C -> aegis wins
  P1 Trick  7: aegis leads JD, omega_bots plays QD -> omega_bots wins
  P1 Trick  8: omega_bots leads 5C, aegis plays 6C -> aegis wins
  P1 Trick  9: aegis leads JC, omega_bots plays AC -> omega_bots wins
  P1 Trick 10: omega_bots leads 5S, aegis plays 6S -> aegis wins
  P1 Trick 11: aegis leads 2D, omega_bots plays 10D -> omega_bots wins
  P1 Trick 12: omega_bots leads 8C, aegis plays 2C -> omega_bots wins
  P1 Trick 13: omega_bots leads KH, aegis plays 4H -> omega_bots wins

--- Phase 2 (Scoring) ---
  P2 Trick  1: omega_bots leads 6D, aegis plays 7D -> aegis wins
  P2 Trick  2: aegis leads AS, omega_bots plays 8S -> aegis wins
  P2 Trick  3: aegis leads 10S, omega_bots plays JS -> omega_bots wins
  P2 Trick  4: omega_bots leads 9S, aegis plays 2S -> omega_bots wins
  P2 Trick  5: omega_bots leads 9H, aegis plays 10H -> aegis wins
  P2 Trick  6: aegis leads 7H, omega_bots plays JH -> omega_bots wins
  P2 Trick  7: omega_bots leads QS, aegis plays 3S -> omega_bots wins
  P2 Trick  8: omega_bots leads QC, aegis plays 7C -> omega_bots wins
  P2 Trick  9: omega_bots leads 9C, aegis plays 4D -> omega_bots wins
  P2 Trick 10: omega_bots leads 10C, aegis plays 5H -> omega_bots wins
  P2 Trick 11: omega_bots leads KD, aegis plays 8D -> omega_bots wins
  P2 Trick 12: omega_bots leads QH, aegis plays 6H -> omega_bots wins
  P2 Trick 13: omega_bots leads KC, aegis plays 7S -> omega_bots wins
  Result: aegis 3 - 10 omega_bots
  Winner: omega_bots

============================================================
Game 82
============================================================
Players: omega_bots vs aegis
Trump suit: C
Face-up card: 3C
omega_bots hand: 4C 10C 4D 5D 9D 2H 3H 7H 9H 9S 10S JS AS
aegis hand: JC QC 2D 8D 10D JD KD 4H 10H JH 3S 7S QS
  P1 Trick  1: omega_bots leads AS, aegis plays 3S -> omega_bots wins
  P1 Trick  2: omega_bots leads JS, aegis plays QS -> aegis wins
  P1 Trick  3: aegis leads QC, omega_bots plays 3C -> aegis wins
  P1 Trick  4: aegis leads KD, omega_bots plays 4D -> aegis wins
  P1 Trick  5: aegis leads JC, omega_bots plays 2C -> aegis wins
  P1 Trick  6: aegis leads 2D, omega_bots plays 5D -> omega_bots wins
  P1 Trick  7: omega_bots leads 2H, aegis plays 4H -> aegis wins
  P1 Trick  8: aegis leads 6H, omega_bots plays 3H -> aegis wins
  P1 Trick  9: aegis leads 5H, omega_bots plays 7H -> omega_bots wins
  P1 Trick 10: omega_bots leads 2S, aegis plays 7S -> aegis wins
  P1 Trick 11: aegis leads AC, omega_bots plays 4C -> aegis wins
  P1 Trick 12: aegis leads AD, omega_bots plays 3D -> aegis wins
  P1 Trick 13: aegis leads KS, omega_bots plays 4S -> aegis wins

--- Phase 2 (Scoring) ---
  P2 Trick  1: aegis leads JD, omega_bots plays QD -> omega_bots wins
  P2 Trick  2: omega_bots leads 6S, aegis plays 5S -> omega_bots wins
  P2 Trick  3: omega_bots leads 6D, aegis plays 7D -> aegis wins
  P2 Trick  4: aegis leads QH, omega_bots plays KH -> omega_bots wins
  P2 Trick  5: omega_bots leads 8H, aegis plays 10H -> aegis wins
  P2 Trick  6: aegis leads 10D, omega_bots plays 9D -> aegis wins
  P2 Trick  7: aegis leads JH, omega_bots plays AH -> omega_bots wins
  P2 Trick  8: omega_bots leads 10S, aegis plays 5C -> aegis wins
  P2 Trick  9: aegis leads 8D, omega_bots plays 10C -> omega_bots wins
  P2 Trick 10: omega_bots leads 8S, aegis plays 6C -> aegis wins
  P2 Trick 11: aegis leads 7C, omega_bots plays KC -> omega_bots wins
  P2 Trick 12: omega_bots leads 9S, aegis plays 8C -> aegis wins
  P2 Trick 13: aegis leads 9C, omega_bots plays 9H -> aegis wins
  Result: omega_bots 6 - 7 aegis
  Winner: aegis

============================================================
Game 83
============================================================
Players: aegis vs omega_bots
Trump suit: H
Face-up card: 7H
aegis hand: 9C AC 4D 7D JD 4H 5H 10H KH 2S 9S 10S JS
omega_bots hand: 7C 8C 10C QC KC 3D 9D QD 3H 6H QH 4S KS
  P1 Trick  1: aegis leads AC, omega_bots plays 7C -> aegis wins
  P1 Trick  2: aegis leads 2S, omega_bots plays 4S -> omega_bots wins
  P1 Trick  3: omega_bots leads 3H, aegis plays 4H -> aegis wins
  P1 Trick  4: aegis leads 2D, omega_bots plays 3D -> omega_bots wins
  P1 Trick  5: omega_bots leads AD, aegis plays 4D -> omega_bots wins
  P1 Trick  6: omega_bots leads 2C, aegis plays 4C -> aegis wins
  P1 Trick  7: aegis leads 6D, omega_bots plays 8D -> omega_bots wins
  P1 Trick  8: omega_bots leads 3S, aegis plays 9S -> aegis wins
  P1 Trick  9: aegis leads 6S, omega_bots plays KS -> omega_bots wins
  P1 Trick 10: omega_bots leads 3C, aegis plays 9C -> aegis wins
  P1 Trick 11: aegis leads 7D, omega_bots plays 9D -> omega_bots wins
  P1 Trick 12: omega_bots leads AS, aegis plays 7S -> omega_bots wins
  P1 Trick 13: omega_bots leads 5C, aegis plays 2H -> aegis wins

--- Phase 2 (Scoring) ---
  P2 Trick  1: aegis leads JD, omega_bots plays QD -> omega_bots wins
  P2 Trick  2: omega_bots leads 5S, aegis plays 8S -> aegis wins
  P2 Trick  3: aegis leads JS, omega_bots plays QS -> omega_bots wins
  P2 Trick  4: omega_bots leads 6C, aegis plays JC -> aegis wins
  P2 Trick  5: aegis leads 10D, omega_bots plays KD -> omega_bots wins
  P2 Trick  6: omega_bots leads 8C, aegis plays 5H -> aegis wins
  P2 Trick  7: aegis leads 10S, omega_bots plays 6H -> omega_bots wins
  P2 Trick  8: omega_bots leads QC, aegis plays 7H -> aegis wins
  P2 Trick  9: aegis leads 5D, omega_bots plays 8H -> omega_bots wins
  P2 Trick 10: omega_bots leads QH, aegis plays KH -> aegis wins
  P2 Trick 11: aegis leads 9H, omega_bots plays AH -> omega_bots wins
  P2 Trick 12: omega_bots leads KC, aegis plays 10H -> aegis wins
  P2 Trick 13: aegis leads JH, omega_bots plays 10C -> aegis wins
  Result: aegis 7 - 6 omega_bots
  Winner: aegis

============================================================
Game 84
============================================================
Players: omega_bots vs aegis
Trump suit: H
Face-up card: 9H
omega_bots hand: 3C JC AC 3D 8D 9D 10D 3H 4H AH 10S QS KS
aegis hand: 5C 7C 4D 7D QD 5H 8H 10H 2S 4S 5S 6S JS
  P1 Trick  1: omega_bots leads AC, aegis plays 5C -> omega_bots wins
  P1 Trick  2: omega_bots leads 3D, aegis plays 4D -> aegis wins
  P1 Trick  3: aegis leads 10H, omega_bots plays AH -> omega_bots wins
  P1 Trick  4: omega_bots leads 2D, aegis plays 7D -> aegis wins
  P1 Trick  5: aegis leads 2S, omega_bots plays 10S -> omega_bots wins
  P1 Trick  6: omega_bots leads 3C, aegis plays 7C -> aegis wins
  P1 Trick  7: aegis leads JH, omega_bots plays 3H -> aegis wins
  P1 Trick  8: aegis leads 2C, omega_bots plays JC -> omega_bots wins
  P1 Trick  9: omega_bots leads 2H, aegis plays 5H -> aegis wins
  P1 Trick 10: aegis leads 4S, omega_bots plays 3S -> aegis wins
  P1 Trick 11: aegis leads QH, omega_bots plays 4H -> aegis wins
  P1 Trick 12: aegis leads QD, omega_bots plays 5D -> aegis wins
  P1 Trick 13: aegis leads 5S, omega_bots plays 7S -> omega_bots wins

--- Phase 2 (Scoring) ---
  P2 Trick  1: omega_bots leads 8D, aegis plays JD -> aegis wins
  P2 Trick  2: aegis leads 10C, omega_bots plays QC -> omega_bots wins
  P2 Trick  3: omega_bots leads AD, aegis plays 6D -> omega_bots wins
  P2 Trick  4: omega_bots leads KD, aegis plays 6H -> aegis wins
  P2 Trick  5: aegis leads JS, omega_bots plays QS -> omega_bots wins
  P2 Trick  6: omega_bots leads 10D, aegis plays 7H -> aegis wins
  P2 Trick  7: aegis leads 9C, omega_bots plays KC -> omega_bots wins
  P2 Trick  8: omega_bots leads KS, aegis plays 6S -> omega_bots wins
  P2 Trick  9: omega_bots leads 8C, aegis plays 4C -> omega_bots wins
  P2 Trick 10: omega_bots leads AS, aegis plays 9S -> omega_bots wins
  P2 Trick 11: omega_bots leads 9D, aegis plays 8H -> aegis wins
  P2 Trick 12: aegis leads 6C, omega_bots plays 9H -> omega_bots wins
  P2 Trick 13: omega_bots leads 8S, aegis plays KH -> aegis wins
  Result: omega_bots 8 - 5 aegis
  Winner: omega_bots

============================================================
Game 85
============================================================
Players: aegis vs omega_bots
Trump suit: H
Face-up card: KH
aegis hand: 3C 4C JC QC 5D 10D 5H 7H 8H 5S 6S 10S KS
omega_bots hand: 8C 10C KC AC 6D KD 4H 10H JH 2S 7S 8S JS
  P1 Trick  1: aegis leads 8H, omega_bots plays 10H -> omega_bots wins
  P1 Trick  2: omega_bots leads AC, aegis plays 3C -> omega_bots wins
  P1 Trick  3: omega_bots leads 2S, aegis plays 3S -> aegis wins
  P1 Trick  4: aegis leads 4C, omega_bots plays 6C -> omega_bots wins
  P1 Trick  5: omega_bots leads 4H, aegis plays 5H -> aegis wins
  P1 Trick  6: aegis leads 5D, omega_bots plays 6D -> omega_bots wins
  P1 Trick  7: omega_bots leads 3D, aegis plays 7D -> aegis wins
  P1 Trick  8: aegis leads AS, omega_bots plays 7S -> aegis wins
  P1 Trick  9: aegis leads 2D, omega_bots plays QD -> omega_bots wins
  P1 Trick 10: omega_bots leads 3H, aegis plays 7H -> aegis wins
  P1 Trick 11: aegis leads 4S, omega_bots plays 8S -> omega_bots wins
  P1 Trick 12: omega_bots leads AD, aegis plays 8D -> omega_bots wins
  P1 Trick 13: omega_bots leads KD, aegis plays 10D -> omega_bots wins

--- Phase 2 (Scoring) ---
  P2 Trick  1: omega_bots leads 4D, aegis plays JD -> aegis wins
  P2 Trick  2: aegis leads QC, omega_bots plays KC -> omega_bots wins
  P2 Trick  3: omega_bots leads 8C, aegis plays 9C -> aegis wins
  P2 Trick  4: aegis leads KS, omega_bots plays 9S -> aegis wins
  P2 Trick  5: aegis leads QS, omega_bots plays JS -> aegis wins
  P2 Trick  6: aegis leads JC, omega_bots plays 10C -> aegis wins
  P2 Trick  7: aegis leads 10S, omega_bots plays 2H -> omega_bots wins
  P2 Trick  8: omega_bots leads JH, aegis plays 9H -> omega_bots wins
  P2 Trick  9: omega_bots leads AH, aegis plays 2C -> omega_bots wins
  P2 Trick 10: omega_bots leads 6H, aegis plays 5S -> omega_bots wins
  P2 Trick 11: omega_bots leads QH, aegis plays 5C -> omega_bots wins
  P2 Trick 12: omega_bots leads 9D, aegis plays 6S -> omega_bots wins
  P2 Trick 13: omega_bots leads KH, aegis plays 7C -> omega_bots wins
  Result: aegis 5 - 8 omega_bots
  Winner: omega_bots

============================================================
Game 86
============================================================
Players: omega_bots vs aegis
Trump suit: C
Face-up card: 9C
omega_bots hand: 4C 6C 5D 7D 5H 9H JH QH 7S 8S 10S JS QS
aegis hand: 2C 5C 7C AC 4D 10D AD 2H 7H AH 4S 5S 9S
  P1 Trick  1: omega_bots leads QH, aegis plays AH -> aegis wins
  P1 Trick  2: aegis leads 2H, omega_bots plays 5H -> omega_bots wins
  P1 Trick  3: omega_bots leads QS, aegis plays 4S -> omega_bots wins
  P1 Trick  4: omega_bots leads JS, aegis plays 5S -> omega_bots wins
  P1 Trick  5: omega_bots leads 3S, aegis plays 9S -> aegis wins
  P1 Trick  6: aegis leads AC, omega_bots plays 3C -> aegis wins
  P1 Trick  7: aegis leads 2D, omega_bots plays 5D -> omega_bots wins
  P1 Trick  8: omega_bots leads KH, aegis plays 7H -> omega_bots wins
  P1 Trick  9: omega_bots leads 4C, aegis plays 2C -> omega_bots wins
  P1 Trick 10: omega_bots leads AS, aegis plays 6S -> omega_bots wins
  P1 Trick 11: omega_bots leads 2S, aegis plays 5C -> aegis wins
  P1 Trick 12: aegis leads 3D, omega_bots plays 7D -> omega_bots wins
  P1 Trick 13: omega_bots leads KS, aegis plays 7C -> aegis wins

--- Phase 2 (Scoring) ---
  P2 Trick  1: aegis leads KC, omega_bots plays 6C -> aegis wins
  P2 Trick  2: aegis leads AD, omega_bots plays 8D -> aegis wins
  P2 Trick  3: aegis leads KD, omega_bots plays 9D -> aegis wins
  P2 Trick  4: aegis leads QD, omega_bots plays JC -> omega_bots wins
  P2 Trick  5: omega_bots leads 10S, aegis plays 8C -> aegis wins
  P2 Trick  6: aegis leads JD, omega_bots plays QC -> omega_bots wins
  P2 Trick  7: omega_bots leads 8S, aegis plays 9C -> aegis wins
  P2 Trick  8: aegis leads 10D, omega_bots plays 3H -> aegis wins
  P2 Trick  9: aegis leads 10H, omega_bots plays JH -> omega_bots wins
  P2 Trick 10: omega_bots leads 9H, aegis plays 8H -> omega_bots wins
  P2 Trick 11: omega_bots leads 4H, aegis plays 10C -> aegis wins
  P2 Trick 12: aegis leads 6D, omega_bots plays 6H -> aegis wins
  P2 Trick 13: aegis leads 4D, omega_bots plays 7S -> aegis wins
  Result: omega_bots 4 - 9 aegis
  Winner: aegis

============================================================
Game 87
============================================================
Players: aegis vs omega_bots
Trump suit: H
Face-up card: 2H
aegis hand: 3C 4C 10C KC JD KD 3H 4H 9H AH 6S QS AS
omega_bots hand: 8C JC 2D 5D 8D 9D AD 7H QH 2S 5S 9S JS
  P1 Trick  1: aegis leads AH, omega_bots plays 7H -> aegis wins
  P1 Trick  2: aegis leads 3C, omega_bots plays 8C -> omega_bots wins
  P1 Trick  3: omega_bots leads 2S, aegis plays 6S -> aegis wins
  P1 Trick  4: aegis leads 2C, omega_bots plays 7C -> omega_bots wins
  P1 Trick  5: omega_bots leads 2D, aegis plays JD -> aegis wins
  P1 Trick  6: aegis leads 4C, omega_bots plays JC -> omega_bots wins
  P1 Trick  7: omega_bots leads 4D, aegis plays KD -> aegis wins
  P1 Trick  8: aegis leads 3S, omega_bots plays 5S -> omega_bots wins
  P1 Trick  9: omega_bots leads AD, aegis plays 2H -> aegis wins
  P1 Trick 10: aegis leads AS, omega_bots plays 9S -> aegis wins
  P1 Trick 11: aegis leads AC, omega_bots plays 5C -> aegis wins
  P1 Trick 12: aegis leads KC, omega_bots plays 6C -> aegis wins
  P1 Trick 13: aegis leads 7S, omega_bots plays 4S -> aegis wins

--- Phase 2 (Scoring) ---
  P2 Trick  1: aegis leads QS, omega_bots plays KS -> omega_bots wins
  P2 Trick  2: omega_bots leads 10D, aegis plays QD -> aegis wins
  P2 Trick  3: aegis leads QC, omega_bots plays 9C -> aegis wins
  P2 Trick  4: aegis leads 10S, omega_bots plays JS -> omega_bots wins
  P2 Trick  5: omega_bots leads 9D, aegis plays 7D -> omega_bots wins
  P2 Trick  6: omega_bots leads 8D, aegis plays 3H -> aegis wins
  P2 Trick  7: aegis leads 10C, omega_bots plays 6H -> omega_bots wins
  P2 Trick  8: omega_bots leads 5D, aegis plays 4H -> aegis wins
  P2 Trick  9: aegis leads 8S, omega_bots plays 10H -> omega_bots wins
  P2 Trick 10: omega_bots leads 6D, aegis plays 5H -> aegis wins
  P2 Trick 11: aegis leads 8H, omega_bots plays QH -> omega_bots wins
  P2 Trick 12: omega_bots leads 3D, aegis plays 9H -> aegis wins
  P2 Trick 13: aegis leads JH, omega_bots plays KH -> omega_bots wins
  Result: aegis 6 - 7 omega_bots
  Winner: omega_bots

============================================================
Game 88
============================================================
Players: omega_bots vs aegis
Trump suit: D
Face-up card: 5D
omega_bots hand: 4C 9C AC 7D JD QD 3H 2S 3S 7S 9S JS AS
aegis hand: 2C 3C 7C 8C 2D 3D AD 7H JH KH 4S 10S KS
  P1 Trick  1: omega_bots leads AC, aegis plays 2C -> omega_bots wins
  P1 Trick  2: omega_bots leads AS, aegis plays 4S -> omega_bots wins
  P1 Trick  3: omega_bots leads QH, aegis plays KH -> aegis wins
  P1 Trick  4: aegis leads 3C, omega_bots plays 4C -> omega_bots wins
  P1 Trick  5: omega_bots leads 2S, aegis plays 10S -> aegis wins
  P1 Trick  6: aegis leads 5C, omega_bots plays 9C -> omega_bots wins
  P1 Trick  7: omega_bots leads 3H, aegis plays 7H -> aegis wins
  P1 Trick  8: aegis leads 4H, omega_bots plays 5H -> omega_bots wins
  P1 Trick  9: omega_bots leads JS, aegis plays KS -> aegis wins
  P1 Trick 10: aegis leads 7C, omega_bots plays 10C -> omega_bots wins
  P1 Trick 11: omega_bots leads 10H, aegis plays JH -> aegis wins
  P1 Trick 12: aegis leads 8C, omega_bots plays 2H -> aegis wins
  P1 Trick 13: aegis leads AD, omega_bots plays 5D -> aegis wins

--- Phase 2 (Scoring) ---
  P2 Trick  1: aegis leads KC, omega_bots plays 7D -> omega_bots wins
  P2 Trick  2: omega_bots leads 3S, aegis plays QS -> aegis wins
  P2 Trick  3: aegis leads QC, omega_bots plays 10D -> omega_bots wins
  P2 Trick  4: omega_bots leads 5S, aegis plays 2D -> aegis wins
  P2 Trick  5: aegis leads AH, omega_bots plays 6H -> aegis wins
  P2 Trick  6: aegis leads JC, omega_bots plays JD -> omega_bots wins
  P2 Trick  7: omega_bots leads 6S, aegis plays 3D -> aegis wins
  P2 Trick  8: aegis leads 9H, omega_bots plays 8H -> aegis wins
  P2 Trick  9: aegis leads 6C, omega_bots plays QD -> omega_bots wins
  P2 Trick 10: omega_bots leads 7S, aegis plays 4D -> aegis wins
  P2 Trick 11: aegis leads 6D, omega_bots plays KD -> omega_bots wins
  P2 Trick 12: omega_bots leads 8S, aegis plays 8D -> aegis wins
  P2 Trick 13: aegis leads 9D, omega_bots plays 9S -> aegis wins
  Result: omega_bots 5 - 8 aegis
  Winner: aegis

============================================================
Game 89
============================================================
Players: aegis vs omega_bots
Trump suit: H
Face-up card: 5H
aegis hand: 6C 8C JC 5D KD 4H 6H 8H AH 2S 4S 7S QS
omega_bots hand: 3C 7C 4D 8D QD 2H 9H 10H QH 6S 8S 9S KS
  P1 Trick  1: aegis leads AH, omega_bots plays 2H -> aegis wins
  P1 Trick  2: aegis leads 2S, omega_bots plays 6S -> omega_bots wins
  P1 Trick  3: omega_bots leads 3C, aegis plays 6C -> aegis wins
  P1 Trick  4: aegis leads 4S, omega_bots plays 8S -> omega_bots wins
  P1 Trick  5: omega_bots leads KS, aegis plays 7S -> omega_bots wins
  P1 Trick  6: omega_bots leads AS, aegis plays QS -> omega_bots wins
  P1 Trick  7: omega_bots leads QD, aegis plays KD -> aegis wins
  P1 Trick  8: aegis leads KH, omega_bots plays 7H -> aegis wins
  P1 Trick  9: aegis leads 5D, omega_bots plays 4D -> aegis wins
  P1 Trick 10: aegis leads JH, omega_bots plays QH -> omega_bots wins
  P1 Trick 11: omega_bots leads 2C, aegis plays 4C -> aegis wins
  P1 Trick 12: aegis leads 2D, omega_bots plays 7D -> omega_bots wins
  P1 Trick 13: omega_bots leads 3S, aegis plays 3H -> aegis wins

--- Phase 2 (Scoring) ---
  P2 Trick  1: aegis leads AC, omega_bots plays 5C -> aegis wins
  P2 Trick  2: aegis leads 10D, omega_bots plays JD -> omega_bots wins
  P2 Trick  3: omega_bots leads 5S, aegis plays JS -> aegis wins
  P2 Trick  4: aegis leads KC, omega_bots plays 7C -> aegis wins
  P2 Trick  5: aegis leads 9D, omega_bots plays AD -> omega_bots wins
  P2 Trick  6: omega_bots leads 8D, aegis plays 3D -> omega_bots wins
  P2 Trick  7: omega_bots leads 9S, aegis plays 4H -> aegis wins
  P2 Trick  8: aegis leads JC, omega_bots plays QC -> omega_bots wins
  P2 Trick  9: omega_bots leads 10S, aegis plays 5H -> aegis wins
  P2 Trick 10: aegis leads 8C, omega_bots plays 9C -> omega_bots wins
  P2 Trick 11: omega_bots leads 9H, aegis plays 6H -> omega_bots wins
  P2 Trick 12: omega_bots leads 10H, aegis plays 8H -> omega_bots wins
  P2 Trick 13: omega_bots leads 10C, aegis plays 6D -> omega_bots wins
  Result: aegis 5 - 8 omega_bots
  Winner: omega_bots

============================================================
Game 90
============================================================
Players: omega_bots vs aegis
Trump suit: D
Face-up card: AD
omega_bots hand: 4C 8C 10C JC 5D 7D 2H 4H 5H 6H 7H 2S 8S
aegis hand: 7C KC 2D 6D 3H 9H 10H JH 3S 6S 10S QS KS
  P1 Trick  1: omega_bots leads JC, aegis plays KC -> aegis wins
  P1 Trick  2: aegis leads 3H, omega_bots plays 2H -> aegis wins
  P1 Trick  3: aegis leads AD, omega_bots plays 5D -> aegis wins
  P1 Trick  4: aegis leads JD, omega_bots plays 7D -> aegis wins
  P1 Trick  5: aegis leads 3S, omega_bots plays 2S -> aegis wins
  P1 Trick  6: aegis leads 5S, omega_bots plays 7S -> omega_bots wins
  P1 Trick  7: omega_bots leads 4H, aegis plays 9H -> aegis wins
  P1 Trick  8: aegis leads QD, omega_bots plays KD -> omega_bots wins
  P1 Trick  9: omega_bots leads AH, aegis plays 10H -> omega_bots wins
  P1 Trick 10: omega_bots leads 3D, aegis plays 2D -> omega_bots wins
  P1 Trick 11: omega_bots leads QH, aegis plays KH -> aegis wins
  P1 Trick 12: aegis leads 2C, omega_bots plays 4C -> omega_bots wins
  P1 Trick 13: omega_bots leads 4S, aegis plays 6S -> aegis wins

--- Phase 2 (Scoring) ---
  P2 Trick  1: aegis leads AS, omega_bots plays 8S -> aegis wins
  P2 Trick  2: aegis leads 9C, omega_bots plays 10C -> omega_bots wins
  P2 Trick  3: omega_bots leads 5H, aegis plays JH -> aegis wins
  P2 Trick  4: aegis leads KS, omega_bots plays 9S -> aegis wins
  P2 Trick  5: aegis leads 7C, omega_bots plays 8C -> omega_bots wins
  P2 Trick  6: omega_bots leads 5C, aegis plays 6C -> aegis wins
  P2 Trick  7: aegis leads QS, omega_bots plays JS -> aegis wins
  P2 Trick  8: aegis leads 10S, omega_bots plays 9D -> omega_bots wins
  P2 Trick  9: omega_bots leads QC, aegis plays 3C -> omega_bots wins
  P2 Trick 10: omega_bots leads AC, aegis plays 4D -> aegis wins
  P2 Trick 11: aegis leads 6D, omega_bots plays 6H -> aegis wins
  P2 Trick 12: aegis leads 8D, omega_bots plays 7H -> aegis wins
  P2 Trick 13: aegis leads 10D, omega_bots plays 8H -> aegis wins
  Result: omega_bots 4 - 9 aegis
  Winner: aegis

============================================================
Game 91
============================================================
Players: aegis vs omega_bots
Trump suit: S
Face-up card: KS
aegis hand: 3C 5C 9C JC QC 4D 4H KH 2S 5S 6S 9S QS
omega_bots hand: 4C 7C AC 7D 9D 10D 5H 7H 8H QH AH 7S 8S
  P1 Trick  1: aegis leads QS, omega_bots plays 7S -> aegis wins
  P1 Trick  2: aegis leads 3C, omega_bots plays 4C -> omega_bots wins
  P1 Trick  3: omega_bots leads AC, aegis plays 5C -> omega_bots wins
  P1 Trick  4: omega_bots leads AH, aegis plays 3H -> omega_bots wins
  P1 Trick  5: omega_bots leads KC, aegis plays 9C -> omega_bots wins
  P1 Trick  6: omega_bots leads AD, aegis plays 4D -> omega_bots wins
  P1 Trick  7: omega_bots leads QH, aegis plays KH -> aegis wins
  P1 Trick  8: aegis leads JS, omega_bots plays 4S -> aegis wins
  P1 Trick  9: aegis leads 4H, omega_bots plays 5H -> omega_bots wins
  P1 Trick 10: omega_bots leads QD, aegis plays 2D -> omega_bots wins
  P1 Trick 11: omega_bots leads 2C, aegis plays 10C -> aegis wins
  P1 Trick 12: aegis leads 3D, omega_bots plays 6D -> omega_bots wins
  P1 Trick 13: omega_bots leads 5D, aegis plays 8D -> aegis wins

--- Phase 2 (Scoring) ---
  P2 Trick  1: aegis leads KS, omega_bots plays 8S -> aegis wins
  P2 Trick  2: aegis leads AS, omega_bots plays 10S -> aegis wins
  P2 Trick  3: aegis leads QC, omega_bots plays 7C -> aegis wins
  P2 Trick  4: aegis leads JC, omega_bots plays 8C -> aegis wins
  P2 Trick  5: aegis leads 10H, omega_bots plays JH -> omega_bots wins
  P2 Trick  6: omega_bots leads 2H, aegis plays 9H -> aegis wins
  P2 Trick  7: aegis leads JD, omega_bots plays KD -> omega_bots wins
  P2 Trick  8: omega_bots leads 7H, aegis plays 2S -> aegis wins
  P2 Trick  9: aegis leads 6C, omega_bots plays 6H -> aegis wins
  P2 Trick 10: aegis leads 3S, omega_bots plays 7D -> aegis wins
  P2 Trick 11: aegis leads 5S, omega_bots plays 8H -> aegis wins
  P2 Trick 12: aegis leads 6S, omega_bots plays 9D -> aegis wins
  P2 Trick 13: aegis leads 9S, omega_bots plays 10D -> aegis wins
  Result: aegis 11 - 2 omega_bots
  Winner: aegis

============================================================
Game 92
============================================================
Players: omega_bots vs aegis
Trump suit: D
Face-up card: QD
omega_bots hand: QC AD 4H 8H QH KH AH 3S 5S 6S 7S 10S AS
aegis hand: 2C 3C 5C KC AC 10D JD KD 2H 5H 10H JH QS
  P1 Trick  1: omega_bots leads AH, aegis plays 2H -> omega_bots wins
  P1 Trick  2: omega_bots leads AS, aegis plays QS -> omega_bots wins
  P1 Trick  3: omega_bots leads KH, aegis plays 5H -> omega_bots wins
  P1 Trick  4: omega_bots leads 3S, aegis plays 4D -> aegis wins
  P1 Trick  5: aegis leads AC, omega_bots plays 4C -> aegis wins
  P1 Trick  6: aegis leads 2C, omega_bots plays QC -> omega_bots wins
  P1 Trick  7: omega_bots leads 2D, aegis plays 7D -> aegis wins
  P1 Trick  8: aegis leads KC, omega_bots plays 3D -> omega_bots wins
  P1 Trick  9: omega_bots leads KS, aegis plays 9S -> omega_bots wins
  P1 Trick 10: omega_bots leads 4H, aegis plays 6H -> aegis wins
  P1 Trick 11: aegis leads 3C, omega_bots plays 3H -> aegis wins
  P1 Trick 12: aegis leads 5C, omega_bots plays 2S -> aegis wins
  P1 Trick 13: aegis leads JH, omega_bots plays QH -> omega_bots wins

--- Phase 2 (Scoring) ---
  P2 Trick  1: omega_bots leads 4S, aegis plays 8S -> aegis wins
  P2 Trick  2: aegis leads JC, omega_bots plays 5D -> omega_bots wins
  P2 Trick  3: omega_bots leads 5S, aegis plays JS -> aegis wins
  P2 Trick  4: aegis leads 10C, omega_bots plays 6D -> omega_bots wins
  P2 Trick  5: omega_bots leads 6S, aegis plays 10D -> aegis wins
  P2 Trick  6: aegis leads 9C, omega_bots plays 8D -> omega_bots wins
  P2 Trick  7: omega_bots leads 7S, aegis plays JD -> aegis wins
  P2 Trick  8: aegis leads 8C, omega_bots plays 9D -> omega_bots wins
  P2 Trick  9: omega_bots leads QD, aegis plays KD -> aegis wins
  P2 Trick 10: aegis leads 10H, omega_bots plays 7H -> aegis wins
  P2 Trick 11: aegis leads 7C, omega_bots plays AD -> omega_bots wins
  P2 Trick 12: omega_bots leads 8H, aegis plays 9H -> aegis wins
  P2 Trick 13: aegis leads 6C, omega_bots plays 10S -> aegis wins
  Result: omega_bots 5 - 8 aegis
  Winner: aegis

============================================================
Game 93
============================================================
Players: aegis vs omega_bots
Trump suit: S
Face-up card: 9S
aegis hand: 10C 3D 9D JD KD 2H 4H 7H 10H 6S 8S JS AS
omega_bots hand: 4C 7C KC 2D 5H 6H 8H 9H QH 4S 7S QS KS
  P1 Trick  1: aegis leads AS, omega_bots plays 4S -> aegis wins
  P1 Trick  2: aegis leads KD, omega_bots plays 2D -> aegis wins
  P1 Trick  3: aegis leads 2H, omega_bots plays 5H -> omega_bots wins
  P1 Trick  4: omega_bots leads KC, aegis plays 3C -> omega_bots wins
  P1 Trick  5: omega_bots leads 4C, aegis plays 10C -> aegis wins
  P1 Trick  6: aegis leads QC, omega_bots plays 7C -> aegis wins
  P1 Trick  7: aegis leads 3D, omega_bots plays 7D -> omega_bots wins
  P1 Trick  8: omega_bots leads AD, aegis plays 9D -> omega_bots wins
  P1 Trick  9: omega_bots leads KH, aegis plays 3H -> omega_bots wins
  P1 Trick 10: omega_bots leads AC, aegis plays 8C -> omega_bots wins
  P1 Trick 11: omega_bots leads QH, aegis plays 4H -> omega_bots wins
  P1 Trick 12: omega_bots leads 2S, aegis plays 5S -> aegis wins
  P1 Trick 13: aegis leads 2C, omega_bots plays 5C -> omega_bots wins

--- Phase 2 (Scoring) ---
  P2 Trick  1: omega_bots leads 4D, aegis plays 5D -> aegis wins
  P2 Trick  2: aegis leads QD, omega_bots plays 8D -> aegis wins
  P2 Trick  3: aegis leads JD, omega_bots plays 10D -> aegis wins
  P2 Trick  4: aegis leads JC, omega_bots plays 6C -> aegis wins
  P2 Trick  5: aegis leads 10H, omega_bots plays JH -> omega_bots wins
  P2 Trick  6: omega_bots leads 6H, aegis plays 7H -> aegis wins
  P2 Trick  7: aegis leads 9C, omega_bots plays 7S -> omega_bots wins
  P2 Trick  8: omega_bots leads AH, aegis plays 3S -> aegis wins
  P2 Trick  9: aegis leads 6D, omega_bots plays 10S -> omega_bots wins
  P2 Trick 10: omega_bots leads QS, aegis plays 6S -> omega_bots wins
  P2 Trick 11: omega_bots leads KS, aegis plays 8S -> omega_bots wins
  P2 Trick 12: omega_bots leads 9H, aegis plays 9S -> aegis wins
  P2 Trick 13: aegis leads JS, omega_bots plays 8H -> aegis wins
  Result: aegis 8 - 5 omega_bots
  Winner: aegis

============================================================
Game 94
============================================================
Players: omega_bots vs aegis
Trump suit: C
Face-up card: 10C
omega_bots hand: 6C 8C 2D 4D JD 9H QH 2S 3S 5S 7S 10S JS
aegis hand: KD AD 2H 3H 4H 5H 6H JH KH AH 9S KS AS
  P1 Trick  1: omega_bots leads QH, aegis plays KH -> aegis wins
  P1 Trick  2: aegis leads AD, omega_bots plays 2D -> aegis wins
  P1 Trick  3: aegis leads 10C, omega_bots plays 3C -> aegis wins
  P1 Trick  4: aegis leads AS, omega_bots plays 2S -> aegis wins
  P1 Trick  5: aegis leads AH, omega_bots plays 9H -> aegis wins
  P1 Trick  6: aegis leads 2H, omega_bots plays 3S -> aegis wins
  P1 Trick  7: aegis leads 3H, omega_bots plays 4D -> aegis wins
  P1 Trick  8: aegis leads 4H, omega_bots plays 7H -> omega_bots wins
  P1 Trick  9: omega_bots leads 4S, aegis plays 6S -> aegis wins
  P1 Trick 10: aegis leads AC, omega_bots plays 6C -> aegis wins
  P1 Trick 11: aegis leads KD, omega_bots plays 5D -> aegis wins
  P1 Trick 12: aegis leads JC, omega_bots plays 8C -> aegis wins
  P1 Trick 13: aegis leads 3D, omega_bots plays 7D -> omega_bots wins

--- Phase 2 (Scoring) ---
  P2 Trick  1: omega_bots leads 5S, aegis plays 9S -> aegis wins
  P2 Trick  2: aegis leads QC, omega_bots plays 5C -> aegis wins
  P2 Trick  3: aegis leads KC, omega_bots plays 9C -> aegis wins
  P2 Trick  4: aegis leads JH, omega_bots plays 6D -> aegis wins
  P2 Trick  5: aegis leads 10H, omega_bots plays 7S -> aegis wins
  P2 Trick  6: aegis leads 8H, omega_bots plays 8S -> aegis wins
  P2 Trick  7: aegis leads KS, omega_bots plays 10S -> aegis wins
  P2 Trick  8: aegis leads 6H, omega_bots plays 8D -> aegis wins
  P2 Trick  9: aegis leads QS, omega_bots plays JS -> aegis wins
  P2 Trick 10: aegis leads 5H, omega_bots plays 9D -> aegis wins
  P2 Trick 11: aegis leads 2C, omega_bots plays 10D -> aegis wins
  P2 Trick 12: aegis leads 4C, omega_bots plays JD -> aegis wins
  P2 Trick 13: aegis leads 7C, omega_bots plays QD -> aegis wins
  Result: omega_bots 0 - 13 aegis
  Winner: aegis

============================================================
Game 95
============================================================
Players: aegis vs omega_bots
Trump suit: S
Face-up card: AS
aegis hand: 3C 9C 10C 4D 9D 4H 5H 6H 8H 9H 10H 5S 9S
omega_bots hand: 2C 7C 8C AC 2D 6D 8D AD QH KH 7S 8S QS
  P1 Trick  1: aegis leads 9S, omega_bots plays QS -> omega_bots wins
  P1 Trick  2: omega_bots leads 2D, aegis plays 4D -> aegis wins
  P1 Trick  3: aegis leads QD, omega_bots plays 6D -> aegis wins
  P1 Trick  4: aegis leads JH, omega_bots plays QH -> omega_bots wins
  P1 Trick  5: omega_bots leads AD, aegis plays 9D -> omega_bots wins
  P1 Trick  6: omega_bots leads 2C, aegis plays 3C -> aegis wins
  P1 Trick  7: aegis leads 10C, omega_bots plays 7C -> aegis wins
  P1 Trick  8: aegis leads JS, omega_bots plays AS -> omega_bots wins
  P1 Trick  9: omega_bots leads 4S, aegis plays 3S -> omega_bots wins
  P1 Trick 10: omega_bots leads 5D, aegis plays 10D -> aegis wins
  P1 Trick 11: aegis leads 2H, omega_bots plays KH -> omega_bots wins
  P1 Trick 12: omega_bots leads 3D, aegis plays 7D -> aegis wins
  P1 Trick 13: aegis leads 3H, omega_bots plays AH -> omega_bots wins

--- Phase 2 (Scoring) ---
  P2 Trick  1: omega_bots leads 5C, aegis plays 9C -> aegis wins
  P2 Trick  2: aegis leads 10H, omega_bots plays 2S -> omega_bots wins
  P2 Trick  3: omega_bots leads 6C, aegis plays JC -> aegis wins
  P2 Trick  4: aegis leads 9H, omega_bots plays 6S -> omega_bots wins
  P2 Trick  5: omega_bots leads 8C, aegis plays 4C -> omega_bots wins
  P2 Trick  6: omega_bots leads 8D, aegis plays 5S -> aegis wins
  P2 Trick  7: aegis leads 8H, omega_bots plays 7S -> omega_bots wins
  P2 Trick  8: omega_bots leads QC, aegis plays 10S -> aegis wins
  P2 Trick  9: aegis leads 7H, omega_bots plays 8S -> omega_bots wins
  P2 Trick 10: omega_bots leads AC, aegis plays KS -> aegis wins
  P2 Trick 11: aegis leads 6H, omega_bots plays JD -> aegis wins
  P2 Trick 12: aegis leads 5H, omega_bots plays KC -> aegis wins
  P2 Trick 13: aegis leads 4H, omega_bots plays KD -> aegis wins
  Result: aegis 8 - 5 omega_bots
  Winner: aegis

============================================================
Game 96
============================================================
Players: omega_bots vs aegis
Trump suit: C
Face-up card: 10C
omega_bots hand: 2C 4C 5C 6C 8C 4D 5D 6D KD 6H KH 2S AS
aegis hand: JC 8D 10D JD QD AD 2H 7H 9H JH 5S 7S QS
  P1 Trick  1: omega_bots leads AS, aegis plays 5S -> omega_bots wins
  P1 Trick  2: omega_bots leads 2S, aegis plays 7S -> aegis wins
  P1 Trick  3: aegis leads 2H, omega_bots plays 6H -> omega_bots wins
  P1 Trick  4: omega_bots leads 2C, aegis plays 9C -> aegis wins
  P1 Trick  5: aegis leads 4H, omega_bots plays KH -> omega_bots wins
  P1 Trick  6: omega_bots leads KD, aegis plays AD -> aegis wins
  P1 Trick  7: aegis leads QC, omega_bots plays 4C -> aegis wins
  P1 Trick  8: aegis leads AC, omega_bots plays 5C -> aegis wins
  P1 Trick  9: aegis leads 6S, omega_bots plays 4S -> aegis wins
  P1 Trick 10: aegis leads 7H, omega_bots plays 3H -> aegis wins
  P1 Trick 11: aegis leads QS, omega_bots plays KS -> omega_bots wins
  P1 Trick 12: omega_bots leads 2D, aegis plays 8D -> aegis wins
  P1 Trick 13: aegis leads JC, omega_bots plays 6C -> aegis wins

--- Phase 2 (Scoring) ---
  P2 Trick  1: aegis leads KC, omega_bots plays 8C -> aegis wins
  P2 Trick  2: aegis leads QD, omega_bots plays 3D -> aegis wins
  P2 Trick  3: aegis leads JD, omega_bots plays 4D -> aegis wins
  P2 Trick  4: aegis leads JH, omega_bots plays QH -> omega_bots wins
  P2 Trick  5: omega_bots leads 3S, aegis plays 8S -> aegis wins
  P2 Trick  6: aegis leads 10D, omega_bots plays 5D -> aegis wins
  P2 Trick  7: aegis leads 10H, omega_bots plays AH -> omega_bots wins
  P2 Trick  8: omega_bots leads 5H, aegis plays 9H -> aegis wins
  P2 Trick  9: aegis leads 9D, omega_bots plays 6D -> aegis wins
  P2 Trick 10: aegis leads 10S, omega_bots plays JS -> omega_bots wins
  P2 Trick 11: omega_bots leads 8H, aegis plays 3C -> aegis wins
  P2 Trick 12: aegis leads 7D, omega_bots plays 10C -> omega_bots wins
  P2 Trick 13: omega_bots leads 9S, aegis plays 7C -> aegis wins
  Result: omega_bots 4 - 9 aegis
  Winner: aegis

============================================================
Game 97
============================================================
Players: aegis vs omega_bots
Trump suit: C
Face-up card: 4C
aegis hand: 3D 8D QD 3H 5H 6H 9H 10H 2S 6S 10S KS AS
omega_bots hand: 2C 5C 6C 8C 4D 5D 6D 7D JD 4H 8H 7S JS
  P1 Trick  1: aegis leads AS, omega_bots plays 7S -> aegis wins
  P1 Trick  2: aegis leads 4C, omega_bots plays 5C -> omega_bots wins
  P1 Trick  3: omega_bots leads 2C, aegis plays 2S -> omega_bots wins
  P1 Trick  4: omega_bots leads AD, aegis plays 3D -> omega_bots wins
  P1 Trick  5: omega_bots leads 4H, aegis plays 3H -> omega_bots wins
  P1 Trick  6: omega_bots leads 4D, aegis plays 8D -> aegis wins
  P1 Trick  7: aegis leads AH, omega_bots plays 7H -> aegis wins
  P1 Trick  8: aegis leads KS, omega_bots plays 4S -> aegis wins
  P1 Trick  9: aegis leads 5H, omega_bots plays 8H -> omega_bots wins
  P1 Trick 10: omega_bots leads QH, aegis plays 6H -> omega_bots wins
  P1 Trick 11: omega_bots leads JS, aegis plays QS -> aegis wins
  P1 Trick 12: aegis leads QC, omega_bots plays AC -> omega_bots wins
  P1 Trick 13: omega_bots leads 2H, aegis plays 9H -> aegis wins

--- Phase 2 (Scoring) ---
  P2 Trick  1: aegis leads KD, omega_bots plays 5D -> aegis wins
  P2 Trick  2: aegis leads QD, omega_bots plays 6D -> aegis wins
  P2 Trick  3: aegis leads KH, omega_bots plays 6C -> omega_bots wins
  P2 Trick  4: omega_bots leads 3S, aegis plays 6S -> aegis wins
  P2 Trick  5: aegis leads 10D, omega_bots plays JD -> omega_bots wins
  P2 Trick  6: omega_bots leads 5S, aegis plays 8S -> aegis wins
  P2 Trick  7: aegis leads JH, omega_bots plays 8C -> omega_bots wins
  P2 Trick  8: omega_bots leads 9C, aegis plays 3C -> omega_bots wins
  P2 Trick  9: omega_bots leads 9S, aegis plays 10S -> aegis wins
  P2 Trick 10: aegis leads 9D, omega_bots plays 7D -> aegis wins
  P2 Trick 11: aegis leads 10H, omega_bots plays 10C -> omega_bots wins
  P2 Trick 12: omega_bots leads JC, aegis plays 7C -> omega_bots wins
  P2 Trick 13: omega_bots leads KC, aegis plays 2D -> omega_bots wins
  Result: aegis 6 - 7 omega_bots
  Winner: omega_bots

============================================================
Game 98
============================================================
Players: omega_bots vs aegis
Trump suit: D
Face-up card: 7D
omega_bots hand: 2C 3C 6C 7C 3D 4D 10D 5H QH 7S 10S KS AS
aegis hand: 10C JC 6D 9D KD AD 2H 6H 10H KH 4S 5S JS
  P1 Trick  1: omega_bots leads AS, aegis plays 4S -> omega_bots wins
  P1 Trick  2: omega_bots leads 2C, aegis plays 10C -> aegis wins
  P1 Trick  3: aegis leads KD, omega_bots plays 3D -> aegis wins
  P1 Trick  4: aegis leads 2H, omega_bots plays 5H -> omega_bots wins
  P1 Trick  5: omega_bots leads KS, aegis plays 5S -> omega_bots wins
  P1 Trick  6: omega_bots leads QH, aegis plays KH -> aegis wins
  P1 Trick  7: aegis leads AD, omega_bots plays 4D -> aegis wins
  P1 Trick  8: aegis leads 6H, omega_bots plays 7H -> omega_bots wins
  P1 Trick  9: omega_bots leads 3C, aegis plays 4C -> aegis wins
  P1 Trick 10: aegis leads 6S, omega_bots plays 7S -> omega_bots wins
  P1 Trick 11: omega_bots leads 3H, aegis plays 9H -> aegis wins
  P1 Trick 12: aegis leads 5C, omega_bots plays 6C -> omega_bots wins
  P1 Trick 13: omega_bots leads QS, aegis plays JS -> omega_bots wins

--- Phase 2 (Scoring) ---
  P2 Trick  1: omega_bots leads 2S, aegis plays 3S -> aegis wins
  P2 Trick  2: aegis leads JD, omega_bots plays 7D -> aegis wins
  P2 Trick  3: aegis leads QD, omega_bots plays 8D -> aegis wins
  P2 Trick  4: aegis leads AC, omega_bots plays 7C -> aegis wins
  P2 Trick  5: aegis leads AH, omega_bots plays 4H -> aegis wins
  P2 Trick  6: aegis leads KC, omega_bots plays 8C -> aegis wins
  P2 Trick  7: aegis leads JH, omega_bots plays 8H -> aegis wins
  P2 Trick  8: aegis leads JC, omega_bots plays QC -> omega_bots wins
  P2 Trick  9: omega_bots leads 10S, aegis plays 2D -> aegis wins
  P2 Trick 10: aegis leads 10H, omega_bots plays 10D -> omega_bots wins
  P2 Trick 11: omega_bots leads 9C, aegis plays 5D -> aegis wins
  P2 Trick 12: aegis leads 6D, omega_bots plays 8S -> aegis wins
  P2 Trick 13: aegis leads 9D, omega_bots plays 9S -> aegis wins
  Result: omega_bots 2 - 11 aegis
  Winner: aegis

============================================================
Game 99
============================================================
Players: aegis vs omega_bots
Trump suit: S
Face-up card: KS
aegis hand: 2C 3C 4C 8C AC 7D 8D AD 2H 5H 8H KH AH
omega_bots hand: 9C 10C JC 2D 6D 10D 4H 6H 7H 4S 5S 6S 9S
  P1 Trick  1: aegis leads AH, omega_bots plays 4H -> aegis wins
  P1 Trick  2: aegis leads AD, omega_bots plays 2D -> aegis wins
  P1 Trick  3: aegis leads AC, omega_bots plays 9C -> aegis wins
  P1 Trick  4: aegis leads 2H, omega_bots plays 3H -> omega_bots wins
  P1 Trick  5: omega_bots leads QD, aegis plays 7D -> omega_bots wins
  P1 Trick  6: omega_bots leads 4S, aegis plays 7S -> aegis wins
  P1 Trick  7: aegis leads KS, omega_bots plays 5S -> aegis wins
  P1 Trick  8: aegis leads AS, omega_bots plays 6S -> aegis wins
  P1 Trick  9: aegis leads 2C, omega_bots plays 5C -> omega_bots wins
  P1 Trick 10: omega_bots leads JC, aegis plays 3C -> omega_bots wins
  P1 Trick 11: omega_bots leads 3S, aegis plays 8S -> aegis wins
  P1 Trick 12: aegis leads JS, omega_bots plays QS -> omega_bots wins
  P1 Trick 13: omega_bots leads KC, aegis plays 4C -> omega_bots wins

--- Phase 2 (Scoring) ---
  P2 Trick  1: omega_bots leads 4D, aegis plays 8D -> aegis wins
  P2 Trick  2: aegis leads KH, omega_bots plays 6H -> aegis wins
  P2 Trick  3: aegis leads QH, omega_bots plays 7H -> aegis wins
  P2 Trick  4: aegis leads JH, omega_bots plays 10H -> aegis wins
  P2 Trick  5: aegis leads QC, omega_bots plays 7C -> aegis wins
  P2 Trick  6: aegis leads 9H, omega_bots plays 2S -> omega_bots wins
  P2 Trick  7: omega_bots leads 5D, aegis plays 9D -> aegis wins
  P2 Trick  8: aegis leads 8C, omega_bots plays 10C -> omega_bots wins
  P2 Trick  9: omega_bots leads JD, aegis plays 3D -> omega_bots wins
  P2 Trick 10: omega_bots leads 10D, aegis plays 10S -> aegis wins
  P2 Trick 11: aegis leads 8H, omega_bots plays 9S -> omega_bots wins
  P2 Trick 12: omega_bots leads KD, aegis plays 5H -> omega_bots wins
  P2 Trick 13: omega_bots leads 6D, aegis plays 6C -> omega_bots wins
  Result: aegis 7 - 6 omega_bots
  Winner: aegis

============================================================
Game 100
============================================================
Players: omega_bots vs aegis
Trump suit: D
Face-up card: 2D
omega_bots hand: 4C 5C 7C 9C 6D 7D 8D 8H 9H 10H JH 6S 10S
aegis hand: 3C JC 3D 5D 2H 4H 6H 7H QH AH 3S 8S 9S
  P1 Trick  1: omega_bots leads JH, aegis plays QH -> aegis wins
  P1 Trick  2: aegis leads 5D, omega_bots plays 6D -> omega_bots wins
  P1 Trick  3: omega_bots leads 4C, aegis plays 3C -> omega_bots wins
  P1 Trick  4: omega_bots leads 10S, aegis plays 3S -> omega_bots wins
  P1 Trick  5: omega_bots leads KS, aegis plays 4S -> omega_bots wins
  P1 Trick  6: omega_bots leads 5C, aegis plays 2C -> omega_bots wins
  P1 Trick  7: omega_bots leads KC, aegis plays JC -> omega_bots wins
  P1 Trick  8: omega_bots leads 10H, aegis plays KH -> aegis wins
  P1 Trick  9: aegis leads 2H, omega_bots plays 5H -> omega_bots wins
  P1 Trick 10: omega_bots leads 10C, aegis plays AC -> aegis wins
  P1 Trick 11: aegis leads 4H, omega_bots plays 8H -> omega_bots wins
  P1 Trick 12: omega_bots leads 2S, aegis plays 7S -> aegis wins
  P1 Trick 13: aegis leads 3H, omega_bots plays 9H -> omega_bots wins

--- Phase 2 (Scoring) ---
  P2 Trick  1: omega_bots leads 5S, aegis plays 8S -> aegis wins
  P2 Trick  2: aegis leads AD, omega_bots plays 4D -> aegis wins
  P2 Trick  3: aegis leads AS, omega_bots plays 6S -> aegis wins
  P2 Trick  4: aegis leads AH, omega_bots plays 7D -> omega_bots wins
  P2 Trick  5: omega_bots leads 6C, aegis plays QC -> aegis wins
  P2 Trick  6: aegis leads QS, omega_bots plays 8D -> omega_bots wins
  P2 Trick  7: omega_bots leads 7C, aegis plays 2D -> aegis wins
  P2 Trick  8: aegis leads JS, omega_bots plays 9D -> omega_bots wins
  P2 Trick  9: omega_bots leads QD, aegis plays 3D -> omega_bots wins
  P2 Trick 10: omega_bots leads 10D, aegis plays JD -> aegis wins
  P2 Trick 11: aegis leads 7H, omega_bots plays KD -> omega_bots wins
  P2 Trick 12: omega_bots leads 8C, aegis plays 6H -> omega_bots wins
  P2 Trick 13: omega_bots leads 9C, aegis plays 9S -> omega_bots wins
  Result: omega_bots 7 - 6 aegis
  Winner: omega_bots
