
============================================================
Game 1
============================================================
Players: repeaters vs teambinary
Trump suit: H
Face-up card: 6H
repeaters hand: 4C 9C JC 3D 9D KD AD 5H 10H QH 4S 7S 10S
teambinary hand: 2C 5C 6C 2D 5D 7D 10D 2H 7H 8H JH 3S 8S
  P1 Trick  1: repeaters leads QH, teambinary plays 2H -> repeaters wins
  P1 Trick  2: repeaters leads 10H, teambinary plays JH -> teambinary wins
  P1 Trick  3: teambinary leads 8S, repeaters plays 10S -> repeaters wins
  P1 Trick  4: repeaters leads 3D, teambinary plays 5D -> teambinary wins
  P1 Trick  5: teambinary leads AH, repeaters plays 5H -> teambinary wins
  P1 Trick  6: teambinary leads 5S, repeaters plays 4S -> teambinary wins
  P1 Trick  7: teambinary leads 3S, repeaters plays 7S -> repeaters wins
  P1 Trick  8: repeaters leads 6H, teambinary plays 7H -> teambinary wins
  P1 Trick  9: teambinary leads JS, repeaters plays KS -> repeaters wins
  P1 Trick 10: repeaters leads 4H, teambinary plays 8H -> teambinary wins
  P1 Trick 11: teambinary leads 6S, repeaters plays AS -> repeaters wins
  P1 Trick 12: repeaters leads 3C, teambinary plays 5C -> teambinary wins
  P1 Trick 13: teambinary leads 2S, repeaters plays 9S -> repeaters wins

--- Phase 2 (Scoring) ---
  P2 Trick  1: repeaters leads 9D, teambinary plays 10D -> teambinary wins
  P2 Trick  2: teambinary leads KH, repeaters plays 4C -> teambinary wins
  P2 Trick  3: teambinary leads QD, repeaters plays KD -> repeaters wins
  P2 Trick  4: repeaters leads JC, teambinary plays 2C -> repeaters wins
  P2 Trick  5: repeaters leads QC, teambinary plays 6C -> repeaters wins
  P2 Trick  6: repeaters leads QS, teambinary plays 3H -> teambinary wins
  P2 Trick  7: teambinary leads JD, repeaters plays AD -> repeaters wins
  P2 Trick  8: repeaters leads KC, teambinary plays 7C -> repeaters wins
  P2 Trick  9: repeaters leads AC, teambinary plays 10C -> repeaters wins
  P2 Trick 10: repeaters leads 9C, teambinary plays 9H -> teambinary wins
  P2 Trick 11: teambinary leads 8D, repeaters plays 4D -> teambinary wins
  P2 Trick 12: teambinary leads 7D, repeaters plays 6D -> teambinary wins
  P2 Trick 13: teambinary leads 2D, repeaters plays 8C -> teambinary wins
  Result: repeaters 6 - 7 teambinary
  Winner: teambinary

============================================================
Game 2
============================================================
Players: teambinary vs repeaters
Trump suit: C
Face-up card: 2C
teambinary hand: 9C 10C QC AC 3D 6D QD 6H KH 7S JS KS AS
repeaters hand: 4C 8C 2D 4D 5D 8D AD 5H JH 2S 3S 8S QS
  P1 Trick  1: teambinary leads AC, repeaters plays 4C -> teambinary wins
  P1 Trick  2: teambinary leads KH, repeaters plays 5H -> teambinary wins
  P1 Trick  3: teambinary leads 6H, repeaters plays JH -> repeaters wins
  P1 Trick  4: repeaters leads 2D, teambinary plays 3D -> teambinary wins
  P1 Trick  5: teambinary leads 7H, repeaters plays 2S -> teambinary wins
  P1 Trick  6: teambinary leads 4H, repeaters plays 8H -> repeaters wins
  P1 Trick  7: repeaters leads 3S, teambinary plays 7S -> teambinary wins
  P1 Trick  8: teambinary leads AS, repeaters plays 5S -> teambinary wins
  P1 Trick  9: teambinary leads KS, repeaters plays 8S -> teambinary wins
  P1 Trick 10: teambinary leads AH, repeaters plays 9H -> teambinary wins
  P1 Trick 11: teambinary leads QH, repeaters plays 3C -> repeaters wins
  P1 Trick 12: repeaters leads 4D, teambinary plays 6D -> teambinary wins
  P1 Trick 13: teambinary leads 10H, repeaters plays 5D -> teambinary wins

--- Phase 2 (Scoring) ---
  P2 Trick  1: teambinary leads KD, repeaters plays AD -> repeaters wins
  P2 Trick  2: repeaters leads KC, teambinary plays 2C -> repeaters wins
  P2 Trick  3: repeaters leads 7D, teambinary plays 10D -> teambinary wins
  P2 Trick  4: teambinary leads QC, repeaters plays 5C -> teambinary wins
  P2 Trick  5: teambinary leads QD, repeaters plays 8D -> teambinary wins
  P2 Trick  6: teambinary leads JS, repeaters plays QS -> repeaters wins
  P2 Trick  7: repeaters leads 9D, teambinary plays 9C -> teambinary wins
  P2 Trick  8: teambinary leads JC, repeaters plays 6C -> teambinary wins
  P2 Trick  9: teambinary leads 10C, repeaters plays 7C -> teambinary wins
  P2 Trick 10: teambinary leads 10S, repeaters plays 9S -> teambinary wins
  P2 Trick 11: teambinary leads 6S, repeaters plays 8C -> repeaters wins
  P2 Trick 12: repeaters leads JD, teambinary plays 3H -> repeaters wins
  P2 Trick 13: repeaters leads 2H, teambinary plays 4S -> repeaters wins
  Result: teambinary 7 - 6 repeaters
  Winner: teambinary

============================================================
Game 3
============================================================
Players: repeaters vs teambinary
Trump suit: D
Face-up card: QD
repeaters hand: 3C 8C 9C QC 2D 4D 5D KD 4H QH 3S 6S 7S
teambinary hand: 4C KC 6D 7D 8D 9D 10D JD 3H JH 4S 9S 10S
  P1 Trick  1: repeaters leads KD, teambinary plays 6D -> repeaters wins
  P1 Trick  2: repeaters leads 3S, teambinary plays 4S -> teambinary wins
  P1 Trick  3: teambinary leads KC, repeaters plays 3C -> teambinary wins
  P1 Trick  4: teambinary leads 4C, repeaters plays 7C -> repeaters wins
  P1 Trick  5: repeaters leads QD, teambinary plays 7D -> repeaters wins
  P1 Trick  6: repeaters leads 4H, teambinary plays 10H -> teambinary wins
  P1 Trick  7: teambinary leads 5C, repeaters plays 8C -> repeaters wins
  P1 Trick  8: repeaters leads AD, teambinary plays 8D -> repeaters wins
  P1 Trick  9: repeaters leads 5H, teambinary plays 6H -> teambinary wins
  P1 Trick 10: teambinary leads 6C, repeaters plays 9C -> repeaters wins
  P1 Trick 11: repeaters leads 5D, teambinary plays 9D -> teambinary wins
  P1 Trick 12: teambinary leads 2C, repeaters plays 10C -> repeaters wins
  P1 Trick 13: repeaters leads 4D, teambinary plays 10D -> teambinary wins

--- Phase 2 (Scoring) ---
  P2 Trick  1: teambinary leads AS, repeaters plays 6S -> teambinary wins
  P2 Trick  2: teambinary leads KH, repeaters plays AH -> repeaters wins
  P2 Trick  3: repeaters leads 3D, teambinary plays JD -> teambinary wins
  P2 Trick  4: teambinary leads KS, repeaters plays 7S -> teambinary wins
  P2 Trick  5: teambinary leads JH, repeaters plays QH -> repeaters wins
  P2 Trick  6: repeaters leads 2D, teambinary plays 2H -> repeaters wins
  P2 Trick  7: repeaters leads 9H, teambinary plays 3H -> repeaters wins
  P2 Trick  8: repeaters leads JC, teambinary plays 2S -> repeaters wins
  P2 Trick  9: repeaters leads QC, teambinary plays 5S -> repeaters wins
  P2 Trick 10: repeaters leads QS, teambinary plays 8S -> repeaters wins
  P2 Trick 11: repeaters leads AC, teambinary plays 9S -> repeaters wins
  P2 Trick 12: repeaters leads 8H, teambinary plays 10S -> repeaters wins
  P2 Trick 13: repeaters leads 7H, teambinary plays JS -> repeaters wins
  Result: repeaters 10 - 3 teambinary
  Winner: repeaters

============================================================
Game 4
============================================================
Players: teambinary vs repeaters
Trump suit: H
Face-up card: QH
teambinary hand: 3C AC 3D 4D 5D 6D 9D KD 2H 5H JH 2S 5S
repeaters hand: 10C JC QC 2D AD 9H 10H KH 3S 4S 6S 9S 10S
  P1 Trick  1: teambinary leads AC, repeaters plays 10C -> teambinary wins
  P1 Trick  2: teambinary leads 5S, repeaters plays 3S -> teambinary wins
  P1 Trick  3: teambinary leads 8S, repeaters plays 4S -> teambinary wins
  P1 Trick  4: teambinary leads 3C, repeaters plays 6C -> repeaters wins
  P1 Trick  5: repeaters leads 2D, teambinary plays 3D -> teambinary wins
  P1 Trick  6: teambinary leads 2S, repeaters plays 6S -> repeaters wins
  P1 Trick  7: repeaters leads 7S, teambinary plays 4D -> repeaters wins
  P1 Trick  8: repeaters leads KH, teambinary plays 2H -> repeaters wins
  P1 Trick  9: repeaters leads 10H, teambinary plays JH -> teambinary wins
  P1 Trick 10: teambinary leads AS, repeaters plays 9S -> teambinary wins
  P1 Trick 11: teambinary leads 8C, repeaters plays 2C -> teambinary wins
  P1 Trick 12: teambinary leads 5C, repeaters plays 7C -> repeaters wins
  P1 Trick 13: repeaters leads AH, teambinary plays 4H -> repeaters wins

--- Phase 2 (Scoring) ---
  P2 Trick  1: repeaters leads 4C, teambinary plays 5H -> teambinary wins
  P2 Trick  2: teambinary leads KD, repeaters plays AD -> repeaters wins
  P2 Trick  3: repeaters leads 9C, teambinary plays 6H -> teambinary wins
  P2 Trick  4: teambinary leads KS, repeaters plays 10S -> teambinary wins
  P2 Trick  5: teambinary leads QH, repeaters plays 3H -> teambinary wins
  P2 Trick  6: teambinary leads 10D, repeaters plays JD -> repeaters wins
  P2 Trick  7: repeaters leads JC, teambinary plays 7H -> teambinary wins
  P2 Trick  8: teambinary leads 9D, repeaters plays QD -> repeaters wins
  P2 Trick  9: repeaters leads JS, teambinary plays 8H -> teambinary wins
  P2 Trick 10: teambinary leads 8D, repeaters plays 9H -> repeaters wins
  P2 Trick 11: repeaters leads QC, teambinary plays 5D -> repeaters wins
  P2 Trick 12: repeaters leads QS, teambinary plays 6D -> repeaters wins
  P2 Trick 13: repeaters leads KC, teambinary plays 7D -> repeaters wins
  Result: teambinary 6 - 7 repeaters
  Winner: repeaters

============================================================
Game 5
============================================================
Players: repeaters vs teambinary
Trump suit: D
Face-up card: 10D
repeaters hand: 3C 4C 8C JC AC 3D 3H 4H KH 3S 8S 9S QS
teambinary hand: 5C 7C 9C KC 4D 7D KD 6H 7H 8H 10H 4S 7S
  P1 Trick  1: repeaters leads 3D, teambinary plays 4D -> teambinary wins
  P1 Trick  2: teambinary leads 7S, repeaters plays 8S -> repeaters wins
  P1 Trick  3: repeaters leads 8D, teambinary plays 10D -> teambinary wins
  P1 Trick  4: teambinary leads 4S, repeaters plays 3S -> teambinary wins
  P1 Trick  5: teambinary leads 2S, repeaters plays 6S -> repeaters wins
  P1 Trick  6: repeaters leads 9D, teambinary plays KD -> teambinary wins
  P1 Trick  7: teambinary leads AS, repeaters plays 9S -> teambinary wins
  P1 Trick  8: teambinary leads KC, repeaters plays AC -> repeaters wins
  P1 Trick  9: repeaters leads 3H, teambinary plays 6H -> teambinary wins
  P1 Trick 10: teambinary leads JS, repeaters plays QS -> repeaters wins
  P1 Trick 11: repeaters leads 3C, teambinary plays 5C -> teambinary wins
  P1 Trick 12: teambinary leads KS, repeaters plays 4H -> teambinary wins
  P1 Trick 13: teambinary leads 9C, repeaters plays 4C -> teambinary wins

--- Phase 2 (Scoring) ---
  P2 Trick  1: teambinary leads QD, repeaters plays AD -> repeaters wins
  P2 Trick  2: repeaters leads 8C, teambinary plays 2C -> repeaters wins
  P2 Trick  3: repeaters leads 10C, teambinary plays 6C -> repeaters wins
  P2 Trick  4: repeaters leads 10S, teambinary plays 7D -> teambinary wins
  P2 Trick  5: teambinary leads JH, repeaters plays QH -> repeaters wins
  P2 Trick  6: repeaters leads JC, teambinary plays 7C -> repeaters wins
  P2 Trick  7: repeaters leads QC, teambinary plays JD -> teambinary wins
  P2 Trick  8: teambinary leads 10H, repeaters plays KH -> repeaters wins
  P2 Trick  9: repeaters leads AH, teambinary plays 2H -> repeaters wins
  P2 Trick 10: repeaters leads 6D, teambinary plays 5H -> repeaters wins
  P2 Trick 11: repeaters leads 5D, teambinary plays 7H -> repeaters wins
  P2 Trick 12: repeaters leads 2D, teambinary plays 8H -> repeaters wins
  P2 Trick 13: repeaters leads 5S, teambinary plays 9H -> repeaters wins
  Result: repeaters 11 - 2 teambinary
  Winner: repeaters

============================================================
Game 6
============================================================
Players: teambinary vs repeaters
Trump suit: D
Face-up card: QD
teambinary hand: AC 3D 4D 7D 10D 9H AH 3S 5S 6S JS KS AS
repeaters hand: 3C 5C KC 8D JD AD 3H 10H KH 4S 8S 9S QS
  P1 Trick  1: teambinary leads AC, repeaters plays 3C -> teambinary wins
  P1 Trick  2: teambinary leads AH, repeaters plays 2H -> teambinary wins
  P1 Trick  3: teambinary leads QC, repeaters plays 2C -> teambinary wins
  P1 Trick  4: teambinary leads 9H, repeaters plays 3H -> teambinary wins
  P1 Trick  5: teambinary leads 7C, repeaters plays 4C -> teambinary wins
  P1 Trick  6: teambinary leads 6H, repeaters plays 10H -> repeaters wins
  P1 Trick  7: repeaters leads AD, teambinary plays 3D -> repeaters wins
  P1 Trick  8: repeaters leads 2S, teambinary plays 3S -> teambinary wins
  P1 Trick  9: teambinary leads 8C, repeaters plays 5C -> teambinary wins
  P1 Trick 10: teambinary leads 6C, repeaters plays 10C -> repeaters wins
  P1 Trick 11: repeaters leads JD, teambinary plays QD -> teambinary wins
  P1 Trick 12: teambinary leads JC, repeaters plays KC -> repeaters wins
  P1 Trick 13: repeaters leads 8D, teambinary plays 9D -> teambinary wins

--- Phase 2 (Scoring) ---
  P2 Trick  1: teambinary leads AS, repeaters plays 4S -> teambinary wins
  P2 Trick  2: teambinary leads KS, repeaters plays 7S -> teambinary wins
  P2 Trick  3: teambinary leads KD, repeaters plays 2D -> teambinary wins
  P2 Trick  4: teambinary leads QH, repeaters plays KH -> repeaters wins
  P2 Trick  5: repeaters leads 7H, teambinary plays 5H -> repeaters wins
  P2 Trick  6: repeaters leads 8H, teambinary plays 4D -> teambinary wins
  P2 Trick  7: teambinary leads JS, repeaters plays QS -> repeaters wins
  P2 Trick  8: repeaters leads 9C, teambinary plays 6D -> teambinary wins
  P2 Trick  9: teambinary leads 10D, repeaters plays 5D -> teambinary wins
  P2 Trick 10: teambinary leads 10S, repeaters plays 8S -> teambinary wins
  P2 Trick 11: teambinary leads 7D, repeaters plays 4H -> teambinary wins
  P2 Trick 12: teambinary leads 6S, repeaters plays 9S -> repeaters wins
  P2 Trick 13: repeaters leads JH, teambinary plays 5S -> repeaters wins
  Result: teambinary 8 - 5 repeaters
  Winner: teambinary

============================================================
Game 7
============================================================
Players: repeaters vs teambinary
Trump suit: H
Face-up card: 8H
repeaters hand: 3C 5C 8C 4D 8D 9D QD 2H 7H QH AH 6S 9S
teambinary hand: 6C 7C JC 2D 6D AD 3H 5H 10H 2S 5S 8S QS
  P1 Trick  1: repeaters leads AH, teambinary plays 3H -> repeaters wins
  P1 Trick  2: repeaters leads 3C, teambinary plays 6C -> teambinary wins
  P1 Trick  3: teambinary leads JC, repeaters plays 5C -> teambinary wins
  P1 Trick  4: teambinary leads KC, repeaters plays AC -> repeaters wins
  P1 Trick  5: repeaters leads 4D, teambinary plays 5D -> teambinary wins
  P1 Trick  6: teambinary leads 7C, repeaters plays 8C -> repeaters wins
  P1 Trick  7: repeaters leads KH, teambinary plays 5H -> repeaters wins
  P1 Trick  8: repeaters leads QH, teambinary plays 10H -> repeaters wins
  P1 Trick  9: repeaters leads 6S, teambinary plays 7S -> teambinary wins
  P1 Trick 10: teambinary leads 4C, repeaters plays 9C -> repeaters wins
  P1 Trick 11: repeaters leads 2C, teambinary plays 2D -> repeaters wins
  P1 Trick 12: repeaters leads 8D, teambinary plays JD -> teambinary wins
  P1 Trick 13: teambinary leads AD, repeaters plays 9D -> teambinary wins

--- Phase 2 (Scoring) ---
  P2 Trick  1: teambinary leads QS, repeaters plays KS -> repeaters wins
  P2 Trick  2: repeaters leads JH, teambinary plays 4H -> repeaters wins
  P2 Trick  3: repeaters leads 9H, teambinary plays 2S -> repeaters wins
  P2 Trick  4: repeaters leads QD, teambinary plays 3D -> repeaters wins
  P2 Trick  5: repeaters leads QC, teambinary plays 10C -> repeaters wins
  P2 Trick  6: repeaters leads KD, teambinary plays 6D -> repeaters wins
  P2 Trick  7: repeaters leads AS, teambinary plays 3S -> repeaters wins
  P2 Trick  8: repeaters leads 8H, teambinary plays 4S -> repeaters wins
  P2 Trick  9: repeaters leads 7H, teambinary plays 5S -> repeaters wins
  P2 Trick 10: repeaters leads 6H, teambinary plays 7D -> repeaters wins
  P2 Trick 11: repeaters leads 2H, teambinary plays 8S -> repeaters wins
  P2 Trick 12: repeaters leads 9S, teambinary plays 10S -> teambinary wins
  P2 Trick 13: teambinary leads JS, repeaters plays 10D -> teambinary wins
  Result: repeaters 11 - 2 teambinary
  Winner: repeaters

============================================================
Game 8
============================================================
Players: teambinary vs repeaters
Trump suit: S
Face-up card: 10S
teambinary hand: 3C 9C QC 5D 6D JD QD JH QH KH 2S 7S 8S
repeaters hand: 2C 4C 5C 6C 2D 3D KD 4H 7H 9H AH 3S QS
  P1 Trick  1: teambinary leads KH, repeaters plays AH -> repeaters wins
  P1 Trick  2: repeaters leads 2D, teambinary plays 5D -> teambinary wins
  P1 Trick  3: teambinary leads QH, repeaters plays 4H -> teambinary wins
  P1 Trick  4: teambinary leads JH, repeaters plays 7H -> teambinary wins
  P1 Trick  5: teambinary leads QC, repeaters plays 2C -> teambinary wins
  P1 Trick  6: teambinary leads 9C, repeaters plays 4C -> teambinary wins
  P1 Trick  7: teambinary leads 7C, repeaters plays 10C -> repeaters wins
  P1 Trick  8: repeaters leads KS, teambinary plays 2S -> repeaters wins
  P1 Trick  9: repeaters leads QS, teambinary plays 4S -> repeaters wins
  P1 Trick 10: repeaters leads 3D, teambinary plays 6D -> teambinary wins
  P1 Trick 11: teambinary leads 3C, repeaters plays 5C -> repeaters wins
  P1 Trick 12: repeaters leads 10S, teambinary plays 6S -> repeaters wins
  P1 Trick 13: repeaters leads JS, teambinary plays 7S -> repeaters wins

--- Phase 2 (Scoring) ---
  P2 Trick  1: repeaters leads 8H, teambinary plays 3H -> repeaters wins
  P2 Trick  2: repeaters leads 9H, teambinary plays 5H -> repeaters wins
  P2 Trick  3: repeaters leads 10H, teambinary plays 6H -> repeaters wins
  P2 Trick  4: repeaters leads KD, teambinary plays 4D -> repeaters wins
  P2 Trick  5: repeaters leads KC, teambinary plays 8C -> repeaters wins
  P2 Trick  6: repeaters leads AC, teambinary plays JC -> repeaters wins
  P2 Trick  7: repeaters leads AD, teambinary plays 7D -> repeaters wins
  P2 Trick  8: repeaters leads AS, teambinary plays 8S -> repeaters wins
  P2 Trick  9: repeaters leads 5S, teambinary plays 9S -> teambinary wins
  P2 Trick 10: teambinary leads QD, repeaters plays 9D -> teambinary wins
  P2 Trick 11: teambinary leads JD, repeaters plays 3S -> repeaters wins
  P2 Trick 12: repeaters leads 2H, teambinary plays 8D -> repeaters wins
  P2 Trick 13: repeaters leads 6C, teambinary plays 10D -> repeaters wins
  Result: teambinary 2 - 11 repeaters
  Winner: repeaters

============================================================
Game 9
============================================================
Players: repeaters vs teambinary
Trump suit: C
Face-up card: 6C
repeaters hand: 10C JC 4D 10D JD AD 9H 10H KH 2S 4S 5S 10S
teambinary hand: 9C AC 3D 5D 7D 8D 9D KD 6H AH 6S 7S KS
  P1 Trick  1: repeaters leads JC, teambinary plays AC -> teambinary wins
  P1 Trick  2: teambinary leads AH, repeaters plays 9H -> teambinary wins
  P1 Trick  3: teambinary leads 6H, repeaters plays 10H -> repeaters wins
  P1 Trick  4: repeaters leads KC, teambinary plays 6C -> repeaters wins
  P1 Trick  5: repeaters leads 2S, teambinary plays 3S -> teambinary wins
  P1 Trick  6: teambinary leads 7H, repeaters plays QH -> repeaters wins
  P1 Trick  7: repeaters leads 10C, teambinary plays 3C -> repeaters wins
  P1 Trick  8: repeaters leads 4C, teambinary plays 9C -> teambinary wins
  P1 Trick  9: teambinary leads 2H, repeaters plays 3H -> repeaters wins
  P1 Trick 10: repeaters leads 4D, teambinary plays 5D -> teambinary wins
  P1 Trick 11: teambinary leads 8H, repeaters plays JH -> repeaters wins
  P1 Trick 12: repeaters leads 4S, teambinary plays 6S -> teambinary wins
  P1 Trick 13: teambinary leads KS, repeaters plays 5S -> teambinary wins

--- Phase 2 (Scoring) ---
  P2 Trick  1: teambinary leads KD, repeaters plays AD -> repeaters wins
  P2 Trick  2: repeaters leads 5H, teambinary plays 4H -> repeaters wins
  P2 Trick  3: repeaters leads 10S, teambinary plays 7S -> repeaters wins
  P2 Trick  4: repeaters leads 10D, teambinary plays 2D -> repeaters wins
  P2 Trick  5: repeaters leads JD, teambinary plays 3D -> repeaters wins
  P2 Trick  6: repeaters leads JS, teambinary plays 8S -> repeaters wins
  P2 Trick  7: repeaters leads QS, teambinary plays 9S -> repeaters wins
  P2 Trick  8: repeaters leads QD, teambinary plays 6D -> repeaters wins
  P2 Trick  9: repeaters leads KH, teambinary plays 2C -> teambinary wins
  P2 Trick 10: teambinary leads 9D, repeaters plays 7C -> repeaters wins
  P2 Trick 11: repeaters leads AS, teambinary plays 5C -> teambinary wins
  P2 Trick 12: teambinary leads 8D, repeaters plays 8C -> repeaters wins
  P2 Trick 13: repeaters leads QC, teambinary plays 7D -> repeaters wins
  Result: repeaters 11 - 2 teambinary
  Winner: repeaters

============================================================
Game 10
============================================================
Players: teambinary vs repeaters
Trump suit: C
Face-up card: AC
teambinary hand: 5C 2D 3D 5D 7D 10D AD 2H 4H 9H AH QS AS
repeaters hand: 2C 3C 9C JC 4D 9D 3H 7H KH 4S 8S 9S 10S
  P1 Trick  1: teambinary leads AS, repeaters plays 4S -> teambinary wins
  P1 Trick  2: teambinary leads QS, repeaters plays 8S -> teambinary wins
  P1 Trick  3: teambinary leads 7S, repeaters plays 9S -> repeaters wins
  P1 Trick  4: repeaters leads JC, teambinary plays AC -> teambinary wins
  P1 Trick  5: teambinary leads JS, repeaters plays 6S -> teambinary wins
  P1 Trick  6: teambinary leads AH, repeaters plays 3H -> teambinary wins
  P1 Trick  7: teambinary leads 9H, repeaters plays 6H -> teambinary wins
  P1 Trick  8: teambinary leads 5H, repeaters plays 7H -> repeaters wins
  P1 Trick  9: repeaters leads QC, teambinary plays 5C -> repeaters wins
  P1 Trick 10: repeaters leads 4D, teambinary plays 5D -> teambinary wins
  P1 Trick 11: teambinary leads 4H, repeaters plays 8H -> repeaters wins
  P1 Trick 12: repeaters leads 10C, teambinary plays 4C -> repeaters wins
  P1 Trick 13: repeaters leads 9C, teambinary plays KC -> teambinary wins

--- Phase 2 (Scoring) ---
  P2 Trick  1: teambinary leads AD, repeaters plays 6D -> teambinary wins
  P2 Trick  2: teambinary leads KD, repeaters plays 8D -> teambinary wins
  P2 Trick  3: teambinary leads QD, repeaters plays 9D -> teambinary wins
  P2 Trick  4: teambinary leads JD, repeaters plays 2C -> repeaters wins
  P2 Trick  5: repeaters leads 10S, teambinary plays 2S -> repeaters wins
  P2 Trick  6: repeaters leads 10H, teambinary plays 2H -> repeaters wins
  P2 Trick  7: repeaters leads JH, teambinary plays 6C -> teambinary wins
  P2 Trick  8: teambinary leads 10D, repeaters plays 3C -> repeaters wins
  P2 Trick  9: repeaters leads QH, teambinary plays 2D -> repeaters wins
  P2 Trick 10: repeaters leads KH, teambinary plays 3D -> repeaters wins
  P2 Trick 11: repeaters leads KS, teambinary plays 3S -> repeaters wins
  P2 Trick 12: repeaters leads 8C, teambinary plays 5S -> repeaters wins
  P2 Trick 13: repeaters leads 7C, teambinary plays 7D -> repeaters wins
  Result: teambinary 4 - 9 repeaters
  Winner: repeaters

============================================================
Game 11
============================================================
Players: repeaters vs teambinary
Trump suit: H
Face-up card: KH
repeaters hand: 4C 8C 9C 10C 2D 4D 10D JD AD 8H 10S JS QS
teambinary hand: 2C 5C QC 3D 6D 3H 5H 9H 3S 4S 6S 8S AS
  P1 Trick  1: repeaters leads 8H, teambinary plays 9H -> teambinary wins
  P1 Trick  2: teambinary leads 6D, repeaters plays 8D -> repeaters wins
  P1 Trick  3: repeaters leads 2D, teambinary plays 3D -> teambinary wins
  P1 Trick  4: teambinary leads 5D, repeaters plays 4D -> teambinary wins
  P1 Trick  5: teambinary leads QC, repeaters plays 4C -> teambinary wins
  P1 Trick  6: teambinary leads 5C, repeaters plays 8C -> repeaters wins
  P1 Trick  7: repeaters leads 10H, teambinary plays KH -> teambinary wins
  P1 Trick  8: teambinary leads 2C, repeaters plays 9C -> repeaters wins
  P1 Trick  9: repeaters leads 7D, teambinary plays KD -> teambinary wins
  P1 Trick 10: teambinary leads AS, repeaters plays 10S -> teambinary wins
  P1 Trick 11: teambinary leads 3C, repeaters plays 10C -> repeaters wins
  P1 Trick 12: repeaters leads 7S, teambinary plays 8S -> teambinary wins
  P1 Trick 13: teambinary leads AC, repeaters plays KC -> teambinary wins

--- Phase 2 (Scoring) ---
  P2 Trick  1: teambinary leads AH, repeaters plays 6H -> teambinary wins
  P2 Trick  2: teambinary leads QH, repeaters plays 7H -> teambinary wins
  P2 Trick  3: teambinary leads 7C, repeaters plays JC -> repeaters wins
  P2 Trick  4: repeaters leads 9D, teambinary plays 2H -> teambinary wins
  P2 Trick  5: teambinary leads 6S, repeaters plays 9S -> repeaters wins
  P2 Trick  6: repeaters leads 10D, teambinary plays 3H -> teambinary wins
  P2 Trick  7: teambinary leads 6C, repeaters plays JH -> repeaters wins
  P2 Trick  8: repeaters leads JS, teambinary plays 2S -> repeaters wins
  P2 Trick  9: repeaters leads JD, teambinary plays 4H -> teambinary wins
  P2 Trick 10: teambinary leads 5H, repeaters plays QS -> teambinary wins
  P2 Trick 11: teambinary leads 5S, repeaters plays KS -> repeaters wins
  P2 Trick 12: repeaters leads QD, teambinary plays 3S -> repeaters wins
  P2 Trick 13: repeaters leads AD, teambinary plays 4S -> repeaters wins
  Result: repeaters 7 - 6 teambinary
  Winner: repeaters

============================================================
Game 12
============================================================
Players: teambinary vs repeaters
Trump suit: C
Face-up card: QC
teambinary hand: 8C 10C KC 3D 8D JD AD 4H 9H AH 3S 5S 10S
repeaters hand: 2C 6C 5D 7D KD 3H 7H 10H 4S 8S 9S JS AS
  P1 Trick  1: teambinary leads AH, repeaters plays 3H -> teambinary wins
  P1 Trick  2: teambinary leads 9H, repeaters plays 7H -> teambinary wins
  P1 Trick  3: teambinary leads 4H, repeaters plays 10H -> repeaters wins
  P1 Trick  4: repeaters leads 4S, teambinary plays 5S -> teambinary wins
  P1 Trick  5: teambinary leads 10S, repeaters plays 8S -> teambinary wins
  P1 Trick  6: teambinary leads 6H, repeaters plays JH -> repeaters wins
  P1 Trick  7: repeaters leads 6C, teambinary plays 8C -> teambinary wins
  P1 Trick  8: teambinary leads 2H, repeaters plays QH -> repeaters wins
  P1 Trick  9: repeaters leads 4C, teambinary plays 5C -> teambinary wins
  P1 Trick 10: teambinary leads KS, repeaters plays 2S -> teambinary wins
  P1 Trick 11: teambinary leads 6S, repeaters plays 9S -> repeaters wins
  P1 Trick 12: repeaters leads 2D, teambinary plays 3D -> teambinary wins
  P1 Trick 13: teambinary leads 8H, repeaters plays 5H -> teambinary wins

--- Phase 2 (Scoring) ---
  P2 Trick  1: teambinary leads AD, repeaters plays 5D -> teambinary wins
  P2 Trick  2: teambinary leads KC, repeaters plays AC -> repeaters wins
  P2 Trick  3: repeaters leads 7D, teambinary plays 8D -> teambinary wins
  P2 Trick  4: teambinary leads QC, repeaters plays 2C -> teambinary wins
  P2 Trick  5: teambinary leads JD, repeaters plays QD -> repeaters wins
  P2 Trick  6: repeaters leads 10D, teambinary plays 4D -> repeaters wins
  P2 Trick  7: repeaters leads JS, teambinary plays 3S -> repeaters wins
  P2 Trick  8: repeaters leads QS, teambinary plays 7S -> repeaters wins
  P2 Trick  9: repeaters leads KD, teambinary plays 6D -> repeaters wins
  P2 Trick 10: repeaters leads KH, teambinary plays 9C -> teambinary wins
  P2 Trick 11: teambinary leads JC, repeaters plays 3C -> teambinary wins
  P2 Trick 12: teambinary leads 10C, repeaters plays 7C -> teambinary wins
  P2 Trick 13: teambinary leads 9D, repeaters plays AS -> teambinary wins
  Result: teambinary 7 - 6 repeaters
  Winner: teambinary

============================================================
Game 13
============================================================
Players: repeaters vs teambinary
Trump suit: H
Face-up card: 8H
repeaters hand: 7D 8D AD 2H 3H 5H 6H 9H QH 7S JS KS AS
teambinary hand: 2C 6C 8C 9C KC 5D 6D KD 7H 3S 4S 8S 9S
  P1 Trick  1: repeaters leads QH, teambinary plays 7H -> repeaters wins
  P1 Trick  2: repeaters leads 7D, teambinary plays KD -> teambinary wins
  P1 Trick  3: teambinary leads 6D, repeaters plays 8D -> repeaters wins
  P1 Trick  4: repeaters leads AH, teambinary plays KH -> repeaters wins
  P1 Trick  5: repeaters leads 7S, teambinary plays 8S -> teambinary wins
  P1 Trick  6: teambinary leads 5D, repeaters plays 10D -> repeaters wins
  P1 Trick  7: repeaters leads 2S, teambinary plays 3S -> teambinary wins
  P1 Trick  8: teambinary leads 3D, repeaters plays AD -> repeaters wins
  P1 Trick  9: repeaters leads JS, teambinary plays QS -> teambinary wins
  P1 Trick 10: teambinary leads 10S, repeaters plays KS -> repeaters wins
  P1 Trick 11: repeaters leads 3C, teambinary plays 5C -> teambinary wins
  P1 Trick 12: teambinary leads 2D, repeaters plays JD -> repeaters wins
  P1 Trick 13: repeaters leads 4D, teambinary plays 9D -> teambinary wins

--- Phase 2 (Scoring) ---
  P2 Trick  1: teambinary leads KC, repeaters plays AC -> repeaters wins
  P2 Trick  2: repeaters leads JC, teambinary plays 2C -> repeaters wins
  P2 Trick  3: repeaters leads QC, teambinary plays 6C -> repeaters wins
  P2 Trick  4: repeaters leads QD, teambinary plays 4H -> teambinary wins
  P2 Trick  5: teambinary leads 10C, repeaters plays 4C -> teambinary wins
  P2 Trick  6: teambinary leads 10H, repeaters plays JH -> repeaters wins
  P2 Trick  7: repeaters leads AS, teambinary plays 4S -> repeaters wins
  P2 Trick  8: repeaters leads 9H, teambinary plays 5S -> repeaters wins
  P2 Trick  9: repeaters leads 8H, teambinary plays 6S -> repeaters wins
  P2 Trick 10: repeaters leads 6H, teambinary plays 7C -> repeaters wins
  P2 Trick 11: repeaters leads 5H, teambinary plays 8C -> repeaters wins
  P2 Trick 12: repeaters leads 3H, teambinary plays 9S -> repeaters wins
  P2 Trick 13: repeaters leads 2H, teambinary plays 9C -> repeaters wins
  Result: repeaters 11 - 2 teambinary
  Winner: repeaters

============================================================
Game 14
============================================================
Players: teambinary vs repeaters
Trump suit: D
Face-up card: KD
teambinary hand: 6C 8C 2D 4D 5D 10D QD 9H 6S 7S 10S JS KS
repeaters hand: 5C 3D 6D 8D 9D 2H 7H JH AH 2S 4S 5S 8S
  P1 Trick  1: teambinary leads 9H, repeaters plays JH -> repeaters wins
  P1 Trick  2: repeaters leads KD, teambinary plays 2D -> repeaters wins
  P1 Trick  3: repeaters leads 9D, teambinary plays 10D -> teambinary wins
  P1 Trick  4: teambinary leads JC, repeaters plays 3C -> teambinary wins
  P1 Trick  5: teambinary leads AD, repeaters plays 3D -> teambinary wins
  P1 Trick  6: teambinary leads QC, repeaters plays 5C -> teambinary wins
  P1 Trick  7: teambinary leads 8C, repeaters plays 6D -> repeaters wins
  P1 Trick  8: repeaters leads 2S, teambinary plays 6S -> teambinary wins
  P1 Trick  9: teambinary leads 3H, repeaters plays 2H -> teambinary wins
  P1 Trick 10: teambinary leads KS, repeaters plays 4S -> teambinary wins
  P1 Trick 11: teambinary leads 5H, repeaters plays 6H -> repeaters wins
  P1 Trick 12: repeaters leads JD, teambinary plays QD -> teambinary wins
  P1 Trick 13: teambinary leads AS, repeaters plays 5S -> teambinary wins

--- Phase 2 (Scoring) ---
  P2 Trick  1: teambinary leads JS, repeaters plays QS -> repeaters wins
  P2 Trick  2: repeaters leads 9S, teambinary plays 10S -> teambinary wins
  P2 Trick  3: teambinary leads 10C, repeaters plays KC -> repeaters wins
  P2 Trick  4: repeaters leads 9C, teambinary plays 2C -> repeaters wins
  P2 Trick  5: repeaters leads KH, teambinary plays 8H -> repeaters wins
  P2 Trick  6: repeaters leads AH, teambinary plays 4D -> teambinary wins
  P2 Trick  7: teambinary leads 7S, repeaters plays 8S -> repeaters wins
  P2 Trick  8: repeaters leads AC, teambinary plays 4C -> repeaters wins
  P2 Trick  9: repeaters leads QH, teambinary plays 5D -> teambinary wins
  P2 Trick 10: teambinary leads 7D, repeaters plays 8D -> repeaters wins
  P2 Trick 11: repeaters leads 10H, teambinary plays 3S -> repeaters wins
  P2 Trick 12: repeaters leads 7H, teambinary plays 6C -> repeaters wins
  P2 Trick 13: repeaters leads 4H, teambinary plays 7C -> repeaters wins
  Result: teambinary 3 - 10 repeaters
  Winner: repeaters

============================================================
Game 15
============================================================
Players: repeaters vs teambinary
Trump suit: C
Face-up card: AC
repeaters hand: 4C 5C 8C 10C JC 4D 4H 5H JH KH 3S 6S 9S
teambinary hand: 3C 6C 5D 6D 7D 10D KD 3H 7H 8H 9H QH JS
  P1 Trick  1: repeaters leads JC, teambinary plays 3C -> repeaters wins
  P1 Trick  2: repeaters leads AC, teambinary plays 6C -> repeaters wins
  P1 Trick  3: repeaters leads 3S, teambinary plays JS -> teambinary wins
  P1 Trick  4: teambinary leads KD, repeaters plays 4D -> teambinary wins
  P1 Trick  5: teambinary leads AD, repeaters plays JD -> teambinary wins
  P1 Trick  6: teambinary leads 5S, repeaters plays 6S -> repeaters wins
  P1 Trick  7: repeaters leads 10C, teambinary plays 9C -> repeaters wins
  P1 Trick  8: repeaters leads 4H, teambinary plays 6H -> teambinary wins
  P1 Trick  9: teambinary leads AS, repeaters plays 8S -> teambinary wins
  P1 Trick 10: teambinary leads 2S, repeaters plays 9S -> repeaters wins
  P1 Trick 11: repeaters leads 2H, teambinary plays 3H -> teambinary wins
  P1 Trick 12: teambinary leads KS, repeaters plays 4S -> teambinary wins
  P1 Trick 13: teambinary leads 7S, repeaters plays 10S -> repeaters wins

--- Phase 2 (Scoring) ---
  P2 Trick  1: repeaters leads 8D, teambinary plays 9D -> teambinary wins
  P2 Trick  2: teambinary leads KC, repeaters plays 4C -> teambinary wins
  P2 Trick  3: teambinary leads QH, repeaters plays KH -> repeaters wins
  P2 Trick  4: repeaters leads QD, teambinary plays 2D -> repeaters wins
  P2 Trick  5: repeaters leads QS, teambinary plays 2C -> teambinary wins
  P2 Trick  6: teambinary leads 10D, repeaters plays 3D -> teambinary wins
  P2 Trick  7: teambinary leads 10H, repeaters plays JH -> repeaters wins
  P2 Trick  8: repeaters leads AH, teambinary plays 7H -> repeaters wins
  P2 Trick  9: repeaters leads QC, teambinary plays 5D -> repeaters wins
  P2 Trick 10: repeaters leads 8C, teambinary plays 6D -> repeaters wins
  P2 Trick 11: repeaters leads 7C, teambinary plays 7D -> repeaters wins
  P2 Trick 12: repeaters leads 5C, teambinary plays 8H -> repeaters wins
  P2 Trick 13: repeaters leads 5H, teambinary plays 9H -> teambinary wins
  Result: repeaters 8 - 5 teambinary
  Winner: repeaters

============================================================
Game 16
============================================================
Players: teambinary vs repeaters
Trump suit: D
Face-up card: KD
teambinary hand: 5C 7C 10C JC 2D JD AD 7H 10H 3S 5S 7S KS
repeaters hand: 2C 3C 4C 6C QC KC AC 9D 10D 5H JH QH JS
  P1 Trick  1: teambinary leads AD, repeaters plays 9D -> teambinary wins
  P1 Trick  2: teambinary leads 10H, repeaters plays JH -> repeaters wins
  P1 Trick  3: repeaters leads 2C, teambinary plays 5C -> teambinary wins
  P1 Trick  4: teambinary leads 7H, repeaters plays QH -> repeaters wins
  P1 Trick  5: repeaters leads QD, teambinary plays KD -> teambinary wins
  P1 Trick  6: teambinary leads JC, repeaters plays 3C -> teambinary wins
  P1 Trick  7: teambinary leads 10C, repeaters plays 4C -> teambinary wins
  P1 Trick  8: teambinary leads 8C, repeaters plays 6C -> teambinary wins
  P1 Trick  9: teambinary leads 9C, repeaters plays QC -> repeaters wins
  P1 Trick 10: repeaters leads 2S, teambinary plays 3S -> teambinary wins
  P1 Trick 11: teambinary leads 7C, repeaters plays KC -> repeaters wins
  P1 Trick 12: repeaters leads 2H, teambinary plays 4H -> teambinary wins
  P1 Trick 13: teambinary leads 8H, repeaters plays 9H -> repeaters wins

--- Phase 2 (Scoring) ---
  P2 Trick  1: repeaters leads JS, teambinary plays KS -> teambinary wins
  P2 Trick  2: teambinary leads AS, repeaters plays 4S -> teambinary wins
  P2 Trick  3: teambinary leads JD, repeaters plays 5D -> teambinary wins
  P2 Trick  4: teambinary leads 10S, repeaters plays QS -> repeaters wins
  P2 Trick  5: repeaters leads KH, teambinary plays 6H -> repeaters wins
  P2 Trick  6: repeaters leads AC, teambinary plays 2D -> teambinary wins
  P2 Trick  7: teambinary leads 9S, repeaters plays 6S -> teambinary wins
  P2 Trick  8: teambinary leads 8D, repeaters plays 10D -> repeaters wins
  P2 Trick  9: repeaters leads 8S, teambinary plays 5S -> repeaters wins
  P2 Trick 10: repeaters leads AH, teambinary plays 3D -> teambinary wins
  P2 Trick 11: teambinary leads 7S, repeaters plays 6D -> repeaters wins
  P2 Trick 12: repeaters leads 5H, teambinary plays 4D -> teambinary wins
  P2 Trick 13: teambinary leads 7D, repeaters plays 3H -> teambinary wins
  Result: teambinary 8 - 5 repeaters
  Winner: teambinary

============================================================
Game 17
============================================================
Players: repeaters vs teambinary
Trump suit: C
Face-up card: QC
repeaters hand: 2C 4C 7C 5D 10D JD QD 5H 6H 6S 9S JS KS
teambinary hand: 3C 8C KC AC 8D 9D KD 7H 9H 2S 7S 8S 10S
  P1 Trick  1: repeaters leads 7C, teambinary plays 8C -> teambinary wins
  P1 Trick  2: teambinary leads 9H, repeaters plays 5H -> teambinary wins
  P1 Trick  3: teambinary leads AC, repeaters plays 2C -> teambinary wins
  P1 Trick  4: teambinary leads 7H, repeaters plays 6H -> teambinary wins
  P1 Trick  5: teambinary leads 3H, repeaters plays QH -> repeaters wins
  P1 Trick  6: repeaters leads 2D, teambinary plays 8D -> teambinary wins
  P1 Trick  7: teambinary leads KD, repeaters plays 3D -> teambinary wins
  P1 Trick  8: teambinary leads 9D, repeaters plays 10D -> repeaters wins
  P1 Trick  9: repeaters leads 5D, teambinary plays 8H -> repeaters wins
  P1 Trick 10: repeaters leads 6C, teambinary plays JC -> teambinary wins
  P1 Trick 11: teambinary leads 4H, repeaters plays 2H -> teambinary wins
  P1 Trick 12: teambinary leads AS, repeaters plays 6S -> teambinary wins
  P1 Trick 13: teambinary leads QS, repeaters plays 9S -> teambinary wins

--- Phase 2 (Scoring) ---
  P2 Trick  1: teambinary leads KC, repeaters plays 4C -> teambinary wins
  P2 Trick  2: teambinary leads QC, repeaters plays 10C -> teambinary wins
  P2 Trick  3: teambinary leads 10S, repeaters plays JS -> repeaters wins
  P2 Trick  4: repeaters leads 7D, teambinary plays 6D -> repeaters wins
  P2 Trick  5: repeaters leads JD, teambinary plays 3C -> teambinary wins
  P2 Trick  6: teambinary leads 9C, repeaters plays 4D -> teambinary wins
  P2 Trick  7: teambinary leads 8S, repeaters plays KS -> repeaters wins
  P2 Trick  8: repeaters leads QD, teambinary plays 5C -> teambinary wins
  P2 Trick  9: teambinary leads 7S, repeaters plays 10H -> teambinary wins
  P2 Trick 10: teambinary leads 5S, repeaters plays JH -> teambinary wins
  P2 Trick 11: teambinary leads 4S, repeaters plays KH -> teambinary wins
  P2 Trick 12: teambinary leads 3S, repeaters plays AH -> teambinary wins
  P2 Trick 13: teambinary leads 2S, repeaters plays AD -> teambinary wins
  Result: repeaters 3 - 10 teambinary
  Winner: teambinary

============================================================
Game 18
============================================================
Players: teambinary vs repeaters
Trump suit: H
Face-up card: 2H
teambinary hand: 4C 5C QC AC 2D 3D KD 3H QH KH 5S 6S QS
repeaters hand: 5D 7D 9D JD 4H 5H 7H 3S 7S 9S 10S JS AS
  P1 Trick  1: teambinary leads AC, repeaters plays 4H -> repeaters wins
  P1 Trick  2: repeaters leads 3S, teambinary plays 5S -> teambinary wins
  P1 Trick  3: teambinary leads QS, repeaters plays 7S -> teambinary wins
  P1 Trick  4: teambinary leads 6S, repeaters plays 9S -> repeaters wins
  P1 Trick  5: repeaters leads 10H, teambinary plays QH -> teambinary wins
  P1 Trick  6: teambinary leads KS, repeaters plays AS -> repeaters wins
  P1 Trick  7: repeaters leads 7H, teambinary plays 9H -> teambinary wins
  P1 Trick  8: teambinary leads 4S, repeaters plays 10S -> repeaters wins
  P1 Trick  9: repeaters leads 5D, teambinary plays KD -> teambinary wins
  P1 Trick 10: teambinary leads 3D, repeaters plays 7D -> repeaters wins
  P1 Trick 11: repeaters leads 2C, teambinary plays 3C -> teambinary wins
  P1 Trick 12: teambinary leads 4D, repeaters plays 8D -> repeaters wins
  P1 Trick 13: repeaters leads 6D, teambinary plays 2D -> repeaters wins

--- Phase 2 (Scoring) ---
  P2 Trick  1: repeaters leads 8S, teambinary plays 2S -> repeaters wins
  P2 Trick  2: repeaters leads 9D, teambinary plays QD -> teambinary wins
  P2 Trick  3: teambinary leads AH, repeaters plays 2H -> teambinary wins
  P2 Trick  4: teambinary leads KH, repeaters plays 5H -> teambinary wins
  P2 Trick  5: teambinary leads QC, repeaters plays KC -> repeaters wins
  P2 Trick  6: repeaters leads 10D, teambinary plays 3H -> teambinary wins
  P2 Trick  7: teambinary leads JC, repeaters plays 8C -> teambinary wins
  P2 Trick  8: teambinary leads JH, repeaters plays 6H -> teambinary wins
  P2 Trick  9: teambinary leads 8H, repeaters plays 9C -> teambinary wins
  P2 Trick 10: teambinary leads 7C, repeaters plays 10C -> repeaters wins
  P2 Trick 11: repeaters leads JS, teambinary plays 4C -> repeaters wins
  P2 Trick 12: repeaters leads JD, teambinary plays 5C -> repeaters wins
  P2 Trick 13: repeaters leads AD, teambinary plays 6C -> repeaters wins
  Result: teambinary 7 - 6 repeaters
  Winner: teambinary

============================================================
Game 19
============================================================
Players: repeaters vs teambinary
Trump suit: H
Face-up card: 6H
repeaters hand: 2C 6C 10C 2D KD AD 2H 8H AH 2S 3S 6S QS
teambinary hand: 3C 9C QC 5D 6D 8D 3H 9H QH 4S 5S 9S JS
  P1 Trick  1: repeaters leads AH, teambinary plays 3H -> repeaters wins
  P1 Trick  2: repeaters leads 8H, teambinary plays 9H -> teambinary wins
  P1 Trick  3: teambinary leads QC, repeaters plays 2C -> teambinary wins
  P1 Trick  4: teambinary leads JS, repeaters plays 2S -> teambinary wins
  P1 Trick  5: teambinary leads 9S, repeaters plays 3S -> teambinary wins
  P1 Trick  6: teambinary leads 9C, repeaters plays 4C -> teambinary wins
  P1 Trick  7: teambinary leads 5C, repeaters plays 6C -> repeaters wins
  P1 Trick  8: repeaters leads 10H, teambinary plays QH -> teambinary wins
  P1 Trick  9: teambinary leads JC, repeaters plays KC -> repeaters wins
  P1 Trick 10: repeaters leads 6H, teambinary plays 3C -> repeaters wins
  P1 Trick 11: repeaters leads 2D, teambinary plays 4D -> teambinary wins
  P1 Trick 12: teambinary leads 7C, repeaters plays 8C -> repeaters wins
  P1 Trick 13: repeaters leads JH, teambinary plays KH -> teambinary wins

--- Phase 2 (Scoring) ---
  P2 Trick  1: teambinary leads AS, repeaters plays 6S -> teambinary wins
  P2 Trick  2: teambinary leads QD, repeaters plays KD -> repeaters wins
  P2 Trick  3: repeaters leads 10C, teambinary plays 4S -> repeaters wins
  P2 Trick  4: repeaters leads 10S, teambinary plays 5S -> repeaters wins
  P2 Trick  5: repeaters leads QS, teambinary plays 7S -> repeaters wins
  P2 Trick  6: repeaters leads KS, teambinary plays 8S -> repeaters wins
  P2 Trick  7: repeaters leads AD, teambinary plays 5D -> repeaters wins
  P2 Trick  8: repeaters leads AC, teambinary plays 6D -> repeaters wins
  P2 Trick  9: repeaters leads 7H, teambinary plays 7D -> repeaters wins
  P2 Trick 10: repeaters leads 5H, teambinary plays 8D -> repeaters wins
  P2 Trick 11: repeaters leads 4H, teambinary plays 9D -> repeaters wins
  P2 Trick 12: repeaters leads 2H, teambinary plays 10D -> repeaters wins
  P2 Trick 13: repeaters leads 3D, teambinary plays JD -> teambinary wins
  Result: repeaters 11 - 2 teambinary
  Winner: repeaters

============================================================
Game 20
============================================================
Players: teambinary vs repeaters
Trump suit: C
Face-up card: 7C
teambinary hand: 2C 5C 6C 8C 2D 3D 6D 7D 4H 6H 10H QH 3S
repeaters hand: 3C KC 5D 9D 7H 8H 5S 7S 8S 10S JS KS AS
  P1 Trick  1: teambinary leads 3S, repeaters plays 5S -> repeaters wins
  P1 Trick  2: repeaters leads KC, teambinary plays 2C -> repeaters wins
  P1 Trick  3: repeaters leads 7C, teambinary plays 8C -> teambinary wins
  P1 Trick  4: teambinary leads 6S, repeaters plays 7S -> repeaters wins
  P1 Trick  5: repeaters leads 3C, teambinary plays 5C -> teambinary wins
  P1 Trick  6: teambinary leads QH, repeaters plays 3H -> teambinary wins
  P1 Trick  7: teambinary leads 4S, repeaters plays 8S -> repeaters wins
  P1 Trick  8: repeaters leads AS, teambinary plays 2S -> repeaters wins
  P1 Trick  9: repeaters leads KS, teambinary plays 6C -> teambinary wins
  P1 Trick 10: teambinary leads 10H, repeaters plays 2H -> teambinary wins
  P1 Trick 11: teambinary leads 6H, repeaters plays 5H -> teambinary wins
  P1 Trick 12: teambinary leads 9S, repeaters plays 10S -> repeaters wins
  P1 Trick 13: repeaters leads 4C, teambinary plays 10C -> teambinary wins

--- Phase 2 (Scoring) ---
  P2 Trick  1: teambinary leads AD, repeaters plays 5D -> teambinary wins
  P2 Trick  2: teambinary leads AC, repeaters plays 7H -> teambinary wins
  P2 Trick  3: teambinary leads QC, repeaters plays 8H -> teambinary wins
  P2 Trick  4: teambinary leads JD, repeaters plays QD -> repeaters wins
  P2 Trick  5: repeaters leads 9D, teambinary plays 2D -> repeaters wins
  P2 Trick  6: repeaters leads 9H, teambinary plays 4H -> repeaters wins
  P2 Trick  7: repeaters leads 10D, teambinary plays 3D -> repeaters wins
  P2 Trick  8: repeaters leads JS, teambinary plays 9C -> teambinary wins
  P2 Trick  9: teambinary leads JC, repeaters plays JH -> teambinary wins
  P2 Trick 10: teambinary leads 8D, repeaters plays KD -> repeaters wins
  P2 Trick 11: repeaters leads QS, teambinary plays 4D -> repeaters wins
  P2 Trick 12: repeaters leads KH, teambinary plays 6D -> repeaters wins
  P2 Trick 13: repeaters leads AH, teambinary plays 7D -> repeaters wins
  Result: teambinary 5 - 8 repeaters
  Winner: repeaters

============================================================
Game 21
============================================================
Players: repeaters vs teambinary
Trump suit: H
Face-up card: 5H
repeaters hand: 5C 6C 9C JC 5D 6H 7H KH 3S 8S 10S QS AS
teambinary hand: 4C KC AC 3D 6D 7D 10D 2H 3H 8H 10H QH 9S
  P1 Trick  1: repeaters leads KH, teambinary plays 2H -> repeaters wins
  P1 Trick  2: repeaters leads 3S, teambinary plays 9S -> teambinary wins
  P1 Trick  3: teambinary leads 2S, repeaters plays 8S -> repeaters wins
  P1 Trick  4: repeaters leads 5C, teambinary plays KC -> teambinary wins
  P1 Trick  5: teambinary leads AH, repeaters plays 5H -> teambinary wins
  P1 Trick  6: teambinary leads AC, repeaters plays 2C -> teambinary wins
  P1 Trick  7: teambinary leads 4C, repeaters plays 6C -> repeaters wins
  P1 Trick  8: repeaters leads 2D, teambinary plays 3D -> teambinary wins
  P1 Trick  9: teambinary leads 4S, repeaters plays 7S -> repeaters wins
  P1 Trick 10: repeaters leads 5D, teambinary plays 6D -> teambinary wins
  P1 Trick 11: teambinary leads 7C, repeaters plays 8C -> repeaters wins
  P1 Trick 12: repeaters leads JH, teambinary plays QH -> teambinary wins
  P1 Trick 13: teambinary leads 6S, repeaters plays 10S -> repeaters wins

--- Phase 2 (Scoring) ---
  P2 Trick  1: repeaters leads 10C, teambinary plays 3C -> repeaters wins
  P2 Trick  2: repeaters leads JC, teambinary plays 3H -> teambinary wins
  P2 Trick  3: teambinary leads KD, repeaters plays AD -> repeaters wins
  P2 Trick  4: repeaters leads JS, teambinary plays KS -> teambinary wins
  P2 Trick  5: teambinary leads JD, repeaters plays QD -> repeaters wins
  P2 Trick  6: repeaters leads 9D, teambinary plays 10D -> teambinary wins
  P2 Trick  7: teambinary leads 10H, repeaters plays 6H -> teambinary wins
  P2 Trick  8: teambinary leads 9H, repeaters plays 7H -> teambinary wins
  P2 Trick  9: teambinary leads 8H, repeaters plays 5S -> teambinary wins
  P2 Trick 10: teambinary leads 8D, repeaters plays 9C -> teambinary wins
  P2 Trick 11: teambinary leads 7D, repeaters plays QS -> teambinary wins
  P2 Trick 12: teambinary leads 4D, repeaters plays QC -> teambinary wins
  P2 Trick 13: teambinary leads 4H, repeaters plays AS -> teambinary wins
  Result: repeaters 3 - 10 teambinary
  Winner: teambinary

============================================================
Game 22
============================================================
Players: teambinary vs repeaters
Trump suit: C
Face-up card: 3C
teambinary hand: 5C 8C QC 7D 4H 7H 10H KH AH 2S 10S JS AS
repeaters hand: 7C 10C KC AC 6D 9D 10D 2H 5H QH 3S 7S 8S
  P1 Trick  1: teambinary leads 7D, repeaters plays 9D -> repeaters wins
  P1 Trick  2: repeaters leads 2H, teambinary plays 4H -> teambinary wins
  P1 Trick  3: teambinary leads 8D, repeaters plays 10D -> repeaters wins
  P1 Trick  4: repeaters leads AC, teambinary plays 5C -> repeaters wins
  P1 Trick  5: repeaters leads KC, teambinary plays 8C -> repeaters wins
  P1 Trick  6: repeaters leads 10C, teambinary plays JC -> teambinary wins
  P1 Trick  7: teambinary leads 5D, repeaters plays 6D -> repeaters wins
  P1 Trick  8: repeaters leads 7C, teambinary plays 9C -> teambinary wins
  P1 Trick  9: teambinary leads KD, repeaters plays QD -> teambinary wins
  P1 Trick 10: teambinary leads 4D, repeaters plays AD -> repeaters wins
  P1 Trick 11: repeaters leads 2D, teambinary plays 6H -> repeaters wins
  P1 Trick 12: repeaters leads 3S, teambinary plays 4S -> teambinary wins
  P1 Trick 13: teambinary leads 3D, repeaters plays JD -> repeaters wins

--- Phase 2 (Scoring) ---
  P2 Trick  1: repeaters leads 8S, teambinary plays 10S -> teambinary wins
  P2 Trick  2: teambinary leads AS, repeaters plays 6S -> teambinary wins
  P2 Trick  3: teambinary leads AH, repeaters plays 3H -> teambinary wins
  P2 Trick  4: teambinary leads KH, repeaters plays 5H -> teambinary wins
  P2 Trick  5: teambinary leads QC, repeaters plays 2C -> teambinary wins
  P2 Trick  6: teambinary leads JS, repeaters plays QS -> repeaters wins
  P2 Trick  7: repeaters leads 8H, teambinary plays 9H -> teambinary wins
  P2 Trick  8: teambinary leads JH, repeaters plays QH -> repeaters wins
  P2 Trick  9: repeaters leads 9S, teambinary plays 2S -> repeaters wins
  P2 Trick 10: repeaters leads KS, teambinary plays 5S -> repeaters wins
  P2 Trick 11: repeaters leads 6C, teambinary plays 4C -> repeaters wins
  P2 Trick 12: repeaters leads 3C, teambinary plays 7H -> repeaters wins
  P2 Trick 13: repeaters leads 7S, teambinary plays 10H -> repeaters wins
  Result: teambinary 6 - 7 repeaters
  Winner: repeaters

============================================================
Game 23
============================================================
Players: repeaters vs teambinary
Trump suit: D
Face-up card: JD
repeaters hand: 2C 4C 8C 10C JC 2D 5H 9H 10H 2S 6S 8S 9S
teambinary hand: 3C 5C 6D 7D 8D 10D 2H 3H 7H KH AH 7S KS
  P1 Trick  1: repeaters leads 2D, teambinary plays 6D -> teambinary wins
  P1 Trick  2: teambinary leads KS, repeaters plays 2S -> teambinary wins
  P1 Trick  3: teambinary leads 7S, repeaters plays 8S -> repeaters wins
  P1 Trick  4: repeaters leads 2C, teambinary plays 3C -> teambinary wins
  P1 Trick  5: teambinary leads KC, repeaters plays 4C -> teambinary wins
  P1 Trick  6: teambinary leads 6C, repeaters plays 8C -> repeaters wins
  P1 Trick  7: repeaters leads KD, teambinary plays 5D -> repeaters wins
  P1 Trick  8: repeaters leads AS, teambinary plays 7D -> teambinary wins
  P1 Trick  9: teambinary leads 5C, repeaters plays 7C -> repeaters wins
  P1 Trick 10: repeaters leads 3S, teambinary plays AC -> repeaters wins
  P1 Trick 11: repeaters leads 9D, teambinary plays 10D -> teambinary wins
  P1 Trick 12: teambinary leads AH, repeaters plays 5H -> teambinary wins
  P1 Trick 13: teambinary leads QC, repeaters plays 9C -> teambinary wins

--- Phase 2 (Scoring) ---
  P2 Trick  1: teambinary leads AD, repeaters plays 4S -> teambinary wins
  P2 Trick  2: teambinary leads KH, repeaters plays 6H -> teambinary wins
  P2 Trick  3: teambinary leads QD, repeaters plays 5S -> teambinary wins
  P2 Trick  4: teambinary leads QS, repeaters plays 6S -> teambinary wins
  P2 Trick  5: teambinary leads JD, repeaters plays 8H -> teambinary wins
  P2 Trick  6: teambinary leads JH, repeaters plays QH -> repeaters wins
  P2 Trick  7: repeaters leads 9S, teambinary plays 3D -> teambinary wins
  P2 Trick  8: teambinary leads 8D, repeaters plays 9H -> teambinary wins
  P2 Trick  9: teambinary leads 7H, repeaters plays 10H -> repeaters wins
  P2 Trick 10: repeaters leads 10C, teambinary plays 4D -> teambinary wins
  P2 Trick 11: teambinary leads 4H, repeaters plays 10S -> teambinary wins
  P2 Trick 12: teambinary leads 3H, repeaters plays JC -> teambinary wins
  P2 Trick 13: teambinary leads 2H, repeaters plays JS -> teambinary wins
  Result: repeaters 2 - 11 teambinary
  Winner: teambinary

============================================================
Game 24
============================================================
Players: teambinary vs repeaters
Trump suit: D
Face-up card: 8D
teambinary hand: 6C QC KC 5D 6D 10D KD AD 4H 7H AH 4S JS
repeaters hand: 2C 3C 4C 5C 7C JC 8H 10H 5S 6S 8S KS AS
  P1 Trick  1: teambinary leads AD, repeaters plays 2C -> teambinary wins
  P1 Trick  2: teambinary leads JS, repeaters plays KS -> repeaters wins
  P1 Trick  3: repeaters leads 3C, teambinary plays 6C -> teambinary wins
  P1 Trick  4: teambinary leads 4S, repeaters plays 5S -> repeaters wins
  P1 Trick  5: repeaters leads 4C, teambinary plays 8C -> teambinary wins
  P1 Trick  6: teambinary leads KC, repeaters plays 5C -> teambinary wins
  P1 Trick  7: teambinary leads QC, repeaters plays 7C -> teambinary wins
  P1 Trick  8: teambinary leads 7S, repeaters plays 6S -> teambinary wins
  P1 Trick  9: teambinary leads 3S, repeaters plays 8S -> repeaters wins
  P1 Trick 10: repeaters leads 7D, teambinary plays 8D -> teambinary wins
  P1 Trick 11: teambinary leads 2S, repeaters plays 9S -> repeaters wins
  P1 Trick 12: repeaters leads JD, teambinary plays KD -> teambinary wins
  P1 Trick 13: teambinary leads AC, repeaters plays 9C -> teambinary wins

--- Phase 2 (Scoring) ---
  P2 Trick  1: teambinary leads AH, repeaters plays 2H -> teambinary wins
  P2 Trick  2: teambinary leads KH, repeaters plays 5H -> teambinary wins
  P2 Trick  3: teambinary leads QD, repeaters plays 2D -> teambinary wins
  P2 Trick  4: teambinary leads 10D, repeaters plays 4D -> teambinary wins
  P2 Trick  5: teambinary leads 9H, repeaters plays 10H -> repeaters wins
  P2 Trick  6: repeaters leads 8H, teambinary plays 3H -> repeaters wins
  P2 Trick  7: repeaters leads 10C, teambinary plays 3D -> teambinary wins
  P2 Trick  8: teambinary leads 9D, repeaters plays 10S -> teambinary wins
  P2 Trick  9: teambinary leads 7H, repeaters plays JH -> repeaters wins
  P2 Trick 10: repeaters leads JC, teambinary plays 5D -> teambinary wins
  P2 Trick 11: teambinary leads 6D, repeaters plays QH -> teambinary wins
  P2 Trick 12: teambinary leads 6H, repeaters plays QS -> teambinary wins
  P2 Trick 13: teambinary leads 4H, repeaters plays AS -> teambinary wins
  Result: teambinary 10 - 3 repeaters
  Winner: teambinary

============================================================
Game 25
============================================================
Players: repeaters vs teambinary
Trump suit: H
Face-up card: JH
repeaters hand: 3C 4C 10C QC 8D KD AD 4H 6H 9H QH 4S KS
teambinary hand: 2C 7C KC 2D 7D 2H 3H 8H 10H KH 5S 7S 9S
  P1 Trick  1: repeaters leads QH, teambinary plays KH -> teambinary wins
  P1 Trick  2: teambinary leads 7D, repeaters plays 8D -> repeaters wins
  P1 Trick  3: repeaters leads 9H, teambinary plays 10H -> teambinary wins
  P1 Trick  4: teambinary leads 5D, repeaters plays 9D -> repeaters wins
  P1 Trick  5: repeaters leads 3C, teambinary plays 7C -> teambinary wins
  P1 Trick  6: teambinary leads 2D, repeaters plays 10D -> repeaters wins
  P1 Trick  7: repeaters leads 7H, teambinary plays 8H -> teambinary wins
  P1 Trick  8: teambinary leads QD, repeaters plays KD -> repeaters wins
  P1 Trick  9: repeaters leads 3D, teambinary plays JD -> teambinary wins
  P1 Trick 10: teambinary leads AC, repeaters plays 4C -> teambinary wins
  P1 Trick 11: teambinary leads KC, repeaters plays 6C -> teambinary wins
  P1 Trick 12: teambinary leads 9C, repeaters plays 10C -> repeaters wins
  P1 Trick 13: repeaters leads AH, teambinary plays 2H -> repeaters wins

--- Phase 2 (Scoring) ---
  P2 Trick  1: repeaters leads JC, teambinary plays 2C -> repeaters wins
  P2 Trick  2: repeaters leads QC, teambinary plays 5C -> repeaters wins
  P2 Trick  3: repeaters leads AD, teambinary plays 6D -> repeaters wins
  P2 Trick  4: repeaters leads KS, teambinary plays AS -> teambinary wins
  P2 Trick  5: teambinary leads QS, repeaters plays 2S -> teambinary wins
  P2 Trick  6: teambinary leads JH, repeaters plays 4H -> teambinary wins
  P2 Trick  7: teambinary leads 9S, repeaters plays 10S -> repeaters wins
  P2 Trick  8: repeaters leads 6H, teambinary plays 3H -> repeaters wins
  P2 Trick  9: repeaters leads JS, teambinary plays 5S -> repeaters wins
  P2 Trick 10: repeaters leads 4S, teambinary plays 6S -> teambinary wins
  P2 Trick 11: teambinary leads 8S, repeaters plays 3S -> teambinary wins
  P2 Trick 12: teambinary leads 8C, repeaters plays 5H -> repeaters wins
  P2 Trick 13: repeaters leads 4D, teambinary plays 7S -> repeaters wins
  Result: repeaters 8 - 5 teambinary
  Winner: repeaters

============================================================
Game 26
============================================================
Players: teambinary vs repeaters
Trump suit: C
Face-up card: AC
teambinary hand: 3C 10C JC 10D JD QD 3H 10H KH AH 3S 7S QS
repeaters hand: 2C 4C 7C QC KC 8D 8H JH 4S 5S 8S 9S 10S
  P1 Trick  1: teambinary leads AH, repeaters plays 8H -> teambinary wins
  P1 Trick  2: teambinary leads KH, repeaters plays JH -> teambinary wins
  P1 Trick  3: teambinary leads 10H, repeaters plays 4S -> teambinary wins
  P1 Trick  4: teambinary leads AC, repeaters plays 2C -> teambinary wins
  P1 Trick  5: teambinary leads 3H, repeaters plays 4D -> teambinary wins
  P1 Trick  6: teambinary leads 6H, repeaters plays 5H -> teambinary wins
  P1 Trick  7: teambinary leads 2H, repeaters plays 4C -> repeaters wins
  P1 Trick  8: repeaters leads KC, teambinary plays 3C -> repeaters wins
  P1 Trick  9: repeaters leads 5S, teambinary plays 7S -> teambinary wins
  P1 Trick 10: teambinary leads 4H, repeaters plays 6S -> teambinary wins
  P1 Trick 11: teambinary leads 9H, repeaters plays 8D -> teambinary wins
  P1 Trick 12: teambinary leads QS, repeaters plays 8S -> teambinary wins
  P1 Trick 13: teambinary leads 3S, repeaters plays 9S -> repeaters wins

--- Phase 2 (Scoring) ---
  P2 Trick  1: repeaters leads QH, teambinary plays 7H -> repeaters wins
  P2 Trick  2: repeaters leads KD, teambinary plays 3D -> repeaters wins
  P2 Trick  3: repeaters leads AS, teambinary plays 2S -> repeaters wins
  P2 Trick  4: repeaters leads AD, teambinary plays 5D -> repeaters wins
  P2 Trick  5: repeaters leads KS, teambinary plays 8C -> teambinary wins
  P2 Trick  6: teambinary leads QD, repeaters plays 2D -> teambinary wins
  P2 Trick  7: teambinary leads JC, repeaters plays QC -> repeaters wins
  P2 Trick  8: repeaters leads JS, teambinary plays 10C -> teambinary wins
  P2 Trick  9: teambinary leads JD, repeaters plays 5C -> repeaters wins
  P2 Trick 10: repeaters leads 9C, teambinary plays 6D -> repeaters wins
  P2 Trick 11: repeaters leads 7C, teambinary plays 7D -> repeaters wins
  P2 Trick 12: repeaters leads 6C, teambinary plays 9D -> repeaters wins
  P2 Trick 13: repeaters leads 10S, teambinary plays 10D -> repeaters wins
  Result: teambinary 3 - 10 repeaters
  Winner: repeaters

============================================================
Game 27
============================================================
Players: repeaters vs teambinary
Trump suit: D
Face-up card: 10D
repeaters hand: 2C 8C JC KC 6D KD AD 4H 5H 6H 9H 10S KS
teambinary hand: 4C 5C 6C 7C QC AC 5D 8H 10H KH 4S 6S AS
  P1 Trick  1: repeaters leads AD, teambinary plays 5D -> repeaters wins
  P1 Trick  2: repeaters leads KD, teambinary plays 2D -> repeaters wins
  P1 Trick  3: repeaters leads 2C, teambinary plays 4C -> teambinary wins
  P1 Trick  4: teambinary leads AS, repeaters plays 10S -> teambinary wins
  P1 Trick  5: teambinary leads KH, repeaters plays 4H -> teambinary wins
  P1 Trick  6: teambinary leads 10H, repeaters plays 5H -> teambinary wins
  P1 Trick  7: teambinary leads 8H, repeaters plays 6H -> teambinary wins
  P1 Trick  8: teambinary leads 7H, repeaters plays 9H -> repeaters wins
  P1 Trick  9: repeaters leads 8C, teambinary plays 10C -> teambinary wins
  P1 Trick 10: teambinary leads 3H, repeaters plays QH -> repeaters wins
  P1 Trick 11: repeaters leads 2S, teambinary plays 3S -> teambinary wins
  P1 Trick 12: teambinary leads 2H, repeaters plays 3D -> repeaters wins
  P1 Trick 13: repeaters leads QD, teambinary plays JD -> repeaters wins

--- Phase 2 (Scoring) ---
  P2 Trick  1: repeaters leads JC, teambinary plays QC -> teambinary wins
  P2 Trick  2: teambinary leads AC, repeaters plays 9C -> teambinary wins
  P2 Trick  3: teambinary leads JS, repeaters plays QS -> repeaters wins
  P2 Trick  4: repeaters leads KC, teambinary plays 3C -> repeaters wins
  P2 Trick  5: repeaters leads KS, teambinary plays 4S -> repeaters wins
  P2 Trick  6: repeaters leads AH, teambinary plays JH -> repeaters wins
  P2 Trick  7: repeaters leads 10D, teambinary plays 5C -> repeaters wins
  P2 Trick  8: repeaters leads 9D, teambinary plays 5S -> repeaters wins
  P2 Trick  9: repeaters leads 8D, teambinary plays 6S -> repeaters wins
  P2 Trick 10: repeaters leads 7D, teambinary plays 6C -> repeaters wins
  P2 Trick 11: repeaters leads 6D, teambinary plays 7C -> repeaters wins
  P2 Trick 12: repeaters leads 4D, teambinary plays 8S -> repeaters wins
  P2 Trick 13: repeaters leads 7S, teambinary plays 9S -> teambinary wins
  Result: repeaters 10 - 3 teambinary
  Winner: repeaters

============================================================
Game 28
============================================================
Players: teambinary vs repeaters
Trump suit: S
Face-up card: 8S
teambinary hand: 3C 5C 9C 9D 10D QD 5H KH AH 7S 9S 10S AS
repeaters hand: 2C 7C 8C 2D 3D 6D KD 3H 7H 8H 2S 3S QS
  P1 Trick  1: teambinary leads AS, repeaters plays 2S -> teambinary wins
  P1 Trick  2: teambinary leads AH, repeaters plays 3H -> teambinary wins
  P1 Trick  3: teambinary leads KH, repeaters plays 7H -> teambinary wins
  P1 Trick  4: teambinary leads 5H, repeaters plays 8H -> repeaters wins
  P1 Trick  5: repeaters leads QS, teambinary plays 7S -> repeaters wins
  P1 Trick  6: repeaters leads 2D, teambinary plays 9D -> teambinary wins
  P1 Trick  7: teambinary leads 4H, repeaters plays 6H -> repeaters wins
  P1 Trick  8: repeaters leads 2C, teambinary plays 3C -> teambinary wins
  P1 Trick  9: teambinary leads 2H, repeaters plays 10H -> repeaters wins
  P1 Trick 10: repeaters leads 3D, teambinary plays 7D -> teambinary wins
  P1 Trick 11: teambinary leads AD, repeaters plays 5D -> teambinary wins
  P1 Trick 12: teambinary leads 9H, repeaters plays QH -> repeaters wins
  P1 Trick 13: repeaters leads KS, teambinary plays 8S -> repeaters wins

--- Phase 2 (Scoring) ---
  P2 Trick  1: repeaters leads 10C, teambinary plays KC -> teambinary wins
  P2 Trick  2: teambinary leads AC, repeaters plays 7C -> teambinary wins
  P2 Trick  3: teambinary leads QD, repeaters plays KD -> repeaters wins
  P2 Trick  4: repeaters leads JC, teambinary plays 4C -> repeaters wins
  P2 Trick  5: repeaters leads QC, teambinary plays 5C -> repeaters wins
  P2 Trick  6: repeaters leads 8D, teambinary plays 10D -> teambinary wins
  P2 Trick  7: teambinary leads JD, repeaters plays 4D -> teambinary wins
  P2 Trick  8: teambinary leads JS, repeaters plays 3S -> teambinary wins
  P2 Trick  9: teambinary leads JH, repeaters plays 4S -> repeaters wins
  P2 Trick 10: repeaters leads 6S, teambinary plays 9S -> teambinary wins
  P2 Trick 11: teambinary leads 10S, repeaters plays 5S -> teambinary wins
  P2 Trick 12: teambinary leads 9C, repeaters plays 8C -> teambinary wins
  P2 Trick 13: teambinary leads 6C, repeaters plays 6D -> teambinary wins
  Result: teambinary 9 - 4 repeaters
  Winner: teambinary

============================================================
Game 29
============================================================
Players: repeaters vs teambinary
Trump suit: H
Face-up card: 3H
repeaters hand: 4C 7C 8C 9D KD 10H JH KH 5S 8S JS KS AS
teambinary hand: 2C 10C AC 6D JD AD 2H 4H 6H 8H 3S 6S QS
  P1 Trick  1: repeaters leads KH, teambinary plays 2H -> repeaters wins
  P1 Trick  2: repeaters leads JH, teambinary plays 4H -> repeaters wins
  P1 Trick  3: repeaters leads QH, teambinary plays 6H -> repeaters wins
  P1 Trick  4: repeaters leads 10H, teambinary plays 7H -> repeaters wins
  P1 Trick  5: repeaters leads 4C, teambinary plays 5C -> teambinary wins
  P1 Trick  6: teambinary leads AC, repeaters plays 7C -> teambinary wins
  P1 Trick  7: teambinary leads 10C, repeaters plays 6C -> teambinary wins
  P1 Trick  8: teambinary leads 2C, repeaters plays 8C -> repeaters wins
  P1 Trick  9: repeaters leads AH, teambinary plays 8H -> repeaters wins
  P1 Trick 10: repeaters leads 4S, teambinary plays 6S -> teambinary wins
  P1 Trick 11: teambinary leads QC, repeaters plays 3C -> teambinary wins
  P1 Trick 12: teambinary leads QS, repeaters plays 5S -> teambinary wins
  P1 Trick 13: teambinary leads 10S, repeaters plays 8S -> teambinary wins

--- Phase 2 (Scoring) ---
  P2 Trick  1: teambinary leads AD, repeaters plays 9D -> teambinary wins
  P2 Trick  2: teambinary leads JD, repeaters plays QD -> repeaters wins
  P2 Trick  3: repeaters leads 9H, teambinary plays 2D -> repeaters wins
  P2 Trick  4: repeaters leads 5H, teambinary plays 2S -> repeaters wins
  P2 Trick  5: repeaters leads 3H, teambinary plays 3S -> repeaters wins
  P2 Trick  6: repeaters leads 9S, teambinary plays 7S -> repeaters wins
  P2 Trick  7: repeaters leads 9C, teambinary plays 3D -> repeaters wins
  P2 Trick  8: repeaters leads JS, teambinary plays 4D -> repeaters wins
  P2 Trick  9: repeaters leads JC, teambinary plays 5D -> repeaters wins
  P2 Trick 10: repeaters leads KD, teambinary plays 6D -> repeaters wins
  P2 Trick 11: repeaters leads KS, teambinary plays 7D -> repeaters wins
  P2 Trick 12: repeaters leads KC, teambinary plays 8D -> repeaters wins
  P2 Trick 13: repeaters leads AS, teambinary plays 10D -> repeaters wins
  Result: repeaters 12 - 1 teambinary
  Winner: repeaters

============================================================
Game 30
============================================================
Players: teambinary vs repeaters
Trump suit: C
Face-up card: 9C
teambinary hand: 3C 5C 6C 10C AC 2D 6D 3H 7H QH AH 2S 5S
repeaters hand: 7C 8C 5D 7D 8D JD QD AD 2H 6H 9H 6S 10S
  P1 Trick  1: teambinary leads AC, repeaters plays 7C -> teambinary wins
  P1 Trick  2: teambinary leads 6D, repeaters plays 7D -> repeaters wins
  P1 Trick  3: repeaters leads 8C, teambinary plays 9C -> teambinary wins
  P1 Trick  4: teambinary leads 5S, repeaters plays 6S -> repeaters wins
  P1 Trick  5: repeaters leads AD, teambinary plays 2D -> repeaters wins
  P1 Trick  6: repeaters leads 4C, teambinary plays 5C -> teambinary wins
  P1 Trick  7: teambinary leads KS, repeaters plays 8S -> teambinary wins
  P1 Trick  8: teambinary leads 3D, repeaters plays 5D -> repeaters wins
  P1 Trick  9: repeaters leads 2H, teambinary plays 3H -> teambinary wins
  P1 Trick 10: teambinary leads JS, repeaters plays 10S -> teambinary wins
  P1 Trick 11: teambinary leads 4S, repeaters plays 9S -> repeaters wins
  P1 Trick 12: repeaters leads 4H, teambinary plays 5H -> teambinary wins
  P1 Trick 13: teambinary leads AS, repeaters plays 3S -> teambinary wins

--- Phase 2 (Scoring) ---
  P2 Trick  1: teambinary leads AH, repeaters plays 6H -> teambinary wins
  P2 Trick  2: teambinary leads KH, repeaters plays 8H -> teambinary wins
  P2 Trick  3: teambinary leads QH, repeaters plays 9H -> teambinary wins
  P2 Trick  4: teambinary leads QC, repeaters plays KC -> repeaters wins
  P2 Trick  5: repeaters leads 10H, teambinary plays JH -> teambinary wins
  P2 Trick  6: teambinary leads JC, repeaters plays 2C -> teambinary wins
  P2 Trick  7: teambinary leads 10C, repeaters plays 4D -> teambinary wins
  P2 Trick  8: teambinary leads 9D, repeaters plays 10D -> repeaters wins
  P2 Trick  9: repeaters leads JD, teambinary plays 3C -> teambinary wins
  P2 Trick 10: teambinary leads 7H, repeaters plays 8D -> teambinary wins
  P2 Trick 11: teambinary leads 7S, repeaters plays QS -> repeaters wins
  P2 Trick 12: repeaters leads QD, teambinary plays 6C -> teambinary wins
  P2 Trick 13: teambinary leads 2S, repeaters plays KD -> teambinary wins
  Result: teambinary 10 - 3 repeaters
  Winner: teambinary

============================================================
Game 31
============================================================
Players: repeaters vs teambinary
Trump suit: S
Face-up card: 7S
repeaters hand: 2C 4C 7C JC 5D JD QD 5H 9H QH AH 3S 8S
teambinary hand: 6C 9C QC KC 6D 10D AD 3H 6H 8H KH KS AS
  P1 Trick  1: repeaters leads 8S, teambinary plays KS -> teambinary wins
  P1 Trick  2: teambinary leads AD, repeaters plays 5D -> teambinary wins
  P1 Trick  3: teambinary leads 10D, repeaters plays 3D -> teambinary wins
  P1 Trick  4: teambinary leads 6D, repeaters plays JD -> repeaters wins
  P1 Trick  5: repeaters leads 2C, teambinary plays 6C -> teambinary wins
  P1 Trick  6: teambinary leads AS, repeaters plays 3S -> teambinary wins
  P1 Trick  7: teambinary leads 4D, repeaters plays 9D -> repeaters wins
  P1 Trick  8: repeaters leads 10S, teambinary plays QS -> teambinary wins
  P1 Trick  9: teambinary leads KC, repeaters plays 4C -> teambinary wins
  P1 Trick 10: teambinary leads QC, repeaters plays 7C -> teambinary wins
  P1 Trick 11: teambinary leads 9C, repeaters plays 10C -> repeaters wins
  P1 Trick 12: repeaters leads JS, teambinary plays 2S -> repeaters wins
  P1 Trick 13: repeaters leads 2H, teambinary plays 3H -> teambinary wins

--- Phase 2 (Scoring) ---
  P2 Trick  1: teambinary leads KH, repeaters plays AH -> repeaters wins
  P2 Trick  2: repeaters leads 8C, teambinary plays 3C -> repeaters wins
  P2 Trick  3: repeaters leads JC, teambinary plays 5C -> repeaters wins
  P2 Trick  4: repeaters leads QH, teambinary plays 6H -> repeaters wins
  P2 Trick  5: repeaters leads QD, teambinary plays KD -> teambinary wins
  P2 Trick  6: teambinary leads JH, repeaters plays 4H -> teambinary wins
  P2 Trick  7: teambinary leads 10H, repeaters plays 5H -> teambinary wins
  P2 Trick  8: teambinary leads 8H, repeaters plays 9H -> repeaters wins
  P2 Trick  9: repeaters leads AC, teambinary plays 6S -> teambinary wins
  P2 Trick 10: teambinary leads 8D, repeaters plays 7D -> teambinary wins
  P2 Trick 11: teambinary leads 7S, repeaters plays 9S -> repeaters wins
  P2 Trick 12: repeaters leads 5S, teambinary plays 2D -> repeaters wins
  P2 Trick 13: repeaters leads 4S, teambinary plays 7H -> repeaters wins
  Result: repeaters 8 - 5 teambinary
  Winner: repeaters

============================================================
Game 32
============================================================
Players: teambinary vs repeaters
Trump suit: S
Face-up card: KS
teambinary hand: 4C 10C JC 3D 5D JD KD AD 7H 10H 2S 8S QS
repeaters hand: 2C 8C KC AC 2D 7D QD 5H 6H JH QH JS AS
  P1 Trick  1: teambinary leads 10H, repeaters plays JH -> repeaters wins
  P1 Trick  2: repeaters leads 2D, teambinary plays 3D -> teambinary wins
  P1 Trick  3: teambinary leads 9H, repeaters plays 5H -> teambinary wins
  P1 Trick  4: teambinary leads 7H, repeaters plays 4H -> teambinary wins
  P1 Trick  5: teambinary leads 8H, repeaters plays QH -> repeaters wins
  P1 Trick  6: repeaters leads 2C, teambinary plays 4C -> teambinary wins
  P1 Trick  7: teambinary leads JC, repeaters plays 3C -> teambinary wins
  P1 Trick  8: teambinary leads 10C, repeaters plays KC -> repeaters wins
  P1 Trick  9: repeaters leads AS, teambinary plays 2S -> repeaters wins
  P1 Trick 10: repeaters leads 6H, teambinary plays 2H -> repeaters wins
  P1 Trick 11: repeaters leads KS, teambinary plays 8S -> repeaters wins
  P1 Trick 12: repeaters leads 6D, teambinary plays 8D -> teambinary wins
  P1 Trick 13: teambinary leads KH, repeaters plays AH -> repeaters wins

--- Phase 2 (Scoring) ---
  P2 Trick  1: repeaters leads 8C, teambinary plays 5C -> repeaters wins
  P2 Trick  2: repeaters leads 9C, teambinary plays 6C -> repeaters wins
  P2 Trick  3: repeaters leads QD, teambinary plays KD -> teambinary wins
  P2 Trick  4: teambinary leads AD, repeaters plays 4D -> teambinary wins
  P2 Trick  5: teambinary leads QS, repeaters plays 3S -> teambinary wins
  P2 Trick  6: teambinary leads JD, repeaters plays 7D -> teambinary wins
  P2 Trick  7: teambinary leads 10D, repeaters plays 4S -> repeaters wins
  P2 Trick  8: repeaters leads QC, teambinary plays 5S -> teambinary wins
  P2 Trick  9: teambinary leads 10S, repeaters plays JS -> repeaters wins
  P2 Trick 10: repeaters leads AC, teambinary plays 9S -> teambinary wins
  P2 Trick 11: teambinary leads 9D, repeaters plays 6S -> repeaters wins
  P2 Trick 12: repeaters leads 7S, teambinary plays 3H -> repeaters wins
  P2 Trick 13: repeaters leads 7C, teambinary plays 5D -> repeaters wins
  Result: teambinary 6 - 7 repeaters
  Winner: repeaters

============================================================
Game 33
============================================================
Players: repeaters vs teambinary
Trump suit: D
Face-up card: QD
repeaters hand: 4C 6C 9C 10C 5D 7D KD 6H 7H KH AH 6S QS
teambinary hand: 7C JC QC 6D 9D 5H 3S 7S 8S 10S JS KS AS
  P1 Trick  1: repeaters leads KD, teambinary plays 6D -> repeaters wins
  P1 Trick  2: repeaters leads 4C, teambinary plays 5C -> teambinary wins
  P1 Trick  3: teambinary leads 5H, repeaters plays 6H -> repeaters wins
  P1 Trick  4: repeaters leads 6C, teambinary plays 7C -> teambinary wins
  P1 Trick  5: teambinary leads QC, repeaters plays AC -> repeaters wins
  P1 Trick  6: repeaters leads QD, teambinary plays 4D -> repeaters wins
  P1 Trick  7: repeaters leads 6S, teambinary plays 7S -> teambinary wins
  P1 Trick  8: teambinary leads JC, repeaters plays 3C -> teambinary wins
  P1 Trick  9: teambinary leads 10H, repeaters plays 2H -> teambinary wins
  P1 Trick 10: teambinary leads 8C, repeaters plays 9C -> repeaters wins
  P1 Trick 11: repeaters leads AD, teambinary plays 9D -> repeaters wins
  P1 Trick 12: repeaters leads 7H, teambinary plays QH -> teambinary wins
  P1 Trick 13: teambinary leads 4H, repeaters plays 9H -> repeaters wins

--- Phase 2 (Scoring) ---
  P2 Trick  1: repeaters leads 10D, teambinary plays JD -> teambinary wins
  P2 Trick  2: teambinary leads AS, repeaters plays 5S -> teambinary wins
  P2 Trick  3: teambinary leads KS, repeaters plays QS -> teambinary wins
  P2 Trick  4: teambinary leads KC, repeaters plays 10C -> teambinary wins
  P2 Trick  5: teambinary leads JS, repeaters plays 2D -> repeaters wins
  P2 Trick  6: repeaters leads 8H, teambinary plays 3H -> repeaters wins
  P2 Trick  7: repeaters leads JH, teambinary plays 2S -> repeaters wins
  P2 Trick  8: repeaters leads KH, teambinary plays 2C -> repeaters wins
  P2 Trick  9: repeaters leads AH, teambinary plays 3S -> repeaters wins
  P2 Trick 10: repeaters leads 8D, teambinary plays 4S -> repeaters wins
  P2 Trick 11: repeaters leads 7D, teambinary plays 8S -> repeaters wins
  P2 Trick 12: repeaters leads 5D, teambinary plays 9S -> repeaters wins
  P2 Trick 13: repeaters leads 3D, teambinary plays 10S -> repeaters wins
  Result: repeaters 9 - 4 teambinary
  Winner: repeaters

============================================================
Game 34
============================================================
Players: teambinary vs repeaters
Trump suit: D
Face-up card: 10D
teambinary hand: 3C 6C KC 2D 6D 9D 4H 6H 7H KH 3S 6S 10S
repeaters hand: 8C 3D 4D 7D 8D JD KD 5H 9H 4S 5S 7S AS
  P1 Trick  1: teambinary leads KH, repeaters plays 5H -> teambinary wins
  P1 Trick  2: teambinary leads KC, repeaters plays 8C -> teambinary wins
  P1 Trick  3: teambinary leads 10S, repeaters plays 4S -> teambinary wins
  P1 Trick  4: teambinary leads 6S, repeaters plays 5S -> teambinary wins
  P1 Trick  5: teambinary leads 3S, repeaters plays 7S -> repeaters wins
  P1 Trick  6: repeaters leads AD, teambinary plays 2D -> repeaters wins
  P1 Trick  7: repeaters leads 4C, teambinary plays 6C -> teambinary wins
  P1 Trick  8: teambinary leads 2S, repeaters plays AS -> repeaters wins
  P1 Trick  9: repeaters leads 5C, teambinary plays 7C -> teambinary wins
  P1 Trick 10: teambinary leads QS, repeaters plays 8S -> teambinary wins
  P1 Trick 11: teambinary leads 10C, repeaters plays AC -> repeaters wins
  P1 Trick 12: repeaters leads KD, teambinary plays 5D -> repeaters wins
  P1 Trick 13: repeaters leads 3H, teambinary plays 4H -> teambinary wins

--- Phase 2 (Scoring) ---
  P2 Trick  1: teambinary leads QH, repeaters plays AH -> repeaters wins
  P2 Trick  2: repeaters leads QD, teambinary plays 6D -> repeaters wins
  P2 Trick  3: repeaters leads 8H, teambinary plays 2H -> repeaters wins
  P2 Trick  4: repeaters leads 9H, teambinary plays 6H -> repeaters wins
  P2 Trick  5: repeaters leads 10H, teambinary plays 7H -> repeaters wins
  P2 Trick  6: repeaters leads JH, teambinary plays 9D -> teambinary wins
  P2 Trick  7: teambinary leads QC, repeaters plays JC -> teambinary wins
  P2 Trick  8: teambinary leads JS, repeaters plays KS -> repeaters wins
  P2 Trick  9: repeaters leads JD, teambinary plays 10D -> repeaters wins
  P2 Trick 10: repeaters leads 8D, teambinary plays 2C -> repeaters wins
  P2 Trick 11: repeaters leads 7D, teambinary plays 3C -> repeaters wins
  P2 Trick 12: repeaters leads 4D, teambinary plays 9C -> repeaters wins
  P2 Trick 13: repeaters leads 3D, teambinary plays 9S -> repeaters wins
  Result: teambinary 2 - 11 repeaters
  Winner: repeaters

============================================================
Game 35
============================================================
Players: repeaters vs teambinary
Trump suit: D
Face-up card: KD
repeaters hand: 8C 10C JC 3D 9H 5S 6S 7S 8S 9S 10S QS AS
teambinary hand: 3C 4C 5D 5H 8H 10H JH QH AH 2S 3S JS KS
  P1 Trick  1: repeaters leads 3D, teambinary plays 5D -> teambinary wins
  P1 Trick  2: teambinary leads 4C, repeaters plays 8C -> repeaters wins
  P1 Trick  3: repeaters leads 2C, teambinary plays 3C -> teambinary wins
  P1 Trick  4: teambinary leads KC, repeaters plays 7C -> teambinary wins
  P1 Trick  5: teambinary leads KS, repeaters plays AS -> repeaters wins
  P1 Trick  6: repeaters leads 4D, teambinary plays 6D -> teambinary wins
  P1 Trick  7: teambinary leads JS, repeaters plays QS -> repeaters wins
  P1 Trick  8: repeaters leads AC, teambinary plays 2D -> teambinary wins
  P1 Trick  9: teambinary leads 3S, repeaters plays 5S -> repeaters wins
  P1 Trick 10: repeaters leads 6S, teambinary plays 2S -> repeaters wins
  P1 Trick 11: repeaters leads 3H, teambinary plays 4H -> teambinary wins
  P1 Trick 12: teambinary leads 6C, repeaters plays 9C -> repeaters wins
  P1 Trick 13: repeaters leads AD, teambinary plays 8D -> repeaters wins

--- Phase 2 (Scoring) ---
  P2 Trick  1: repeaters leads 6H, teambinary plays 8H -> teambinary wins
  P2 Trick  2: teambinary leads AH, repeaters plays 7H -> teambinary wins
  P2 Trick  3: teambinary leads KD, repeaters plays 7D -> teambinary wins
  P2 Trick  4: teambinary leads KH, repeaters plays 9H -> teambinary wins
  P2 Trick  5: teambinary leads QH, repeaters plays 9D -> repeaters wins
  P2 Trick  6: repeaters leads 9S, teambinary plays 4S -> repeaters wins
  P2 Trick  7: repeaters leads 10S, teambinary plays 10D -> teambinary wins
  P2 Trick  8: teambinary leads QD, repeaters plays JD -> teambinary wins
  P2 Trick  9: teambinary leads JH, repeaters plays 7S -> teambinary wins
  P2 Trick 10: teambinary leads 10H, repeaters plays 8S -> teambinary wins
  P2 Trick 11: teambinary leads 5H, repeaters plays 10C -> teambinary wins
  P2 Trick 12: teambinary leads 5C, repeaters plays JC -> repeaters wins
  P2 Trick 13: repeaters leads QC, teambinary plays 2H -> repeaters wins
  Result: repeaters 4 - 9 teambinary
  Winner: teambinary

============================================================
Game 36
============================================================
Players: teambinary vs repeaters
Trump suit: D
Face-up card: JD
teambinary hand: 3C 10C QC 2D 4D 7D 3H 4H 6H 7H 9H 2S 6S
repeaters hand: 2C 4C 5C 8C 9C JC 10D JH QH 4S 7S KS AS
  P1 Trick  1: teambinary leads 6S, repeaters plays 7S -> repeaters wins
  P1 Trick  2: repeaters leads 2C, teambinary plays 3C -> teambinary wins
  P1 Trick  3: teambinary leads QC, repeaters plays 4C -> teambinary wins
  P1 Trick  4: teambinary leads 10C, repeaters plays 5C -> teambinary wins
  P1 Trick  5: teambinary leads QS, repeaters plays KS -> repeaters wins
  P1 Trick  6: repeaters leads QD, teambinary plays 2D -> repeaters wins
  P1 Trick  7: repeaters leads 2H, teambinary plays 3H -> teambinary wins
  P1 Trick  8: teambinary leads 10S, repeaters plays JS -> repeaters wins
  P1 Trick  9: repeaters leads JD, teambinary plays 4D -> repeaters wins
  P1 Trick 10: repeaters leads 10D, teambinary plays 6D -> repeaters wins
  P1 Trick 11: repeaters leads AD, teambinary plays 5D -> repeaters wins
  P1 Trick 12: repeaters leads KD, teambinary plays 7D -> repeaters wins
  P1 Trick 13: repeaters leads 3S, teambinary plays 5S -> teambinary wins

--- Phase 2 (Scoring) ---
  P2 Trick  1: teambinary leads AC, repeaters plays 6C -> teambinary wins
  P2 Trick  2: teambinary leads KC, repeaters plays 8C -> teambinary wins
  P2 Trick  3: teambinary leads 9H, repeaters plays 10H -> repeaters wins
  P2 Trick  4: repeaters leads 9C, teambinary plays 7C -> repeaters wins
  P2 Trick  5: repeaters leads JC, teambinary plays 9D -> teambinary wins
  P2 Trick  6: teambinary leads 9S, repeaters plays AS -> repeaters wins
  P2 Trick  7: repeaters leads JH, teambinary plays 4H -> repeaters wins
  P2 Trick  8: repeaters leads QH, teambinary plays 5H -> repeaters wins
  P2 Trick  9: repeaters leads KH, teambinary plays 6H -> repeaters wins
  P2 Trick 10: repeaters leads AH, teambinary plays 7H -> repeaters wins
  P2 Trick 11: repeaters leads 8D, teambinary plays 2S -> repeaters wins
  P2 Trick 12: repeaters leads 3D, teambinary plays 8H -> repeaters wins
  P2 Trick 13: repeaters leads 4S, teambinary plays 8S -> teambinary wins
  Result: teambinary 4 - 9 repeaters
  Winner: repeaters

============================================================
Game 37
============================================================
Players: repeaters vs teambinary
Trump suit: S
Face-up card: 2S
repeaters hand: 6C 8C 9C AC 5D JD QD 7H QH 8S 10S JS QS
teambinary hand: 2C 10C JC 2D KD AD 2H 3H 6H KH 4S 6S KS
  P1 Trick  1: repeaters leads QS, teambinary plays KS -> teambinary wins
  P1 Trick  2: teambinary leads AD, repeaters plays 5D -> teambinary wins
  P1 Trick  3: teambinary leads KD, repeaters plays 3D -> teambinary wins
  P1 Trick  4: teambinary leads 2D, repeaters plays JD -> repeaters wins
  P1 Trick  5: repeaters leads 5H, teambinary plays 6H -> teambinary wins
  P1 Trick  6: teambinary leads KH, repeaters plays 7H -> teambinary wins
  P1 Trick  7: teambinary leads 7D, repeaters plays QD -> repeaters wins
  P1 Trick  8: repeaters leads JS, teambinary plays 2S -> repeaters wins
  P1 Trick  9: repeaters leads 10S, teambinary plays 4S -> repeaters wins
  P1 Trick 10: repeaters leads 9S, teambinary plays 6S -> repeaters wins
  P1 Trick 11: repeaters leads 8S, teambinary plays 8D -> repeaters wins
  P1 Trick 12: repeaters leads 7S, teambinary plays 5S -> repeaters wins
  P1 Trick 13: repeaters leads 3C, teambinary plays 4C -> teambinary wins

--- Phase 2 (Scoring) ---
  P2 Trick  1: teambinary leads QC, repeaters plays KC -> repeaters wins
  P2 Trick  2: repeaters leads 9C, teambinary plays 10C -> teambinary wins
  P2 Trick  3: teambinary leads JC, repeaters plays AC -> repeaters wins
  P2 Trick  4: repeaters leads 9H, teambinary plays 10H -> teambinary wins
  P2 Trick  5: teambinary leads 10D, repeaters plays 4D -> teambinary wins
  P2 Trick  6: teambinary leads 9D, repeaters plays 3S -> repeaters wins
  P2 Trick  7: repeaters leads JH, teambinary plays 2H -> repeaters wins
  P2 Trick  8: repeaters leads QH, teambinary plays 3H -> repeaters wins
  P2 Trick  9: repeaters leads AH, teambinary plays 4H -> repeaters wins
  P2 Trick 10: repeaters leads 8C, teambinary plays 2C -> repeaters wins
  P2 Trick 11: repeaters leads 6C, teambinary plays 7C -> teambinary wins
  P2 Trick 12: teambinary leads 8H, repeaters plays AS -> repeaters wins
  P2 Trick 13: repeaters leads 5C, teambinary plays 6D -> repeaters wins
  Result: repeaters 9 - 4 teambinary
  Winner: repeaters

============================================================
Game 38
============================================================
Players: teambinary vs repeaters
Trump suit: C
Face-up card: 2C
teambinary hand: 8C QC AC 5D 7D 8D 5H 6H JH AH 4S 6S QS
repeaters hand: 3C 4C 9C 10C JC KC JD 2H 3H 5S 8S KS AS
  P1 Trick  1: teambinary leads AC, repeaters plays 3C -> teambinary wins
  P1 Trick  2: teambinary leads AH, repeaters plays 2H -> teambinary wins
  P1 Trick  3: teambinary leads KH, repeaters plays 3H -> teambinary wins
  P1 Trick  4: teambinary leads QS, repeaters plays KS -> repeaters wins
  P1 Trick  5: repeaters leads KC, teambinary plays 2C -> repeaters wins
  P1 Trick  6: repeaters leads 2D, teambinary plays 5D -> teambinary wins
  P1 Trick  7: teambinary leads 8D, repeaters plays 9D -> repeaters wins
  P1 Trick  8: repeaters leads 3D, teambinary plays 7D -> teambinary wins
  P1 Trick  9: teambinary leads 6D, repeaters plays JD -> repeaters wins
  P1 Trick 10: repeaters leads 4D, teambinary plays 8C -> teambinary wins
  P1 Trick 11: teambinary leads JH, repeaters plays QH -> repeaters wins
  P1 Trick 12: repeaters leads 5S, teambinary plays 6S -> teambinary wins
  P1 Trick 13: teambinary leads 10D, repeaters plays QD -> repeaters wins

--- Phase 2 (Scoring) ---
  P2 Trick  1: repeaters leads JC, teambinary plays QC -> teambinary wins
  P2 Trick  2: teambinary leads 10H, repeaters plays 8H -> teambinary wins
  P2 Trick  3: teambinary leads 10S, repeaters plays JS -> repeaters wins
  P2 Trick  4: repeaters leads 10C, teambinary plays 2S -> repeaters wins
  P2 Trick  5: repeaters leads KD, teambinary plays 3S -> repeaters wins
  P2 Trick  6: repeaters leads AS, teambinary plays 4S -> repeaters wins
  P2 Trick  7: repeaters leads AD, teambinary plays 4H -> repeaters wins
  P2 Trick  8: repeaters leads 9C, teambinary plays 5H -> repeaters wins
  P2 Trick  9: repeaters leads 7C, teambinary plays 6H -> repeaters wins
  P2 Trick 10: repeaters leads 6C, teambinary plays 7S -> repeaters wins
  P2 Trick 11: repeaters leads 5C, teambinary plays 7H -> repeaters wins
  P2 Trick 12: repeaters leads 4C, teambinary plays 9H -> repeaters wins
  P2 Trick 13: repeaters leads 8S, teambinary plays 9S -> teambinary wins
  Result: teambinary 3 - 10 repeaters
  Winner: repeaters

============================================================
Game 39
============================================================
Players: repeaters vs teambinary
Trump suit: C
Face-up card: JC
repeaters hand: 7C 8C AC 2D 9D 10D QD AD 7H 8H 10H QS KS
teambinary hand: 2C 3C 5C 6C KC 4D 5D 6D 6H QH 2S 5S 6S
  P1 Trick  1: repeaters leads AC, teambinary plays 2C -> repeaters wins
  P1 Trick  2: repeaters leads 2D, teambinary plays 4D -> teambinary wins
  P1 Trick  3: teambinary leads 6D, repeaters plays 9D -> repeaters wins
  P1 Trick  4: repeaters leads 2H, teambinary plays 5H -> teambinary wins
  P1 Trick  5: teambinary leads 8D, repeaters plays 10D -> repeaters wins
  P1 Trick  6: repeaters leads 3D, teambinary plays 5D -> teambinary wins
  P1 Trick  7: teambinary leads 7D, repeaters plays JD -> repeaters wins
  P1 Trick  8: repeaters leads 7H, teambinary plays QH -> teambinary wins
  P1 Trick  9: teambinary leads KH, repeaters plays 8H -> teambinary wins
  P1 Trick 10: teambinary leads 9H, repeaters plays 10H -> repeaters wins
  P1 Trick 11: repeaters leads 7S, teambinary plays 10S -> teambinary wins
  P1 Trick 12: teambinary leads JH, repeaters plays AH -> repeaters wins
  P1 Trick 13: repeaters leads JC, teambinary plays QC -> teambinary wins

--- Phase 2 (Scoring) ---
  P2 Trick  1: teambinary leads KC, repeaters plays 7C -> teambinary wins
  P2 Trick  2: teambinary leads 8S, repeaters plays 9S -> repeaters wins
  P2 Trick  3: repeaters leads JS, teambinary plays 2S -> repeaters wins
  P2 Trick  4: repeaters leads QD, teambinary plays 3C -> teambinary wins
  P2 Trick  5: teambinary leads 6C, repeaters plays 8C -> repeaters wins
  P2 Trick  6: repeaters leads QS, teambinary plays 4S -> repeaters wins
  P2 Trick  7: repeaters leads KS, teambinary plays 5S -> repeaters wins
  P2 Trick  8: repeaters leads KD, teambinary plays 4C -> teambinary wins
  P2 Trick  9: teambinary leads 6S, repeaters plays AS -> repeaters wins
  P2 Trick 10: repeaters leads AD, teambinary plays 5C -> teambinary wins
  P2 Trick 11: teambinary leads 6H, repeaters plays 9C -> repeaters wins
  P2 Trick 12: repeaters leads 10C, teambinary plays 3H -> repeaters wins
  P2 Trick 13: repeaters leads 3S, teambinary plays 4H -> repeaters wins
  Result: repeaters 9 - 4 teambinary
  Winner: repeaters

============================================================
Game 40
============================================================
Players: teambinary vs repeaters
Trump suit: D
Face-up card: 8D
teambinary hand: 2C 10C AC 3D 7D JD 4H 6H 8H 10H 2S 5S 8S
repeaters hand: 5C 7C 8C 9C KC 9D QD 9H QH AH 3S 10S KS
  P1 Trick  1: teambinary leads AC, repeaters plays 5C -> teambinary wins
  P1 Trick  2: teambinary leads 10C, repeaters plays 7C -> teambinary wins
  P1 Trick  3: teambinary leads 2C, repeaters plays 8C -> repeaters wins
  P1 Trick  4: repeaters leads QD, teambinary plays 3D -> repeaters wins
  P1 Trick  5: repeaters leads 3S, teambinary plays 4S -> teambinary wins
  P1 Trick  6: teambinary leads 4C, repeaters plays 3C -> teambinary wins
  P1 Trick  7: teambinary leads 8S, repeaters plays 10S -> repeaters wins
  P1 Trick  8: repeaters leads 9D, teambinary plays JD -> teambinary wins
  P1 Trick  9: teambinary leads 6S, repeaters plays JS -> repeaters wins
  P1 Trick 10: repeaters leads AD, teambinary plays 2D -> repeaters wins
  P1 Trick 11: repeaters leads 7H, teambinary plays 8H -> teambinary wins
  P1 Trick 12: teambinary leads 6C, repeaters plays 9C -> repeaters wins
  P1 Trick 13: repeaters leads KD, teambinary plays 4D -> repeaters wins

--- Phase 2 (Scoring) ---
  P2 Trick  1: repeaters leads 9H, teambinary plays 10H -> teambinary wins
  P2 Trick  2: teambinary leads QS, repeaters plays KS -> repeaters wins
  P2 Trick  3: repeaters leads JC, teambinary plays 7D -> teambinary wins
  P2 Trick  4: teambinary leads JH, repeaters plays QH -> repeaters wins
  P2 Trick  5: repeaters leads QC, teambinary plays 8D -> teambinary wins
  P2 Trick  6: teambinary leads 10D, repeaters plays 5D -> teambinary wins
  P2 Trick  7: teambinary leads 9S, repeaters plays AS -> repeaters wins
  P2 Trick  8: repeaters leads KC, teambinary plays 2S -> repeaters wins
  P2 Trick  9: repeaters leads KH, teambinary plays 2H -> repeaters wins
  P2 Trick 10: repeaters leads AH, teambinary plays 4H -> repeaters wins
  P2 Trick 11: repeaters leads 6D, teambinary plays 5S -> repeaters wins
  P2 Trick 12: repeaters leads 3H, teambinary plays 5H -> teambinary wins
  P2 Trick 13: teambinary leads 6H, repeaters plays 7S -> teambinary wins
  Result: teambinary 6 - 7 repeaters
  Winner: repeaters

============================================================
Game 41
============================================================
Players: repeaters vs teambinary
Trump suit: C
Face-up card: 4C
repeaters hand: 3C 7C 9C KC 4D 7D 8D JD 7H 2S 3S 6S KS
teambinary hand: 2C 8C 10C JC 3D 5D KD 6H JH QH 7S 9S QS
  P1 Trick  1: repeaters leads KC, teambinary plays 2C -> repeaters wins
  P1 Trick  2: repeaters leads 9C, teambinary plays 10C -> teambinary wins
  P1 Trick  3: teambinary leads KD, repeaters plays 4D -> teambinary wins
  P1 Trick  4: teambinary leads KH, repeaters plays 7H -> teambinary wins
  P1 Trick  5: teambinary leads QH, repeaters plays 8H -> teambinary wins
  P1 Trick  6: teambinary leads QS, repeaters plays 2S -> teambinary wins
  P1 Trick  7: teambinary leads 9S, repeaters plays 10S -> repeaters wins
  P1 Trick  8: repeaters leads 3S, teambinary plays 7S -> teambinary wins
  P1 Trick  9: teambinary leads JH, repeaters plays AH -> repeaters wins
  P1 Trick 10: repeaters leads 5S, teambinary plays 8S -> teambinary wins
  P1 Trick 11: teambinary leads 4S, repeaters plays 6S -> repeaters wins
  P1 Trick 12: repeaters leads 7D, teambinary plays QD -> teambinary wins
  P1 Trick 13: teambinary leads AS, repeaters plays JS -> teambinary wins

--- Phase 2 (Scoring) ---
  P2 Trick  1: teambinary leads AD, repeaters plays 8D -> teambinary wins
  P2 Trick  2: teambinary leads AC, repeaters plays 3C -> teambinary wins
  P2 Trick  3: teambinary leads JC, repeaters plays QC -> repeaters wins
  P2 Trick  4: repeaters leads 9H, teambinary plays 2H -> repeaters wins
  P2 Trick  5: repeaters leads 10H, teambinary plays 4H -> repeaters wins
  P2 Trick  6: repeaters leads JD, teambinary plays 2D -> repeaters wins
  P2 Trick  7: repeaters leads KS, teambinary plays 8C -> teambinary wins
  P2 Trick  8: teambinary leads 10D, repeaters plays 9D -> teambinary wins
  P2 Trick  9: teambinary leads 6H, repeaters plays 3H -> teambinary wins
  P2 Trick 10: teambinary leads 6D, repeaters plays 4C -> repeaters wins
  P2 Trick 11: repeaters leads 7C, teambinary plays 3D -> repeaters wins
  P2 Trick 12: repeaters leads 6C, teambinary plays 5D -> repeaters wins
  P2 Trick 13: repeaters leads 5C, teambinary plays 5H -> repeaters wins
  Result: repeaters 8 - 5 teambinary
  Winner: repeaters

============================================================
Game 42
============================================================
Players: teambinary vs repeaters
Trump suit: C
Face-up card: 10C
teambinary hand: 3D 7D QD 5H 6H 9H 10H JH QH AH 7S 8S 10S
repeaters hand: 4C 7C AC 2D 4D 8D 4H 7H 2S 9S JS KS AS
  P1 Trick  1: teambinary leads QD, repeaters plays 2D -> teambinary wins
  P1 Trick  2: teambinary leads 7D, repeaters plays 8D -> repeaters wins
  P1 Trick  3: repeaters leads 2S, teambinary plays 4S -> teambinary wins
  P1 Trick  4: teambinary leads 3D, repeaters plays 4D -> repeaters wins
  P1 Trick  5: repeaters leads 4H, teambinary plays 5H -> teambinary wins
  P1 Trick  6: teambinary leads 5D, repeaters plays JD -> repeaters wins
  P1 Trick  7: repeaters leads AC, teambinary plays 6C -> repeaters wins
  P1 Trick  8: repeaters leads 5S, teambinary plays 7S -> teambinary wins
  P1 Trick  9: teambinary leads 10S, repeaters plays JS -> repeaters wins
  P1 Trick 10: repeaters leads KC, teambinary plays 3C -> repeaters wins
  P1 Trick 11: repeaters leads 8C, teambinary plays 10C -> teambinary wins
  P1 Trick 12: teambinary leads 10D, repeaters plays KD -> repeaters wins
  P1 Trick 13: repeaters leads 6D, teambinary plays 3S -> repeaters wins

--- Phase 2 (Scoring) ---
  P2 Trick  1: repeaters leads 9S, teambinary plays 6S -> repeaters wins
  P2 Trick  2: repeaters leads 9D, teambinary plays JC -> teambinary wins
  P2 Trick  3: teambinary leads AH, repeaters plays 7H -> teambinary wins
  P2 Trick  4: teambinary leads QH, repeaters plays KH -> repeaters wins
  P2 Trick  5: repeaters leads QS, teambinary plays 8S -> repeaters wins
  P2 Trick  6: repeaters leads KS, teambinary plays QC -> teambinary wins
  P2 Trick  7: teambinary leads JH, repeaters plays 2C -> repeaters wins
  P2 Trick  8: repeaters leads AS, teambinary plays 2H -> repeaters wins
  P2 Trick  9: repeaters leads AD, teambinary plays 3H -> repeaters wins
  P2 Trick 10: repeaters leads 9C, teambinary plays 6H -> repeaters wins
  P2 Trick 11: repeaters leads 7C, teambinary plays 8H -> repeaters wins
  P2 Trick 12: repeaters leads 5C, teambinary plays 9H -> repeaters wins
  P2 Trick 13: repeaters leads 4C, teambinary plays 10H -> repeaters wins
  Result: teambinary 3 - 10 repeaters
  Winner: repeaters

============================================================
Game 43
============================================================
Players: repeaters vs teambinary
Trump suit: D
Face-up card: 2D
repeaters hand: 6C 7C 9C AC 5D QD 6H QH 3S 5S JS QS KS
teambinary hand: 4C 8C 10C 3D 10D JD 2H 3H 7H AH 8S 9S AS
  P1 Trick  1: repeaters leads QD, teambinary plays 3D -> repeaters wins
  P1 Trick  2: repeaters leads 5D, teambinary plays 10D -> teambinary wins
  P1 Trick  3: teambinary leads AS, repeaters plays 3S -> teambinary wins
  P1 Trick  4: teambinary leads 9S, repeaters plays JS -> repeaters wins
  P1 Trick  5: repeaters leads 5S, teambinary plays 8S -> teambinary wins
  P1 Trick  6: teambinary leads 10S, repeaters plays QS -> repeaters wins
  P1 Trick  7: repeaters leads 4S, teambinary plays 3C -> repeaters wins
  P1 Trick  8: repeaters leads KD, teambinary plays 7D -> repeaters wins
  P1 Trick  9: repeaters leads 2C, teambinary plays 4C -> teambinary wins
  P1 Trick 10: teambinary leads 7S, repeaters plays KS -> repeaters wins
  P1 Trick 11: repeaters leads 9D, teambinary plays JD -> teambinary wins
  P1 Trick 12: teambinary leads 2S, repeaters plays 2D -> repeaters wins
  P1 Trick 13: repeaters leads 6C, teambinary plays 8C -> teambinary wins

--- Phase 2 (Scoring) ---
  P2 Trick  1: teambinary leads AH, repeaters plays 6H -> teambinary wins
  P2 Trick  2: teambinary leads KC, repeaters plays AC -> repeaters wins
  P2 Trick  3: repeaters leads AD, teambinary plays 2H -> repeaters wins
  P2 Trick  4: repeaters leads JH, teambinary plays 3H -> repeaters wins
  P2 Trick  5: repeaters leads JC, teambinary plays QC -> teambinary wins
  P2 Trick  6: teambinary leads 10C, repeaters plays 5C -> teambinary wins
  P2 Trick  7: teambinary leads 10H, repeaters plays QH -> repeaters wins
  P2 Trick  8: repeaters leads KH, teambinary plays 4H -> repeaters wins
  P2 Trick  9: repeaters leads 9C, teambinary plays 5H -> repeaters wins
  P2 Trick 10: repeaters leads 8D, teambinary plays 6S -> repeaters wins
  P2 Trick 11: repeaters leads 6D, teambinary plays 7H -> repeaters wins
  P2 Trick 12: repeaters leads 4D, teambinary plays 8H -> repeaters wins
  P2 Trick 13: repeaters leads 7C, teambinary plays 9H -> repeaters wins
  Result: repeaters 10 - 3 teambinary
  Winner: repeaters

============================================================
Game 44
============================================================
Players: teambinary vs repeaters
Trump suit: S
Face-up card: 5S
teambinary hand: 2C 9C JC QC KC 2D QD 7H 8H 6S 7S 8S KS
repeaters hand: 3C 8C AC 5D 8D 3H 6H 9H 10H QH AH 4S AS
  P1 Trick  1: teambinary leads QD, repeaters plays 5D -> teambinary wins
  P1 Trick  2: teambinary leads 8H, repeaters plays 3H -> teambinary wins
  P1 Trick  3: teambinary leads 7H, repeaters plays 6H -> teambinary wins
  P1 Trick  4: teambinary leads 2D, repeaters plays 4D -> repeaters wins
  P1 Trick  5: repeaters leads 3C, teambinary plays 6C -> teambinary wins
  P1 Trick  6: teambinary leads 9D, repeaters plays 8D -> teambinary wins
  P1 Trick  7: teambinary leads KD, repeaters plays 4C -> teambinary wins
  P1 Trick  8: teambinary leads 7D, repeaters plays 3D -> teambinary wins
  P1 Trick  9: teambinary leads 4H, repeaters plays 9H -> repeaters wins
  P1 Trick 10: repeaters leads 7C, teambinary plays 9C -> teambinary wins
  P1 Trick 11: teambinary leads 6D, repeaters plays 10D -> repeaters wins
  P1 Trick 12: repeaters leads 8C, teambinary plays 10C -> teambinary wins
  P1 Trick 13: teambinary leads 5H, repeaters plays 10H -> repeaters wins

--- Phase 2 (Scoring) ---
  P2 Trick  1: repeaters leads AS, teambinary plays 5S -> repeaters wins
  P2 Trick  2: repeaters leads QS, teambinary plays KS -> teambinary wins
  P2 Trick  3: teambinary leads KC, repeaters plays AC -> repeaters wins
  P2 Trick  4: repeaters leads JS, teambinary plays 6S -> repeaters wins
  P2 Trick  5: repeaters leads JH, teambinary plays 2H -> repeaters wins
  P2 Trick  6: repeaters leads QH, teambinary plays 7S -> teambinary wins
  P2 Trick  7: teambinary leads QC, repeaters plays 2S -> repeaters wins
  P2 Trick  8: repeaters leads KH, teambinary plays 8S -> teambinary wins
  P2 Trick  9: teambinary leads JC, repeaters plays 3S -> repeaters wins
  P2 Trick 10: repeaters leads AH, teambinary plays 10S -> teambinary wins
  P2 Trick 11: teambinary leads JD, repeaters plays AD -> repeaters wins
  P2 Trick 12: repeaters leads 9S, teambinary plays 2C -> repeaters wins
  P2 Trick 13: repeaters leads 4S, teambinary plays 5C -> repeaters wins
  Result: teambinary 4 - 9 repeaters
  Winner: repeaters

============================================================
Game 45
============================================================
Players: repeaters vs teambinary
Trump suit: H
Face-up card: 10H
repeaters hand: 5C KC AC 3D 6D 9D 5H 6H 9H JH 2S 4S 10S
teambinary hand: 2C 7C 8C 9C 10C 5D JD AD 8H KH 3S 5S 7S
  P1 Trick  1: repeaters leads JH, teambinary plays KH -> teambinary wins
  P1 Trick  2: teambinary leads AD, repeaters plays 3D -> teambinary wins
  P1 Trick  3: teambinary leads JD, repeaters plays 6D -> teambinary wins
  P1 Trick  4: teambinary leads 5D, repeaters plays 7D -> repeaters wins
  P1 Trick  5: repeaters leads 2S, teambinary plays 3S -> teambinary wins
  P1 Trick  6: teambinary leads 2D, repeaters plays 9D -> repeaters wins
  P1 Trick  7: repeaters leads QH, teambinary plays 4H -> repeaters wins
  P1 Trick  8: repeaters leads 9H, teambinary plays 10H -> teambinary wins
  P1 Trick  9: teambinary leads AH, repeaters plays 5H -> teambinary wins
  P1 Trick 10: teambinary leads QS, repeaters plays 4S -> teambinary wins
  P1 Trick 11: teambinary leads JS, repeaters plays AS -> repeaters wins
  P1 Trick 12: repeaters leads 4D, teambinary plays 5S -> repeaters wins
  P1 Trick 13: repeaters leads 7H, teambinary plays 8H -> teambinary wins

--- Phase 2 (Scoring) ---
  P2 Trick  1: teambinary leads KS, repeaters plays 6S -> teambinary wins
  P2 Trick  2: teambinary leads QC, repeaters plays KC -> repeaters wins
  P2 Trick  3: repeaters leads 8D, teambinary plays 3H -> teambinary wins
  P2 Trick  4: teambinary leads 10C, repeaters plays JC -> repeaters wins
  P2 Trick  5: repeaters leads 10S, teambinary plays 7S -> repeaters wins
  P2 Trick  6: repeaters leads 10D, teambinary plays 2C -> repeaters wins
  P2 Trick  7: repeaters leads QD, teambinary plays 3C -> repeaters wins
  P2 Trick  8: repeaters leads KD, teambinary plays 4C -> repeaters wins
  P2 Trick  9: repeaters leads AC, teambinary plays 6C -> repeaters wins
  P2 Trick 10: repeaters leads 6H, teambinary plays 7C -> repeaters wins
  P2 Trick 11: repeaters leads 2H, teambinary plays 8C -> repeaters wins
  P2 Trick 12: repeaters leads 5C, teambinary plays 9C -> teambinary wins
  P2 Trick 13: teambinary leads 8S, repeaters plays 9S -> repeaters wins
  Result: repeaters 10 - 3 teambinary
  Winner: repeaters

============================================================
Game 46
============================================================
Players: teambinary vs repeaters
Trump suit: C
Face-up card: 3C
teambinary hand: 7C 3D 7D 10D JD 4H 5H 9H 10H AH 4S 7S QS
repeaters hand: 5C 8C JC QC KC 2D 5D KD 2S 5S 6S 8S KS
  P1 Trick  1: teambinary leads QS, repeaters plays KS -> repeaters wins
  P1 Trick  2: repeaters leads KC, teambinary plays 7C -> repeaters wins
  P1 Trick  3: repeaters leads 2D, teambinary plays 3D -> teambinary wins
  P1 Trick  4: teambinary leads 7S, repeaters plays 2S -> teambinary wins
  P1 Trick  5: teambinary leads 4S, repeaters plays 5S -> repeaters wins
  P1 Trick  6: repeaters leads 5D, teambinary plays 6D -> teambinary wins
  P1 Trick  7: teambinary leads JS, repeaters plays AS -> repeaters wins
  P1 Trick  8: repeaters leads QC, teambinary plays 9C -> repeaters wins
  P1 Trick  9: repeaters leads AC, teambinary plays 9S -> repeaters wins
  P1 Trick 10: repeaters leads 6S, teambinary plays 4D -> repeaters wins
  P1 Trick 11: repeaters leads JC, teambinary plays 10C -> repeaters wins
  P1 Trick 12: repeaters leads 7H, teambinary plays 9H -> teambinary wins
  P1 Trick 13: teambinary leads 10S, repeaters plays 8S -> teambinary wins

--- Phase 2 (Scoring) ---
  P2 Trick  1: teambinary leads AH, repeaters plays 2H -> teambinary wins
  P2 Trick  2: teambinary leads KH, repeaters plays JH -> teambinary wins
  P2 Trick  3: teambinary leads JD, repeaters plays QD -> repeaters wins
  P2 Trick  4: repeaters leads 9D, teambinary plays 10D -> teambinary wins
  P2 Trick  5: teambinary leads 10H, repeaters plays QH -> repeaters wins
  P2 Trick  6: repeaters leads KD, teambinary plays 7D -> repeaters wins
  P2 Trick  7: repeaters leads AD, teambinary plays 8D -> repeaters wins
  P2 Trick  8: repeaters leads 8C, teambinary plays 3H -> repeaters wins
  P2 Trick  9: repeaters leads 6C, teambinary plays 3S -> repeaters wins
  P2 Trick 10: repeaters leads 5C, teambinary plays 4H -> repeaters wins
  P2 Trick 11: repeaters leads 4C, teambinary plays 5H -> repeaters wins
  P2 Trick 12: repeaters leads 3C, teambinary plays 6H -> repeaters wins
  P2 Trick 13: repeaters leads 2C, teambinary plays 8H -> repeaters wins
  Result: teambinary 3 - 10 repeaters
  Winner: repeaters

============================================================
Game 47
============================================================
Players: repeaters vs teambinary
Trump suit: S
Face-up card: 2S
repeaters hand: 2C 3C 8C 9C 6D 10D 7H 8H JH QH 4S 9S JS
teambinary hand: 6C JC QC AC 3D 4D 3H 10H AH 5S 7S KS AS
  P1 Trick  1: repeaters leads JS, teambinary plays KS -> teambinary wins
  P1 Trick  2: teambinary leads 4D, repeaters plays 6D -> repeaters wins
  P1 Trick  3: repeaters leads 2C, teambinary plays 6C -> teambinary wins
  P1 Trick  4: teambinary leads 3D, repeaters plays 10D -> repeaters wins
  P1 Trick  5: repeaters leads 9S, teambinary plays AS -> teambinary wins
  P1 Trick  6: teambinary leads AH, repeaters plays 6H -> teambinary wins
  P1 Trick  7: teambinary leads JD, repeaters plays 9D -> teambinary wins
  P1 Trick  8: teambinary leads 10H, repeaters plays JH -> repeaters wins
  P1 Trick  9: repeaters leads 3C, teambinary plays 5C -> teambinary wins
  P1 Trick 10: teambinary leads 5D, repeaters plays QD -> repeaters wins
  P1 Trick 11: repeaters leads 7H, teambinary plays 3H -> repeaters wins
  P1 Trick 12: repeaters leads 4H, teambinary plays 2H -> repeaters wins
  P1 Trick 13: repeaters leads 7D, teambinary plays 2D -> repeaters wins

--- Phase 2 (Scoring) ---
  P2 Trick  1: repeaters leads 8H, teambinary plays 5H -> repeaters wins
  P2 Trick  2: repeaters leads 8D, teambinary plays 2S -> teambinary wins
  P2 Trick  3: teambinary leads AC, repeaters plays 8C -> teambinary wins
  P2 Trick  4: teambinary leads KC, repeaters plays 9C -> teambinary wins
  P2 Trick  5: teambinary leads QC, repeaters plays 10C -> teambinary wins
  P2 Trick  6: teambinary leads QS, repeaters plays 3S -> teambinary wins
  P2 Trick  7: teambinary leads JC, repeaters plays 4S -> repeaters wins
  P2 Trick  8: repeaters leads 9H, teambinary plays 5S -> teambinary wins
  P2 Trick  9: teambinary leads 10S, repeaters plays 6S -> teambinary wins
  P2 Trick 10: teambinary leads 8S, repeaters plays QH -> teambinary wins
  P2 Trick 11: teambinary leads 7S, repeaters plays KH -> teambinary wins
  P2 Trick 12: teambinary leads 7C, repeaters plays KD -> teambinary wins
  P2 Trick 13: teambinary leads 4C, repeaters plays AD -> teambinary wins
  Result: repeaters 2 - 11 teambinary
  Winner: teambinary

============================================================
Game 48
============================================================
Players: teambinary vs repeaters
Trump suit: C
Face-up card: QC
teambinary hand: 2C 7C JC 3D 10D KD 6H 8H 2S 3S 8S JS AS
repeaters hand: 8C 10C 2D 4D 5D 6D 3H 5H JH QH KH 6S KS
  P1 Trick  1: teambinary leads 8H, repeaters plays JH -> repeaters wins
  P1 Trick  2: repeaters leads 2D, teambinary plays 3D -> teambinary wins
  P1 Trick  3: teambinary leads 6H, repeaters plays 3H -> teambinary wins
  P1 Trick  4: teambinary leads 10H, repeaters plays QH -> repeaters wins
  P1 Trick  5: repeaters leads AC, teambinary plays 2C -> repeaters wins
  P1 Trick  6: repeaters leads QC, teambinary plays KC -> teambinary wins
  P1 Trick  7: teambinary leads KD, repeaters plays 4D -> teambinary wins
  P1 Trick  8: teambinary leads JD, repeaters plays 5D -> teambinary wins
  P1 Trick  9: teambinary leads 10D, repeaters plays 6D -> teambinary wins
  P1 Trick 10: teambinary leads 9D, repeaters plays QD -> repeaters wins
  P1 Trick 11: repeaters leads 2H, teambinary plays 4H -> teambinary wins
  P1 Trick 12: teambinary leads 8D, repeaters plays 5C -> repeaters wins
  P1 Trick 13: repeaters leads 4S, teambinary plays 8S -> teambinary wins

--- Phase 2 (Scoring) ---
  P2 Trick  1: teambinary leads AS, repeaters plays 5S -> teambinary wins
  P2 Trick  2: teambinary leads QS, repeaters plays KS -> repeaters wins
  P2 Trick  3: repeaters leads 9H, teambinary plays 7H -> repeaters wins
  P2 Trick  4: repeaters leads 9S, teambinary plays JS -> teambinary wins
  P2 Trick  5: teambinary leads JC, repeaters plays 8C -> teambinary wins
  P2 Trick  6: teambinary leads 7C, repeaters plays 9C -> repeaters wins
  P2 Trick  7: repeaters leads 10S, teambinary plays 2S -> repeaters wins
  P2 Trick  8: repeaters leads KH, teambinary plays 3C -> teambinary wins
  P2 Trick  9: teambinary leads 7D, repeaters plays AD -> repeaters wins
  P2 Trick 10: repeaters leads AH, teambinary plays 4C -> teambinary wins
  P2 Trick 11: teambinary leads 7S, repeaters plays 6S -> teambinary wins
  P2 Trick 12: teambinary leads 6C, repeaters plays 10C -> repeaters wins
  P2 Trick 13: repeaters leads 5H, teambinary plays 3S -> repeaters wins
  Result: teambinary 6 - 7 repeaters
  Winner: repeaters

============================================================
Game 49
============================================================
Players: repeaters vs teambinary
Trump suit: H
Face-up card: 10H
repeaters hand: 6C JC KC AC 4D 7D JD 3H 8H 4S 5S 6S 7S
teambinary hand: 2C 5C 10C 2D 8D AD 2H 4H QH AH 9S JS AS
  P1 Trick  1: repeaters leads 8H, teambinary plays QH -> teambinary wins
  P1 Trick  2: teambinary leads AS, repeaters plays 4S -> teambinary wins
  P1 Trick  3: teambinary leads AH, repeaters plays 3H -> teambinary wins
  P1 Trick  4: teambinary leads AD, repeaters plays 4D -> teambinary wins
  P1 Trick  5: teambinary leads JS, repeaters plays 2S -> teambinary wins
  P1 Trick  6: teambinary leads 10S, repeaters plays KS -> repeaters wins
  P1 Trick  7: repeaters leads 5S, teambinary plays 9S -> teambinary wins
  P1 Trick  8: teambinary leads QS, repeaters plays 6S -> teambinary wins
  P1 Trick  9: teambinary leads 8D, repeaters plays 7D -> teambinary wins
  P1 Trick 10: teambinary leads 6D, repeaters plays 3D -> teambinary wins
  P1 Trick 11: teambinary leads 10D, repeaters plays JD -> repeaters wins
  P1 Trick 12: repeaters leads 3S, teambinary plays 8S -> teambinary wins
  P1 Trick 13: teambinary leads 5D, repeaters plays 9D -> repeaters wins

--- Phase 2 (Scoring) ---
  P2 Trick  1: repeaters leads JC, teambinary plays 2C -> repeaters wins
  P2 Trick  2: repeaters leads QD, teambinary plays 2D -> repeaters wins
  P2 Trick  3: repeaters leads QC, teambinary plays 3C -> repeaters wins
  P2 Trick  4: repeaters leads KC, teambinary plays 4C -> repeaters wins
  P2 Trick  5: repeaters leads KD, teambinary plays 2H -> teambinary wins
  P2 Trick  6: teambinary leads JH, repeaters plays KH -> repeaters wins
  P2 Trick  7: repeaters leads AC, teambinary plays 5C -> repeaters wins
  P2 Trick  8: repeaters leads 9H, teambinary plays 10H -> teambinary wins
  P2 Trick  9: teambinary leads 10C, repeaters plays 6C -> teambinary wins
  P2 Trick 10: teambinary leads 9C, repeaters plays 5H -> repeaters wins
  P2 Trick 11: repeaters leads 7H, teambinary plays 4H -> repeaters wins
  P2 Trick 12: repeaters leads 6H, teambinary plays 7C -> repeaters wins
  P2 Trick 13: repeaters leads 7S, teambinary plays 8C -> repeaters wins
  Result: repeaters 10 - 3 teambinary
  Winner: repeaters

============================================================
Game 50
============================================================
Players: teambinary vs repeaters
Trump suit: D
Face-up card: 5D
teambinary hand: 2C 4C 7C JC 7D 10D QD 10H AH 3S 6S 10S AS
repeaters hand: 6C KC 6D KD AD 3H 5H 6H 7H 9H QH 8S JS
  P1 Trick  1: teambinary leads AH, repeaters plays 3H -> teambinary wins
  P1 Trick  2: teambinary leads 10H, repeaters plays 5H -> teambinary wins
  P1 Trick  3: teambinary leads AS, repeaters plays 8S -> teambinary wins
  P1 Trick  4: teambinary leads 10S, repeaters plays JS -> repeaters wins
  P1 Trick  5: repeaters leads 2H, teambinary plays 3S -> repeaters wins
  P1 Trick  6: repeaters leads 5C, teambinary plays 7C -> teambinary wins
  P1 Trick  7: teambinary leads KH, repeaters plays 6H -> teambinary wins
  P1 Trick  8: teambinary leads JH, repeaters plays QH -> repeaters wins
  P1 Trick  9: repeaters leads AD, teambinary plays 5D -> repeaters wins
  P1 Trick 10: repeaters leads KD, teambinary plays 7D -> repeaters wins
  P1 Trick 11: repeaters leads 6C, teambinary plays 8C -> teambinary wins
  P1 Trick 12: teambinary leads 4H, repeaters plays 7H -> repeaters wins
  P1 Trick 13: repeaters leads JD, teambinary plays QD -> teambinary wins

--- Phase 2 (Scoring) ---
  P2 Trick  1: teambinary leads QS, repeaters plays KS -> repeaters wins
  P2 Trick  2: repeaters leads 8H, teambinary plays 8D -> teambinary wins
  P2 Trick  3: teambinary leads JC, repeaters plays QC -> repeaters wins
  P2 Trick  4: repeaters leads 9H, teambinary plays 9D -> teambinary wins
  P2 Trick  5: teambinary leads 10D, repeaters plays 2D -> teambinary wins
  P2 Trick  6: teambinary leads 9S, repeaters plays 2S -> teambinary wins
  P2 Trick  7: teambinary leads 9C, repeaters plays 10C -> repeaters wins
  P2 Trick  8: repeaters leads KC, teambinary plays 2C -> repeaters wins
  P2 Trick  9: repeaters leads AC, teambinary plays 3C -> repeaters wins
  P2 Trick 10: repeaters leads 6D, teambinary plays 4C -> repeaters wins
  P2 Trick 11: repeaters leads 4D, teambinary plays 4S -> repeaters wins
  P2 Trick 12: repeaters leads 3D, teambinary plays 6S -> repeaters wins
  P2 Trick 13: repeaters leads 5S, teambinary plays 7S -> teambinary wins
  Result: teambinary 5 - 8 repeaters
  Winner: repeaters

============================================================
Game 51
============================================================
Players: repeaters vs teambinary
Trump suit: S
Face-up card: 2S
repeaters hand: 3C 9C KC 3D 4D 9D JD 6H KH 5S 9S KS AS
teambinary hand: 5C 10C 2D 6D QD AD 4H 7H 8H 10H JH 4S 8S
  P1 Trick  1: repeaters leads AS, teambinary plays 4S -> repeaters wins
  P1 Trick  2: repeaters leads KS, teambinary plays 8S -> repeaters wins
  P1 Trick  3: repeaters leads 9S, teambinary plays 2D -> repeaters wins
  P1 Trick  4: repeaters leads 6S, teambinary plays 5C -> repeaters wins
  P1 Trick  5: repeaters leads 10S, teambinary plays 4C -> repeaters wins
  P1 Trick  6: repeaters leads 3C, teambinary plays 7C -> teambinary wins
  P1 Trick  7: teambinary leads QC, repeaters plays 9C -> teambinary wins
  P1 Trick  8: teambinary leads 10C, repeaters plays JC -> repeaters wins
  P1 Trick  9: repeaters leads 3D, teambinary plays 6D -> teambinary wins
  P1 Trick 10: teambinary leads 8C, repeaters plays 6C -> teambinary wins
  P1 Trick 11: teambinary leads AD, repeaters plays 4D -> teambinary wins
  P1 Trick 12: teambinary leads QD, repeaters plays 9D -> teambinary wins
  P1 Trick 13: teambinary leads 2C, repeaters plays KC -> repeaters wins

--- Phase 2 (Scoring) ---
  P2 Trick  1: repeaters leads JD, teambinary plays 5D -> repeaters wins
  P2 Trick  2: repeaters leads QH, teambinary plays 4H -> repeaters wins
  P2 Trick  3: repeaters leads KH, teambinary plays 5H -> repeaters wins
  P2 Trick  4: repeaters leads KD, teambinary plays 7D -> repeaters wins
  P2 Trick  5: repeaters leads AH, teambinary plays 7H -> repeaters wins
  P2 Trick  6: repeaters leads AC, teambinary plays 3S -> teambinary wins
  P2 Trick  7: teambinary leads QS, repeaters plays 2S -> teambinary wins
  P2 Trick  8: teambinary leads JH, repeaters plays 2H -> teambinary wins
  P2 Trick  9: teambinary leads 10H, repeaters plays 3H -> teambinary wins
  P2 Trick 10: teambinary leads 10D, repeaters plays 5S -> repeaters wins
  P2 Trick 11: repeaters leads JS, teambinary plays 8H -> repeaters wins
  P2 Trick 12: repeaters leads 7S, teambinary plays 8D -> repeaters wins
  P2 Trick 13: repeaters leads 6H, teambinary plays 9H -> teambinary wins
  Result: repeaters 8 - 5 teambinary
  Winner: repeaters

============================================================
Game 52
============================================================
Players: teambinary vs repeaters
Trump suit: D
Face-up card: 4D
teambinary hand: 2C 5C QC 2D QD 3H 4H 9H QH 2S 4S JS KS
repeaters hand: 4C 10C AC 5D KD 2H 5H 6H 10H JH 5S 7S 10S
  P1 Trick  1: teambinary leads KS, repeaters plays 5S -> teambinary wins
  P1 Trick  2: teambinary leads QH, repeaters plays 2H -> teambinary wins
  P1 Trick  3: teambinary leads QC, repeaters plays KC -> repeaters wins
  P1 Trick  4: repeaters leads 4C, teambinary plays 5C -> teambinary wins
  P1 Trick  5: teambinary leads 3C, repeaters plays 10C -> repeaters wins
  P1 Trick  6: repeaters leads KD, teambinary plays 2D -> repeaters wins
  P1 Trick  7: repeaters leads 5H, teambinary plays 8H -> teambinary wins
  P1 Trick  8: teambinary leads 9H, repeaters plays 10H -> repeaters wins
  P1 Trick  9: repeaters leads JD, teambinary plays QD -> teambinary wins
  P1 Trick 10: teambinary leads AH, repeaters plays 6H -> teambinary wins
  P1 Trick 11: teambinary leads 9C, repeaters plays JC -> repeaters wins
  P1 Trick 12: repeaters leads 10D, teambinary plays AD -> teambinary wins
  P1 Trick 13: teambinary leads 7C, repeaters plays 8C -> repeaters wins

--- Phase 2 (Scoring) ---
  P2 Trick  1: repeaters leads 9D, teambinary plays 4D -> repeaters wins
  P2 Trick  2: repeaters leads JH, teambinary plays 3H -> repeaters wins
  P2 Trick  3: repeaters leads KH, teambinary plays 4H -> repeaters wins
  P2 Trick  4: repeaters leads AC, teambinary plays 2C -> repeaters wins
  P2 Trick  5: repeaters leads AS, teambinary plays 2S -> repeaters wins
  P2 Trick  6: repeaters leads 10S, teambinary plays JS -> teambinary wins
  P2 Trick  7: teambinary leads QS, repeaters plays 7S -> teambinary wins
  P2 Trick  8: teambinary leads 8S, repeaters plays 9S -> repeaters wins
  P2 Trick  9: repeaters leads 8D, teambinary plays 3S -> repeaters wins
  P2 Trick 10: repeaters leads 7D, teambinary plays 4S -> repeaters wins
  P2 Trick 11: repeaters leads 6D, teambinary plays 6C -> repeaters wins
  P2 Trick 12: repeaters leads 5D, teambinary plays 6S -> repeaters wins
  P2 Trick 13: repeaters leads 3D, teambinary plays 7H -> repeaters wins
  Result: teambinary 2 - 11 repeaters
  Winner: repeaters

============================================================
Game 53
============================================================
Players: repeaters vs teambinary
Trump suit: C
Face-up card: 5C
repeaters hand: 6C JC QC 3D 10D JD AD 5H 6H 5S 8S 9S AS
teambinary hand: 4C 6D QD KD 2H 3H 8H 10H JH QH AH 7S QS
  P1 Trick  1: repeaters leads QC, teambinary plays 4C -> repeaters wins
  P1 Trick  2: repeaters leads 3D, teambinary plays 5D -> teambinary wins
  P1 Trick  3: teambinary leads QS, repeaters plays 5S -> teambinary wins
  P1 Trick  4: teambinary leads 7S, repeaters plays 8S -> repeaters wins
  P1 Trick  5: repeaters leads JC, teambinary plays 6D -> repeaters wins
  P1 Trick  6: repeaters leads 3S, teambinary plays KC -> teambinary wins
  P1 Trick  7: teambinary leads KD, repeaters plays AD -> repeaters wins
  P1 Trick  8: repeaters leads 9C, teambinary plays 9D -> repeaters wins
  P1 Trick  9: repeaters leads 6C, teambinary plays AC -> teambinary wins
  P1 Trick 10: teambinary leads QD, repeaters plays 2D -> teambinary wins
  P1 Trick 11: teambinary leads JS, repeaters plays KS -> repeaters wins
  P1 Trick 12: repeaters leads 10C, teambinary plays 7C -> repeaters wins
  P1 Trick 13: repeaters leads 5H, teambinary plays 7H -> teambinary wins

--- Phase 2 (Scoring) ---
  P2 Trick  1: teambinary leads AH, repeaters plays 6H -> teambinary wins
  P2 Trick  2: teambinary leads QH, repeaters plays KH -> repeaters wins
  P2 Trick  3: repeaters leads 8C, teambinary plays 2H -> repeaters wins
  P2 Trick  4: repeaters leads 9S, teambinary plays 2S -> repeaters wins
  P2 Trick  5: repeaters leads 10D, teambinary plays 4D -> repeaters wins
  P2 Trick  6: repeaters leads 10S, teambinary plays 6S -> repeaters wins
  P2 Trick  7: repeaters leads JD, teambinary plays 8D -> repeaters wins
  P2 Trick  8: repeaters leads AS, teambinary plays 3H -> repeaters wins
  P2 Trick  9: repeaters leads 5C, teambinary plays 4H -> repeaters wins
  P2 Trick 10: repeaters leads 3C, teambinary plays 8H -> repeaters wins
  P2 Trick 11: repeaters leads 2C, teambinary plays 9H -> repeaters wins
  P2 Trick 12: repeaters leads 4S, teambinary plays 10H -> repeaters wins
  P2 Trick 13: repeaters leads 7D, teambinary plays JH -> repeaters wins
  Result: repeaters 12 - 1 teambinary
  Winner: repeaters

============================================================
Game 54
============================================================
Players: teambinary vs repeaters
Trump suit: S
Face-up card: 10S
teambinary hand: 9C 10C KC 6D 2H 4H 5H 6H 7H 9H 3S 4S AS
repeaters hand: 3C 4C 6C 7C 8C 3D 10D AD 3H KH 6S QS KS
  P1 Trick  1: teambinary leads AS, repeaters plays 6S -> teambinary wins
  P1 Trick  2: teambinary leads 6D, repeaters plays 10D -> repeaters wins
  P1 Trick  3: repeaters leads 3H, teambinary plays 4H -> teambinary wins
  P1 Trick  4: teambinary leads KC, repeaters plays 3C -> teambinary wins
  P1 Trick  5: teambinary leads 9D, repeaters plays 3D -> teambinary wins
  P1 Trick  6: teambinary leads 10C, repeaters plays 4C -> teambinary wins
  P1 Trick  7: teambinary leads 5D, repeaters plays JD -> repeaters wins
  P1 Trick  8: repeaters leads 6C, teambinary plays 9C -> teambinary wins
  P1 Trick  9: teambinary leads 2D, repeaters plays KD -> repeaters wins
  P1 Trick 10: repeaters leads KS, teambinary plays 3S -> repeaters wins
  P1 Trick 11: repeaters leads 7C, teambinary plays JC -> teambinary wins
  P1 Trick 12: teambinary leads 7D, repeaters plays AD -> repeaters wins
  P1 Trick 13: repeaters leads 8C, teambinary plays 2C -> repeaters wins

--- Phase 2 (Scoring) ---
  P2 Trick  1: repeaters leads 8D, teambinary plays QD -> teambinary wins
  P2 Trick  2: teambinary leads AH, repeaters plays 8H -> teambinary wins
  P2 Trick  3: teambinary leads JS, repeaters plays QS -> repeaters wins
  P2 Trick  4: repeaters leads 10H, teambinary plays 2H -> repeaters wins
  P2 Trick  5: repeaters leads JH, teambinary plays 5H -> repeaters wins
  P2 Trick  6: repeaters leads QC, teambinary plays 5C -> repeaters wins
  P2 Trick  7: repeaters leads QH, teambinary plays 6H -> repeaters wins
  P2 Trick  8: repeaters leads KH, teambinary plays 7H -> repeaters wins
  P2 Trick  9: repeaters leads AC, teambinary plays 4S -> teambinary wins
  P2 Trick 10: teambinary leads 10S, repeaters plays 2S -> teambinary wins
  P2 Trick 11: teambinary leads 9H, repeaters plays 7S -> repeaters wins
  P2 Trick 12: repeaters leads 9S, teambinary plays 5S -> repeaters wins
  P2 Trick 13: repeaters leads 8S, teambinary plays 4D -> repeaters wins
  Result: teambinary 4 - 9 repeaters
  Winner: repeaters

============================================================
Game 55
============================================================
Players: repeaters vs teambinary
Trump suit: D
Face-up card: 4D
repeaters hand: 8C JC 3D 6D 7D 10D 3H 9H AH 9S JS KS AS
teambinary hand: 2C 5C 7C 2D 5D 8D JD QD KD 8H 10H 2S QS
  P1 Trick  1: repeaters leads 10D, teambinary plays JD -> teambinary wins
  P1 Trick  2: teambinary leads QS, repeaters plays KS -> repeaters wins
  P1 Trick  3: repeaters leads 7D, teambinary plays 8D -> teambinary wins
  P1 Trick  4: teambinary leads 2S, repeaters plays 9S -> repeaters wins
  P1 Trick  5: repeaters leads 2H, teambinary plays 6H -> teambinary wins
  P1 Trick  6: teambinary leads 10H, repeaters plays 3H -> teambinary wins
  P1 Trick  7: teambinary leads 8H, repeaters plays 9H -> repeaters wins
  P1 Trick  8: repeaters leads 6D, teambinary plays QD -> teambinary wins
  P1 Trick  9: teambinary leads JH, repeaters plays QH -> repeaters wins
  P1 Trick 10: repeaters leads 3C, teambinary plays 4C -> teambinary wins
  P1 Trick 11: teambinary leads 5H, repeaters plays KH -> repeaters wins
  P1 Trick 12: repeaters leads 4S, teambinary plays 6S -> teambinary wins
  P1 Trick 13: teambinary leads AD, repeaters plays 3D -> teambinary wins

--- Phase 2 (Scoring) ---
  P2 Trick  1: teambinary leads KD, repeaters plays 5S -> teambinary wins
  P2 Trick  2: teambinary leads 10S, repeaters plays JS -> repeaters wins
  P2 Trick  3: repeaters leads 8C, teambinary plays 2C -> repeaters wins
  P2 Trick  4: repeaters leads 9C, teambinary plays 5C -> repeaters wins
  P2 Trick  5: repeaters leads 10C, teambinary plays 7C -> repeaters wins
  P2 Trick  6: repeaters leads JC, teambinary plays 2D -> teambinary wins
  P2 Trick  7: teambinary leads 9D, repeaters plays 6C -> teambinary wins
  P2 Trick  8: teambinary leads 8S, repeaters plays AS -> repeaters wins
  P2 Trick  9: repeaters leads 7S, teambinary plays 3S -> repeaters wins
  P2 Trick 10: repeaters leads QC, teambinary plays 4D -> teambinary wins
  P2 Trick 11: teambinary leads 7H, repeaters plays AH -> repeaters wins
  P2 Trick 12: repeaters leads KC, teambinary plays 5D -> teambinary wins
  P2 Trick 13: teambinary leads 4H, repeaters plays AC -> teambinary wins
  Result: repeaters 7 - 6 teambinary
  Winner: repeaters

============================================================
Game 56
============================================================
Players: teambinary vs repeaters
Trump suit: D
Face-up card: 8D
teambinary hand: 5C 6C 8C 9C KC 10D 7H 9H QH 2S 10S JS KS
repeaters hand: 2C 4C 4D 6D 9D QD 5H 6H 8H JH AH QS AS
  P1 Trick  1: teambinary leads KS, repeaters plays AS -> repeaters wins
  P1 Trick  2: repeaters leads 2C, teambinary plays 5C -> teambinary wins
  P1 Trick  3: teambinary leads KC, repeaters plays 4C -> teambinary wins
  P1 Trick  4: teambinary leads QH, repeaters plays 5H -> teambinary wins
  P1 Trick  5: teambinary leads 9H, repeaters plays 10H -> repeaters wins
  P1 Trick  6: repeaters leads QD, teambinary plays AD -> teambinary wins
  P1 Trick  7: teambinary leads 7H, repeaters plays 6H -> teambinary wins
  P1 Trick  8: teambinary leads 10C, repeaters plays JC -> repeaters wins
  P1 Trick  9: repeaters leads 3C, teambinary plays 6C -> teambinary wins
  P1 Trick 10: teambinary leads 9C, repeaters plays QC -> repeaters wins
  P1 Trick 11: repeaters leads 9D, teambinary plays 10D -> teambinary wins
  P1 Trick 12: teambinary leads 8C, repeaters plays AC -> repeaters wins
  P1 Trick 13: repeaters leads 8D, teambinary plays 5D -> repeaters wins

--- Phase 2 (Scoring) ---
  P2 Trick  1: repeaters leads JD, teambinary plays KD -> teambinary wins
  P2 Trick  2: teambinary leads JS, repeaters plays QS -> repeaters wins
  P2 Trick  3: repeaters leads 3H, teambinary plays 2H -> repeaters wins
  P2 Trick  4: repeaters leads 4H, teambinary plays 7D -> teambinary wins
  P2 Trick  5: teambinary leads 10S, repeaters plays 7S -> teambinary wins
  P2 Trick  6: teambinary leads 9S, repeaters plays 2D -> repeaters wins
  P2 Trick  7: repeaters leads 8H, teambinary plays 2S -> repeaters wins
  P2 Trick  8: repeaters leads JH, teambinary plays 3S -> repeaters wins
  P2 Trick  9: repeaters leads KH, teambinary plays 4S -> repeaters wins
  P2 Trick 10: repeaters leads AH, teambinary plays 5S -> repeaters wins
  P2 Trick 11: repeaters leads 6D, teambinary plays 6S -> repeaters wins
  P2 Trick 12: repeaters leads 4D, teambinary plays 7C -> repeaters wins
  P2 Trick 13: repeaters leads 3D, teambinary plays 8S -> repeaters wins
  Result: teambinary 3 - 10 repeaters
  Winner: repeaters

============================================================
Game 57
============================================================
Players: repeaters vs teambinary
Trump suit: D
Face-up card: 4D
repeaters hand: 7C QC KC AC 3D JD QD 3H 3S 9S 10S JS KS
teambinary hand: 2C 3C 4C 7D 9D 5H 8H 9H JH QH 2S 8S QS
  P1 Trick  1: repeaters leads QD, teambinary plays 7D -> repeaters wins
  P1 Trick  2: repeaters leads 3H, teambinary plays 5H -> teambinary wins
  P1 Trick  3: teambinary leads QH, repeaters plays 3S -> teambinary wins
  P1 Trick  4: teambinary leads QS, repeaters plays 6S -> teambinary wins
  P1 Trick  5: teambinary leads 8S, repeaters plays 9S -> repeaters wins
  P1 Trick  6: repeaters leads 7C, teambinary plays 10C -> teambinary wins
  P1 Trick  7: teambinary leads 2S, repeaters plays 10S -> repeaters wins
  P1 Trick  8: repeaters leads JD, teambinary plays 9D -> repeaters wins
  P1 Trick  9: repeaters leads 6H, teambinary plays 8H -> teambinary wins
  P1 Trick 10: teambinary leads 5S, repeaters plays JS -> repeaters wins
  P1 Trick 11: repeaters leads KD, teambinary plays 5D -> repeaters wins
  P1 Trick 12: repeaters leads 7S, teambinary plays 2D -> teambinary wins
  P1 Trick 13: teambinary leads JC, repeaters plays QC -> repeaters wins

--- Phase 2 (Scoring) ---
  P2 Trick  1: repeaters leads AD, teambinary plays 2C -> repeaters wins
  P2 Trick  2: repeaters leads 10D, teambinary plays 2H -> repeaters wins
  P2 Trick  3: repeaters leads KC, teambinary plays 3C -> repeaters wins
  P2 Trick  4: repeaters leads KS, teambinary plays 4S -> repeaters wins
  P2 Trick  5: repeaters leads KH, teambinary plays AH -> teambinary wins
  P2 Trick  6: teambinary leads JH, repeaters plays 3D -> repeaters wins
  P2 Trick  7: repeaters leads AC, teambinary plays 4C -> repeaters wins
  P2 Trick  8: repeaters leads AS, teambinary plays 4H -> repeaters wins
  P2 Trick  9: repeaters leads 9C, teambinary plays 5C -> repeaters wins
  P2 Trick 10: repeaters leads 8D, teambinary plays 6C -> repeaters wins
  P2 Trick 11: repeaters leads 6D, teambinary plays 7H -> repeaters wins
  P2 Trick 12: repeaters leads 4D, teambinary plays 9H -> repeaters wins
  P2 Trick 13: repeaters leads 8C, teambinary plays 10H -> repeaters wins
  Result: repeaters 12 - 1 teambinary
  Winner: repeaters

============================================================
Game 58
============================================================
Players: teambinary vs repeaters
Trump suit: D
Face-up card: 4D
teambinary hand: 5C KC 2D 5D 9D JD 2H 4H 7H 5S 6S 9S AS
repeaters hand: 9C 10C 6D 7D 10D QD JH KH AH 2S 3S 4S KS
  P1 Trick  1: teambinary leads KC, repeaters plays 9C -> teambinary wins
  P1 Trick  2: teambinary leads 5C, repeaters plays 10C -> repeaters wins
  P1 Trick  3: repeaters leads QD, teambinary plays 2D -> repeaters wins
  P1 Trick  4: repeaters leads 10D, teambinary plays JD -> teambinary wins
  P1 Trick  5: teambinary leads 3C, repeaters plays JC -> repeaters wins
  P1 Trick  6: repeaters leads 2S, teambinary plays 5S -> teambinary wins
  P1 Trick  7: teambinary leads 6C, repeaters plays QC -> repeaters wins
  P1 Trick  8: repeaters leads 3S, teambinary plays 6S -> teambinary wins
  P1 Trick  9: teambinary leads 8C, repeaters plays AC -> repeaters wins
  P1 Trick 10: repeaters leads 4S, teambinary plays 7S -> teambinary wins
  P1 Trick 11: teambinary leads AS, repeaters plays JS -> teambinary wins
  P1 Trick 12: teambinary leads 10S, repeaters plays QS -> repeaters wins
  P1 Trick 13: repeaters leads 5H, teambinary plays 6H -> teambinary wins

--- Phase 2 (Scoring) ---
  P2 Trick  1: teambinary leads AD, repeaters plays 3D -> teambinary wins
  P2 Trick  2: teambinary leads KD, repeaters plays 6D -> teambinary wins
  P2 Trick  3: teambinary leads 10H, repeaters plays JH -> repeaters wins
  P2 Trick  4: repeaters leads 8H, teambinary plays 2H -> repeaters wins
  P2 Trick  5: repeaters leads 8S, teambinary plays 9S -> teambinary wins
  P2 Trick  6: teambinary leads 9D, repeaters plays 7D -> teambinary wins
  P2 Trick  7: teambinary leads 7H, repeaters plays 9H -> repeaters wins
  P2 Trick  8: repeaters leads QH, teambinary plays 3H -> repeaters wins
  P2 Trick  9: repeaters leads KS, teambinary plays 4D -> teambinary wins
  P2 Trick 10: teambinary leads 5D, repeaters plays 8D -> repeaters wins
  P2 Trick 11: repeaters leads KH, teambinary plays 4H -> repeaters wins
  P2 Trick 12: repeaters leads AH, teambinary plays 2C -> repeaters wins
  P2 Trick 13: repeaters leads 7C, teambinary plays 4C -> repeaters wins
  Result: teambinary 5 - 8 repeaters
  Winner: repeaters

============================================================
Game 59
============================================================
Players: repeaters vs teambinary
Trump suit: S
Face-up card: 3S
repeaters hand: 6C 7C 10C AC 3D 2H 7H 8H 5S 8S 9S QS KS
teambinary hand: 5C 9C JC QC KC 4D JD 3H 6H QH 2S 4S JS
  P1 Trick  1: repeaters leads KS, teambinary plays 2S -> repeaters wins
  P1 Trick  2: repeaters leads 2H, teambinary plays 3H -> teambinary wins
  P1 Trick  3: teambinary leads JD, repeaters plays 3D -> teambinary wins
  P1 Trick  4: teambinary leads 4D, repeaters plays 7D -> repeaters wins
  P1 Trick  5: repeaters leads 4H, teambinary plays 5H -> teambinary wins
  P1 Trick  6: teambinary leads 10D, repeaters plays 6D -> teambinary wins
  P1 Trick  7: teambinary leads AH, repeaters plays 7H -> teambinary wins
  P1 Trick  8: teambinary leads 2D, repeaters plays QD -> repeaters wins
  P1 Trick  9: repeaters leads AS, teambinary plays 4S -> repeaters wins
  P1 Trick 10: repeaters leads 6C, teambinary plays 8C -> teambinary wins
  P1 Trick 11: teambinary leads 9D, repeaters plays KD -> repeaters wins
  P1 Trick 12: repeaters leads QS, teambinary plays 7S -> repeaters wins
  P1 Trick 13: repeaters leads 7C, teambinary plays 9C -> teambinary wins

--- Phase 2 (Scoring) ---
  P2 Trick  1: teambinary leads KC, repeaters plays AC -> repeaters wins
  P2 Trick  2: repeaters leads 10S, teambinary plays JS -> teambinary wins
  P2 Trick  3: teambinary leads QC, repeaters plays 10C -> teambinary wins
  P2 Trick  4: teambinary leads QH, repeaters plays KH -> repeaters wins
  P2 Trick  5: repeaters leads 9S, teambinary plays 2C -> repeaters wins
  P2 Trick  6: repeaters leads JH, teambinary plays 6H -> repeaters wins
  P2 Trick  7: repeaters leads AD, teambinary plays 5D -> repeaters wins
  P2 Trick  8: repeaters leads 9H, teambinary plays 10H -> teambinary wins
  P2 Trick  9: teambinary leads JC, repeaters plays 3S -> repeaters wins
  P2 Trick 10: repeaters leads 8S, teambinary plays 3C -> repeaters wins
  P2 Trick 11: repeaters leads 6S, teambinary plays 4C -> repeaters wins
  P2 Trick 12: repeaters leads 5S, teambinary plays 5C -> repeaters wins
  P2 Trick 13: repeaters leads 8H, teambinary plays 8D -> repeaters wins
  Result: repeaters 10 - 3 teambinary
  Winner: repeaters

============================================================
Game 60
============================================================
Players: teambinary vs repeaters
Trump suit: H
Face-up card: 10H
teambinary hand: 4C 6C AC 2D 4D 7D 10D QD 9H 5S 6S 9S AS
repeaters hand: 7C 10C JC QC KC 6D KD 6H 4S 7S 8S 10S JS
  P1 Trick  1: teambinary leads AC, repeaters plays 7C -> teambinary wins
  P1 Trick  2: teambinary leads 6C, repeaters plays 10C -> repeaters wins
  P1 Trick  3: repeaters leads QH, teambinary plays 9H -> repeaters wins
  P1 Trick  4: repeaters leads 4S, teambinary plays 5S -> teambinary wins
  P1 Trick  5: teambinary leads 9C, repeaters plays JC -> repeaters wins
  P1 Trick  6: repeaters leads AH, teambinary plays 10H -> repeaters wins
  P1 Trick  7: repeaters leads KH, teambinary plays 4C -> repeaters wins
  P1 Trick  8: repeaters leads 6D, teambinary plays 7D -> teambinary wins
  P1 Trick  9: teambinary leads AS, repeaters plays 3S -> teambinary wins
  P1 Trick 10: teambinary leads 8C, repeaters plays QC -> repeaters wins
  P1 Trick 11: repeaters leads JH, teambinary plays 7H -> repeaters wins
  P1 Trick 12: repeaters leads 8H, teambinary plays 2H -> repeaters wins
  P1 Trick 13: repeaters leads 2S, teambinary plays 6S -> teambinary wins

--- Phase 2 (Scoring) ---
  P2 Trick  1: teambinary leads QD, repeaters plays KD -> repeaters wins
  P2 Trick  2: repeaters leads 7S, teambinary plays 9S -> teambinary wins
  P2 Trick  3: teambinary leads QS, repeaters plays KS -> repeaters wins
  P2 Trick  4: repeaters leads 8S, teambinary plays 5H -> teambinary wins
  P2 Trick  5: teambinary leads 10D, repeaters plays JD -> repeaters wins
  P2 Trick  6: repeaters leads 10S, teambinary plays 2D -> repeaters wins
  P2 Trick  7: repeaters leads JS, teambinary plays 2C -> repeaters wins
  P2 Trick  8: repeaters leads KC, teambinary plays 3C -> repeaters wins
  P2 Trick  9: repeaters leads AD, teambinary plays 3D -> repeaters wins
  P2 Trick 10: repeaters leads 6H, teambinary plays 4D -> repeaters wins
  P2 Trick 11: repeaters leads 4H, teambinary plays 5D -> repeaters wins
  P2 Trick 12: repeaters leads 3H, teambinary plays 8D -> repeaters wins
  P2 Trick 13: repeaters leads 5C, teambinary plays 9D -> repeaters wins
  Result: teambinary 2 - 11 repeaters
  Winner: repeaters

============================================================
Game 61
============================================================
Players: repeaters vs teambinary
Trump suit: C
Face-up card: AC
repeaters hand: 5C 6C 10C QC 5D 10D JD AD 7H KH 9S QS AS
teambinary hand: 4C 7C 9C JC KC 8D 9D KD 3H 9H QH 4S 6S
  P1 Trick  1: repeaters leads QC, teambinary plays KC -> teambinary wins
  P1 Trick  2: teambinary leads AC, repeaters plays 2C -> teambinary wins
  P1 Trick  3: teambinary leads 6S, repeaters plays 9S -> repeaters wins
  P1 Trick  4: repeaters leads 10C, teambinary plays JC -> teambinary wins
  P1 Trick  5: teambinary leads 4S, repeaters plays 10S -> repeaters wins
  P1 Trick  6: repeaters leads 2S, teambinary plays 3H -> repeaters wins
  P1 Trick  7: repeaters leads 6C, teambinary plays 7C -> teambinary wins
  P1 Trick  8: teambinary leads KS, repeaters plays 3S -> teambinary wins
  P1 Trick  9: teambinary leads 8S, repeaters plays QS -> repeaters wins
  P1 Trick 10: repeaters leads 5C, teambinary plays 8C -> teambinary wins
  P1 Trick 11: teambinary leads 5S, repeaters plays 7S -> repeaters wins
  P1 Trick 12: repeaters leads 2H, teambinary plays 4H -> teambinary wins
  P1 Trick 13: teambinary leads AH, repeaters plays 6H -> teambinary wins

--- Phase 2 (Scoring) ---
  P2 Trick  1: teambinary leads KD, repeaters plays AD -> repeaters wins
  P2 Trick  2: repeaters leads JH, teambinary plays QH -> teambinary wins
  P2 Trick  3: teambinary leads QD, repeaters plays 3D -> teambinary wins
  P2 Trick  4: teambinary leads 10H, repeaters plays KH -> repeaters wins
  P2 Trick  5: repeaters leads 7H, teambinary plays 9H -> teambinary wins
  P2 Trick  6: teambinary leads 9D, repeaters plays 10D -> repeaters wins
  P2 Trick  7: repeaters leads 8H, teambinary plays 5H -> repeaters wins
  P2 Trick  8: repeaters leads JD, teambinary plays 2D -> repeaters wins
  P2 Trick  9: repeaters leads JS, teambinary plays 3C -> teambinary wins
  P2 Trick 10: teambinary leads 9C, repeaters plays 4D -> teambinary wins
  P2 Trick 11: teambinary leads 8D, repeaters plays 5D -> teambinary wins
  P2 Trick 12: teambinary leads 7D, repeaters plays 6D -> teambinary wins
  P2 Trick 13: teambinary leads 4C, repeaters plays AS -> teambinary wins
  Result: repeaters 5 - 8 teambinary
  Winner: teambinary

============================================================
Game 62
============================================================
Players: teambinary vs repeaters
Trump suit: D
Face-up card: QD
teambinary hand: 3C 5C KC 6D 7D AD 7H 8H 10H AH 3S JS QS
repeaters hand: AC 2D 3D 4D 5D 8D 9D KD 2H 5H JH 8S AS
  P1 Trick  1: teambinary leads AD, repeaters plays 2D -> teambinary wins
  P1 Trick  2: teambinary leads AH, repeaters plays 2H -> teambinary wins
  P1 Trick  3: teambinary leads KC, repeaters plays 10C -> teambinary wins
  P1 Trick  4: teambinary leads QS, repeaters plays 4S -> teambinary wins
  P1 Trick  5: teambinary leads JS, repeaters plays KS -> repeaters wins
  P1 Trick  6: repeaters leads 5H, teambinary plays 7H -> teambinary wins
  P1 Trick  7: teambinary leads 10H, repeaters plays 4H -> teambinary wins
  P1 Trick  8: teambinary leads 8H, repeaters plays 6H -> teambinary wins
  P1 Trick  9: teambinary leads 9H, repeaters plays 3H -> teambinary wins
  P1 Trick 10: teambinary leads 10S, repeaters plays AS -> repeaters wins
  P1 Trick 11: repeaters leads 6C, teambinary plays 8C -> teambinary wins
  P1 Trick 12: teambinary leads QH, repeaters plays JH -> teambinary wins
  P1 Trick 13: teambinary leads 7S, repeaters plays 8S -> repeaters wins

--- Phase 2 (Scoring) ---
  P2 Trick  1: repeaters leads KD, teambinary plays 6D -> repeaters wins
  P2 Trick  2: repeaters leads 9S, teambinary plays 2S -> repeaters wins
  P2 Trick  3: repeaters leads JC, teambinary plays QC -> teambinary wins
  P2 Trick  4: teambinary leads QD, repeaters plays 3D -> teambinary wins
  P2 Trick  5: teambinary leads 9C, repeaters plays AC -> repeaters wins
  P2 Trick  6: repeaters leads JD, teambinary plays 7D -> repeaters wins
  P2 Trick  7: repeaters leads 10D, teambinary plays 2C -> repeaters wins
  P2 Trick  8: repeaters leads 9D, teambinary plays 3S -> repeaters wins
  P2 Trick  9: repeaters leads 8D, teambinary plays 3C -> repeaters wins
  P2 Trick 10: repeaters leads 5D, teambinary plays 5C -> repeaters wins
  P2 Trick 11: repeaters leads KH, teambinary plays 5S -> repeaters wins
  P2 Trick 12: repeaters leads 4D, teambinary plays 6S -> repeaters wins
  P2 Trick 13: repeaters leads 4C, teambinary plays 7C -> teambinary wins
  Result: teambinary 3 - 10 repeaters
  Winner: repeaters

============================================================
Game 63
============================================================
Players: repeaters vs teambinary
Trump suit: H
Face-up card: 2H
repeaters hand: 2C 3C KC 9D 10D 5H 6H 9H 10H JH QH KH 3S
teambinary hand: 5C 6C 7C 9C JC QC 7D 3H AH 7S 9S QS AS
  P1 Trick  1: repeaters leads KH, teambinary plays AH -> teambinary wins
  P1 Trick  2: teambinary leads 7D, repeaters plays 8D -> repeaters wins
  P1 Trick  3: repeaters leads 2C, teambinary plays 5C -> teambinary wins
  P1 Trick  4: teambinary leads JD, repeaters plays 9D -> teambinary wins
  P1 Trick  5: teambinary leads QC, repeaters plays KC -> repeaters wins
  P1 Trick  6: repeaters leads QH, teambinary plays 2H -> repeaters wins
  P1 Trick  7: repeaters leads 3C, teambinary plays 4C -> teambinary wins
  P1 Trick  8: teambinary leads AC, repeaters plays 5H -> repeaters wins
  P1 Trick  9: repeaters leads 3S, teambinary plays 6S -> teambinary wins
  P1 Trick 10: teambinary leads JC, repeaters plays 3D -> teambinary wins
  P1 Trick 11: teambinary leads 2D, repeaters plays 6D -> repeaters wins
  P1 Trick 12: repeaters leads 4S, teambinary plays 5S -> teambinary wins
  P1 Trick 13: teambinary leads 4D, repeaters plays 5D -> repeaters wins

--- Phase 2 (Scoring) ---
  P2 Trick  1: repeaters leads JH, teambinary plays 3H -> repeaters wins
  P2 Trick  2: repeaters leads 10H, teambinary plays 2S -> repeaters wins
  P2 Trick  3: repeaters leads 9H, teambinary plays 6C -> repeaters wins
  P2 Trick  4: repeaters leads 10D, teambinary plays 7C -> repeaters wins
  P2 Trick  5: repeaters leads JS, teambinary plays QS -> teambinary wins
  P2 Trick  6: teambinary leads AS, repeaters plays KS -> teambinary wins
  P2 Trick  7: teambinary leads 10S, repeaters plays 4H -> repeaters wins
  P2 Trick  8: repeaters leads QD, teambinary plays 7S -> repeaters wins
  P2 Trick  9: repeaters leads KD, teambinary plays 8S -> repeaters wins
  P2 Trick 10: repeaters leads AD, teambinary plays 8C -> repeaters wins
  P2 Trick 11: repeaters leads 8H, teambinary plays 9S -> repeaters wins
  P2 Trick 12: repeaters leads 7H, teambinary plays 9C -> repeaters wins
  P2 Trick 13: repeaters leads 6H, teambinary plays 10C -> repeaters wins
  Result: repeaters 11 - 2 teambinary
  Winner: repeaters

============================================================
Game 64
============================================================
Players: teambinary vs repeaters
Trump suit: H
Face-up card: 6H
teambinary hand: 2C JC AC 2D 3D 5D QD 9H 6S 7S JS QS AS
repeaters hand: 8C 9C 10C 9D 2H 3H 5H 8H 10H JH KH 2S 9S
  P1 Trick  1: teambinary leads AC, repeaters plays 8C -> teambinary wins
  P1 Trick  2: teambinary leads JC, repeaters plays 9C -> teambinary wins
  P1 Trick  3: teambinary leads 6C, repeaters plays 10C -> repeaters wins
  P1 Trick  4: repeaters leads 2S, teambinary plays 6S -> teambinary wins
  P1 Trick  5: teambinary leads 7C, repeaters plays 3C -> teambinary wins
  P1 Trick  6: teambinary leads KC, repeaters plays 2H -> repeaters wins
  P1 Trick  7: repeaters leads 3S, teambinary plays 7S -> teambinary wins
  P1 Trick  8: teambinary leads 4C, repeaters plays 5S -> teambinary wins
  P1 Trick  9: teambinary leads 2C, repeaters plays 9D -> teambinary wins
  P1 Trick 10: teambinary leads AS, repeaters plays 9S -> teambinary wins
  P1 Trick 11: teambinary leads QS, repeaters plays 3H -> repeaters wins
  P1 Trick 12: repeaters leads 5C, teambinary plays 4S -> repeaters wins
  P1 Trick 13: repeaters leads AH, teambinary plays 6H -> repeaters wins

--- Phase 2 (Scoring) ---
  P2 Trick  1: repeaters leads KH, teambinary plays 9H -> repeaters wins
  P2 Trick  2: repeaters leads JH, teambinary plays QH -> teambinary wins
  P2 Trick  3: teambinary leads KS, repeaters plays 10S -> teambinary wins
  P2 Trick  4: teambinary leads QD, repeaters plays KD -> repeaters wins
  P2 Trick  5: repeaters leads 10H, teambinary plays 2D -> repeaters wins
  P2 Trick  6: repeaters leads 10D, teambinary plays 3D -> repeaters wins
  P2 Trick  7: repeaters leads JD, teambinary plays 4D -> repeaters wins
  P2 Trick  8: repeaters leads QC, teambinary plays 5D -> repeaters wins
  P2 Trick  9: repeaters leads AD, teambinary plays 6D -> repeaters wins
  P2 Trick 10: repeaters leads 8H, teambinary plays 7D -> repeaters wins
  P2 Trick 11: repeaters leads 7H, teambinary plays 8D -> repeaters wins
  P2 Trick 12: repeaters leads 5H, teambinary plays 8S -> repeaters wins
  P2 Trick 13: repeaters leads 4H, teambinary plays JS -> repeaters wins
  Result: teambinary 2 - 11 repeaters
  Winner: repeaters

============================================================
Game 65
============================================================
Players: repeaters vs teambinary
Trump suit: C
Face-up card: AC
repeaters hand: 3C 10C 6D 8D KD 3H 8H QH KH AH 2S 4S 8S
teambinary hand: 4C 6C 9C KC 2D 3D 5D 9D 4H 6H 7H 3S KS
  P1 Trick  1: repeaters leads 10C, teambinary plays KC -> teambinary wins
  P1 Trick  2: teambinary leads KS, repeaters plays 2S -> teambinary wins
  P1 Trick  3: teambinary leads JS, repeaters plays 4S -> teambinary wins
  P1 Trick  4: teambinary leads 6S, repeaters plays 8S -> repeaters wins
  P1 Trick  5: repeaters leads 5C, teambinary plays 6C -> teambinary wins
  P1 Trick  6: teambinary leads AS, repeaters plays 9S -> teambinary wins
  P1 Trick  7: teambinary leads 3S, repeaters plays 3H -> teambinary wins
  P1 Trick  8: teambinary leads 7H, repeaters plays 2H -> teambinary wins
  P1 Trick  9: teambinary leads 7S, repeaters plays 5H -> teambinary wins
  P1 Trick 10: teambinary leads 10S, repeaters plays 6D -> teambinary wins
  P1 Trick 11: teambinary leads AC, repeaters plays 3C -> teambinary wins
  P1 Trick 12: teambinary leads 6H, repeaters plays 8H -> repeaters wins
  P1 Trick 13: repeaters leads QC, teambinary plays 4C -> repeaters wins

--- Phase 2 (Scoring) ---
  P2 Trick  1: repeaters leads 10H, teambinary plays 4H -> repeaters wins
  P2 Trick  2: repeaters leads JH, teambinary plays 9H -> repeaters wins
  P2 Trick  3: repeaters leads QH, teambinary plays 7C -> teambinary wins
  P2 Trick  4: teambinary leads AD, repeaters plays 7D -> teambinary wins
  P2 Trick  5: teambinary leads JC, repeaters plays 2C -> teambinary wins
  P2 Trick  6: teambinary leads 9D, repeaters plays 10D -> repeaters wins
  P2 Trick  7: repeaters leads 8D, teambinary plays 2D -> repeaters wins
  P2 Trick  8: repeaters leads JD, teambinary plays 3D -> repeaters wins
  P2 Trick  9: repeaters leads QD, teambinary plays 4D -> repeaters wins
  P2 Trick 10: repeaters leads QS, teambinary plays 5S -> repeaters wins
  P2 Trick 11: repeaters leads KH, teambinary plays 8C -> teambinary wins
  P2 Trick 12: teambinary leads 9C, repeaters plays KD -> teambinary wins
  P2 Trick 13: teambinary leads 5D, repeaters plays AH -> teambinary wins
  Result: repeaters 7 - 6 teambinary
  Winner: repeaters

============================================================
Game 66
============================================================
Players: teambinary vs repeaters
Trump suit: S
Face-up card: 3S
teambinary hand: 3C 4C 5D JD 3H 4H QH AH 4S 6S 8S QS KS
repeaters hand: 6C 9C QC 3D 4D 7D 9D 8H 10H JH KH JS AS
  P1 Trick  1: teambinary leads JD, repeaters plays 3D -> teambinary wins
  P1 Trick  2: teambinary leads 5D, repeaters plays 4D -> teambinary wins
  P1 Trick  3: teambinary leads AH, repeaters plays 8H -> teambinary wins
  P1 Trick  4: teambinary leads QH, repeaters plays 10H -> teambinary wins
  P1 Trick  5: teambinary leads 2D, repeaters plays 7D -> repeaters wins
  P1 Trick  6: repeaters leads AS, teambinary plays 3S -> repeaters wins
  P1 Trick  7: repeaters leads JS, teambinary plays QS -> teambinary wins
  P1 Trick  8: teambinary leads 8D, repeaters plays 9D -> repeaters wins
  P1 Trick  9: repeaters leads 5C, teambinary plays 7C -> teambinary wins
  P1 Trick 10: teambinary leads 10D, repeaters plays QD -> repeaters wins
  P1 Trick 11: repeaters leads 6C, teambinary plays 3C -> repeaters wins
  P1 Trick 12: repeaters leads 2C, teambinary plays 4C -> teambinary wins
  P1 Trick 13: teambinary leads AD, repeaters plays 6D -> teambinary wins

--- Phase 2 (Scoring) ---
  P2 Trick  1: teambinary leads KS, repeaters plays 5S -> teambinary wins
  P2 Trick  2: teambinary leads 10S, repeaters plays 7S -> teambinary wins
  P2 Trick  3: teambinary leads 10C, repeaters plays JC -> repeaters wins
  P2 Trick  4: repeaters leads 8C, teambinary plays 2S -> teambinary wins
  P2 Trick  5: teambinary leads 8S, repeaters plays 9S -> repeaters wins
  P2 Trick  6: repeaters leads 9C, teambinary plays 4S -> teambinary wins
  P2 Trick  7: teambinary leads 7H, repeaters plays 9H -> repeaters wins
  P2 Trick  8: repeaters leads JH, teambinary plays 2H -> repeaters wins
  P2 Trick  9: repeaters leads QC, teambinary plays 6S -> teambinary wins
  P2 Trick 10: teambinary leads 6H, repeaters plays KH -> repeaters wins
  P2 Trick 11: repeaters leads KD, teambinary plays 3H -> repeaters wins
  P2 Trick 12: repeaters leads KC, teambinary plays 4H -> repeaters wins
  P2 Trick 13: repeaters leads AC, teambinary plays 5H -> repeaters wins
  Result: teambinary 5 - 8 repeaters
  Winner: repeaters

============================================================
Game 67
============================================================
Players: repeaters vs teambinary
Trump suit: S
Face-up card: 8S
repeaters hand: 3C 5C 7C QC AC 4D 9D 10D 4H 10H QH 9S 10S
teambinary hand: 4C 8C JC 5D 7D 8D JD 6H 7H KH 2S 4S 5S
  P1 Trick  1: repeaters leads 10S, teambinary plays 2S -> repeaters wins
  P1 Trick  2: repeaters leads 9S, teambinary plays JS -> teambinary wins
  P1 Trick  3: teambinary leads KH, repeaters plays 4H -> teambinary wins
  P1 Trick  4: teambinary leads 7H, repeaters plays 10H -> repeaters wins
  P1 Trick  5: repeaters leads 8S, teambinary plays AS -> teambinary wins
  P1 Trick  6: teambinary leads 6H, repeaters plays JH -> repeaters wins
  P1 Trick  7: repeaters leads AC, teambinary plays 2C -> repeaters wins
  P1 Trick  8: repeaters leads 3C, teambinary plays 4C -> teambinary wins
  P1 Trick  9: teambinary leads JC, repeaters plays 5C -> teambinary wins
  P1 Trick 10: teambinary leads 9C, repeaters plays 6C -> teambinary wins
  P1 Trick 11: teambinary leads 8C, repeaters plays 7C -> teambinary wins
  P1 Trick 12: teambinary leads 5H, repeaters plays 2H -> teambinary wins
  P1 Trick 13: teambinary leads 10C, repeaters plays QC -> repeaters wins

--- Phase 2 (Scoring) ---
  P2 Trick  1: repeaters leads 8H, teambinary plays 3H -> repeaters wins
  P2 Trick  2: repeaters leads 9D, teambinary plays JD -> teambinary wins
  P2 Trick  3: teambinary leads KD, repeaters plays AD -> repeaters wins
  P2 Trick  4: repeaters leads 9H, teambinary plays 3S -> teambinary wins
  P2 Trick  5: teambinary leads 8D, repeaters plays 10D -> repeaters wins
  P2 Trick  6: repeaters leads QH, teambinary plays 4S -> teambinary wins
  P2 Trick  7: teambinary leads 7D, repeaters plays QD -> repeaters wins
  P2 Trick  8: repeaters leads 4D, teambinary plays 5D -> teambinary wins
  P2 Trick  9: teambinary leads 7S, repeaters plays QS -> repeaters wins
  P2 Trick 10: repeaters leads 6D, teambinary plays 2D -> repeaters wins
  P2 Trick 11: repeaters leads KC, teambinary plays 5S -> teambinary wins
  P2 Trick 12: teambinary leads 6S, repeaters plays KS -> repeaters wins
  P2 Trick 13: repeaters leads AH, teambinary plays 3D -> repeaters wins
  Result: repeaters 8 - 5 teambinary
  Winner: repeaters

============================================================
Game 68
============================================================
Players: teambinary vs repeaters
Trump suit: S
Face-up card: 10S
teambinary hand: 3C 8C KC AC 4D 7D KD 2H QH AH 7S 8S QS
repeaters hand: 4C 5C 9C 10C QC 9D 3H 7H 9H JH 4S KS AS
  P1 Trick  1: teambinary leads AC, repeaters plays 4C -> teambinary wins
  P1 Trick  2: teambinary leads AH, repeaters plays 3H -> teambinary wins
  P1 Trick  3: teambinary leads KD, repeaters plays 9D -> teambinary wins
  P1 Trick  4: teambinary leads 7D, repeaters plays 10D -> repeaters wins
  P1 Trick  5: repeaters leads AS, teambinary plays 7S -> repeaters wins
  P1 Trick  6: repeaters leads 5C, teambinary plays 8C -> teambinary wins
  P1 Trick  7: teambinary leads KC, repeaters plays 2C -> teambinary wins
  P1 Trick  8: teambinary leads QH, repeaters plays 7H -> teambinary wins
  P1 Trick  9: teambinary leads JC, repeaters plays QC -> repeaters wins
  P1 Trick 10: repeaters leads 3D, teambinary plays 4D -> teambinary wins
  P1 Trick 11: teambinary leads 7C, repeaters plays 9C -> repeaters wins
  P1 Trick 12: repeaters leads 6D, teambinary plays 8D -> teambinary wins
  P1 Trick 13: teambinary leads 5D, repeaters plays JD -> repeaters wins

--- Phase 2 (Scoring) ---
  P2 Trick  1: repeaters leads 6C, teambinary plays 3C -> repeaters wins
  P2 Trick  2: repeaters leads 9H, teambinary plays 2H -> repeaters wins
  P2 Trick  3: repeaters leads 10C, teambinary plays 3S -> teambinary wins
  P2 Trick  4: teambinary leads QS, repeaters plays KS -> repeaters wins
  P2 Trick  5: repeaters leads 10H, teambinary plays 4H -> repeaters wins
  P2 Trick  6: repeaters leads JH, teambinary plays 5H -> repeaters wins
  P2 Trick  7: repeaters leads QD, teambinary plays 2D -> repeaters wins
  P2 Trick  8: repeaters leads KH, teambinary plays 6H -> repeaters wins
  P2 Trick  9: repeaters leads AD, teambinary plays 5S -> teambinary wins
  P2 Trick 10: teambinary leads 10S, repeaters plays JS -> repeaters wins
  P2 Trick 11: repeaters leads 9S, teambinary plays 6S -> repeaters wins
  P2 Trick 12: repeaters leads 4S, teambinary plays 8S -> teambinary wins
  P2 Trick 13: teambinary leads 8H, repeaters plays 2S -> repeaters wins
  Result: teambinary 3 - 10 repeaters
  Winner: repeaters

============================================================
Game 69
============================================================
Players: repeaters vs teambinary
Trump suit: D
Face-up card: 5D
repeaters hand: 5C 10C 4D 6D 7D 8D 2H 3H 10H QH 5S JS KS
teambinary hand: 3C 8C QC AC 2D 10D AD 4H 5H 6H 6S QS AS
  P1 Trick  1: repeaters leads 8D, teambinary plays 10D -> teambinary wins
  P1 Trick  2: teambinary leads AS, repeaters plays 2S -> teambinary wins
  P1 Trick  3: teambinary leads QS, repeaters plays 5S -> teambinary wins
  P1 Trick  4: teambinary leads AD, repeaters plays 4D -> teambinary wins
  P1 Trick  5: teambinary leads 6S, repeaters plays 8S -> repeaters wins
  P1 Trick  6: repeaters leads 7D, teambinary plays QD -> teambinary wins
  P1 Trick  7: teambinary leads AC, repeaters plays 5C -> teambinary wins
  P1 Trick  8: teambinary leads 4S, repeaters plays 9S -> repeaters wins
  P1 Trick  9: repeaters leads KD, teambinary plays 2D -> repeaters wins
  P1 Trick 10: repeaters leads 2H, teambinary plays 4H -> teambinary wins
  P1 Trick 11: teambinary leads 9H, repeaters plays 3H -> teambinary wins
  P1 Trick 12: teambinary leads 8H, repeaters plays 10H -> repeaters wins
  P1 Trick 13: repeaters leads 3S, teambinary plays 7S -> teambinary wins

--- Phase 2 (Scoring) ---
  P2 Trick  1: teambinary leads KC, repeaters plays 6C -> teambinary wins
  P2 Trick  2: teambinary leads QC, repeaters plays 7C -> teambinary wins
  P2 Trick  3: teambinary leads JC, repeaters plays 10C -> teambinary wins
  P2 Trick  4: teambinary leads 10S, repeaters plays JS -> repeaters wins
  P2 Trick  5: repeaters leads JH, teambinary plays 5H -> repeaters wins
  P2 Trick  6: repeaters leads QH, teambinary plays 6H -> repeaters wins
  P2 Trick  7: repeaters leads KS, teambinary plays 5D -> teambinary wins
  P2 Trick  8: teambinary leads 9C, repeaters plays 3D -> repeaters wins
  P2 Trick  9: repeaters leads KH, teambinary plays 7H -> repeaters wins
  P2 Trick 10: repeaters leads AH, teambinary plays 2C -> repeaters wins
  P2 Trick 11: repeaters leads JD, teambinary plays 3C -> repeaters wins
  P2 Trick 12: repeaters leads 9D, teambinary plays 4C -> repeaters wins
  P2 Trick 13: repeaters leads 6D, teambinary plays 8C -> repeaters wins
  Result: repeaters 9 - 4 teambinary
  Winner: repeaters

============================================================
Game 70
============================================================
Players: teambinary vs repeaters
Trump suit: S
Face-up card: 4S
teambinary hand: 6C 8C JC AC 8D 10D 2H 5H 6H 7H QH KH KS
repeaters hand: 3C 4C 9C QC 4D 5D 9D JD KD 9H 10H 3S QS
  P1 Trick  1: teambinary leads 10D, repeaters plays JD -> repeaters wins
  P1 Trick  2: repeaters leads 3C, teambinary plays 6C -> teambinary wins
  P1 Trick  3: teambinary leads 8D, repeaters plays 9D -> repeaters wins
  P1 Trick  4: repeaters leads 4D, teambinary plays 7D -> teambinary wins
  P1 Trick  5: teambinary leads 6D, repeaters plays KD -> repeaters wins
  P1 Trick  6: repeaters leads QS, teambinary plays KS -> teambinary wins
  P1 Trick  7: teambinary leads 3D, repeaters plays 5D -> repeaters wins
  P1 Trick  8: repeaters leads JS, teambinary plays 2S -> repeaters wins
  P1 Trick  9: repeaters leads AS, teambinary plays 6S -> repeaters wins
  P1 Trick 10: repeaters leads 3H, teambinary plays 5H -> teambinary wins
  P1 Trick 11: teambinary leads QD, repeaters plays 3S -> repeaters wins
  P1 Trick 12: repeaters leads 10S, teambinary plays 2H -> repeaters wins
  P1 Trick 13: repeaters leads 4C, teambinary plays 5C -> teambinary wins

--- Phase 2 (Scoring) ---
  P2 Trick  1: teambinary leads AC, repeaters plays 9C -> teambinary wins
  P2 Trick  2: teambinary leads KH, repeaters plays AH -> repeaters wins
  P2 Trick  3: repeaters leads 9S, teambinary plays 8S -> repeaters wins
  P2 Trick  4: repeaters leads 9H, teambinary plays QH -> teambinary wins
  P2 Trick  5: teambinary leads JC, repeaters plays QC -> repeaters wins
  P2 Trick  6: repeaters leads 10H, teambinary plays 6H -> repeaters wins
  P2 Trick  7: repeaters leads JH, teambinary plays 7H -> repeaters wins
  P2 Trick  8: repeaters leads KC, teambinary plays 2C -> repeaters wins
  P2 Trick  9: repeaters leads AD, teambinary plays 2D -> repeaters wins
  P2 Trick 10: repeaters leads 7S, teambinary plays 7C -> repeaters wins
  P2 Trick 11: repeaters leads 5S, teambinary plays 8C -> repeaters wins
  P2 Trick 12: repeaters leads 4S, teambinary plays 8H -> repeaters wins
  P2 Trick 13: repeaters leads 4H, teambinary plays 10C -> repeaters wins
  Result: teambinary 2 - 11 repeaters
  Winner: repeaters

============================================================
Game 71
============================================================
Players: repeaters vs teambinary
Trump suit: C
Face-up card: 4C
repeaters hand: 2C 3C 5C 9C AC 8D 9D 10D JD 7H QH 2S 3S
teambinary hand: 7C KC 2D 5D 6D 7D 2H 8H JH KH 4S 6S 7S
  P1 Trick  1: repeaters leads AC, teambinary plays 7C -> repeaters wins
  P1 Trick  2: repeaters leads 2S, teambinary plays 4S -> teambinary wins
  P1 Trick  3: teambinary leads KH, repeaters plays 7H -> teambinary wins
  P1 Trick  4: teambinary leads JH, repeaters plays QH -> repeaters wins
  P1 Trick  5: repeaters leads 3S, teambinary plays 5S -> teambinary wins
  P1 Trick  6: teambinary leads 10S, repeaters plays 4D -> teambinary wins
  P1 Trick  7: teambinary leads 7S, repeaters plays 2C -> repeaters wins
  P1 Trick  8: repeaters leads 9C, teambinary plays QC -> teambinary wins
  P1 Trick  9: teambinary leads 6S, repeaters plays KS -> repeaters wins
  P1 Trick 10: repeaters leads 10C, teambinary plays JC -> teambinary wins
  P1 Trick 11: teambinary leads JS, repeaters plays AS -> repeaters wins
  P1 Trick 12: repeaters leads 8C, teambinary plays KC -> teambinary wins
  P1 Trick 13: teambinary leads AH, repeaters plays 6H -> teambinary wins

--- Phase 2 (Scoring) ---
  P2 Trick  1: teambinary leads QD, repeaters plays KD -> repeaters wins
  P2 Trick  2: repeaters leads 8D, teambinary plays 2D -> repeaters wins
  P2 Trick  3: repeaters leads 9D, teambinary plays 3D -> repeaters wins
  P2 Trick  4: repeaters leads 9H, teambinary plays 2H -> repeaters wins
  P2 Trick  5: repeaters leads 10D, teambinary plays 5D -> repeaters wins
  P2 Trick  6: repeaters leads 10H, teambinary plays 3H -> repeaters wins
  P2 Trick  7: repeaters leads JD, teambinary plays 6D -> repeaters wins
  P2 Trick  8: repeaters leads QS, teambinary plays 9S -> repeaters wins
  P2 Trick  9: repeaters leads AD, teambinary plays 7D -> repeaters wins
  P2 Trick 10: repeaters leads 5C, teambinary plays 6C -> teambinary wins
  P2 Trick 11: teambinary leads 8H, repeaters plays 3C -> repeaters wins
  P2 Trick 12: repeaters leads 4C, teambinary plays 4H -> repeaters wins
  P2 Trick 13: repeaters leads 8S, teambinary plays 5H -> repeaters wins
  Result: repeaters 12 - 1 teambinary
  Winner: repeaters

============================================================
Game 72
============================================================
Players: teambinary vs repeaters
Trump suit: D
Face-up card: QD
teambinary hand: 2C QC 3D 6D 9D AD 6H KH 4S 5S 6S QS AS
repeaters hand: 6C 9C KC AC 4D 7D JD KD 5H JH QH 3S 9S
  P1 Trick  1: teambinary leads AD, repeaters plays 4D -> teambinary wins
  P1 Trick  2: teambinary leads KH, repeaters plays 5H -> teambinary wins
  P1 Trick  3: teambinary leads QC, repeaters plays KC -> repeaters wins
  P1 Trick  4: repeaters leads 3S, teambinary plays 4S -> teambinary wins
  P1 Trick  5: teambinary leads 7H, repeaters plays JH -> repeaters wins
  P1 Trick  6: repeaters leads 5C, teambinary plays 2C -> repeaters wins
  P1 Trick  7: repeaters leads 6C, teambinary plays 3C -> repeaters wins
  P1 Trick  8: repeaters leads 8C, teambinary plays 4C -> repeaters wins
  P1 Trick  9: repeaters leads 8S, teambinary plays QS -> teambinary wins
  P1 Trick 10: teambinary leads 6H, repeaters plays 9H -> repeaters wins
  P1 Trick 11: repeaters leads KD, teambinary plays 3D -> repeaters wins
  P1 Trick 12: repeaters leads 7C, teambinary plays 2H -> repeaters wins
  P1 Trick 13: repeaters leads 8H, teambinary plays 4H -> repeaters wins

--- Phase 2 (Scoring) ---
  P2 Trick  1: repeaters leads 9S, teambinary plays KS -> teambinary wins
  P2 Trick  2: teambinary leads AS, repeaters plays 10S -> teambinary wins
  P2 Trick  3: teambinary leads QD, repeaters plays 2D -> teambinary wins
  P2 Trick  4: teambinary leads 10D, repeaters plays JD -> repeaters wins
  P2 Trick  5: repeaters leads 10H, teambinary plays 3H -> repeaters wins
  P2 Trick  6: repeaters leads JC, teambinary plays 5D -> teambinary wins
  P2 Trick  7: teambinary leads 9D, repeaters plays 7D -> teambinary wins
  P2 Trick  8: teambinary leads 8D, repeaters plays 9C -> teambinary wins
  P2 Trick  9: teambinary leads 7S, repeaters plays JS -> repeaters wins
  P2 Trick 10: repeaters leads QH, teambinary plays 6D -> teambinary wins
  P2 Trick 11: teambinary leads 6S, repeaters plays 10C -> teambinary wins
  P2 Trick 12: teambinary leads 5S, repeaters plays AC -> teambinary wins
  P2 Trick 13: teambinary leads 2S, repeaters plays AH -> teambinary wins
  Result: teambinary 10 - 3 repeaters
  Winner: teambinary

============================================================
Game 73
============================================================
Players: repeaters vs teambinary
Trump suit: H
Face-up card: JH
repeaters hand: 3C 9C 10C JC 3D KD 2H 4H 5H 6H 8H QH 5S
teambinary hand: 7C 8C QC KC 2D 5D 8D 10D AD 7H AH 6S 7S
  P1 Trick  1: repeaters leads QH, teambinary plays AH -> teambinary wins
  P1 Trick  2: teambinary leads 7S, repeaters plays 5S -> teambinary wins
  P1 Trick  3: teambinary leads 6S, repeaters plays AS -> repeaters wins
  P1 Trick  4: repeaters leads 10H, teambinary plays JH -> teambinary wins
  P1 Trick  5: teambinary leads QS, repeaters plays 10S -> teambinary wins
  P1 Trick  6: teambinary leads 2S, repeaters plays 3C -> teambinary wins
  P1 Trick  7: teambinary leads 4S, repeaters plays JS -> repeaters wins
  P1 Trick  8: repeaters leads KH, teambinary plays 7H -> repeaters wins
  P1 Trick  9: repeaters leads 3D, teambinary plays 4D -> teambinary wins
  P1 Trick 10: teambinary leads 3S, repeaters plays 5C -> teambinary wins
  P1 Trick 11: teambinary leads 8S, repeaters plays 2H -> repeaters wins
  P1 Trick 12: repeaters leads 9H, teambinary plays 4C -> repeaters wins
  P1 Trick 13: repeaters leads 9C, teambinary plays QC -> teambinary wins

--- Phase 2 (Scoring) ---
  P2 Trick  1: teambinary leads AD, repeaters plays 7D -> teambinary wins
  P2 Trick  2: teambinary leads KC, repeaters plays AC -> repeaters wins
  P2 Trick  3: repeaters leads JC, teambinary plays 2C -> repeaters wins
  P2 Trick  4: repeaters leads JD, teambinary plays 2D -> repeaters wins
  P2 Trick  5: repeaters leads QD, teambinary plays 5D -> repeaters wins
  P2 Trick  6: repeaters leads KD, teambinary plays 6D -> repeaters wins
  P2 Trick  7: repeaters leads KS, teambinary plays 9S -> repeaters wins
  P2 Trick  8: repeaters leads 8H, teambinary plays 6C -> repeaters wins
  P2 Trick  9: repeaters leads 6H, teambinary plays 7C -> repeaters wins
  P2 Trick 10: repeaters leads 5H, teambinary plays 8D -> repeaters wins
  P2 Trick 11: repeaters leads 4H, teambinary plays 8C -> repeaters wins
  P2 Trick 12: repeaters leads 3H, teambinary plays 9D -> repeaters wins
  P2 Trick 13: repeaters leads 10C, teambinary plays 10D -> repeaters wins
  Result: repeaters 12 - 1 teambinary
  Winner: repeaters

============================================================
Game 74
============================================================
Players: teambinary vs repeaters
Trump suit: C
Face-up card: 9C
teambinary hand: 3C 6C 5D 7D QD 7H 8H 9H KH 3S 7S 8S 9S
repeaters hand: 5C 7C 8C 6D 9D 10D JD AD 3H AH 4S 5S KS
  P1 Trick  1: teambinary leads KH, repeaters plays AH -> repeaters wins
  P1 Trick  2: repeaters leads 9C, teambinary plays 3C -> repeaters wins
  P1 Trick  3: repeaters leads 8C, teambinary plays 6C -> repeaters wins
  P1 Trick  4: repeaters leads 3H, teambinary plays 7H -> teambinary wins
  P1 Trick  5: teambinary leads QD, repeaters plays 6D -> teambinary wins
  P1 Trick  6: teambinary leads 10H, repeaters plays 6H -> teambinary wins
  P1 Trick  7: teambinary leads JH, repeaters plays 5C -> repeaters wins
  P1 Trick  8: repeaters leads 2D, teambinary plays 4D -> teambinary wins
  P1 Trick  9: teambinary leads 9H, repeaters plays 4S -> teambinary wins
  P1 Trick 10: teambinary leads 8H, repeaters plays 3D -> teambinary wins
  P1 Trick 11: teambinary leads 5H, repeaters plays 4C -> repeaters wins
  P1 Trick 12: repeaters leads 5S, teambinary plays 6S -> teambinary wins
  P1 Trick 13: teambinary leads QH, repeaters plays 2C -> repeaters wins

--- Phase 2 (Scoring) ---
  P2 Trick  1: repeaters leads 9D, teambinary plays 5D -> repeaters wins
  P2 Trick  2: repeaters leads 10D, teambinary plays 7D -> repeaters wins
  P2 Trick  3: repeaters leads JD, teambinary plays 8D -> repeaters wins
  P2 Trick  4: repeaters leads JS, teambinary plays 2S -> repeaters wins
  P2 Trick  5: repeaters leads QS, teambinary plays 3S -> repeaters wins
  P2 Trick  6: repeaters leads KS, teambinary plays 7S -> repeaters wins
  P2 Trick  7: repeaters leads KD, teambinary plays QC -> teambinary wins
  P2 Trick  8: teambinary leads KC, repeaters plays AC -> repeaters wins
  P2 Trick  9: repeaters leads AD, teambinary plays 2H -> repeaters wins
  P2 Trick 10: repeaters leads AS, teambinary plays 8S -> repeaters wins
  P2 Trick 11: repeaters leads JC, teambinary plays 4H -> repeaters wins
  P2 Trick 12: repeaters leads 10C, teambinary plays 9S -> repeaters wins
  P2 Trick 13: repeaters leads 7C, teambinary plays 10S -> repeaters wins
  Result: teambinary 1 - 12 repeaters
  Winner: repeaters

============================================================
Game 75
============================================================
Players: repeaters vs teambinary
Trump suit: H
Face-up card: 6H
repeaters hand: 2C 4C 9C 2D 3D 5D 8D JD QH 5S JS QS KS
teambinary hand: 3C 5C 10C JC AC 4D 7D KD AD 3H 8H AH 7S
  P1 Trick  1: repeaters leads QH, teambinary plays AH -> teambinary wins
  P1 Trick  2: teambinary leads 7S, repeaters plays JS -> repeaters wins
  P1 Trick  3: repeaters leads 10H, teambinary plays KH -> teambinary wins
  P1 Trick  4: teambinary leads AD, repeaters plays 2D -> teambinary wins
  P1 Trick  5: teambinary leads AS, repeaters plays 4S -> teambinary wins
  P1 Trick  6: teambinary leads KD, repeaters plays 3D -> teambinary wins
  P1 Trick  7: teambinary leads 7D, repeaters plays 5D -> teambinary wins
  P1 Trick  8: teambinary leads 9D, repeaters plays 8D -> teambinary wins
  P1 Trick  9: teambinary leads 4D, repeaters plays 10D -> repeaters wins
  P1 Trick 10: repeaters leads 2C, teambinary plays 3C -> teambinary wins
  P1 Trick 11: teambinary leads 6D, repeaters plays JD -> repeaters wins
  P1 Trick 12: repeaters leads 7H, teambinary plays 8H -> teambinary wins
  P1 Trick 13: teambinary leads 6S, repeaters plays 8S -> repeaters wins

--- Phase 2 (Scoring) ---
  P2 Trick  1: repeaters leads 10S, teambinary plays 3S -> repeaters wins
  P2 Trick  2: repeaters leads QS, teambinary plays 3H -> teambinary wins
  P2 Trick  3: teambinary leads AC, repeaters plays 4C -> teambinary wins
  P2 Trick  4: teambinary leads KC, repeaters plays 6C -> teambinary wins
  P2 Trick  5: teambinary leads QC, repeaters plays 9C -> teambinary wins
  P2 Trick  6: teambinary leads JC, repeaters plays 2H -> repeaters wins
  P2 Trick  7: repeaters leads QD, teambinary plays 5H -> teambinary wins
  P2 Trick  8: teambinary leads JH, repeaters plays 4H -> teambinary wins
  P2 Trick  9: teambinary leads 10C, repeaters plays 9H -> repeaters wins
  P2 Trick 10: repeaters leads KS, teambinary plays 6H -> teambinary wins
  P2 Trick 11: teambinary leads 8C, repeaters plays 2S -> teambinary wins
  P2 Trick 12: teambinary leads 7C, repeaters plays 5S -> teambinary wins
  P2 Trick 13: teambinary leads 5C, repeaters plays 9S -> teambinary wins
  Result: repeaters 3 - 10 teambinary
  Winner: teambinary

============================================================
Game 76
============================================================
Players: teambinary vs repeaters
Trump suit: C
Face-up card: 10C
teambinary hand: JC QC 9D QD KD 4H 5H 9H 10H JH 5S 6S 8S
repeaters hand: 6C 8C 9C AC 4D 10D JD 3H QH 3S 4S 9S QS
  P1 Trick  1: teambinary leads KD, repeaters plays 4D -> teambinary wins
  P1 Trick  2: teambinary leads QD, repeaters plays 10D -> teambinary wins
  P1 Trick  3: teambinary leads 9D, repeaters plays JD -> repeaters wins
  P1 Trick  4: repeaters leads 3S, teambinary plays 5S -> teambinary wins
  P1 Trick  5: teambinary leads 6D, repeaters plays 6C -> repeaters wins
  P1 Trick  6: repeaters leads AC, teambinary plays 10C -> repeaters wins
  P1 Trick  7: repeaters leads 3H, teambinary plays 4H -> teambinary wins
  P1 Trick  8: teambinary leads 5D, repeaters plays 8C -> repeaters wins
  P1 Trick  9: repeaters leads 2S, teambinary plays 6S -> teambinary wins
  P1 Trick 10: teambinary leads 8D, repeaters plays AD -> repeaters wins
  P1 Trick 11: repeaters leads KC, teambinary plays 4C -> repeaters wins
  P1 Trick 12: repeaters leads 2H, teambinary plays 5H -> teambinary wins
  P1 Trick 13: teambinary leads AS, repeaters plays 4S -> teambinary wins

--- Phase 2 (Scoring) ---
  P2 Trick  1: teambinary leads AH, repeaters plays 6H -> teambinary wins
  P2 Trick  2: teambinary leads QC, repeaters plays 2C -> teambinary wins
  P2 Trick  3: teambinary leads JH, repeaters plays QH -> repeaters wins
  P2 Trick  4: repeaters leads JS, teambinary plays 8S -> repeaters wins
  P2 Trick  5: repeaters leads QS, teambinary plays 10S -> repeaters wins
  P2 Trick  6: repeaters leads KH, teambinary plays 7H -> repeaters wins
  P2 Trick  7: repeaters leads KS, teambinary plays JC -> teambinary wins
  P2 Trick  8: teambinary leads 10H, repeaters plays 3C -> repeaters wins
  P2 Trick  9: repeaters leads 9S, teambinary plays 2D -> repeaters wins
  P2 Trick 10: repeaters leads 9C, teambinary plays 3D -> repeaters wins
  P2 Trick 11: repeaters leads 7C, teambinary plays 7D -> repeaters wins
  P2 Trick 12: repeaters leads 5C, teambinary plays 8H -> repeaters wins
  P2 Trick 13: repeaters leads 7S, teambinary plays 9H -> repeaters wins
  Result: teambinary 3 - 10 repeaters
  Winner: repeaters

============================================================
Game 77
============================================================
Players: repeaters vs teambinary
Trump suit: C
Face-up card: 5C
repeaters hand: 4C 7C 10C 4D 8D 10D JD QD 2H 4H 6H 10H 2S
teambinary hand: 8C AC 5D 9D 3H 7H 9H 3S 5S 6S 10S QS AS
  P1 Trick  1: repeaters leads 10C, teambinary plays AC -> teambinary wins
  P1 Trick  2: teambinary leads 9D, repeaters plays 10D -> repeaters wins
  P1 Trick  3: repeaters leads 7C, teambinary plays 8C -> teambinary wins
  P1 Trick  4: teambinary leads 5D, repeaters plays 8D -> repeaters wins
  P1 Trick  5: repeaters leads QC, teambinary plays 5C -> repeaters wins
  P1 Trick  6: repeaters leads 4C, teambinary plays 9C -> teambinary wins
  P1 Trick  7: teambinary leads QH, repeaters plays KH -> repeaters wins
  P1 Trick  8: repeaters leads KD, teambinary plays 3H -> repeaters wins
  P1 Trick  9: repeaters leads AD, teambinary plays 2C -> teambinary wins
  P1 Trick 10: teambinary leads AH, repeaters plays 2H -> teambinary wins
  P1 Trick 11: teambinary leads JH, repeaters plays 4H -> teambinary wins
  P1 Trick 12: teambinary leads 9H, repeaters plays 6H -> teambinary wins
  P1 Trick 13: teambinary leads 7H, repeaters plays 8H -> repeaters wins

--- Phase 2 (Scoring) ---
  P2 Trick  1: repeaters leads 3D, teambinary plays 3C -> teambinary wins
  P2 Trick  2: teambinary leads AS, repeaters plays 2S -> teambinary wins
  P2 Trick  3: teambinary leads KC, repeaters plays JC -> teambinary wins
  P2 Trick  4: teambinary leads QS, repeaters plays KS -> repeaters wins
  P2 Trick  5: repeaters leads 4D, teambinary plays 6C -> teambinary wins
  P2 Trick  6: teambinary leads 10S, repeaters plays JS -> repeaters wins
  P2 Trick  7: repeaters leads 6D, teambinary plays 3S -> repeaters wins
  P2 Trick  8: repeaters leads 7D, teambinary plays 5S -> repeaters wins
  P2 Trick  9: repeaters leads 10H, teambinary plays 5H -> repeaters wins
  P2 Trick 10: repeaters leads JD, teambinary plays 6S -> repeaters wins
  P2 Trick 11: repeaters leads QD, teambinary plays 7S -> repeaters wins
  P2 Trick 12: repeaters leads 2D, teambinary plays 8S -> repeaters wins
  P2 Trick 13: repeaters leads 4S, teambinary plays 9S -> teambinary wins
  Result: repeaters 8 - 5 teambinary
  Winner: repeaters

============================================================
Game 78
============================================================
Players: teambinary vs repeaters
Trump suit: S
Face-up card: AS
teambinary hand: 3C 6C 9C 2D 3D 4D 10D 3H 6H 7H 8S 9S 10S
repeaters hand: 2C 4C 5C 10C AC 6D AD 8H 10H JH 5S 7S JS
  P1 Trick  1: teambinary leads 10D, repeaters plays AD -> repeaters wins
  P1 Trick  2: repeaters leads AS, teambinary plays 8S -> repeaters wins
  P1 Trick  3: repeaters leads JS, teambinary plays 9S -> repeaters wins
  P1 Trick  4: repeaters leads 2C, teambinary plays 3C -> teambinary wins
  P1 Trick  5: teambinary leads 9C, repeaters plays 4C -> teambinary wins
  P1 Trick  6: teambinary leads 7C, repeaters plays 10C -> repeaters wins
  P1 Trick  7: repeaters leads 2H, teambinary plays 3H -> teambinary wins
  P1 Trick  8: teambinary leads JC, repeaters plays 5C -> teambinary wins
  P1 Trick  9: teambinary leads 6C, repeaters plays 8C -> repeaters wins
  P1 Trick 10: repeaters leads QS, teambinary plays 2S -> repeaters wins
  P1 Trick 11: repeaters leads 6D, teambinary plays 7D -> teambinary wins
  P1 Trick 12: teambinary leads AH, repeaters plays 8H -> teambinary wins
  P1 Trick 13: teambinary leads KH, repeaters plays 10H -> teambinary wins

--- Phase 2 (Scoring) ---
  P2 Trick  1: teambinary leads KS, repeaters plays 4S -> teambinary wins
  P2 Trick  2: teambinary leads 10S, repeaters plays 5S -> teambinary wins
  P2 Trick  3: teambinary leads 9H, repeaters plays JH -> repeaters wins
  P2 Trick  4: repeaters leads JD, teambinary plays 2D -> repeaters wins
  P2 Trick  5: repeaters leads QD, teambinary plays 3D -> repeaters wins
  P2 Trick  6: repeaters leads QC, teambinary plays 3S -> teambinary wins
  P2 Trick  7: teambinary leads 9D, repeaters plays KD -> repeaters wins
  P2 Trick  8: repeaters leads 8D, teambinary plays 4D -> repeaters wins
  P2 Trick  9: repeaters leads QH, teambinary plays 4H -> repeaters wins
  P2 Trick 10: repeaters leads KC, teambinary plays 5D -> repeaters wins
  P2 Trick 11: repeaters leads AC, teambinary plays 5H -> repeaters wins
  P2 Trick 12: repeaters leads 7S, teambinary plays 6H -> repeaters wins
  P2 Trick 13: repeaters leads 6S, teambinary plays 7H -> repeaters wins
  Result: teambinary 3 - 10 repeaters
  Winner: repeaters

============================================================
Game 79
============================================================
Players: repeaters vs teambinary
Trump suit: D
Face-up card: AD
repeaters hand: 2C 6C 8C 9C 5D 6D 9D JD 4H 5H 7H 10H QH
teambinary hand: 5C 10C JC AC 2D 3D 10D KD 3H JH KH 4S JS
  P1 Trick  1: repeaters leads JD, teambinary plays KD -> teambinary wins
  P1 Trick  2: teambinary leads JS, repeaters plays 2C -> teambinary wins
  P1 Trick  3: teambinary leads 9S, repeaters plays 4H -> teambinary wins
  P1 Trick  4: teambinary leads 8S, repeaters plays 5H -> teambinary wins
  P1 Trick  5: teambinary leads 5S, repeaters plays 2H -> teambinary wins
  P1 Trick  6: teambinary leads 4S, repeaters plays 6C -> teambinary wins
  P1 Trick  7: teambinary leads 3S, repeaters plays KS -> repeaters wins
  P1 Trick  8: repeaters leads 7H, teambinary plays JH -> teambinary wins
  P1 Trick  9: teambinary leads AS, repeaters plays QS -> teambinary wins
  P1 Trick 10: teambinary leads KH, repeaters plays 8H -> teambinary wins
  P1 Trick 11: teambinary leads AD, repeaters plays 4D -> teambinary wins
  P1 Trick 12: teambinary leads 7S, repeaters plays 2S -> teambinary wins
  P1 Trick 13: teambinary leads 6S, repeaters plays 10S -> repeaters wins

--- Phase 2 (Scoring) ---
  P2 Trick  1: repeaters leads QD, teambinary plays 2D -> repeaters wins
  P2 Trick  2: repeaters leads 9H, teambinary plays 3H -> repeaters wins
  P2 Trick  3: repeaters leads 10H, teambinary plays 6H -> repeaters wins
  P2 Trick  4: repeaters leads QH, teambinary plays 3D -> teambinary wins
  P2 Trick  5: teambinary leads AC, repeaters plays 8C -> teambinary wins
  P2 Trick  6: teambinary leads JC, repeaters plays QC -> repeaters wins
  P2 Trick  7: repeaters leads KC, teambinary plays 3C -> repeaters wins
  P2 Trick  8: repeaters leads AH, teambinary plays 7D -> teambinary wins
  P2 Trick  9: teambinary leads 10C, repeaters plays 9C -> teambinary wins
  P2 Trick 10: teambinary leads 10D, repeaters plays 5D -> teambinary wins
  P2 Trick 11: teambinary leads 7C, repeaters plays 6D -> repeaters wins
  P2 Trick 12: repeaters leads 9D, teambinary plays 4C -> repeaters wins
  P2 Trick 13: repeaters leads 8D, teambinary plays 5C -> repeaters wins
  Result: repeaters 8 - 5 teambinary
  Winner: repeaters

============================================================
Game 80
============================================================
Players: teambinary vs repeaters
Trump suit: D
Face-up card: 9D
teambinary hand: 9C 4D 7D 10D 2H 3H 8H JH AH 2S 3S JS QS
repeaters hand: 3C 4C 7C 10C JC QC KC 6D 5H 9H 7S 9S 10S
  P1 Trick  1: teambinary leads 9C, repeaters plays 10C -> repeaters wins
  P1 Trick  2: repeaters leads 3C, teambinary plays 8C -> teambinary wins
  P1 Trick  3: teambinary leads 5C, repeaters plays 7C -> repeaters wins
  P1 Trick  4: repeaters leads 4C, teambinary plays 2S -> repeaters wins
  P1 Trick  5: repeaters leads AD, teambinary plays 4D -> repeaters wins
  P1 Trick  6: repeaters leads 9D, teambinary plays 10D -> teambinary wins
  P1 Trick  7: teambinary leads QS, repeaters plays 7S -> teambinary wins
  P1 Trick  8: teambinary leads JS, repeaters plays 9S -> teambinary wins
  P1 Trick  9: teambinary leads 6S, repeaters plays 10S -> repeaters wins
  P1 Trick 10: repeaters leads 5H, teambinary plays 8H -> teambinary wins
  P1 Trick 11: teambinary leads AH, repeaters plays 4H -> teambinary wins
  P1 Trick 12: teambinary leads JH, repeaters plays QH -> repeaters wins
  P1 Trick 13: repeaters leads 6D, teambinary plays 7D -> teambinary wins

--- Phase 2 (Scoring) ---
  P2 Trick  1: teambinary leads KD, repeaters plays 2D -> teambinary wins
  P2 Trick  2: teambinary leads QD, repeaters plays 2C -> teambinary wins
  P2 Trick  3: teambinary leads JD, repeaters plays 6H -> teambinary wins
  P2 Trick  4: teambinary leads 10H, repeaters plays KH -> repeaters wins
  P2 Trick  5: repeaters leads 6C, teambinary plays 3D -> teambinary wins
  P2 Trick  6: teambinary leads 8S, repeaters plays KS -> repeaters wins
  P2 Trick  7: repeaters leads 7H, teambinary plays 2H -> repeaters wins
  P2 Trick  8: repeaters leads 9H, teambinary plays 3H -> repeaters wins
  P2 Trick  9: repeaters leads JC, teambinary plays 5D -> teambinary wins
  P2 Trick 10: teambinary leads 8D, repeaters plays QC -> teambinary wins
  P2 Trick 11: teambinary leads 5S, repeaters plays AS -> repeaters wins
  P2 Trick 12: repeaters leads KC, teambinary plays 3S -> repeaters wins
  P2 Trick 13: repeaters leads AC, teambinary plays 4S -> repeaters wins
  Result: teambinary 6 - 7 repeaters
  Winner: repeaters

============================================================
Game 81
============================================================
Players: repeaters vs teambinary
Trump suit: C
Face-up card: 10C
repeaters hand: 7C AC 9D QD AD 4H JH 6S 8S 10S QS KS AS
teambinary hand: 4C QC 4D 6D 2H 8H KH AH 2S 3S 4S 7S JS
  P1 Trick  1: repeaters leads AC, teambinary plays 4C -> repeaters wins
  P1 Trick  2: repeaters leads 10C, teambinary plays QC -> teambinary wins
  P1 Trick  3: teambinary leads AH, repeaters plays 4H -> teambinary wins
  P1 Trick  4: teambinary leads KH, repeaters plays JH -> teambinary wins
  P1 Trick  5: teambinary leads 8H, repeaters plays 2C -> repeaters wins
  P1 Trick  6: repeaters leads 5S, teambinary plays 7S -> teambinary wins
  P1 Trick  7: teambinary leads 3H, repeaters plays 7H -> repeaters wins
  P1 Trick  8: repeaters leads KC, teambinary plays 6C -> repeaters wins
  P1 Trick  9: repeaters leads 8C, teambinary plays 9C -> teambinary wins
  P1 Trick 10: teambinary leads 2H, repeaters plays 10H -> repeaters wins
  P1 Trick 11: repeaters leads 7C, teambinary plays JC -> teambinary wins
  P1 Trick 12: teambinary leads 5H, repeaters plays QH -> repeaters wins
  P1 Trick 13: repeaters leads 5D, teambinary plays 6D -> teambinary wins

--- Phase 2 (Scoring) ---
  P2 Trick  1: teambinary leads JS, repeaters plays QS -> repeaters wins
  P2 Trick  2: repeaters leads 6H, teambinary plays 3C -> teambinary wins
  P2 Trick  3: teambinary leads JD, repeaters plays QD -> repeaters wins
  P2 Trick  4: repeaters leads 8D, teambinary plays 10D -> teambinary wins
  P2 Trick  5: teambinary leads 9S, repeaters plays 10S -> repeaters wins
  P2 Trick  6: repeaters leads 6S, teambinary plays 2S -> repeaters wins
  P2 Trick  7: repeaters leads 8S, teambinary plays 3S -> repeaters wins
  P2 Trick  8: repeaters leads 9D, teambinary plays 2D -> repeaters wins
  P2 Trick  9: repeaters leads 9H, teambinary plays 5C -> teambinary wins
  P2 Trick 10: teambinary leads 7D, repeaters plays KD -> repeaters wins
  P2 Trick 11: repeaters leads KS, teambinary plays 4S -> repeaters wins
  P2 Trick 12: repeaters leads AS, teambinary plays 3D -> repeaters wins
  P2 Trick 13: repeaters leads AD, teambinary plays 4D -> repeaters wins
  Result: repeaters 10 - 3 teambinary
  Winner: repeaters

============================================================
Game 82
============================================================
Players: teambinary vs repeaters
Trump suit: C
Face-up card: QC
teambinary hand: 4C 7C 2D 3D 6D 9D AD 5H 6H 10H 2S 4S JS
repeaters hand: 5C 10C 4D 7D JD KD 2H 4H 7H 3S 5S 7S AS
  P1 Trick  1: teambinary leads JS, repeaters plays AS -> repeaters wins
  P1 Trick  2: repeaters leads 2H, teambinary plays 5H -> teambinary wins
  P1 Trick  3: teambinary leads 10H, repeaters plays 4H -> teambinary wins
  P1 Trick  4: teambinary leads 6H, repeaters plays 7H -> repeaters wins
  P1 Trick  5: repeaters leads 3S, teambinary plays 4S -> teambinary wins
  P1 Trick  6: teambinary leads QH, repeaters plays AH -> repeaters wins
  P1 Trick  7: repeaters leads 4D, teambinary plays 5D -> teambinary wins
  P1 Trick  8: teambinary leads 10S, repeaters plays 5S -> teambinary wins
  P1 Trick  9: teambinary leads 8H, repeaters plays 9H -> repeaters wins
  P1 Trick 10: repeaters leads AC, teambinary plays 4C -> repeaters wins
  P1 Trick 11: repeaters leads QC, teambinary plays KC -> teambinary wins
  P1 Trick 12: teambinary leads QS, repeaters plays 6S -> teambinary wins
  P1 Trick 13: teambinary leads JH, repeaters plays 3C -> repeaters wins

--- Phase 2 (Scoring) ---
  P2 Trick  1: repeaters leads 7S, teambinary plays KS -> teambinary wins
  P2 Trick  2: teambinary leads AD, repeaters plays 7D -> teambinary wins
  P2 Trick  3: teambinary leads JC, repeaters plays 5C -> teambinary wins
  P2 Trick  4: teambinary leads 10D, repeaters plays JD -> repeaters wins
  P2 Trick  5: repeaters leads 8S, teambinary plays 2S -> repeaters wins
  P2 Trick  6: repeaters leads 8D, teambinary plays 9D -> teambinary wins
  P2 Trick  7: teambinary leads 9C, repeaters plays 10C -> repeaters wins
  P2 Trick  8: repeaters leads 9S, teambinary plays 2C -> teambinary wins
  P2 Trick  9: teambinary leads 7C, repeaters plays 8C -> repeaters wins
  P2 Trick 10: repeaters leads QD, teambinary plays 2D -> repeaters wins
  P2 Trick 11: repeaters leads KD, teambinary plays 3D -> repeaters wins
  P2 Trick 12: repeaters leads KH, teambinary plays 3H -> repeaters wins
  P2 Trick 13: repeaters leads 6C, teambinary plays 6D -> repeaters wins
  Result: teambinary 5 - 8 repeaters
  Winner: repeaters

============================================================
Game 83
============================================================
Players: repeaters vs teambinary
Trump suit: S
Face-up card: 3S
repeaters hand: 8C 10D KD 3H 6H 7H 10H JH AH 5S 6S 8S KS
teambinary hand: 2C 7C 9C KC 9D JD QD 8H QH 2S 7S 10S QS
  P1 Trick  1: repeaters leads KS, teambinary plays 2S -> repeaters wins
  P1 Trick  2: repeaters leads 8S, teambinary plays 10S -> teambinary wins
  P1 Trick  3: teambinary leads KH, repeaters plays AH -> repeaters wins
  P1 Trick  4: repeaters leads 3H, teambinary plays 4H -> teambinary wins
  P1 Trick  5: teambinary leads QH, repeaters plays 6H -> teambinary wins
  P1 Trick  6: teambinary leads 8H, repeaters plays 10H -> repeaters wins
  P1 Trick  7: repeaters leads JS, teambinary plays QS -> teambinary wins
  P1 Trick  8: teambinary leads KC, repeaters plays 3C -> teambinary wins
  P1 Trick  9: teambinary leads JC, repeaters plays 6C -> teambinary wins
  P1 Trick 10: teambinary leads 9C, repeaters plays 8C -> teambinary wins
  P1 Trick 11: teambinary leads 2H, repeaters plays 7H -> repeaters wins
  P1 Trick 12: repeaters leads 6S, teambinary plays 7S -> teambinary wins
  P1 Trick 13: teambinary leads AS, repeaters plays 3S -> teambinary wins

--- Phase 2 (Scoring) ---
  P2 Trick  1: teambinary leads QD, repeaters plays KD -> repeaters wins
  P2 Trick  2: repeaters leads 5H, teambinary plays 9S -> teambinary wins
  P2 Trick  3: teambinary leads QC, repeaters plays AC -> repeaters wins
  P2 Trick  4: repeaters leads 9H, teambinary plays 2C -> repeaters wins
  P2 Trick  5: repeaters leads 10D, teambinary plays JD -> teambinary wins
  P2 Trick  6: teambinary leads 9D, repeaters plays AD -> repeaters wins
  P2 Trick  7: repeaters leads 10C, teambinary plays 4C -> repeaters wins
  P2 Trick  8: repeaters leads JH, teambinary plays 2D -> repeaters wins
  P2 Trick  9: repeaters leads 7D, teambinary plays 8D -> teambinary wins
  P2 Trick 10: teambinary leads 7C, repeaters plays 5C -> teambinary wins
  P2 Trick 11: teambinary leads 5D, repeaters plays 6D -> repeaters wins
  P2 Trick 12: repeaters leads 5S, teambinary plays 3D -> repeaters wins
  P2 Trick 13: repeaters leads 4S, teambinary plays 4D -> repeaters wins
  Result: repeaters 9 - 4 teambinary
  Winner: repeaters

============================================================
Game 84
============================================================
Players: teambinary vs repeaters
Trump suit: H
Face-up card: 4H
teambinary hand: 7C JC 3D 8D 9D JD AD 10H 2S 3S 5S 6S 8S
repeaters hand: 2C 3C 5C 8C 10C AC 2D 10D 2H 3H 5H JH JS
  P1 Trick  1: teambinary leads JC, repeaters plays AC -> repeaters wins
  P1 Trick  2: repeaters leads 2C, teambinary plays 7C -> teambinary wins
  P1 Trick  3: teambinary leads 9C, repeaters plays 10C -> repeaters wins
  P1 Trick  4: repeaters leads AH, teambinary plays 10H -> repeaters wins
  P1 Trick  5: repeaters leads QH, teambinary plays KH -> teambinary wins
  P1 Trick  6: teambinary leads AD, repeaters plays 2D -> teambinary wins
  P1 Trick  7: teambinary leads JD, repeaters plays 10D -> teambinary wins
  P1 Trick  8: teambinary leads 6C, repeaters plays 8C -> repeaters wins
  P1 Trick  9: repeaters leads 3C, teambinary plays 6H -> teambinary wins
  P1 Trick 10: teambinary leads 9D, repeaters plays QD -> repeaters wins
  P1 Trick 11: repeaters leads JH, teambinary plays 9H -> repeaters wins
  P1 Trick 12: repeaters leads 4C, teambinary plays 3D -> repeaters wins
  P1 Trick 13: repeaters leads 7H, teambinary plays 4D -> repeaters wins

--- Phase 2 (Scoring) ---
  P2 Trick  1: repeaters leads 5C, teambinary plays 8H -> teambinary wins
  P2 Trick  2: teambinary leads AS, repeaters plays 7S -> teambinary wins
  P2 Trick  3: teambinary leads 10S, repeaters plays JS -> repeaters wins
  P2 Trick  4: repeaters leads 9S, teambinary plays 2S -> repeaters wins
  P2 Trick  5: repeaters leads QC, teambinary plays 3S -> repeaters wins
  P2 Trick  6: repeaters leads QS, teambinary plays 4S -> repeaters wins
  P2 Trick  7: repeaters leads KS, teambinary plays 5S -> repeaters wins
  P2 Trick  8: repeaters leads KD, teambinary plays 5D -> repeaters wins
  P2 Trick  9: repeaters leads KC, teambinary plays 6S -> repeaters wins
  P2 Trick 10: repeaters leads 5H, teambinary plays 6D -> repeaters wins
  P2 Trick 11: repeaters leads 4H, teambinary plays 7D -> repeaters wins
  P2 Trick 12: repeaters leads 3H, teambinary plays 8D -> repeaters wins
  P2 Trick 13: repeaters leads 2H, teambinary plays 8S -> repeaters wins
  Result: teambinary 2 - 11 repeaters
  Winner: repeaters

============================================================
Game 85
============================================================
Players: repeaters vs teambinary
Trump suit: S
Face-up card: 5S
repeaters hand: 4C 5C 7C 2D JD 3H 4H 8H 9H JH AH 8S QS
teambinary hand: 9C JC QC 4D 9D KD 5H 10H 4S 6S 7S 9S AS
  P1 Trick  1: repeaters leads QS, teambinary plays AS -> teambinary wins
  P1 Trick  2: teambinary leads 10H, repeaters plays JH -> repeaters wins
  P1 Trick  3: repeaters leads 2D, teambinary plays 4D -> teambinary wins
  P1 Trick  4: teambinary leads 7H, repeaters plays 3H -> teambinary wins
  P1 Trick  5: teambinary leads 5H, repeaters plays 8H -> repeaters wins
  P1 Trick  6: repeaters leads 8S, teambinary plays 9S -> teambinary wins
  P1 Trick  7: teambinary leads KH, repeaters plays 4H -> teambinary wins
  P1 Trick  8: teambinary leads 2H, repeaters plays 6H -> repeaters wins
  P1 Trick  9: repeaters leads 4C, teambinary plays 9C -> teambinary wins
  P1 Trick 10: teambinary leads QC, repeaters plays 5C -> teambinary wins
  P1 Trick 11: teambinary leads JC, repeaters plays 2C -> teambinary wins
  P1 Trick 12: teambinary leads AC, repeaters plays 6C -> teambinary wins
  P1 Trick 13: teambinary leads 10C, repeaters plays 3C -> teambinary wins

--- Phase 2 (Scoring) ---
  P2 Trick  1: teambinary leads KD, repeaters plays AD -> repeaters wins
  P2 Trick  2: repeaters leads 7C, teambinary plays 3S -> teambinary wins
  P2 Trick  3: teambinary leads KS, repeaters plays 2S -> teambinary wins
  P2 Trick  4: teambinary leads 9D, repeaters plays 10D -> repeaters wins
  P2 Trick  5: repeaters leads 8C, teambinary plays 4S -> teambinary wins
  P2 Trick  6: teambinary leads 8D, repeaters plays JD -> repeaters wins
  P2 Trick  7: repeaters leads 9H, teambinary plays 5S -> teambinary wins
  P2 Trick  8: teambinary leads 7S, repeaters plays 10S -> repeaters wins
  P2 Trick  9: repeaters leads QD, teambinary plays 3D -> repeaters wins
  P2 Trick 10: repeaters leads QH, teambinary plays 6S -> teambinary wins
  P2 Trick 11: teambinary leads 7D, repeaters plays JS -> repeaters wins
  P2 Trick 12: repeaters leads KC, teambinary plays 5D -> repeaters wins
  P2 Trick 13: repeaters leads AH, teambinary plays 6D -> repeaters wins
  Result: repeaters 8 - 5 teambinary
  Winner: repeaters

============================================================
Game 86
============================================================
Players: teambinary vs repeaters
Trump suit: H
Face-up card: 10H
teambinary hand: 9C 10C KC 8D 10D QD KD AD 7H 9H QH 2S AS
repeaters hand: 2C 3C 7C JC 2D 5D JD 2H 5H 5S 6S JS QS
  P1 Trick  1: teambinary leads AS, repeaters plays 5S -> teambinary wins
  P1 Trick  2: teambinary leads 2S, repeaters plays 6S -> repeaters wins
  P1 Trick  3: repeaters leads 5H, teambinary plays 7H -> teambinary wins
  P1 Trick  4: teambinary leads KC, repeaters plays 2C -> teambinary wins
  P1 Trick  5: teambinary leads 9S, repeaters plays JS -> repeaters wins
  P1 Trick  6: repeaters leads 2D, teambinary plays 8D -> teambinary wins
  P1 Trick  7: teambinary leads AH, repeaters plays 2H -> teambinary wins
  P1 Trick  8: teambinary leads KS, repeaters plays 4S -> teambinary wins
  P1 Trick  9: teambinary leads QC, repeaters plays 3C -> teambinary wins
  P1 Trick 10: teambinary leads 10C, repeaters plays 4C -> teambinary wins
  P1 Trick 11: teambinary leads 9C, repeaters plays 5C -> teambinary wins
  P1 Trick 12: teambinary leads 8C, repeaters plays 6C -> teambinary wins
  P1 Trick 13: teambinary leads 8S, repeaters plays 10S -> repeaters wins

--- Phase 2 (Scoring) ---
  P2 Trick  1: repeaters leads 7C, teambinary plays 6H -> teambinary wins
  P2 Trick  2: teambinary leads AD, repeaters plays 4D -> teambinary wins
  P2 Trick  3: teambinary leads KD, repeaters plays 5D -> teambinary wins
  P2 Trick  4: teambinary leads KH, repeaters plays 3H -> teambinary wins
  P2 Trick  5: teambinary leads QH, repeaters plays 4H -> teambinary wins
  P2 Trick  6: teambinary leads QD, repeaters plays 9D -> teambinary wins
  P2 Trick  7: teambinary leads 10D, repeaters plays JD -> repeaters wins
  P2 Trick  8: repeaters leads 7S, teambinary plays 8H -> teambinary wins
  P2 Trick  9: teambinary leads 10H, repeaters plays JH -> repeaters wins
  P2 Trick 10: repeaters leads JC, teambinary plays 9H -> teambinary wins
  P2 Trick 11: teambinary leads 7D, repeaters plays 3S -> teambinary wins
  P2 Trick 12: teambinary leads 6D, repeaters plays QS -> teambinary wins
  P2 Trick 13: teambinary leads 3D, repeaters plays AC -> teambinary wins
  Result: teambinary 11 - 2 repeaters
  Winner: teambinary

============================================================
Game 87
============================================================
Players: repeaters vs teambinary
Trump suit: S
Face-up card: 5S
repeaters hand: 2C 3C 8C 10C QC 4D 6D AH 2S 8S 10S JS QS
teambinary hand: 5C 6C 7C 9C KC AC 3D 5D 7H 8H QH KH 3S
  P1 Trick  1: repeaters leads QS, teambinary plays 3S -> repeaters wins
  P1 Trick  2: repeaters leads JS, teambinary plays 3D -> repeaters wins
  P1 Trick  3: repeaters leads 2C, teambinary plays 5C -> teambinary wins
  P1 Trick  4: teambinary leads QD, repeaters plays 4D -> teambinary wins
  P1 Trick  5: teambinary leads 7D, repeaters plays 9D -> repeaters wins
  P1 Trick  6: repeaters leads 3C, teambinary plays 6C -> teambinary wins
  P1 Trick  7: teambinary leads 5D, repeaters plays 6D -> repeaters wins
  P1 Trick  8: repeaters leads 4H, teambinary plays 7H -> teambinary wins
  P1 Trick  9: teambinary leads 8D, repeaters plays 10D -> repeaters wins
  P1 Trick 10: repeaters leads AS, teambinary plays 4S -> repeaters wins
  P1 Trick 11: repeaters leads KS, teambinary plays 7S -> repeaters wins
  P1 Trick 12: repeaters leads 10S, teambinary plays JD -> repeaters wins
  P1 Trick 13: repeaters leads 9S, teambinary plays KD -> repeaters wins

--- Phase 2 (Scoring) ---
  P2 Trick  1: repeaters leads 8S, teambinary plays 2H -> repeaters wins
  P2 Trick  2: repeaters leads 8C, teambinary plays 9C -> teambinary wins
  P2 Trick  3: teambinary leads AC, repeaters plays 10C -> teambinary wins
  P2 Trick  4: teambinary leads KC, repeaters plays JC -> teambinary wins
  P2 Trick  5: teambinary leads KH, repeaters plays AH -> repeaters wins
  P2 Trick  6: repeaters leads JH, teambinary plays QH -> teambinary wins
  P2 Trick  7: teambinary leads 10H, repeaters plays 3H -> teambinary wins
  P2 Trick  8: teambinary leads 9H, repeaters plays 2S -> repeaters wins
  P2 Trick  9: repeaters leads QC, teambinary plays 4C -> repeaters wins
  P2 Trick 10: repeaters leads AD, teambinary plays 5H -> repeaters wins
  P2 Trick 11: repeaters leads 6S, teambinary plays 6H -> repeaters wins
  P2 Trick 12: repeaters leads 5S, teambinary plays 7C -> repeaters wins
  P2 Trick 13: repeaters leads 2D, teambinary plays 8H -> repeaters wins
  Result: repeaters 8 - 5 teambinary
  Winner: repeaters

============================================================
Game 88
============================================================
Players: teambinary vs repeaters
Trump suit: D
Face-up card: QD
teambinary hand: 2C 4C 5C 6C 7C 9C 10C AC 7D 5H 10H JH QH
repeaters hand: 3C 8C 8D 10D 3H 4H 9H AH 4S 6S 8S 9S 10S
  P1 Trick  1: teambinary leads QH, repeaters plays AH -> repeaters wins
  P1 Trick  2: repeaters leads 3C, teambinary plays 4C -> teambinary wins
  P1 Trick  3: teambinary leads QS, repeaters plays 4S -> teambinary wins
  P1 Trick  4: teambinary leads 2S, repeaters plays 6S -> repeaters wins
  P1 Trick  5: repeaters leads AD, teambinary plays 7D -> repeaters wins
  P1 Trick  6: repeaters leads QD, teambinary plays 4D -> repeaters wins
  P1 Trick  7: repeaters leads JD, teambinary plays 5S -> repeaters wins
  P1 Trick  8: repeaters leads 2H, teambinary plays 5H -> teambinary wins
  P1 Trick  9: teambinary leads KS, repeaters plays 8S -> teambinary wins
  P1 Trick 10: teambinary leads 7S, repeaters plays 9S -> repeaters wins
  P1 Trick 11: repeaters leads 10D, teambinary plays 2D -> repeaters wins
  P1 Trick 12: repeaters leads 9D, teambinary plays 3D -> repeaters wins
  P1 Trick 13: repeaters leads KD, teambinary plays 3S -> repeaters wins

--- Phase 2 (Scoring) ---
  P2 Trick  1: repeaters leads 8H, teambinary plays 10H -> teambinary wins
  P2 Trick  2: teambinary leads AC, repeaters plays 8C -> teambinary wins
  P2 Trick  3: teambinary leads KC, repeaters plays JC -> teambinary wins
  P2 Trick  4: teambinary leads JH, repeaters plays KH -> repeaters wins
  P2 Trick  5: repeaters leads 9H, teambinary plays 6H -> repeaters wins
  P2 Trick  6: repeaters leads 10S, teambinary plays 5D -> teambinary wins
  P2 Trick  7: teambinary leads 10C, repeaters plays QC -> repeaters wins
  P2 Trick  8: repeaters leads JS, teambinary plays 2C -> repeaters wins
  P2 Trick  9: repeaters leads AS, teambinary plays 5C -> repeaters wins
  P2 Trick 10: repeaters leads 4H, teambinary plays 7H -> teambinary wins
  P2 Trick 11: teambinary leads 9C, repeaters plays 6D -> repeaters wins
  P2 Trick 12: repeaters leads 8D, teambinary plays 6C -> repeaters wins
  P2 Trick 13: repeaters leads 3H, teambinary plays 7C -> repeaters wins
  Result: teambinary 5 - 8 repeaters
  Winner: repeaters

============================================================
Game 89
============================================================
Players: repeaters vs teambinary
Trump suit: D
Face-up card: 2D
repeaters hand: 8C QC 9D 10D 6H 8H 9H JH AH 7S 9S JS KS
teambinary hand: 9C 10C KC AC 3D 4D 6D 2H 7H 10H 2S 5S AS
  P1 Trick  1: repeaters leads 10D, teambinary plays 3D -> repeaters wins
  P1 Trick  2: repeaters leads 9D, teambinary plays 4D -> repeaters wins
  P1 Trick  3: repeaters leads 2D, teambinary plays 5D -> teambinary wins
  P1 Trick  4: teambinary leads AS, repeaters plays 7S -> teambinary wins
  P1 Trick  5: teambinary leads 10H, repeaters plays 6H -> teambinary wins
  P1 Trick  6: teambinary leads 7H, repeaters plays 8H -> repeaters wins
  P1 Trick  7: repeaters leads 4C, teambinary plays 6C -> teambinary wins
  P1 Trick  8: teambinary leads 4H, repeaters plays 9H -> repeaters wins
  P1 Trick  9: repeaters leads 3C, teambinary plays 7C -> teambinary wins
  P1 Trick 10: teambinary leads 2H, repeaters plays 3H -> repeaters wins
  P1 Trick 11: repeaters leads AD, teambinary plays 6D -> repeaters wins
  P1 Trick 12: repeaters leads KD, teambinary plays 7D -> repeaters wins
  P1 Trick 13: repeaters leads 6S, teambinary plays 10S -> teambinary wins

--- Phase 2 (Scoring) ---
  P2 Trick  1: teambinary leads AC, repeaters plays 5C -> teambinary wins
  P2 Trick  2: teambinary leads KC, repeaters plays 8C -> teambinary wins
  P2 Trick  3: teambinary leads QS, repeaters plays KS -> repeaters wins
  P2 Trick  4: repeaters leads JH, teambinary plays 5H -> repeaters wins
  P2 Trick  5: repeaters leads JS, teambinary plays 2S -> repeaters wins
  P2 Trick  6: repeaters leads QC, teambinary plays 2C -> repeaters wins
  P2 Trick  7: repeaters leads QH, teambinary plays 8D -> teambinary wins
  P2 Trick  8: teambinary leads JC, repeaters plays JD -> repeaters wins
  P2 Trick  9: repeaters leads KH, teambinary plays 3S -> repeaters wins
  P2 Trick 10: repeaters leads AH, teambinary plays 4S -> repeaters wins
  P2 Trick 11: repeaters leads 9S, teambinary plays 5S -> repeaters wins
  P2 Trick 12: repeaters leads QD, teambinary plays 9C -> repeaters wins
  P2 Trick 13: repeaters leads 8S, teambinary plays 10C -> repeaters wins
  Result: repeaters 10 - 3 teambinary
  Winner: repeaters

============================================================
Game 90
============================================================
Players: teambinary vs repeaters
Trump suit: D
Face-up card: 7D
teambinary hand: 6C 8C AC JD AD 2H 4H 7H 10H JH 3S 9S QS
repeaters hand: JC 2D 9D QD 8H QH AH 4S 5S 8S 10S JS AS
  P1 Trick  1: teambinary leads AD, repeaters plays 2D -> teambinary wins
  P1 Trick  2: teambinary leads AC, repeaters plays JC -> teambinary wins
  P1 Trick  3: teambinary leads 8C, repeaters plays 9C -> repeaters wins
  P1 Trick  4: repeaters leads 4S, teambinary plays 9S -> teambinary wins
  P1 Trick  5: teambinary leads 6C, repeaters plays 7C -> repeaters wins
  P1 Trick  6: repeaters leads 2S, teambinary plays 3S -> teambinary wins
  P1 Trick  7: teambinary leads KS, repeaters plays AS -> repeaters wins
  P1 Trick  8: repeaters leads 5S, teambinary plays QS -> teambinary wins
  P1 Trick  9: teambinary leads 10C, repeaters plays KC -> repeaters wins
  P1 Trick 10: repeaters leads 2C, teambinary plays 2H -> repeaters wins
  P1 Trick 11: repeaters leads 3C, teambinary plays 3H -> repeaters wins
  P1 Trick 12: repeaters leads KD, teambinary plays 5D -> repeaters wins
  P1 Trick 13: repeaters leads 5H, teambinary plays 6H -> teambinary wins

--- Phase 2 (Scoring) ---
  P2 Trick  1: teambinary leads KH, repeaters plays AH -> repeaters wins
  P2 Trick  2: repeaters leads 10S, teambinary plays 6S -> repeaters wins
  P2 Trick  3: repeaters leads JS, teambinary plays 6D -> teambinary wins
  P2 Trick  4: teambinary leads QC, repeaters plays 4C -> teambinary wins
  P2 Trick  5: teambinary leads JH, repeaters plays QH -> repeaters wins
  P2 Trick  6: repeaters leads 8S, teambinary plays 7D -> teambinary wins
  P2 Trick  7: teambinary leads JD, repeaters plays QD -> repeaters wins
  P2 Trick  8: repeaters leads 10D, teambinary plays 8D -> repeaters wins
  P2 Trick  9: repeaters leads 9D, teambinary plays 4H -> repeaters wins
  P2 Trick 10: repeaters leads 4D, teambinary plays 5C -> repeaters wins
  P2 Trick 11: repeaters leads 3D, teambinary plays 7H -> repeaters wins
  P2 Trick 12: repeaters leads 7S, teambinary plays 9H -> repeaters wins
  P2 Trick 13: repeaters leads 8H, teambinary plays 10H -> teambinary wins
  Result: teambinary 4 - 9 repeaters
  Winner: repeaters

============================================================
Game 91
============================================================
Players: repeaters vs teambinary
Trump suit: C
Face-up card: 4C
repeaters hand: 8C 10C JC 6D 8D 5H 9H QH KH 3S 6S 7S JS
teambinary hand: 3C 7C 2D 7D JD QD AD 3H 6H 8H 10H AH 4S
  P1 Trick  1: repeaters leads JC, teambinary plays 3C -> repeaters wins
  P1 Trick  2: repeaters leads 3S, teambinary plays 4S -> teambinary wins
  P1 Trick  3: teambinary leads 5S, repeaters plays 6S -> repeaters wins
  P1 Trick  4: repeaters leads 10C, teambinary plays 7C -> repeaters wins
  P1 Trick  5: repeaters leads 5H, teambinary plays 6H -> teambinary wins
  P1 Trick  6: teambinary leads 2S, repeaters plays 7S -> repeaters wins
  P1 Trick  7: repeaters leads 8C, teambinary plays AC -> teambinary wins
  P1 Trick  8: teambinary leads KS, repeaters plays 9S -> teambinary wins
  P1 Trick  9: teambinary leads AS, repeaters plays JS -> teambinary wins
  P1 Trick 10: teambinary leads 10S, repeaters plays QS -> repeaters wins
  P1 Trick 11: repeaters leads 3D, teambinary plays 4D -> teambinary wins
  P1 Trick 12: teambinary leads AD, repeaters plays 5D -> teambinary wins
  P1 Trick 13: teambinary leads QD, repeaters plays 6D -> teambinary wins

--- Phase 2 (Scoring) ---
  P2 Trick  1: teambinary leads AH, repeaters plays 4H -> teambinary wins
  P2 Trick  2: teambinary leads JD, repeaters plays KD -> repeaters wins
  P2 Trick  3: repeaters leads KC, teambinary plays 2C -> repeaters wins
  P2 Trick  4: repeaters leads QC, teambinary plays 2D -> repeaters wins
  P2 Trick  5: repeaters leads 8D, teambinary plays 9D -> teambinary wins
  P2 Trick  6: teambinary leads JH, repeaters plays QH -> repeaters wins
  P2 Trick  7: repeaters leads 9H, teambinary plays 10H -> teambinary wins
  P2 Trick  8: teambinary leads 8H, repeaters plays KH -> repeaters wins
  P2 Trick  9: repeaters leads 10D, teambinary plays 7D -> repeaters wins
  P2 Trick 10: repeaters leads 9C, teambinary plays 2H -> repeaters wins
  P2 Trick 11: repeaters leads 6C, teambinary plays 3H -> repeaters wins
  P2 Trick 12: repeaters leads 5C, teambinary plays 7H -> repeaters wins
  P2 Trick 13: repeaters leads 4C, teambinary plays 8S -> repeaters wins
  Result: repeaters 10 - 3 teambinary
  Winner: repeaters

============================================================
Game 92
============================================================
Players: teambinary vs repeaters
Trump suit: H
Face-up card: 4H
teambinary hand: 3C 5C QC QD KD 5H 8H JH KH 8S 10S QS AS
repeaters hand: 2C 4C 6C 8C KC 8D 2H 7H AH 3S 4S 5S JS
  P1 Trick  1: teambinary leads KD, repeaters plays 8D -> teambinary wins
  P1 Trick  2: teambinary leads QD, repeaters plays AD -> repeaters wins
  P1 Trick  3: repeaters leads AH, teambinary plays 4H -> repeaters wins
  P1 Trick  4: repeaters leads 2C, teambinary plays 3C -> teambinary wins
  P1 Trick  5: teambinary leads QC, repeaters plays 4C -> teambinary wins
  P1 Trick  6: teambinary leads 5C, repeaters plays 6C -> repeaters wins
  P1 Trick  7: repeaters leads 3S, teambinary plays 7S -> teambinary wins
  P1 Trick  8: teambinary leads 4D, repeaters plays JD -> repeaters wins
  P1 Trick  9: repeaters leads 10H, teambinary plays JH -> teambinary wins
  P1 Trick 10: teambinary leads 3D, repeaters plays 2D -> teambinary wins
  P1 Trick 11: teambinary leads 7D, repeaters plays 10D -> repeaters wins
  P1 Trick 12: repeaters leads 4S, teambinary plays 8S -> teambinary wins
  P1 Trick 13: teambinary leads 9C, repeaters plays 8C -> teambinary wins

--- Phase 2 (Scoring) ---
  P2 Trick  1: teambinary leads AS, repeaters plays 5S -> teambinary wins
  P2 Trick  2: teambinary leads KH, repeaters plays 2H -> teambinary wins
  P2 Trick  3: teambinary leads QS, repeaters plays KS -> repeaters wins
  P2 Trick  4: repeaters leads 7C, teambinary plays 3H -> teambinary wins
  P2 Trick  5: teambinary leads QH, repeaters plays 7H -> teambinary wins
  P2 Trick  6: teambinary leads 10S, repeaters plays JS -> repeaters wins
  P2 Trick  7: repeaters leads 9D, teambinary plays 5D -> repeaters wins
  P2 Trick  8: repeaters leads 10C, teambinary plays 5H -> teambinary wins
  P2 Trick  9: teambinary leads 9S, repeaters plays 6S -> teambinary wins
  P2 Trick 10: teambinary leads 8H, repeaters plays 9H -> repeaters wins
  P2 Trick 11: repeaters leads JC, teambinary plays 6H -> teambinary wins
  P2 Trick 12: teambinary leads 6D, repeaters plays KC -> teambinary wins
  P2 Trick 13: teambinary leads 2S, repeaters plays AC -> teambinary wins
  Result: teambinary 9 - 4 repeaters
  Winner: teambinary

============================================================
Game 93
============================================================
Players: repeaters vs teambinary
Trump suit: D
Face-up card: 6D
repeaters hand: 2C 3C 7D 10D QD AD 5H 6H JH QH KH 7S QS
teambinary hand: 7C 10C JC QC KC 2D 4D 5D 8D 9D 9S JS KS
  P1 Trick  1: repeaters leads AD, teambinary plays 2D -> repeaters wins
  P1 Trick  2: repeaters leads 2C, teambinary plays 7C -> teambinary wins
  P1 Trick  3: teambinary leads 2H, repeaters plays 5H -> repeaters wins
  P1 Trick  4: repeaters leads 3C, teambinary plays 9C -> teambinary wins
  P1 Trick  5: teambinary leads 10H, repeaters plays 3H -> teambinary wins
  P1 Trick  6: teambinary leads KC, repeaters plays 5C -> teambinary wins
  P1 Trick  7: teambinary leads AC, repeaters plays 6D -> repeaters wins
  P1 Trick  8: repeaters leads 6H, teambinary plays 4C -> repeaters wins
  P1 Trick  9: repeaters leads 6S, teambinary plays 8S -> teambinary wins
  P1 Trick 10: teambinary leads 7H, repeaters plays 8H -> repeaters wins
  P1 Trick 11: repeaters leads 4S, teambinary plays 5S -> teambinary wins
  P1 Trick 12: teambinary leads 4H, repeaters plays 9H -> repeaters wins
  P1 Trick 13: repeaters leads QD, teambinary plays KD -> teambinary wins

--- Phase 2 (Scoring) ---
  P2 Trick  1: teambinary leads AH, repeaters plays JH -> teambinary wins
  P2 Trick  2: teambinary leads KS, repeaters plays AS -> repeaters wins
  P2 Trick  3: repeaters leads 8C, teambinary plays 10C -> teambinary wins
  P2 Trick  4: teambinary leads QC, repeaters plays 3D -> repeaters wins
  P2 Trick  5: repeaters leads 10S, teambinary plays JS -> teambinary wins
  P2 Trick  6: teambinary leads JC, repeaters plays 7D -> repeaters wins
  P2 Trick  7: repeaters leads QS, teambinary plays 9S -> repeaters wins
  P2 Trick  8: repeaters leads QH, teambinary plays 4D -> teambinary wins
  P2 Trick  9: teambinary leads JD, repeaters plays 10D -> teambinary wins
  P2 Trick 10: teambinary leads 9D, repeaters plays 2S -> teambinary wins
  P2 Trick 11: teambinary leads 8D, repeaters plays 3S -> teambinary wins
  P2 Trick 12: teambinary leads 6C, repeaters plays 7S -> teambinary wins
  P2 Trick 13: teambinary leads 5D, repeaters plays KH -> teambinary wins
  Result: repeaters 4 - 9 teambinary
  Winner: teambinary

============================================================
Game 94
============================================================
Players: teambinary vs repeaters
Trump suit: C
Face-up card: 5C
teambinary hand: 3D 5D 9D JD 3H 6H 7H 9H 10H KH 5S QS KS
repeaters hand: 2C 10C AC 7D 8D KD AD 2H 8H QH 3S 6S 7S
  P1 Trick  1: teambinary leads KS, repeaters plays 3S -> teambinary wins
  P1 Trick  2: teambinary leads QS, repeaters plays 6S -> teambinary wins
  P1 Trick  3: teambinary leads 5S, repeaters plays 7S -> repeaters wins
  P1 Trick  4: repeaters leads AC, teambinary plays 5C -> repeaters wins
  P1 Trick  5: repeaters leads KC, teambinary plays 7C -> repeaters wins
  P1 Trick  6: repeaters leads 10C, teambinary plays 9C -> repeaters wins
  P1 Trick  7: repeaters leads 4C, teambinary plays 2S -> repeaters wins
  P1 Trick  8: repeaters leads 2H, teambinary plays 3H -> teambinary wins
  P1 Trick  9: teambinary leads 8S, repeaters plays 4D -> teambinary wins
  P1 Trick 10: teambinary leads 9S, repeaters plays 2C -> repeaters wins
  P1 Trick 11: repeaters leads JC, teambinary plays 4S -> repeaters wins
  P1 Trick 12: repeaters leads 8C, teambinary plays 2D -> repeaters wins
  P1 Trick 13: repeaters leads QC, teambinary plays 10S -> repeaters wins

--- Phase 2 (Scoring) ---
  P2 Trick  1: repeaters leads 6D, teambinary plays 9D -> teambinary wins
  P2 Trick  2: teambinary leads AH, repeaters plays 5H -> teambinary wins
  P2 Trick  3: teambinary leads KH, repeaters plays 8H -> teambinary wins
  P2 Trick  4: teambinary leads JD, repeaters plays QD -> repeaters wins
  P2 Trick  5: repeaters leads 7D, teambinary plays 10D -> teambinary wins
  P2 Trick  6: teambinary leads 10H, repeaters plays JH -> repeaters wins
  P2 Trick  7: repeaters leads 8D, teambinary plays 3D -> repeaters wins
  P2 Trick  8: repeaters leads JS, teambinary plays 3C -> teambinary wins
  P2 Trick  9: teambinary leads 9H, repeaters plays QH -> repeaters wins
  P2 Trick 10: repeaters leads KD, teambinary plays 5D -> repeaters wins
  P2 Trick 11: repeaters leads AD, teambinary plays 4H -> repeaters wins
  P2 Trick 12: repeaters leads AS, teambinary plays 6H -> repeaters wins
  P2 Trick 13: repeaters leads 6C, teambinary plays 7H -> repeaters wins
  Result: teambinary 5 - 8 repeaters
  Winner: repeaters

============================================================
Game 95
============================================================
Players: repeaters vs teambinary
Trump suit: D
Face-up card: 3D
repeaters hand: 3C 8C 10C QC KC 2D 6D QD 2H 8H JH 2S KS
teambinary hand: 6C 7C 9C AC 10D 5H 9H AH 4S 5S 6S 8S 9S
  P1 Trick  1: repeaters leads QD, teambinary plays 10D -> repeaters wins
  P1 Trick  2: repeaters leads 6D, teambinary plays AD -> teambinary wins
  P1 Trick  3: teambinary leads AH, repeaters plays 2H -> teambinary wins
  P1 Trick  4: teambinary leads 9H, repeaters plays JH -> repeaters wins
  P1 Trick  5: repeaters leads 2S, teambinary plays 4S -> teambinary wins
  P1 Trick  6: teambinary leads 5H, repeaters plays 8H -> repeaters wins
  P1 Trick  7: repeaters leads 7D, teambinary plays 9D -> teambinary wins
  P1 Trick  8: teambinary leads AC, repeaters plays 3C -> teambinary wins
  P1 Trick  9: teambinary leads 3H, repeaters plays 4H -> repeaters wins
  P1 Trick 10: repeaters leads KD, teambinary plays 5D -> repeaters wins
  P1 Trick 11: repeaters leads 3S, teambinary plays 5S -> teambinary wins
  P1 Trick 12: teambinary leads KH, repeaters plays 6H -> teambinary wins
  P1 Trick 13: teambinary leads AS, repeaters plays QS -> teambinary wins

--- Phase 2 (Scoring) ---
  P2 Trick  1: teambinary leads JS, repeaters plays KS -> repeaters wins
  P2 Trick  2: repeaters leads JD, teambinary plays 8D -> repeaters wins
  P2 Trick  3: repeaters leads 10S, teambinary plays 6S -> repeaters wins
  P2 Trick  4: repeaters leads QC, teambinary plays 2C -> repeaters wins
  P2 Trick  5: repeaters leads QH, teambinary plays 10H -> repeaters wins
  P2 Trick  6: repeaters leads KC, teambinary plays 4C -> repeaters wins
  P2 Trick  7: repeaters leads 10C, teambinary plays JC -> teambinary wins
  P2 Trick  8: teambinary leads 9C, repeaters plays 5C -> teambinary wins
  P2 Trick  9: teambinary leads 9S, repeaters plays 2D -> repeaters wins
  P2 Trick 10: repeaters leads 4D, teambinary plays 6C -> repeaters wins
  P2 Trick 11: repeaters leads 3D, teambinary plays 7C -> repeaters wins
  P2 Trick 12: repeaters leads 7H, teambinary plays 7S -> repeaters wins
  P2 Trick 13: repeaters leads 8C, teambinary plays 8S -> repeaters wins
  Result: repeaters 11 - 2 teambinary
  Winner: repeaters

============================================================
Game 96
============================================================
Players: teambinary vs repeaters
Trump suit: S
Face-up card: 9S
teambinary hand: 4C 5C 8C 6D KD AD 9H 10H AH 6S 8S JS QS
repeaters hand: 7C 2D 4D 9D 10D JD QD 2H 5H JH 2S 10S KS
  P1 Trick  1: teambinary leads AH, repeaters plays 2H -> teambinary wins
  P1 Trick  2: teambinary leads 10H, repeaters plays JH -> repeaters wins
  P1 Trick  3: repeaters leads KS, teambinary plays 6S -> repeaters wins
  P1 Trick  4: repeaters leads AS, teambinary plays 8S -> repeaters wins
  P1 Trick  5: repeaters leads 2D, teambinary plays 6D -> teambinary wins
  P1 Trick  6: teambinary leads AD, repeaters plays 4D -> teambinary wins
  P1 Trick  7: teambinary leads KD, repeaters plays 7D -> teambinary wins
  P1 Trick  8: teambinary leads 3D, repeaters plays 9D -> repeaters wins
  P1 Trick  9: repeaters leads 10S, teambinary plays JS -> teambinary wins
  P1 Trick 10: teambinary leads 9H, repeaters plays 3H -> teambinary wins
  P1 Trick 11: teambinary leads 8H, repeaters plays QH -> repeaters wins
  P1 Trick 12: repeaters leads 7S, teambinary plays 9S -> teambinary wins
  P1 Trick 13: teambinary leads KH, repeaters plays 5H -> teambinary wins

--- Phase 2 (Scoring) ---
  P2 Trick  1: teambinary leads AC, repeaters plays 2C -> teambinary wins
  P2 Trick  2: teambinary leads KC, repeaters plays 6C -> teambinary wins
  P2 Trick  3: teambinary leads QS, repeaters plays 2S -> teambinary wins
  P2 Trick  4: teambinary leads QC, repeaters plays 7C -> teambinary wins
  P2 Trick  5: teambinary leads 10C, repeaters plays JC -> repeaters wins
  P2 Trick  6: repeaters leads 6H, teambinary plays 7H -> teambinary wins
  P2 Trick  7: teambinary leads 9C, repeaters plays 3S -> repeaters wins
  P2 Trick  8: repeaters leads 10D, teambinary plays 5D -> repeaters wins
  P2 Trick  9: repeaters leads JD, teambinary plays 3C -> repeaters wins
  P2 Trick 10: repeaters leads QD, teambinary plays 4C -> repeaters wins
  P2 Trick 11: repeaters leads 5S, teambinary plays 4H -> repeaters wins
  P2 Trick 12: repeaters leads 4S, teambinary plays 5C -> repeaters wins
  P2 Trick 13: repeaters leads 8D, teambinary plays 8C -> repeaters wins
  Result: teambinary 5 - 8 repeaters
  Winner: repeaters

============================================================
Game 97
============================================================
Players: repeaters vs teambinary
Trump suit: C
Face-up card: 2C
repeaters hand: 4C JC 4D 7D 8D 9D JD 3H 6H 8H JH AH 2S
teambinary hand: 3C 9C 3D 5D 7H QH 4S 5S 7S 9S JS KS AS
  P1 Trick  1: repeaters leads JC, teambinary plays 3C -> repeaters wins
  P1 Trick  2: repeaters leads 4C, teambinary plays 9C -> teambinary wins
  P1 Trick  3: teambinary leads 5D, repeaters plays 7D -> repeaters wins
  P1 Trick  4: repeaters leads 2S, teambinary plays 4S -> teambinary wins
  P1 Trick  5: teambinary leads QD, repeaters plays 4D -> teambinary wins
  P1 Trick  6: teambinary leads 3D, repeaters plays 8D -> repeaters wins
  P1 Trick  7: repeaters leads 3H, teambinary plays 5H -> teambinary wins
  P1 Trick  8: teambinary leads AS, repeaters plays 8S -> teambinary wins
  P1 Trick  9: teambinary leads KS, repeaters plays 10S -> teambinary wins
  P1 Trick 10: teambinary leads JS, repeaters plays QS -> repeaters wins
  P1 Trick 11: repeaters leads 10C, teambinary plays QC -> teambinary wins
  P1 Trick 12: teambinary leads 6D, repeaters plays 2D -> teambinary wins
  P1 Trick 13: teambinary leads 9S, repeaters plays 6S -> teambinary wins

--- Phase 2 (Scoring) ---
  P2 Trick  1: teambinary leads AD, repeaters plays 9D -> teambinary wins
  P2 Trick  2: teambinary leads KH, repeaters plays AH -> repeaters wins
  P2 Trick  3: repeaters leads 10D, teambinary plays 6C -> teambinary wins
  P2 Trick  4: teambinary leads KC, repeaters plays AC -> repeaters wins
  P2 Trick  5: repeaters leads JH, teambinary plays QH -> teambinary wins
  P2 Trick  6: teambinary leads 10H, repeaters plays 4H -> teambinary wins
  P2 Trick  7: teambinary leads 9H, repeaters plays 6H -> teambinary wins
  P2 Trick  8: teambinary leads 8C, repeaters plays 2C -> teambinary wins
  P2 Trick  9: teambinary leads 7S, repeaters plays 5C -> repeaters wins
  P2 Trick 10: repeaters leads 8H, teambinary plays 2H -> repeaters wins
  P2 Trick 11: repeaters leads JD, teambinary plays 3S -> repeaters wins
  P2 Trick 12: repeaters leads KD, teambinary plays 5S -> repeaters wins
  P2 Trick 13: repeaters leads 7C, teambinary plays 7H -> repeaters wins
  Result: repeaters 7 - 6 teambinary
  Winner: repeaters

============================================================
Game 98
============================================================
Players: teambinary vs repeaters
Trump suit: D
Face-up card: AD
teambinary hand: 2C 5C 6C 7C 8C QC 2D 4D 7D QD KH 4S 10S
repeaters hand: 3C 4C JC AC 5D JD 2H 4H 10H 2S 6S 9S QS
  P1 Trick  1: teambinary leads KH, repeaters plays 2H -> teambinary wins
  P1 Trick  2: teambinary leads AD, repeaters plays 5D -> teambinary wins
  P1 Trick  3: teambinary leads 10S, repeaters plays QS -> repeaters wins
  P1 Trick  4: repeaters leads JD, teambinary plays QD -> teambinary wins
  P1 Trick  5: teambinary leads QH, repeaters plays 4H -> teambinary wins
  P1 Trick  6: teambinary leads 5H, repeaters plays 7H -> repeaters wins
  P1 Trick  7: repeaters leads 10D, teambinary plays KD -> teambinary wins
  P1 Trick  8: teambinary leads JH, repeaters plays 3H -> teambinary wins
  P1 Trick  9: teambinary leads 4S, repeaters plays 2S -> teambinary wins
  P1 Trick 10: teambinary leads 5S, repeaters plays 6S -> repeaters wins
  P1 Trick 11: repeaters leads 6D, teambinary plays 7D -> teambinary wins
  P1 Trick 12: teambinary leads AS, repeaters plays 8S -> teambinary wins
  P1 Trick 13: teambinary leads 3S, repeaters plays 9S -> repeaters wins

--- Phase 2 (Scoring) ---
  P2 Trick  1: repeaters leads 6H, teambinary plays 9H -> teambinary wins
  P2 Trick  2: teambinary leads KC, repeaters plays AC -> repeaters wins
  P2 Trick  3: repeaters leads 7S, teambinary plays 2D -> teambinary wins
  P2 Trick  4: teambinary leads QC, repeaters plays 3C -> teambinary wins
  P2 Trick  5: teambinary leads 10C, repeaters plays JC -> repeaters wins
  P2 Trick  6: repeaters leads 8H, teambinary plays 4D -> teambinary wins
  P2 Trick  7: teambinary leads 9D, repeaters plays 3D -> teambinary wins
  P2 Trick  8: teambinary leads 8C, repeaters plays 9C -> repeaters wins
  P2 Trick  9: repeaters leads 10H, teambinary plays 8D -> teambinary wins
  P2 Trick 10: teambinary leads 7C, repeaters plays 4C -> teambinary wins
  P2 Trick 11: teambinary leads 6C, repeaters plays JS -> teambinary wins
  P2 Trick 12: teambinary leads 5C, repeaters plays KS -> teambinary wins
  P2 Trick 13: teambinary leads 2C, repeaters plays AH -> teambinary wins
  Result: teambinary 10 - 3 repeaters
  Winner: teambinary

============================================================
Game 99
============================================================
Players: repeaters vs teambinary
Trump suit: H
Face-up card: JH
repeaters hand: 6C 2D 6D 8D JD KD 7H QH AH 2S 8S 9S AS
teambinary hand: 2C 3C 4C 5C 7C 8C KC 3D 4D 7D 3H 9H 5S
  P1 Trick  1: repeaters leads AH, teambinary plays 3H -> repeaters wins
  P1 Trick  2: repeaters leads QH, teambinary plays 9H -> repeaters wins
  P1 Trick  3: repeaters leads JH, teambinary plays 10H -> repeaters wins
  P1 Trick  4: repeaters leads 8H, teambinary plays 5S -> repeaters wins
  P1 Trick  5: repeaters leads 7H, teambinary plays 10S -> repeaters wins
  P1 Trick  6: repeaters leads 4H, teambinary plays 3D -> repeaters wins
  P1 Trick  7: repeaters leads 6H, teambinary plays 4D -> repeaters wins
  P1 Trick  8: repeaters leads AS, teambinary plays 7D -> repeaters wins
  P1 Trick  9: repeaters leads 2S, teambinary plays 9D -> repeaters wins
  P1 Trick 10: repeaters leads AD, teambinary plays 10D -> repeaters wins
  P1 Trick 11: repeaters leads 2H, teambinary plays 4S -> repeaters wins
  P1 Trick 12: repeaters leads 5H, teambinary plays 6S -> repeaters wins
  P1 Trick 13: repeaters leads 2D, teambinary plays QD -> teambinary wins

--- Phase 2 (Scoring) ---
  P2 Trick  1: teambinary leads AC, repeaters plays 6C -> teambinary wins
  P2 Trick  2: teambinary leads KC, repeaters plays JC -> teambinary wins
  P2 Trick  3: teambinary leads KH, repeaters plays 3S -> teambinary wins
  P2 Trick  4: teambinary leads QS, repeaters plays KS -> repeaters wins
  P2 Trick  5: repeaters leads 8S, teambinary plays 7S -> repeaters wins
  P2 Trick  6: repeaters leads 9S, teambinary plays 2C -> repeaters wins
  P2 Trick  7: repeaters leads JS, teambinary plays 3C -> repeaters wins
  P2 Trick  8: repeaters leads QC, teambinary plays 4C -> repeaters wins
  P2 Trick  9: repeaters leads KD, teambinary plays 5C -> repeaters wins
  P2 Trick 10: repeaters leads JD, teambinary plays 7C -> repeaters wins
  P2 Trick 11: repeaters leads 8D, teambinary plays 8C -> repeaters wins
  P2 Trick 12: repeaters leads 6D, teambinary plays 9C -> repeaters wins
  P2 Trick 13: repeaters leads 5D, teambinary plays 10C -> repeaters wins
  Result: repeaters 10 - 3 teambinary
  Winner: repeaters

============================================================
Game 100
============================================================
Players: teambinary vs repeaters
Trump suit: S
Face-up card: 9S
teambinary hand: 3D 4D 5D 6D 10D 4H 6H 8H 10H 4S 6S JS QS
repeaters hand: 4C 6C 7C 8C 9C JC QC 7D 2H 7H 3S 5S KS
  P1 Trick  1: teambinary leads 10H, repeaters plays 2H -> teambinary wins
  P1 Trick  2: teambinary leads 8H, repeaters plays 7H -> teambinary wins
  P1 Trick  3: teambinary leads 6H, repeaters plays 4C -> teambinary wins
  P1 Trick  4: teambinary leads 4H, repeaters plays 5H -> repeaters wins
  P1 Trick  5: repeaters leads KS, teambinary plays 4S -> repeaters wins
  P1 Trick  6: repeaters leads 2C, teambinary plays 10C -> teambinary wins
  P1 Trick  7: teambinary leads 10D, repeaters plays KD -> repeaters wins
  P1 Trick  8: repeaters leads 5S, teambinary plays 6S -> teambinary wins
  P1 Trick  9: teambinary leads AH, repeaters plays QH -> teambinary wins
  P1 Trick 10: teambinary leads 3H, repeaters plays 3S -> repeaters wins
  P1 Trick 11: repeaters leads 2S, teambinary plays 8S -> teambinary wins
  P1 Trick 12: teambinary leads JH, repeaters plays 3C -> teambinary wins
  P1 Trick 13: teambinary leads KH, repeaters plays 9H -> teambinary wins

--- Phase 2 (Scoring) ---
  P2 Trick  1: teambinary leads QS, repeaters plays AS -> repeaters wins
  P2 Trick  2: repeaters leads JC, teambinary plays 7S -> teambinary wins
  P2 Trick  3: teambinary leads JS, repeaters plays 5C -> teambinary wins
  P2 Trick  4: teambinary leads JD, repeaters plays QD -> repeaters wins
  P2 Trick  5: repeaters leads QC, teambinary plays 9S -> teambinary wins
  P2 Trick  6: teambinary leads 10S, repeaters plays 6C -> teambinary wins
  P2 Trick  7: teambinary leads 9D, repeaters plays AD -> repeaters wins
  P2 Trick  8: repeaters leads KC, teambinary plays 2D -> repeaters wins
  P2 Trick  9: repeaters leads AC, teambinary plays 3D -> repeaters wins
  P2 Trick 10: repeaters leads 9C, teambinary plays 4D -> repeaters wins
  P2 Trick 11: repeaters leads 8C, teambinary plays 5D -> repeaters wins
  P2 Trick 12: repeaters leads 7D, teambinary plays 8D -> teambinary wins
  P2 Trick 13: teambinary leads 6D, repeaters plays 7C -> teambinary wins
  Result: teambinary 6 - 7 repeaters
  Winner: repeaters
