
============================================================
Game 1
============================================================
Players: rootbotz vs teambinary
Trump suit: C
Face-up card: 10C
rootbotz hand: 2C 5C 3D JD 4H 5H 7H JH QH 4S 8S JS KS
teambinary hand: 7C 9C AC 4D 7D 8D 10D 6H 10H 2S 6S 7S AS
  P1 Trick  1: rootbotz leads 5C, teambinary plays 7C -> teambinary wins
  P1 Trick  2: teambinary leads 10H, rootbotz plays 4H -> teambinary wins
  P1 Trick  3: teambinary leads 6H, rootbotz plays 5H -> teambinary wins
  P1 Trick  4: teambinary leads AS, rootbotz plays 4S -> teambinary wins
  P1 Trick  5: teambinary leads AC, rootbotz plays 2C -> teambinary wins
  P1 Trick  6: teambinary leads 9S, rootbotz plays 8S -> teambinary wins
  P1 Trick  7: teambinary leads 7S, rootbotz plays JS -> rootbotz wins
  P1 Trick  8: rootbotz leads 2H, teambinary plays 8C -> teambinary wins
  P1 Trick  9: teambinary leads 6S, rootbotz plays QS -> rootbotz wins
  P1 Trick 10: rootbotz leads QC, teambinary plays 9C -> rootbotz wins
  P1 Trick 11: rootbotz leads KC, teambinary plays 10C -> rootbotz wins
  P1 Trick 12: rootbotz leads JC, teambinary plays 2S -> rootbotz wins
  P1 Trick 13: rootbotz leads 4C, teambinary plays 3S -> rootbotz wins

--- Phase 2 (Scoring) ---
  P2 Trick  1: rootbotz leads AH, teambinary plays 3H -> rootbotz wins
  P2 Trick  2: rootbotz leads AD, teambinary plays 2D -> rootbotz wins
  P2 Trick  3: rootbotz leads QH, teambinary plays KH -> teambinary wins
  P2 Trick  4: teambinary leads QD, rootbotz plays KD -> rootbotz wins
  P2 Trick  5: rootbotz leads JH, teambinary plays 9H -> rootbotz wins
  P2 Trick  6: rootbotz leads JD, teambinary plays 4D -> rootbotz wins
  P2 Trick  7: rootbotz leads KS, teambinary plays 10S -> rootbotz wins
  P2 Trick  8: rootbotz leads 8H, teambinary plays 5D -> rootbotz wins
  P2 Trick  9: rootbotz leads 3D, teambinary plays 6D -> teambinary wins
  P2 Trick 10: teambinary leads 10D, rootbotz plays 3C -> rootbotz wins
  P2 Trick 11: rootbotz leads 7H, teambinary plays 7D -> rootbotz wins
  P2 Trick 12: rootbotz leads 5S, teambinary plays 8D -> rootbotz wins
  P2 Trick 13: rootbotz leads 6C, teambinary plays 9D -> rootbotz wins
  Result: rootbotz 11 - 2 teambinary
  Winner: rootbotz

============================================================
Game 2
============================================================
Players: teambinary vs rootbotz
Trump suit: H
Face-up card: AH
teambinary hand: 6C 10C KC 6D 7D KD 3H 5H KH 4S JS QS KS
rootbotz hand: 5C 2D 3D 8D 9D AD 6H 8H 10H JH 8S 10S AS
  P1 Trick  1: teambinary leads KC, rootbotz plays 5C -> teambinary wins
  P1 Trick  2: teambinary leads 10C, rootbotz plays 8C -> teambinary wins
  P1 Trick  3: teambinary leads 6C, rootbotz plays 7C -> rootbotz wins
  P1 Trick  4: rootbotz leads JH, teambinary plays KH -> teambinary wins
  P1 Trick  5: teambinary leads AH, rootbotz plays 6H -> teambinary wins
  P1 Trick  6: teambinary leads QC, rootbotz plays AC -> rootbotz wins
  P1 Trick  7: rootbotz leads 2D, teambinary plays 6D -> teambinary wins
  P1 Trick  8: teambinary leads KD, rootbotz plays 3D -> teambinary wins
  P1 Trick  9: teambinary leads QD, rootbotz plays AD -> rootbotz wins
  P1 Trick 10: rootbotz leads 2S, teambinary plays 4S -> teambinary wins
  P1 Trick 11: teambinary leads 9C, rootbotz plays 2C -> teambinary wins
  P1 Trick 12: teambinary leads 10D, rootbotz plays 5D -> teambinary wins
  P1 Trick 13: teambinary leads 7D, rootbotz plays 8D -> rootbotz wins

--- Phase 2 (Scoring) ---
  P2 Trick  1: rootbotz leads AS, teambinary plays 3S -> rootbotz wins
  P2 Trick  2: rootbotz leads 10S, teambinary plays JS -> teambinary wins
  P2 Trick  3: teambinary leads KS, rootbotz plays 5S -> teambinary wins
  P2 Trick  4: teambinary leads QS, rootbotz plays 7S -> teambinary wins
  P2 Trick  5: teambinary leads QH, rootbotz plays 4H -> teambinary wins
  P2 Trick  6: teambinary leads JD, rootbotz plays 9D -> teambinary wins
  P2 Trick  7: teambinary leads 9H, rootbotz plays 10H -> rootbotz wins
  P2 Trick  8: rootbotz leads JC, teambinary plays 2H -> teambinary wins
  P2 Trick  9: teambinary leads 7H, rootbotz plays 8H -> rootbotz wins
  P2 Trick 10: rootbotz leads 9S, teambinary plays 6S -> rootbotz wins
  P2 Trick 11: rootbotz leads 4C, teambinary plays 3H -> teambinary wins
  P2 Trick 12: teambinary leads 5H, rootbotz plays 3C -> teambinary wins
  P2 Trick 13: teambinary leads 4D, rootbotz plays 8S -> teambinary wins
  Result: teambinary 9 - 4 rootbotz
  Winner: teambinary

============================================================
Game 3
============================================================
Players: rootbotz vs teambinary
Trump suit: H
Face-up card: AH
rootbotz hand: 3C JC AC 6D JD KD 3H 6H 9H KH 9S 10S QS
teambinary hand: 4C 5C 9C KC 3D 5D JH QH 2S 3S 4S 5S 6S
  P1 Trick  1: rootbotz leads KH, teambinary plays JH -> rootbotz wins
  P1 Trick  2: rootbotz leads AH, teambinary plays QH -> rootbotz wins
  P1 Trick  3: rootbotz leads 9H, teambinary plays 3D -> rootbotz wins
  P1 Trick  4: rootbotz leads 3C, teambinary plays 4C -> teambinary wins
  P1 Trick  5: teambinary leads 7D, rootbotz plays 6D -> teambinary wins
  P1 Trick  6: teambinary leads 5D, rootbotz plays 10D -> rootbotz wins
  P1 Trick  7: rootbotz leads 6H, teambinary plays 7H -> teambinary wins
  P1 Trick  8: teambinary leads AD, rootbotz plays JD -> teambinary wins
  P1 Trick  9: teambinary leads 2D, rootbotz plays QD -> rootbotz wins
  P1 Trick 10: rootbotz leads 2C, teambinary plays 5C -> teambinary wins
  P1 Trick 11: teambinary leads KC, rootbotz plays AC -> rootbotz wins
  P1 Trick 12: rootbotz leads 4H, teambinary plays 5H -> teambinary wins
  P1 Trick 13: teambinary leads 8D, rootbotz plays KD -> rootbotz wins

--- Phase 2 (Scoring) ---
  P2 Trick  1: rootbotz leads AS, teambinary plays 2S -> rootbotz wins
  P2 Trick  2: rootbotz leads QS, teambinary plays KS -> teambinary wins
  P2 Trick  3: teambinary leads 10C, rootbotz plays JC -> rootbotz wins
  P2 Trick  4: rootbotz leads JS, teambinary plays 3S -> rootbotz wins
  P2 Trick  5: rootbotz leads 10S, teambinary plays 4S -> rootbotz wins
  P2 Trick  6: rootbotz leads 9S, teambinary plays 5S -> rootbotz wins
  P2 Trick  7: rootbotz leads 8S, teambinary plays 6S -> rootbotz wins
  P2 Trick  8: rootbotz leads QC, teambinary plays 7C -> rootbotz wins
  P2 Trick  9: rootbotz leads 6C, teambinary plays 8C -> teambinary wins
  P2 Trick 10: teambinary leads 10H, rootbotz plays 2H -> teambinary wins
  P2 Trick 11: teambinary leads 9C, rootbotz plays 3H -> rootbotz wins
  P2 Trick 12: rootbotz leads 7S, teambinary plays 8H -> teambinary wins
  P2 Trick 13: teambinary leads 9D, rootbotz plays 4D -> teambinary wins
  Result: rootbotz 8 - 5 teambinary
  Winner: rootbotz

============================================================
Game 4
============================================================
Players: teambinary vs rootbotz
Trump suit: S
Face-up card: QS
teambinary hand: 5C 7C KC 5D JD QD KD 5H 2S 4S 7S 9S JS
rootbotz hand: 9C 10C AC 8D 10D AD 3H 8H 9H 10H JH 10S AS
  P1 Trick  1: teambinary leads 5H, rootbotz plays 8H -> rootbotz wins
  P1 Trick  2: rootbotz leads AS, teambinary plays 2S -> rootbotz wins
  P1 Trick  3: rootbotz leads 3H, teambinary plays QH -> teambinary wins
  P1 Trick  4: teambinary leads KC, rootbotz plays AC -> rootbotz wins
  P1 Trick  5: rootbotz leads 8D, teambinary plays JD -> teambinary wins
  P1 Trick  6: teambinary leads 7C, rootbotz plays 9C -> rootbotz wins
  P1 Trick  7: rootbotz leads QS, teambinary plays KS -> teambinary wins
  P1 Trick  8: teambinary leads AH, rootbotz plays 2H -> teambinary wins
  P1 Trick  9: teambinary leads 6C, rootbotz plays 8C -> rootbotz wins
  P1 Trick 10: rootbotz leads 10S, teambinary plays JS -> teambinary wins
  P1 Trick 11: teambinary leads KH, rootbotz plays 9H -> teambinary wins
  P1 Trick 12: teambinary leads 5C, rootbotz plays 10C -> rootbotz wins
  P1 Trick 13: rootbotz leads 4D, teambinary plays 5D -> teambinary wins

--- Phase 2 (Scoring) ---
  P2 Trick  1: teambinary leads KD, rootbotz plays AD -> rootbotz wins
  P2 Trick  2: rootbotz leads JH, teambinary plays 4H -> rootbotz wins
  P2 Trick  3: rootbotz leads 10H, teambinary plays 4S -> teambinary wins
  P2 Trick  4: teambinary leads QD, rootbotz plays 6D -> teambinary wins
  P2 Trick  5: teambinary leads 9S, rootbotz plays 3S -> teambinary wins
  P2 Trick  6: teambinary leads 7S, rootbotz plays 8S -> rootbotz wins
  P2 Trick  7: rootbotz leads 10D, teambinary plays 2D -> rootbotz wins
  P2 Trick  8: rootbotz leads QC, teambinary plays 2C -> rootbotz wins
  P2 Trick  9: rootbotz leads 7H, teambinary plays 5S -> teambinary wins
  P2 Trick 10: teambinary leads 7D, rootbotz plays 9D -> rootbotz wins
  P2 Trick 11: rootbotz leads JC, teambinary plays 3C -> rootbotz wins
  P2 Trick 12: rootbotz leads 6H, teambinary plays 3D -> rootbotz wins
  P2 Trick 13: rootbotz leads 6S, teambinary plays 4C -> rootbotz wins
  Result: teambinary 4 - 9 rootbotz
  Winner: rootbotz

============================================================
Game 5
============================================================
Players: rootbotz vs teambinary
Trump suit: D
Face-up card: JD
rootbotz hand: 3C 8C KC 4D 9D 10D 9H JH QH AH 2S 10S QS
teambinary hand: 4C 9C AC 2D 3D QD 5H 7H 3S 5S 7S KS AS
  P1 Trick  1: rootbotz leads 10D, teambinary plays QD -> teambinary wins
  P1 Trick  2: teambinary leads 7H, rootbotz plays 9H -> rootbotz wins
  P1 Trick  3: rootbotz leads 9D, teambinary plays JD -> teambinary wins
  P1 Trick  4: teambinary leads 5H, rootbotz plays 8H -> rootbotz wins
  P1 Trick  5: rootbotz leads 2S, teambinary plays 3S -> teambinary wins
  P1 Trick  6: teambinary leads 4H, rootbotz plays 2H -> teambinary wins
  P1 Trick  7: teambinary leads AC, rootbotz plays 3C -> teambinary wins
  P1 Trick  8: teambinary leads 10H, rootbotz plays JH -> rootbotz wins
  P1 Trick  9: rootbotz leads AD, teambinary plays 2D -> rootbotz wins
  P1 Trick 10: rootbotz leads 5C, teambinary plays 9C -> teambinary wins
  P1 Trick 11: teambinary leads 6H, rootbotz plays QH -> rootbotz wins
  P1 Trick 12: rootbotz leads 6C, teambinary plays JC -> teambinary wins
  P1 Trick 13: teambinary leads 3H, rootbotz plays AH -> rootbotz wins

--- Phase 2 (Scoring) ---
  P2 Trick  1: rootbotz leads QS, teambinary plays KS -> teambinary wins
  P2 Trick  2: teambinary leads AS, rootbotz plays 8S -> teambinary wins
  P2 Trick  3: teambinary leads KH, rootbotz plays 4D -> rootbotz wins
  P2 Trick  4: rootbotz leads KC, teambinary plays 2C -> rootbotz wins
  P2 Trick  5: rootbotz leads QC, teambinary plays 4C -> rootbotz wins
  P2 Trick  6: rootbotz leads 10S, teambinary plays JS -> teambinary wins
  P2 Trick  7: teambinary leads 7S, rootbotz plays 9S -> rootbotz wins
  P2 Trick  8: rootbotz leads 10C, teambinary plays 7C -> rootbotz wins
  P2 Trick  9: rootbotz leads 8C, teambinary plays 3D -> teambinary wins
  P2 Trick 10: teambinary leads 6D, rootbotz plays 7D -> rootbotz wins
  P2 Trick 11: rootbotz leads KD, teambinary plays 4S -> rootbotz wins
  P2 Trick 12: rootbotz leads 8D, teambinary plays 5S -> rootbotz wins
  P2 Trick 13: rootbotz leads 5D, teambinary plays 6S -> rootbotz wins
  Result: rootbotz 9 - 4 teambinary
  Winner: rootbotz

============================================================
Game 6
============================================================
Players: teambinary vs rootbotz
Trump suit: D
Face-up card: AD
teambinary hand: 4C 2D 9D 10D 3H 8H 6S 7S 8S 9S 10S JS KS
rootbotz hand: 5C 7C 9C 4D 7D JD KD 10H JH AH 2S 3S 5S
  P1 Trick  1: teambinary leads 8H, rootbotz plays 10H -> rootbotz wins
  P1 Trick  2: rootbotz leads 2S, teambinary plays 6S -> teambinary wins
  P1 Trick  3: teambinary leads 8C, rootbotz plays 5C -> teambinary wins
  P1 Trick  4: teambinary leads 4C, rootbotz plays 7C -> rootbotz wins
  P1 Trick  5: rootbotz leads AD, teambinary plays 2D -> rootbotz wins
  P1 Trick  6: rootbotz leads 3S, teambinary plays 4S -> teambinary wins
  P1 Trick  7: teambinary leads KH, rootbotz plays AH -> rootbotz wins
  P1 Trick  8: rootbotz leads KD, teambinary plays 9D -> rootbotz wins
  P1 Trick  9: rootbotz leads JD, teambinary plays 10D -> rootbotz wins
  P1 Trick 10: rootbotz leads 8D, teambinary plays 5D -> rootbotz wins
  P1 Trick 11: rootbotz leads 4H, teambinary plays 5H -> teambinary wins
  P1 Trick 12: teambinary leads JC, rootbotz plays 9C -> teambinary wins
  P1 Trick 13: teambinary leads 10C, rootbotz plays 6C -> teambinary wins

--- Phase 2 (Scoring) ---
  P2 Trick  1: teambinary leads AS, rootbotz plays 5S -> teambinary wins
  P2 Trick  2: teambinary leads KS, rootbotz plays QS -> teambinary wins
  P2 Trick  3: teambinary leads JS, rootbotz plays 3D -> rootbotz wins
  P2 Trick  4: rootbotz leads QH, teambinary plays 2H -> rootbotz wins
  P2 Trick  5: rootbotz leads AC, teambinary plays 2C -> rootbotz wins
  P2 Trick  6: rootbotz leads JH, teambinary plays 3H -> rootbotz wins
  P2 Trick  7: rootbotz leads KC, teambinary plays 3C -> rootbotz wins
  P2 Trick  8: rootbotz leads 6H, teambinary plays 7H -> teambinary wins
  P2 Trick  9: teambinary leads 10S, rootbotz plays 4D -> rootbotz wins
  P2 Trick 10: rootbotz leads QC, teambinary plays 7S -> rootbotz wins
  P2 Trick 11: rootbotz leads QD, teambinary plays 8S -> rootbotz wins
  P2 Trick 12: rootbotz leads 7D, teambinary plays 9S -> rootbotz wins
  P2 Trick 13: rootbotz leads 6D, teambinary plays 9H -> rootbotz wins
  Result: teambinary 3 - 10 rootbotz
  Winner: rootbotz

============================================================
Game 7
============================================================
Players: rootbotz vs teambinary
Trump suit: D
Face-up card: AD
rootbotz hand: KC 7D 9D 5H 6H 10H JH AH 4S 6S 10S JS KS
teambinary hand: 3C 6C 8C 2D 4D 5D 6D 8D QD KD 4H 7H 2S
  P1 Trick  1: rootbotz leads 9D, teambinary plays QD -> teambinary wins
  P1 Trick  2: teambinary leads 7H, rootbotz plays 5H -> teambinary wins
  P1 Trick  3: teambinary leads 4H, rootbotz plays 6H -> rootbotz wins
  P1 Trick  4: rootbotz leads 3S, teambinary plays 2S -> rootbotz wins
  P1 Trick  5: rootbotz leads 4S, teambinary plays 9H -> rootbotz wins
  P1 Trick  6: rootbotz leads 7D, teambinary plays 8D -> teambinary wins
  P1 Trick  7: teambinary leads AS, rootbotz plays 5S -> teambinary wins
  P1 Trick  8: teambinary leads AC, rootbotz plays 4C -> teambinary wins
  P1 Trick  9: teambinary leads AD, rootbotz plays 6S -> teambinary wins
  P1 Trick 10: teambinary leads 8S, rootbotz plays 9S -> rootbotz wins
  P1 Trick 11: rootbotz leads 8H, teambinary plays 7S -> rootbotz wins
  P1 Trick 12: rootbotz leads 3D, teambinary plays 4D -> teambinary wins
  P1 Trick 13: teambinary leads 3H, rootbotz plays 10H -> rootbotz wins

--- Phase 2 (Scoring) ---
  P2 Trick  1: rootbotz leads AH, teambinary plays 2D -> teambinary wins
  P2 Trick  2: teambinary leads KD, rootbotz plays 2C -> teambinary wins
  P2 Trick  3: teambinary leads QC, rootbotz plays KC -> rootbotz wins
  P2 Trick  4: rootbotz leads KS, teambinary plays 5D -> teambinary wins
  P2 Trick  5: teambinary leads JD, rootbotz plays 2H -> teambinary wins
  P2 Trick  6: teambinary leads JC, rootbotz plays 7C -> teambinary wins
  P2 Trick  7: teambinary leads 10C, rootbotz plays 9C -> teambinary wins
  P2 Trick  8: teambinary leads 10D, rootbotz plays 10S -> teambinary wins
  P2 Trick  9: teambinary leads 8C, rootbotz plays JS -> teambinary wins
  P2 Trick 10: teambinary leads 6C, rootbotz plays JH -> teambinary wins
  P2 Trick 11: teambinary leads 6D, rootbotz plays QH -> teambinary wins
  P2 Trick 12: teambinary leads 5C, rootbotz plays QS -> teambinary wins
  P2 Trick 13: teambinary leads 3C, rootbotz plays KH -> teambinary wins
  Result: rootbotz 1 - 12 teambinary
  Winner: teambinary

============================================================
Game 8
============================================================
Players: teambinary vs rootbotz
Trump suit: C
Face-up card: 9C
teambinary hand: 3D 4D 10D 3H 4H 8H 9H JH QH 2S 3S 5S 7S
rootbotz hand: 2C 4C 5C 7C 6D JD AD KH AH 8S 10S JS AS
  P1 Trick  1: teambinary leads 10D, rootbotz plays JD -> rootbotz wins
  P1 Trick  2: rootbotz leads 9C, teambinary plays 6C -> rootbotz wins
  P1 Trick  3: rootbotz leads 7C, teambinary plays 2S -> rootbotz wins
  P1 Trick  4: rootbotz leads 6D, teambinary plays 9D -> teambinary wins
  P1 Trick  5: teambinary leads 4D, rootbotz plays AD -> rootbotz wins
  P1 Trick  6: rootbotz leads 8S, teambinary plays 3S -> rootbotz wins
  P1 Trick  7: rootbotz leads 7D, teambinary plays KD -> teambinary wins
  P1 Trick  8: teambinary leads 7S, rootbotz plays 10S -> rootbotz wins
  P1 Trick  9: rootbotz leads 8D, teambinary plays 3D -> rootbotz wins
  P1 Trick 10: rootbotz leads 5D, teambinary plays 4S -> rootbotz wins
  P1 Trick 11: rootbotz leads KC, teambinary plays JC -> rootbotz wins
  P1 Trick 12: rootbotz leads AC, teambinary plays QC -> rootbotz wins
  P1 Trick 13: rootbotz leads 10C, teambinary plays 8C -> rootbotz wins

--- Phase 2 (Scoring) ---
  P2 Trick  1: rootbotz leads AS, teambinary plays 5S -> rootbotz wins
  P2 Trick  2: rootbotz leads KS, teambinary plays 6S -> rootbotz wins
  P2 Trick  3: rootbotz leads QS, teambinary plays 2H -> rootbotz wins
  P2 Trick  4: rootbotz leads JS, teambinary plays 3H -> rootbotz wins
  P2 Trick  5: rootbotz leads AH, teambinary plays 4H -> rootbotz wins
  P2 Trick  6: rootbotz leads QD, teambinary plays 5H -> rootbotz wins
  P2 Trick  7: rootbotz leads KH, teambinary plays 6H -> rootbotz wins
  P2 Trick  8: rootbotz leads 9S, teambinary plays 7H -> rootbotz wins
  P2 Trick  9: rootbotz leads 2D, teambinary plays 8H -> rootbotz wins
  P2 Trick 10: rootbotz leads 5C, teambinary plays 9H -> rootbotz wins
  P2 Trick 11: rootbotz leads 4C, teambinary plays 10H -> rootbotz wins
  P2 Trick 12: rootbotz leads 3C, teambinary plays JH -> rootbotz wins
  P2 Trick 13: rootbotz leads 2C, teambinary plays QH -> rootbotz wins
  Result: teambinary 0 - 13 rootbotz
  Winner: rootbotz

============================================================
Game 9
============================================================
Players: rootbotz vs teambinary
Trump suit: C
Face-up card: 4C
rootbotz hand: 8C KC 9D JD 2H 3H 6H 10H JH QH KH AH 2S
teambinary hand: 2C 5C AC 2D 8D 10D AD 4H 4S 6S JS QS KS
  P1 Trick  1: rootbotz leads KC, teambinary plays AC -> teambinary wins
  P1 Trick  2: teambinary leads 4H, rootbotz plays 2H -> teambinary wins
  P1 Trick  3: teambinary leads 9H, rootbotz plays 3H -> teambinary wins
  P1 Trick  4: teambinary leads AD, rootbotz plays 4D -> teambinary wins
  P1 Trick  5: teambinary leads QD, rootbotz plays 9D -> teambinary wins
  P1 Trick  6: teambinary leads 10D, rootbotz plays 5D -> teambinary wins
  P1 Trick  7: teambinary leads 8D, rootbotz plays JD -> rootbotz wins
  P1 Trick  8: rootbotz leads 2S, teambinary plays 4S -> teambinary wins
  P1 Trick  9: teambinary leads 3D, rootbotz plays 8C -> rootbotz wins
  P1 Trick 10: rootbotz leads 9C, teambinary plays JC -> teambinary wins
  P1 Trick 11: teambinary leads 7D, rootbotz plays KD -> rootbotz wins
  P1 Trick 12: rootbotz leads 10C, teambinary plays 2C -> rootbotz wins
  P1 Trick 13: rootbotz leads 3S, teambinary plays 6S -> teambinary wins

--- Phase 2 (Scoring) ---
  P2 Trick  1: teambinary leads AS, rootbotz plays 5S -> teambinary wins
  P2 Trick  2: teambinary leads KS, rootbotz plays 10S -> teambinary wins
  P2 Trick  3: teambinary leads QS, rootbotz plays 6C -> rootbotz wins
  P2 Trick  4: rootbotz leads AH, teambinary plays 3C -> teambinary wins
  P2 Trick  5: teambinary leads QC, rootbotz plays 7C -> teambinary wins
  P2 Trick  6: teambinary leads JS, rootbotz plays 5H -> teambinary wins
  P2 Trick  7: teambinary leads 9S, rootbotz plays 6H -> teambinary wins
  P2 Trick  8: teambinary leads 8S, rootbotz plays 7H -> teambinary wins
  P2 Trick  9: teambinary leads 7S, rootbotz plays 8H -> teambinary wins
  P2 Trick 10: teambinary leads 6D, rootbotz plays 10H -> teambinary wins
  P2 Trick 11: teambinary leads 5C, rootbotz plays JH -> teambinary wins
  P2 Trick 12: teambinary leads 4C, rootbotz plays QH -> teambinary wins
  P2 Trick 13: teambinary leads 2D, rootbotz plays KH -> teambinary wins
  Result: rootbotz 1 - 12 teambinary
  Winner: teambinary

============================================================
Game 10
============================================================
Players: teambinary vs rootbotz
Trump suit: H
Face-up card: 7H
teambinary hand: 3C 3D 4D 8D 10D KD 4H 5H JH 5S 9S KS AS
rootbotz hand: 2C 7C 7D JD 6H 8H 10H QH AH 3S 4S 7S 10S
  P1 Trick  1: teambinary leads 3C, rootbotz plays 7C -> rootbotz wins
  P1 Trick  2: rootbotz leads AH, teambinary plays 2H -> rootbotz wins
  P1 Trick  3: rootbotz leads QH, teambinary plays 4H -> rootbotz wins
  P1 Trick  4: rootbotz leads 2C, teambinary plays 5H -> teambinary wins
  P1 Trick  5: teambinary leads AS, rootbotz plays 3S -> teambinary wins
  P1 Trick  6: teambinary leads QC, rootbotz plays 5C -> teambinary wins
  P1 Trick  7: teambinary leads KS, rootbotz plays 4S -> teambinary wins
  P1 Trick  8: teambinary leads 10C, rootbotz plays 9C -> teambinary wins
  P1 Trick  9: teambinary leads 8C, rootbotz plays AC -> rootbotz wins
  P1 Trick 10: rootbotz leads 6S, teambinary plays 8S -> teambinary wins
  P1 Trick 11: teambinary leads JS, rootbotz plays 7S -> teambinary wins
  P1 Trick 12: teambinary leads 9S, rootbotz plays 10S -> rootbotz wins
  P1 Trick 13: rootbotz leads 2D, teambinary plays 3D -> teambinary wins

--- Phase 2 (Scoring) ---
  P2 Trick  1: teambinary leads KD, rootbotz plays AD -> rootbotz wins
  P2 Trick  2: rootbotz leads JD, teambinary plays QD -> teambinary wins
  P2 Trick  3: teambinary leads JH, rootbotz plays KH -> rootbotz wins
  P2 Trick  4: rootbotz leads KC, teambinary plays 4C -> rootbotz wins
  P2 Trick  5: rootbotz leads 7D, teambinary plays 8D -> teambinary wins
  P2 Trick  6: teambinary leads JC, rootbotz plays 6C -> teambinary wins
  P2 Trick  7: teambinary leads 10D, rootbotz plays 3H -> rootbotz wins
  P2 Trick  8: rootbotz leads QS, teambinary plays 2S -> rootbotz wins
  P2 Trick  9: rootbotz leads 10H, teambinary plays 4D -> rootbotz wins
  P2 Trick 10: rootbotz leads 9H, teambinary plays 5S -> rootbotz wins
  P2 Trick 11: rootbotz leads 8H, teambinary plays 5D -> rootbotz wins
  P2 Trick 12: rootbotz leads 7H, teambinary plays 6D -> rootbotz wins
  P2 Trick 13: rootbotz leads 6H, teambinary plays 9D -> rootbotz wins
  Result: teambinary 3 - 10 rootbotz
  Winner: rootbotz

============================================================
Game 11
============================================================
Players: rootbotz vs teambinary
Trump suit: D
Face-up card: KD
rootbotz hand: 4C 9C JC QC 2D 2H 9H KH 2S 4S 6S QS AS
teambinary hand: KC 3D 6D 7D QD 5H 8H QH AH 5S 8S 10S JS
  P1 Trick  1: rootbotz leads 2D, teambinary plays 3D -> teambinary wins
  P1 Trick  2: teambinary leads KC, rootbotz plays 4C -> teambinary wins
  P1 Trick  3: teambinary leads 10C, rootbotz plays JC -> rootbotz wins
  P1 Trick  4: rootbotz leads 2H, teambinary plays 3H -> teambinary wins
  P1 Trick  5: teambinary leads JS, rootbotz plays QS -> rootbotz wins
  P1 Trick  6: rootbotz leads 10D, teambinary plays QD -> teambinary wins
  P1 Trick  7: teambinary leads AC, rootbotz plays 7C -> teambinary wins
  P1 Trick  8: teambinary leads 10S, rootbotz plays 2S -> teambinary wins
  P1 Trick  9: teambinary leads 8S, rootbotz plays 3S -> teambinary wins
  P1 Trick 10: teambinary leads 8C, rootbotz plays 9C -> rootbotz wins
  P1 Trick 11: rootbotz leads 9D, teambinary plays KD -> teambinary wins
  P1 Trick 12: teambinary leads 6C, rootbotz plays QC -> rootbotz wins
  P1 Trick 13: rootbotz leads 2C, teambinary plays 3C -> teambinary wins

--- Phase 2 (Scoring) ---
  P2 Trick  1: teambinary leads AH, rootbotz plays 4H -> teambinary wins
  P2 Trick  2: teambinary leads AD, rootbotz plays 4D -> teambinary wins
  P2 Trick  3: teambinary leads QH, rootbotz plays KH -> rootbotz wins
  P2 Trick  4: rootbotz leads AS, teambinary plays 5S -> rootbotz wins
  P2 Trick  5: rootbotz leads KS, teambinary plays 9S -> rootbotz wins
  P2 Trick  6: rootbotz leads 7S, teambinary plays 6D -> teambinary wins
  P2 Trick  7: teambinary leads 10H, rootbotz plays JH -> rootbotz wins
  P2 Trick  8: rootbotz leads 6S, teambinary plays 7D -> teambinary wins
  P2 Trick  9: teambinary leads 8H, rootbotz plays 9H -> rootbotz wins
  P2 Trick 10: rootbotz leads 4S, teambinary plays 8D -> teambinary wins
  P2 Trick 11: teambinary leads 7H, rootbotz plays 5D -> rootbotz wins
  P2 Trick 12: rootbotz leads 5C, teambinary plays 5H -> rootbotz wins
  P2 Trick 13: rootbotz leads JD, teambinary plays 6H -> rootbotz wins
  Result: rootbotz 8 - 5 teambinary
  Winner: rootbotz

============================================================
Game 12
============================================================
Players: teambinary vs rootbotz
Trump suit: C
Face-up card: 2C
teambinary hand: 3C KC 2D 4D 10D JD AD 2H 2S 3S 6S 7S 8S
rootbotz hand: 6C JC QC 6D 7D 7H 8H 9H JH 9S 10S JS QS
  P1 Trick  1: teambinary leads 2H, rootbotz plays 7H -> rootbotz wins
  P1 Trick  2: rootbotz leads QC, teambinary plays KC -> teambinary wins
  P1 Trick  3: teambinary leads AD, rootbotz plays 6D -> teambinary wins
  P1 Trick  4: teambinary leads QD, rootbotz plays 7D -> teambinary wins
  P1 Trick  5: teambinary leads KD, rootbotz plays 3D -> teambinary wins
  P1 Trick  6: teambinary leads JD, rootbotz plays 2C -> rootbotz wins
  P1 Trick  7: rootbotz leads 8H, teambinary plays 5H -> rootbotz wins
  P1 Trick  8: rootbotz leads AC, teambinary plays 3C -> rootbotz wins
  P1 Trick  9: rootbotz leads JC, teambinary plays 8C -> rootbotz wins
  P1 Trick 10: rootbotz leads 7C, teambinary plays 9C -> teambinary wins
  P1 Trick 11: teambinary leads 10D, rootbotz plays 5S -> teambinary wins
  P1 Trick 12: teambinary leads 3H, rootbotz plays 6H -> rootbotz wins
  P1 Trick 13: rootbotz leads 9H, teambinary plays 2D -> rootbotz wins

--- Phase 2 (Scoring) ---
  P2 Trick  1: rootbotz leads AS, teambinary plays 2S -> rootbotz wins
  P2 Trick  2: rootbotz leads KS, teambinary plays 3S -> rootbotz wins
  P2 Trick  3: rootbotz leads AH, teambinary plays KH -> rootbotz wins
  P2 Trick  4: rootbotz leads QS, teambinary plays 4S -> rootbotz wins
  P2 Trick  5: rootbotz leads QH, teambinary plays 5C -> teambinary wins
  P2 Trick  6: teambinary leads 10C, rootbotz plays 4C -> teambinary wins
  P2 Trick  7: teambinary leads 9D, rootbotz plays 6C -> rootbotz wins
  P2 Trick  8: rootbotz leads JS, teambinary plays 6S -> rootbotz wins
  P2 Trick  9: rootbotz leads JH, teambinary plays 4D -> rootbotz wins
  P2 Trick 10: rootbotz leads 10S, teambinary plays 7S -> rootbotz wins
  P2 Trick 11: rootbotz leads 10H, teambinary plays 5D -> rootbotz wins
  P2 Trick 12: rootbotz leads 9S, teambinary plays 8S -> rootbotz wins
  P2 Trick 13: rootbotz leads 4H, teambinary plays 8D -> rootbotz wins
  Result: teambinary 2 - 11 rootbotz
  Winner: rootbotz

============================================================
Game 13
============================================================
Players: rootbotz vs teambinary
Trump suit: H
Face-up card: KH
rootbotz hand: 3C 7C 3D 5D 6D 2H 5H 7H 8H 5S 9S QS KS
teambinary hand: 4C 5C 9C JC AC 7D 9D QD 4H 9H AH 2S JS
  P1 Trick  1: rootbotz leads 8H, teambinary plays 9H -> teambinary wins
  P1 Trick  2: teambinary leads JS, rootbotz plays 5S -> teambinary wins
  P1 Trick  3: teambinary leads 2S, rootbotz plays 9S -> rootbotz wins
  P1 Trick  4: rootbotz leads 7H, teambinary plays KH -> teambinary wins
  P1 Trick  5: teambinary leads AS, rootbotz plays QS -> teambinary wins
  P1 Trick  6: teambinary leads 7S, rootbotz plays KS -> rootbotz wins
  P1 Trick  7: rootbotz leads 2C, teambinary plays 4C -> teambinary wins
  P1 Trick  8: teambinary leads 6S, rootbotz plays 3C -> teambinary wins
  P1 Trick  9: teambinary leads AH, rootbotz plays 2H -> teambinary wins
  P1 Trick 10: teambinary leads 4S, rootbotz plays 3D -> teambinary wins
  P1 Trick 11: teambinary leads 3S, rootbotz plays 5H -> rootbotz wins
  P1 Trick 12: rootbotz leads JH, teambinary plays QH -> teambinary wins
  P1 Trick 13: teambinary leads KD, rootbotz plays AD -> rootbotz wins

--- Phase 2 (Scoring) ---
  P2 Trick  1: rootbotz leads JD, teambinary plays QD -> teambinary wins
  P2 Trick  2: teambinary leads AC, rootbotz plays 7C -> teambinary wins
  P2 Trick  3: teambinary leads JC, rootbotz plays QC -> rootbotz wins
  P2 Trick  4: rootbotz leads 8D, teambinary plays 9D -> teambinary wins
  P2 Trick  5: teambinary leads 10D, rootbotz plays 2D -> teambinary wins
  P2 Trick  6: teambinary leads 10C, rootbotz plays KC -> rootbotz wins
  P2 Trick  7: rootbotz leads 6D, teambinary plays 7D -> teambinary wins
  P2 Trick  8: teambinary leads 9C, rootbotz plays 8C -> teambinary wins
  P2 Trick  9: teambinary leads 6C, rootbotz plays 6H -> rootbotz wins
  P2 Trick 10: rootbotz leads 10S, teambinary plays 3H -> teambinary wins
  P2 Trick 11: teambinary leads 5C, rootbotz plays 10H -> rootbotz wins
  P2 Trick 12: rootbotz leads 5D, teambinary plays 4D -> rootbotz wins
  P2 Trick 13: rootbotz leads 8S, teambinary plays 4H -> teambinary wins
  Result: rootbotz 5 - 8 teambinary
  Winner: teambinary

============================================================
Game 14
============================================================
Players: teambinary vs rootbotz
Trump suit: S
Face-up card: AS
teambinary hand: 7C JC KC 2D 3D 4D 6D 7D JD AD 7H JH KH
rootbotz hand: 3C QC AC 5D KD 4H 6H QH 4S 5S 8S 9S 10S
  P1 Trick  1: teambinary leads KH, rootbotz plays 4H -> teambinary wins
  P1 Trick  2: teambinary leads AS, rootbotz plays 4S -> teambinary wins
  P1 Trick  3: teambinary leads JH, rootbotz plays 3H -> teambinary wins
  P1 Trick  4: teambinary leads 7H, rootbotz plays 6H -> teambinary wins
  P1 Trick  5: teambinary leads 8H, rootbotz plays 10H -> rootbotz wins
  P1 Trick  6: rootbotz leads JS, teambinary plays KS -> teambinary wins
  P1 Trick  7: teambinary leads KC, rootbotz plays 3C -> teambinary wins
  P1 Trick  8: teambinary leads JC, rootbotz plays QC -> rootbotz wins
  P1 Trick  9: rootbotz leads 5D, teambinary plays 6D -> teambinary wins
  P1 Trick 10: teambinary leads 7C, rootbotz plays 10C -> rootbotz wins
  P1 Trick 11: rootbotz leads 9D, teambinary plays JD -> teambinary wins
  P1 Trick 12: teambinary leads AD, rootbotz plays 10D -> teambinary wins
  P1 Trick 13: teambinary leads 7D, rootbotz plays QD -> rootbotz wins

--- Phase 2 (Scoring) ---
  P2 Trick  1: rootbotz leads AH, teambinary plays 9H -> rootbotz wins
  P2 Trick  2: rootbotz leads QH, teambinary plays 2S -> teambinary wins
  P2 Trick  3: teambinary leads 9C, rootbotz plays AC -> rootbotz wins
  P2 Trick  4: rootbotz leads KD, teambinary plays 2D -> rootbotz wins
  P2 Trick  5: rootbotz leads 5H, teambinary plays 3S -> teambinary wins
  P2 Trick  6: teambinary leads 8C, rootbotz plays 5S -> rootbotz wins
  P2 Trick  7: rootbotz leads 2H, teambinary plays 6S -> teambinary wins
  P2 Trick  8: teambinary leads 6C, rootbotz plays 7S -> rootbotz wins
  P2 Trick  9: rootbotz leads 8D, teambinary plays 3D -> rootbotz wins
  P2 Trick 10: rootbotz leads QS, teambinary plays 2C -> rootbotz wins
  P2 Trick 11: rootbotz leads 10S, teambinary plays 4D -> rootbotz wins
  P2 Trick 12: rootbotz leads 9S, teambinary plays 4C -> rootbotz wins
  P2 Trick 13: rootbotz leads 8S, teambinary plays 5C -> rootbotz wins
  Result: teambinary 3 - 10 rootbotz
  Winner: rootbotz

============================================================
Game 15
============================================================
Players: rootbotz vs teambinary
Trump suit: S
Face-up card: 2S
rootbotz hand: 2C 5C 9C QC AC 4D 8D AD 2H 6H 7H 3S QS
teambinary hand: 10C KC 3D 6D QD 3H 8H 9H KH 7S 9S KS AS
  P1 Trick  1: rootbotz leads QS, teambinary plays KS -> teambinary wins
  P1 Trick  2: teambinary leads KC, rootbotz plays AC -> rootbotz wins
  P1 Trick  3: rootbotz leads 6S, teambinary plays 7S -> teambinary wins
  P1 Trick  4: teambinary leads 10C, rootbotz plays 2C -> teambinary wins
  P1 Trick  5: teambinary leads 7C, rootbotz plays 9C -> rootbotz wins
  P1 Trick  6: rootbotz leads 3S, teambinary plays 8S -> teambinary wins
  P1 Trick  7: teambinary leads KH, rootbotz plays 2H -> teambinary wins
  P1 Trick  8: teambinary leads 9H, rootbotz plays 6H -> teambinary wins
  P1 Trick  9: teambinary leads 8H, rootbotz plays 7H -> teambinary wins
  P1 Trick 10: teambinary leads 6C, rootbotz plays 3C -> teambinary wins
  P1 Trick 11: teambinary leads 4H, rootbotz plays JH -> rootbotz wins
  P1 Trick 12: rootbotz leads 4D, teambinary plays 5D -> teambinary wins
  P1 Trick 13: teambinary leads 10H, rootbotz plays QH -> rootbotz wins

--- Phase 2 (Scoring) ---
  P2 Trick  1: rootbotz leads QC, teambinary plays 2S -> teambinary wins
  P2 Trick  2: teambinary leads AS, rootbotz plays 4S -> teambinary wins
  P2 Trick  3: teambinary leads QD, rootbotz plays KD -> rootbotz wins
  P2 Trick  4: rootbotz leads AD, teambinary plays 2D -> rootbotz wins
  P2 Trick  5: rootbotz leads JC, teambinary plays 5S -> teambinary wins
  P2 Trick  6: teambinary leads 10S, rootbotz plays JS -> rootbotz wins
  P2 Trick  7: rootbotz leads JD, teambinary plays 3D -> rootbotz wins
  P2 Trick  8: rootbotz leads 8C, teambinary plays 9S -> teambinary wins
  P2 Trick  9: teambinary leads 9D, rootbotz plays 10D -> rootbotz wins
  P2 Trick 10: rootbotz leads 5C, teambinary plays 3H -> rootbotz wins
  P2 Trick 11: rootbotz leads 8D, teambinary plays 6D -> rootbotz wins
  P2 Trick 12: rootbotz leads AH, teambinary plays 5H -> rootbotz wins
  P2 Trick 13: rootbotz leads 4C, teambinary plays 7D -> rootbotz wins
  Result: rootbotz 9 - 4 teambinary
  Winner: rootbotz

============================================================
Game 16
============================================================
Players: teambinary vs rootbotz
Trump suit: H
Face-up card: 4H
teambinary hand: 5C AC 3D 4D 7D 10D 3H 7H 9H JH 3S 8S AS
rootbotz hand: 3C 4C 7C 9C 2D 5D 6D 5H 10H KH 5S 7S KS
  P1 Trick  1: teambinary leads AC, rootbotz plays 3C -> teambinary wins
  P1 Trick  2: teambinary leads 5C, rootbotz plays 7C -> rootbotz wins
  P1 Trick  3: rootbotz leads AH, teambinary plays 3H -> rootbotz wins
  P1 Trick  4: rootbotz leads KH, teambinary plays 4H -> rootbotz wins
  P1 Trick  5: rootbotz leads 10H, teambinary plays JH -> teambinary wins
  P1 Trick  6: teambinary leads AS, rootbotz plays 5S -> teambinary wins
  P1 Trick  7: teambinary leads 10D, rootbotz plays JD -> rootbotz wins
  P1 Trick  8: rootbotz leads 2D, teambinary plays 3D -> teambinary wins
  P1 Trick  9: teambinary leads JC, rootbotz plays 4C -> teambinary wins
  P1 Trick 10: teambinary leads 8C, rootbotz plays 6C -> teambinary wins
  P1 Trick 11: teambinary leads 8D, rootbotz plays QD -> rootbotz wins
  P1 Trick 12: rootbotz leads 8H, teambinary plays 9H -> teambinary wins
  P1 Trick 13: teambinary leads 7D, rootbotz plays 5D -> teambinary wins

--- Phase 2 (Scoring) ---
  P2 Trick  1: teambinary leads QH, rootbotz plays 5H -> teambinary wins
  P2 Trick  2: teambinary leads 10S, rootbotz plays JS -> rootbotz wins
  P2 Trick  3: rootbotz leads AD, teambinary plays 4D -> rootbotz wins
  P2 Trick  4: rootbotz leads KC, teambinary plays 2C -> rootbotz wins
  P2 Trick  5: rootbotz leads KD, teambinary plays 2H -> teambinary wins
  P2 Trick  6: teambinary leads 9S, rootbotz plays QS -> rootbotz wins
  P2 Trick  7: rootbotz leads QC, teambinary plays 6H -> teambinary wins
  P2 Trick  8: teambinary leads 8S, rootbotz plays KS -> rootbotz wins
  P2 Trick  9: rootbotz leads 9D, teambinary plays 7H -> teambinary wins
  P2 Trick 10: teambinary leads 6S, rootbotz plays 7S -> rootbotz wins
  P2 Trick 11: rootbotz leads 10C, teambinary plays 2S -> rootbotz wins
  P2 Trick 12: rootbotz leads 6D, teambinary plays 3S -> rootbotz wins
  P2 Trick 13: rootbotz leads 9C, teambinary plays 4S -> rootbotz wins
  Result: teambinary 4 - 9 rootbotz
  Winner: rootbotz

============================================================
Game 17
============================================================
Players: rootbotz vs teambinary
Trump suit: C
Face-up card: KC
rootbotz hand: 2C 6C 9C JC AC 3D JD 2H 5H 6H 7H 9H AH
teambinary hand: 7C QC 6D 8D 9D AD JH QH KH 3S 4S 7S JS
  P1 Trick  1: rootbotz leads AC, teambinary plays 7C -> rootbotz wins
  P1 Trick  2: rootbotz leads 2H, teambinary plays 4H -> teambinary wins
  P1 Trick  3: teambinary leads AD, rootbotz plays 3D -> teambinary wins
  P1 Trick  4: teambinary leads KH, rootbotz plays AH -> rootbotz wins
  P1 Trick  5: rootbotz leads 5H, teambinary plays JH -> teambinary wins
  P1 Trick  6: teambinary leads QH, rootbotz plays 6H -> teambinary wins
  P1 Trick  7: teambinary leads 8H, rootbotz plays 7H -> teambinary wins
  P1 Trick  8: teambinary leads 9D, rootbotz plays JD -> rootbotz wins
  P1 Trick  9: rootbotz leads KC, teambinary plays 4C -> rootbotz wins
  P1 Trick 10: rootbotz leads 2D, teambinary plays 6D -> teambinary wins
  P1 Trick 11: teambinary leads 8D, rootbotz plays 10D -> rootbotz wins
  P1 Trick 12: rootbotz leads JC, teambinary plays QC -> teambinary wins
  P1 Trick 13: teambinary leads QD, rootbotz plays 4D -> teambinary wins

--- Phase 2 (Scoring) ---
  P2 Trick  1: teambinary leads AS, rootbotz plays 8S -> teambinary wins
  P2 Trick  2: teambinary leads QS, rootbotz plays KS -> rootbotz wins
  P2 Trick  3: rootbotz leads 10H, teambinary plays 3H -> rootbotz wins
  P2 Trick  4: rootbotz leads KD, teambinary plays 7D -> rootbotz wins
  P2 Trick  5: rootbotz leads 9H, teambinary plays 5C -> teambinary wins
  P2 Trick  6: teambinary leads JS, rootbotz plays 10S -> teambinary wins
  P2 Trick  7: teambinary leads 9S, rootbotz plays 2C -> rootbotz wins
  P2 Trick  8: rootbotz leads 5D, teambinary plays 2S -> rootbotz wins
  P2 Trick  9: rootbotz leads 10C, teambinary plays 3S -> rootbotz wins
  P2 Trick 10: rootbotz leads 9C, teambinary plays 4S -> rootbotz wins
  P2 Trick 11: rootbotz leads 8C, teambinary plays 5S -> rootbotz wins
  P2 Trick 12: rootbotz leads 6C, teambinary plays 6S -> rootbotz wins
  P2 Trick 13: rootbotz leads 3C, teambinary plays 7S -> rootbotz wins
  Result: rootbotz 10 - 3 teambinary
  Winner: rootbotz

============================================================
Game 18
============================================================
Players: teambinary vs rootbotz
Trump suit: C
Face-up card: 10C
teambinary hand: 2C 4C 5C 8C QC 4D KD AD 3H 5H 8H 4S AS
rootbotz hand: 9C JC KC 2D 8D 9D 2H JH QH KH AH 5S QS
  P1 Trick  1: teambinary leads AS, rootbotz plays 5S -> teambinary wins
  P1 Trick  2: teambinary leads 4S, rootbotz plays QS -> rootbotz wins
  P1 Trick  3: rootbotz leads KC, teambinary plays 2C -> rootbotz wins
  P1 Trick  4: rootbotz leads JC, teambinary plays QC -> teambinary wins
  P1 Trick  5: teambinary leads 2S, rootbotz plays 3S -> rootbotz wins
  P1 Trick  6: rootbotz leads 9C, teambinary plays 10C -> teambinary wins
  P1 Trick  7: teambinary leads KS, rootbotz plays 2D -> teambinary wins
  P1 Trick  8: teambinary leads 6S, rootbotz plays 2H -> teambinary wins
  P1 Trick  9: teambinary leads 9S, rootbotz plays 10S -> rootbotz wins
  P1 Trick 10: rootbotz leads 7C, teambinary plays 8C -> teambinary wins
  P1 Trick 11: teambinary leads JS, rootbotz plays 7S -> teambinary wins
  P1 Trick 12: teambinary leads 8H, rootbotz plays 6H -> teambinary wins
  P1 Trick 13: teambinary leads 5H, rootbotz plays 9H -> rootbotz wins

--- Phase 2 (Scoring) ---
  P2 Trick  1: rootbotz leads JD, teambinary plays QD -> teambinary wins
  P2 Trick  2: teambinary leads AD, rootbotz plays 3D -> teambinary wins
  P2 Trick  3: teambinary leads AC, rootbotz plays 6C -> teambinary wins
  P2 Trick  4: teambinary leads KD, rootbotz plays 5D -> teambinary wins
  P2 Trick  5: teambinary leads 10D, rootbotz plays 6D -> teambinary wins
  P2 Trick  6: teambinary leads 7D, rootbotz plays 8D -> rootbotz wins
  P2 Trick  7: rootbotz leads AH, teambinary plays 3H -> rootbotz wins
  P2 Trick  8: rootbotz leads KH, teambinary plays 4H -> rootbotz wins
  P2 Trick  9: rootbotz leads QH, teambinary plays 7H -> rootbotz wins
  P2 Trick 10: rootbotz leads JH, teambinary plays 3C -> teambinary wins
  P2 Trick 11: teambinary leads 5C, rootbotz plays 8S -> teambinary wins
  P2 Trick 12: teambinary leads 4C, rootbotz plays 9D -> teambinary wins
  P2 Trick 13: teambinary leads 4D, rootbotz plays 10H -> teambinary wins
  Result: teambinary 9 - 4 rootbotz
  Winner: teambinary

============================================================
Game 19
============================================================
Players: rootbotz vs teambinary
Trump suit: C
Face-up card: 9C
rootbotz hand: 2C 10C AC 3D 7D QD 5H 10H AH 2S 3S 10S QS
teambinary hand: 4C 5C JC QC JD 2H 6H 7H JH 4S 5S 8S JS
  P1 Trick  1: rootbotz leads AC, teambinary plays 4C -> rootbotz wins
  P1 Trick  2: rootbotz leads 10C, teambinary plays JC -> teambinary wins
  P1 Trick  3: teambinary leads AD, rootbotz plays 3D -> teambinary wins
  P1 Trick  4: teambinary leads JD, rootbotz plays 7D -> teambinary wins
  P1 Trick  5: teambinary leads 2D, rootbotz plays QD -> rootbotz wins
  P1 Trick  6: rootbotz leads 2S, teambinary plays 4S -> teambinary wins
  P1 Trick  7: teambinary leads AS, rootbotz plays 3S -> teambinary wins
  P1 Trick  8: teambinary leads JS, rootbotz plays QS -> rootbotz wins
  P1 Trick  9: rootbotz leads 5H, teambinary plays 6H -> teambinary wins
  P1 Trick 10: teambinary leads 8S, rootbotz plays 9S -> rootbotz wins
  P1 Trick 11: rootbotz leads 9C, teambinary plays QC -> teambinary wins
  P1 Trick 12: teambinary leads 6S, rootbotz plays 7S -> rootbotz wins
  P1 Trick 13: rootbotz leads 5D, teambinary plays 5S -> rootbotz wins

--- Phase 2 (Scoring) ---
  P2 Trick  1: rootbotz leads KD, teambinary plays 10D -> rootbotz wins
  P2 Trick  2: rootbotz leads AH, teambinary plays 2H -> rootbotz wins
  P2 Trick  3: rootbotz leads 9D, teambinary plays 3C -> teambinary wins
  P2 Trick  4: teambinary leads KC, rootbotz plays 2C -> teambinary wins
  P2 Trick  5: teambinary leads KH, rootbotz plays 8H -> teambinary wins
  P2 Trick  6: teambinary leads JH, rootbotz plays QH -> rootbotz wins
  P2 Trick  7: rootbotz leads 8D, teambinary plays 5C -> teambinary wins
  P2 Trick  8: teambinary leads 9H, rootbotz plays 10H -> rootbotz wins
  P2 Trick  9: rootbotz leads KS, teambinary plays 6C -> teambinary wins
  P2 Trick 10: teambinary leads 7H, rootbotz plays 8C -> rootbotz wins
  P2 Trick 11: rootbotz leads 6D, teambinary plays 7C -> teambinary wins
  P2 Trick 12: teambinary leads 4H, rootbotz plays 4D -> teambinary wins
  P2 Trick 13: teambinary leads 3H, rootbotz plays 10S -> teambinary wins
  Result: rootbotz 5 - 8 teambinary
  Winner: teambinary

============================================================
Game 20
============================================================
Players: teambinary vs rootbotz
Trump suit: D
Face-up card: QD
teambinary hand: 3C 8C AC 2D 8D 4H 9H 10H KH 2S 3S 9S KS
rootbotz hand: 2C 4C 6C QC KC JD JH 4S 5S 6S 10S JS QS
  P1 Trick  1: teambinary leads AC, rootbotz plays 2C -> teambinary wins
  P1 Trick  2: teambinary leads 8C, rootbotz plays JC -> rootbotz wins
  P1 Trick  3: rootbotz leads JD, teambinary plays QD -> teambinary wins
  P1 Trick  4: teambinary leads 10C, rootbotz plays QC -> rootbotz wins
  P1 Trick  5: rootbotz leads AD, teambinary plays 2D -> rootbotz wins
  P1 Trick  6: rootbotz leads 4S, teambinary plays 7S -> teambinary wins
  P1 Trick  7: teambinary leads 5C, rootbotz plays 4C -> teambinary wins
  P1 Trick  8: teambinary leads 9C, rootbotz plays KC -> rootbotz wins
  P1 Trick  9: rootbotz leads 9D, teambinary plays 7D -> rootbotz wins
  P1 Trick 10: rootbotz leads KD, teambinary plays 8D -> rootbotz wins
  P1 Trick 11: rootbotz leads 6D, teambinary plays 10D -> teambinary wins
  P1 Trick 12: teambinary leads 3C, rootbotz plays 6C -> rootbotz wins
  P1 Trick 13: rootbotz leads 3H, teambinary plays 4H -> teambinary wins

--- Phase 2 (Scoring) ---
  P2 Trick  1: teambinary leads KH, rootbotz plays AH -> rootbotz wins
  P2 Trick  2: rootbotz leads AS, teambinary plays 2S -> rootbotz wins
  P2 Trick  3: rootbotz leads QS, teambinary plays KS -> teambinary wins
  P2 Trick  4: teambinary leads QH, rootbotz plays 2H -> teambinary wins
  P2 Trick  5: teambinary leads 10H, rootbotz plays JH -> rootbotz wins
  P2 Trick  6: rootbotz leads JS, teambinary plays 3S -> rootbotz wins
  P2 Trick  7: rootbotz leads 10S, teambinary plays 8S -> rootbotz wins
  P2 Trick  8: rootbotz leads 6S, teambinary plays 9S -> teambinary wins
  P2 Trick  9: teambinary leads 9H, rootbotz plays 6H -> teambinary wins
  P2 Trick 10: teambinary leads 8H, rootbotz plays 3D -> rootbotz wins
  P2 Trick 11: rootbotz leads 5S, teambinary plays 5H -> rootbotz wins
  P2 Trick 12: rootbotz leads 5D, teambinary plays 7H -> rootbotz wins
  P2 Trick 13: rootbotz leads 4D, teambinary plays 7C -> rootbotz wins
  Result: teambinary 4 - 9 rootbotz
  Winner: rootbotz

============================================================
Game 21
============================================================
Players: rootbotz vs teambinary
Trump suit: D
Face-up card: 8D
rootbotz hand: 2C 8C 9D 10D AD 3H JH 3S 6S JS QS KS AS
teambinary hand: 3C QC 3D 4D JD 2H 5H 6H 7H 8H KH 2S 9S
  P1 Trick  1: rootbotz leads AD, teambinary plays 3D -> rootbotz wins
  P1 Trick  2: rootbotz leads 2C, teambinary plays 3C -> teambinary wins
  P1 Trick  3: teambinary leads QC, rootbotz plays 8C -> teambinary wins
  P1 Trick  4: teambinary leads 7C, rootbotz plays KC -> rootbotz wins
  P1 Trick  5: rootbotz leads 3H, teambinary plays 5H -> teambinary wins
  P1 Trick  6: teambinary leads 5C, rootbotz plays 4C -> teambinary wins
  P1 Trick  7: teambinary leads KH, rootbotz plays 10H -> teambinary wins
  P1 Trick  8: teambinary leads JC, rootbotz plays 10C -> teambinary wins
  P1 Trick  9: teambinary leads 10S, rootbotz plays JS -> rootbotz wins
  P1 Trick 10: rootbotz leads KD, teambinary plays 2D -> rootbotz wins
  P1 Trick 11: rootbotz leads QD, teambinary plays 4D -> rootbotz wins
  P1 Trick 12: rootbotz leads 3S, teambinary plays 4S -> teambinary wins
  P1 Trick 13: teambinary leads AC, rootbotz plays 9C -> teambinary wins

--- Phase 2 (Scoring) ---
  P2 Trick  1: teambinary leads AH, rootbotz plays JH -> teambinary wins
  P2 Trick  2: teambinary leads JD, rootbotz plays 5D -> teambinary wins
  P2 Trick  3: teambinary leads 9S, rootbotz plays QS -> rootbotz wins
  P2 Trick  4: rootbotz leads AS, teambinary plays 2S -> rootbotz wins
  P2 Trick  5: rootbotz leads KS, teambinary plays 5S -> rootbotz wins
  P2 Trick  6: rootbotz leads 7S, teambinary plays 8S -> teambinary wins
  P2 Trick  7: teambinary leads 9H, rootbotz plays QH -> rootbotz wins
  P2 Trick  8: rootbotz leads 6S, teambinary plays 6D -> teambinary wins
  P2 Trick  9: teambinary leads 8H, rootbotz plays 7D -> rootbotz wins
  P2 Trick 10: rootbotz leads 6C, teambinary plays 2H -> rootbotz wins
  P2 Trick 11: rootbotz leads 10D, teambinary plays 4H -> rootbotz wins
  P2 Trick 12: rootbotz leads 9D, teambinary plays 6H -> rootbotz wins
  P2 Trick 13: rootbotz leads 8D, teambinary plays 7H -> rootbotz wins
  Result: rootbotz 9 - 4 teambinary
  Winner: rootbotz

============================================================
Game 22
============================================================
Players: teambinary vs rootbotz
Trump suit: H
Face-up card: KH
teambinary hand: 2C 3C 9C KC 4D AD 3H 7H 8H 4S 10S QS AS
rootbotz hand: 4C 7C 8C 3D 7D 9D 4H 10H JH AH 5S 7S 9S
  P1 Trick  1: teambinary leads AD, rootbotz plays 3D -> teambinary wins
  P1 Trick  2: teambinary leads 4D, rootbotz plays 7D -> rootbotz wins
  P1 Trick  3: rootbotz leads AH, teambinary plays 3H -> rootbotz wins
  P1 Trick  4: rootbotz leads JH, teambinary plays KH -> teambinary wins
  P1 Trick  5: teambinary leads 5D, rootbotz plays 6D -> rootbotz wins
  P1 Trick  6: rootbotz leads 10H, teambinary plays 7H -> rootbotz wins
  P1 Trick  7: rootbotz leads 4C, teambinary plays 9C -> teambinary wins
  P1 Trick  8: teambinary leads 8D, rootbotz plays 9D -> rootbotz wins
  P1 Trick  9: rootbotz leads 5S, teambinary plays 8S -> teambinary wins
  P1 Trick 10: teambinary leads 2D, rootbotz plays 10D -> rootbotz wins
  P1 Trick 11: rootbotz leads 9H, teambinary plays 8H -> rootbotz wins
  P1 Trick 12: rootbotz leads 6S, teambinary plays 10S -> teambinary wins
  P1 Trick 13: teambinary leads KD, rootbotz plays QD -> teambinary wins

--- Phase 2 (Scoring) ---
  P2 Trick  1: teambinary leads AS, rootbotz plays 7S -> teambinary wins
  P2 Trick  2: teambinary leads KC, rootbotz plays AC -> rootbotz wins
  P2 Trick  3: rootbotz leads QC, teambinary plays 2C -> rootbotz wins
  P2 Trick  4: rootbotz leads JC, teambinary plays 3C -> rootbotz wins
  P2 Trick  5: rootbotz leads 10C, teambinary plays 5C -> rootbotz wins
  P2 Trick  6: rootbotz leads 8C, teambinary plays 6C -> rootbotz wins
  P2 Trick  7: rootbotz leads 7C, teambinary plays 2S -> rootbotz wins
  P2 Trick  8: rootbotz leads 9S, teambinary plays JS -> teambinary wins
  P2 Trick  9: teambinary leads KS, rootbotz plays 2H -> rootbotz wins
  P2 Trick 10: rootbotz leads QH, teambinary plays 3S -> rootbotz wins
  P2 Trick 11: rootbotz leads 6H, teambinary plays 4S -> rootbotz wins
  P2 Trick 12: rootbotz leads 5H, teambinary plays JD -> rootbotz wins
  P2 Trick 13: rootbotz leads 4H, teambinary plays QS -> rootbotz wins
  Result: teambinary 2 - 11 rootbotz
  Winner: rootbotz

============================================================
Game 23
============================================================
Players: rootbotz vs teambinary
Trump suit: H
Face-up card: 8H
rootbotz hand: 3C AC 6D 8D QD 6H 7H 10H AH 3S 4S 7S KS
teambinary hand: 4C 9C 10C JC 5D JD 4H 5H JH KH 2S 5S AS
  P1 Trick  1: rootbotz leads AH, teambinary plays 4H -> rootbotz wins
  P1 Trick  2: rootbotz leads 10H, teambinary plays JH -> teambinary wins
  P1 Trick  3: teambinary leads AS, rootbotz plays 3S -> teambinary wins
  P1 Trick  4: teambinary leads JC, rootbotz plays 3C -> teambinary wins
  P1 Trick  5: teambinary leads JD, rootbotz plays QD -> rootbotz wins
  P1 Trick  6: rootbotz leads QH, teambinary plays KH -> teambinary wins
  P1 Trick  7: teambinary leads 10C, rootbotz plays 5C -> teambinary wins
  P1 Trick  8: teambinary leads 9C, rootbotz plays AC -> rootbotz wins
  P1 Trick  9: rootbotz leads 9H, teambinary plays 3H -> rootbotz wins
  P1 Trick 10: rootbotz leads 8H, teambinary plays 5H -> rootbotz wins
  P1 Trick 11: rootbotz leads 2D, teambinary plays 3D -> teambinary wins
  P1 Trick 12: teambinary leads 4C, rootbotz plays 6C -> rootbotz wins
  P1 Trick 13: rootbotz leads 4S, teambinary plays 5S -> teambinary wins

--- Phase 2 (Scoring) ---
  P2 Trick  1: teambinary leads AD, rootbotz plays 4D -> teambinary wins
  P2 Trick  2: teambinary leads JS, rootbotz plays QS -> rootbotz wins
  P2 Trick  3: rootbotz leads KC, teambinary plays 2C -> rootbotz wins
  P2 Trick  4: rootbotz leads KD, teambinary plays 5D -> rootbotz wins
  P2 Trick  5: rootbotz leads QC, teambinary plays 2H -> teambinary wins
  P2 Trick  6: teambinary leads 10D, rootbotz plays 6D -> teambinary wins
  P2 Trick  7: teambinary leads 10S, rootbotz plays KS -> rootbotz wins
  P2 Trick  8: rootbotz leads 8C, teambinary plays 2S -> rootbotz wins
  P2 Trick  9: rootbotz leads 7S, teambinary plays 8S -> teambinary wins
  P2 Trick 10: teambinary leads 9D, rootbotz plays 8D -> teambinary wins
  P2 Trick 11: teambinary leads 9S, rootbotz plays 6H -> rootbotz wins
  P2 Trick 12: rootbotz leads 7C, teambinary plays 6S -> rootbotz wins
  P2 Trick 13: rootbotz leads 7H, teambinary plays 7D -> rootbotz wins
  Result: rootbotz 8 - 5 teambinary
  Winner: rootbotz

============================================================
Game 24
============================================================
Players: teambinary vs rootbotz
Trump suit: H
Face-up card: 3H
teambinary hand: 5C 10C 2D 5D 8D 2H 4H 9H 10H 3S 6S 10S AS
rootbotz hand: 2C 3C QC KC AC 6D JH QH 4S 7S 8S 9S KS
  P1 Trick  1: teambinary leads 10C, rootbotz plays QC -> rootbotz wins
  P1 Trick  2: rootbotz leads QH, teambinary plays 2H -> rootbotz wins
  P1 Trick  3: rootbotz leads 2C, teambinary plays 5C -> teambinary wins
  P1 Trick  4: teambinary leads 9C, rootbotz plays KC -> rootbotz wins
  P1 Trick  5: rootbotz leads AH, teambinary plays 4H -> rootbotz wins
  P1 Trick  6: rootbotz leads 3C, teambinary plays 3S -> rootbotz wins
  P1 Trick  7: rootbotz leads JH, teambinary plays KH -> teambinary wins
  P1 Trick  8: teambinary leads AS, rootbotz plays 4S -> teambinary wins
  P1 Trick  9: teambinary leads 10S, rootbotz plays 2S -> teambinary wins
  P1 Trick 10: teambinary leads 7C, rootbotz plays 8C -> rootbotz wins
  P1 Trick 11: rootbotz leads 7H, teambinary plays 9H -> teambinary wins
  P1 Trick 12: teambinary leads JC, rootbotz plays AC -> rootbotz wins
  P1 Trick 13: rootbotz leads 4D, teambinary plays 5D -> teambinary wins

--- Phase 2 (Scoring) ---
  P2 Trick  1: teambinary leads AD, rootbotz plays 6D -> teambinary wins
  P2 Trick  2: teambinary leads QD, rootbotz plays KD -> rootbotz wins
  P2 Trick  3: rootbotz leads KS, teambinary plays 5S -> rootbotz wins
  P2 Trick  4: rootbotz leads QS, teambinary plays 6S -> rootbotz wins
  P2 Trick  5: rootbotz leads JS, teambinary plays 6H -> teambinary wins
  P2 Trick  6: teambinary leads JD, rootbotz plays 3H -> rootbotz wins
  P2 Trick  7: rootbotz leads 9S, teambinary plays 10H -> teambinary wins
  P2 Trick  8: teambinary leads 10D, rootbotz plays 5H -> rootbotz wins
  P2 Trick  9: rootbotz leads 8S, teambinary plays 2D -> rootbotz wins
  P2 Trick 10: rootbotz leads 6C, teambinary plays 3D -> rootbotz wins
  P2 Trick 11: rootbotz leads 7S, teambinary plays 7D -> rootbotz wins
  P2 Trick 12: rootbotz leads 4C, teambinary plays 8D -> rootbotz wins
  P2 Trick 13: rootbotz leads 8H, teambinary plays 9D -> rootbotz wins
  Result: teambinary 3 - 10 rootbotz
  Winner: rootbotz

============================================================
Game 25
============================================================
Players: rootbotz vs teambinary
Trump suit: C
Face-up card: 7C
rootbotz hand: 5C QC 3D 4D 5D 7D QD 5H 7H 7S 9S JS AS
teambinary hand: 8C 9C AC 2D 9D 10D JD 3H KH AH 3S QS KS
  P1 Trick  1: rootbotz leads QC, teambinary plays AC -> teambinary wins
  P1 Trick  2: teambinary leads AH, rootbotz plays 5H -> teambinary wins
  P1 Trick  3: teambinary leads KH, rootbotz plays 7H -> teambinary wins
  P1 Trick  4: teambinary leads 3H, rootbotz plays 3D -> teambinary wins
  P1 Trick  5: teambinary leads 6H, rootbotz plays 2C -> rootbotz wins
  P1 Trick  6: rootbotz leads 10C, teambinary plays 3C -> rootbotz wins
  P1 Trick  7: rootbotz leads 4D, teambinary plays 9D -> teambinary wins
  P1 Trick  8: teambinary leads 2H, rootbotz plays JH -> rootbotz wins
  P1 Trick  9: rootbotz leads 6C, teambinary plays 7C -> teambinary wins
  P1 Trick 10: teambinary leads KD, rootbotz plays 5D -> teambinary wins
  P1 Trick 11: teambinary leads AD, rootbotz plays 6D -> teambinary wins
  P1 Trick 12: teambinary leads JD, rootbotz plays QD -> rootbotz wins
  P1 Trick 13: rootbotz leads 4H, teambinary plays 8H -> teambinary wins

--- Phase 2 (Scoring) ---
  P2 Trick  1: teambinary leads KS, rootbotz plays AS -> rootbotz wins
  P2 Trick  2: rootbotz leads JS, teambinary plays QS -> teambinary wins
  P2 Trick  3: teambinary leads JC, rootbotz plays KC -> rootbotz wins
  P2 Trick  4: rootbotz leads 10S, teambinary plays 2S -> rootbotz wins
  P2 Trick  5: rootbotz leads 9S, teambinary plays 3S -> rootbotz wins
  P2 Trick  6: rootbotz leads QH, teambinary plays 4C -> teambinary wins
  P2 Trick  7: teambinary leads 10D, rootbotz plays 7D -> teambinary wins
  P2 Trick  8: teambinary leads 9C, rootbotz plays 5C -> teambinary wins
  P2 Trick  9: teambinary leads 8C, rootbotz plays 5S -> teambinary wins
  P2 Trick 10: teambinary leads 8S, rootbotz plays 7S -> teambinary wins
  P2 Trick 11: teambinary leads 6S, rootbotz plays 8D -> teambinary wins
  P2 Trick 12: teambinary leads 4S, rootbotz plays 9H -> teambinary wins
  P2 Trick 13: teambinary leads 2D, rootbotz plays 10H -> teambinary wins
  Result: rootbotz 4 - 9 teambinary
  Winner: teambinary

============================================================
Game 26
============================================================
Players: teambinary vs rootbotz
Trump suit: H
Face-up card: 8H
teambinary hand: 3C 2D 4D 7D 8D JD KD 6H 7H 9H 6S 7S 10S
rootbotz hand: 6C QC KC AC 5D 10D QD AD 3H 5H 2S 4S KS
  P1 Trick  1: teambinary leads 3C, rootbotz plays 6C -> rootbotz wins
  P1 Trick  2: rootbotz leads 8H, teambinary plays 9H -> teambinary wins
  P1 Trick  3: teambinary leads AS, rootbotz plays 2S -> teambinary wins
  P1 Trick  4: teambinary leads 10S, rootbotz plays 4S -> teambinary wins
  P1 Trick  5: teambinary leads 9S, rootbotz plays KS -> rootbotz wins
  P1 Trick  6: rootbotz leads 4C, teambinary plays 6S -> rootbotz wins
  P1 Trick  7: rootbotz leads 5H, teambinary plays 6H -> teambinary wins
  P1 Trick  8: teambinary leads AH, rootbotz plays 3H -> teambinary wins
  P1 Trick  9: teambinary leads 7S, rootbotz plays 8S -> rootbotz wins
  P1 Trick 10: rootbotz leads 3S, teambinary plays 5S -> teambinary wins
  P1 Trick 11: teambinary leads 9C, rootbotz plays 10C -> rootbotz wins
  P1 Trick 12: rootbotz leads QH, teambinary plays KH -> teambinary wins
  P1 Trick 13: teambinary leads KD, rootbotz plays 5D -> teambinary wins

--- Phase 2 (Scoring) ---
  P2 Trick  1: teambinary leads JD, rootbotz plays QD -> rootbotz wins
  P2 Trick  2: rootbotz leads AC, teambinary plays 2C -> rootbotz wins
  P2 Trick  3: rootbotz leads KC, teambinary plays 2H -> teambinary wins
  P2 Trick  4: teambinary leads JH, rootbotz plays 4H -> teambinary wins
  P2 Trick  5: teambinary leads 10H, rootbotz plays 5C -> teambinary wins
  P2 Trick  6: teambinary leads 9D, rootbotz plays 10D -> rootbotz wins
  P2 Trick  7: rootbotz leads QC, teambinary plays 7H -> teambinary wins
  P2 Trick  8: teambinary leads 8D, rootbotz plays AD -> rootbotz wins
  P2 Trick  9: rootbotz leads JC, teambinary plays 2D -> rootbotz wins
  P2 Trick 10: rootbotz leads 8C, teambinary plays 3D -> rootbotz wins
  P2 Trick 11: rootbotz leads QS, teambinary plays 4D -> rootbotz wins
  P2 Trick 12: rootbotz leads 7C, teambinary plays 6D -> rootbotz wins
  P2 Trick 13: rootbotz leads JS, teambinary plays 7D -> rootbotz wins
  Result: teambinary 4 - 9 rootbotz
  Winner: rootbotz

============================================================
Game 27
============================================================
Players: rootbotz vs teambinary
Trump suit: D
Face-up card: KD
rootbotz hand: 7C 8C 9C 10C 6D 8D 10D JD 2H 10H JH 3S 8S
teambinary hand: 2C 6C 4D QD AD 3H 5H 6H QH AH 4S JS AS
  P1 Trick  1: rootbotz leads JD, teambinary plays QD -> teambinary wins
  P1 Trick  2: teambinary leads 6C, rootbotz plays 7C -> rootbotz wins
  P1 Trick  3: rootbotz leads 10D, teambinary plays KD -> teambinary wins
  P1 Trick  4: teambinary leads QC, rootbotz plays 8C -> teambinary wins
  P1 Trick  5: teambinary leads AD, rootbotz plays 6D -> teambinary wins
  P1 Trick  6: teambinary leads 2C, rootbotz plays 5C -> rootbotz wins
  P1 Trick  7: rootbotz leads 2H, teambinary plays 3H -> teambinary wins
  P1 Trick  8: teambinary leads AS, rootbotz plays 3S -> teambinary wins
  P1 Trick  9: teambinary leads JS, rootbotz plays KS -> rootbotz wins
  P1 Trick 10: rootbotz leads 8D, teambinary plays 9D -> teambinary wins
  P1 Trick 11: teambinary leads AC, rootbotz plays 3C -> teambinary wins
  P1 Trick 12: teambinary leads JC, rootbotz plays 4C -> teambinary wins
  P1 Trick 13: teambinary leads 9S, rootbotz plays 5S -> teambinary wins

--- Phase 2 (Scoring) ---
  P2 Trick  1: teambinary leads AH, rootbotz plays 4H -> teambinary wins
  P2 Trick  2: teambinary leads KH, rootbotz plays 10H -> teambinary wins
  P2 Trick  3: teambinary leads QH, rootbotz plays JH -> teambinary wins
  P2 Trick  4: teambinary leads 9H, rootbotz plays 5D -> rootbotz wins
  P2 Trick  5: rootbotz leads QS, teambinary plays 2S -> rootbotz wins
  P2 Trick  6: rootbotz leads 10S, teambinary plays 4S -> rootbotz wins
  P2 Trick  7: rootbotz leads 8S, teambinary plays 2D -> teambinary wins
  P2 Trick  8: teambinary leads 8H, rootbotz plays 7D -> rootbotz wins
  P2 Trick  9: rootbotz leads KC, teambinary plays 3D -> teambinary wins
  P2 Trick 10: teambinary leads 7H, rootbotz plays 6S -> teambinary wins
  P2 Trick 11: teambinary leads 6H, rootbotz plays 7S -> teambinary wins
  P2 Trick 12: teambinary leads 5H, rootbotz plays 9C -> teambinary wins
  P2 Trick 13: teambinary leads 4D, rootbotz plays 10C -> teambinary wins
  Result: rootbotz 4 - 9 teambinary
  Winner: teambinary

============================================================
Game 28
============================================================
Players: teambinary vs rootbotz
Trump suit: C
Face-up card: 8C
teambinary hand: 2C 5C 6C 9C KC AC 3D 4D 5H 7H 3S 5S KS
rootbotz hand: 10C JC 2D 5D 6D 7D 3H 10H 2S 9S 10S JS AS
  P1 Trick  1: teambinary leads AC, rootbotz plays 10C -> teambinary wins
  P1 Trick  2: teambinary leads 7H, rootbotz plays 10H -> rootbotz wins
  P1 Trick  3: rootbotz leads JC, teambinary plays KC -> teambinary wins
  P1 Trick  4: teambinary leads QH, rootbotz plays 3H -> teambinary wins
  P1 Trick  5: teambinary leads 5H, rootbotz plays KH -> rootbotz wins
  P1 Trick  6: rootbotz leads 2D, teambinary plays 3D -> teambinary wins
  P1 Trick  7: teambinary leads KS, rootbotz plays AS -> rootbotz wins
  P1 Trick  8: rootbotz leads 2S, teambinary plays 3S -> teambinary wins
  P1 Trick  9: teambinary leads 7S, rootbotz plays 4S -> teambinary wins
  P1 Trick 10: teambinary leads 8H, rootbotz plays 5D -> teambinary wins
  P1 Trick 11: teambinary leads 8S, rootbotz plays 6S -> teambinary wins
  P1 Trick 12: teambinary leads 9H, rootbotz plays 2H -> teambinary wins
  P1 Trick 13: teambinary leads 6H, rootbotz plays 4C -> rootbotz wins

--- Phase 2 (Scoring) ---
  P2 Trick  1: rootbotz leads AD, teambinary plays 4D -> rootbotz wins
  P2 Trick  2: rootbotz leads KD, teambinary plays 8D -> rootbotz wins
  P2 Trick  3: rootbotz leads QS, teambinary plays 5S -> rootbotz wins
  P2 Trick  4: rootbotz leads QD, teambinary plays 9D -> rootbotz wins
  P2 Trick  5: rootbotz leads JS, teambinary plays 2C -> teambinary wins
  P2 Trick  6: teambinary leads JD, rootbotz plays 6D -> teambinary wins
  P2 Trick  7: teambinary leads JH, rootbotz plays AH -> rootbotz wins
  P2 Trick  8: rootbotz leads 10S, teambinary plays 3C -> teambinary wins
  P2 Trick  9: teambinary leads 9C, rootbotz plays QC -> rootbotz wins
  P2 Trick 10: rootbotz leads 10D, teambinary plays 5C -> teambinary wins
  P2 Trick 11: teambinary leads 8C, rootbotz plays 7C -> teambinary wins
  P2 Trick 12: teambinary leads 6C, rootbotz plays 7D -> teambinary wins
  P2 Trick 13: teambinary leads 4H, rootbotz plays 9S -> teambinary wins
  Result: teambinary 7 - 6 rootbotz
  Winner: teambinary

============================================================
Game 29
============================================================
Players: rootbotz vs teambinary
Trump suit: S
Face-up card: 5S
rootbotz hand: 4C 5C 6C 4D 8D 2H 4H 9H KH AH 3S 10S AS
teambinary hand: 2C 3C 2D 10D JD AD 8H 2S 4S 7S 9S JS QS
  P1 Trick  1: rootbotz leads AS, teambinary plays 2S -> rootbotz wins
  P1 Trick  2: rootbotz leads 10S, teambinary plays JS -> teambinary wins
  P1 Trick  3: teambinary leads 3C, rootbotz plays 4C -> rootbotz wins
  P1 Trick  4: rootbotz leads 5S, teambinary plays 7S -> teambinary wins
  P1 Trick  5: teambinary leads 2C, rootbotz plays 5C -> rootbotz wins
  P1 Trick  6: rootbotz leads 3S, teambinary plays 4S -> teambinary wins
  P1 Trick  7: teambinary leads AD, rootbotz plays 4D -> teambinary wins
  P1 Trick  8: teambinary leads QH, rootbotz plays 2H -> teambinary wins
  P1 Trick  9: teambinary leads JD, rootbotz plays 5D -> teambinary wins
  P1 Trick 10: teambinary leads 8C, rootbotz plays 6C -> teambinary wins
  P1 Trick 11: teambinary leads 10D, rootbotz plays QD -> rootbotz wins
  P1 Trick 12: rootbotz leads AC, teambinary plays 2D -> rootbotz wins
  P1 Trick 13: rootbotz leads 4H, teambinary plays 6H -> teambinary wins

--- Phase 2 (Scoring) ---
  P2 Trick  1: teambinary leads KS, rootbotz plays 5H -> teambinary wins
  P2 Trick  2: teambinary leads QS, rootbotz plays 6D -> teambinary wins
  P2 Trick  3: teambinary leads 10H, rootbotz plays JH -> rootbotz wins
  P2 Trick  4: rootbotz leads KC, teambinary plays 7C -> rootbotz wins
  P2 Trick  5: rootbotz leads QC, teambinary plays 6S -> teambinary wins
  P2 Trick  6: teambinary leads 9S, rootbotz plays 8D -> teambinary wins
  P2 Trick  7: teambinary leads 9D, rootbotz plays KD -> rootbotz wins
  P2 Trick  8: rootbotz leads AH, teambinary plays 3H -> rootbotz wins
  P2 Trick  9: rootbotz leads JC, teambinary plays 8S -> teambinary wins
  P2 Trick 10: teambinary leads 8H, rootbotz plays 9H -> rootbotz wins
  P2 Trick 11: rootbotz leads 10C, teambinary plays 3D -> rootbotz wins
  P2 Trick 12: rootbotz leads KH, teambinary plays 7H -> rootbotz wins
  P2 Trick 13: rootbotz leads 9C, teambinary plays 7D -> rootbotz wins
  Result: rootbotz 8 - 5 teambinary
  Winner: rootbotz

============================================================
Game 30
============================================================
Players: teambinary vs rootbotz
Trump suit: S
Face-up card: 5S
teambinary hand: 4C 10C QC 6D 8D 9D QD 2H 8H QH 2S 4S 8S
rootbotz hand: 5C 7C 8C AC 2D 4D 7D KD 3H 5H KH AH JS
  P1 Trick  1: teambinary leads QH, rootbotz plays KH -> rootbotz wins
  P1 Trick  2: rootbotz leads JS, teambinary plays 2S -> rootbotz wins
  P1 Trick  3: rootbotz leads 9S, teambinary plays 3S -> rootbotz wins
  P1 Trick  4: rootbotz leads 5S, teambinary plays 8S -> teambinary wins
  P1 Trick  5: teambinary leads QC, rootbotz plays AC -> rootbotz wins
  P1 Trick  6: rootbotz leads AS, teambinary plays 4S -> rootbotz wins
  P1 Trick  7: rootbotz leads 2D, teambinary plays 5D -> teambinary wins
  P1 Trick  8: teambinary leads JC, rootbotz plays 5C -> teambinary wins
  P1 Trick  9: teambinary leads KC, rootbotz plays 7C -> teambinary wins
  P1 Trick 10: teambinary leads 10C, rootbotz plays 6C -> teambinary wins
  P1 Trick 11: teambinary leads 10H, rootbotz plays 3H -> teambinary wins
  P1 Trick 12: teambinary leads 9C, rootbotz plays 3C -> teambinary wins
  P1 Trick 13: teambinary leads 4C, rootbotz plays 8C -> rootbotz wins

--- Phase 2 (Scoring) ---
  P2 Trick  1: rootbotz leads KD, teambinary plays AD -> teambinary wins
  P2 Trick  2: teambinary leads QD, rootbotz plays 4D -> teambinary wins
  P2 Trick  3: teambinary leads 9D, rootbotz plays 10D -> rootbotz wins
  P2 Trick  4: rootbotz leads AH, teambinary plays 2H -> rootbotz wins
  P2 Trick  5: rootbotz leads JD, teambinary plays 3D -> rootbotz wins
  P2 Trick  6: rootbotz leads JH, teambinary plays 4H -> rootbotz wins
  P2 Trick  7: rootbotz leads 7D, teambinary plays 8D -> teambinary wins
  P2 Trick  8: teambinary leads 9H, rootbotz plays 5H -> teambinary wins
  P2 Trick  9: teambinary leads 8H, rootbotz plays 6S -> rootbotz wins
  P2 Trick 10: rootbotz leads KS, teambinary plays 2C -> rootbotz wins
  P2 Trick 11: rootbotz leads QS, teambinary plays 6D -> rootbotz wins
  P2 Trick 12: rootbotz leads 10S, teambinary plays 6H -> rootbotz wins
  P2 Trick 13: rootbotz leads 7S, teambinary plays 7H -> rootbotz wins
  Result: teambinary 4 - 9 rootbotz
  Winner: rootbotz

============================================================
Game 31
============================================================
Players: rootbotz vs teambinary
Trump suit: S
Face-up card: AS
rootbotz hand: 7C 9C 10C KC JD KD 7H QH 5S 6S 7S 9S JS
teambinary hand: 2C 5C 6C 4D 5D 6D 8D 3H 8H 2S 8S 10S QS
  P1 Trick  1: rootbotz leads JS, teambinary plays QS -> teambinary wins
  P1 Trick  2: teambinary leads 8H, rootbotz plays QH -> rootbotz wins
  P1 Trick  3: rootbotz leads KS, teambinary plays AS -> teambinary wins
  P1 Trick  4: teambinary leads 3H, rootbotz plays 7H -> rootbotz wins
  P1 Trick  5: rootbotz leads 3C, teambinary plays 5C -> teambinary wins
  P1 Trick  6: teambinary leads JH, rootbotz plays 3D -> teambinary wins
  P1 Trick  7: teambinary leads 6C, rootbotz plays 7C -> rootbotz wins
  P1 Trick  8: rootbotz leads 9C, teambinary plays 2C -> rootbotz wins
  P1 Trick  9: rootbotz leads 9S, teambinary plays 10S -> teambinary wins
  P1 Trick 10: teambinary leads 9H, rootbotz plays 5H -> teambinary wins
  P1 Trick 11: teambinary leads 2H, rootbotz plays 10H -> rootbotz wins
  P1 Trick 12: rootbotz leads 6H, teambinary plays 2S -> teambinary wins
  P1 Trick 13: teambinary leads 4C, rootbotz plays 8C -> rootbotz wins

--- Phase 2 (Scoring) ---
  P2 Trick  1: rootbotz leads AC, teambinary plays JC -> rootbotz wins
  P2 Trick  2: rootbotz leads KC, teambinary plays 3S -> teambinary wins
  P2 Trick  3: teambinary leads AD, rootbotz plays JD -> teambinary wins
  P2 Trick  4: teambinary leads QD, rootbotz plays KD -> rootbotz wins
  P2 Trick  5: rootbotz leads AH, teambinary plays 8S -> teambinary wins
  P2 Trick  6: teambinary leads 10D, rootbotz plays 4S -> rootbotz wins
  P2 Trick  7: rootbotz leads QC, teambinary plays 2D -> rootbotz wins
  P2 Trick  8: rootbotz leads KH, teambinary plays 4D -> rootbotz wins
  P2 Trick  9: rootbotz leads 10C, teambinary plays 5D -> rootbotz wins
  P2 Trick 10: rootbotz leads 4H, teambinary plays 6D -> rootbotz wins
  P2 Trick 11: rootbotz leads 7S, teambinary plays 7D -> rootbotz wins
  P2 Trick 12: rootbotz leads 6S, teambinary plays 8D -> rootbotz wins
  P2 Trick 13: rootbotz leads 5S, teambinary plays 9D -> rootbotz wins
  Result: rootbotz 10 - 3 teambinary
  Winner: rootbotz

============================================================
Game 32
============================================================
Players: teambinary vs rootbotz
Trump suit: D
Face-up card: 3D
teambinary hand: 3C 8C 10C AC 5D 10D QD AH 4S 5S 6S 7S KS
rootbotz hand: 6C 9C 6D 7D 8D 7H 8H 9H QH 3S 9S JS QS
  P1 Trick  1: teambinary leads AH, rootbotz plays 7H -> teambinary wins
  P1 Trick  2: teambinary leads AC, rootbotz plays 6C -> teambinary wins
  P1 Trick  3: teambinary leads JH, rootbotz plays QH -> rootbotz wins
  P1 Trick  4: rootbotz leads 8D, teambinary plays 10D -> teambinary wins
  P1 Trick  5: teambinary leads JC, rootbotz plays 7C -> teambinary wins
  P1 Trick  6: teambinary leads 4H, rootbotz plays 8H -> rootbotz wins
  P1 Trick  7: rootbotz leads 3S, teambinary plays 4S -> teambinary wins
  P1 Trick  8: teambinary leads 10C, rootbotz plays 9C -> teambinary wins
  P1 Trick  9: teambinary leads 5H, rootbotz plays 6H -> rootbotz wins
  P1 Trick 10: rootbotz leads 7D, teambinary plays QD -> teambinary wins
  P1 Trick 11: teambinary leads AD, rootbotz plays 2D -> teambinary wins
  P1 Trick 12: teambinary leads 8C, rootbotz plays QC -> rootbotz wins
  P1 Trick 13: rootbotz leads 2C, teambinary plays 3C -> teambinary wins

--- Phase 2 (Scoring) ---
  P2 Trick  1: teambinary leads KS, rootbotz plays AS -> rootbotz wins
  P2 Trick  2: rootbotz leads QS, teambinary plays 2S -> rootbotz wins
  P2 Trick  3: rootbotz leads KH, teambinary plays 2H -> rootbotz wins
  P2 Trick  4: rootbotz leads JS, teambinary plays 5S -> rootbotz wins
  P2 Trick  5: rootbotz leads 10H, teambinary plays 3D -> teambinary wins
  P2 Trick  6: teambinary leads KD, rootbotz plays 4D -> teambinary wins
  P2 Trick  7: teambinary leads JD, rootbotz plays 6D -> teambinary wins
  P2 Trick  8: teambinary leads 9D, rootbotz plays 3H -> teambinary wins
  P2 Trick  9: teambinary leads 8S, rootbotz plays 9S -> rootbotz wins
  P2 Trick 10: rootbotz leads KC, teambinary plays 4C -> rootbotz wins
  P2 Trick 11: rootbotz leads 9H, teambinary plays 5D -> teambinary wins
  P2 Trick 12: teambinary leads 7S, rootbotz plays 10S -> rootbotz wins
  P2 Trick 13: rootbotz leads 5C, teambinary plays 6S -> rootbotz wins
  Result: teambinary 5 - 8 rootbotz
  Winner: rootbotz

============================================================
Game 33
============================================================
Players: rootbotz vs teambinary
Trump suit: D
Face-up card: QD
rootbotz hand: 2C 4C 6C 8C QC 3D 7D 4H 7H 2S 5S 6S 9S
teambinary hand: 3C 5C 9C JC KC AC 5D 6D KD AD 3S 4S 7S
  P1 Trick  1: rootbotz leads 7D, teambinary plays KD -> teambinary wins
  P1 Trick  2: teambinary leads 7S, rootbotz plays 2S -> teambinary wins
  P1 Trick  3: teambinary leads 4S, rootbotz plays 5S -> rootbotz wins
  P1 Trick  4: rootbotz leads 3D, teambinary plays 5D -> teambinary wins
  P1 Trick  5: teambinary leads 10S, rootbotz plays KS -> rootbotz wins
  P1 Trick  6: rootbotz leads QC, teambinary plays KC -> teambinary wins
  P1 Trick  7: teambinary leads AD, rootbotz plays 2C -> teambinary wins
  P1 Trick  8: teambinary leads 3S, rootbotz plays 6S -> rootbotz wins
  P1 Trick  9: rootbotz leads 8D, teambinary plays 9D -> teambinary wins
  P1 Trick 10: teambinary leads AS, rootbotz plays 9S -> teambinary wins
  P1 Trick 11: teambinary leads 10H, rootbotz plays JH -> rootbotz wins
  P1 Trick 12: rootbotz leads 2H, teambinary plays 3H -> teambinary wins
  P1 Trick 13: teambinary leads 9H, rootbotz plays QH -> rootbotz wins

--- Phase 2 (Scoring) ---
  P2 Trick  1: rootbotz leads AH, teambinary plays 6H -> rootbotz wins
  P2 Trick  2: rootbotz leads 10C, teambinary plays JC -> teambinary wins
  P2 Trick  3: teambinary leads AC, rootbotz plays 4C -> teambinary wins
  P2 Trick  4: teambinary leads QD, rootbotz plays 4H -> teambinary wins
  P2 Trick  5: teambinary leads JD, rootbotz plays 5H -> teambinary wins
  P2 Trick  6: teambinary leads 10D, rootbotz plays 6C -> teambinary wins
  P2 Trick  7: teambinary leads 9C, rootbotz plays 7C -> teambinary wins
  P2 Trick  8: teambinary leads 8H, rootbotz plays KH -> rootbotz wins
  P2 Trick  9: rootbotz leads QS, teambinary plays 2D -> teambinary wins
  P2 Trick 10: teambinary leads 6D, rootbotz plays 7H -> teambinary wins
  P2 Trick 11: teambinary leads 5C, rootbotz plays 8C -> rootbotz wins
  P2 Trick 12: rootbotz leads JS, teambinary plays 4D -> teambinary wins
  P2 Trick 13: teambinary leads 3C, rootbotz plays 8S -> teambinary wins
  Result: rootbotz 3 - 10 teambinary
  Winner: teambinary

============================================================
Game 34
============================================================
Players: teambinary vs rootbotz
Trump suit: C
Face-up card: 8C
teambinary hand: 6C KC AC 2D 4D 8D QD KD 3H 10H KH 8S 10S
rootbotz hand: 2C 3C JC 10D JD 9H JH QH 2S 3S 6S JS AS
  P1 Trick  1: teambinary leads AC, rootbotz plays 2C -> teambinary wins
  P1 Trick  2: teambinary leads 10S, rootbotz plays JS -> rootbotz wins
  P1 Trick  3: rootbotz leads JC, teambinary plays KC -> teambinary wins
  P1 Trick  4: teambinary leads 8S, rootbotz plays AS -> rootbotz wins
  P1 Trick  5: rootbotz leads 2S, teambinary plays 6C -> teambinary wins
  P1 Trick  6: teambinary leads KH, rootbotz plays 9H -> teambinary wins
  P1 Trick  7: teambinary leads 10H, rootbotz plays 5H -> teambinary wins
  P1 Trick  8: teambinary leads 7S, rootbotz plays 3S -> teambinary wins
  P1 Trick  9: teambinary leads 9S, rootbotz plays 4S -> teambinary wins
  P1 Trick 10: teambinary leads 4H, rootbotz plays 6H -> rootbotz wins
  P1 Trick 11: rootbotz leads 10C, teambinary plays QC -> teambinary wins
  P1 Trick 12: teambinary leads KS, rootbotz plays 5S -> teambinary wins
  P1 Trick 13: teambinary leads 8H, rootbotz plays JH -> rootbotz wins

--- Phase 2 (Scoring) ---
  P2 Trick  1: rootbotz leads JD, teambinary plays QD -> teambinary wins
  P2 Trick  2: teambinary leads AD, rootbotz plays 3D -> teambinary wins
  P2 Trick  3: teambinary leads KD, rootbotz plays 10D -> teambinary wins
  P2 Trick  4: teambinary leads 9D, rootbotz plays 3C -> rootbotz wins
  P2 Trick  5: rootbotz leads AH, teambinary plays 2H -> rootbotz wins
  P2 Trick  6: rootbotz leads QS, teambinary plays 8C -> teambinary wins
  P2 Trick  7: teambinary leads 8D, rootbotz plays 4C -> rootbotz wins
  P2 Trick  8: rootbotz leads QH, teambinary plays 3H -> rootbotz wins
  P2 Trick  9: rootbotz leads 6S, teambinary plays 2D -> rootbotz wins
  P2 Trick 10: rootbotz leads 7H, teambinary plays 4D -> rootbotz wins
  P2 Trick 11: rootbotz leads 9C, teambinary plays 5D -> rootbotz wins
  P2 Trick 12: rootbotz leads 7C, teambinary plays 6D -> rootbotz wins
  P2 Trick 13: rootbotz leads 5C, teambinary plays 7D -> rootbotz wins
  Result: teambinary 4 - 9 rootbotz
  Winner: rootbotz

============================================================
Game 35
============================================================
Players: rootbotz vs teambinary
Trump suit: S
Face-up card: 5S
rootbotz hand: 8C JC 8D 9D 10D QD 2H 4H 10H KH AH QS AS
teambinary hand: 2C 6C 9C KC 2D 3D 5D KD 7H 8H 3S 6S KS
  P1 Trick  1: rootbotz leads AS, teambinary plays 3S -> rootbotz wins
  P1 Trick  2: rootbotz leads QS, teambinary plays KS -> teambinary wins
  P1 Trick  3: teambinary leads 8H, rootbotz plays 10H -> rootbotz wins
  P1 Trick  4: rootbotz leads 5S, teambinary plays 6S -> teambinary wins
  P1 Trick  5: teambinary leads QH, rootbotz plays KH -> rootbotz wins
  P1 Trick  6: rootbotz leads JS, teambinary plays 8S -> rootbotz wins
  P1 Trick  7: rootbotz leads 10S, teambinary plays 9S -> rootbotz wins
  P1 Trick  8: rootbotz leads 4S, teambinary plays 7H -> rootbotz wins
  P1 Trick  9: rootbotz leads 2H, teambinary plays JH -> teambinary wins
  P1 Trick 10: teambinary leads AC, rootbotz plays 8C -> teambinary wins
  P1 Trick 11: teambinary leads 3H, rootbotz plays 4H -> rootbotz wins
  P1 Trick 12: rootbotz leads 5H, teambinary plays 2C -> rootbotz wins
  P1 Trick 13: rootbotz leads 5C, teambinary plays 6C -> teambinary wins

--- Phase 2 (Scoring) ---
  P2 Trick  1: teambinary leads KD, rootbotz plays AD -> rootbotz wins
  P2 Trick  2: rootbotz leads QD, teambinary plays 2D -> rootbotz wins
  P2 Trick  3: rootbotz leads 10D, teambinary plays JD -> teambinary wins
  P2 Trick  4: teambinary leads KC, rootbotz plays 7C -> teambinary wins
  P2 Trick  5: teambinary leads 9C, rootbotz plays 10C -> rootbotz wins
  P2 Trick  6: rootbotz leads 9D, teambinary plays 3D -> rootbotz wins
  P2 Trick  7: rootbotz leads 8D, teambinary plays 4D -> rootbotz wins
  P2 Trick  8: rootbotz leads QC, teambinary plays 3C -> rootbotz wins
  P2 Trick  9: rootbotz leads JC, teambinary plays 4C -> rootbotz wins
  P2 Trick 10: rootbotz leads AH, teambinary plays 6H -> rootbotz wins
  P2 Trick 11: rootbotz leads 7D, teambinary plays 5D -> rootbotz wins
  P2 Trick 12: rootbotz leads 7S, teambinary plays 6D -> rootbotz wins
  P2 Trick 13: rootbotz leads 2S, teambinary plays 9H -> rootbotz wins
  Result: rootbotz 11 - 2 teambinary
  Winner: rootbotz

============================================================
Game 36
============================================================
Players: teambinary vs rootbotz
Trump suit: C
Face-up card: AC
teambinary hand: 3C 9C KC 2D 4D 8D 9D 2H 9H 10H 3S 10S KS
rootbotz hand: 4C 6C 10C QC 6D JD QD 4H 6H QH KH 4S 8S
  P1 Trick  1: teambinary leads KS, rootbotz plays 4S -> teambinary wins
  P1 Trick  2: teambinary leads 10S, rootbotz plays 8S -> teambinary wins
  P1 Trick  3: teambinary leads 3S, rootbotz plays 2C -> rootbotz wins
  P1 Trick  4: rootbotz leads QC, teambinary plays KC -> teambinary wins
  P1 Trick  5: teambinary leads QS, rootbotz plays 4H -> teambinary wins
  P1 Trick  6: teambinary leads JS, rootbotz plays 7S -> teambinary wins
  P1 Trick  7: teambinary leads AS, rootbotz plays 5S -> teambinary wins
  P1 Trick  8: teambinary leads 6S, rootbotz plays 5H -> teambinary wins
  P1 Trick  9: teambinary leads 2S, rootbotz plays 9S -> rootbotz wins
  P1 Trick 10: rootbotz leads 6H, teambinary plays 7H -> teambinary wins
  P1 Trick 11: teambinary leads AC, rootbotz plays 4C -> teambinary wins
  P1 Trick 12: teambinary leads AH, rootbotz plays 3H -> teambinary wins
  P1 Trick 13: teambinary leads 10H, rootbotz plays JH -> rootbotz wins

--- Phase 2 (Scoring) ---
  P2 Trick  1: rootbotz leads AD, teambinary plays 2D -> rootbotz wins
  P2 Trick  2: rootbotz leads KD, teambinary plays 4D -> rootbotz wins
  P2 Trick  3: rootbotz leads QD, teambinary plays 5D -> rootbotz wins
  P2 Trick  4: rootbotz leads JD, teambinary plays 7D -> rootbotz wins
  P2 Trick  5: rootbotz leads 10D, teambinary plays 8D -> rootbotz wins
  P2 Trick  6: rootbotz leads KH, teambinary plays 2H -> rootbotz wins
  P2 Trick  7: rootbotz leads 6D, teambinary plays 9D -> teambinary wins
  P2 Trick  8: teambinary leads 9H, rootbotz plays QH -> rootbotz wins
  P2 Trick  9: rootbotz leads 3D, teambinary plays 3C -> teambinary wins
  P2 Trick 10: teambinary leads 9C, rootbotz plays 10C -> rootbotz wins
  P2 Trick 11: rootbotz leads JC, teambinary plays 5C -> rootbotz wins
  P2 Trick 12: rootbotz leads 7C, teambinary plays 8C -> teambinary wins
  P2 Trick 13: teambinary leads 8H, rootbotz plays 6C -> rootbotz wins
  Result: teambinary 3 - 10 rootbotz
  Winner: rootbotz

============================================================
Game 37
============================================================
Players: rootbotz vs teambinary
Trump suit: S
Face-up card: 4S
rootbotz hand: 4D 5D KD AD 3H 6H 10H KH 2S 3S 5S 9S AS
teambinary hand: 2C 6C 8C 9C JC 7D 8D 4H 7H 8H QH AH 8S
  P1 Trick  1: rootbotz leads AS, teambinary plays 8S -> rootbotz wins
  P1 Trick  2: rootbotz leads 3H, teambinary plays 4H -> teambinary wins
  P1 Trick  3: teambinary leads AH, rootbotz plays 6H -> teambinary wins
  P1 Trick  4: teambinary leads QH, rootbotz plays KH -> rootbotz wins
  P1 Trick  5: rootbotz leads 9S, teambinary plays JS -> teambinary wins
  P1 Trick  6: teambinary leads 8H, rootbotz plays 10H -> rootbotz wins
  P1 Trick  7: rootbotz leads 3D, teambinary plays 6D -> teambinary wins
  P1 Trick  8: teambinary leads 7H, rootbotz plays 9H -> rootbotz wins
  P1 Trick  9: rootbotz leads 5S, teambinary plays 6S -> teambinary wins
  P1 Trick 10: teambinary leads 5H, rootbotz plays JH -> rootbotz wins
  P1 Trick 11: rootbotz leads QS, teambinary plays KS -> teambinary wins
  P1 Trick 12: teambinary leads 10D, rootbotz plays 4D -> teambinary wins
  P1 Trick 13: teambinary leads 9D, rootbotz plays QD -> rootbotz wins

--- Phase 2 (Scoring) ---
  P2 Trick  1: rootbotz leads AC, teambinary plays 2C -> rootbotz wins
  P2 Trick  2: rootbotz leads AD, teambinary plays 2D -> rootbotz wins
  P2 Trick  3: rootbotz leads 10C, teambinary plays JC -> teambinary wins
  P2 Trick  4: teambinary leads KC, rootbotz plays 3C -> teambinary wins
  P2 Trick  5: teambinary leads QC, rootbotz plays 5C -> teambinary wins
  P2 Trick  6: teambinary leads JD, rootbotz plays KD -> rootbotz wins
  P2 Trick  7: rootbotz leads 5D, teambinary plays 7D -> teambinary wins
  P2 Trick  8: teambinary leads 9C, rootbotz plays 2S -> rootbotz wins
  P2 Trick  9: rootbotz leads 2H, teambinary plays 4C -> rootbotz wins
  P2 Trick 10: rootbotz leads 10S, teambinary plays 6C -> rootbotz wins
  P2 Trick 11: rootbotz leads 7S, teambinary plays 7C -> rootbotz wins
  P2 Trick 12: rootbotz leads 4S, teambinary plays 8C -> rootbotz wins
  P2 Trick 13: rootbotz leads 3S, teambinary plays 8D -> rootbotz wins
  Result: rootbotz 9 - 4 teambinary
  Winner: rootbotz

============================================================
Game 38
============================================================
Players: teambinary vs rootbotz
Trump suit: C
Face-up card: 8C
teambinary hand: 9C 8D QD 3H 4H 8H QH KH AH 6S 7S 8S 9S
rootbotz hand: 3C 10C QC 4D 5D 7D JD AD 6H 7H 9H JH KS
  P1 Trick  1: teambinary leads QD, rootbotz plays AD -> rootbotz wins
  P1 Trick  2: rootbotz leads QC, teambinary plays 5C -> rootbotz wins
  P1 Trick  3: rootbotz leads 4D, teambinary plays 8D -> teambinary wins
  P1 Trick  4: teambinary leads 2D, rootbotz plays 5D -> rootbotz wins
  P1 Trick  5: rootbotz leads 5H, teambinary plays 8H -> teambinary wins
  P1 Trick  6: teambinary leads 9S, rootbotz plays 10S -> rootbotz wins
  P1 Trick  7: rootbotz leads KC, teambinary plays 7C -> rootbotz wins
  P1 Trick  8: rootbotz leads 10C, teambinary plays 9C -> rootbotz wins
  P1 Trick  9: rootbotz leads 6H, teambinary plays 10H -> teambinary wins
  P1 Trick 10: teambinary leads KD, rootbotz plays 7D -> teambinary wins
  P1 Trick 11: teambinary leads 9D, rootbotz plays 10D -> rootbotz wins
  P1 Trick 12: rootbotz leads 7H, teambinary plays QH -> teambinary wins
  P1 Trick 13: teambinary leads 3D, rootbotz plays JD -> rootbotz wins

--- Phase 2 (Scoring) ---
  P2 Trick  1: rootbotz leads AS, teambinary plays 2S -> rootbotz wins
  P2 Trick  2: rootbotz leads KS, teambinary plays 3S -> rootbotz wins
  P2 Trick  3: rootbotz leads JH, teambinary plays KH -> teambinary wins
  P2 Trick  4: teambinary leads AH, rootbotz plays 9H -> teambinary wins
  P2 Trick  5: teambinary leads 8S, rootbotz plays JS -> rootbotz wins
  P2 Trick  6: rootbotz leads QS, teambinary plays 4S -> rootbotz wins
  P2 Trick  7: rootbotz leads AC, teambinary plays 2H -> rootbotz wins
  P2 Trick  8: rootbotz leads JC, teambinary plays 3H -> rootbotz wins
  P2 Trick  9: rootbotz leads 8C, teambinary plays 4H -> rootbotz wins
  P2 Trick 10: rootbotz leads 6C, teambinary plays 5S -> rootbotz wins
  P2 Trick 11: rootbotz leads 4C, teambinary plays 6S -> rootbotz wins
  P2 Trick 12: rootbotz leads 3C, teambinary plays 6D -> rootbotz wins
  P2 Trick 13: rootbotz leads 2C, teambinary plays 7S -> rootbotz wins
  Result: teambinary 2 - 11 rootbotz
  Winner: rootbotz

============================================================
Game 39
============================================================
Players: rootbotz vs teambinary
Trump suit: C
Face-up card: 3C
rootbotz hand: 2C 8C AC 4D 5D 9D JD QD 3H 9H 2S 9S QS
teambinary hand: 4C 5C 6C 10C JC 2D 3D 7D 6H JH 4S 5S JS
  P1 Trick  1: rootbotz leads AC, teambinary plays 4C -> rootbotz wins
  P1 Trick  2: rootbotz leads 8C, teambinary plays 10C -> teambinary wins
  P1 Trick  3: teambinary leads AH, rootbotz plays 3H -> teambinary wins
  P1 Trick  4: teambinary leads JH, rootbotz plays 9H -> teambinary wins
  P1 Trick  5: teambinary leads 6H, rootbotz plays 8H -> rootbotz wins
  P1 Trick  6: rootbotz leads 2S, teambinary plays 4S -> teambinary wins
  P1 Trick  7: teambinary leads JS, rootbotz plays QS -> rootbotz wins
  P1 Trick  8: rootbotz leads 9C, teambinary plays JC -> teambinary wins
  P1 Trick  9: teambinary leads AS, rootbotz plays 9S -> teambinary wins
  P1 Trick 10: teambinary leads 6S, rootbotz plays 8S -> rootbotz wins
  P1 Trick 11: rootbotz leads 4D, teambinary plays 7D -> teambinary wins
  P1 Trick 12: teambinary leads 5H, rootbotz plays 7H -> rootbotz wins
  P1 Trick 13: rootbotz leads 3C, teambinary plays 5C -> teambinary wins

--- Phase 2 (Scoring) ---
  P2 Trick  1: teambinary leads AD, rootbotz plays 5D -> teambinary wins
  P2 Trick  2: teambinary leads KD, rootbotz plays 6D -> teambinary wins
  P2 Trick  3: teambinary leads KC, rootbotz plays 2C -> teambinary wins
  P2 Trick  4: teambinary leads QC, rootbotz plays 2H -> teambinary wins
  P2 Trick  5: teambinary leads 8D, rootbotz plays 9D -> rootbotz wins
  P2 Trick  6: rootbotz leads QD, teambinary plays 2D -> rootbotz wins
  P2 Trick  7: rootbotz leads KH, teambinary plays 4H -> rootbotz wins
  P2 Trick  8: rootbotz leads JD, teambinary plays 3D -> rootbotz wins
  P2 Trick  9: rootbotz leads QH, teambinary plays 6C -> teambinary wins
  P2 Trick 10: teambinary leads 7C, rootbotz plays 10S -> teambinary wins
  P2 Trick 11: teambinary leads 7S, rootbotz plays KS -> rootbotz wins
  P2 Trick 12: rootbotz leads 10D, teambinary plays 3S -> rootbotz wins
  P2 Trick 13: rootbotz leads 10H, teambinary plays 5S -> rootbotz wins
  Result: rootbotz 7 - 6 teambinary
  Winner: rootbotz

============================================================
Game 40
============================================================
Players: teambinary vs rootbotz
Trump suit: H
Face-up card: QH
teambinary hand: 10C 3D 9D JD AD 4H 7H 8H 10H 4S 5S 6S JS
rootbotz hand: 3C 4C 7C 8C JC 6D 10D 2H 3H 6H 8S 10S QS
  P1 Trick  1: teambinary leads 10C, rootbotz plays JC -> rootbotz wins
  P1 Trick  2: rootbotz leads 3C, teambinary plays 3D -> rootbotz wins
  P1 Trick  3: rootbotz leads QH, teambinary plays 4H -> rootbotz wins
  P1 Trick  4: rootbotz leads 6H, teambinary plays 7H -> teambinary wins
  P1 Trick  5: teambinary leads QC, rootbotz plays 4C -> teambinary wins
  P1 Trick  6: teambinary leads 6C, rootbotz plays 7C -> rootbotz wins
  P1 Trick  7: rootbotz leads 3H, teambinary plays 8H -> teambinary wins
  P1 Trick  8: teambinary leads KC, rootbotz plays AC -> rootbotz wins
  P1 Trick  9: rootbotz leads 2D, teambinary plays 4D -> teambinary wins
  P1 Trick 10: teambinary leads 5C, rootbotz plays 8C -> rootbotz wins
  P1 Trick 11: rootbotz leads AH, teambinary plays 9H -> rootbotz wins
  P1 Trick 12: rootbotz leads 6D, teambinary plays 9D -> teambinary wins
  P1 Trick 13: teambinary leads 2C, rootbotz plays 9C -> rootbotz wins

--- Phase 2 (Scoring) ---
  P2 Trick  1: rootbotz leads KS, teambinary plays AS -> teambinary wins
  P2 Trick  2: teambinary leads AD, rootbotz plays 7D -> teambinary wins
  P2 Trick  3: teambinary leads KD, rootbotz plays 10D -> teambinary wins
  P2 Trick  4: teambinary leads JD, rootbotz plays QD -> rootbotz wins
  P2 Trick  5: rootbotz leads QS, teambinary plays 2S -> rootbotz wins
  P2 Trick  6: rootbotz leads 10S, teambinary plays JS -> teambinary wins
  P2 Trick  7: teambinary leads JH, rootbotz plays KH -> rootbotz wins
  P2 Trick  8: rootbotz leads 9S, teambinary plays 4S -> rootbotz wins
  P2 Trick  9: rootbotz leads 8S, teambinary plays 5S -> rootbotz wins
  P2 Trick 10: rootbotz leads 7S, teambinary plays 6S -> rootbotz wins
  P2 Trick 11: rootbotz leads 3S, teambinary plays 10H -> teambinary wins
  P2 Trick 12: teambinary leads 8D, rootbotz plays 2H -> rootbotz wins
  P2 Trick 13: rootbotz leads 5H, teambinary plays 5D -> rootbotz wins
  Result: teambinary 5 - 8 rootbotz
  Winner: rootbotz

============================================================
Game 41
============================================================
Players: rootbotz vs teambinary
Trump suit: C
Face-up card: QC
rootbotz hand: 2C 4C 2D 3D 4D 7D QD 4H QH 4S QS KS AS
teambinary hand: 5C 6C 7C 9C 9D JD KD 3H JH KH 7S 9S 10S
  P1 Trick  1: rootbotz leads 4C, teambinary plays 5C -> teambinary wins
  P1 Trick  2: teambinary leads KD, rootbotz plays 2D -> teambinary wins
  P1 Trick  3: teambinary leads JD, rootbotz plays 3D -> teambinary wins
  P1 Trick  4: teambinary leads 9D, rootbotz plays 4D -> teambinary wins
  P1 Trick  5: teambinary leads KH, rootbotz plays 4H -> teambinary wins
  P1 Trick  6: teambinary leads JH, rootbotz plays QH -> rootbotz wins
  P1 Trick  7: rootbotz leads AC, teambinary plays 6C -> rootbotz wins
  P1 Trick  8: rootbotz leads KC, teambinary plays 7C -> rootbotz wins
  P1 Trick  9: rootbotz leads JC, teambinary plays QC -> teambinary wins
  P1 Trick 10: teambinary leads 10H, rootbotz plays 8H -> teambinary wins
  P1 Trick 11: teambinary leads 6H, rootbotz plays 9H -> rootbotz wins
  P1 Trick 12: rootbotz leads 3S, teambinary plays 5S -> teambinary wins
  P1 Trick 13: teambinary leads 6D, rootbotz plays 7D -> rootbotz wins

--- Phase 2 (Scoring) ---
  P2 Trick  1: rootbotz leads AD, teambinary plays 5D -> rootbotz wins
  P2 Trick  2: rootbotz leads AS, teambinary plays 2S -> rootbotz wins
  P2 Trick  3: rootbotz leads QD, teambinary plays 9C -> teambinary wins
  P2 Trick  4: teambinary leads JS, rootbotz plays QS -> rootbotz wins
  P2 Trick  5: rootbotz leads KS, teambinary plays 6S -> rootbotz wins
  P2 Trick  6: rootbotz leads AH, teambinary plays 2H -> rootbotz wins
  P2 Trick  7: rootbotz leads 10D, teambinary plays 10C -> teambinary wins
  P2 Trick  8: teambinary leads 10S, rootbotz plays 4S -> teambinary wins
  P2 Trick  9: teambinary leads 9S, rootbotz plays 2C -> rootbotz wins
  P2 Trick 10: rootbotz leads 8D, teambinary plays 3H -> rootbotz wins
  P2 Trick 11: rootbotz leads 7H, teambinary plays 5H -> rootbotz wins
  P2 Trick 12: rootbotz leads 8C, teambinary plays 7S -> rootbotz wins
  P2 Trick 13: rootbotz leads 3C, teambinary plays 8S -> rootbotz wins
  Result: rootbotz 10 - 3 teambinary
  Winner: rootbotz

============================================================
Game 42
============================================================
Players: teambinary vs rootbotz
Trump suit: D
Face-up card: QD
teambinary hand: 7C 8C JC QC 3D 3H 6H 7H 8H 9H QH 2S 7S
rootbotz hand: 2C 10C KC AC 2D 5D 6D 9D 10D 5H KH 6S AS
  P1 Trick  1: teambinary leads 7S, rootbotz plays AS -> rootbotz wins
  P1 Trick  2: rootbotz leads 2C, teambinary plays 7C -> teambinary wins
  P1 Trick  3: teambinary leads 4S, rootbotz plays 6S -> rootbotz wins
  P1 Trick  4: rootbotz leads 2H, teambinary plays 3H -> teambinary wins
  P1 Trick  5: teambinary leads 2S, rootbotz plays 5H -> teambinary wins
  P1 Trick  6: teambinary leads 8S, rootbotz plays 6C -> teambinary wins
  P1 Trick  7: teambinary leads 9S, rootbotz plays 4H -> teambinary wins
  P1 Trick  8: teambinary leads 3S, rootbotz plays 10C -> teambinary wins
  P1 Trick  9: teambinary leads QC, rootbotz plays KC -> rootbotz wins
  P1 Trick 10: rootbotz leads QD, teambinary plays AD -> teambinary wins
  P1 Trick 11: teambinary leads 10S, rootbotz plays 5S -> teambinary wins
  P1 Trick 12: teambinary leads KS, rootbotz plays 2D -> rootbotz wins
  P1 Trick 13: rootbotz leads KD, teambinary plays 3D -> rootbotz wins

--- Phase 2 (Scoring) ---
  P2 Trick  1: rootbotz leads AH, teambinary plays 6H -> rootbotz wins
  P2 Trick  2: rootbotz leads KH, teambinary plays 7H -> rootbotz wins
  P2 Trick  3: rootbotz leads AC, teambinary plays 4C -> rootbotz wins
  P2 Trick  4: rootbotz leads 10H, teambinary plays JH -> teambinary wins
  P2 Trick  5: teambinary leads QH, rootbotz plays 4D -> rootbotz wins
  P2 Trick  6: rootbotz leads 3C, teambinary plays 5C -> teambinary wins
  P2 Trick  7: teambinary leads JC, rootbotz plays 5D -> rootbotz wins
  P2 Trick  8: rootbotz leads QS, teambinary plays JS -> rootbotz wins
  P2 Trick  9: rootbotz leads JD, teambinary plays 8D -> rootbotz wins
  P2 Trick 10: rootbotz leads 10D, teambinary plays 8C -> rootbotz wins
  P2 Trick 11: rootbotz leads 9D, teambinary plays 8H -> rootbotz wins
  P2 Trick 12: rootbotz leads 7D, teambinary plays 9H -> rootbotz wins
  P2 Trick 13: rootbotz leads 6D, teambinary plays 9C -> rootbotz wins
  Result: teambinary 2 - 11 rootbotz
  Winner: rootbotz

============================================================
Game 43
============================================================
Players: rootbotz vs teambinary
Trump suit: D
Face-up card: 4D
rootbotz hand: 8C 10C AC 5D 6D 9D 10D JD 2H 3H JH 5S 10S
teambinary hand: 6C 7D 8D QD 5H 9H AH 3S 4S 7S QS KS AS
  P1 Trick  1: rootbotz leads JD, teambinary plays QD -> teambinary wins
  P1 Trick  2: teambinary leads 6C, rootbotz plays 8C -> rootbotz wins
  P1 Trick  3: rootbotz leads 2H, teambinary plays 5H -> teambinary wins
  P1 Trick  4: teambinary leads AH, rootbotz plays 3H -> teambinary wins
  P1 Trick  5: teambinary leads 9H, rootbotz plays JH -> rootbotz wins
  P1 Trick  6: rootbotz leads 5S, teambinary plays 7S -> teambinary wins
  P1 Trick  7: teambinary leads 7C, rootbotz plays 10C -> rootbotz wins
  P1 Trick  8: rootbotz leads 6H, teambinary plays 4H -> rootbotz wins
  P1 Trick  9: rootbotz leads 6S, teambinary plays 9S -> teambinary wins
  P1 Trick 10: teambinary leads 5C, rootbotz plays QC -> rootbotz wins
  P1 Trick 11: rootbotz leads 8H, teambinary plays KH -> teambinary wins
  P1 Trick 12: teambinary leads 7H, rootbotz plays 10H -> rootbotz wins
  P1 Trick 13: rootbotz leads AD, teambinary plays 4D -> rootbotz wins

--- Phase 2 (Scoring) ---
  P2 Trick  1: rootbotz leads AC, teambinary plays 2C -> rootbotz wins
  P2 Trick  2: rootbotz leads JS, teambinary plays QS -> teambinary wins
  P2 Trick  3: teambinary leads AS, rootbotz plays 2S -> teambinary wins
  P2 Trick  4: teambinary leads KS, rootbotz plays 10S -> teambinary wins
  P2 Trick  5: teambinary leads QH, rootbotz plays 2D -> rootbotz wins
  P2 Trick  6: rootbotz leads KC, teambinary plays 3C -> rootbotz wins
  P2 Trick  7: rootbotz leads 9C, teambinary plays JC -> teambinary wins
  P2 Trick  8: teambinary leads 8D, rootbotz plays 9D -> rootbotz wins
  P2 Trick  9: rootbotz leads KD, teambinary plays 7D -> rootbotz wins
  P2 Trick 10: rootbotz leads 10D, teambinary plays 3S -> rootbotz wins
  P2 Trick 11: rootbotz leads 6D, teambinary plays 4S -> rootbotz wins
  P2 Trick 12: rootbotz leads 5D, teambinary plays 4C -> rootbotz wins
  P2 Trick 13: rootbotz leads 3D, teambinary plays 8S -> rootbotz wins
  Result: rootbotz 9 - 4 teambinary
  Winner: rootbotz

============================================================
Game 44
============================================================
Players: teambinary vs rootbotz
Trump suit: H
Face-up card: AH
teambinary hand: 4C KC 6D 8D 9D JD KD 3H 7H 10H JH JS KS
rootbotz hand: 2C 6C 8C 10C JC AC 4D 10D QD KH 2S 9S AS
  P1 Trick  1: teambinary leads KS, rootbotz plays AS -> rootbotz wins
  P1 Trick  2: rootbotz leads AH, teambinary plays 3H -> rootbotz wins
  P1 Trick  3: rootbotz leads 2C, teambinary plays 4C -> teambinary wins
  P1 Trick  4: teambinary leads QS, rootbotz plays 2S -> teambinary wins
  P1 Trick  5: teambinary leads JS, rootbotz plays 6S -> teambinary wins
  P1 Trick  6: teambinary leads 7S, rootbotz plays 9S -> rootbotz wins
  P1 Trick  7: rootbotz leads 3C, teambinary plays 5C -> teambinary wins
  P1 Trick  8: teambinary leads KC, rootbotz plays 6C -> teambinary wins
  P1 Trick  9: teambinary leads 9C, rootbotz plays 8C -> teambinary wins
  P1 Trick 10: teambinary leads 7C, rootbotz plays 10C -> rootbotz wins
  P1 Trick 11: rootbotz leads 4D, teambinary plays 6D -> teambinary wins
  P1 Trick 12: teambinary leads 10S, rootbotz plays 8S -> teambinary wins
  P1 Trick 13: teambinary leads 5S, rootbotz plays 3S -> teambinary wins

--- Phase 2 (Scoring) ---
  P2 Trick  1: teambinary leads KD, rootbotz plays AD -> rootbotz wins
  P2 Trick  2: rootbotz leads QD, teambinary plays 2D -> rootbotz wins
  P2 Trick  3: rootbotz leads AC, teambinary plays 2H -> teambinary wins
  P2 Trick  4: teambinary leads JD, rootbotz plays 7D -> teambinary wins
  P2 Trick  5: teambinary leads JH, rootbotz plays QH -> rootbotz wins
  P2 Trick  6: rootbotz leads QC, teambinary plays 7H -> teambinary wins
  P2 Trick  7: teambinary leads 10H, rootbotz plays KH -> rootbotz wins
  P2 Trick  8: rootbotz leads JC, teambinary plays 8H -> teambinary wins
  P2 Trick  9: teambinary leads 9D, rootbotz plays 10D -> rootbotz wins
  P2 Trick 10: rootbotz leads 9H, teambinary plays 3D -> rootbotz wins
  P2 Trick 11: rootbotz leads 6H, teambinary plays 4S -> rootbotz wins
  P2 Trick 12: rootbotz leads 5H, teambinary plays 5D -> rootbotz wins
  P2 Trick 13: rootbotz leads 4H, teambinary plays 8D -> rootbotz wins
  Result: teambinary 4 - 9 rootbotz
  Winner: rootbotz

============================================================
Game 45
============================================================
Players: rootbotz vs teambinary
Trump suit: C
Face-up card: 5C
rootbotz hand: 3C 10C KC 2D QD AD 4H 7H 9H KH 2S 3S 5S
teambinary hand: 2C 6C 8C JC QC 4D 8D 2H 5H 10H QH QS AS
  P1 Trick  1: rootbotz leads KC, teambinary plays 2C -> rootbotz wins
  P1 Trick  2: rootbotz leads 10C, teambinary plays JC -> teambinary wins
  P1 Trick  3: teambinary leads AS, rootbotz plays 2S -> teambinary wins
  P1 Trick  4: teambinary leads QS, rootbotz plays 3S -> teambinary wins
  P1 Trick  5: teambinary leads 10D, rootbotz plays 2D -> teambinary wins
  P1 Trick  6: teambinary leads 8D, rootbotz plays QD -> rootbotz wins
  P1 Trick  7: rootbotz leads 5C, teambinary plays 6C -> teambinary wins
  P1 Trick  8: teambinary leads 10S, rootbotz plays 5S -> teambinary wins
  P1 Trick  9: teambinary leads AC, rootbotz plays 3C -> teambinary wins
  P1 Trick 10: teambinary leads 5D, rootbotz plays 6D -> rootbotz wins
  P1 Trick 11: rootbotz leads 4H, teambinary plays 5H -> teambinary wins
  P1 Trick 12: teambinary leads 9D, rootbotz plays AD -> rootbotz wins
  P1 Trick 13: rootbotz leads 6S, teambinary plays 3D -> rootbotz wins

--- Phase 2 (Scoring) ---
  P2 Trick  1: rootbotz leads KS, teambinary plays 7C -> teambinary wins
  P2 Trick  2: teambinary leads AH, rootbotz plays 7H -> teambinary wins
  P2 Trick  3: teambinary leads KD, rootbotz plays JD -> teambinary wins
  P2 Trick  4: teambinary leads QH, rootbotz plays KH -> rootbotz wins
  P2 Trick  5: rootbotz leads JS, teambinary plays 8C -> teambinary wins
  P2 Trick  6: teambinary leads QC, rootbotz plays 4C -> teambinary wins
  P2 Trick  7: teambinary leads JH, rootbotz plays 8H -> teambinary wins
  P2 Trick  8: teambinary leads 10H, rootbotz plays 9H -> teambinary wins
  P2 Trick  9: teambinary leads 7D, rootbotz plays 9C -> rootbotz wins
  P2 Trick 10: rootbotz leads 9S, teambinary plays 2H -> rootbotz wins
  P2 Trick 11: rootbotz leads 8S, teambinary plays 3H -> rootbotz wins
  P2 Trick 12: rootbotz leads 7S, teambinary plays 4D -> rootbotz wins
  P2 Trick 13: rootbotz leads 4S, teambinary plays 6H -> rootbotz wins
  Result: rootbotz 6 - 7 teambinary
  Winner: teambinary

============================================================
Game 46
============================================================
Players: teambinary vs rootbotz
Trump suit: C
Face-up card: 3C
teambinary hand: 4C 7C 10D JD QD 2H 3H 8H QH AH 3S 6S AS
rootbotz hand: 2C 6C 8C 9C QC 7D AD 2S 4S 8S 9S JS KS
  P1 Trick  1: teambinary leads AS, rootbotz plays 2S -> teambinary wins
  P1 Trick  2: teambinary leads 6S, rootbotz plays 4S -> teambinary wins
  P1 Trick  3: teambinary leads 3S, rootbotz plays 8S -> rootbotz wins
  P1 Trick  4: rootbotz leads 7D, teambinary plays 10D -> teambinary wins
  P1 Trick  5: teambinary leads QD, rootbotz plays AD -> rootbotz wins
  P1 Trick  6: rootbotz leads AC, teambinary plays 3C -> rootbotz wins
  P1 Trick  7: rootbotz leads 2D, teambinary plays 3D -> teambinary wins
  P1 Trick  8: teambinary leads JD, rootbotz plays KD -> rootbotz wins
  P1 Trick  9: rootbotz leads 7H, teambinary plays 8H -> teambinary wins
  P1 Trick 10: teambinary leads 7S, rootbotz plays 5S -> teambinary wins
  P1 Trick 11: teambinary leads 6D, rootbotz plays 8D -> rootbotz wins
  P1 Trick 12: rootbotz leads KC, teambinary plays 4C -> rootbotz wins
  P1 Trick 13: rootbotz leads QC, teambinary plays 7C -> rootbotz wins

--- Phase 2 (Scoring) ---
  P2 Trick  1: rootbotz leads KS, teambinary plays 10C -> teambinary wins
  P2 Trick  2: teambinary leads AH, rootbotz plays 9H -> teambinary wins
  P2 Trick  3: teambinary leads KH, rootbotz plays 10H -> teambinary wins
  P2 Trick  4: teambinary leads QH, rootbotz plays 2C -> rootbotz wins
  P2 Trick  5: rootbotz leads QS, teambinary plays 2H -> rootbotz wins
  P2 Trick  6: rootbotz leads JS, teambinary plays 3H -> rootbotz wins
  P2 Trick  7: rootbotz leads 10S, teambinary plays 4H -> rootbotz wins
  P2 Trick  8: rootbotz leads 9S, teambinary plays 4D -> rootbotz wins
  P2 Trick  9: rootbotz leads JC, teambinary plays 5H -> rootbotz wins
  P2 Trick 10: rootbotz leads 9C, teambinary plays 5D -> rootbotz wins
  P2 Trick 11: rootbotz leads 8C, teambinary plays 6H -> rootbotz wins
  P2 Trick 12: rootbotz leads 6C, teambinary plays 9D -> rootbotz wins
  P2 Trick 13: rootbotz leads 5C, teambinary plays JH -> rootbotz wins
  Result: teambinary 3 - 10 rootbotz
  Winner: rootbotz

============================================================
Game 47
============================================================
Players: rootbotz vs teambinary
Trump suit: D
Face-up card: QD
rootbotz hand: 6C 8C 10C 2D AD 2H JH KH 2S 6S 8S 10S KS
teambinary hand: 3C 4C 5C 7C 3D 4D JD 6H 8H 9H 10H AH 9S
  P1 Trick  1: rootbotz leads AD, teambinary plays 3D -> rootbotz wins
  P1 Trick  2: rootbotz leads QD, teambinary plays 4D -> rootbotz wins
  P1 Trick  3: rootbotz leads 2D, teambinary plays JD -> teambinary wins
  P1 Trick  4: teambinary leads AS, rootbotz plays 2S -> teambinary wins
  P1 Trick  5: teambinary leads QS, rootbotz plays KS -> rootbotz wins
  P1 Trick  6: rootbotz leads 7D, teambinary plays 6D -> rootbotz wins
  P1 Trick  7: rootbotz leads 5D, teambinary plays 9S -> rootbotz wins
  P1 Trick  8: rootbotz leads 9D, teambinary plays 8D -> rootbotz wins
  P1 Trick  9: rootbotz leads 2H, teambinary plays 4H -> teambinary wins
  P1 Trick 10: teambinary leads 3S, rootbotz plays 4S -> rootbotz wins
  P1 Trick 11: rootbotz leads 6C, teambinary plays 7C -> teambinary wins
  P1 Trick 12: teambinary leads 5S, rootbotz plays 6S -> rootbotz wins
  P1 Trick 13: rootbotz leads 8C, teambinary plays KC -> teambinary wins

--- Phase 2 (Scoring) ---
  P2 Trick  1: teambinary leads AH, rootbotz plays JH -> teambinary wins
  P2 Trick  2: teambinary leads 10H, rootbotz plays QH -> rootbotz wins
  P2 Trick  3: rootbotz leads JS, teambinary plays 2C -> rootbotz wins
  P2 Trick  4: rootbotz leads AC, teambinary plays 3C -> rootbotz wins
  P2 Trick  5: rootbotz leads 10S, teambinary plays 3H -> rootbotz wins
  P2 Trick  6: rootbotz leads QC, teambinary plays 4C -> rootbotz wins
  P2 Trick  7: rootbotz leads 8S, teambinary plays 5C -> rootbotz wins
  P2 Trick  8: rootbotz leads JC, teambinary plays 9C -> rootbotz wins
  P2 Trick  9: rootbotz leads 10C, teambinary plays 5H -> rootbotz wins
  P2 Trick 10: rootbotz leads KH, teambinary plays 6H -> rootbotz wins
  P2 Trick 11: rootbotz leads 7S, teambinary plays 7H -> rootbotz wins
  P2 Trick 12: rootbotz leads KD, teambinary plays 8H -> rootbotz wins
  P2 Trick 13: rootbotz leads 10D, teambinary plays 9H -> rootbotz wins
  Result: rootbotz 12 - 1 teambinary
  Winner: rootbotz

============================================================
Game 48
============================================================
Players: teambinary vs rootbotz
Trump suit: H
Face-up card: KH
teambinary hand: 3C 6C JC 7D JD 3H 9H QH 2S 3S 10S KS AS
rootbotz hand: 8C QC 3D 4D 5D 8D 10D 5H 7H 5S 7S JS QS
  P1 Trick  1: teambinary leads JD, rootbotz plays 3D -> teambinary wins
  P1 Trick  2: teambinary leads 7D, rootbotz plays 4D -> teambinary wins
  P1 Trick  3: teambinary leads JC, rootbotz plays 8C -> teambinary wins
  P1 Trick  4: teambinary leads 6D, rootbotz plays 8D -> rootbotz wins
  P1 Trick  5: rootbotz leads AH, teambinary plays 3H -> rootbotz wins
  P1 Trick  6: rootbotz leads 8H, teambinary plays 9H -> teambinary wins
  P1 Trick  7: teambinary leads KD, rootbotz plays AD -> rootbotz wins
  P1 Trick  8: rootbotz leads 5D, teambinary plays 3C -> rootbotz wins
  P1 Trick  9: rootbotz leads 2C, teambinary plays 4C -> teambinary wins
  P1 Trick 10: teambinary leads AC, rootbotz plays 7C -> teambinary wins
  P1 Trick 11: teambinary leads 9C, rootbotz plays QC -> rootbotz wins
  P1 Trick 12: rootbotz leads 5S, teambinary plays 10S -> teambinary wins
  P1 Trick 13: teambinary leads 6C, rootbotz plays KC -> rootbotz wins

--- Phase 2 (Scoring) ---
  P2 Trick  1: rootbotz leads QS, teambinary plays KS -> teambinary wins
  P2 Trick  2: teambinary leads AS, rootbotz plays 6S -> teambinary wins
  P2 Trick  3: teambinary leads KH, rootbotz plays 2H -> teambinary wins
  P2 Trick  4: teambinary leads QH, rootbotz plays 5H -> teambinary wins
  P2 Trick  5: teambinary leads JH, rootbotz plays 7H -> teambinary wins
  P2 Trick  6: teambinary leads 10H, rootbotz plays 7S -> teambinary wins
  P2 Trick  7: teambinary leads 6H, rootbotz plays 8S -> teambinary wins
  P2 Trick  8: teambinary leads 5C, rootbotz plays 10C -> rootbotz wins
  P2 Trick  9: rootbotz leads QD, teambinary plays 2D -> rootbotz wins
  P2 Trick 10: rootbotz leads JS, teambinary plays 2S -> rootbotz wins
  P2 Trick 11: rootbotz leads 10D, teambinary plays 4H -> teambinary wins
  P2 Trick 12: teambinary leads 4S, rootbotz plays 9S -> rootbotz wins
  P2 Trick 13: rootbotz leads 9D, teambinary plays 3S -> rootbotz wins
  Result: teambinary 8 - 5 rootbotz
  Winner: teambinary

============================================================
Game 49
============================================================
Players: rootbotz vs teambinary
Trump suit: C
Face-up card: QC
rootbotz hand: 4C 2D 5D 6D QD 3H 5H 6H KH 2S 6S QS AS
teambinary hand: 3C 7C 9C 4D JD KD AD 2H 8H 3S 8S 9S 10S
  P1 Trick  1: rootbotz leads 4C, teambinary plays 7C -> teambinary wins
  P1 Trick  2: teambinary leads 8H, rootbotz plays KH -> rootbotz wins
  P1 Trick  3: rootbotz leads AC, teambinary plays 3C -> rootbotz wins
  P1 Trick  4: rootbotz leads 5C, teambinary plays 9C -> teambinary wins
  P1 Trick  5: teambinary leads AH, rootbotz plays 3H -> teambinary wins
  P1 Trick  6: teambinary leads JH, rootbotz plays 5H -> teambinary wins
  P1 Trick  7: teambinary leads 10S, rootbotz plays 2S -> teambinary wins
  P1 Trick  8: teambinary leads 9S, rootbotz plays 6S -> teambinary wins
  P1 Trick  9: teambinary leads 9H, rootbotz plays 10H -> rootbotz wins
  P1 Trick 10: rootbotz leads 10C, teambinary plays QC -> teambinary wins
  P1 Trick 11: teambinary leads 4H, rootbotz plays 6H -> rootbotz wins
  P1 Trick 12: rootbotz leads 2D, teambinary plays 4D -> teambinary wins
  P1 Trick 13: teambinary leads 7H, rootbotz plays QH -> rootbotz wins

--- Phase 2 (Scoring) ---
  P2 Trick  1: rootbotz leads AS, teambinary plays 3S -> rootbotz wins
  P2 Trick  2: rootbotz leads QD, teambinary plays KD -> teambinary wins
  P2 Trick  3: teambinary leads AD, rootbotz plays 3D -> teambinary wins
  P2 Trick  4: teambinary leads KC, rootbotz plays 2C -> teambinary wins
  P2 Trick  5: teambinary leads JD, rootbotz plays 5D -> teambinary wins
  P2 Trick  6: teambinary leads JC, rootbotz plays 8C -> teambinary wins
  P2 Trick  7: teambinary leads 10D, rootbotz plays 6D -> teambinary wins
  P2 Trick  8: teambinary leads 9D, rootbotz plays 8D -> teambinary wins
  P2 Trick  9: teambinary leads 8S, rootbotz plays JS -> rootbotz wins
  P2 Trick 10: rootbotz leads KS, teambinary plays 5S -> rootbotz wins
  P2 Trick 11: rootbotz leads QS, teambinary plays 6C -> teambinary wins
  P2 Trick 12: teambinary leads 7D, rootbotz plays 4S -> teambinary wins
  P2 Trick 13: teambinary leads 2H, rootbotz plays 7S -> teambinary wins
  Result: rootbotz 3 - 10 teambinary
  Winner: teambinary

============================================================
Game 50
============================================================
Players: teambinary vs rootbotz
Trump suit: H
Face-up card: 5H
teambinary hand: 7C 10C QC 2D 3D 7D 8D 9D KD 7H 8H JS QS
rootbotz hand: 4C 6C 8C 9C AC 6D JD QD 3H 6H QH 2S 3S
  P1 Trick  1: teambinary leads QS, rootbotz plays 2S -> teambinary wins
  P1 Trick  2: teambinary leads JS, rootbotz plays 3S -> teambinary wins
  P1 Trick  3: teambinary leads QC, rootbotz plays 4C -> teambinary wins
  P1 Trick  4: teambinary leads 10C, rootbotz plays 5C -> teambinary wins
  P1 Trick  5: teambinary leads 7C, rootbotz plays 8C -> rootbotz wins
  P1 Trick  6: rootbotz leads 6D, teambinary plays 7D -> teambinary wins
  P1 Trick  7: teambinary leads 3C, rootbotz plays 6C -> rootbotz wins
  P1 Trick  8: rootbotz leads QH, teambinary plays 2H -> rootbotz wins
  P1 Trick  9: rootbotz leads KH, teambinary plays 5H -> rootbotz wins
  P1 Trick 10: rootbotz leads 5S, teambinary plays 6S -> teambinary wins
  P1 Trick 11: teambinary leads 8S, rootbotz plays 9S -> rootbotz wins
  P1 Trick 12: rootbotz leads AH, teambinary plays 7H -> rootbotz wins
  P1 Trick 13: rootbotz leads 10H, teambinary plays JH -> teambinary wins

--- Phase 2 (Scoring) ---
  P2 Trick  1: teambinary leads KD, rootbotz plays AD -> rootbotz wins
  P2 Trick  2: rootbotz leads AC, teambinary plays 2C -> rootbotz wins
  P2 Trick  3: rootbotz leads KC, teambinary plays 8H -> teambinary wins
  P2 Trick  4: teambinary leads KS, rootbotz plays AS -> rootbotz wins
  P2 Trick  5: rootbotz leads JC, teambinary plays 9H -> teambinary wins
  P2 Trick  6: teambinary leads 10D, rootbotz plays JD -> rootbotz wins
  P2 Trick  7: rootbotz leads 10S, teambinary plays 4S -> rootbotz wins
  P2 Trick  8: rootbotz leads 9C, teambinary plays 2D -> rootbotz wins
  P2 Trick  9: rootbotz leads QD, teambinary plays 3D -> rootbotz wins
  P2 Trick 10: rootbotz leads 7S, teambinary plays 4D -> rootbotz wins
  P2 Trick 11: rootbotz leads 6H, teambinary plays 5D -> rootbotz wins
  P2 Trick 12: rootbotz leads 4H, teambinary plays 8D -> rootbotz wins
  P2 Trick 13: rootbotz leads 3H, teambinary plays 9D -> rootbotz wins
  Result: teambinary 2 - 11 rootbotz
  Winner: rootbotz

============================================================
Game 51
============================================================
Players: rootbotz vs teambinary
Trump suit: S
Face-up card: 6S
rootbotz hand: 6C 9C QC AC 7D 8D KD 2H 7H 3S 9S JS QS
teambinary hand: 3C 4C JC 2D 3D 6D 8H 10H KH AH 4S 7S 8S
  P1 Trick  1: rootbotz leads QS, teambinary plays 4S -> rootbotz wins
  P1 Trick  2: rootbotz leads JS, teambinary plays 7S -> rootbotz wins
  P1 Trick  3: rootbotz leads 2H, teambinary plays 8H -> teambinary wins
  P1 Trick  4: teambinary leads AH, rootbotz plays 6H -> teambinary wins
  P1 Trick  5: teambinary leads KH, rootbotz plays 7H -> teambinary wins
  P1 Trick  6: teambinary leads 10H, rootbotz plays 9H -> teambinary wins
  P1 Trick  7: teambinary leads 3H, rootbotz plays 4H -> rootbotz wins
  P1 Trick  8: rootbotz leads 9S, teambinary plays 2S -> rootbotz wins
  P1 Trick  9: rootbotz leads AS, teambinary plays 8S -> rootbotz wins
  P1 Trick 10: rootbotz leads 6S, teambinary plays 5H -> rootbotz wins
  P1 Trick 11: rootbotz leads 2C, teambinary plays 3C -> teambinary wins
  P1 Trick 12: teambinary leads KC, rootbotz plays AC -> rootbotz wins
  P1 Trick 13: rootbotz leads 10S, teambinary plays KS -> teambinary wins

--- Phase 2 (Scoring) ---
  P2 Trick  1: teambinary leads JC, rootbotz plays QC -> rootbotz wins
  P2 Trick  2: rootbotz leads AD, teambinary plays 2D -> rootbotz wins
  P2 Trick  3: rootbotz leads KD, teambinary plays 3D -> rootbotz wins
  P2 Trick  4: rootbotz leads QD, teambinary plays 4D -> rootbotz wins
  P2 Trick  5: rootbotz leads 9C, teambinary plays 10C -> teambinary wins
  P2 Trick  6: teambinary leads JH, rootbotz plays QH -> rootbotz wins
  P2 Trick  7: rootbotz leads JD, teambinary plays 5D -> rootbotz wins
  P2 Trick  8: rootbotz leads 8C, teambinary plays 4C -> rootbotz wins
  P2 Trick  9: rootbotz leads 8D, teambinary plays 9D -> teambinary wins
  P2 Trick 10: teambinary leads 10D, rootbotz plays 7D -> teambinary wins
  P2 Trick 11: teambinary leads 6D, rootbotz plays 3S -> rootbotz wins
  P2 Trick 12: rootbotz leads 7C, teambinary plays 5C -> rootbotz wins
  P2 Trick 13: rootbotz leads 6C, teambinary plays 5S -> teambinary wins
  Result: rootbotz 9 - 4 teambinary
  Winner: rootbotz

============================================================
Game 52
============================================================
Players: teambinary vs rootbotz
Trump suit: D
Face-up card: AD
teambinary hand: 2C 5C 7C 10C QC 5D 9D 9H QH 2S 5S 7S 8S
rootbotz hand: 4C 6C 8C 9C JC KC 8D 10D JD QD 5H 4S 10S
  P1 Trick  1: teambinary leads QH, rootbotz plays 5H -> teambinary wins
  P1 Trick  2: teambinary leads 9H, rootbotz plays 8H -> teambinary wins
  P1 Trick  3: teambinary leads AD, rootbotz plays 8D -> teambinary wins
  P1 Trick  4: teambinary leads KH, rootbotz plays JH -> teambinary wins
  P1 Trick  5: teambinary leads 7H, rootbotz plays 3S -> teambinary wins
  P1 Trick  6: teambinary leads 2H, rootbotz plays 10D -> rootbotz wins
  P1 Trick  7: rootbotz leads QD, teambinary plays KD -> teambinary wins
  P1 Trick  8: teambinary leads 8S, rootbotz plays 9S -> rootbotz wins
  P1 Trick  9: rootbotz leads JD, teambinary plays 3D -> rootbotz wins
  P1 Trick 10: rootbotz leads 4D, teambinary plays 5D -> teambinary wins
  P1 Trick 11: teambinary leads 6H, rootbotz plays AH -> rootbotz wins
  P1 Trick 12: rootbotz leads 2D, teambinary plays 6D -> teambinary wins
  P1 Trick 13: teambinary leads 10H, rootbotz plays 3H -> teambinary wins

--- Phase 2 (Scoring) ---
  P2 Trick  1: teambinary leads AC, rootbotz plays 3C -> teambinary wins
  P2 Trick  2: teambinary leads QC, rootbotz plays KC -> rootbotz wins
  P2 Trick  3: rootbotz leads AS, teambinary plays 2S -> rootbotz wins
  P2 Trick  4: rootbotz leads JC, teambinary plays 2C -> rootbotz wins
  P2 Trick  5: rootbotz leads KS, teambinary plays 5S -> rootbotz wins
  P2 Trick  6: rootbotz leads 9C, teambinary plays 10C -> teambinary wins
  P2 Trick  7: teambinary leads QS, rootbotz plays 4S -> teambinary wins
  P2 Trick  8: teambinary leads 9D, rootbotz plays 4C -> teambinary wins
  P2 Trick  9: teambinary leads 7C, rootbotz plays 8C -> rootbotz wins
  P2 Trick 10: rootbotz leads JS, teambinary plays 7S -> rootbotz wins
  P2 Trick 11: rootbotz leads 10S, teambinary plays 7D -> teambinary wins
  P2 Trick 12: teambinary leads 5C, rootbotz plays 6C -> rootbotz wins
  P2 Trick 13: rootbotz leads 6S, teambinary plays 4H -> rootbotz wins
  Result: teambinary 5 - 8 rootbotz
  Winner: rootbotz

============================================================
Game 53
============================================================
Players: rootbotz vs teambinary
Trump suit: H
Face-up card: 8H
rootbotz hand: 6C 7C 8C 9C 5D 7D JD QD 3H KH 2S 6S QS
teambinary hand: 2C 3C KC AC 2D 6H 7H 9H QH 5S 10S JS AS
  P1 Trick  1: rootbotz leads KH, teambinary plays 6H -> rootbotz wins
  P1 Trick  2: rootbotz leads 2S, teambinary plays 5S -> teambinary wins
  P1 Trick  3: teambinary leads 3D, rootbotz plays 5D -> rootbotz wins
  P1 Trick  4: rootbotz leads 8H, teambinary plays 9H -> teambinary wins
  P1 Trick  5: teambinary leads 2D, rootbotz plays 7D -> rootbotz wins
  P1 Trick  6: rootbotz leads 3H, teambinary plays 4H -> teambinary wins
  P1 Trick  7: teambinary leads AS, rootbotz plays 6S -> teambinary wins
  P1 Trick  8: teambinary leads 6D, rootbotz plays 9D -> rootbotz wins
  P1 Trick  9: rootbotz leads 5C, teambinary plays QC -> teambinary wins
  P1 Trick 10: teambinary leads AC, rootbotz plays 6C -> teambinary wins
  P1 Trick 11: teambinary leads KC, rootbotz plays 7C -> teambinary wins
  P1 Trick 12: teambinary leads 4D, rootbotz plays 10D -> rootbotz wins
  P1 Trick 13: rootbotz leads AH, teambinary plays 5H -> rootbotz wins

--- Phase 2 (Scoring) ---
  P2 Trick  1: rootbotz leads JC, teambinary plays 2C -> rootbotz wins
  P2 Trick  2: rootbotz leads KS, teambinary plays 3S -> rootbotz wins
  P2 Trick  3: rootbotz leads 10C, teambinary plays 3C -> rootbotz wins
  P2 Trick  4: rootbotz leads AD, teambinary plays 8D -> rootbotz wins
  P2 Trick  5: rootbotz leads QS, teambinary plays 4S -> rootbotz wins
  P2 Trick  6: rootbotz leads 9C, teambinary plays 4C -> rootbotz wins
  P2 Trick  7: rootbotz leads QD, teambinary plays KD -> teambinary wins
  P2 Trick  8: teambinary leads QH, rootbotz plays 2H -> teambinary wins
  P2 Trick  9: teambinary leads JS, rootbotz plays 7S -> teambinary wins
  P2 Trick 10: teambinary leads 10S, rootbotz plays 8S -> teambinary wins
  P2 Trick 11: teambinary leads 10H, rootbotz plays JH -> rootbotz wins
  P2 Trick 12: rootbotz leads JD, teambinary plays 7H -> teambinary wins
  P2 Trick 13: teambinary leads 9S, rootbotz plays 8C -> teambinary wins
  Result: rootbotz 7 - 6 teambinary
  Winner: rootbotz

============================================================
Game 54
============================================================
Players: teambinary vs rootbotz
Trump suit: S
Face-up card: 8S
teambinary hand: 2C 9C 10C KC 10D AD 4H 8H 10H KH 9S JS AS
rootbotz hand: QC 4D 6D 8D 9D 3H 5H 6H 4S 5S 6S 10S QS
  P1 Trick  1: teambinary leads AS, rootbotz plays 4S -> teambinary wins
  P1 Trick  2: teambinary leads AD, rootbotz plays 4D -> teambinary wins
  P1 Trick  3: teambinary leads 10D, rootbotz plays 6D -> teambinary wins
  P1 Trick  4: teambinary leads KC, rootbotz plays 5C -> teambinary wins
  P1 Trick  5: teambinary leads 10C, rootbotz plays QC -> rootbotz wins
  P1 Trick  6: rootbotz leads 2D, teambinary plays QD -> teambinary wins
  P1 Trick  7: teambinary leads 9C, rootbotz plays 8C -> teambinary wins
  P1 Trick  8: teambinary leads JD, rootbotz plays 8D -> teambinary wins
  P1 Trick  9: teambinary leads 3D, rootbotz plays 9D -> rootbotz wins
  P1 Trick 10: rootbotz leads 3H, teambinary plays 4H -> teambinary wins
  P1 Trick 11: teambinary leads 3C, rootbotz plays 5H -> teambinary wins
  P1 Trick 12: teambinary leads 7C, rootbotz plays AC -> rootbotz wins
  P1 Trick 13: rootbotz leads 6H, teambinary plays 7H -> teambinary wins

--- Phase 2 (Scoring) ---
  P2 Trick  1: teambinary leads AH, rootbotz plays JH -> teambinary wins
  P2 Trick  2: teambinary leads KH, rootbotz plays QH -> teambinary wins
  P2 Trick  3: teambinary leads JS, rootbotz plays QS -> rootbotz wins
  P2 Trick  4: rootbotz leads KD, teambinary plays 2S -> teambinary wins
  P2 Trick  5: teambinary leads JC, rootbotz plays 6C -> teambinary wins
  P2 Trick  6: teambinary leads 10H, rootbotz plays 3S -> rootbotz wins
  P2 Trick  7: rootbotz leads 7D, teambinary plays 8S -> teambinary wins
  P2 Trick  8: teambinary leads 9S, rootbotz plays 10S -> rootbotz wins
  P2 Trick  9: rootbotz leads 5D, teambinary plays 2C -> rootbotz wins
  P2 Trick 10: rootbotz leads KS, teambinary plays 2H -> rootbotz wins
  P2 Trick 11: rootbotz leads 7S, teambinary plays 4C -> rootbotz wins
  P2 Trick 12: rootbotz leads 6S, teambinary plays 8H -> rootbotz wins
  P2 Trick 13: rootbotz leads 5S, teambinary plays 9H -> rootbotz wins
  Result: teambinary 5 - 8 rootbotz
  Winner: rootbotz

============================================================
Game 55
============================================================
Players: rootbotz vs teambinary
Trump suit: S
Face-up card: 5S
rootbotz hand: 5C KC 7D 10D JD KD AD 4H 5H 6S 10S JS AS
teambinary hand: 3C 4C QC 2D 6D 8D 10H JH QH AH 3S 9S QS
  P1 Trick  1: rootbotz leads AS, teambinary plays 3S -> rootbotz wins
  P1 Trick  2: rootbotz leads JS, teambinary plays QS -> teambinary wins
  P1 Trick  3: teambinary leads AH, rootbotz plays 4H -> teambinary wins
  P1 Trick  4: teambinary leads QC, rootbotz plays KC -> rootbotz wins
  P1 Trick  5: rootbotz leads 5H, teambinary plays 10H -> teambinary wins
  P1 Trick  6: teambinary leads QH, rootbotz plays 7H -> teambinary wins
  P1 Trick  7: teambinary leads JH, rootbotz plays 8H -> teambinary wins
  P1 Trick  8: teambinary leads 6H, rootbotz plays 5S -> rootbotz wins
  P1 Trick  9: rootbotz leads 4D, teambinary plays 6D -> teambinary wins
  P1 Trick 10: teambinary leads 3H, rootbotz plays 2S -> rootbotz wins
  P1 Trick 11: rootbotz leads 5C, teambinary plays 7C -> teambinary wins
  P1 Trick 12: teambinary leads 9H, rootbotz plays KH -> rootbotz wins
  P1 Trick 13: rootbotz leads 10S, teambinary plays KS -> teambinary wins

--- Phase 2 (Scoring) ---
  P2 Trick  1: teambinary leads QD, rootbotz plays KD -> rootbotz wins
  P2 Trick  2: rootbotz leads AD, teambinary plays 2D -> rootbotz wins
  P2 Trick  3: rootbotz leads JD, teambinary plays 3D -> rootbotz wins
  P2 Trick  4: rootbotz leads 10D, teambinary plays 8D -> rootbotz wins
  P2 Trick  5: rootbotz leads AC, teambinary plays 2C -> rootbotz wins
  P2 Trick  6: rootbotz leads 9D, teambinary plays 4S -> teambinary wins
  P2 Trick  7: teambinary leads 10C, rootbotz plays JC -> rootbotz wins
  P2 Trick  8: rootbotz leads 7D, teambinary plays 8S -> teambinary wins
  P2 Trick  9: teambinary leads 9S, rootbotz plays 6S -> teambinary wins
  P2 Trick 10: teambinary leads 8C, rootbotz plays 9C -> rootbotz wins
  P2 Trick 11: rootbotz leads 6C, teambinary plays 3C -> rootbotz wins
  P2 Trick 12: rootbotz leads 5D, teambinary plays 2H -> rootbotz wins
  P2 Trick 13: rootbotz leads 7S, teambinary plays 4C -> rootbotz wins
  Result: rootbotz 10 - 3 teambinary
  Winner: rootbotz

============================================================
Game 56
============================================================
Players: teambinary vs rootbotz
Trump suit: D
Face-up card: 9D
teambinary hand: 3C AC 5D 7D QD AD 2H 3H 3S 4S 7S 8S 10S
rootbotz hand: 4C 5C 6C 7C 9C 10C JC 8D 10D JD QH 5S AS
  P1 Trick  1: teambinary leads AD, rootbotz plays 8D -> teambinary wins
  P1 Trick  2: teambinary leads AC, rootbotz plays 4C -> teambinary wins
  P1 Trick  3: teambinary leads 8C, rootbotz plays 9C -> rootbotz wins
  P1 Trick  4: rootbotz leads JD, teambinary plays QD -> teambinary wins
  P1 Trick  5: teambinary leads QC, rootbotz plays 5C -> teambinary wins
  P1 Trick  6: teambinary leads 3C, rootbotz plays 6C -> rootbotz wins
  P1 Trick  7: rootbotz leads 10D, teambinary plays 5D -> rootbotz wins
  P1 Trick  8: rootbotz leads 4H, teambinary plays KH -> teambinary wins
  P1 Trick  9: teambinary leads 2C, rootbotz plays 7C -> rootbotz wins
  P1 Trick 10: rootbotz leads 5S, teambinary plays 6S -> teambinary wins
  P1 Trick 11: teambinary leads AH, rootbotz plays 6H -> teambinary wins
  P1 Trick 12: teambinary leads 7H, rootbotz plays 8H -> rootbotz wins
  P1 Trick 13: rootbotz leads 10C, teambinary plays 2H -> rootbotz wins

--- Phase 2 (Scoring) ---
  P2 Trick  1: rootbotz leads AS, teambinary plays 2S -> rootbotz wins
  P2 Trick  2: rootbotz leads KS, teambinary plays 3S -> rootbotz wins
  P2 Trick  3: rootbotz leads QH, teambinary plays 3H -> rootbotz wins
  P2 Trick  4: rootbotz leads QS, teambinary plays 4S -> rootbotz wins
  P2 Trick  5: rootbotz leads KC, teambinary plays 6D -> teambinary wins
  P2 Trick  6: teambinary leads KD, rootbotz plays 2D -> teambinary wins
  P2 Trick  7: teambinary leads 10S, rootbotz plays JS -> rootbotz wins
  P2 Trick  8: rootbotz leads JH, teambinary plays 5H -> rootbotz wins
  P2 Trick  9: rootbotz leads JC, teambinary plays 7D -> teambinary wins
  P2 Trick 10: teambinary leads 9D, rootbotz plays 3D -> teambinary wins
  P2 Trick 11: teambinary leads 9H, rootbotz plays 10H -> rootbotz wins
  P2 Trick 12: rootbotz leads 9S, teambinary plays 7S -> rootbotz wins
  P2 Trick 13: rootbotz leads 4D, teambinary plays 8S -> rootbotz wins
  Result: teambinary 4 - 9 rootbotz
  Winner: rootbotz

============================================================
Game 57
============================================================
Players: rootbotz vs teambinary
Trump suit: D
Face-up card: JD
rootbotz hand: 9C 10C 2D 4D 4H 5H 7H JH KH 3S 5S 6S JS
teambinary hand: 4C 6C 8C QC KC 3D 8D 9D KD 8H 2S 10S AS
  P1 Trick  1: rootbotz leads 4D, teambinary plays 8D -> teambinary wins
  P1 Trick  2: teambinary leads 8H, rootbotz plays 4H -> teambinary wins
  P1 Trick  3: teambinary leads AS, rootbotz plays 3S -> teambinary wins
  P1 Trick  4: teambinary leads 10S, rootbotz plays JS -> rootbotz wins
  P1 Trick  5: rootbotz leads AD, teambinary plays 3D -> rootbotz wins
  P1 Trick  6: rootbotz leads 5S, teambinary plays 9S -> teambinary wins
  P1 Trick  7: teambinary leads QS, rootbotz plays 6S -> teambinary wins
  P1 Trick  8: teambinary leads 3H, rootbotz plays 5H -> rootbotz wins
  P1 Trick  9: rootbotz leads 7H, teambinary plays 9D -> teambinary wins
  P1 Trick 10: teambinary leads 4S, rootbotz plays 7S -> rootbotz wins
  P1 Trick 11: rootbotz leads 8S, teambinary plays KS -> teambinary wins
  P1 Trick 12: teambinary leads 6H, rootbotz plays 2H -> teambinary wins
  P1 Trick 13: teambinary leads 9H, rootbotz plays 10H -> rootbotz wins

--- Phase 2 (Scoring) ---
  P2 Trick  1: rootbotz leads AH, teambinary plays JD -> teambinary wins
  P2 Trick  2: teambinary leads KC, rootbotz plays AC -> rootbotz wins
  P2 Trick  3: rootbotz leads KH, teambinary plays KD -> teambinary wins
  P2 Trick  4: teambinary leads QC, rootbotz plays 9C -> teambinary wins
  P2 Trick  5: teambinary leads JC, rootbotz plays 10C -> teambinary wins
  P2 Trick  6: teambinary leads 8C, rootbotz plays 2D -> rootbotz wins
  P2 Trick  7: rootbotz leads QH, teambinary plays 2S -> rootbotz wins
  P2 Trick  8: rootbotz leads JH, teambinary plays 2C -> rootbotz wins
  P2 Trick  9: rootbotz leads QD, teambinary plays 3C -> rootbotz wins
  P2 Trick 10: rootbotz leads 10D, teambinary plays 4C -> rootbotz wins
  P2 Trick 11: rootbotz leads 7D, teambinary plays 5C -> rootbotz wins
  P2 Trick 12: rootbotz leads 6D, teambinary plays 6C -> rootbotz wins
  P2 Trick 13: rootbotz leads 5D, teambinary plays 7C -> rootbotz wins
  Result: rootbotz 9 - 4 teambinary
  Winner: rootbotz

============================================================
Game 58
============================================================
Players: teambinary vs rootbotz
Trump suit: H
Face-up card: AH
teambinary hand: 3C 7C QC KC 4D 9D JD QD 2H 2S 5S 6S 8S
rootbotz hand: 2C 6C 9C 2D 3D 5D 8D 3H 8H 10H JH 3S AS
  P1 Trick  1: teambinary leads KC, rootbotz plays 2C -> teambinary wins
  P1 Trick  2: teambinary leads QC, rootbotz plays 6C -> teambinary wins
  P1 Trick  3: teambinary leads QD, rootbotz plays 2D -> teambinary wins
  P1 Trick  4: teambinary leads JD, rootbotz plays 3D -> teambinary wins
  P1 Trick  5: teambinary leads 9D, rootbotz plays 5D -> teambinary wins
  P1 Trick  6: teambinary leads AH, rootbotz plays 3H -> teambinary wins
  P1 Trick  7: teambinary leads AD, rootbotz plays 8D -> teambinary wins
  P1 Trick  8: teambinary leads 4D, rootbotz plays 3S -> teambinary wins
  P1 Trick  9: teambinary leads JC, rootbotz plays 5C -> teambinary wins
  P1 Trick 10: teambinary leads 6D, rootbotz plays 7D -> rootbotz wins
  P1 Trick 11: rootbotz leads QH, teambinary plays KH -> teambinary wins
  P1 Trick 12: teambinary leads AC, rootbotz plays 9C -> teambinary wins
  P1 Trick 13: teambinary leads 8C, rootbotz plays 10C -> rootbotz wins

--- Phase 2 (Scoring) ---
  P2 Trick  1: rootbotz leads AS, teambinary plays 2S -> rootbotz wins
  P2 Trick  2: rootbotz leads QS, teambinary plays KS -> teambinary wins
  P2 Trick  3: teambinary leads 10D, rootbotz plays KD -> rootbotz wins
  P2 Trick  4: rootbotz leads JS, teambinary plays 5S -> rootbotz wins
  P2 Trick  5: rootbotz leads 10S, teambinary plays 6S -> rootbotz wins
  P2 Trick  6: rootbotz leads 4S, teambinary plays 7S -> teambinary wins
  P2 Trick  7: teambinary leads 9S, rootbotz plays 4H -> rootbotz wins
  P2 Trick  8: rootbotz leads JH, teambinary plays 2H -> rootbotz wins
  P2 Trick  9: rootbotz leads 10H, teambinary plays 6H -> rootbotz wins
  P2 Trick 10: rootbotz leads 9H, teambinary plays 3C -> rootbotz wins
  P2 Trick 11: rootbotz leads 8H, teambinary plays 4C -> rootbotz wins
  P2 Trick 12: rootbotz leads 7H, teambinary plays 7C -> rootbotz wins
  P2 Trick 13: rootbotz leads 5H, teambinary plays 8S -> rootbotz wins
  Result: teambinary 2 - 11 rootbotz
  Winner: rootbotz

============================================================
Game 59
============================================================
Players: rootbotz vs teambinary
Trump suit: D
Face-up card: 3D
rootbotz hand: 9C 10C AC 10D QD 2H 8H JH QH 2S 3S 6S 7S
teambinary hand: 3C 4C 6C 7C QC KC 2D 9D 4H AH 10S KS AS
  P1 Trick  1: rootbotz leads QD, teambinary plays 2D -> rootbotz wins
  P1 Trick  2: rootbotz leads 2H, teambinary plays 4H -> teambinary wins
  P1 Trick  3: teambinary leads AH, rootbotz plays 8H -> teambinary wins
  P1 Trick  4: teambinary leads 7H, rootbotz plays JH -> rootbotz wins
  P1 Trick  5: rootbotz leads 10D, teambinary plays JD -> teambinary wins
  P1 Trick  6: teambinary leads AD, rootbotz plays 3D -> teambinary wins
  P1 Trick  7: teambinary leads AS, rootbotz plays 2S -> teambinary wins
  P1 Trick  8: teambinary leads KS, rootbotz plays 3S -> teambinary wins
  P1 Trick  9: teambinary leads 10S, rootbotz plays 5S -> teambinary wins
  P1 Trick 10: teambinary leads 8S, rootbotz plays 6S -> teambinary wins
  P1 Trick 11: teambinary leads 4S, rootbotz plays 7S -> rootbotz wins
  P1 Trick 12: rootbotz leads 2C, teambinary plays 3C -> teambinary wins
  P1 Trick 13: teambinary leads 9H, rootbotz plays 10H -> rootbotz wins

--- Phase 2 (Scoring) ---
  P2 Trick  1: rootbotz leads KH, teambinary plays 3H -> rootbotz wins
  P2 Trick  2: rootbotz leads AC, teambinary plays 4C -> rootbotz wins
  P2 Trick  3: rootbotz leads QH, teambinary plays 5H -> rootbotz wins
  P2 Trick  4: rootbotz leads 10C, teambinary plays JC -> teambinary wins
  P2 Trick  5: teambinary leads KC, rootbotz plays 9C -> teambinary wins
  P2 Trick  6: teambinary leads QC, rootbotz plays 4D -> rootbotz wins
  P2 Trick  7: rootbotz leads JS, teambinary plays QS -> teambinary wins
  P2 Trick  8: teambinary leads 9D, rootbotz plays KD -> rootbotz wins
  P2 Trick  9: rootbotz leads 9S, teambinary plays 7D -> teambinary wins
  P2 Trick 10: teambinary leads 8C, rootbotz plays 5D -> rootbotz wins
  P2 Trick 11: rootbotz leads 6H, teambinary plays 5C -> rootbotz wins
  P2 Trick 12: rootbotz leads 8D, teambinary plays 6C -> rootbotz wins
  P2 Trick 13: rootbotz leads 6D, teambinary plays 7C -> rootbotz wins
  Result: rootbotz 9 - 4 teambinary
  Winner: rootbotz

============================================================
Game 60
============================================================
Players: teambinary vs rootbotz
Trump suit: S
Face-up card: 4S
teambinary hand: 3C 4C 4D QD AD 2H 6H JH KH 6S 8S JS QS
rootbotz hand: 6C 9C QC KC 3D 7D 8D 9D JD 8H 2S 7S KS
  P1 Trick  1: teambinary leads 4C, rootbotz plays 6C -> rootbotz wins
  P1 Trick  2: rootbotz leads 3D, teambinary plays 4D -> teambinary wins
  P1 Trick  3: teambinary leads AD, rootbotz plays 7D -> teambinary wins
  P1 Trick  4: teambinary leads AC, rootbotz plays 7C -> teambinary wins
  P1 Trick  5: teambinary leads QD, rootbotz plays KD -> rootbotz wins
  P1 Trick  6: rootbotz leads 8D, teambinary plays 3C -> rootbotz wins
  P1 Trick  7: rootbotz leads KS, teambinary plays AS -> teambinary wins
  P1 Trick  8: teambinary leads 10C, rootbotz plays JC -> rootbotz wins
  P1 Trick  9: rootbotz leads 9S, teambinary plays JS -> teambinary wins
  P1 Trick 10: teambinary leads AH, rootbotz plays 8H -> teambinary wins
  P1 Trick 11: teambinary leads KH, rootbotz plays 9H -> teambinary wins
  P1 Trick 12: teambinary leads 2D, rootbotz plays 5D -> rootbotz wins
  P1 Trick 13: rootbotz leads 5C, teambinary plays 8C -> teambinary wins

--- Phase 2 (Scoring) ---
  P2 Trick  1: teambinary leads QS, rootbotz plays 2S -> teambinary wins
  P2 Trick  2: teambinary leads QH, rootbotz plays 3H -> teambinary wins
  P2 Trick  3: teambinary leads JH, rootbotz plays 7H -> teambinary wins
  P2 Trick  4: teambinary leads 10S, rootbotz plays 4S -> teambinary wins
  P2 Trick  5: teambinary leads 10H, rootbotz plays 5S -> rootbotz wins
  P2 Trick  6: rootbotz leads JD, teambinary plays 3S -> teambinary wins
  P2 Trick  7: teambinary leads 8S, rootbotz plays 7S -> teambinary wins
  P2 Trick  8: teambinary leads 6S, rootbotz plays 6D -> teambinary wins
  P2 Trick  9: teambinary leads 6H, rootbotz plays 9C -> teambinary wins
  P2 Trick 10: teambinary leads 5H, rootbotz plays 9D -> teambinary wins
  P2 Trick 11: teambinary leads 4H, rootbotz plays 10D -> teambinary wins
  P2 Trick 12: teambinary leads 2H, rootbotz plays QC -> teambinary wins
  P2 Trick 13: teambinary leads 2C, rootbotz plays KC -> rootbotz wins
  Result: teambinary 11 - 2 rootbotz
  Winner: teambinary

============================================================
Game 61
============================================================
Players: rootbotz vs teambinary
Trump suit: D
Face-up card: AD
rootbotz hand: 9C 10C 6D 7D 5H 6H 10H KH 3S 5S 6S 10S AS
teambinary hand: 8C QC 2D 3D 4D JD QD 4H 9H 7S 9S JS KS
  P1 Trick  1: rootbotz leads 7D, teambinary plays JD -> teambinary wins
  P1 Trick  2: teambinary leads AD, rootbotz plays 6D -> teambinary wins
  P1 Trick  3: teambinary leads QC, rootbotz plays 7C -> teambinary wins
  P1 Trick  4: teambinary leads 8C, rootbotz plays 6C -> teambinary wins
  P1 Trick  5: teambinary leads 3C, rootbotz plays 9C -> rootbotz wins
  P1 Trick  6: rootbotz leads 2S, teambinary plays 4S -> teambinary wins
  P1 Trick  7: teambinary leads KS, rootbotz plays AS -> rootbotz wins
  P1 Trick  8: rootbotz leads 2C, teambinary plays 4C -> teambinary wins
  P1 Trick  9: teambinary leads 5C, rootbotz plays 10C -> rootbotz wins
  P1 Trick 10: rootbotz leads AH, teambinary plays 3H -> rootbotz wins
  P1 Trick 11: rootbotz leads QS, teambinary plays 7S -> rootbotz wins
  P1 Trick 12: rootbotz leads 8D, teambinary plays 9D -> teambinary wins
  P1 Trick 13: teambinary leads JS, rootbotz plays 3S -> teambinary wins

--- Phase 2 (Scoring) ---
  P2 Trick  1: teambinary leads KD, rootbotz plays 5D -> teambinary wins
  P2 Trick  2: teambinary leads QD, rootbotz plays 5H -> teambinary wins
  P2 Trick  3: teambinary leads QH, rootbotz plays KH -> rootbotz wins
  P2 Trick  4: rootbotz leads 10S, teambinary plays 9S -> rootbotz wins
  P2 Trick  5: rootbotz leads JH, teambinary plays 2H -> rootbotz wins
  P2 Trick  6: rootbotz leads 8S, teambinary plays 2D -> teambinary wins
  P2 Trick  7: teambinary leads JC, rootbotz plays KC -> rootbotz wins
  P2 Trick  8: rootbotz leads 10H, teambinary plays 4H -> rootbotz wins
  P2 Trick  9: rootbotz leads 6S, teambinary plays 3D -> teambinary wins
  P2 Trick 10: teambinary leads 10D, rootbotz plays 5S -> teambinary wins
  P2 Trick 11: teambinary leads 9H, rootbotz plays 6H -> teambinary wins
  P2 Trick 12: teambinary leads 8H, rootbotz plays 7H -> teambinary wins
  P2 Trick 13: teambinary leads 4D, rootbotz plays AC -> teambinary wins
  Result: rootbotz 5 - 8 teambinary
  Winner: teambinary

============================================================
Game 62
============================================================
Players: teambinary vs rootbotz
Trump suit: H
Face-up card: 6H
teambinary hand: 8C 9C 10C 3D 8D 10D JD QD 2H 5H 8H 3S 4S
rootbotz hand: 2C 5C 5D KD AD 9H 10H JH KH AH 6S 7S KS
  P1 Trick  1: teambinary leads 4S, rootbotz plays 6S -> rootbotz wins
  P1 Trick  2: rootbotz leads AH, teambinary plays 2H -> rootbotz wins
  P1 Trick  3: rootbotz leads KH, teambinary plays 4H -> rootbotz wins
  P1 Trick  4: rootbotz leads 2C, teambinary plays 7C -> teambinary wins
  P1 Trick  5: teambinary leads JS, rootbotz plays KS -> rootbotz wins
  P1 Trick  6: rootbotz leads 5C, teambinary plays 8C -> teambinary wins
  P1 Trick  7: teambinary leads 5S, rootbotz plays 7S -> rootbotz wins
  P1 Trick  8: rootbotz leads 4C, teambinary plays 9C -> teambinary wins
  P1 Trick  9: teambinary leads AS, rootbotz plays 2S -> teambinary wins
  P1 Trick 10: teambinary leads JC, rootbotz plays QC -> rootbotz wins
  P1 Trick 11: rootbotz leads 5D, teambinary plays 8D -> teambinary wins
  P1 Trick 12: teambinary leads 10C, rootbotz plays KC -> rootbotz wins
  P1 Trick 13: rootbotz leads 6C, teambinary plays 5H -> teambinary wins

--- Phase 2 (Scoring) ---
  P2 Trick  1: teambinary leads QD, rootbotz plays KD -> rootbotz wins
  P2 Trick  2: rootbotz leads QS, teambinary plays 3S -> rootbotz wins
  P2 Trick  3: rootbotz leads 10S, teambinary plays 9S -> rootbotz wins
  P2 Trick  4: rootbotz leads AC, teambinary plays 8H -> teambinary wins
  P2 Trick  5: teambinary leads QH, rootbotz plays 3H -> teambinary wins
  P2 Trick  6: teambinary leads JD, rootbotz plays AD -> rootbotz wins
  P2 Trick  7: rootbotz leads 8S, teambinary plays 2D -> rootbotz wins
  P2 Trick  8: rootbotz leads 3C, teambinary plays 3D -> rootbotz wins
  P2 Trick  9: rootbotz leads JH, teambinary plays 4D -> rootbotz wins
  P2 Trick 10: rootbotz leads 10H, teambinary plays 6D -> rootbotz wins
  P2 Trick 11: rootbotz leads 9H, teambinary plays 7D -> rootbotz wins
  P2 Trick 12: rootbotz leads 7H, teambinary plays 9D -> rootbotz wins
  P2 Trick 13: rootbotz leads 6H, teambinary plays 10D -> rootbotz wins
  Result: teambinary 2 - 11 rootbotz
  Winner: rootbotz

============================================================
Game 63
============================================================
Players: rootbotz vs teambinary
Trump suit: C
Face-up card: 8C
rootbotz hand: 4C 9C QC 3D AD 2H 4H QH KH 10S JS KS AS
teambinary hand: 2C 6C 10C JC 4D QD 8H 9H 10H 2S 3S 4S 5S
  P1 Trick  1: rootbotz leads QC, teambinary plays 2C -> rootbotz wins
  P1 Trick  2: rootbotz leads 2H, teambinary plays 8H -> teambinary wins
  P1 Trick  3: teambinary leads QD, rootbotz plays 3D -> teambinary wins
  P1 Trick  4: teambinary leads 8D, rootbotz plays AD -> rootbotz wins
  P1 Trick  5: rootbotz leads 9C, teambinary plays 10C -> teambinary wins
  P1 Trick  6: teambinary leads 5D, rootbotz plays 3C -> rootbotz wins
  P1 Trick  7: rootbotz leads 8C, teambinary plays JC -> teambinary wins
  P1 Trick  8: teambinary leads KD, rootbotz plays 3H -> teambinary wins
  P1 Trick  9: teambinary leads 4D, rootbotz plays 7D -> rootbotz wins
  P1 Trick 10: rootbotz leads 4H, teambinary plays 6H -> teambinary wins
  P1 Trick 11: teambinary leads 9D, rootbotz plays 4C -> rootbotz wins
  P1 Trick 12: rootbotz leads 5H, teambinary plays 7H -> teambinary wins
  P1 Trick 13: teambinary leads 2D, rootbotz plays JD -> rootbotz wins

--- Phase 2 (Scoring) ---
  P2 Trick  1: rootbotz leads AS, teambinary plays 2S -> rootbotz wins
  P2 Trick  2: rootbotz leads KS, teambinary plays 3S -> rootbotz wins
  P2 Trick  3: rootbotz leads QS, teambinary plays 4S -> rootbotz wins
  P2 Trick  4: rootbotz leads JS, teambinary plays 5S -> rootbotz wins
  P2 Trick  5: rootbotz leads KH, teambinary plays AH -> teambinary wins
  P2 Trick  6: teambinary leads 10H, rootbotz plays JH -> rootbotz wins
  P2 Trick  7: rootbotz leads 10S, teambinary plays 6S -> rootbotz wins
  P2 Trick  8: rootbotz leads QH, teambinary plays 9H -> rootbotz wins
  P2 Trick  9: rootbotz leads 7S, teambinary plays 8S -> teambinary wins
  P2 Trick 10: teambinary leads 9S, rootbotz plays 7C -> rootbotz wins
  P2 Trick 11: rootbotz leads 10D, teambinary plays 6D -> rootbotz wins
  P2 Trick 12: rootbotz leads AC, teambinary plays 5C -> rootbotz wins
  P2 Trick 13: rootbotz leads KC, teambinary plays 6C -> rootbotz wins
  Result: rootbotz 11 - 2 teambinary
  Winner: rootbotz

============================================================
Game 64
============================================================
Players: teambinary vs rootbotz
Trump suit: S
Face-up card: 7S
teambinary hand: 10C JC AC 4D 6D 10D 3H 4H 9H AH 4S 6S 10S
rootbotz hand: 4C 6C 7C QC KC 2D 3D 5D JD 5H 10H JH KS
  P1 Trick  1: teambinary leads AC, rootbotz plays 4C -> teambinary wins
  P1 Trick  2: teambinary leads JC, rootbotz plays QC -> rootbotz wins
  P1 Trick  3: rootbotz leads 2D, teambinary plays 4D -> teambinary wins
  P1 Trick  4: teambinary leads 10D, rootbotz plays JD -> rootbotz wins
  P1 Trick  5: rootbotz leads KS, teambinary plays 4S -> rootbotz wins
  P1 Trick  6: rootbotz leads JS, teambinary plays 5S -> rootbotz wins
  P1 Trick  7: rootbotz leads 3D, teambinary plays 6D -> teambinary wins
  P1 Trick  8: teambinary leads QD, rootbotz plays 5D -> teambinary wins
  P1 Trick  9: teambinary leads AD, rootbotz plays 9D -> teambinary wins
  P1 Trick 10: teambinary leads 10C, rootbotz plays 6C -> teambinary wins
  P1 Trick 11: teambinary leads 9C, rootbotz plays 2C -> teambinary wins
  P1 Trick 12: teambinary leads 8C, rootbotz plays 5C -> teambinary wins
  P1 Trick 13: teambinary leads 7D, rootbotz plays KD -> rootbotz wins

--- Phase 2 (Scoring) ---
  P2 Trick  1: rootbotz leads KH, teambinary plays AH -> teambinary wins
  P2 Trick  2: teambinary leads QH, rootbotz plays 5H -> teambinary wins
  P2 Trick  3: teambinary leads 10S, rootbotz plays QS -> rootbotz wins
  P2 Trick  4: rootbotz leads KC, teambinary plays 6S -> teambinary wins
  P2 Trick  5: teambinary leads 9H, rootbotz plays 10H -> rootbotz wins
  P2 Trick  6: rootbotz leads 7C, teambinary plays 7S -> teambinary wins
  P2 Trick  7: teambinary leads 8H, rootbotz plays JH -> rootbotz wins
  P2 Trick  8: rootbotz leads 3C, teambinary plays 2H -> rootbotz wins
  P2 Trick  9: rootbotz leads AS, teambinary plays 3H -> rootbotz wins
  P2 Trick 10: rootbotz leads 9S, teambinary plays 4H -> rootbotz wins
  P2 Trick 11: rootbotz leads 8S, teambinary plays 6H -> rootbotz wins
  P2 Trick 12: rootbotz leads 3S, teambinary plays 7H -> rootbotz wins
  P2 Trick 13: rootbotz leads 2S, teambinary plays 8D -> rootbotz wins
  Result: teambinary 4 - 9 rootbotz
  Winner: rootbotz

============================================================
Game 65
============================================================
Players: rootbotz vs teambinary
Trump suit: H
Face-up card: JH
rootbotz hand: 3C 5C 7D JD 2H 3H 6H 8H 10H KH 2S 8S JS
teambinary hand: 4C 6C QC 10D QD 5H QH 4S 5S 6S 9S KS AS
  P1 Trick  1: rootbotz leads KH, teambinary plays 5H -> rootbotz wins
  P1 Trick  2: rootbotz leads JH, teambinary plays QH -> teambinary wins
  P1 Trick  3: teambinary leads QC, rootbotz plays 3C -> teambinary wins
  P1 Trick  4: teambinary leads QD, rootbotz plays 3D -> teambinary wins
  P1 Trick  5: teambinary leads 10D, rootbotz plays JD -> rootbotz wins
  P1 Trick  6: rootbotz leads 10H, teambinary plays 4H -> rootbotz wins
  P1 Trick  7: rootbotz leads 8H, teambinary plays 4C -> rootbotz wins
  P1 Trick  8: rootbotz leads 7H, teambinary plays 9H -> teambinary wins
  P1 Trick  9: teambinary leads JC, rootbotz plays AC -> rootbotz wins
  P1 Trick 10: rootbotz leads 6H, teambinary plays AH -> teambinary wins
  P1 Trick 11: teambinary leads 10C, rootbotz plays 2C -> teambinary wins
  P1 Trick 12: teambinary leads 9C, rootbotz plays 5C -> teambinary wins
  P1 Trick 13: teambinary leads 8C, rootbotz plays 2S -> teambinary wins

--- Phase 2 (Scoring) ---
  P2 Trick  1: teambinary leads AS, rootbotz plays 7S -> teambinary wins
  P2 Trick  2: teambinary leads KS, rootbotz plays 8S -> teambinary wins
  P2 Trick  3: teambinary leads 9S, rootbotz plays 10S -> rootbotz wins
  P2 Trick  4: rootbotz leads AD, teambinary plays 4D -> rootbotz wins
  P2 Trick  5: rootbotz leads KD, teambinary plays 5D -> rootbotz wins
  P2 Trick  6: rootbotz leads 8D, teambinary plays 9D -> teambinary wins
  P2 Trick  7: teambinary leads 7C, rootbotz plays KC -> rootbotz wins
  P2 Trick  8: rootbotz leads QS, teambinary plays 3S -> rootbotz wins
  P2 Trick  9: rootbotz leads 7D, teambinary plays 6D -> rootbotz wins
  P2 Trick 10: rootbotz leads JS, teambinary plays 4S -> rootbotz wins
  P2 Trick 11: rootbotz leads 2D, teambinary plays 5S -> rootbotz wins
  P2 Trick 12: rootbotz leads 3H, teambinary plays 6C -> rootbotz wins
  P2 Trick 13: rootbotz leads 2H, teambinary plays 6S -> rootbotz wins
  Result: rootbotz 10 - 3 teambinary
  Winner: rootbotz

============================================================
Game 66
============================================================
Players: teambinary vs rootbotz
Trump suit: D
Face-up card: 10D
teambinary hand: 4C 5C 7C 8C JC 8D JD AD 2H 8H 2S 7S JS
rootbotz hand: 9C QC AC 3D 4D QD KD 3H 4H 5H 6H 7H 3S
  P1 Trick  1: teambinary leads AD, rootbotz plays 3D -> teambinary wins
  P1 Trick  2: teambinary leads 8H, rootbotz plays 10H -> rootbotz wins
  P1 Trick  3: rootbotz leads 3S, teambinary plays 7S -> teambinary wins
  P1 Trick  4: teambinary leads JS, rootbotz plays 5S -> teambinary wins
  P1 Trick  5: teambinary leads 10S, rootbotz plays 4D -> rootbotz wins
  P1 Trick  6: rootbotz leads KD, teambinary plays 5D -> rootbotz wins
  P1 Trick  7: rootbotz leads 3H, teambinary plays 2H -> rootbotz wins
  P1 Trick  8: rootbotz leads QD, teambinary plays 8D -> rootbotz wins
  P1 Trick  9: rootbotz leads 7D, teambinary plays 10D -> teambinary wins
  P1 Trick 10: teambinary leads JH, rootbotz plays 4H -> teambinary wins
  P1 Trick 11: teambinary leads AS, rootbotz plays 4S -> teambinary wins
  P1 Trick 12: teambinary leads KS, rootbotz plays 8S -> teambinary wins
  P1 Trick 13: teambinary leads QS, rootbotz plays 9S -> teambinary wins

--- Phase 2 (Scoring) ---
  P2 Trick  1: teambinary leads JC, rootbotz plays QC -> rootbotz wins
  P2 Trick  2: rootbotz leads AH, teambinary plays 9H -> rootbotz wins
  P2 Trick  3: rootbotz leads KH, teambinary plays 9D -> teambinary wins
  P2 Trick  4: teambinary leads JD, rootbotz plays 2D -> teambinary wins
  P2 Trick  5: teambinary leads 10C, rootbotz plays KC -> rootbotz wins
  P2 Trick  6: rootbotz leads QH, teambinary plays 2S -> rootbotz wins
  P2 Trick  7: rootbotz leads 7H, teambinary plays 2C -> rootbotz wins
  P2 Trick  8: rootbotz leads AC, teambinary plays 4C -> rootbotz wins
  P2 Trick  9: rootbotz leads 9C, teambinary plays 5C -> rootbotz wins
  P2 Trick 10: rootbotz leads 6H, teambinary plays 6C -> rootbotz wins
  P2 Trick 11: rootbotz leads 5H, teambinary plays 6S -> rootbotz wins
  P2 Trick 12: rootbotz leads 3C, teambinary plays 7C -> teambinary wins
  P2 Trick 13: teambinary leads 8C, rootbotz plays 6D -> rootbotz wins
  Result: teambinary 3 - 10 rootbotz
  Winner: rootbotz

============================================================
Game 67
============================================================
Players: rootbotz vs teambinary
Trump suit: H
Face-up card: QH
rootbotz hand: 3D 7D 9D 4H 5H 7H 3S 6S 9S JS QS KS AS
teambinary hand: 3C 8C JC QC 2D 5D JD 2H 6H 10H JH 8S 10S
  P1 Trick  1: rootbotz leads 7H, teambinary plays 10H -> teambinary wins
  P1 Trick  2: teambinary leads 10S, rootbotz plays 3S -> teambinary wins
  P1 Trick  3: teambinary leads 8S, rootbotz plays 9S -> rootbotz wins
  P1 Trick  4: rootbotz leads 3D, teambinary plays 5D -> teambinary wins
  P1 Trick  5: teambinary leads JD, rootbotz plays 7D -> teambinary wins
  P1 Trick  6: teambinary leads KD, rootbotz plays 9D -> teambinary wins
  P1 Trick  7: teambinary leads 6D, rootbotz plays 10D -> rootbotz wins
  P1 Trick  8: rootbotz leads AH, teambinary plays 2H -> rootbotz wins
  P1 Trick  9: rootbotz leads 5H, teambinary plays 6H -> teambinary wins
  P1 Trick 10: teambinary leads 8D, rootbotz plays QD -> rootbotz wins
  P1 Trick 11: rootbotz leads 4H, teambinary plays 8H -> teambinary wins
  P1 Trick 12: teambinary leads 2D, rootbotz plays AD -> rootbotz wins
  P1 Trick 13: rootbotz leads 2C, teambinary plays 3C -> teambinary wins

--- Phase 2 (Scoring) ---
  P2 Trick  1: teambinary leads KC, rootbotz plays AC -> rootbotz wins
  P2 Trick  2: rootbotz leads AS, teambinary plays 2S -> rootbotz wins
  P2 Trick  3: rootbotz leads KS, teambinary plays 3H -> teambinary wins
  P2 Trick  4: teambinary leads KH, rootbotz plays 4S -> teambinary wins
  P2 Trick  5: teambinary leads QC, rootbotz plays 4C -> teambinary wins
  P2 Trick  6: teambinary leads QH, rootbotz plays 4D -> teambinary wins
  P2 Trick  7: teambinary leads JH, rootbotz plays 5S -> teambinary wins
  P2 Trick  8: teambinary leads JC, rootbotz plays 9C -> teambinary wins
  P2 Trick  9: teambinary leads 9H, rootbotz plays 6S -> teambinary wins
  P2 Trick 10: teambinary leads 8C, rootbotz plays 10C -> rootbotz wins
  P2 Trick 11: rootbotz leads QS, teambinary plays 5C -> rootbotz wins
  P2 Trick 12: rootbotz leads JS, teambinary plays 6C -> rootbotz wins
  P2 Trick 13: rootbotz leads 7S, teambinary plays 7C -> rootbotz wins
  Result: rootbotz 6 - 7 teambinary
  Winner: teambinary

============================================================
Game 68
============================================================
Players: teambinary vs rootbotz
Trump suit: H
Face-up card: 10H
teambinary hand: 4C 6C 8C KC 4D 6D KD 5H 7H QH 5S 6S 7S
rootbotz hand: 3C 5D 7D QD 3H 4H AH 2S 3S 8S 9S 10S JS
  P1 Trick  1: teambinary leads KC, rootbotz plays 3C -> teambinary wins
  P1 Trick  2: teambinary leads KD, rootbotz plays 5D -> teambinary wins
  P1 Trick  3: teambinary leads 6D, rootbotz plays 7D -> rootbotz wins
  P1 Trick  4: rootbotz leads 2S, teambinary plays 5S -> teambinary wins
  P1 Trick  5: teambinary leads 4D, rootbotz plays JD -> rootbotz wins
  P1 Trick  6: rootbotz leads AH, teambinary plays 5H -> rootbotz wins
  P1 Trick  7: rootbotz leads KH, teambinary plays 7H -> rootbotz wins
  P1 Trick  8: rootbotz leads JH, teambinary plays QH -> teambinary wins
  P1 Trick  9: teambinary leads QS, rootbotz plays 3S -> teambinary wins
  P1 Trick 10: teambinary leads 7S, rootbotz plays 8S -> rootbotz wins
  P1 Trick 11: rootbotz leads 8H, teambinary plays 10H -> teambinary wins
  P1 Trick 12: teambinary leads 10D, rootbotz plays QD -> rootbotz wins
  P1 Trick 13: rootbotz leads 4H, teambinary plays 9D -> rootbotz wins

--- Phase 2 (Scoring) ---
  P2 Trick  1: rootbotz leads AS, teambinary plays 4S -> rootbotz wins
  P2 Trick  2: rootbotz leads AD, teambinary plays 6H -> teambinary wins
  P2 Trick  3: teambinary leads AC, rootbotz plays 9C -> teambinary wins
  P2 Trick  4: teambinary leads KS, rootbotz plays 9S -> teambinary wins
  P2 Trick  5: teambinary leads QC, rootbotz plays 10C -> teambinary wins
  P2 Trick  6: teambinary leads JC, rootbotz plays 2H -> rootbotz wins
  P2 Trick  7: rootbotz leads 8D, teambinary plays 2C -> rootbotz wins
  P2 Trick  8: rootbotz leads JS, teambinary plays 6S -> rootbotz wins
  P2 Trick  9: rootbotz leads 3D, teambinary plays 4C -> rootbotz wins
  P2 Trick 10: rootbotz leads 10S, teambinary plays 5C -> rootbotz wins
  P2 Trick 11: rootbotz leads 2D, teambinary plays 6C -> rootbotz wins
  P2 Trick 12: rootbotz leads 9H, teambinary plays 7C -> rootbotz wins
  P2 Trick 13: rootbotz leads 3H, teambinary plays 8C -> rootbotz wins
  Result: teambinary 4 - 9 rootbotz
  Winner: rootbotz

============================================================
Game 69
============================================================
Players: rootbotz vs teambinary
Trump suit: S
Face-up card: 5S
rootbotz hand: 4C JC AC 8D 9D 10D JD QD AD 3H 4S 7S AS
teambinary hand: 2C 3C 5C 6C 7C 3D 6D 2H 7H 6S 10S QS KS
  P1 Trick  1: rootbotz leads AS, teambinary plays 6S -> rootbotz wins
  P1 Trick  2: rootbotz leads 7S, teambinary plays 10S -> teambinary wins
  P1 Trick  3: teambinary leads 6D, rootbotz plays 8D -> rootbotz wins
  P1 Trick  4: rootbotz leads 5S, teambinary plays QS -> teambinary wins
  P1 Trick  5: teambinary leads 3D, rootbotz plays 4D -> rootbotz wins
  P1 Trick  6: rootbotz leads 4S, teambinary plays KS -> teambinary wins
  P1 Trick  7: teambinary leads KH, rootbotz plays 3H -> teambinary wins
  P1 Trick  8: teambinary leads QH, rootbotz plays 6H -> teambinary wins
  P1 Trick  9: teambinary leads 10H, rootbotz plays JH -> rootbotz wins
  P1 Trick 10: rootbotz leads 9S, teambinary plays JS -> teambinary wins
  P1 Trick 11: teambinary leads 7H, rootbotz plays 8H -> rootbotz wins
  P1 Trick 12: rootbotz leads 4C, teambinary plays 5C -> teambinary wins
  P1 Trick 13: teambinary leads 5D, rootbotz plays 9D -> rootbotz wins

--- Phase 2 (Scoring) ---
  P2 Trick  1: rootbotz leads AD, teambinary plays 2D -> rootbotz wins
  P2 Trick  2: rootbotz leads KD, teambinary plays 7D -> rootbotz wins
  P2 Trick  3: rootbotz leads AC, teambinary plays 2C -> rootbotz wins
  P2 Trick  4: rootbotz leads QD, teambinary plays 3S -> teambinary wins
  P2 Trick  5: teambinary leads QC, rootbotz plays KC -> rootbotz wins
  P2 Trick  6: rootbotz leads JD, teambinary plays 2H -> rootbotz wins
  P2 Trick  7: rootbotz leads JC, teambinary plays 3C -> rootbotz wins
  P2 Trick  8: rootbotz leads AH, teambinary plays 4H -> rootbotz wins
  P2 Trick  9: rootbotz leads 10D, teambinary plays 5H -> rootbotz wins
  P2 Trick 10: rootbotz leads 9H, teambinary plays 6C -> rootbotz wins
  P2 Trick 11: rootbotz leads 8C, teambinary plays 9C -> teambinary wins
  P2 Trick 12: teambinary leads 10C, rootbotz plays 2S -> rootbotz wins
  P2 Trick 13: rootbotz leads 8S, teambinary plays 7C -> rootbotz wins
  Result: rootbotz 11 - 2 teambinary
  Winner: rootbotz

============================================================
Game 70
============================================================
Players: teambinary vs rootbotz
Trump suit: C
Face-up card: 4C
teambinary hand: 5C 9C 4D 5D AD 8H 9H 10H KH 2S 4S 5S 8S
rootbotz hand: 3C QC AC 2D 6D 7D 2H 3H 6H 7H JH 10S AS
  P1 Trick  1: teambinary leads AD, rootbotz plays 2D -> teambinary wins
  P1 Trick  2: teambinary leads 5D, rootbotz plays 6D -> rootbotz wins
  P1 Trick  3: rootbotz leads AC, teambinary plays 4C -> rootbotz wins
  P1 Trick  4: rootbotz leads QC, teambinary plays 5C -> rootbotz wins
  P1 Trick  5: rootbotz leads 2H, teambinary plays 5H -> teambinary wins
  P1 Trick  6: teambinary leads 4D, rootbotz plays 7D -> rootbotz wins
  P1 Trick  7: rootbotz leads 10C, teambinary plays 9C -> rootbotz wins
  P1 Trick  8: rootbotz leads 3H, teambinary plays 8H -> teambinary wins
  P1 Trick  9: teambinary leads 9D, rootbotz plays 10D -> rootbotz wins
  P1 Trick 10: rootbotz leads 6H, teambinary plays 9H -> teambinary wins
  P1 Trick 11: teambinary leads KH, rootbotz plays 7H -> teambinary wins
  P1 Trick 12: teambinary leads 10H, rootbotz plays JH -> rootbotz wins
  P1 Trick 13: rootbotz leads KC, teambinary plays 2C -> rootbotz wins

--- Phase 2 (Scoring) ---
  P2 Trick  1: rootbotz leads AS, teambinary plays 2S -> rootbotz wins
  P2 Trick  2: rootbotz leads KD, teambinary plays 8D -> rootbotz wins
  P2 Trick  3: rootbotz leads JS, teambinary plays QS -> teambinary wins
  P2 Trick  4: teambinary leads KS, rootbotz plays 6S -> teambinary wins
  P2 Trick  5: teambinary leads 9S, rootbotz plays 10S -> rootbotz wins
  P2 Trick  6: rootbotz leads QD, teambinary plays 6C -> teambinary wins
  P2 Trick  7: teambinary leads 8S, rootbotz plays 3C -> rootbotz wins
  P2 Trick  8: rootbotz leads AH, teambinary plays 4H -> rootbotz wins
  P2 Trick  9: rootbotz leads JD, teambinary plays 8C -> teambinary wins
  P2 Trick 10: teambinary leads 7S, rootbotz plays 7C -> rootbotz wins
  P2 Trick 11: rootbotz leads QH, teambinary plays 3S -> rootbotz wins
  P2 Trick 12: rootbotz leads 3D, teambinary plays 4S -> rootbotz wins
  P2 Trick 13: rootbotz leads JC, teambinary plays 5S -> rootbotz wins
  Result: teambinary 4 - 9 rootbotz
  Winner: rootbotz

============================================================
Game 71
============================================================
Players: rootbotz vs teambinary
Trump suit: S
Face-up card: 3S
rootbotz hand: 4C 6C 10C JC KC AC 8D QD AD 3H 5H 8H JH
teambinary hand: 2C 5C 7C 8C 6D 7D 9D KD 4H 6H 7S 9S 10S
  P1 Trick  1: rootbotz leads AC, teambinary plays 2C -> rootbotz wins
  P1 Trick  2: rootbotz leads 3S, teambinary plays 7S -> teambinary wins
  P1 Trick  3: teambinary leads KD, rootbotz plays 8D -> teambinary wins
  P1 Trick  4: teambinary leads KH, rootbotz plays 3H -> teambinary wins
  P1 Trick  5: teambinary leads 9D, rootbotz plays 10D -> rootbotz wins
  P1 Trick  6: rootbotz leads KC, teambinary plays 5C -> rootbotz wins
  P1 Trick  7: rootbotz leads 6S, teambinary plays 9S -> teambinary wins
  P1 Trick  8: teambinary leads AS, rootbotz plays QS -> teambinary wins
  P1 Trick  9: teambinary leads AH, rootbotz plays 5H -> teambinary wins
  P1 Trick 10: teambinary leads QC, rootbotz plays 4C -> teambinary wins
  P1 Trick 11: teambinary leads 8C, rootbotz plays 9C -> rootbotz wins
  P1 Trick 12: rootbotz leads 3D, teambinary plays 4D -> teambinary wins
  P1 Trick 13: teambinary leads 7C, rootbotz plays 6C -> teambinary wins

--- Phase 2 (Scoring) ---
  P2 Trick  1: teambinary leads KS, rootbotz plays 2S -> teambinary wins
  P2 Trick  2: teambinary leads JS, rootbotz plays 4S -> teambinary wins
  P2 Trick  3: teambinary leads 10S, rootbotz plays 5S -> teambinary wins
  P2 Trick  4: teambinary leads 10H, rootbotz plays JH -> rootbotz wins
  P2 Trick  5: rootbotz leads AD, teambinary plays 5D -> rootbotz wins
  P2 Trick  6: rootbotz leads QH, teambinary plays 2H -> rootbotz wins
  P2 Trick  7: rootbotz leads QD, teambinary plays 6D -> rootbotz wins
  P2 Trick  8: rootbotz leads JC, teambinary plays 3C -> rootbotz wins
  P2 Trick  9: rootbotz leads 9H, teambinary plays 4H -> rootbotz wins
  P2 Trick 10: rootbotz leads JD, teambinary plays 7D -> rootbotz wins
  P2 Trick 11: rootbotz leads 8H, teambinary plays 6H -> rootbotz wins
  P2 Trick 12: rootbotz leads 10C, teambinary plays 8S -> teambinary wins
  P2 Trick 13: teambinary leads 7H, rootbotz plays 2D -> teambinary wins
  Result: rootbotz 8 - 5 teambinary
  Winner: rootbotz

============================================================
Game 72
============================================================
Players: teambinary vs rootbotz
Trump suit: S
Face-up card: 2S
teambinary hand: 6C 9C 10C QC KC AC 4D 3H 8H AH 4S 10S JS
rootbotz hand: 3C 5C 7D 10D KD AD 4H 5H 6H QH 9S QS KS
  P1 Trick  1: teambinary leads 4D, rootbotz plays 7D -> rootbotz wins
  P1 Trick  2: rootbotz leads KS, teambinary plays 4S -> rootbotz wins
  P1 Trick  3: rootbotz leads 3C, teambinary plays 6C -> teambinary wins
  P1 Trick  4: teambinary leads 8D, rootbotz plays 9D -> rootbotz wins
  P1 Trick  5: rootbotz leads QS, teambinary plays 10S -> rootbotz wins
  P1 Trick  6: rootbotz leads 9S, teambinary plays JS -> teambinary wins
  P1 Trick  7: teambinary leads AC, rootbotz plays 5C -> teambinary wins
  P1 Trick  8: teambinary leads 5D, rootbotz plays 10D -> rootbotz wins
  P1 Trick  9: rootbotz leads 4H, teambinary plays 8H -> teambinary wins
  P1 Trick 10: teambinary leads 3D, rootbotz plays KD -> rootbotz wins
  P1 Trick 11: rootbotz leads 5H, teambinary plays 9H -> teambinary wins
  P1 Trick 12: teambinary leads 2D, rootbotz plays AD -> rootbotz wins
  P1 Trick 13: rootbotz leads AS, teambinary plays JD -> rootbotz wins

--- Phase 2 (Scoring) ---
  P2 Trick  1: rootbotz leads KH, teambinary plays AH -> teambinary wins
  P2 Trick  2: teambinary leads KC, rootbotz plays 7C -> teambinary wins
  P2 Trick  3: teambinary leads QC, rootbotz plays JC -> teambinary wins
  P2 Trick  4: teambinary leads JH, rootbotz plays QH -> rootbotz wins
  P2 Trick  5: rootbotz leads 7H, teambinary plays 10H -> teambinary wins
  P2 Trick  6: teambinary leads 10C, rootbotz plays 2S -> rootbotz wins
  P2 Trick  7: rootbotz leads QD, teambinary plays 6S -> teambinary wins
  P2 Trick  8: teambinary leads 9C, rootbotz plays 3S -> rootbotz wins
  P2 Trick  9: rootbotz leads 6H, teambinary plays 2H -> rootbotz wins
  P2 Trick 10: rootbotz leads 6D, teambinary plays 2C -> rootbotz wins
  P2 Trick 11: rootbotz leads 8S, teambinary plays 3H -> rootbotz wins
  P2 Trick 12: rootbotz leads 7S, teambinary plays 4C -> rootbotz wins
  P2 Trick 13: rootbotz leads 5S, teambinary plays 8C -> rootbotz wins
  Result: teambinary 5 - 8 rootbotz
  Winner: rootbotz

============================================================
Game 73
============================================================
Players: rootbotz vs teambinary
Trump suit: C
Face-up card: 5C
rootbotz hand: JC 3D 6D 9D 10D QD AD 4H 9H QH KH 9S JS
teambinary hand: 2C 4C 9C QC 2D 4D 3H 8H 10H 4S 10S QS AS
  P1 Trick  1: rootbotz leads JC, teambinary plays QC -> teambinary wins
  P1 Trick  2: teambinary leads 4D, rootbotz plays 6D -> rootbotz wins
  P1 Trick  3: rootbotz leads 3D, teambinary plays 2D -> rootbotz wins
  P1 Trick  4: rootbotz leads 4H, teambinary plays 5H -> teambinary wins
  P1 Trick  5: teambinary leads 8D, rootbotz plays 9D -> rootbotz wins
  P1 Trick  6: rootbotz leads KC, teambinary plays 2C -> rootbotz wins
  P1 Trick  7: rootbotz leads 5S, teambinary plays 7S -> teambinary wins
  P1 Trick  8: teambinary leads JD, rootbotz plays QD -> rootbotz wins
  P1 Trick  9: rootbotz leads 7D, teambinary plays 5D -> rootbotz wins
  P1 Trick 10: rootbotz leads 3S, teambinary plays 4S -> teambinary wins
  P1 Trick 11: teambinary leads AS, rootbotz plays 2S -> teambinary wins
  P1 Trick 12: teambinary leads QS, rootbotz plays 8S -> teambinary wins
  P1 Trick 13: teambinary leads AC, rootbotz plays 7C -> teambinary wins

--- Phase 2 (Scoring) ---
  P2 Trick  1: teambinary leads AH, rootbotz plays 9H -> teambinary wins
  P2 Trick  2: teambinary leads 10H, rootbotz plays JH -> rootbotz wins
  P2 Trick  3: rootbotz leads KS, teambinary plays 10S -> rootbotz wins
  P2 Trick  4: rootbotz leads AD, teambinary plays 4C -> teambinary wins
  P2 Trick  5: teambinary leads 9C, rootbotz plays 10C -> rootbotz wins
  P2 Trick  6: rootbotz leads JS, teambinary plays 5C -> teambinary wins
  P2 Trick  7: teambinary leads 8H, rootbotz plays QH -> rootbotz wins
  P2 Trick  8: rootbotz leads 9S, teambinary plays 6C -> teambinary wins
  P2 Trick  9: teambinary leads 8C, rootbotz plays 3C -> teambinary wins
  P2 Trick 10: teambinary leads 7H, rootbotz plays KH -> rootbotz wins
  P2 Trick 11: rootbotz leads KD, teambinary plays 2H -> rootbotz wins
  P2 Trick 12: rootbotz leads 10D, teambinary plays 3H -> rootbotz wins
  P2 Trick 13: rootbotz leads 6S, teambinary plays 6H -> rootbotz wins
  Result: rootbotz 8 - 5 teambinary
  Winner: rootbotz

============================================================
Game 74
============================================================
Players: teambinary vs rootbotz
Trump suit: H
Face-up card: JH
teambinary hand: 8C JC KC JD KD AD 8H 10H QH 3S 7S 10S AS
rootbotz hand: 5C 10C AC 2D 5D 6D 8D QD 5H 7H 2S 9S KS
  P1 Trick  1: teambinary leads AD, rootbotz plays 2D -> teambinary wins
  P1 Trick  2: teambinary leads KD, rootbotz plays 5D -> teambinary wins
  P1 Trick  3: teambinary leads JD, rootbotz plays 6D -> teambinary wins
  P1 Trick  4: teambinary leads AS, rootbotz plays 2S -> teambinary wins
  P1 Trick  5: teambinary leads KC, rootbotz plays AC -> rootbotz wins
  P1 Trick  6: rootbotz leads 4S, teambinary plays 7S -> teambinary wins
  P1 Trick  7: teambinary leads 3D, rootbotz plays 4D -> rootbotz wins
  P1 Trick  8: rootbotz leads KH, teambinary plays 8H -> rootbotz wins
  P1 Trick  9: rootbotz leads 7H, teambinary plays 9H -> teambinary wins
  P1 Trick 10: teambinary leads 10D, rootbotz plays 8D -> teambinary wins
  P1 Trick 11: teambinary leads QS, rootbotz plays 6S -> teambinary wins
  P1 Trick 12: teambinary leads 7D, rootbotz plays 9D -> rootbotz wins
  P1 Trick 13: rootbotz leads 2C, teambinary plays 6C -> teambinary wins

--- Phase 2 (Scoring) ---
  P2 Trick  1: teambinary leads QH, rootbotz plays AH -> rootbotz wins
  P2 Trick  2: rootbotz leads 10C, teambinary plays JC -> teambinary wins
  P2 Trick  3: teambinary leads QC, rootbotz plays 4C -> teambinary wins
  P2 Trick  4: teambinary leads JH, rootbotz plays 3H -> teambinary wins
  P2 Trick  5: teambinary leads 10S, rootbotz plays JS -> rootbotz wins
  P2 Trick  6: rootbotz leads KS, teambinary plays 3S -> rootbotz wins
  P2 Trick  7: rootbotz leads 7C, teambinary plays 8C -> teambinary wins
  P2 Trick  8: teambinary leads 10H, rootbotz plays 4H -> teambinary wins
  P2 Trick  9: teambinary leads 9C, rootbotz plays 5C -> teambinary wins
  P2 Trick 10: teambinary leads 8S, rootbotz plays 9S -> rootbotz wins
  P2 Trick 11: rootbotz leads QD, teambinary plays 2H -> teambinary wins
  P2 Trick 12: teambinary leads 5S, rootbotz plays 5H -> rootbotz wins
  P2 Trick 13: rootbotz leads 6H, teambinary plays 3C -> rootbotz wins
  Result: teambinary 7 - 6 rootbotz
  Winner: teambinary

============================================================
Game 75
============================================================
Players: rootbotz vs teambinary
Trump suit: S
Face-up card: KS
rootbotz hand: 2C 6C 8C KC 5D 8D 10D QD 2H JH 2S 8S QS
teambinary hand: 4C 5C 9C 10C JC QC 7D JD 7H 9H KH AH 6S
  P1 Trick  1: rootbotz leads QS, teambinary plays 6S -> rootbotz wins
  P1 Trick  2: rootbotz leads KS, teambinary plays 7D -> rootbotz wins
  P1 Trick  3: rootbotz leads 2C, teambinary plays 4C -> teambinary wins
  P1 Trick  4: teambinary leads JD, rootbotz plays QD -> rootbotz wins
  P1 Trick  5: rootbotz leads 10S, teambinary plays 2D -> rootbotz wins
  P1 Trick  6: rootbotz leads 2H, teambinary plays 3H -> teambinary wins
  P1 Trick  7: teambinary leads 4D, rootbotz plays 5D -> rootbotz wins
  P1 Trick  8: rootbotz leads JS, teambinary plays KD -> rootbotz wins
  P1 Trick  9: rootbotz leads 6C, teambinary plays 9C -> teambinary wins
  P1 Trick 10: teambinary leads QC, rootbotz plays KC -> rootbotz wins
  P1 Trick 11: rootbotz leads 7C, teambinary plays 10C -> teambinary wins
  P1 Trick 12: teambinary leads 3D, rootbotz plays 8D -> rootbotz wins
  P1 Trick 13: rootbotz leads 6D, teambinary plays 3C -> rootbotz wins

--- Phase 2 (Scoring) ---
  P2 Trick  1: rootbotz leads AD, teambinary plays 7S -> teambinary wins
  P2 Trick  2: teambinary leads AH, rootbotz plays 8H -> teambinary wins
  P2 Trick  3: teambinary leads AC, rootbotz plays 8C -> teambinary wins
  P2 Trick  4: teambinary leads AS, rootbotz plays 2S -> teambinary wins
  P2 Trick  5: teambinary leads KH, rootbotz plays 10H -> teambinary wins
  P2 Trick  6: teambinary leads QH, rootbotz plays JH -> teambinary wins
  P2 Trick  7: teambinary leads JC, rootbotz plays 3S -> rootbotz wins
  P2 Trick  8: rootbotz leads 10D, teambinary plays 4H -> rootbotz wins
  P2 Trick  9: rootbotz leads 9D, teambinary plays 5C -> rootbotz wins
  P2 Trick 10: rootbotz leads 9S, teambinary plays 5H -> rootbotz wins
  P2 Trick 11: rootbotz leads 8S, teambinary plays 6H -> rootbotz wins
  P2 Trick 12: rootbotz leads 5S, teambinary plays 7H -> rootbotz wins
  P2 Trick 13: rootbotz leads 4S, teambinary plays 9H -> rootbotz wins
  Result: rootbotz 7 - 6 teambinary
  Winner: rootbotz

============================================================
Game 76
============================================================
Players: teambinary vs rootbotz
Trump suit: H
Face-up card: 2H
teambinary hand: 4C 6C 8C 5D 6D 5H 6H 10H KH AH 2S 4S 8S
rootbotz hand: 5C 9C AC 2D 10D JD 4H 7H 3S 5S 9S 10S QS
  P1 Trick  1: teambinary leads AH, rootbotz plays 4H -> teambinary wins
  P1 Trick  2: teambinary leads 6D, rootbotz plays 7D -> rootbotz wins
  P1 Trick  3: rootbotz leads 2D, teambinary plays 5D -> teambinary wins
  P1 Trick  4: teambinary leads 8S, rootbotz plays 9S -> rootbotz wins
  P1 Trick  5: rootbotz leads 3S, teambinary plays 4S -> teambinary wins
  P1 Trick  6: teambinary leads 8D, rootbotz plays 10D -> rootbotz wins
  P1 Trick  7: rootbotz leads 7H, teambinary plays 10H -> teambinary wins
  P1 Trick  8: teambinary leads AS, rootbotz plays 5S -> teambinary wins
  P1 Trick  9: teambinary leads 7S, rootbotz plays 10S -> rootbotz wins
  P1 Trick 10: rootbotz leads 3D, teambinary plays 2S -> rootbotz wins
  P1 Trick 11: rootbotz leads 5C, teambinary plays 6C -> teambinary wins
  P1 Trick 12: teambinary leads AD, rootbotz plays 9D -> teambinary wins
  P1 Trick 13: teambinary leads 4D, rootbotz plays JD -> rootbotz wins

--- Phase 2 (Scoring) ---
  P2 Trick  1: rootbotz leads AC, teambinary plays 4C -> rootbotz wins
  P2 Trick  2: rootbotz leads QC, teambinary plays KC -> teambinary wins
  P2 Trick  3: teambinary leads KH, rootbotz plays 9H -> teambinary wins
  P2 Trick  4: teambinary leads QH, rootbotz plays 2C -> teambinary wins
  P2 Trick  5: teambinary leads JH, rootbotz plays 3C -> teambinary wins
  P2 Trick  6: teambinary leads JS, rootbotz plays QS -> rootbotz wins
  P2 Trick  7: rootbotz leads JC, teambinary plays 7C -> rootbotz wins
  P2 Trick  8: rootbotz leads 10C, teambinary plays 8C -> rootbotz wins
  P2 Trick  9: rootbotz leads KS, teambinary plays 2H -> teambinary wins
  P2 Trick 10: teambinary leads 8H, rootbotz plays 6S -> teambinary wins
  P2 Trick 11: teambinary leads 6H, rootbotz plays 9C -> teambinary wins
  P2 Trick 12: teambinary leads 5H, rootbotz plays QD -> teambinary wins
  P2 Trick 13: teambinary leads 3H, rootbotz plays KD -> teambinary wins
  Result: teambinary 9 - 4 rootbotz
  Winner: teambinary

============================================================
Game 77
============================================================
Players: rootbotz vs teambinary
Trump suit: D
Face-up card: 9D
rootbotz hand: 4C 6C 10C KC AC 5D JD 8H 9H JH 7S 9S 10S
teambinary hand: 2C 5C JC QC 3D 7D 7H KH 4S 8S JS KS AS
  P1 Trick  1: rootbotz leads JD, teambinary plays 3D -> rootbotz wins
  P1 Trick  2: rootbotz leads 4C, teambinary plays 5C -> teambinary wins
  P1 Trick  3: teambinary leads KH, rootbotz plays 2H -> teambinary wins
  P1 Trick  4: teambinary leads 7H, rootbotz plays 8H -> rootbotz wins
  P1 Trick  5: rootbotz leads 6C, teambinary plays 9C -> teambinary wins
  P1 Trick  6: teambinary leads 6H, rootbotz plays 5H -> teambinary wins
  P1 Trick  7: teambinary leads QC, rootbotz plays 10C -> teambinary wins
  P1 Trick  8: teambinary leads JC, rootbotz plays KC -> rootbotz wins
  P1 Trick  9: rootbotz leads KD, teambinary plays 7D -> rootbotz wins
  P1 Trick 10: rootbotz leads AD, teambinary plays 8D -> rootbotz wins
  P1 Trick 11: rootbotz leads 2S, teambinary plays 3S -> teambinary wins
  P1 Trick 12: teambinary leads 4H, rootbotz plays 9H -> rootbotz wins
  P1 Trick 13: rootbotz leads 6S, teambinary plays 8S -> teambinary wins

--- Phase 2 (Scoring) ---
  P2 Trick  1: teambinary leads AS, rootbotz plays 7S -> teambinary wins
  P2 Trick  2: teambinary leads KS, rootbotz plays 9S -> teambinary wins
  P2 Trick  3: teambinary leads QD, rootbotz plays 4D -> teambinary wins
  P2 Trick  4: teambinary leads QS, rootbotz plays 10S -> teambinary wins
  P2 Trick  5: teambinary leads JS, rootbotz plays 5D -> rootbotz wins
  P2 Trick  6: rootbotz leads AH, teambinary plays 3H -> rootbotz wins
  P2 Trick  7: rootbotz leads QH, teambinary plays 2D -> teambinary wins
  P2 Trick  8: teambinary leads 7C, rootbotz plays 8C -> rootbotz wins
  P2 Trick  9: rootbotz leads JH, teambinary plays 6D -> teambinary wins
  P2 Trick 10: teambinary leads 5S, rootbotz plays 9D -> rootbotz wins
  P2 Trick 11: rootbotz leads AC, teambinary plays 2C -> rootbotz wins
  P2 Trick 12: rootbotz leads 10H, teambinary plays 3C -> rootbotz wins
  P2 Trick 13: rootbotz leads 10D, teambinary plays 4S -> rootbotz wins
  Result: rootbotz 7 - 6 teambinary
  Winner: rootbotz

============================================================
Game 78
============================================================
Players: teambinary vs rootbotz
Trump suit: C
Face-up card: 7C
teambinary hand: 2C 6C 8C 2D 3D 4D 5D AD 2H 5H 6H KH 2S
rootbotz hand: QC 7D 8D 9D 7H 8H 9H 10H JH AH 6S 8S KS
  P1 Trick  1: teambinary leads 2S, rootbotz plays 6S -> rootbotz wins
  P1 Trick  2: rootbotz leads 7D, teambinary plays AD -> teambinary wins
  P1 Trick  3: teambinary leads AS, rootbotz plays 8S -> teambinary wins
  P1 Trick  4: teambinary leads KH, rootbotz plays AH -> rootbotz wins
  P1 Trick  5: rootbotz leads QC, teambinary plays 2C -> rootbotz wins
  P1 Trick  6: rootbotz leads 3S, teambinary plays 2H -> rootbotz wins
  P1 Trick  7: rootbotz leads 7C, teambinary plays 8C -> teambinary wins
  P1 Trick  8: teambinary leads 6H, rootbotz plays 7H -> rootbotz wins
  P1 Trick  9: rootbotz leads 4C, teambinary plays 5C -> teambinary wins
  P1 Trick 10: teambinary leads 5H, rootbotz plays 8H -> rootbotz wins
  P1 Trick 11: rootbotz leads 4S, teambinary plays 4H -> rootbotz wins
  P1 Trick 12: rootbotz leads 5S, teambinary plays 2D -> rootbotz wins
  P1 Trick 13: rootbotz leads 3C, teambinary plays 6C -> teambinary wins

--- Phase 2 (Scoring) ---
  P2 Trick  1: teambinary leads AC, rootbotz plays 3H -> teambinary wins
  P2 Trick  2: teambinary leads KD, rootbotz plays 8D -> teambinary wins
  P2 Trick  3: teambinary leads KC, rootbotz plays 7S -> teambinary wins
  P2 Trick  4: teambinary leads QD, rootbotz plays 9D -> teambinary wins
  P2 Trick  5: teambinary leads QS, rootbotz plays KS -> rootbotz wins
  P2 Trick  6: rootbotz leads QH, teambinary plays 9C -> teambinary wins
  P2 Trick  7: teambinary leads JC, rootbotz plays 9H -> teambinary wins
  P2 Trick  8: teambinary leads JD, rootbotz plays 10D -> teambinary wins
  P2 Trick  9: teambinary leads 10C, rootbotz plays 9S -> teambinary wins
  P2 Trick 10: teambinary leads 6D, rootbotz plays 10H -> teambinary wins
  P2 Trick 11: teambinary leads 5D, rootbotz plays 10S -> teambinary wins
  P2 Trick 12: teambinary leads 4D, rootbotz plays JH -> teambinary wins
  P2 Trick 13: teambinary leads 3D, rootbotz plays JS -> teambinary wins
  Result: teambinary 12 - 1 rootbotz
  Winner: teambinary

============================================================
Game 79
============================================================
Players: rootbotz vs teambinary
Trump suit: D
Face-up card: QD
rootbotz hand: 4C 6C 10C 3D 8D JD 2H 4H 5H 5S 8S JS AS
teambinary hand: 5C 7C 8C 9C KC 2D 5D 6D 10D 3H 7H 8H KS
  P1 Trick  1: rootbotz leads JD, teambinary plays 2D -> rootbotz wins
  P1 Trick  2: rootbotz leads 2H, teambinary plays 3H -> teambinary wins
  P1 Trick  3: teambinary leads KS, rootbotz plays AS -> rootbotz wins
  P1 Trick  4: rootbotz leads 4H, teambinary plays 7H -> teambinary wins
  P1 Trick  5: teambinary leads 10H, rootbotz plays 5H -> teambinary wins
  P1 Trick  6: teambinary leads 9S, rootbotz plays 5S -> teambinary wins
  P1 Trick  7: teambinary leads 8H, rootbotz plays 9H -> rootbotz wins
  P1 Trick  8: rootbotz leads 4C, teambinary plays 5C -> teambinary wins
  P1 Trick  9: teambinary leads 6H, rootbotz plays JH -> rootbotz wins
  P1 Trick 10: rootbotz leads QD, teambinary plays KD -> teambinary wins
  P1 Trick 11: teambinary leads QH, rootbotz plays KH -> rootbotz wins
  P1 Trick 12: rootbotz leads 8D, teambinary plays 9D -> teambinary wins
  P1 Trick 13: teambinary leads QS, rootbotz plays 3S -> teambinary wins

--- Phase 2 (Scoring) ---
  P2 Trick  1: teambinary leads AD, rootbotz plays 3D -> teambinary wins
  P2 Trick  2: teambinary leads KC, rootbotz plays AC -> rootbotz wins
  P2 Trick  3: rootbotz leads JS, teambinary plays 2S -> rootbotz wins
  P2 Trick  4: rootbotz leads 10S, teambinary plays 4S -> rootbotz wins
  P2 Trick  5: rootbotz leads QC, teambinary plays 2C -> rootbotz wins
  P2 Trick  6: rootbotz leads 8S, teambinary plays 5D -> teambinary wins
  P2 Trick  7: teambinary leads 10D, rootbotz plays 4D -> teambinary wins
  P2 Trick  8: teambinary leads 9C, rootbotz plays 10C -> rootbotz wins
  P2 Trick  9: rootbotz leads JC, teambinary plays 3C -> rootbotz wins
  P2 Trick 10: rootbotz leads 7S, teambinary plays 6D -> teambinary wins
  P2 Trick 11: teambinary leads 8C, rootbotz plays 6C -> teambinary wins
  P2 Trick 12: teambinary leads 7C, rootbotz plays 6S -> teambinary wins
  P2 Trick 13: teambinary leads 7D, rootbotz plays AH -> teambinary wins
  Result: rootbotz 6 - 7 teambinary
  Winner: teambinary

============================================================
Game 80
============================================================
Players: teambinary vs rootbotz
Trump suit: H
Face-up card: QH
teambinary hand: 5C 6C AC 3D 4D QD 6H 10H 3S 9S 10S JS KS
rootbotz hand: 8C 9C 10C QC 6D 8D 2H 3H 7H 8H AH 6S QS
  P1 Trick  1: teambinary leads AC, rootbotz plays 8C -> teambinary wins
  P1 Trick  2: teambinary leads 6C, rootbotz plays 9C -> rootbotz wins
  P1 Trick  3: rootbotz leads AH, teambinary plays 6H -> rootbotz wins
  P1 Trick  4: rootbotz leads 6S, teambinary plays 9S -> teambinary wins
  P1 Trick  5: teambinary leads 5C, rootbotz plays 10C -> rootbotz wins
  P1 Trick  6: rootbotz leads 5S, teambinary plays 10S -> teambinary wins
  P1 Trick  7: teambinary leads QD, rootbotz plays 6D -> teambinary wins
  P1 Trick  8: teambinary leads 7D, rootbotz plays 8D -> rootbotz wins
  P1 Trick  9: rootbotz leads 2C, teambinary plays 4C -> teambinary wins
  P1 Trick 10: teambinary leads 7C, rootbotz plays QC -> rootbotz wins
  P1 Trick 11: rootbotz leads JH, teambinary plays QH -> teambinary wins
  P1 Trick 12: teambinary leads AD, rootbotz plays 9D -> teambinary wins
  P1 Trick 13: teambinary leads 4D, rootbotz plays 5D -> rootbotz wins

--- Phase 2 (Scoring) ---
  P2 Trick  1: rootbotz leads AS, teambinary plays 2S -> rootbotz wins
  P2 Trick  2: rootbotz leads KD, teambinary plays 2D -> rootbotz wins
  P2 Trick  3: rootbotz leads QS, teambinary plays KS -> teambinary wins
  P2 Trick  4: teambinary leads KH, rootbotz plays 2H -> teambinary wins
  P2 Trick  5: teambinary leads JS, rootbotz plays 8S -> teambinary wins
  P2 Trick  6: teambinary leads JC, rootbotz plays KC -> rootbotz wins
  P2 Trick  7: rootbotz leads JD, teambinary plays 3D -> rootbotz wins
  P2 Trick  8: rootbotz leads 10D, teambinary plays 4H -> teambinary wins
  P2 Trick  9: teambinary leads 10H, rootbotz plays 3H -> teambinary wins
  P2 Trick 10: teambinary leads 9H, rootbotz plays 5H -> teambinary wins
  P2 Trick 11: teambinary leads 7S, rootbotz plays 7H -> rootbotz wins
  P2 Trick 12: rootbotz leads 3C, teambinary plays 3S -> rootbotz wins
  P2 Trick 13: rootbotz leads 8H, teambinary plays 4S -> rootbotz wins
  Result: teambinary 6 - 7 rootbotz
  Winner: rootbotz

============================================================
Game 81
============================================================
Players: rootbotz vs teambinary
Trump suit: C
Face-up card: 8C
rootbotz hand: 6C 10C 2D 3D 5D 6D 4H 9H QH 8S 9S JS AS
teambinary hand: 3C 4C 9C JC QC 4D KD 6H 7H KH AH 5S KS
  P1 Trick  1: rootbotz leads 10C, teambinary plays JC -> teambinary wins
  P1 Trick  2: teambinary leads KS, rootbotz plays AS -> rootbotz wins
  P1 Trick  3: rootbotz leads 7C, teambinary plays 8C -> teambinary wins
  P1 Trick  4: teambinary leads KD, rootbotz plays 2D -> teambinary wins
  P1 Trick  5: teambinary leads 5S, rootbotz plays 8S -> rootbotz wins
  P1 Trick  6: rootbotz leads 2S, teambinary plays 4S -> teambinary wins
  P1 Trick  7: teambinary leads 10S, rootbotz plays JS -> rootbotz wins
  P1 Trick  8: rootbotz leads 3D, teambinary plays 4D -> teambinary wins
  P1 Trick  9: teambinary leads 3S, rootbotz plays 7S -> rootbotz wins
  P1 Trick 10: rootbotz leads 4H, teambinary plays 6H -> teambinary wins
  P1 Trick 11: teambinary leads AH, rootbotz plays 5H -> teambinary wins
  P1 Trick 12: teambinary leads KH, rootbotz plays 9H -> teambinary wins
  P1 Trick 13: teambinary leads 10H, rootbotz plays JH -> rootbotz wins

--- Phase 2 (Scoring) ---
  P2 Trick  1: rootbotz leads AD, teambinary plays 8D -> rootbotz wins
  P2 Trick  2: rootbotz leads QD, teambinary plays 2C -> teambinary wins
  P2 Trick  3: teambinary leads AC, rootbotz plays 6C -> teambinary wins
  P2 Trick  4: teambinary leads KC, rootbotz plays 5D -> teambinary wins
  P2 Trick  5: teambinary leads QC, rootbotz plays 6D -> teambinary wins
  P2 Trick  6: teambinary leads 9C, rootbotz plays 6S -> teambinary wins
  P2 Trick  7: teambinary leads 8H, rootbotz plays QH -> rootbotz wins
  P2 Trick  8: rootbotz leads JD, teambinary plays 3C -> teambinary wins
  P2 Trick  9: teambinary leads 7H, rootbotz plays 7D -> teambinary wins
  P2 Trick 10: teambinary leads 5C, rootbotz plays 9S -> teambinary wins
  P2 Trick 11: teambinary leads 4C, rootbotz plays 9D -> teambinary wins
  P2 Trick 12: teambinary leads 3H, rootbotz plays 10D -> teambinary wins
  P2 Trick 13: teambinary leads 2H, rootbotz plays QS -> teambinary wins
  Result: rootbotz 2 - 11 teambinary
  Winner: teambinary

============================================================
Game 82
============================================================
Players: teambinary vs rootbotz
Trump suit: H
Face-up card: 2H
teambinary hand: 7C 8C AC 3D 4D 6D 8D 10D 4H JH 2S 3S 5S
rootbotz hand: 2C 4C 6C JC 8H 9H 10H QH KH AH 8S JS KS
  P1 Trick  1: teambinary leads AC, rootbotz plays 2C -> teambinary wins
  P1 Trick  2: teambinary leads 8C, rootbotz plays 10C -> rootbotz wins
  P1 Trick  3: rootbotz leads 4C, teambinary plays 7C -> teambinary wins
  P1 Trick  4: teambinary leads 9C, rootbotz plays 5C -> teambinary wins
  P1 Trick  5: teambinary leads 5S, rootbotz plays 8S -> rootbotz wins
  P1 Trick  6: rootbotz leads 6C, teambinary plays 2S -> rootbotz wins
  P1 Trick  7: rootbotz leads AH, teambinary plays 2H -> rootbotz wins
  P1 Trick  8: rootbotz leads 3C, teambinary plays 3S -> rootbotz wins
  P1 Trick  9: rootbotz leads KH, teambinary plays 4H -> rootbotz wins
  P1 Trick 10: rootbotz leads QH, teambinary plays 5H -> rootbotz wins
  P1 Trick 11: rootbotz leads 5D, teambinary plays 6D -> teambinary wins
  P1 Trick 12: teambinary leads 7S, rootbotz plays 10S -> rootbotz wins
  P1 Trick 13: rootbotz leads 10H, teambinary plays JH -> teambinary wins

--- Phase 2 (Scoring) ---
  P2 Trick  1: teambinary leads AD, rootbotz plays 9D -> teambinary wins
  P2 Trick  2: teambinary leads KD, rootbotz plays JD -> teambinary wins
  P2 Trick  3: teambinary leads QD, rootbotz plays 3H -> rootbotz wins
  P2 Trick  4: rootbotz leads AS, teambinary plays 4S -> rootbotz wins
  P2 Trick  5: rootbotz leads KS, teambinary plays 6S -> rootbotz wins
  P2 Trick  6: rootbotz leads QS, teambinary plays 7H -> teambinary wins
  P2 Trick  7: teambinary leads QC, rootbotz plays KC -> rootbotz wins
  P2 Trick  8: rootbotz leads JS, teambinary plays 2D -> rootbotz wins
  P2 Trick  9: rootbotz leads JC, teambinary plays 3D -> rootbotz wins
  P2 Trick 10: rootbotz leads 9S, teambinary plays 4D -> rootbotz wins
  P2 Trick 11: rootbotz leads 9H, teambinary plays 7D -> rootbotz wins
  P2 Trick 12: rootbotz leads 8H, teambinary plays 8D -> rootbotz wins
  P2 Trick 13: rootbotz leads 6H, teambinary plays 10D -> rootbotz wins
  Result: teambinary 3 - 10 rootbotz
  Winner: rootbotz

============================================================
Game 83
============================================================
Players: rootbotz vs teambinary
Trump suit: D
Face-up card: JD
rootbotz hand: 2C 3C 9C JC QC 4D 9D 3H 8H KH 5S 7S JS
teambinary hand: 4C 2D 6D 8D QD AD 4H 5H QH 6S 8S 10S AS
  P1 Trick  1: rootbotz leads 9D, teambinary plays QD -> teambinary wins
  P1 Trick  2: teambinary leads 4C, rootbotz plays 9C -> rootbotz wins
  P1 Trick  3: rootbotz leads 2C, teambinary plays 4H -> rootbotz wins
  P1 Trick  4: rootbotz leads 3H, teambinary plays 5H -> teambinary wins
  P1 Trick  5: teambinary leads AS, rootbotz plays 4S -> teambinary wins
  P1 Trick  6: teambinary leads AC, rootbotz plays 3C -> teambinary wins
  P1 Trick  7: teambinary leads AD, rootbotz plays 4D -> teambinary wins
  P1 Trick  8: teambinary leads QH, rootbotz plays 2H -> teambinary wins
  P1 Trick  9: teambinary leads 5C, rootbotz plays 7C -> rootbotz wins
  P1 Trick 10: rootbotz leads 3D, teambinary plays 6D -> teambinary wins
  P1 Trick 11: teambinary leads 6C, rootbotz plays JC -> rootbotz wins
  P1 Trick 12: rootbotz leads KS, teambinary plays 6S -> rootbotz wins
  P1 Trick 13: rootbotz leads JS, teambinary plays QS -> teambinary wins

--- Phase 2 (Scoring) ---
  P2 Trick  1: teambinary leads KD, rootbotz plays 2S -> teambinary wins
  P2 Trick  2: teambinary leads JD, rootbotz plays 3S -> teambinary wins
  P2 Trick  3: teambinary leads JH, rootbotz plays KH -> rootbotz wins
  P2 Trick  4: rootbotz leads KC, teambinary plays 2D -> teambinary wins
  P2 Trick  5: teambinary leads 10S, rootbotz plays 5S -> teambinary wins
  P2 Trick  6: teambinary leads 10H, rootbotz plays AH -> rootbotz wins
  P2 Trick  7: rootbotz leads QC, teambinary plays 5D -> teambinary wins
  P2 Trick  8: teambinary leads 10D, rootbotz plays 6H -> teambinary wins
  P2 Trick  9: teambinary leads 9H, rootbotz plays 8H -> teambinary wins
  P2 Trick 10: teambinary leads 8D, rootbotz plays 7S -> teambinary wins
  P2 Trick 11: teambinary leads 8S, rootbotz plays 9S -> rootbotz wins
  P2 Trick 12: rootbotz leads 10C, teambinary plays 7D -> teambinary wins
  P2 Trick 13: teambinary leads 7H, rootbotz plays 8C -> teambinary wins
  Result: rootbotz 3 - 10 teambinary
  Winner: teambinary

============================================================
Game 84
============================================================
Players: teambinary vs rootbotz
Trump suit: H
Face-up card: 8H
teambinary hand: 9C 10C JC QC 3D 4D 7D KD JH QH 2S JS AS
rootbotz hand: 2C AC 6D 8D AD 3H 6H 10H 5S 6S 8S 9S 10S
  P1 Trick  1: teambinary leads AS, rootbotz plays 5S -> teambinary wins
  P1 Trick  2: teambinary leads JS, rootbotz plays 6S -> teambinary wins
  P1 Trick  3: teambinary leads 2S, rootbotz plays 8S -> rootbotz wins
  P1 Trick  4: rootbotz leads 10H, teambinary plays JH -> teambinary wins
  P1 Trick  5: teambinary leads QC, rootbotz plays 2C -> teambinary wins
  P1 Trick  6: teambinary leads JC, rootbotz plays 7C -> teambinary wins
  P1 Trick  7: teambinary leads 7S, rootbotz plays 9S -> rootbotz wins
  P1 Trick  8: rootbotz leads 3C, teambinary plays 5C -> teambinary wins
  P1 Trick  9: teambinary leads 10C, rootbotz plays AC -> rootbotz wins
  P1 Trick 10: rootbotz leads 4S, teambinary plays 4C -> rootbotz wins
  P1 Trick 11: rootbotz leads 6H, teambinary plays 7H -> teambinary wins
  P1 Trick 12: teambinary leads AH, rootbotz plays 2H -> teambinary wins
  P1 Trick 13: teambinary leads KS, rootbotz plays 3S -> teambinary wins

--- Phase 2 (Scoring) ---
  P2 Trick  1: teambinary leads KD, rootbotz plays AD -> rootbotz wins
  P2 Trick  2: rootbotz leads QD, teambinary plays 3D -> rootbotz wins
  P2 Trick  3: rootbotz leads JD, teambinary plays 4D -> rootbotz wins
  P2 Trick  4: rootbotz leads 8D, teambinary plays 9D -> teambinary wins
  P2 Trick  5: teambinary leads KC, rootbotz plays 6C -> teambinary wins
  P2 Trick  6: teambinary leads KH, rootbotz plays 3H -> teambinary wins
  P2 Trick  7: teambinary leads QH, rootbotz plays 4H -> teambinary wins
  P2 Trick  8: teambinary leads 10D, rootbotz plays 2D -> teambinary wins
  P2 Trick  9: teambinary leads 9C, rootbotz plays 5H -> rootbotz wins
  P2 Trick 10: rootbotz leads QS, teambinary plays 8H -> teambinary wins
  P2 Trick 11: teambinary leads 9H, rootbotz plays 5D -> teambinary wins
  P2 Trick 12: teambinary leads 8C, rootbotz plays 6D -> teambinary wins
  P2 Trick 13: teambinary leads 7D, rootbotz plays 10S -> teambinary wins
  Result: teambinary 9 - 4 rootbotz
  Winner: teambinary

============================================================
Game 85
============================================================
Players: rootbotz vs teambinary
Trump suit: D
Face-up card: 3D
rootbotz hand: 3C 6C 10C KC 5D 8D 3H 4H 10H QH 5S 7S 9S
teambinary hand: 9C JC QC 4D 10D QD AD 8H 2S 10S QS KS AS
  P1 Trick  1: rootbotz leads 8D, teambinary plays 10D -> teambinary wins
  P1 Trick  2: teambinary leads 8H, rootbotz plays 3H -> teambinary wins
  P1 Trick  3: teambinary leads QC, rootbotz plays 3C -> teambinary wins
  P1 Trick  4: teambinary leads JC, rootbotz plays 6C -> teambinary wins
  P1 Trick  5: teambinary leads 9C, rootbotz plays 10C -> rootbotz wins
  P1 Trick  6: rootbotz leads 9D, teambinary plays QD -> teambinary wins
  P1 Trick  7: teambinary leads 2C, rootbotz plays 4C -> rootbotz wins
  P1 Trick  8: rootbotz leads 4H, teambinary plays 6H -> teambinary wins
  P1 Trick  9: teambinary leads KH, rootbotz plays 5H -> teambinary wins
  P1 Trick 10: teambinary leads 9H, rootbotz plays 10H -> rootbotz wins
  P1 Trick 11: rootbotz leads JD, teambinary plays AD -> teambinary wins
  P1 Trick 12: teambinary leads 7C, rootbotz plays KC -> rootbotz wins
  P1 Trick 13: rootbotz leads 5S, teambinary plays 10S -> teambinary wins

--- Phase 2 (Scoring) ---
  P2 Trick  1: teambinary leads AS, rootbotz plays 6S -> teambinary wins
  P2 Trick  2: teambinary leads AH, rootbotz plays 2H -> teambinary wins
  P2 Trick  3: teambinary leads KS, rootbotz plays 7S -> teambinary wins
  P2 Trick  4: teambinary leads QS, rootbotz plays 8S -> teambinary wins
  P2 Trick  5: teambinary leads 8C, rootbotz plays AC -> rootbotz wins
  P2 Trick  6: rootbotz leads QH, teambinary plays 7H -> rootbotz wins
  P2 Trick  7: rootbotz leads JS, teambinary plays 2S -> rootbotz wins
  P2 Trick  8: rootbotz leads 9S, teambinary plays 3S -> rootbotz wins
  P2 Trick  9: rootbotz leads JH, teambinary plays 2D -> teambinary wins
  P2 Trick 10: teambinary leads 5C, rootbotz plays 5D -> rootbotz wins
  P2 Trick 11: rootbotz leads KD, teambinary plays 3D -> rootbotz wins
  P2 Trick 12: rootbotz leads 7D, teambinary plays 4D -> rootbotz wins
  P2 Trick 13: rootbotz leads 6D, teambinary plays 4S -> rootbotz wins
  Result: rootbotz 8 - 5 teambinary
  Winner: rootbotz

============================================================
Game 86
============================================================
Players: teambinary vs rootbotz
Trump suit: S
Face-up card: 4S
teambinary hand: 3D 4D 8D 9D KD 4H 6H 2S 5S 7S 8S 9S 10S
rootbotz hand: 2C 4C 5C 6C 8C 10C 2D 5D JD 3H 7H 8H KH
  P1 Trick  1: teambinary leads 6H, rootbotz plays 7H -> rootbotz wins
  P1 Trick  2: rootbotz leads 4S, teambinary plays 5S -> teambinary wins
  P1 Trick  3: teambinary leads 4H, rootbotz plays 8H -> rootbotz wins
  P1 Trick  4: rootbotz leads JS, teambinary plays 2S -> rootbotz wins
  P1 Trick  5: rootbotz leads KS, teambinary plays 7S -> rootbotz wins
  P1 Trick  6: rootbotz leads 3S, teambinary plays 6S -> teambinary wins
  P1 Trick  7: teambinary leads AC, rootbotz plays 2C -> teambinary wins
  P1 Trick  8: teambinary leads QC, rootbotz plays 4C -> teambinary wins
  P1 Trick  9: teambinary leads JC, rootbotz plays 5C -> teambinary wins
  P1 Trick 10: teambinary leads 3C, rootbotz plays 6C -> rootbotz wins
  P1 Trick 11: rootbotz leads AH, teambinary plays 8S -> teambinary wins
  P1 Trick 12: teambinary leads JH, rootbotz plays 3H -> teambinary wins
  P1 Trick 13: teambinary leads 9C, rootbotz plays 10C -> rootbotz wins

--- Phase 2 (Scoring) ---
  P2 Trick  1: rootbotz leads KH, teambinary plays QH -> rootbotz wins
  P2 Trick  2: rootbotz leads JD, teambinary plays QD -> teambinary wins
  P2 Trick  3: teambinary leads AD, rootbotz plays 2D -> teambinary wins
  P2 Trick  4: teambinary leads KD, rootbotz plays 5D -> teambinary wins
  P2 Trick  5: teambinary leads QS, rootbotz plays AS -> rootbotz wins
  P2 Trick  6: rootbotz leads 10H, teambinary plays 9S -> teambinary wins
  P2 Trick  7: teambinary leads 10S, rootbotz plays 2H -> teambinary wins
  P2 Trick  8: teambinary leads 9D, rootbotz plays 10D -> rootbotz wins
  P2 Trick  9: rootbotz leads KC, teambinary plays 3D -> rootbotz wins
  P2 Trick 10: rootbotz leads 8C, teambinary plays 4D -> rootbotz wins
  P2 Trick 11: rootbotz leads 9H, teambinary plays 6D -> rootbotz wins
  P2 Trick 12: rootbotz leads 7C, teambinary plays 7D -> rootbotz wins
  P2 Trick 13: rootbotz leads 5H, teambinary plays 8D -> rootbotz wins
  Result: teambinary 5 - 8 rootbotz
  Winner: rootbotz

============================================================
Game 87
============================================================
Players: rootbotz vs teambinary
Trump suit: H
Face-up card: KH
rootbotz hand: 3C 5C 7C 8C AC 3D 10D 3H 5H QH 2S 5S QS
teambinary hand: 4C 6C 10C 4D QD AD 6H 7H 9H JH 6S 9S AS
  P1 Trick  1: rootbotz leads QH, teambinary plays 6H -> rootbotz wins
  P1 Trick  2: rootbotz leads KH, teambinary plays 4H -> rootbotz wins
  P1 Trick  3: rootbotz leads 2S, teambinary plays 6S -> teambinary wins
  P1 Trick  4: teambinary leads AH, rootbotz plays 3H -> teambinary wins
  P1 Trick  5: teambinary leads AS, rootbotz plays 5S -> teambinary wins
  P1 Trick  6: teambinary leads AD, rootbotz plays 3D -> teambinary wins
  P1 Trick  7: teambinary leads KS, rootbotz plays JS -> teambinary wins
  P1 Trick  8: teambinary leads 9S, rootbotz plays QS -> rootbotz wins
  P1 Trick  9: rootbotz leads 10H, teambinary plays JH -> teambinary wins
  P1 Trick 10: teambinary leads 3S, rootbotz plays 7S -> rootbotz wins
  P1 Trick 11: rootbotz leads 2D, teambinary plays 4D -> teambinary wins
  P1 Trick 12: teambinary leads 8S, rootbotz plays 2C -> teambinary wins
  P1 Trick 13: teambinary leads QC, rootbotz plays KC -> rootbotz wins

--- Phase 2 (Scoring) ---
  P2 Trick  1: rootbotz leads AC, teambinary plays 4C -> rootbotz wins
  P2 Trick  2: rootbotz leads JC, teambinary plays 6C -> rootbotz wins
  P2 Trick  3: rootbotz leads 9C, teambinary plays 10C -> teambinary wins
  P2 Trick  4: teambinary leads QD, rootbotz plays KD -> rootbotz wins
  P2 Trick  5: rootbotz leads 8C, teambinary plays 7H -> teambinary wins
  P2 Trick  6: teambinary leads JD, rootbotz plays 7D -> teambinary wins
  P2 Trick  7: teambinary leads 9H, rootbotz plays 2H -> teambinary wins
  P2 Trick  8: teambinary leads 9D, rootbotz plays 10D -> rootbotz wins
  P2 Trick  9: rootbotz leads 7C, teambinary plays 8H -> teambinary wins
  P2 Trick 10: teambinary leads 8D, rootbotz plays 5H -> rootbotz wins
  P2 Trick 11: rootbotz leads 5C, teambinary plays 4S -> rootbotz wins
  P2 Trick 12: rootbotz leads 3C, teambinary plays 5D -> rootbotz wins
  P2 Trick 13: rootbotz leads 10S, teambinary plays 6D -> rootbotz wins
  Result: rootbotz 8 - 5 teambinary
  Winner: rootbotz

============================================================
Game 88
============================================================
Players: teambinary vs rootbotz
Trump suit: D
Face-up card: 2D
teambinary hand: 6C 7C QC 3D 5D 10D 6H 9H 10H QH AH 4S 8S
rootbotz hand: 5C 8C JC KC 8D JD AD 7H JH 2S 3S JS QS
  P1 Trick  1: teambinary leads 8S, rootbotz plays JS -> rootbotz wins
  P1 Trick  2: rootbotz leads 2S, teambinary plays 4S -> teambinary wins
  P1 Trick  3: teambinary leads 7S, rootbotz plays 9S -> rootbotz wins
  P1 Trick  4: rootbotz leads 3S, teambinary plays 2C -> rootbotz wins
  P1 Trick  5: rootbotz leads 2H, teambinary plays 3H -> teambinary wins
  P1 Trick  6: teambinary leads QC, rootbotz plays 5C -> teambinary wins
  P1 Trick  7: teambinary leads 7C, rootbotz plays 8C -> rootbotz wins
  P1 Trick  8: rootbotz leads 7H, teambinary plays 9H -> teambinary wins
  P1 Trick  9: teambinary leads 6C, rootbotz plays 3C -> teambinary wins
  P1 Trick 10: teambinary leads 9C, rootbotz plays 10C -> rootbotz wins
  P1 Trick 11: rootbotz leads 8H, teambinary plays 10H -> teambinary wins
  P1 Trick 12: teambinary leads AC, rootbotz plays JC -> teambinary wins
  P1 Trick 13: teambinary leads 5S, rootbotz plays 6S -> rootbotz wins

--- Phase 2 (Scoring) ---
  P2 Trick  1: rootbotz leads AS, teambinary plays 3D -> teambinary wins
  P2 Trick  2: teambinary leads AH, rootbotz plays JH -> teambinary wins
  P2 Trick  3: teambinary leads KD, rootbotz plays AD -> rootbotz wins
  P2 Trick  4: rootbotz leads KS, teambinary plays 5D -> teambinary wins
  P2 Trick  5: teambinary leads KH, rootbotz plays 2D -> rootbotz wins
  P2 Trick  6: rootbotz leads QS, teambinary plays 7D -> teambinary wins
  P2 Trick  7: teambinary leads QH, rootbotz plays 4D -> rootbotz wins
  P2 Trick  8: rootbotz leads KC, teambinary plays 4C -> rootbotz wins
  P2 Trick  9: rootbotz leads 10S, teambinary plays 10D -> teambinary wins
  P2 Trick 10: teambinary leads QD, rootbotz plays 6D -> teambinary wins
  P2 Trick 11: teambinary leads 6H, rootbotz plays 8D -> rootbotz wins
  P2 Trick 12: rootbotz leads JD, teambinary plays 4H -> rootbotz wins
  P2 Trick 13: rootbotz leads 9D, teambinary plays 5H -> rootbotz wins
  Result: teambinary 6 - 7 rootbotz
  Winner: rootbotz

============================================================
Game 89
============================================================
Players: rootbotz vs teambinary
Trump suit: D
Face-up card: 3D
rootbotz hand: 2C 7C 9C 10C KC 4D 9D 4H QH 2S 4S 6S 7S
teambinary hand: 5C 6C QC 2D 5D 3H 7H 9H JH KH 5S JS AS
  P1 Trick  1: rootbotz leads 9D, teambinary plays 2D -> rootbotz wins
  P1 Trick  2: rootbotz leads 4D, teambinary plays 5D -> teambinary wins
  P1 Trick  3: teambinary leads AS, rootbotz plays 2S -> teambinary wins
  P1 Trick  4: teambinary leads JS, rootbotz plays QS -> rootbotz wins
  P1 Trick  5: rootbotz leads 2C, teambinary plays 4C -> teambinary wins
  P1 Trick  6: teambinary leads 5S, rootbotz plays 4S -> teambinary wins
  P1 Trick  7: teambinary leads QC, rootbotz plays KC -> rootbotz wins
  P1 Trick  8: rootbotz leads AD, teambinary plays JD -> rootbotz wins
  P1 Trick  9: rootbotz leads 8D, teambinary plays 10D -> teambinary wins
  P1 Trick 10: teambinary leads KS, rootbotz plays 6S -> teambinary wins
  P1 Trick 11: teambinary leads 3S, rootbotz plays 7S -> rootbotz wins
  P1 Trick 12: rootbotz leads 6D, teambinary plays QD -> teambinary wins
  P1 Trick 13: teambinary leads JC, rootbotz plays 7C -> teambinary wins

--- Phase 2 (Scoring) ---
  P2 Trick  1: teambinary leads AH, rootbotz plays 4H -> teambinary wins
  P2 Trick  2: teambinary leads KH, rootbotz plays 5H -> teambinary wins
  P2 Trick  3: teambinary leads KD, rootbotz plays 3D -> teambinary wins
  P2 Trick  4: teambinary leads JH, rootbotz plays QH -> rootbotz wins
  P2 Trick  5: rootbotz leads AC, teambinary plays 3C -> rootbotz wins
  P2 Trick  6: rootbotz leads 10C, teambinary plays 5C -> rootbotz wins
  P2 Trick  7: rootbotz leads 10S, teambinary plays 2H -> rootbotz wins
  P2 Trick  8: rootbotz leads 9C, teambinary plays 6C -> rootbotz wins
  P2 Trick  9: rootbotz leads 9S, teambinary plays 3H -> rootbotz wins
  P2 Trick 10: rootbotz leads 8C, teambinary plays 6H -> rootbotz wins
  P2 Trick 11: rootbotz leads 8S, teambinary plays 7H -> rootbotz wins
  P2 Trick 12: rootbotz leads 10H, teambinary plays 8H -> rootbotz wins
  P2 Trick 13: rootbotz leads 7D, teambinary plays 9H -> rootbotz wins
  Result: rootbotz 10 - 3 teambinary
  Winner: rootbotz

============================================================
Game 90
============================================================
Players: teambinary vs rootbotz
Trump suit: D
Face-up card: 5D
teambinary hand: 7C 9C JC 3D 6D KD AD 7H 10H QH 7S 10S AS
rootbotz hand: 4C 8C QC AC 7D 8D 9D QD 6H JH 8S 9S KS
  P1 Trick  1: teambinary leads AD, rootbotz plays 7D -> teambinary wins
  P1 Trick  2: teambinary leads AS, rootbotz plays 8S -> teambinary wins
  P1 Trick  3: teambinary leads 10S, rootbotz plays KS -> rootbotz wins
  P1 Trick  4: rootbotz leads 3C, teambinary plays 5C -> teambinary wins
  P1 Trick  5: teambinary leads 7S, rootbotz plays 9S -> rootbotz wins
  P1 Trick  6: rootbotz leads QD, teambinary plays KD -> teambinary wins
  P1 Trick  7: teambinary leads 3S, rootbotz plays JS -> rootbotz wins
  P1 Trick  8: rootbotz leads 2S, teambinary plays 2C -> rootbotz wins
  P1 Trick  9: rootbotz leads 4C, teambinary plays 6C -> teambinary wins
  P1 Trick 10: teambinary leads 4S, rootbotz plays 5S -> rootbotz wins
  P1 Trick 11: rootbotz leads 5H, teambinary plays 7H -> teambinary wins
  P1 Trick 12: teambinary leads KC, rootbotz plays 8C -> teambinary wins
  P1 Trick 13: teambinary leads JC, rootbotz plays 10C -> teambinary wins

--- Phase 2 (Scoring) ---
  P2 Trick  1: teambinary leads KH, rootbotz plays AH -> rootbotz wins
  P2 Trick  2: rootbotz leads JH, teambinary plays QH -> teambinary wins
  P2 Trick  3: teambinary leads 10H, rootbotz plays 6H -> teambinary wins
  P2 Trick  4: teambinary leads 9C, rootbotz plays QC -> rootbotz wins
  P2 Trick  5: rootbotz leads QS, teambinary plays 3D -> teambinary wins
  P2 Trick  6: teambinary leads 9H, rootbotz plays 8H -> teambinary wins
  P2 Trick  7: teambinary leads 7C, rootbotz plays AC -> rootbotz wins
  P2 Trick  8: rootbotz leads 6S, teambinary plays 4D -> teambinary wins
  P2 Trick  9: teambinary leads 6D, rootbotz plays 8D -> rootbotz wins
  P2 Trick 10: rootbotz leads JD, teambinary plays 5D -> rootbotz wins
  P2 Trick 11: rootbotz leads 10D, teambinary plays 2H -> rootbotz wins
  P2 Trick 12: rootbotz leads 9D, teambinary plays 3H -> rootbotz wins
  P2 Trick 13: rootbotz leads 2D, teambinary plays 4H -> rootbotz wins
  Result: teambinary 5 - 8 rootbotz
  Winner: rootbotz

============================================================
Game 91
============================================================
Players: rootbotz vs teambinary
Trump suit: D
Face-up card: AD
rootbotz hand: 2C 4C 6C 7C QC 3D 5D 8H KH 2S 4S 6S 9S
teambinary hand: 8C 9C KC 6D 10D QD 3H 4H JH 5S 10S JS QS
  P1 Trick  1: rootbotz leads 5D, teambinary plays 6D -> teambinary wins
  P1 Trick  2: teambinary leads KC, rootbotz plays 2C -> teambinary wins
  P1 Trick  3: teambinary leads AD, rootbotz plays 3D -> teambinary wins
  P1 Trick  4: teambinary leads 9C, rootbotz plays QC -> rootbotz wins
  P1 Trick  5: rootbotz leads 2S, teambinary plays 5S -> teambinary wins
  P1 Trick  6: teambinary leads 8C, rootbotz plays 3C -> teambinary wins
  P1 Trick  7: teambinary leads JH, rootbotz plays QH -> rootbotz wins
  P1 Trick  8: rootbotz leads JD, teambinary plays QD -> teambinary wins
  P1 Trick  9: teambinary leads AC, rootbotz plays 4C -> teambinary wins
  P1 Trick 10: teambinary leads 7H, rootbotz plays 8H -> rootbotz wins
  P1 Trick 11: rootbotz leads 9D, teambinary plays 10D -> teambinary wins
  P1 Trick 12: teambinary leads JC, rootbotz plays 5C -> teambinary wins
  P1 Trick 13: teambinary leads 10C, rootbotz plays 6C -> teambinary wins

--- Phase 2 (Scoring) ---
  P2 Trick  1: teambinary leads AS, rootbotz plays 4S -> teambinary wins
  P2 Trick  2: teambinary leads KD, rootbotz plays 2D -> teambinary wins
  P2 Trick  3: teambinary leads QS, rootbotz plays KS -> rootbotz wins
  P2 Trick  4: rootbotz leads AH, teambinary plays 3H -> rootbotz wins
  P2 Trick  5: rootbotz leads KH, teambinary plays 4H -> rootbotz wins
  P2 Trick  6: rootbotz leads 10H, teambinary plays 9H -> rootbotz wins
  P2 Trick  7: rootbotz leads 6H, teambinary plays 4D -> teambinary wins
  P2 Trick  8: teambinary leads JS, rootbotz plays 6S -> teambinary wins
  P2 Trick  9: teambinary leads 10S, rootbotz plays 9S -> teambinary wins
  P2 Trick 10: teambinary leads 8S, rootbotz plays 7D -> rootbotz wins
  P2 Trick 11: rootbotz leads 5H, teambinary plays 8D -> teambinary wins
  P2 Trick 12: teambinary leads 7S, rootbotz plays 2H -> teambinary wins
  P2 Trick 13: teambinary leads 3S, rootbotz plays 7C -> teambinary wins
  Result: rootbotz 5 - 8 teambinary
  Winner: teambinary

============================================================
Game 92
============================================================
Players: teambinary vs rootbotz
Trump suit: H
Face-up card: 2H
teambinary hand: 4C 5C 7C 8C 2D 6D 7D JD 3S 5S JS QS KS
rootbotz hand: 2C 3C 6C JC QC 3D 8D KD 5H 8H 10H QH 7S
  P1 Trick  1: teambinary leads JD, rootbotz plays KD -> rootbotz wins
  P1 Trick  2: rootbotz leads 2C, teambinary plays 4C -> teambinary wins
  P1 Trick  3: teambinary leads 8C, rootbotz plays JC -> rootbotz wins
  P1 Trick  4: rootbotz leads QH, teambinary plays 2D -> rootbotz wins
  P1 Trick  5: rootbotz leads 10H, teambinary plays 5C -> rootbotz wins
  P1 Trick  6: rootbotz leads 8H, teambinary plays 7C -> rootbotz wins
  P1 Trick  7: rootbotz leads JH, teambinary plays 10C -> rootbotz wins
  P1 Trick  8: rootbotz leads KH, teambinary plays 4D -> rootbotz wins
  P1 Trick  9: rootbotz leads 3D, teambinary plays 5D -> teambinary wins
  P1 Trick 10: teambinary leads 9C, rootbotz plays 3C -> teambinary wins
  P1 Trick 11: teambinary leads QD, rootbotz plays AD -> rootbotz wins
  P1 Trick 12: rootbotz leads AH, teambinary plays 6D -> rootbotz wins
  P1 Trick 13: rootbotz leads 9H, teambinary plays 7D -> rootbotz wins

--- Phase 2 (Scoring) ---
  P2 Trick  1: rootbotz leads AC, teambinary plays KC -> rootbotz wins
  P2 Trick  2: rootbotz leads AS, teambinary plays 2S -> rootbotz wins
  P2 Trick  3: rootbotz leads 10D, teambinary plays 9D -> rootbotz wins
  P2 Trick  4: rootbotz leads QC, teambinary plays 6H -> teambinary wins
  P2 Trick  5: teambinary leads KS, rootbotz plays 7S -> teambinary wins
  P2 Trick  6: teambinary leads QS, rootbotz plays 8S -> teambinary wins
  P2 Trick  7: teambinary leads JS, rootbotz plays 2H -> rootbotz wins
  P2 Trick  8: rootbotz leads 8D, teambinary plays 3S -> rootbotz wins
  P2 Trick  9: rootbotz leads 6C, teambinary plays 4S -> rootbotz wins
  P2 Trick 10: rootbotz leads 7H, teambinary plays 5S -> rootbotz wins
  P2 Trick 11: rootbotz leads 5H, teambinary plays 6S -> rootbotz wins
  P2 Trick 12: rootbotz leads 4H, teambinary plays 9S -> rootbotz wins
  P2 Trick 13: rootbotz leads 3H, teambinary plays 10S -> rootbotz wins
  Result: teambinary 3 - 10 rootbotz
  Winner: rootbotz

============================================================
Game 93
============================================================
Players: rootbotz vs teambinary
Trump suit: S
Face-up card: JS
rootbotz hand: 6C JC 5D 9D 10D JD 3H 4H 9H JH 3S 5S 6S
teambinary hand: 7C 9C AC 2D 3D 7D QD 2H 5H 8H 10H QS AS
  P1 Trick  1: rootbotz leads 6S, teambinary plays QS -> teambinary wins
  P1 Trick  2: teambinary leads AC, rootbotz plays 6C -> teambinary wins
  P1 Trick  3: teambinary leads 9C, rootbotz plays JC -> rootbotz wins
  P1 Trick  4: rootbotz leads 3H, teambinary plays 5H -> teambinary wins
  P1 Trick  5: teambinary leads 10H, rootbotz plays JH -> rootbotz wins
  P1 Trick  6: rootbotz leads 3C, teambinary plays 4C -> teambinary wins
  P1 Trick  7: teambinary leads AS, rootbotz plays 3S -> teambinary wins
  P1 Trick  8: teambinary leads 10C, rootbotz plays 5C -> teambinary wins
  P1 Trick  9: teambinary leads 7C, rootbotz plays KC -> rootbotz wins
  P1 Trick 10: rootbotz leads KS, teambinary plays 7S -> rootbotz wins
  P1 Trick 11: rootbotz leads 2C, teambinary plays 2H -> rootbotz wins
  P1 Trick 12: rootbotz leads 10S, teambinary plays JS -> teambinary wins
  P1 Trick 13: teambinary leads AH, rootbotz plays 4H -> teambinary wins

--- Phase 2 (Scoring) ---
  P2 Trick  1: teambinary leads KH, rootbotz plays 7H -> teambinary wins
  P2 Trick  2: teambinary leads KD, rootbotz plays AD -> rootbotz wins
  P2 Trick  3: rootbotz leads JD, teambinary plays QD -> teambinary wins
  P2 Trick  4: teambinary leads 9S, rootbotz plays 5S -> teambinary wins
  P2 Trick  5: teambinary leads 8H, rootbotz plays 9H -> rootbotz wins
  P2 Trick  6: rootbotz leads 10D, teambinary plays 2D -> rootbotz wins
  P2 Trick  7: rootbotz leads 9D, teambinary plays 3D -> rootbotz wins
  P2 Trick  8: rootbotz leads 5D, teambinary plays 6D -> teambinary wins
  P2 Trick  9: teambinary leads 8D, rootbotz plays 4D -> teambinary wins
  P2 Trick 10: teambinary leads 7D, rootbotz plays 8S -> rootbotz wins
  P2 Trick 11: rootbotz leads QC, teambinary plays 2S -> teambinary wins
  P2 Trick 12: teambinary leads 6H, rootbotz plays QH -> rootbotz wins
  P2 Trick 13: rootbotz leads 8C, teambinary plays 4S -> teambinary wins
  Result: rootbotz 6 - 7 teambinary
  Winner: teambinary

============================================================
Game 94
============================================================
Players: teambinary vs rootbotz
Trump suit: C
Face-up card: 5C
teambinary hand: 2C AC 3D 5D AD 4H 9H 10H KH 4S 5S 6S KS
rootbotz hand: 4D 10D JD QD KD 5H 6H 7H 8H 3S 7S JS QS
  P1 Trick  1: teambinary leads AC, rootbotz plays 3S -> teambinary wins
  P1 Trick  2: teambinary leads AD, rootbotz plays 4D -> teambinary wins
  P1 Trick  3: teambinary leads 5D, rootbotz plays 10D -> rootbotz wins
  P1 Trick  4: rootbotz leads 8H, teambinary plays 9H -> teambinary wins
  P1 Trick  5: teambinary leads 3D, rootbotz plays 6D -> rootbotz wins
  P1 Trick  6: rootbotz leads KD, teambinary plays 2C -> teambinary wins
  P1 Trick  7: teambinary leads KS, rootbotz plays 7S -> teambinary wins
  P1 Trick  8: teambinary leads 8D, rootbotz plays 9D -> rootbotz wins
  P1 Trick  9: rootbotz leads KC, teambinary plays 3C -> rootbotz wins
  P1 Trick 10: rootbotz leads 2H, teambinary plays 4H -> teambinary wins
  P1 Trick 11: teambinary leads KH, rootbotz plays 3H -> teambinary wins
  P1 Trick 12: teambinary leads AH, rootbotz plays 5H -> teambinary wins
  P1 Trick 13: teambinary leads 2D, rootbotz plays 7D -> rootbotz wins

--- Phase 2 (Scoring) ---
  P2 Trick  1: rootbotz leads AS, teambinary plays 2S -> rootbotz wins
  P2 Trick  2: rootbotz leads QS, teambinary plays 4S -> rootbotz wins
  P2 Trick  3: rootbotz leads JS, teambinary plays 5S -> rootbotz wins
  P2 Trick  4: rootbotz leads 7H, teambinary plays 10H -> teambinary wins
  P2 Trick  5: teambinary leads QH, rootbotz plays 6H -> teambinary wins
  P2 Trick  6: teambinary leads JH, rootbotz plays 7C -> rootbotz wins
  P2 Trick  7: rootbotz leads QD, teambinary plays 4C -> teambinary wins
  P2 Trick  8: teambinary leads 10C, rootbotz plays JC -> rootbotz wins
  P2 Trick  9: rootbotz leads JD, teambinary plays 5C -> teambinary wins
  P2 Trick 10: teambinary leads 9S, rootbotz plays 10S -> rootbotz wins
  P2 Trick 11: rootbotz leads QC, teambinary plays 6C -> rootbotz wins
  P2 Trick 12: rootbotz leads 9C, teambinary plays 6S -> rootbotz wins
  P2 Trick 13: rootbotz leads 8C, teambinary plays 8S -> rootbotz wins
  Result: teambinary 4 - 9 rootbotz
  Winner: rootbotz

============================================================
Game 95
============================================================
Players: rootbotz vs teambinary
Trump suit: S
Face-up card: 2S
rootbotz hand: JC 2D 6D 9D QD AD 3H 4H 7H 3S 5S 8S 9S
teambinary hand: 6C 7C 9C 10C 5D 7D 10D KD QH KH 6S JS AS
  P1 Trick  1: rootbotz leads 9S, teambinary plays JS -> teambinary wins
  P1 Trick  2: teambinary leads AS, rootbotz plays 3S -> teambinary wins
  P1 Trick  3: teambinary leads KH, rootbotz plays 3H -> teambinary wins
  P1 Trick  4: teambinary leads QH, rootbotz plays AH -> rootbotz wins
  P1 Trick  5: rootbotz leads 10S, teambinary plays QS -> teambinary wins
  P1 Trick  6: teambinary leads 8H, rootbotz plays JH -> rootbotz wins
  P1 Trick  7: rootbotz leads 2D, teambinary plays 4D -> teambinary wins
  P1 Trick  8: teambinary leads 9H, rootbotz plays 4H -> teambinary wins
  P1 Trick  9: teambinary leads 2H, rootbotz plays 7H -> rootbotz wins
  P1 Trick 10: rootbotz leads 8S, teambinary plays KS -> teambinary wins
  P1 Trick 11: teambinary leads 6H, rootbotz plays 2C -> teambinary wins
  P1 Trick 12: teambinary leads KD, rootbotz plays AD -> rootbotz wins
  P1 Trick 13: rootbotz leads 5C, teambinary plays 6C -> teambinary wins

--- Phase 2 (Scoring) ---
  P2 Trick  1: teambinary leads KC, rootbotz plays AC -> rootbotz wins
  P2 Trick  2: rootbotz leads QD, teambinary plays 3D -> rootbotz wins
  P2 Trick  3: rootbotz leads JD, teambinary plays 5D -> rootbotz wins
  P2 Trick  4: rootbotz leads QC, teambinary plays 4C -> rootbotz wins
  P2 Trick  5: rootbotz leads 9D, teambinary plays 10D -> teambinary wins
  P2 Trick  6: teambinary leads 10C, rootbotz plays JC -> rootbotz wins
  P2 Trick  7: rootbotz leads 8D, teambinary plays 7D -> rootbotz wins
  P2 Trick  8: rootbotz leads 8C, teambinary plays 9C -> teambinary wins
  P2 Trick  9: teambinary leads 7C, rootbotz plays 3C -> teambinary wins
  P2 Trick 10: teambinary leads 7S, rootbotz plays 4S -> teambinary wins
  P2 Trick 11: teambinary leads 6S, rootbotz plays 5S -> teambinary wins
  P2 Trick 12: teambinary leads 5H, rootbotz plays 10H -> rootbotz wins
  P2 Trick 13: rootbotz leads 6D, teambinary plays 2S -> teambinary wins
  Result: rootbotz 7 - 6 teambinary
  Winner: rootbotz

============================================================
Game 96
============================================================
Players: teambinary vs rootbotz
Trump suit: C
Face-up card: JC
teambinary hand: 5C 8C 10C 2D 4D 10D 2H 3S 4S 5S 6S 10S KS
rootbotz hand: 9C KC AC 5D 9D 6H 9H 10H JH QH 2S 7S 9S
  P1 Trick  1: teambinary leads 2H, rootbotz plays 6H -> rootbotz wins
  P1 Trick  2: rootbotz leads 2S, teambinary plays 3S -> teambinary wins
  P1 Trick  3: teambinary leads 10D, rootbotz plays 5D -> teambinary wins
  P1 Trick  4: teambinary leads JD, rootbotz plays 3D -> teambinary wins
  P1 Trick  5: teambinary leads 4D, rootbotz plays 9D -> rootbotz wins
  P1 Trick  6: rootbotz leads AC, teambinary plays 3C -> rootbotz wins
  P1 Trick  7: rootbotz leads 7S, teambinary plays 8S -> teambinary wins
  P1 Trick  8: teambinary leads 7D, rootbotz plays QD -> rootbotz wins
  P1 Trick  9: rootbotz leads KC, teambinary plays 2C -> rootbotz wins
  P1 Trick 10: rootbotz leads JC, teambinary plays 5C -> rootbotz wins
  P1 Trick 11: rootbotz leads 8H, teambinary plays 3H -> rootbotz wins
  P1 Trick 12: rootbotz leads 9C, teambinary plays 10C -> teambinary wins
  P1 Trick 13: teambinary leads KD, rootbotz plays AD -> rootbotz wins

--- Phase 2 (Scoring) ---
  P2 Trick  1: rootbotz leads AH, teambinary plays 4H -> rootbotz wins
  P2 Trick  2: rootbotz leads KH, teambinary plays 7H -> rootbotz wins
  P2 Trick  3: rootbotz leads QH, teambinary plays 4C -> teambinary wins
  P2 Trick  4: teambinary leads KS, rootbotz plays AS -> rootbotz wins
  P2 Trick  5: rootbotz leads JH, teambinary plays 6C -> teambinary wins
  P2 Trick  6: teambinary leads QC, rootbotz plays 7C -> teambinary wins
  P2 Trick  7: teambinary leads JS, rootbotz plays QS -> rootbotz wins
  P2 Trick  8: rootbotz leads 10H, teambinary plays 8C -> teambinary wins
  P2 Trick  9: teambinary leads 10S, rootbotz plays 9S -> teambinary wins
  P2 Trick 10: teambinary leads 6S, rootbotz plays 5H -> teambinary wins
  P2 Trick 11: teambinary leads 5S, rootbotz plays 6D -> teambinary wins
  P2 Trick 12: teambinary leads 4S, rootbotz plays 8D -> teambinary wins
  P2 Trick 13: teambinary leads 2D, rootbotz plays 9H -> teambinary wins
  Result: teambinary 9 - 4 rootbotz
  Winner: teambinary

============================================================
Game 97
============================================================
Players: rootbotz vs teambinary
Trump suit: D
Face-up card: QD
rootbotz hand: 3C 8C JC AC 4D 5D 2H 5H KH AH 2S 5S QS
teambinary hand: 4C 5C 7C QC 3D 8D 3H 7H 9H 10H 6S 9S JS
  P1 Trick  1: rootbotz leads 5D, teambinary plays 8D -> teambinary wins
  P1 Trick  2: teambinary leads QC, rootbotz plays 3C -> teambinary wins
  P1 Trick  3: teambinary leads JS, rootbotz plays QS -> rootbotz wins
  P1 Trick  4: rootbotz leads JD, teambinary plays QD -> teambinary wins
  P1 Trick  5: teambinary leads 10H, rootbotz plays KH -> rootbotz wins
  P1 Trick  6: rootbotz leads 6D, teambinary plays KD -> teambinary wins
  P1 Trick  7: teambinary leads 10S, rootbotz plays KS -> rootbotz wins
  P1 Trick  8: rootbotz leads 2S, teambinary plays 6S -> teambinary wins
  P1 Trick  9: teambinary leads 9S, rootbotz plays 3S -> teambinary wins
  P1 Trick 10: teambinary leads 7S, rootbotz plays 8S -> rootbotz wins
  P1 Trick 11: rootbotz leads 10D, teambinary plays 2D -> rootbotz wins
  P1 Trick 12: rootbotz leads 2H, teambinary plays 3H -> teambinary wins
  P1 Trick 13: teambinary leads 4S, rootbotz plays 5S -> rootbotz wins

--- Phase 2 (Scoring) ---
  P2 Trick  1: rootbotz leads AC, teambinary plays 2C -> rootbotz wins
  P2 Trick  2: rootbotz leads JC, teambinary plays KC -> teambinary wins
  P2 Trick  3: teambinary leads AD, rootbotz plays 4D -> teambinary wins
  P2 Trick  4: teambinary leads QH, rootbotz plays AH -> rootbotz wins
  P2 Trick  5: rootbotz leads JH, teambinary plays 4H -> rootbotz wins
  P2 Trick  6: rootbotz leads 10C, teambinary plays 4C -> rootbotz wins
  P2 Trick  7: rootbotz leads 8H, teambinary plays 9H -> teambinary wins
  P2 Trick  8: teambinary leads 7C, rootbotz plays 8C -> rootbotz wins
  P2 Trick  9: rootbotz leads 5H, teambinary plays 6H -> teambinary wins
  P2 Trick 10: teambinary leads 7H, rootbotz plays 7D -> rootbotz wins
  P2 Trick 11: rootbotz leads AS, teambinary plays 3D -> teambinary wins
  P2 Trick 12: teambinary leads 6C, rootbotz plays 9C -> rootbotz wins
  P2 Trick 13: rootbotz leads 9D, teambinary plays 5C -> rootbotz wins
  Result: rootbotz 8 - 5 teambinary
  Winner: rootbotz

============================================================
Game 98
============================================================
Players: teambinary vs rootbotz
Trump suit: H
Face-up card: QH
teambinary hand: 2C 3C 5C 8C QC 8D 9D 3H JH 7S 8S 10S KS
rootbotz hand: 6C 9C 10C JC 4D 6D 7D AD 5H KH 2S 4S 6S
  P1 Trick  1: teambinary leads 9D, rootbotz plays AD -> rootbotz wins
  P1 Trick  2: rootbotz leads 2S, teambinary plays 7S -> teambinary wins
  P1 Trick  3: teambinary leads 8D, rootbotz plays 4D -> teambinary wins
  P1 Trick  4: teambinary leads KS, rootbotz plays 4S -> teambinary wins
  P1 Trick  5: teambinary leads QS, rootbotz plays 6S -> teambinary wins
  P1 Trick  6: teambinary leads 10S, rootbotz plays 5S -> teambinary wins
  P1 Trick  7: teambinary leads 8S, rootbotz plays 2H -> rootbotz wins
  P1 Trick  8: rootbotz leads AH, teambinary plays 3H -> rootbotz wins
  P1 Trick  9: rootbotz leads 6C, teambinary plays 7C -> teambinary wins
  P1 Trick 10: teambinary leads 3S, rootbotz plays 5H -> rootbotz wins
  P1 Trick 11: rootbotz leads KH, teambinary plays 7H -> rootbotz wins
  P1 Trick 12: rootbotz leads QH, teambinary plays 8H -> rootbotz wins
  P1 Trick 13: rootbotz leads 9H, teambinary plays 10H -> teambinary wins

--- Phase 2 (Scoring) ---
  P2 Trick  1: teambinary leads AS, rootbotz plays JS -> teambinary wins
  P2 Trick  2: teambinary leads QC, rootbotz plays KC -> rootbotz wins
  P2 Trick  3: rootbotz leads KD, teambinary plays 2D -> rootbotz wins
  P2 Trick  4: rootbotz leads JD, teambinary plays QD -> teambinary wins
  P2 Trick  5: teambinary leads JH, rootbotz plays 4H -> teambinary wins
  P2 Trick  6: teambinary leads 10D, rootbotz plays 5D -> teambinary wins
  P2 Trick  7: teambinary leads 9S, rootbotz plays 6H -> rootbotz wins
  P2 Trick  8: rootbotz leads AC, teambinary plays 2C -> rootbotz wins
  P2 Trick  9: rootbotz leads JC, teambinary plays 3C -> rootbotz wins
  P2 Trick 10: rootbotz leads 7D, teambinary plays 3D -> rootbotz wins
  P2 Trick 11: rootbotz leads 10C, teambinary plays 4C -> rootbotz wins
  P2 Trick 12: rootbotz leads 6D, teambinary plays 5C -> rootbotz wins
  P2 Trick 13: rootbotz leads 9C, teambinary plays 8C -> rootbotz wins
  Result: teambinary 4 - 9 rootbotz
  Winner: rootbotz

============================================================
Game 99
============================================================
Players: rootbotz vs teambinary
Trump suit: D
Face-up card: AD
rootbotz hand: 10C AC 3D 7D 9D QD 3H 5H 7H 8H JH 3S 8S
teambinary hand: 2C KC 8D 10D KD 2H 4H 9H 10H QH KH AH KS
  P1 Trick  1: rootbotz leads QD, teambinary plays KD -> teambinary wins
  P1 Trick  2: teambinary leads AD, rootbotz plays 3D -> teambinary wins
  P1 Trick  3: teambinary leads KC, rootbotz plays 8C -> teambinary wins
  P1 Trick  4: teambinary leads KS, rootbotz plays 3S -> teambinary wins
  P1 Trick  5: teambinary leads 4C, rootbotz plays 10C -> rootbotz wins
  P1 Trick  6: rootbotz leads 9D, teambinary plays 10D -> teambinary wins
  P1 Trick  7: teambinary leads JS, rootbotz plays 8S -> teambinary wins
  P1 Trick  8: teambinary leads 5S, rootbotz plays AS -> rootbotz wins
  P1 Trick  9: rootbotz leads 2S, teambinary plays QS -> teambinary wins
  P1 Trick 10: teambinary leads 4S, rootbotz plays 3H -> teambinary wins
  P1 Trick 11: teambinary leads 9S, rootbotz plays 4D -> rootbotz wins
  P1 Trick 12: rootbotz leads 3C, teambinary plays 5C -> teambinary wins
  P1 Trick 13: teambinary leads 6S, rootbotz plays 5H -> teambinary wins

--- Phase 2 (Scoring) ---
  P2 Trick  1: teambinary leads AH, rootbotz plays 6H -> teambinary wins
  P2 Trick  2: teambinary leads KH, rootbotz plays 7H -> teambinary wins
  P2 Trick  3: teambinary leads QH, rootbotz plays 8H -> teambinary wins
  P2 Trick  4: teambinary leads JD, rootbotz plays 5D -> teambinary wins
  P2 Trick  5: teambinary leads 10H, rootbotz plays JH -> rootbotz wins
  P2 Trick  6: rootbotz leads AC, teambinary plays 2C -> rootbotz wins
  P2 Trick  7: rootbotz leads QC, teambinary plays 2D -> teambinary wins
  P2 Trick  8: teambinary leads 9H, rootbotz plays 7D -> rootbotz wins
  P2 Trick  9: rootbotz leads JC, teambinary plays 6D -> teambinary wins
  P2 Trick 10: teambinary leads 8D, rootbotz plays 6C -> teambinary wins
  P2 Trick 11: teambinary leads 7S, rootbotz plays 10S -> rootbotz wins
  P2 Trick 12: rootbotz leads 9C, teambinary plays 2H -> rootbotz wins
  P2 Trick 13: rootbotz leads 7C, teambinary plays 4H -> rootbotz wins
  Result: rootbotz 6 - 7 teambinary
  Winner: teambinary

============================================================
Game 100
============================================================
Players: teambinary vs rootbotz
Trump suit: H
Face-up card: KH
teambinary hand: 2C JC QC 3D 5D 6D JD AD 7H 10H JH 5S AS
rootbotz hand: 5C 9C QD KD 9H QH AH 3S 6S 7S 9S 10S KS
  P1 Trick  1: teambinary leads AS, rootbotz plays 3S -> teambinary wins
  P1 Trick  2: teambinary leads 5S, rootbotz plays 6S -> rootbotz wins
  P1 Trick  3: rootbotz leads 5C, teambinary plays JC -> teambinary wins
  P1 Trick  4: teambinary leads QC, rootbotz plays 6C -> teambinary wins
  P1 Trick  5: teambinary leads JS, rootbotz plays KS -> rootbotz wins
  P1 Trick  6: rootbotz leads AH, teambinary plays 7H -> rootbotz wins
  P1 Trick  7: rootbotz leads QH, teambinary plays KH -> teambinary wins
  P1 Trick  8: teambinary leads 2C, rootbotz plays 7C -> rootbotz wins
  P1 Trick  9: rootbotz leads 9H, teambinary plays 10H -> teambinary wins
  P1 Trick 10: teambinary leads QS, rootbotz plays 7S -> teambinary wins
  P1 Trick 11: teambinary leads 8C, rootbotz plays 9C -> rootbotz wins
  P1 Trick 12: rootbotz leads 4C, teambinary plays 2S -> rootbotz wins
  P1 Trick 13: rootbotz leads 4D, teambinary plays 5D -> teambinary wins

--- Phase 2 (Scoring) ---
  P2 Trick  1: teambinary leads AD, rootbotz plays 8D -> teambinary wins
  P2 Trick  2: teambinary leads KC, rootbotz plays AC -> rootbotz wins
  P2 Trick  3: rootbotz leads KD, teambinary plays 2D -> rootbotz wins
  P2 Trick  4: rootbotz leads 10S, teambinary plays 4S -> rootbotz wins
  P2 Trick  5: rootbotz leads QD, teambinary plays 3D -> rootbotz wins
  P2 Trick  6: rootbotz leads 9S, teambinary plays 4H -> teambinary wins
  P2 Trick  7: teambinary leads JD, rootbotz plays 9D -> teambinary wins
  P2 Trick  8: teambinary leads JH, rootbotz plays 2H -> teambinary wins
  P2 Trick  9: teambinary leads 8H, rootbotz plays 3H -> teambinary wins
  P2 Trick 10: teambinary leads 7D, rootbotz plays 10D -> rootbotz wins
  P2 Trick 11: rootbotz leads 8S, teambinary plays 6H -> teambinary wins
  P2 Trick 12: teambinary leads 6D, rootbotz plays 5H -> rootbotz wins
  P2 Trick 13: rootbotz leads 10C, teambinary plays 3C -> rootbotz wins
  Result: teambinary 6 - 7 rootbotz
  Winner: rootbotz
