
============================================================
Game 1
============================================================
Players: tech_twins vs volt_x
Trump suit: C
Face-up card: 2C
tech_twins hand: 4C JC AC 8D AD 3H 6H 10H QH KH 3S 5S KS
volt_x hand: 3C 9C 10C KC 3D 5D 6D QD 9H 6S 8S 10S AS
  P1 Trick  1: tech_twins leads 3H, volt_x plays 9H -> volt_x wins
  P1 Trick  2: volt_x leads 3D, tech_twins plays 8D -> tech_twins wins
  P1 Trick  3: tech_twins leads AC, volt_x plays 2C -> tech_twins wins
  P1 Trick  4: tech_twins leads 6H, volt_x plays 5H -> tech_twins wins
  P1 Trick  5: tech_twins leads 3S, volt_x plays 6S -> volt_x wins
  P1 Trick  6: volt_x leads 2S, tech_twins plays 4S -> tech_twins wins
  P1 Trick  7: tech_twins leads QH, volt_x plays 3C -> volt_x wins
  P1 Trick  8: volt_x leads QD, tech_twins plays 2D -> volt_x wins
  P1 Trick  9: volt_x leads QS, tech_twins plays 5S -> volt_x wins
  P1 Trick 10: volt_x leads 5D, tech_twins plays 10D -> tech_twins wins
  P1 Trick 11: tech_twins leads 10H, volt_x plays AH -> volt_x wins
  P1 Trick 12: volt_x leads 6D, tech_twins plays KD -> tech_twins wins
  P1 Trick 13: tech_twins leads 4C, volt_x plays 5C -> volt_x wins

--- Phase 2 (Scoring) ---
  P2 Trick  1: volt_x leads AS, tech_twins plays 7S -> volt_x wins
  P2 Trick  2: volt_x leads 4D, tech_twins plays JD -> tech_twins wins
  P2 Trick  3: tech_twins leads JS, volt_x plays 8S -> tech_twins wins
  P2 Trick  4: tech_twins leads JH, volt_x plays 8H -> tech_twins wins
  P2 Trick  5: tech_twins leads KS, volt_x plays 9S -> tech_twins wins
  P2 Trick  6: tech_twins leads KH, volt_x plays 6C -> volt_x wins
  P2 Trick  7: volt_x leads 10S, tech_twins plays 7C -> tech_twins wins
  P2 Trick  8: tech_twins leads AD, volt_x plays 7D -> tech_twins wins
  P2 Trick  9: tech_twins leads 2H, volt_x plays 8C -> volt_x wins
  P2 Trick 10: volt_x leads 9D, tech_twins plays JC -> tech_twins wins
  P2 Trick 11: tech_twins leads 4H, volt_x plays 9C -> volt_x wins
  P2 Trick 12: volt_x leads KC, tech_twins plays QC -> volt_x wins
  P2 Trick 13: volt_x leads 10C, tech_twins plays 7H -> volt_x wins
  Result: tech_twins 7 - 6 volt_x
  Winner: tech_twins

============================================================
Game 2
============================================================
Players: volt_x vs tech_twins
Trump suit: S
Face-up card: 3S
volt_x hand: 5C 7C 9C AC 7D 8D 10D KD 2H JH AH 8S 9S
tech_twins hand: 6C JC 5D 9D QD AD 3H 4H 6H 9H 4S 5S 7S
  P1 Trick  1: volt_x leads 2H, tech_twins plays 3H -> tech_twins wins
  P1 Trick  2: tech_twins leads AD, volt_x plays 7D -> tech_twins wins
  P1 Trick  3: tech_twins leads 5D, volt_x plays 8D -> volt_x wins
  P1 Trick  4: volt_x leads AC, tech_twins plays 6C -> volt_x wins
  P1 Trick  5: volt_x leads 3C, tech_twins plays JC -> tech_twins wins
  P1 Trick  6: tech_twins leads KC, volt_x plays 5C -> tech_twins wins
  P1 Trick  7: tech_twins leads 4H, volt_x plays 5H -> volt_x wins
  P1 Trick  8: volt_x leads 3D, tech_twins plays 6D -> tech_twins wins
  P1 Trick  9: tech_twins leads 6H, volt_x plays JH -> volt_x wins
  P1 Trick 10: volt_x leads 7C, tech_twins plays 3S -> tech_twins wins
  P1 Trick 11: tech_twins leads QD, volt_x plays KD -> volt_x wins
  P1 Trick 12: volt_x leads KH, tech_twins plays 7H -> volt_x wins
  P1 Trick 13: volt_x leads 10D, tech_twins plays 2D -> volt_x wins

--- Phase 2 (Scoring) ---
  P2 Trick  1: volt_x leads AH, tech_twins plays 8H -> volt_x wins
  P2 Trick  2: volt_x leads QC, tech_twins plays 2C -> volt_x wins
  P2 Trick  3: volt_x leads 4C, tech_twins plays 10C -> tech_twins wins
  P2 Trick  4: tech_twins leads QH, volt_x plays 6S -> volt_x wins
  P2 Trick  5: volt_x leads 8C, tech_twins plays 2S -> tech_twins wins
  P2 Trick  6: tech_twins leads 4D, volt_x plays 8S -> volt_x wins
  P2 Trick  7: volt_x leads 9C, tech_twins plays 4S -> tech_twins wins
  P2 Trick  8: tech_twins leads 9D, volt_x plays 9S -> volt_x wins
  P2 Trick  9: volt_x leads AS, tech_twins plays 5S -> volt_x wins
  P2 Trick 10: volt_x leads KS, tech_twins plays 7S -> volt_x wins
  P2 Trick 11: volt_x leads QS, tech_twins plays JD -> volt_x wins
  P2 Trick 12: volt_x leads JS, tech_twins plays 9H -> volt_x wins
  P2 Trick 13: volt_x leads 10S, tech_twins plays 10H -> volt_x wins
  Result: volt_x 10 - 3 tech_twins
  Winner: volt_x

============================================================
Game 3
============================================================
Players: tech_twins vs volt_x
Trump suit: H
Face-up card: AH
tech_twins hand: 2C JC 2D 4D 10D QD 4H 6H JH 5S 6S 7S AS
volt_x hand: 4C 10C 5D KD AD 3H 8H 2S 4S 8S 10S QS KS
  P1 Trick  1: tech_twins leads AS, volt_x plays 2S -> tech_twins wins
  P1 Trick  2: tech_twins leads AH, volt_x plays 3H -> tech_twins wins
  P1 Trick  3: tech_twins leads QD, volt_x plays KD -> volt_x wins
  P1 Trick  4: volt_x leads KS, tech_twins plays 5S -> volt_x wins
  P1 Trick  5: volt_x leads 4C, tech_twins plays 2C -> volt_x wins
  P1 Trick  6: volt_x leads 3D, tech_twins plays 4D -> tech_twins wins
  P1 Trick  7: tech_twins leads JH, volt_x plays 8H -> tech_twins wins
  P1 Trick  8: tech_twins leads 4H, volt_x plays 9H -> volt_x wins
  P1 Trick  9: volt_x leads QS, tech_twins plays 3S -> volt_x wins
  P1 Trick 10: volt_x leads 4S, tech_twins plays 6S -> tech_twins wins
  P1 Trick 11: tech_twins leads 3C, volt_x plays 6C -> volt_x wins
  P1 Trick 12: volt_x leads 5D, tech_twins plays 10D -> tech_twins wins
  P1 Trick 13: tech_twins leads JS, volt_x plays 8S -> tech_twins wins

--- Phase 2 (Scoring) ---
  P2 Trick  1: tech_twins leads 5C, volt_x plays 7C -> volt_x wins
  P2 Trick  2: volt_x leads 10S, tech_twins plays 7S -> volt_x wins
  P2 Trick  3: volt_x leads AD, tech_twins plays 2D -> volt_x wins
  P2 Trick  4: volt_x leads AC, tech_twins plays 8C -> volt_x wins
  P2 Trick  5: volt_x leads 9S, tech_twins plays 2H -> tech_twins wins
  P2 Trick  6: tech_twins leads JC, volt_x plays 10C -> tech_twins wins
  P2 Trick  7: tech_twins leads QC, volt_x plays 7H -> volt_x wins
  P2 Trick  8: volt_x leads 6D, tech_twins plays JD -> tech_twins wins
  P2 Trick  9: tech_twins leads KC, volt_x plays QH -> volt_x wins
  P2 Trick 10: volt_x leads 7D, tech_twins plays 5H -> tech_twins wins
  P2 Trick 11: tech_twins leads 6H, volt_x plays KH -> volt_x wins
  P2 Trick 12: volt_x leads 8D, tech_twins plays 10H -> tech_twins wins
  P2 Trick 13: tech_twins leads 9C, volt_x plays 9D -> tech_twins wins
  Result: tech_twins 6 - 7 volt_x
  Winner: volt_x

============================================================
Game 4
============================================================
Players: volt_x vs tech_twins
Trump suit: H
Face-up card: 9H
volt_x hand: 2C 7C 10C JC QD KD 3H KH 3S 8S 10S JS AS
tech_twins hand: 3C 4C 2D 3D 8D 9D 10D 7H 10H 4S 5S 6S 9S
  P1 Trick  1: volt_x leads KD, tech_twins plays 2D -> volt_x wins
  P1 Trick  2: volt_x leads QD, tech_twins plays 3D -> volt_x wins
  P1 Trick  3: volt_x leads JS, tech_twins plays 4S -> volt_x wins
  P1 Trick  4: volt_x leads QS, tech_twins plays 5S -> volt_x wins
  P1 Trick  5: volt_x leads 2C, tech_twins plays 3C -> tech_twins wins
  P1 Trick  6: tech_twins leads 6D, volt_x plays 3S -> tech_twins wins
  P1 Trick  7: tech_twins leads 8D, volt_x plays 7C -> tech_twins wins
  P1 Trick  8: tech_twins leads 4D, volt_x plays 5D -> volt_x wins
  P1 Trick  9: volt_x leads KS, tech_twins plays 6S -> volt_x wins
  P1 Trick 10: volt_x leads AS, tech_twins plays 9S -> volt_x wins
  P1 Trick 11: volt_x leads KC, tech_twins plays AC -> tech_twins wins
  P1 Trick 12: tech_twins leads 5H, volt_x plays 2H -> tech_twins wins
  P1 Trick 13: tech_twins leads 9D, volt_x plays 7D -> tech_twins wins

--- Phase 2 (Scoring) ---
  P2 Trick  1: tech_twins leads 10D, volt_x plays 3H -> volt_x wins
  P2 Trick  2: volt_x leads 10S, tech_twins plays 2S -> volt_x wins
  P2 Trick  3: volt_x leads JC, tech_twins plays QC -> tech_twins wins
  P2 Trick  4: tech_twins leads JD, volt_x plays 4H -> volt_x wins
  P2 Trick  5: volt_x leads 8C, tech_twins plays 4C -> volt_x wins
  P2 Trick  6: volt_x leads 8S, tech_twins plays 7S -> volt_x wins
  P2 Trick  7: volt_x leads 9C, tech_twins plays 5C -> volt_x wins
  P2 Trick  8: volt_x leads 10C, tech_twins plays 6C -> volt_x wins
  P2 Trick  9: volt_x leads AH, tech_twins plays 6H -> volt_x wins
  P2 Trick 10: volt_x leads KH, tech_twins plays 7H -> volt_x wins
  P2 Trick 11: volt_x leads 8H, tech_twins plays 10H -> tech_twins wins
  P2 Trick 12: tech_twins leads QH, volt_x plays 9H -> tech_twins wins
  P2 Trick 13: tech_twins leads AD, volt_x plays JH -> volt_x wins
  Result: volt_x 10 - 3 tech_twins
  Winner: volt_x

============================================================
Game 5
============================================================
Players: tech_twins vs volt_x
Trump suit: H
Face-up card: 6H
tech_twins hand: 5C 6C 9C 3D 5D 6D 7D QD KH AH 9S QS AS
volt_x hand: 3C JC 4D 8D 10D AD 2H 4H JH 3S 8S 10S JS
  P1 Trick  1: tech_twins leads KH, volt_x plays 2H -> tech_twins wins
  P1 Trick  2: tech_twins leads 3D, volt_x plays 4D -> volt_x wins
  P1 Trick  3: volt_x leads 3C, tech_twins plays 5C -> tech_twins wins
  P1 Trick  4: tech_twins leads AS, volt_x plays 3S -> tech_twins wins
  P1 Trick  5: tech_twins leads 5D, volt_x plays 2D -> tech_twins wins
  P1 Trick  6: tech_twins leads AH, volt_x plays 4H -> tech_twins wins
  P1 Trick  7: tech_twins leads AC, volt_x plays 2C -> tech_twins wins
  P1 Trick  8: tech_twins leads 6D, volt_x plays 8D -> volt_x wins
  P1 Trick  9: volt_x leads QC, tech_twins plays 6C -> volt_x wins
  P1 Trick 10: volt_x leads KS, tech_twins plays 2S -> volt_x wins
  P1 Trick 11: volt_x leads 4S, tech_twins plays 7S -> tech_twins wins
  P1 Trick 12: tech_twins leads QS, volt_x plays 5S -> tech_twins wins
  P1 Trick 13: tech_twins leads KC, volt_x plays 4C -> tech_twins wins

--- Phase 2 (Scoring) ---
  P2 Trick  1: tech_twins leads 7D, volt_x plays 10D -> volt_x wins
  P2 Trick  2: volt_x leads JS, tech_twins plays 6S -> volt_x wins
  P2 Trick  3: volt_x leads JC, tech_twins plays 8C -> volt_x wins
  P2 Trick  4: volt_x leads AD, tech_twins plays 9D -> volt_x wins
  P2 Trick  5: volt_x leads 10S, tech_twins plays 9S -> volt_x wins
  P2 Trick  6: volt_x leads 10C, tech_twins plays 9C -> volt_x wins
  P2 Trick  7: volt_x leads 7C, tech_twins plays 3H -> tech_twins wins
  P2 Trick  8: tech_twins leads JD, volt_x plays 7H -> volt_x wins
  P2 Trick  9: volt_x leads 8S, tech_twins plays 5H -> tech_twins wins
  P2 Trick 10: tech_twins leads QD, volt_x plays 8H -> volt_x wins
  P2 Trick 11: volt_x leads QH, tech_twins plays 6H -> volt_x wins
  P2 Trick 12: volt_x leads JH, tech_twins plays 9H -> volt_x wins
  P2 Trick 13: volt_x leads 10H, tech_twins plays KD -> volt_x wins
  Result: tech_twins 2 - 11 volt_x
  Winner: volt_x

============================================================
Game 6
============================================================
Players: volt_x vs tech_twins
Trump suit: D
Face-up card: JD
volt_x hand: 2C 4C 10C 6D 8D QD AD 3H 4H 10H 5S 8S AS
tech_twins hand: 3C 7C KC 5D 7D 6H JH KH 2S 6S 7S QS KS
  P1 Trick  1: volt_x leads AS, tech_twins plays 2S -> volt_x wins
  P1 Trick  2: volt_x leads 2C, tech_twins plays 3C -> tech_twins wins
  P1 Trick  3: tech_twins leads 5H, volt_x plays 10H -> volt_x wins
  P1 Trick  4: volt_x leads 4C, tech_twins plays 7C -> tech_twins wins
  P1 Trick  5: tech_twins leads QS, volt_x plays 5S -> tech_twins wins
  P1 Trick  6: tech_twins leads KS, volt_x plays 8S -> tech_twins wins
  P1 Trick  7: tech_twins leads 6H, volt_x plays 2H -> tech_twins wins
  P1 Trick  8: tech_twins leads 7H, volt_x plays 3H -> tech_twins wins
  P1 Trick  9: tech_twins leads 8H, volt_x plays 4H -> tech_twins wins
  P1 Trick 10: tech_twins leads 3S, volt_x plays 4S -> volt_x wins
  P1 Trick 11: volt_x leads QC, tech_twins plays KC -> tech_twins wins
  P1 Trick 12: tech_twins leads AC, volt_x plays 5C -> tech_twins wins
  P1 Trick 13: tech_twins leads 10D, volt_x plays 2D -> tech_twins wins

--- Phase 2 (Scoring) ---
  P2 Trick  1: tech_twins leads JS, volt_x plays 10S -> tech_twins wins
  P2 Trick  2: tech_twins leads 4D, volt_x plays 6D -> volt_x wins
  P2 Trick  3: volt_x leads AH, tech_twins plays 9H -> volt_x wins
  P2 Trick  4: volt_x leads JC, tech_twins plays 6C -> volt_x wins
  P2 Trick  5: volt_x leads 9C, tech_twins plays 8C -> volt_x wins
  P2 Trick  6: volt_x leads 10C, tech_twins plays 5D -> tech_twins wins
  P2 Trick  7: tech_twins leads KH, volt_x plays QH -> tech_twins wins
  P2 Trick  8: tech_twins leads 6S, volt_x plays 3D -> volt_x wins
  P2 Trick  9: volt_x leads AD, tech_twins plays 7D -> volt_x wins
  P2 Trick 10: volt_x leads KD, tech_twins plays 9D -> volt_x wins
  P2 Trick 11: volt_x leads QD, tech_twins plays JH -> volt_x wins
  P2 Trick 12: volt_x leads JD, tech_twins plays 7S -> volt_x wins
  P2 Trick 13: volt_x leads 8D, tech_twins plays 9S -> volt_x wins
  Result: volt_x 10 - 3 tech_twins
  Winner: volt_x

============================================================
Game 7
============================================================
Players: tech_twins vs volt_x
Trump suit: H
Face-up card: KH
tech_twins hand: 3C 4C 9C 10C 3D JD QD 3H JH 3S 5S 8S JS
volt_x hand: 2C 5C 6C 7C JC 5D 6D 10D 5H 4S 6S 7S 10S
  P1 Trick  1: tech_twins leads 10C, volt_x plays JC -> volt_x wins
  P1 Trick  2: volt_x leads 2C, tech_twins plays 3C -> tech_twins wins
  P1 Trick  3: tech_twins leads JS, volt_x plays 4S -> tech_twins wins
  P1 Trick  4: tech_twins leads 3S, volt_x plays 6S -> volt_x wins
  P1 Trick  5: volt_x leads AC, tech_twins plays 4C -> volt_x wins
  P1 Trick  6: volt_x leads 4D, tech_twins plays 8D -> tech_twins wins
  P1 Trick  7: tech_twins leads KS, volt_x plays 7S -> tech_twins wins
  P1 Trick  8: tech_twins leads AD, volt_x plays 5D -> tech_twins wins
  P1 Trick  9: tech_twins leads AS, volt_x plays 10S -> tech_twins wins
  P1 Trick 10: tech_twins leads JH, volt_x plays 5H -> tech_twins wins
  P1 Trick 11: tech_twins leads 3H, volt_x plays 8H -> volt_x wins
  P1 Trick 12: volt_x leads 2D, tech_twins plays 3D -> tech_twins wins
  P1 Trick 13: tech_twins leads 7D, volt_x plays 10D -> volt_x wins

--- Phase 2 (Scoring) ---
  P2 Trick  1: volt_x leads KC, tech_twins plays 9C -> volt_x wins
  P2 Trick  2: volt_x leads QC, tech_twins plays 6H -> tech_twins wins
  P2 Trick  3: tech_twins leads JD, volt_x plays 6D -> tech_twins wins
  P2 Trick  4: tech_twins leads QD, volt_x plays 2H -> volt_x wins
  P2 Trick  5: volt_x leads QS, tech_twins plays 2S -> volt_x wins
  P2 Trick  6: volt_x leads 5C, tech_twins plays 7H -> tech_twins wins
  P2 Trick  7: tech_twins leads KD, volt_x plays 4H -> volt_x wins
  P2 Trick  8: volt_x leads 6C, tech_twins plays 9H -> tech_twins wins
  P2 Trick  9: tech_twins leads 5S, volt_x plays QH -> volt_x wins
  P2 Trick 10: volt_x leads 7C, tech_twins plays 10H -> tech_twins wins
  P2 Trick 11: tech_twins leads 8S, volt_x plays KH -> volt_x wins
  P2 Trick 12: volt_x leads 8C, tech_twins plays 9S -> volt_x wins
  P2 Trick 13: volt_x leads AH, tech_twins plays 9D -> volt_x wins
  Result: tech_twins 5 - 8 volt_x
  Winner: volt_x

============================================================
Game 8
============================================================
Players: volt_x vs tech_twins
Trump suit: D
Face-up card: AD
volt_x hand: 4C 5C 6C 7C 2D 8D 9D QD KD 2H QH 4S 9S
tech_twins hand: 8C KC 6D 7D 10D 3H 5H 6H 8H KH AH 3S 7S
  P1 Trick  1: volt_x leads QH, tech_twins plays KH -> tech_twins wins
  P1 Trick  2: tech_twins leads 3H, volt_x plays 2H -> tech_twins wins
  P1 Trick  3: tech_twins leads AH, volt_x plays 2D -> volt_x wins
  P1 Trick  4: volt_x leads 4S, tech_twins plays 3S -> volt_x wins
  P1 Trick  5: volt_x leads 2S, tech_twins plays 7S -> tech_twins wins
  P1 Trick  6: tech_twins leads 4D, volt_x plays 3D -> tech_twins wins
  P1 Trick  7: tech_twins leads AD, volt_x plays 5D -> tech_twins wins
  P1 Trick  8: tech_twins leads 10H, volt_x plays 8D -> volt_x wins
  P1 Trick  9: volt_x leads 4C, tech_twins plays 3C -> volt_x wins
  P1 Trick 10: volt_x leads 2C, tech_twins plays 8C -> tech_twins wins
  P1 Trick 11: tech_twins leads JH, volt_x plays 5C -> tech_twins wins
  P1 Trick 12: tech_twins leads 4H, volt_x plays 6C -> tech_twins wins
  P1 Trick 13: tech_twins leads 5H, volt_x plays 6S -> tech_twins wins

--- Phase 2 (Scoring) ---
  P2 Trick  1: tech_twins leads 6H, volt_x plays 9D -> volt_x wins
  P2 Trick  2: volt_x leads AC, tech_twins plays 9C -> volt_x wins
  P2 Trick  3: volt_x leads KS, tech_twins plays AS -> tech_twins wins
  P2 Trick  4: tech_twins leads 7H, volt_x plays JD -> volt_x wins
  P2 Trick  5: volt_x leads QC, tech_twins plays KC -> tech_twins wins
  P2 Trick  6: tech_twins leads 8H, volt_x plays QD -> volt_x wins
  P2 Trick  7: volt_x leads JC, tech_twins plays 10C -> volt_x wins
  P2 Trick  8: volt_x leads JS, tech_twins plays QS -> tech_twins wins
  P2 Trick  9: tech_twins leads 9H, volt_x plays KD -> volt_x wins
  P2 Trick 10: volt_x leads 8S, tech_twins plays 5S -> volt_x wins
  P2 Trick 11: volt_x leads 7C, tech_twins plays 6D -> tech_twins wins
  P2 Trick 12: tech_twins leads 7D, volt_x plays 9S -> tech_twins wins
  P2 Trick 13: tech_twins leads 10D, volt_x plays 10S -> tech_twins wins
  Result: volt_x 7 - 6 tech_twins
  Winner: volt_x

============================================================
Game 9
============================================================
Players: tech_twins vs volt_x
Trump suit: S
Face-up card: 3S
tech_twins hand: 5C 6C QC KC 7D 8D JD AD 8H 9H JH QH 9S
volt_x hand: 10C JC 3D 4D 10D 3H KH AH 4S 5S 6S 10S JS
  P1 Trick  1: tech_twins leads 7D, volt_x plays 10D -> volt_x wins
  P1 Trick  2: volt_x leads AH, tech_twins plays 8H -> volt_x wins
  P1 Trick  3: volt_x leads KH, tech_twins plays 9H -> volt_x wins
  P1 Trick  4: volt_x leads 3H, tech_twins plays JH -> tech_twins wins
  P1 Trick  5: tech_twins leads 2D, volt_x plays 3D -> volt_x wins
  P1 Trick  6: volt_x leads 4D, tech_twins plays 6D -> tech_twins wins
  P1 Trick  7: tech_twins leads QH, volt_x plays 5H -> tech_twins wins
  P1 Trick  8: tech_twins leads AD, volt_x plays QD -> tech_twins wins
  P1 Trick  9: tech_twins leads 2C, volt_x plays 4C -> volt_x wins
  P1 Trick 10: volt_x leads 5D, tech_twins plays 8D -> tech_twins wins
  P1 Trick 11: tech_twins leads 5C, volt_x plays 7C -> volt_x wins
  P1 Trick 12: volt_x leads JC, tech_twins plays QC -> tech_twins wins
  P1 Trick 13: tech_twins leads 2H, volt_x plays 3C -> tech_twins wins

--- Phase 2 (Scoring) ---
  P2 Trick  1: tech_twins leads 4H, volt_x plays 2S -> volt_x wins
  P2 Trick  2: volt_x leads AC, tech_twins plays 6C -> volt_x wins
  P2 Trick  3: volt_x leads 8C, tech_twins plays 9C -> tech_twins wins
  P2 Trick  4: tech_twins leads 6H, volt_x plays 3S -> volt_x wins
  P2 Trick  5: volt_x leads 10C, tech_twins plays KC -> tech_twins wins
  P2 Trick  6: tech_twins leads 7H, volt_x plays 4S -> volt_x wins
  P2 Trick  7: volt_x leads AS, tech_twins plays 8S -> volt_x wins
  P2 Trick  8: volt_x leads KS, tech_twins plays 9S -> volt_x wins
  P2 Trick  9: volt_x leads 5S, tech_twins plays QS -> tech_twins wins
  P2 Trick 10: tech_twins leads 10H, volt_x plays 6S -> volt_x wins
  P2 Trick 11: volt_x leads 7S, tech_twins plays 9D -> volt_x wins
  P2 Trick 12: volt_x leads 10S, tech_twins plays JD -> volt_x wins
  P2 Trick 13: volt_x leads JS, tech_twins plays KD -> volt_x wins
  Result: tech_twins 3 - 10 volt_x
  Winner: volt_x

============================================================
Game 10
============================================================
Players: volt_x vs tech_twins
Trump suit: C
Face-up card: 2C
volt_x hand: 8C JC KC 2D 10H KH AH 4S 8S 10S QS KS AS
tech_twins hand: 3C 4C 7C 10C 6D 8D 10D KD 4H 5H 6H 8H 9H
  P1 Trick  1: volt_x leads 2D, tech_twins plays 6D -> tech_twins wins
  P1 Trick  2: tech_twins leads 4H, volt_x plays 10H -> volt_x wins
  P1 Trick  3: volt_x leads AS, tech_twins plays 2C -> tech_twins wins
  P1 Trick  4: tech_twins leads 3C, volt_x plays 8C -> volt_x wins
  P1 Trick  5: volt_x leads 4D, tech_twins plays 7D -> tech_twins wins
  P1 Trick  6: tech_twins leads 4C, volt_x plays 9C -> volt_x wins
  P1 Trick  7: volt_x leads 2H, tech_twins plays 5H -> tech_twins wins
  P1 Trick  8: tech_twins leads 8D, volt_x plays JD -> volt_x wins
  P1 Trick  9: volt_x leads 2S, tech_twins plays 6S -> tech_twins wins
  P1 Trick 10: tech_twins leads QD, volt_x plays 9D -> tech_twins wins
  P1 Trick 11: tech_twins leads 6H, volt_x plays JH -> volt_x wins
  P1 Trick 12: volt_x leads 3S, tech_twins plays JS -> tech_twins wins
  P1 Trick 13: tech_twins leads KD, volt_x plays 3H -> tech_twins wins

--- Phase 2 (Scoring) ---
  P2 Trick  1: tech_twins leads AC, volt_x plays 5C -> tech_twins wins
  P2 Trick  2: tech_twins leads AD, volt_x plays JC -> volt_x wins
  P2 Trick  3: volt_x leads AH, tech_twins plays 7H -> volt_x wins
  P2 Trick  4: volt_x leads KS, tech_twins plays 7S -> volt_x wins
  P2 Trick  5: volt_x leads KH, tech_twins plays 8H -> volt_x wins
  P2 Trick  6: volt_x leads QS, tech_twins plays 6C -> tech_twins wins
  P2 Trick  7: tech_twins leads 7C, volt_x plays KC -> volt_x wins
  P2 Trick  8: volt_x leads QH, tech_twins plays 9H -> volt_x wins
  P2 Trick  9: volt_x leads 4S, tech_twins plays 10C -> tech_twins wins
  P2 Trick 10: tech_twins leads 3D, volt_x plays 5S -> tech_twins wins
  P2 Trick 11: tech_twins leads 5D, volt_x plays 8S -> tech_twins wins
  P2 Trick 12: tech_twins leads 10D, volt_x plays 9S -> tech_twins wins
  P2 Trick 13: tech_twins leads QC, volt_x plays 10S -> tech_twins wins
  Result: volt_x 6 - 7 tech_twins
  Winner: tech_twins

============================================================
Game 11
============================================================
Players: tech_twins vs volt_x
Trump suit: S
Face-up card: 6S
tech_twins hand: 9C AC 5D 6D QD 4H 8H QH 9S 10S JS QS KS
volt_x hand: 2C 3C 7C 8C 10C QC 7D 8D 9D AD 6H JH AH
  P1 Trick  1: tech_twins leads AC, volt_x plays 2C -> tech_twins wins
  P1 Trick  2: tech_twins leads 6S, volt_x plays 2D -> tech_twins wins
  P1 Trick  3: tech_twins leads 9S, volt_x plays 8S -> tech_twins wins
  P1 Trick  4: tech_twins leads QH, volt_x plays 6H -> tech_twins wins
  P1 Trick  5: tech_twins leads 5D, volt_x plays 4D -> tech_twins wins
  P1 Trick  6: tech_twins leads 8H, volt_x plays JH -> volt_x wins
  P1 Trick  7: volt_x leads 3H, tech_twins plays 4H -> tech_twins wins
  P1 Trick  8: tech_twins leads 10S, volt_x plays 5S -> tech_twins wins
  P1 Trick  9: tech_twins leads JS, volt_x plays 3S -> tech_twins wins
  P1 Trick 10: tech_twins leads 4S, volt_x plays 7S -> volt_x wins
  P1 Trick 11: volt_x leads KD, tech_twins plays 6D -> volt_x wins
  P1 Trick 12: volt_x leads 3C, tech_twins plays 4C -> tech_twins wins
  P1 Trick 13: tech_twins leads 5C, volt_x plays 7C -> volt_x wins

--- Phase 2 (Scoring) ---
  P2 Trick  1: volt_x leads AH, tech_twins plays 2H -> volt_x wins
  P2 Trick  2: volt_x leads KC, tech_twins plays 6C -> volt_x wins
  P2 Trick  3: volt_x leads AD, tech_twins plays JD -> volt_x wins
  P2 Trick  4: volt_x leads KH, tech_twins plays 7H -> volt_x wins
  P2 Trick  5: volt_x leads QC, tech_twins plays 9C -> volt_x wins
  P2 Trick  6: volt_x leads 3D, tech_twins plays QD -> tech_twins wins
  P2 Trick  7: tech_twins leads JC, volt_x plays 8C -> tech_twins wins
  P2 Trick  8: tech_twins leads QS, volt_x plays 5H -> tech_twins wins
  P2 Trick  9: tech_twins leads KS, volt_x plays 7D -> tech_twins wins
  P2 Trick 10: tech_twins leads AS, volt_x plays 8D -> tech_twins wins
  P2 Trick 11: tech_twins leads 9H, volt_x plays 9D -> tech_twins wins
  P2 Trick 12: tech_twins leads 2S, volt_x plays 10D -> tech_twins wins
  P2 Trick 13: tech_twins leads 10H, volt_x plays 10C -> tech_twins wins
  Result: tech_twins 8 - 5 volt_x
  Winner: tech_twins

============================================================
Game 12
============================================================
Players: volt_x vs tech_twins
Trump suit: H
Face-up card: 2H
volt_x hand: 4C 2D 4D 5D 7D 8D 4H 5H 8H QH AH 5S 6S
tech_twins hand: 2C 3C 5C 6C 8C 9C JC 6D QD 4S 9S QS KS
  P1 Trick  1: volt_x leads 4C, tech_twins plays 5C -> tech_twins wins
  P1 Trick  2: tech_twins leads 2C, volt_x plays 4H -> volt_x wins
  P1 Trick  3: volt_x leads 2D, tech_twins plays 6D -> tech_twins wins
  P1 Trick  4: tech_twins leads 3C, volt_x plays 3H -> volt_x wins
  P1 Trick  5: volt_x leads 4D, tech_twins plays 9D -> tech_twins wins
  P1 Trick  6: tech_twins leads KC, volt_x plays 5D -> tech_twins wins
  P1 Trick  7: tech_twins leads JC, volt_x plays 5H -> volt_x wins
  P1 Trick  8: volt_x leads KD, tech_twins plays JD -> volt_x wins
  P1 Trick  9: volt_x leads AS, tech_twins plays 3S -> volt_x wins
  P1 Trick 10: volt_x leads 5S, tech_twins plays 2S -> volt_x wins
  P1 Trick 11: volt_x leads 7C, tech_twins plays 6C -> volt_x wins
  P1 Trick 12: volt_x leads 3D, tech_twins plays QD -> tech_twins wins
  P1 Trick 13: tech_twins leads 8C, volt_x plays 7D -> tech_twins wins

--- Phase 2 (Scoring) ---
  P2 Trick  1: tech_twins leads 9C, volt_x plays 7H -> volt_x wins
  P2 Trick  2: volt_x leads AD, tech_twins plays 10D -> volt_x wins
  P2 Trick  3: volt_x leads 6S, tech_twins plays 9S -> tech_twins wins
  P2 Trick  4: tech_twins leads 10C, volt_x plays 8H -> volt_x wins
  P2 Trick  5: volt_x leads 7S, tech_twins plays JS -> tech_twins wins
  P2 Trick  6: tech_twins leads QS, volt_x plays 8S -> tech_twins wins
  P2 Trick  7: tech_twins leads QC, volt_x plays 9H -> volt_x wins
  P2 Trick  8: volt_x leads 8D, tech_twins plays 2H -> tech_twins wins
  P2 Trick  9: tech_twins leads KS, volt_x plays 10S -> tech_twins wins
  P2 Trick 10: tech_twins leads AC, volt_x plays JH -> volt_x wins
  P2 Trick 11: volt_x leads AH, tech_twins plays 6H -> volt_x wins
  P2 Trick 12: volt_x leads KH, tech_twins plays 10H -> volt_x wins
  P2 Trick 13: volt_x leads QH, tech_twins plays 4S -> volt_x wins
  Result: volt_x 8 - 5 tech_twins
  Winner: volt_x

============================================================
Game 13
============================================================
Players: tech_twins vs volt_x
Trump suit: D
Face-up card: 6D
tech_twins hand: 8C 10C 8D 5H 6H 7H 9H 10H QH AH 2S 6S 7S
volt_x hand: 2C 4C 9C JC KC AC 5D 7D 9D KD 2H JH 10S
  P1 Trick  1: tech_twins leads AH, volt_x plays 2H -> tech_twins wins
  P1 Trick  2: tech_twins leads 5H, volt_x plays JH -> volt_x wins
  P1 Trick  3: volt_x leads 2C, tech_twins plays 8C -> tech_twins wins
  P1 Trick  4: tech_twins leads 2S, volt_x plays 10S -> volt_x wins
  P1 Trick  5: volt_x leads 3C, tech_twins plays 10C -> tech_twins wins
  P1 Trick  6: tech_twins leads 4S, volt_x plays KS -> volt_x wins
  P1 Trick  7: volt_x leads KC, tech_twins plays 6D -> tech_twins wins
  P1 Trick  8: tech_twins leads QH, volt_x plays 3D -> volt_x wins
  P1 Trick  9: volt_x leads 4C, tech_twins plays 8D -> tech_twins wins
  P1 Trick 10: tech_twins leads 3H, volt_x plays 9S -> tech_twins wins
  P1 Trick 11: tech_twins leads AS, volt_x plays 3S -> tech_twins wins
  P1 Trick 12: tech_twins leads 10H, volt_x plays 4D -> volt_x wins
  P1 Trick 13: volt_x leads 5C, tech_twins plays 6C -> tech_twins wins

--- Phase 2 (Scoring) ---
  P2 Trick  1: tech_twins leads KH, volt_x plays 5D -> volt_x wins
  P2 Trick  2: volt_x leads AC, tech_twins plays 2D -> tech_twins wins
  P2 Trick  3: tech_twins leads 4H, volt_x plays 7D -> volt_x wins
  P2 Trick  4: volt_x leads QC, tech_twins plays 10D -> tech_twins wins
  P2 Trick  5: tech_twins leads 5S, volt_x plays JS -> volt_x wins
  P2 Trick  6: volt_x leads JC, tech_twins plays 6H -> volt_x wins
  P2 Trick  7: volt_x leads 7C, tech_twins plays 7H -> volt_x wins
  P2 Trick  8: volt_x leads 9C, tech_twins plays 8H -> volt_x wins
  P2 Trick  9: volt_x leads AD, tech_twins plays 9H -> volt_x wins
  P2 Trick 10: volt_x leads KD, tech_twins plays 6S -> volt_x wins
  P2 Trick 11: volt_x leads QD, tech_twins plays 7S -> volt_x wins
  P2 Trick 12: volt_x leads JD, tech_twins plays 8S -> volt_x wins
  P2 Trick 13: volt_x leads 9D, tech_twins plays QS -> volt_x wins
  Result: tech_twins 2 - 11 volt_x
  Winner: volt_x

============================================================
Game 14
============================================================
Players: volt_x vs tech_twins
Trump suit: D
Face-up card: QD
volt_x hand: 2C 3D 4D 7D 8D 4H 5H 6H KH 2S 10S QS AS
tech_twins hand: 3C 6C 9C AC 6D KD 3H 8H 9H 10H 3S 5S 6S
  P1 Trick  1: volt_x leads AS, tech_twins plays 3S -> volt_x wins
  P1 Trick  2: volt_x leads KH, tech_twins plays 3H -> volt_x wins
  P1 Trick  3: volt_x leads QS, tech_twins plays 5S -> volt_x wins
  P1 Trick  4: volt_x leads 2C, tech_twins plays 3C -> tech_twins wins
  P1 Trick  5: tech_twins leads KD, volt_x plays 3D -> tech_twins wins
  P1 Trick  6: tech_twins leads AC, volt_x plays 4D -> volt_x wins
  P1 Trick  7: volt_x leads 2S, tech_twins plays 6S -> tech_twins wins
  P1 Trick  8: tech_twins leads AH, volt_x plays 4H -> tech_twins wins
  P1 Trick  9: tech_twins leads JD, volt_x plays 5D -> tech_twins wins
  P1 Trick 10: tech_twins leads JC, volt_x plays KC -> volt_x wins
  P1 Trick 11: volt_x leads 2H, tech_twins plays 7H -> tech_twins wins
  P1 Trick 12: tech_twins leads 4C, volt_x plays 8C -> volt_x wins
  P1 Trick 13: volt_x leads 5H, tech_twins plays 8H -> tech_twins wins

--- Phase 2 (Scoring) ---
  P2 Trick  1: tech_twins leads QH, volt_x plays 6H -> tech_twins wins
  P2 Trick  2: tech_twins leads 5C, volt_x plays QC -> volt_x wins
  P2 Trick  3: volt_x leads KS, tech_twins plays 4S -> volt_x wins
  P2 Trick  4: volt_x leads JH, tech_twins plays 9H -> volt_x wins
  P2 Trick  5: volt_x leads 8S, tech_twins plays 9S -> tech_twins wins
  P2 Trick  6: tech_twins leads 10H, volt_x plays 2D -> volt_x wins
  P2 Trick  7: volt_x leads 10S, tech_twins plays JS -> tech_twins wins
  P2 Trick  8: tech_twins leads 7S, volt_x plays 7D -> volt_x wins
  P2 Trick  9: volt_x leads AD, tech_twins plays 6D -> volt_x wins
  P2 Trick 10: volt_x leads QD, tech_twins plays 6C -> volt_x wins
  P2 Trick 11: volt_x leads 10D, tech_twins plays 7C -> volt_x wins
  P2 Trick 12: volt_x leads 9D, tech_twins plays 9C -> volt_x wins
  P2 Trick 13: volt_x leads 8D, tech_twins plays 10C -> volt_x wins
  Result: volt_x 10 - 3 tech_twins
  Winner: volt_x

============================================================
Game 15
============================================================
Players: tech_twins vs volt_x
Trump suit: H
Face-up card: 3H
tech_twins hand: JC QC AC 7D 9D 2H 8H QH 6S 7S JS KS AS
volt_x hand: KC 2D 8D KD AD 4H 6H 7H JH AH 2S 5S 8S
  P1 Trick  1: tech_twins leads 6S, volt_x plays 8S -> volt_x wins
  P1 Trick  2: volt_x leads 2S, tech_twins plays 7S -> tech_twins wins
  P1 Trick  3: tech_twins leads 5D, volt_x plays 2D -> tech_twins wins
  P1 Trick  4: tech_twins leads 3C, volt_x plays KC -> volt_x wins
  P1 Trick  5: volt_x leads 3S, tech_twins plays JS -> tech_twins wins
  P1 Trick  6: tech_twins leads KS, volt_x plays 5S -> tech_twins wins
  P1 Trick  7: tech_twins leads QS, volt_x plays 9S -> tech_twins wins
  P1 Trick  8: tech_twins leads AS, volt_x plays 3D -> tech_twins wins
  P1 Trick  9: tech_twins leads AC, volt_x plays 10C -> tech_twins wins
  P1 Trick 10: tech_twins leads QC, volt_x plays 3H -> volt_x wins
  P1 Trick 11: volt_x leads 4D, tech_twins plays 6D -> tech_twins wins
  P1 Trick 12: tech_twins leads 2C, volt_x plays 8D -> tech_twins wins
  P1 Trick 13: tech_twins leads 4C, volt_x plays 10S -> tech_twins wins

--- Phase 2 (Scoring) ---
  P2 Trick  1: tech_twins leads 5C, volt_x plays 4H -> volt_x wins
  P2 Trick  2: volt_x leads AD, tech_twins plays 7D -> volt_x wins
  P2 Trick  3: volt_x leads KD, tech_twins plays 9D -> volt_x wins
  P2 Trick  4: volt_x leads QD, tech_twins plays JD -> volt_x wins
  P2 Trick  5: volt_x leads 10D, tech_twins plays 2H -> tech_twins wins
  P2 Trick  6: tech_twins leads 6C, volt_x plays 5H -> volt_x wins
  P2 Trick  7: volt_x leads AH, tech_twins plays 8H -> volt_x wins
  P2 Trick  8: volt_x leads KH, tech_twins plays QH -> volt_x wins
  P2 Trick  9: volt_x leads 6H, tech_twins plays 4S -> volt_x wins
  P2 Trick 10: volt_x leads 7H, tech_twins plays 7C -> volt_x wins
  P2 Trick 11: volt_x leads 9H, tech_twins plays 8C -> volt_x wins
  P2 Trick 12: volt_x leads 10H, tech_twins plays 9C -> volt_x wins
  P2 Trick 13: volt_x leads JH, tech_twins plays JC -> volt_x wins
  Result: tech_twins 1 - 12 volt_x
  Winner: volt_x

============================================================
Game 16
============================================================
Players: volt_x vs tech_twins
Trump suit: C
Face-up card: 2C
volt_x hand: KC 5D 6D 7D 9D 10D QD 3H 8H AH 3S 9S 10S
tech_twins hand: 3C 7C 10C 2D 4D 8D 10H QH 2S 4S 5S 7S AS
  P1 Trick  1: volt_x leads 3S, tech_twins plays 4S -> tech_twins wins
  P1 Trick  2: tech_twins leads 2S, volt_x plays 9S -> volt_x wins
  P1 Trick  3: volt_x leads 3H, tech_twins plays 10H -> tech_twins wins
  P1 Trick  4: tech_twins leads AS, volt_x plays 10S -> tech_twins wins
  P1 Trick  5: tech_twins leads 2C, volt_x plays KC -> volt_x wins
  P1 Trick  6: volt_x leads 4H, tech_twins plays 6H -> tech_twins wins
  P1 Trick  7: tech_twins leads 5S, volt_x plays 5D -> tech_twins wins
  P1 Trick  8: tech_twins leads 10C, volt_x plays 6D -> tech_twins wins
  P1 Trick  9: tech_twins leads JC, volt_x plays 5H -> tech_twins wins
  P1 Trick 10: tech_twins leads 3C, volt_x plays 6S -> tech_twins wins
  P1 Trick 11: tech_twins leads 4C, volt_x plays 7D -> tech_twins wins
  P1 Trick 12: tech_twins leads AC, volt_x plays 9C -> tech_twins wins
  P1 Trick 13: tech_twins leads 8D, volt_x plays 9D -> volt_x wins

--- Phase 2 (Scoring) ---
  P2 Trick  1: volt_x leads AD, tech_twins plays 2D -> volt_x wins
  P2 Trick  2: volt_x leads KD, tech_twins plays 3D -> volt_x wins
  P2 Trick  3: volt_x leads QD, tech_twins plays 4D -> volt_x wins
  P2 Trick  4: volt_x leads KS, tech_twins plays 7S -> volt_x wins
  P2 Trick  5: volt_x leads JD, tech_twins plays 5C -> tech_twins wins
  P2 Trick  6: tech_twins leads 2H, volt_x plays 7H -> volt_x wins
  P2 Trick  7: volt_x leads AH, tech_twins plays QH -> volt_x wins
  P2 Trick  8: volt_x leads QS, tech_twins plays 8S -> volt_x wins
  P2 Trick  9: volt_x leads 10D, tech_twins plays 6C -> tech_twins wins
  P2 Trick 10: tech_twins leads JS, volt_x plays 8C -> volt_x wins
  P2 Trick 11: volt_x leads JH, tech_twins plays KH -> tech_twins wins
  P2 Trick 12: tech_twins leads 7C, volt_x plays 8H -> tech_twins wins
  P2 Trick 13: tech_twins leads QC, volt_x plays 9H -> tech_twins wins
  Result: volt_x 8 - 5 tech_twins
  Winner: volt_x

============================================================
Game 17
============================================================
Players: tech_twins vs volt_x
Trump suit: D
Face-up card: 9D
tech_twins hand: KC 3D 6D 8D 10D 2H 4H 9H KH AH 4S 5S 6S
volt_x hand: 3C 5C 7C 10C KD 7H JH QH 2S 7S 10S KS AS
  P1 Trick  1: tech_twins leads KH, volt_x plays 7H -> tech_twins wins
  P1 Trick  2: tech_twins leads KC, volt_x plays 3C -> tech_twins wins
  P1 Trick  3: tech_twins leads AH, volt_x plays 3H -> tech_twins wins
  P1 Trick  4: tech_twins leads AC, volt_x plays 5C -> tech_twins wins
  P1 Trick  5: tech_twins leads 3D, volt_x plays KD -> volt_x wins
  P1 Trick  6: volt_x leads 2S, tech_twins plays 4S -> tech_twins wins
  P1 Trick  7: tech_twins leads 2D, volt_x plays 4D -> volt_x wins
  P1 Trick  8: volt_x leads 3S, tech_twins plays 5S -> tech_twins wins
  P1 Trick  9: tech_twins leads QD, volt_x plays 5D -> tech_twins wins
  P1 Trick 10: tech_twins leads 6D, volt_x plays 4C -> tech_twins wins
  P1 Trick 11: tech_twins leads 9H, volt_x plays 5H -> tech_twins wins
  P1 Trick 12: tech_twins leads 2H, volt_x plays JH -> volt_x wins
  P1 Trick 13: volt_x leads 7S, tech_twins plays 8S -> tech_twins wins

--- Phase 2 (Scoring) ---
  P2 Trick  1: tech_twins leads JC, volt_x plays 7C -> tech_twins wins
  P2 Trick  2: tech_twins leads QC, volt_x plays 8C -> tech_twins wins
  P2 Trick  3: tech_twins leads 8D, volt_x plays AD -> volt_x wins
  P2 Trick  4: volt_x leads AS, tech_twins plays 6S -> volt_x wins
  P2 Trick  5: volt_x leads KS, tech_twins plays 9D -> tech_twins wins
  P2 Trick  6: tech_twins leads 4H, volt_x plays QH -> volt_x wins
  P2 Trick  7: volt_x leads QS, tech_twins plays 10D -> tech_twins wins
  P2 Trick  8: tech_twins leads 6H, volt_x plays 7D -> volt_x wins
  P2 Trick  9: volt_x leads JS, tech_twins plays JD -> tech_twins wins
  P2 Trick 10: tech_twins leads 2C, volt_x plays 9C -> volt_x wins
  P2 Trick 11: volt_x leads 10S, tech_twins plays 6C -> volt_x wins
  P2 Trick 12: volt_x leads 10C, tech_twins plays 8H -> volt_x wins
  P2 Trick 13: volt_x leads 9S, tech_twins plays 10H -> volt_x wins
  Result: tech_twins 5 - 8 volt_x
  Winner: volt_x

============================================================
Game 18
============================================================
Players: volt_x vs tech_twins
Trump suit: S
Face-up card: 2S
volt_x hand: QC KC 3D 4D 6D 10D AD 4H 7H 3S 9S JS KS
tech_twins hand: 2C 5C 10C AC 9D KD 3H 8H 9H 4S 5S 8S 10S
  P1 Trick  1: volt_x leads 4H, tech_twins plays 3H -> volt_x wins
  P1 Trick  2: volt_x leads KC, tech_twins plays AC -> tech_twins wins
  P1 Trick  3: tech_twins leads 10S, volt_x plays JS -> volt_x wins
  P1 Trick  4: volt_x leads QD, tech_twins plays KD -> tech_twins wins
  P1 Trick  5: tech_twins leads KH, volt_x plays 7H -> tech_twins wins
  P1 Trick  6: tech_twins leads AH, volt_x plays 2S -> volt_x wins
  P1 Trick  7: volt_x leads 3C, tech_twins plays 5C -> tech_twins wins
  P1 Trick  8: tech_twins leads JC, volt_x plays QC -> volt_x wins
  P1 Trick  9: volt_x leads QH, tech_twins plays 6H -> volt_x wins
  P1 Trick 10: volt_x leads 4C, tech_twins plays 7C -> tech_twins wins
  P1 Trick 11: tech_twins leads 5D, volt_x plays 3D -> tech_twins wins
  P1 Trick 12: tech_twins leads 2D, volt_x plays 4D -> volt_x wins
  P1 Trick 13: volt_x leads 5H, tech_twins plays 8H -> tech_twins wins

--- Phase 2 (Scoring) ---
  P2 Trick  1: tech_twins leads JH, volt_x plays 10H -> tech_twins wins
  P2 Trick  2: tech_twins leads 7D, volt_x plays 10D -> volt_x wins
  P2 Trick  3: volt_x leads AD, tech_twins plays 8D -> volt_x wins
  P2 Trick  4: volt_x leads 6D, tech_twins plays 9D -> tech_twins wins
  P2 Trick  5: tech_twins leads JD, volt_x plays 3S -> volt_x wins
  P2 Trick  6: volt_x leads 6C, tech_twins plays 8C -> tech_twins wins
  P2 Trick  7: tech_twins leads 4S, volt_x plays 6S -> volt_x wins
  P2 Trick  8: volt_x leads 9C, tech_twins plays 10C -> tech_twins wins
  P2 Trick  9: tech_twins leads 5S, volt_x plays 7S -> volt_x wins
  P2 Trick 10: volt_x leads AS, tech_twins plays 8S -> volt_x wins
  P2 Trick 11: volt_x leads KS, tech_twins plays 2C -> volt_x wins
  P2 Trick 12: volt_x leads QS, tech_twins plays 2H -> volt_x wins
  P2 Trick 13: volt_x leads 9S, tech_twins plays 9H -> volt_x wins
  Result: volt_x 9 - 4 tech_twins
  Winner: volt_x

============================================================
Game 19
============================================================
Players: tech_twins vs volt_x
Trump suit: D
Face-up card: 2D
tech_twins hand: 2C 3C 5C KC 6D 10D JD 4H 7H KH 3S 5S 8S
volt_x hand: 6C 8C 9C JC 3D AD 3H 6H 8H AH 4S 9S QS
  P1 Trick  1: tech_twins leads 2C, volt_x plays 6C -> volt_x wins
  P1 Trick  2: volt_x leads 3H, tech_twins plays 4H -> tech_twins wins
  P1 Trick  3: tech_twins leads 10S, volt_x plays QS -> volt_x wins
  P1 Trick  4: volt_x leads AH, tech_twins plays 5H -> volt_x wins
  P1 Trick  5: volt_x leads QH, tech_twins plays 7H -> volt_x wins
  P1 Trick  6: volt_x leads 4S, tech_twins plays 5S -> tech_twins wins
  P1 Trick  7: tech_twins leads JH, volt_x plays 6H -> tech_twins wins
  P1 Trick  8: tech_twins leads KH, volt_x plays 2H -> tech_twins wins
  P1 Trick  9: tech_twins leads JD, volt_x plays 2D -> tech_twins wins
  P1 Trick 10: tech_twins leads 10H, volt_x plays 8H -> tech_twins wins
  P1 Trick 11: tech_twins leads KS, volt_x plays 2S -> tech_twins wins
  P1 Trick 12: tech_twins leads 3C, volt_x plays 8C -> volt_x wins
  P1 Trick 13: volt_x leads 4C, tech_twins plays 5C -> tech_twins wins

--- Phase 2 (Scoring) ---
  P2 Trick  1: tech_twins leads 3S, volt_x plays 9S -> volt_x wins
  P2 Trick  2: volt_x leads AC, tech_twins plays 7C -> volt_x wins
  P2 Trick  3: volt_x leads AS, tech_twins plays 6S -> volt_x wins
  P2 Trick  4: volt_x leads 9H, tech_twins plays 4D -> tech_twins wins
  P2 Trick  5: tech_twins leads KC, volt_x plays 9C -> tech_twins wins
  P2 Trick  6: tech_twins leads 6D, volt_x plays 7D -> volt_x wins
  P2 Trick  7: volt_x leads QC, tech_twins plays 10C -> volt_x wins
  P2 Trick  8: volt_x leads JC, tech_twins plays 8D -> tech_twins wins
  P2 Trick  9: tech_twins leads 7S, volt_x plays 3D -> volt_x wins
  P2 Trick 10: volt_x leads AD, tech_twins plays 9D -> volt_x wins
  P2 Trick 11: volt_x leads KD, tech_twins plays 10D -> volt_x wins
  P2 Trick 12: volt_x leads QD, tech_twins plays 8S -> volt_x wins
  P2 Trick 13: volt_x leads 5D, tech_twins plays JS -> volt_x wins
  Result: tech_twins 3 - 10 volt_x
  Winner: volt_x

============================================================
Game 20
============================================================
Players: volt_x vs tech_twins
Trump suit: H
Face-up card: AH
volt_x hand: 7C 8C 10C JC AC 8D 10D KD AD 2H 5H 10H 10S
tech_twins hand: 2C 3C QC 2D JD 4H 9H QH 2S 5S 7S 9S AS
  P1 Trick  1: volt_x leads AC, tech_twins plays 2C -> volt_x wins
  P1 Trick  2: volt_x leads 10S, tech_twins plays 2S -> volt_x wins
  P1 Trick  3: volt_x leads KD, tech_twins plays 2D -> volt_x wins
  P1 Trick  4: volt_x leads 6D, tech_twins plays JD -> tech_twins wins
  P1 Trick  5: tech_twins leads QH, volt_x plays AH -> volt_x wins
  P1 Trick  6: volt_x leads 7C, tech_twins plays 3C -> volt_x wins
  P1 Trick  7: volt_x leads QD, tech_twins plays 9D -> volt_x wins
  P1 Trick  8: volt_x leads AD, tech_twins plays 3H -> tech_twins wins
  P1 Trick  9: tech_twins leads 3S, volt_x plays 6S -> volt_x wins
  P1 Trick 10: volt_x leads 5C, tech_twins plays 9C -> tech_twins wins
  P1 Trick 11: tech_twins leads 4S, volt_x plays 5D -> tech_twins wins
  P1 Trick 12: tech_twins leads JH, volt_x plays 2H -> tech_twins wins
  P1 Trick 13: tech_twins leads 5S, volt_x plays 3D -> tech_twins wins

--- Phase 2 (Scoring) ---
  P2 Trick  1: tech_twins leads QC, volt_x plays 6C -> tech_twins wins
  P2 Trick  2: tech_twins leads KC, volt_x plays 8C -> tech_twins wins
  P2 Trick  3: tech_twins leads AS, volt_x plays KS -> tech_twins wins
  P2 Trick  4: tech_twins leads 7S, volt_x plays 5H -> volt_x wins
  P2 Trick  5: volt_x leads JC, tech_twins plays 4C -> volt_x wins
  P2 Trick  6: volt_x leads 10C, tech_twins plays 4H -> tech_twins wins
  P2 Trick  7: tech_twins leads 8S, volt_x plays 7H -> volt_x wins
  P2 Trick  8: volt_x leads 7D, tech_twins plays 4D -> volt_x wins
  P2 Trick  9: volt_x leads 8D, tech_twins plays 6H -> tech_twins wins
  P2 Trick 10: tech_twins leads 9S, volt_x plays 8H -> volt_x wins
  P2 Trick 11: volt_x leads 10D, tech_twins plays 9H -> tech_twins wins
  P2 Trick 12: tech_twins leads JS, volt_x plays 10H -> volt_x wins
  P2 Trick 13: volt_x leads KH, tech_twins plays QS -> volt_x wins
  Result: volt_x 7 - 6 tech_twins
  Winner: volt_x

============================================================
Game 21
============================================================
Players: tech_twins vs volt_x
Trump suit: H
Face-up card: KH
tech_twins hand: 2C 4C 5C 8C QC 4D 8D 10D KD 5H 7H 10S JS
volt_x hand: 3C 7C JC KC AC 2D 5D JD QD 6H 9H 5S 7S
  P1 Trick  1: tech_twins leads QC, volt_x plays KC -> volt_x wins
  P1 Trick  2: volt_x leads 2D, tech_twins plays 4D -> tech_twins wins
  P1 Trick  3: tech_twins leads 2C, volt_x plays 3C -> volt_x wins
  P1 Trick  4: volt_x leads AC, tech_twins plays 4C -> volt_x wins
  P1 Trick  5: volt_x leads 5D, tech_twins plays 8D -> tech_twins wins
  P1 Trick  6: tech_twins leads 5C, volt_x plays 7C -> volt_x wins
  P1 Trick  7: volt_x leads QD, tech_twins plays KD -> tech_twins wins
  P1 Trick  8: tech_twins leads AD, volt_x plays JD -> tech_twins wins
  P1 Trick  9: tech_twins leads 3S, volt_x plays 5S -> volt_x wins
  P1 Trick 10: volt_x leads 6S, tech_twins plays 4S -> volt_x wins
  P1 Trick 11: volt_x leads 7S, tech_twins plays 10S -> tech_twins wins
  P1 Trick 12: tech_twins leads 6C, volt_x plays JC -> volt_x wins
  P1 Trick 13: volt_x leads AS, tech_twins plays 2S -> volt_x wins

--- Phase 2 (Scoring) ---
  P2 Trick  1: volt_x leads 3D, tech_twins plays 7D -> tech_twins wins
  P2 Trick  2: tech_twins leads JS, volt_x plays 8S -> tech_twins wins
  P2 Trick  3: tech_twins leads QS, volt_x plays 9S -> tech_twins wins
  P2 Trick  4: tech_twins leads KS, volt_x plays 3H -> volt_x wins
  P2 Trick  5: volt_x leads 6D, tech_twins plays 9D -> tech_twins wins
  P2 Trick  6: tech_twins leads 2H, volt_x plays 4H -> volt_x wins
  P2 Trick  7: volt_x leads AH, tech_twins plays 5H -> volt_x wins
  P2 Trick  8: volt_x leads KH, tech_twins plays 7H -> volt_x wins
  P2 Trick  9: volt_x leads QH, tech_twins plays 10H -> volt_x wins
  P2 Trick 10: volt_x leads JH, tech_twins plays 10D -> volt_x wins
  P2 Trick 11: volt_x leads 6H, tech_twins plays 8C -> volt_x wins
  P2 Trick 12: volt_x leads 8H, tech_twins plays 9C -> volt_x wins
  P2 Trick 13: volt_x leads 9H, tech_twins plays 10C -> volt_x wins
  Result: tech_twins 4 - 9 volt_x
  Winner: volt_x

============================================================
Game 22
============================================================
Players: volt_x vs tech_twins
Trump suit: C
Face-up card: 6C
volt_x hand: 2C 7C 9C AC 3D 5D 6D QD AD 6H KH 4S 7S
tech_twins hand: 4C QC 8D 9D JD 9H JH 2S 3S 5S 9S 10S KS
  P1 Trick  1: volt_x leads KH, tech_twins plays 9H -> volt_x wins
  P1 Trick  2: volt_x leads 4S, tech_twins plays 5S -> tech_twins wins
  P1 Trick  3: tech_twins leads 2S, volt_x plays 7S -> volt_x wins
  P1 Trick  4: volt_x leads QD, tech_twins plays 8D -> volt_x wins
  P1 Trick  5: volt_x leads 6H, tech_twins plays JH -> tech_twins wins
  P1 Trick  6: tech_twins leads 3S, volt_x plays 3D -> tech_twins wins
  P1 Trick  7: tech_twins leads AH, volt_x plays 4D -> tech_twins wins
  P1 Trick  8: tech_twins leads 6S, volt_x plays 2C -> volt_x wins
  P1 Trick  9: volt_x leads 8H, tech_twins plays 4H -> volt_x wins
  P1 Trick 10: volt_x leads 5D, tech_twins plays 9D -> tech_twins wins
  P1 Trick 11: tech_twins leads 9S, volt_x plays AS -> volt_x wins
  P1 Trick 12: volt_x leads 8S, tech_twins plays 10S -> tech_twins wins
  P1 Trick 13: tech_twins leads 10H, volt_x plays 5H -> tech_twins wins

--- Phase 2 (Scoring) ---
  P2 Trick  1: tech_twins leads JS, volt_x plays 3C -> volt_x wins
  P2 Trick  2: volt_x leads AD, tech_twins plays 2D -> volt_x wins
  P2 Trick  3: volt_x leads 7H, tech_twins plays QH -> tech_twins wins
  P2 Trick  4: tech_twins leads 10D, volt_x plays 6D -> tech_twins wins
  P2 Trick  5: tech_twins leads JD, volt_x plays 7D -> tech_twins wins
  P2 Trick  6: tech_twins leads QS, volt_x plays 5C -> volt_x wins
  P2 Trick  7: volt_x leads AC, tech_twins plays 4C -> volt_x wins
  P2 Trick  8: volt_x leads 6C, tech_twins plays QC -> tech_twins wins
  P2 Trick  9: tech_twins leads KS, volt_x plays 7C -> volt_x wins
  P2 Trick 10: volt_x leads 8C, tech_twins plays KC -> tech_twins wins
  P2 Trick 11: tech_twins leads KD, volt_x plays 9C -> volt_x wins
  P2 Trick 12: volt_x leads 10C, tech_twins plays 2H -> volt_x wins
  P2 Trick 13: volt_x leads JC, tech_twins plays 3H -> volt_x wins
  Result: volt_x 8 - 5 tech_twins
  Winner: volt_x

============================================================
Game 23
============================================================
Players: tech_twins vs volt_x
Trump suit: D
Face-up card: QD
tech_twins hand: 5C 10C QC KC 3D 9D KD 4H 7H 8H 3S 4S JS
volt_x hand: 2C 3C 8D 10D AD 6H 9H JH KH AH 2S 6S 7S
  P1 Trick  1: tech_twins leads KC, volt_x plays 2C -> tech_twins wins
  P1 Trick  2: tech_twins leads KD, volt_x plays 8D -> tech_twins wins
  P1 Trick  3: tech_twins leads 3S, volt_x plays 6S -> volt_x wins
  P1 Trick  4: volt_x leads KH, tech_twins plays 4H -> volt_x wins
  P1 Trick  5: volt_x leads QH, tech_twins plays 7H -> volt_x wins
  P1 Trick  6: volt_x leads 3C, tech_twins plays 5C -> tech_twins wins
  P1 Trick  7: tech_twins leads JS, volt_x plays 2S -> tech_twins wins
  P1 Trick  8: tech_twins leads QS, volt_x plays 7S -> tech_twins wins
  P1 Trick  9: tech_twins leads 7C, volt_x plays 4C -> tech_twins wins
  P1 Trick 10: tech_twins leads 10C, volt_x plays 2D -> volt_x wins
  P1 Trick 11: volt_x leads AH, tech_twins plays 2H -> volt_x wins
  P1 Trick 12: volt_x leads 5S, tech_twins plays 4S -> volt_x wins
  P1 Trick 13: volt_x leads 6C, tech_twins plays 8C -> tech_twins wins

--- Phase 2 (Scoring) ---
  P2 Trick  1: tech_twins leads 8S, volt_x plays KS -> volt_x wins
  P2 Trick  2: volt_x leads JH, tech_twins plays 3H -> volt_x wins
  P2 Trick  3: volt_x leads 10H, tech_twins plays 5H -> volt_x wins
  P2 Trick  4: volt_x leads AC, tech_twins plays 9C -> volt_x wins
  P2 Trick  5: volt_x leads 9H, tech_twins plays 8H -> volt_x wins
  P2 Trick  6: volt_x leads 6H, tech_twins plays 3D -> tech_twins wins
  P2 Trick  7: tech_twins leads 9S, volt_x plays 4D -> volt_x wins
  P2 Trick  8: volt_x leads AD, tech_twins plays 9D -> volt_x wins
  P2 Trick  9: volt_x leads 5D, tech_twins plays QD -> tech_twins wins
  P2 Trick 10: tech_twins leads 10S, volt_x plays 6D -> volt_x wins
  P2 Trick 11: volt_x leads 7D, tech_twins plays AS -> volt_x wins
  P2 Trick 12: volt_x leads 10D, tech_twins plays JC -> volt_x wins
  P2 Trick 13: volt_x leads JD, tech_twins plays QC -> volt_x wins
  Result: tech_twins 2 - 11 volt_x
  Winner: volt_x

============================================================
Game 24
============================================================
Players: volt_x vs tech_twins
Trump suit: D
Face-up card: 2D
volt_x hand: 6C 8C 3D 4D 5D 5H 8H 10H QH KH AH 3S JS
tech_twins hand: 2C 3C 4C JC KC 7D 8D KD 2H 4H JH 8S KS
  P1 Trick  1: volt_x leads 3S, tech_twins plays 8S -> tech_twins wins
  P1 Trick  2: tech_twins leads 2C, volt_x plays 6C -> volt_x wins
  P1 Trick  3: volt_x leads KH, tech_twins plays 2H -> volt_x wins
  P1 Trick  4: volt_x leads AH, tech_twins plays 4H -> volt_x wins
  P1 Trick  5: volt_x leads QH, tech_twins plays JH -> volt_x wins
  P1 Trick  6: volt_x leads JS, tech_twins plays KS -> tech_twins wins
  P1 Trick  7: tech_twins leads KD, volt_x plays 3D -> tech_twins wins
  P1 Trick  8: tech_twins leads 3C, volt_x plays 8C -> volt_x wins
  P1 Trick  9: volt_x leads 3H, tech_twins plays 7H -> tech_twins wins
  P1 Trick 10: tech_twins leads JC, volt_x plays 10C -> tech_twins wins
  P1 Trick 11: tech_twins leads 4C, volt_x plays 5H -> tech_twins wins
  P1 Trick 12: tech_twins leads QC, volt_x plays 5S -> tech_twins wins
  P1 Trick 13: tech_twins leads KC, volt_x plays 5C -> tech_twins wins

--- Phase 2 (Scoring) ---
  P2 Trick  1: tech_twins leads AC, volt_x plays 4D -> volt_x wins
  P2 Trick  2: volt_x leads AS, tech_twins plays 2S -> volt_x wins
  P2 Trick  3: volt_x leads 6H, tech_twins plays 2D -> tech_twins wins
  P2 Trick  4: tech_twins leads 10S, volt_x plays 7S -> tech_twins wins
  P2 Trick  5: tech_twins leads QS, volt_x plays 9S -> tech_twins wins
  P2 Trick  6: tech_twins leads 7D, volt_x plays JD -> volt_x wins
  P2 Trick  7: volt_x leads 8H, tech_twins plays 8D -> tech_twins wins
  P2 Trick  8: tech_twins leads 7C, volt_x plays 5D -> volt_x wins
  P2 Trick  9: volt_x leads 9H, tech_twins plays 9D -> tech_twins wins
  P2 Trick 10: tech_twins leads 4S, volt_x plays 6D -> volt_x wins
  P2 Trick 11: volt_x leads 10H, tech_twins plays 10D -> tech_twins wins
  P2 Trick 12: tech_twins leads 9C, volt_x plays QD -> volt_x wins
  P2 Trick 13: volt_x leads AD, tech_twins plays 6S -> volt_x wins
  Result: volt_x 7 - 6 tech_twins
  Winner: volt_x

============================================================
Game 25
============================================================
Players: tech_twins vs volt_x
Trump suit: H
Face-up card: 4H
tech_twins hand: 9C 10C 4D 7D 8D 9D JD QD 3H 7H QH KH 10S
volt_x hand: 3C JC 5D 6D 10D KD AD 9H 10H 5S 6S 8S AS
  P1 Trick  1: tech_twins leads 4D, volt_x plays 5D -> volt_x wins
  P1 Trick  2: volt_x leads KD, tech_twins plays 7D -> volt_x wins
  P1 Trick  3: volt_x leads 3C, tech_twins plays 9C -> tech_twins wins
  P1 Trick  4: tech_twins leads 3H, volt_x plays 4H -> volt_x wins
  P1 Trick  5: volt_x leads 5S, tech_twins plays 10S -> tech_twins wins
  P1 Trick  6: tech_twins leads 8D, volt_x plays 6D -> tech_twins wins
  P1 Trick  7: tech_twins leads QH, volt_x plays 2H -> tech_twins wins
  P1 Trick  8: tech_twins leads KH, volt_x plays 5H -> tech_twins wins
  P1 Trick  9: tech_twins leads AC, volt_x plays 8C -> tech_twins wins
  P1 Trick 10: tech_twins leads 6H, volt_x plays 9H -> volt_x wins
  P1 Trick 11: volt_x leads 5C, tech_twins plays 2C -> volt_x wins
  P1 Trick 12: volt_x leads 4S, tech_twins plays 2S -> volt_x wins
  P1 Trick 13: volt_x leads AS, tech_twins plays 3S -> volt_x wins

--- Phase 2 (Scoring) ---
  P2 Trick  1: volt_x leads AD, tech_twins plays 2D -> volt_x wins
  P2 Trick  2: volt_x leads KC, tech_twins plays 4C -> volt_x wins
  P2 Trick  3: volt_x leads QS, tech_twins plays KS -> tech_twins wins
  P2 Trick  4: tech_twins leads JD, volt_x plays 3D -> tech_twins wins
  P2 Trick  5: tech_twins leads QD, volt_x plays 10D -> tech_twins wins
  P2 Trick  6: tech_twins leads QC, volt_x plays 6C -> tech_twins wins
  P2 Trick  7: tech_twins leads AH, volt_x plays 10H -> tech_twins wins
  P2 Trick  8: tech_twins leads 7H, volt_x plays JH -> volt_x wins
  P2 Trick  9: volt_x leads JC, tech_twins plays 7C -> volt_x wins
  P2 Trick 10: volt_x leads JS, tech_twins plays 9S -> volt_x wins
  P2 Trick 11: volt_x leads 6S, tech_twins plays 8H -> tech_twins wins
  P2 Trick 12: tech_twins leads 10C, volt_x plays 7S -> tech_twins wins
  P2 Trick 13: tech_twins leads 9D, volt_x plays 8S -> tech_twins wins
  Result: tech_twins 8 - 5 volt_x
  Winner: tech_twins

============================================================
Game 26
============================================================
Players: volt_x vs tech_twins
Trump suit: C
Face-up card: QC
volt_x hand: 4C 9C JC KC 6D AD 4H 9H AH 3S 6S 7S AS
tech_twins hand: 2C 8D 10D 2H 3H 7H 10H JH QH 2S 5S 8S KS
  P1 Trick  1: volt_x leads AS, tech_twins plays 2S -> volt_x wins
  P1 Trick  2: volt_x leads 9H, tech_twins plays 10H -> tech_twins wins
  P1 Trick  3: tech_twins leads 2H, volt_x plays 4H -> volt_x wins
  P1 Trick  4: volt_x leads 3S, tech_twins plays 5S -> tech_twins wins
  P1 Trick  5: tech_twins leads KS, volt_x plays 6S -> tech_twins wins
  P1 Trick  6: tech_twins leads 5D, volt_x plays 6D -> volt_x wins
  P1 Trick  7: volt_x leads 3D, tech_twins plays 8D -> tech_twins wins
  P1 Trick  8: tech_twins leads KH, volt_x plays 5H -> tech_twins wins
  P1 Trick  9: tech_twins leads 3H, volt_x plays 8H -> volt_x wins
  P1 Trick 10: volt_x leads 7S, tech_twins plays 8S -> tech_twins wins
  P1 Trick 11: tech_twins leads QS, volt_x plays 9S -> tech_twins wins
  P1 Trick 12: tech_twins leads 7D, volt_x plays 2D -> tech_twins wins
  P1 Trick 13: tech_twins leads 4D, volt_x plays 9D -> volt_x wins

--- Phase 2 (Scoring) ---
  P2 Trick  1: volt_x leads AH, tech_twins plays 6H -> volt_x wins
  P2 Trick  2: volt_x leads AD, tech_twins plays 10D -> volt_x wins
  P2 Trick  3: volt_x leads JS, tech_twins plays 10S -> volt_x wins
  P2 Trick  4: volt_x leads 4S, tech_twins plays 2C -> tech_twins wins
  P2 Trick  5: tech_twins leads 7H, volt_x plays 4C -> volt_x wins
  P2 Trick  6: volt_x leads AC, tech_twins plays 3C -> volt_x wins
  P2 Trick  7: volt_x leads KC, tech_twins plays 5C -> volt_x wins
  P2 Trick  8: volt_x leads QC, tech_twins plays 10C -> volt_x wins
  P2 Trick  9: volt_x leads JC, tech_twins plays JH -> volt_x wins
  P2 Trick 10: volt_x leads 6C, tech_twins plays QH -> volt_x wins
  P2 Trick 11: volt_x leads 7C, tech_twins plays JD -> volt_x wins
  P2 Trick 12: volt_x leads 8C, tech_twins plays QD -> volt_x wins
  P2 Trick 13: volt_x leads 9C, tech_twins plays KD -> volt_x wins
  Result: volt_x 12 - 1 tech_twins
  Winner: volt_x

============================================================
Game 27
============================================================
Players: tech_twins vs volt_x
Trump suit: S
Face-up card: 8S
tech_twins hand: 5C 6C 9C KC 4D 5D 7D 10D 2H 8H 3S 5S 7S
volt_x hand: 4C 7C 3D 6D 8D 9D JD QD 5H 6H JH JS KS
  P1 Trick  1: tech_twins leads 4D, volt_x plays 6D -> volt_x wins
  P1 Trick  2: volt_x leads 4C, tech_twins plays 5C -> tech_twins wins
  P1 Trick  3: tech_twins leads 2D, volt_x plays 3D -> volt_x wins
  P1 Trick  4: volt_x leads 7C, tech_twins plays 2C -> volt_x wins
  P1 Trick  5: volt_x leads 4H, tech_twins plays 8H -> tech_twins wins
  P1 Trick  6: tech_twins leads 6C, volt_x plays 8C -> volt_x wins
  P1 Trick  7: volt_x leads QD, tech_twins plays 5D -> volt_x wins
  P1 Trick  8: volt_x leads JH, tech_twins plays QH -> tech_twins wins
  P1 Trick  9: tech_twins leads 3S, volt_x plays 6S -> volt_x wins
  P1 Trick 10: volt_x leads 5H, tech_twins plays 9H -> tech_twins wins
  P1 Trick 11: tech_twins leads KD, volt_x plays 8D -> tech_twins wins
  P1 Trick 12: tech_twins leads JC, volt_x plays 10C -> tech_twins wins
  P1 Trick 13: tech_twins leads 9C, volt_x plays 3C -> tech_twins wins

--- Phase 2 (Scoring) ---
  P2 Trick  1: tech_twins leads QC, volt_x plays 2S -> volt_x wins
  P2 Trick  2: volt_x leads AH, tech_twins plays 2H -> volt_x wins
  P2 Trick  3: volt_x leads KH, tech_twins plays 3H -> volt_x wins
  P2 Trick  4: volt_x leads JD, tech_twins plays AD -> tech_twins wins
  P2 Trick  5: tech_twins leads 10D, volt_x plays 9D -> tech_twins wins
  P2 Trick  6: tech_twins leads KC, volt_x plays 8S -> volt_x wins
  P2 Trick  7: volt_x leads 6H, tech_twins plays 4S -> tech_twins wins
  P2 Trick  8: tech_twins leads AS, volt_x plays 9S -> tech_twins wins
  P2 Trick  9: tech_twins leads AC, volt_x plays JS -> volt_x wins
  P2 Trick 10: volt_x leads 7H, tech_twins plays 5S -> tech_twins wins
  P2 Trick 11: tech_twins leads 7S, volt_x plays QS -> volt_x wins
  P2 Trick 12: volt_x leads 10H, tech_twins plays 10S -> tech_twins wins
  P2 Trick 13: tech_twins leads 7D, volt_x plays KS -> volt_x wins
  Result: tech_twins 6 - 7 volt_x
  Winner: volt_x

============================================================
Game 28
============================================================
Players: volt_x vs tech_twins
Trump suit: S
Face-up card: 8S
volt_x hand: 5C 9C 3D 6D 8D 10D 4H JH 3S 6S 10S KS AS
tech_twins hand: 3C 4C 7C JC 4D 9D KD 2H 6H 10H QH 5S QS
  P1 Trick  1: volt_x leads JH, tech_twins plays QH -> tech_twins wins
  P1 Trick  2: tech_twins leads JC, volt_x plays 5C -> tech_twins wins
  P1 Trick  3: tech_twins leads 2H, volt_x plays 4H -> volt_x wins
  P1 Trick  4: volt_x leads 10D, tech_twins plays KD -> tech_twins wins
  P1 Trick  5: tech_twins leads 10H, volt_x plays 3H -> tech_twins wins
  P1 Trick  6: tech_twins leads KH, volt_x plays 5H -> tech_twins wins
  P1 Trick  7: tech_twins leads 3C, volt_x plays 9C -> volt_x wins
  P1 Trick  8: volt_x leads 2C, tech_twins plays 4C -> tech_twins wins
  P1 Trick  9: tech_twins leads AC, volt_x plays 10C -> tech_twins wins
  P1 Trick 10: tech_twins leads AH, volt_x plays 9H -> tech_twins wins
  P1 Trick 11: tech_twins leads QD, volt_x plays 3D -> tech_twins wins
  P1 Trick 12: tech_twins leads KC, volt_x plays 8C -> tech_twins wins
  P1 Trick 13: tech_twins leads AD, volt_x plays 6D -> tech_twins wins

--- Phase 2 (Scoring) ---
  P2 Trick  1: tech_twins leads QC, volt_x plays 6C -> tech_twins wins
  P2 Trick  2: tech_twins leads 2D, volt_x plays 8D -> volt_x wins
  P2 Trick  3: volt_x leads JD, tech_twins plays 4D -> volt_x wins
  P2 Trick  4: volt_x leads AS, tech_twins plays 5S -> volt_x wins
  P2 Trick  5: volt_x leads KS, tech_twins plays 8S -> volt_x wins
  P2 Trick  6: volt_x leads 2S, tech_twins plays QS -> tech_twins wins
  P2 Trick  7: tech_twins leads 9D, volt_x plays 3S -> volt_x wins
  P2 Trick  8: volt_x leads 4S, tech_twins plays 7C -> volt_x wins
  P2 Trick  9: volt_x leads 6S, tech_twins plays 5D -> volt_x wins
  P2 Trick 10: volt_x leads 7S, tech_twins plays 7D -> volt_x wins
  P2 Trick 11: volt_x leads 9S, tech_twins plays 6H -> volt_x wins
  P2 Trick 12: volt_x leads 10S, tech_twins plays 7H -> volt_x wins
  P2 Trick 13: volt_x leads JS, tech_twins plays 8H -> volt_x wins
  Result: volt_x 11 - 2 tech_twins
  Winner: volt_x

============================================================
Game 29
============================================================
Players: tech_twins vs volt_x
Trump suit: S
Face-up card: QS
tech_twins hand: 4C KC AC 6D 7D 8D 10D 3H 7H 8H KH 8S KS
volt_x hand: 2C 7C 8C 3D 4D QD KD AD JH QH 3S 5S 10S
  P1 Trick  1: tech_twins leads KC, volt_x plays 2C -> tech_twins wins
  P1 Trick  2: tech_twins leads 6D, volt_x plays 3D -> tech_twins wins
  P1 Trick  3: tech_twins leads AC, volt_x plays 7C -> tech_twins wins
  P1 Trick  4: tech_twins leads 2H, volt_x plays 10H -> volt_x wins
  P1 Trick  5: volt_x leads 4D, tech_twins plays 7D -> tech_twins wins
  P1 Trick  6: tech_twins leads QS, volt_x plays 3S -> tech_twins wins
  P1 Trick  7: tech_twins leads QC, volt_x plays 8C -> tech_twins wins
  P1 Trick  8: tech_twins leads JC, volt_x plays 9C -> tech_twins wins
  P1 Trick  9: tech_twins leads JS, volt_x plays 5S -> tech_twins wins
  P1 Trick 10: tech_twins leads 3H, volt_x plays 9H -> volt_x wins
  P1 Trick 11: volt_x leads 2D, tech_twins plays 8D -> tech_twins wins
  P1 Trick 12: tech_twins leads 2S, volt_x plays 7S -> volt_x wins
  P1 Trick 13: volt_x leads 3C, tech_twins plays 4C -> tech_twins wins

--- Phase 2 (Scoring) ---
  P2 Trick  1: tech_twins leads 10C, volt_x plays 5C -> tech_twins wins
  P2 Trick  2: tech_twins leads KS, volt_x plays 6S -> tech_twins wins
  P2 Trick  3: tech_twins leads AS, volt_x plays 9S -> tech_twins wins
  P2 Trick  4: tech_twins leads 4H, volt_x plays 5H -> volt_x wins
  P2 Trick  5: volt_x leads AD, tech_twins plays 9D -> volt_x wins
  P2 Trick  6: volt_x leads KD, tech_twins plays 10D -> volt_x wins
  P2 Trick  7: volt_x leads AH, tech_twins plays 6H -> volt_x wins
  P2 Trick  8: volt_x leads QD, tech_twins plays JD -> volt_x wins
  P2 Trick  9: volt_x leads 6C, tech_twins plays 4S -> tech_twins wins
  P2 Trick 10: tech_twins leads KH, volt_x plays JH -> tech_twins wins
  P2 Trick 11: tech_twins leads 7H, volt_x plays QH -> volt_x wins
  P2 Trick 12: volt_x leads 5D, tech_twins plays 8S -> tech_twins wins
  P2 Trick 13: tech_twins leads 8H, volt_x plays 10S -> volt_x wins
  Result: tech_twins 6 - 7 volt_x
  Winner: volt_x

============================================================
Game 30
============================================================
Players: volt_x vs tech_twins
Trump suit: C
Face-up card: QC
volt_x hand: 3C 7C 10C AC 5D 6D 6H 9H 5S 8S 9S 10S AS
tech_twins hand: 8D JD AD 2H 4H JH QH 3S 6S 7S JS QS KS
  P1 Trick  1: volt_x leads AS, tech_twins plays 3S -> volt_x wins
  P1 Trick  2: volt_x leads 5D, tech_twins plays 8D -> tech_twins wins
  P1 Trick  3: tech_twins leads 6S, volt_x plays 5S -> tech_twins wins
  P1 Trick  4: tech_twins leads JS, volt_x plays 8S -> tech_twins wins
  P1 Trick  5: tech_twins leads QS, volt_x plays 9S -> tech_twins wins
  P1 Trick  6: tech_twins leads KS, volt_x plays 10S -> tech_twins wins
  P1 Trick  7: tech_twins leads AD, volt_x plays 6D -> tech_twins wins
  P1 Trick  8: tech_twins leads 2H, volt_x plays 6H -> volt_x wins
  P1 Trick  9: volt_x leads KH, tech_twins plays 3H -> volt_x wins
  P1 Trick 10: volt_x leads 2D, tech_twins plays 3D -> tech_twins wins
  P1 Trick 11: tech_twins leads 9D, volt_x plays 4D -> tech_twins wins
  P1 Trick 12: tech_twins leads 10D, volt_x plays 7D -> tech_twins wins
  P1 Trick 13: tech_twins leads 4H, volt_x plays 5H -> volt_x wins

--- Phase 2 (Scoring) ---
  P2 Trick  1: volt_x leads AH, tech_twins plays 7H -> volt_x wins
  P2 Trick  2: volt_x leads 4S, tech_twins plays 7S -> tech_twins wins
  P2 Trick  3: tech_twins leads 10H, volt_x plays 9H -> tech_twins wins
  P2 Trick  4: tech_twins leads JH, volt_x plays 2C -> volt_x wins
  P2 Trick  5: volt_x leads AC, tech_twins plays 6C -> volt_x wins
  P2 Trick  6: volt_x leads KC, tech_twins plays 8C -> volt_x wins
  P2 Trick  7: volt_x leads QC, tech_twins plays JC -> volt_x wins
  P2 Trick  8: volt_x leads 3C, tech_twins plays 2S -> volt_x wins
  P2 Trick  9: volt_x leads 4C, tech_twins plays 8H -> volt_x wins
  P2 Trick 10: volt_x leads 5C, tech_twins plays QH -> volt_x wins
  P2 Trick 11: volt_x leads 7C, tech_twins plays JD -> volt_x wins
  P2 Trick 12: volt_x leads 9C, tech_twins plays QD -> volt_x wins
  P2 Trick 13: volt_x leads 10C, tech_twins plays KD -> volt_x wins
  Result: volt_x 11 - 2 tech_twins
  Winner: volt_x

============================================================
Game 31
============================================================
Players: tech_twins vs volt_x
Trump suit: S
Face-up card: 2S
tech_twins hand: 10C QC 2D 3D 10D KD 2H 8H JH 3S 5S 8S KS
volt_x hand: 2C 6C JC KC AC 4D 6D JD AD 3H KH 9S AS
  P1 Trick  1: tech_twins leads 3S, volt_x plays 9S -> volt_x wins
  P1 Trick  2: volt_x leads KC, tech_twins plays 3C -> volt_x wins
  P1 Trick  3: volt_x leads 3H, tech_twins plays 2H -> volt_x wins
  P1 Trick  4: volt_x leads 2C, tech_twins plays 10C -> tech_twins wins
  P1 Trick  5: tech_twins leads 2D, volt_x plays 4D -> volt_x wins
  P1 Trick  6: volt_x leads KH, tech_twins plays 6H -> volt_x wins
  P1 Trick  7: volt_x leads 6C, tech_twins plays 7C -> tech_twins wins
  P1 Trick  8: tech_twins leads 5S, volt_x plays 6S -> volt_x wins
  P1 Trick  9: volt_x leads 6D, tech_twins plays 3D -> volt_x wins
  P1 Trick 10: volt_x leads QH, tech_twins plays 5H -> volt_x wins
  P1 Trick 11: volt_x leads AD, tech_twins plays 5D -> volt_x wins
  P1 Trick 12: volt_x leads 7H, tech_twins plays 8H -> tech_twins wins
  P1 Trick 13: tech_twins leads 8S, volt_x plays 2S -> tech_twins wins

--- Phase 2 (Scoring) ---
  P2 Trick  1: tech_twins leads 10H, volt_x plays AH -> volt_x wins
  P2 Trick  2: volt_x leads AC, tech_twins plays 4C -> volt_x wins
  P2 Trick  3: volt_x leads QD, tech_twins plays KD -> tech_twins wins
  P2 Trick  4: tech_twins leads JH, volt_x plays 4H -> tech_twins wins
  P2 Trick  5: tech_twins leads QC, volt_x plays JC -> tech_twins wins
  P2 Trick  6: tech_twins leads 10S, volt_x plays JS -> volt_x wins
  P2 Trick  7: volt_x leads 9H, tech_twins plays QS -> tech_twins wins
  P2 Trick  8: tech_twins leads 5C, volt_x plays 4S -> volt_x wins
  P2 Trick  9: volt_x leads JD, tech_twins plays 8D -> volt_x wins
  P2 Trick 10: volt_x leads 7D, tech_twins plays 10D -> tech_twins wins
  P2 Trick 11: tech_twins leads 8C, volt_x plays 7S -> volt_x wins
  P2 Trick 12: volt_x leads 9D, tech_twins plays KS -> tech_twins wins
  P2 Trick 13: tech_twins leads 9C, volt_x plays AS -> volt_x wins
  Result: tech_twins 6 - 7 volt_x
  Winner: volt_x

============================================================
Game 32
============================================================
Players: volt_x vs tech_twins
Trump suit: D
Face-up card: 7D
volt_x hand: 2C 7C 8C KC 2D 3D 8D 2H 10H JH 2S 6S 7S
tech_twins hand: 10C JC QC AC 6D 5H 6H 9H QH 8S 9S QS KS
  P1 Trick  1: volt_x leads KC, tech_twins plays 10C -> volt_x wins
  P1 Trick  2: volt_x leads 2S, tech_twins plays 8S -> tech_twins wins
  P1 Trick  3: tech_twins leads JC, volt_x plays 2C -> tech_twins wins
  P1 Trick  4: tech_twins leads 3H, volt_x plays 2H -> tech_twins wins
  P1 Trick  5: tech_twins leads 3S, volt_x plays 6S -> volt_x wins
  P1 Trick  6: volt_x leads 7S, tech_twins plays 4S -> volt_x wins
  P1 Trick  7: volt_x leads 5C, tech_twins plays QC -> tech_twins wins
  P1 Trick  8: tech_twins leads 5H, volt_x plays 7H -> volt_x wins
  P1 Trick  9: volt_x leads AH, tech_twins plays 6H -> volt_x wins
  P1 Trick 10: volt_x leads 3C, tech_twins plays AC -> tech_twins wins
  P1 Trick 11: tech_twins leads QS, volt_x plays 4C -> tech_twins wins
  P1 Trick 12: tech_twins leads 9C, volt_x plays 7C -> tech_twins wins
  P1 Trick 13: tech_twins leads KS, volt_x plays 10S -> tech_twins wins

--- Phase 2 (Scoring) ---
  P2 Trick  1: tech_twins leads JS, volt_x plays 2D -> volt_x wins
  P2 Trick  2: volt_x leads KH, tech_twins plays 4H -> volt_x wins
  P2 Trick  3: volt_x leads JH, tech_twins plays QH -> tech_twins wins
  P2 Trick  4: tech_twins leads AS, volt_x plays 3D -> volt_x wins
  P2 Trick  5: volt_x leads 8C, tech_twins plays 6C -> volt_x wins
  P2 Trick  6: volt_x leads 10H, tech_twins plays 8H -> volt_x wins
  P2 Trick  7: volt_x leads AD, tech_twins plays 5D -> volt_x wins
  P2 Trick  8: volt_x leads KD, tech_twins plays 6D -> volt_x wins
  P2 Trick  9: volt_x leads QD, tech_twins plays 10D -> volt_x wins
  P2 Trick 10: volt_x leads 4D, tech_twins plays JD -> tech_twins wins
  P2 Trick 11: tech_twins leads 9H, volt_x plays 7D -> volt_x wins
  P2 Trick 12: volt_x leads 8D, tech_twins plays 5S -> volt_x wins
  P2 Trick 13: volt_x leads 9D, tech_twins plays 9S -> volt_x wins
  Result: volt_x 11 - 2 tech_twins
  Winner: volt_x

============================================================
Game 33
============================================================
Players: tech_twins vs volt_x
Trump suit: H
Face-up card: 9H
tech_twins hand: 4C 7C 9C KC AC KD AD 2H 3H 5H AH 9S QS
volt_x hand: 8C 10C QC 2D 7D 8D JD QD 7H 3S 6S 10S KS
  P1 Trick  1: tech_twins leads KD, volt_x plays 2D -> tech_twins wins
  P1 Trick  2: tech_twins leads 2H, volt_x plays 7H -> volt_x wins
  P1 Trick  3: volt_x leads 3S, tech_twins plays 9S -> tech_twins wins
  P1 Trick  4: tech_twins leads KC, volt_x plays 5C -> tech_twins wins
  P1 Trick  5: tech_twins leads KH, volt_x plays 4H -> tech_twins wins
  P1 Trick  6: tech_twins leads 3C, volt_x plays 8C -> volt_x wins
  P1 Trick  7: volt_x leads 2C, tech_twins plays 4C -> tech_twins wins
  P1 Trick  8: tech_twins leads 3H, volt_x plays QH -> volt_x wins
  P1 Trick  9: volt_x leads KS, tech_twins plays AS -> tech_twins wins
  P1 Trick 10: tech_twins leads JS, volt_x plays 5S -> tech_twins wins
  P1 Trick 11: tech_twins leads QS, volt_x plays 4S -> tech_twins wins
  P1 Trick 12: tech_twins leads AC, volt_x plays 10C -> tech_twins wins
  P1 Trick 13: tech_twins leads AH, volt_x plays 2S -> tech_twins wins

--- Phase 2 (Scoring) ---
  P2 Trick  1: tech_twins leads AD, volt_x plays 3D -> tech_twins wins
  P2 Trick  2: tech_twins leads 5H, volt_x plays 4D -> tech_twins wins
  P2 Trick  3: tech_twins leads 6H, volt_x plays 5D -> tech_twins wins
  P2 Trick  4: tech_twins leads 6C, volt_x plays QC -> volt_x wins
  P2 Trick  5: volt_x leads QD, tech_twins plays 6D -> volt_x wins
  P2 Trick  6: volt_x leads JD, tech_twins plays 10D -> volt_x wins
  P2 Trick  7: volt_x leads 6S, tech_twins plays 8H -> tech_twins wins
  P2 Trick  8: tech_twins leads 7C, volt_x plays 7S -> tech_twins wins
  P2 Trick  9: tech_twins leads 9H, volt_x plays 8S -> tech_twins wins
  P2 Trick 10: tech_twins leads 9C, volt_x plays 10S -> tech_twins wins
  P2 Trick 11: tech_twins leads 10H, volt_x plays 7D -> tech_twins wins
  P2 Trick 12: tech_twins leads JC, volt_x plays 8D -> tech_twins wins
  P2 Trick 13: tech_twins leads JH, volt_x plays 9D -> tech_twins wins
  Result: tech_twins 10 - 3 volt_x
  Winner: tech_twins

============================================================
Game 34
============================================================
Players: volt_x vs tech_twins
Trump suit: H
Face-up card: 3H
volt_x hand: 8C 9C QC AC 2D 7D JD QD AD 6H 10H KH 7S
tech_twins hand: 5C 6C 7C 10D KD 8H JH 4S 5S 8S 9S QS KS
  P1 Trick  1: volt_x leads 2D, tech_twins plays 10D -> tech_twins wins
  P1 Trick  2: tech_twins leads 4S, volt_x plays 7S -> volt_x wins
  P1 Trick  3: volt_x leads QD, tech_twins plays KD -> tech_twins wins
  P1 Trick  4: tech_twins leads 5S, volt_x plays 3S -> tech_twins wins
  P1 Trick  5: tech_twins leads 8S, volt_x plays 4D -> tech_twins wins
  P1 Trick  6: tech_twins leads QS, volt_x plays 6D -> tech_twins wins
  P1 Trick  7: tech_twins leads KS, volt_x plays 4C -> tech_twins wins
  P1 Trick  8: tech_twins leads AS, volt_x plays 3C -> tech_twins wins
  P1 Trick  9: tech_twins leads 3H, volt_x plays 6H -> volt_x wins
  P1 Trick 10: volt_x leads QC, tech_twins plays 5C -> volt_x wins
  P1 Trick 11: volt_x leads 2C, tech_twins plays 6C -> tech_twins wins
  P1 Trick 12: tech_twins leads 9S, volt_x plays 7D -> tech_twins wins
  P1 Trick 13: tech_twins leads 10S, volt_x plays 5H -> volt_x wins

--- Phase 2 (Scoring) ---
  P2 Trick  1: volt_x leads AC, tech_twins plays 7C -> volt_x wins
  P2 Trick  2: volt_x leads AD, tech_twins plays 3D -> volt_x wins
  P2 Trick  3: volt_x leads KC, tech_twins plays JC -> volt_x wins
  P2 Trick  4: volt_x leads JD, tech_twins plays 5D -> volt_x wins
  P2 Trick  5: volt_x leads 8C, tech_twins plays 2H -> tech_twins wins
  P2 Trick  6: tech_twins leads JS, volt_x plays 7H -> volt_x wins
  P2 Trick  7: volt_x leads 9D, tech_twins plays 8D -> volt_x wins
  P2 Trick  8: volt_x leads 9C, tech_twins plays 4H -> tech_twins wins
  P2 Trick  9: tech_twins leads 8H, volt_x plays 9H -> volt_x wins
  P2 Trick 10: volt_x leads 10C, tech_twins plays JH -> tech_twins wins
  P2 Trick 11: tech_twins leads 2S, volt_x plays 10H -> volt_x wins
  P2 Trick 12: volt_x leads AH, tech_twins plays QH -> volt_x wins
  P2 Trick 13: volt_x leads KH, tech_twins plays 6S -> volt_x wins
  Result: volt_x 10 - 3 tech_twins
  Winner: volt_x

============================================================
Game 35
============================================================
Players: tech_twins vs volt_x
Trump suit: C
Face-up card: 5C
tech_twins hand: 2C 3C 8C 10C 6D JD AD 7H 8H 9H 5S JS AS
volt_x hand: 9C KC 2D 3D 4D 5D 3H 6H QH AH 3S 4S 9S
  P1 Trick  1: tech_twins leads 2C, volt_x plays 9C -> volt_x wins
  P1 Trick  2: volt_x leads 2D, tech_twins plays 6D -> tech_twins wins
  P1 Trick  3: tech_twins leads AS, volt_x plays 3S -> tech_twins wins
  P1 Trick  4: tech_twins leads KS, volt_x plays 4S -> tech_twins wins
  P1 Trick  5: tech_twins leads 5H, volt_x plays 3H -> tech_twins wins
  P1 Trick  6: tech_twins leads 2S, volt_x plays 9S -> volt_x wins
  P1 Trick  7: volt_x leads 2H, tech_twins plays 7H -> tech_twins wins
  P1 Trick  8: tech_twins leads 10S, volt_x plays 5C -> volt_x wins
  P1 Trick  9: volt_x leads 3D, tech_twins plays JD -> tech_twins wins
  P1 Trick 10: tech_twins leads JS, volt_x plays 7C -> volt_x wins
  P1 Trick 11: volt_x leads 4D, tech_twins plays KD -> tech_twins wins
  P1 Trick 12: tech_twins leads QS, volt_x plays 5D -> tech_twins wins
  P1 Trick 13: tech_twins leads AD, volt_x plays 8D -> tech_twins wins

--- Phase 2 (Scoring) ---
  P2 Trick  1: tech_twins leads 10D, volt_x plays QD -> volt_x wins
  P2 Trick  2: volt_x leads AH, tech_twins plays 8H -> volt_x wins
  P2 Trick  3: volt_x leads KH, tech_twins plays 9H -> volt_x wins
  P2 Trick  4: volt_x leads QH, tech_twins plays 10H -> volt_x wins
  P2 Trick  5: volt_x leads JH, tech_twins plays 3C -> tech_twins wins
  P2 Trick  6: tech_twins leads 4C, volt_x plays JC -> volt_x wins
  P2 Trick  7: volt_x leads 4H, tech_twins plays 6C -> tech_twins wins
  P2 Trick  8: tech_twins leads 5S, volt_x plays 6S -> volt_x wins
  P2 Trick  9: volt_x leads 6H, tech_twins plays 8C -> tech_twins wins
  P2 Trick 10: tech_twins leads 7S, volt_x plays QC -> volt_x wins
  P2 Trick 11: volt_x leads 9D, tech_twins plays 7D -> volt_x wins
  P2 Trick 12: volt_x leads AC, tech_twins plays 10C -> volt_x wins
  P2 Trick 13: volt_x leads KC, tech_twins plays 8S -> volt_x wins
  Result: tech_twins 3 - 10 volt_x
  Winner: volt_x

============================================================
Game 36
============================================================
Players: volt_x vs tech_twins
Trump suit: H
Face-up card: 7H
volt_x hand: 2C 5C 7C 9C JC QC JD 8H 9H 6S 8S 9S JS
tech_twins hand: 3C 4C 10C 4D 5D 9D AD 4H QH KH AH 2S QS
  P1 Trick  1: volt_x leads QC, tech_twins plays 3C -> volt_x wins
  P1 Trick  2: volt_x leads 2C, tech_twins plays 4C -> tech_twins wins
  P1 Trick  3: tech_twins leads QH, volt_x plays 7H -> tech_twins wins
  P1 Trick  4: tech_twins leads KH, volt_x plays 8H -> tech_twins wins
  P1 Trick  5: tech_twins leads 4D, volt_x plays 8D -> volt_x wins
  P1 Trick  6: volt_x leads AC, tech_twins plays 10C -> volt_x wins
  P1 Trick  7: volt_x leads JS, tech_twins plays QS -> tech_twins wins
  P1 Trick  8: tech_twins leads 10H, volt_x plays 9H -> tech_twins wins
  P1 Trick  9: tech_twins leads AD, volt_x plays 2D -> tech_twins wins
  P1 Trick 10: tech_twins leads QD, volt_x plays 3D -> tech_twins wins
  P1 Trick 11: tech_twins leads 5D, volt_x plays JD -> volt_x wins
  P1 Trick 12: volt_x leads JC, tech_twins plays 8C -> volt_x wins
  P1 Trick 13: volt_x leads 4S, tech_twins plays 2S -> volt_x wins

--- Phase 2 (Scoring) ---
  P2 Trick  1: volt_x leads KC, tech_twins plays 4H -> tech_twins wins
  P2 Trick  2: tech_twins leads 10S, volt_x plays 5S -> tech_twins wins
  P2 Trick  3: tech_twins leads KD, volt_x plays 2H -> volt_x wins
  P2 Trick  4: volt_x leads 5C, tech_twins plays 5H -> tech_twins wins
  P2 Trick  5: tech_twins leads KS, volt_x plays 6S -> tech_twins wins
  P2 Trick  6: tech_twins leads AH, volt_x plays 3H -> tech_twins wins
  P2 Trick  7: tech_twins leads AS, volt_x plays 7S -> tech_twins wins
  P2 Trick  8: tech_twins leads 6D, volt_x plays JH -> volt_x wins
  P2 Trick  9: volt_x leads 6C, tech_twins plays 6H -> tech_twins wins
  P2 Trick 10: tech_twins leads 7D, volt_x plays 7C -> tech_twins wins
  P2 Trick 11: tech_twins leads 9D, volt_x plays 9C -> tech_twins wins
  P2 Trick 12: tech_twins leads 10D, volt_x plays 8S -> tech_twins wins
  P2 Trick 13: tech_twins leads 3S, volt_x plays 9S -> volt_x wins
  Result: volt_x 3 - 10 tech_twins
  Winner: tech_twins

============================================================
Game 37
============================================================
Players: tech_twins vs volt_x
Trump suit: D
Face-up card: 6D
tech_twins hand: 4C 5C QC 8D 9D JD QD 5H 6H 7H 9H 9S AS
volt_x hand: 2C 9C JC 3D 5D KD AD 2H 4H 8H AH 4S 7S
  P1 Trick  1: tech_twins leads AS, volt_x plays 4S -> tech_twins wins
  P1 Trick  2: tech_twins leads QD, volt_x plays 3D -> tech_twins wins
  P1 Trick  3: tech_twins leads 4C, volt_x plays 2C -> tech_twins wins
  P1 Trick  4: tech_twins leads 3H, volt_x plays 4H -> volt_x wins
  P1 Trick  5: volt_x leads 2H, tech_twins plays 5H -> tech_twins wins
  P1 Trick  6: tech_twins leads 6D, volt_x plays 5D -> tech_twins wins
  P1 Trick  7: tech_twins leads 2D, volt_x plays KD -> volt_x wins
  P1 Trick  8: volt_x leads 3C, tech_twins plays 5C -> tech_twins wins
  P1 Trick  9: tech_twins leads 7D, volt_x plays AD -> volt_x wins
  P1 Trick 10: volt_x leads 3S, tech_twins plays 2S -> volt_x wins
  P1 Trick 11: volt_x leads 5S, tech_twins plays 8S -> tech_twins wins
  P1 Trick 12: tech_twins leads AC, volt_x plays 6C -> tech_twins wins
  P1 Trick 13: tech_twins leads JH, volt_x plays KH -> volt_x wins

--- Phase 2 (Scoring) ---
  P2 Trick  1: volt_x leads KS, tech_twins plays 9S -> volt_x wins
  P2 Trick  2: volt_x leads AH, tech_twins plays 6H -> volt_x wins
  P2 Trick  3: volt_x leads QS, tech_twins plays 10S -> volt_x wins
  P2 Trick  4: volt_x leads KC, tech_twins plays 7C -> volt_x wins
  P2 Trick  5: volt_x leads QH, tech_twins plays 7H -> volt_x wins
  P2 Trick  6: volt_x leads JS, tech_twins plays 8D -> tech_twins wins
  P2 Trick  7: tech_twins leads QC, volt_x plays 8C -> tech_twins wins
  P2 Trick  8: tech_twins leads 9D, volt_x plays 4D -> tech_twins wins
  P2 Trick  9: tech_twins leads 9H, volt_x plays 8H -> tech_twins wins
  P2 Trick 10: tech_twins leads 10D, volt_x plays 6S -> tech_twins wins
  P2 Trick 11: tech_twins leads JD, volt_x plays 7S -> tech_twins wins
  P2 Trick 12: tech_twins leads 10C, volt_x plays JC -> volt_x wins
  P2 Trick 13: volt_x leads 9C, tech_twins plays 10H -> volt_x wins
  Result: tech_twins 6 - 7 volt_x
  Winner: volt_x

============================================================
Game 38
============================================================
Players: volt_x vs tech_twins
Trump suit: D
Face-up card: 8D
volt_x hand: 4C 10C 2D 4D QD 3H 10H KH 3S 4S 6S JS QS
tech_twins hand: 8C JC KC 5D 7D 9D AD 9H QH AH 5S 7S AS
  P1 Trick  1: volt_x leads KH, tech_twins plays AH -> tech_twins wins
  P1 Trick  2: tech_twins leads 5D, volt_x plays 2D -> tech_twins wins
  P1 Trick  3: tech_twins leads 5C, volt_x plays 4C -> tech_twins wins
  P1 Trick  4: tech_twins leads 7D, volt_x plays 4D -> tech_twins wins
  P1 Trick  5: tech_twins leads 3D, volt_x plays QD -> volt_x wins
  P1 Trick  6: volt_x leads QS, tech_twins plays AS -> tech_twins wins
  P1 Trick  7: tech_twins leads QH, volt_x plays 3H -> tech_twins wins
  P1 Trick  8: tech_twins leads AD, volt_x plays 2S -> tech_twins wins
  P1 Trick  9: tech_twins leads KC, volt_x plays AC -> volt_x wins
  P1 Trick 10: volt_x leads 3S, tech_twins plays 5S -> tech_twins wins
  P1 Trick 11: tech_twins leads 8D, volt_x plays 6D -> tech_twins wins
  P1 Trick 12: tech_twins leads JC, volt_x plays QC -> volt_x wins
  P1 Trick 13: volt_x leads 3C, tech_twins plays 2C -> volt_x wins

--- Phase 2 (Scoring) ---
  P2 Trick  1: volt_x leads 10C, tech_twins plays 8C -> volt_x wins
  P2 Trick  2: volt_x leads JH, tech_twins plays 2H -> volt_x wins
  P2 Trick  3: volt_x leads JS, tech_twins plays KS -> tech_twins wins
  P2 Trick  4: tech_twins leads 7S, volt_x plays 4S -> tech_twins wins
  P2 Trick  5: tech_twins leads 8S, volt_x plays 6S -> tech_twins wins
  P2 Trick  6: tech_twins leads 9S, volt_x plays KD -> volt_x wins
  P2 Trick  7: volt_x leads 4H, tech_twins plays 5H -> tech_twins wins
  P2 Trick  8: tech_twins leads 10S, volt_x plays 6C -> tech_twins wins
  P2 Trick  9: tech_twins leads 9D, volt_x plays 7C -> tech_twins wins
  P2 Trick 10: tech_twins leads 10D, volt_x plays 6H -> tech_twins wins
  P2 Trick 11: tech_twins leads 9H, volt_x plays 10H -> volt_x wins
  P2 Trick 12: volt_x leads 7H, tech_twins plays JD -> tech_twins wins
  P2 Trick 13: tech_twins leads 9C, volt_x plays 8H -> tech_twins wins
  Result: volt_x 4 - 9 tech_twins
  Winner: tech_twins

============================================================
Game 39
============================================================
Players: tech_twins vs volt_x
Trump suit: C
Face-up card: QC
tech_twins hand: 3C 5C KC AC 7D JD QD KD 5H 9H QH 3S 8S
volt_x hand: 4C JC 2D 6D 10D AD 2H 7H 7S 9S 10S QS AS
  P1 Trick  1: tech_twins leads KC, volt_x plays 4C -> tech_twins wins
  P1 Trick  2: tech_twins leads QC, volt_x plays JC -> tech_twins wins
  P1 Trick  3: tech_twins leads AC, volt_x plays 6C -> tech_twins wins
  P1 Trick  4: tech_twins leads KH, volt_x plays 2H -> tech_twins wins
  P1 Trick  5: tech_twins leads 5H, volt_x plays 7H -> volt_x wins
  P1 Trick  6: volt_x leads 3H, tech_twins plays 6H -> tech_twins wins
  P1 Trick  7: tech_twins leads 3D, volt_x plays 4D -> volt_x wins
  P1 Trick  8: volt_x leads 2D, tech_twins plays 7D -> tech_twins wins
  P1 Trick  9: tech_twins leads 3C, volt_x plays 2C -> tech_twins wins
  P1 Trick 10: tech_twins leads 5C, volt_x plays 4S -> tech_twins wins
  P1 Trick 11: tech_twins leads 3S, volt_x plays 6S -> volt_x wins
  P1 Trick 12: volt_x leads 5D, tech_twins plays JD -> tech_twins wins
  P1 Trick 13: tech_twins leads 8H, volt_x plays AH -> volt_x wins

--- Phase 2 (Scoring) ---
  P2 Trick  1: volt_x leads AS, tech_twins plays 5S -> volt_x wins
  P2 Trick  2: volt_x leads KS, tech_twins plays 8S -> volt_x wins
  P2 Trick  3: volt_x leads AD, tech_twins plays QD -> volt_x wins
  P2 Trick  4: volt_x leads QS, tech_twins plays JS -> volt_x wins
  P2 Trick  5: volt_x leads 2S, tech_twins plays 7C -> tech_twins wins
  P2 Trick  6: tech_twins leads KD, volt_x plays 6D -> tech_twins wins
  P2 Trick  7: tech_twins leads 4H, volt_x plays 8C -> volt_x wins
  P2 Trick  8: volt_x leads 7S, tech_twins plays 9C -> tech_twins wins
  P2 Trick  9: tech_twins leads 9H, volt_x plays 8D -> tech_twins wins
  P2 Trick 10: tech_twins leads 10H, volt_x plays 9D -> tech_twins wins
  P2 Trick 11: tech_twins leads JH, volt_x plays 10D -> tech_twins wins
  P2 Trick 12: tech_twins leads QH, volt_x plays 9S -> tech_twins wins
  P2 Trick 13: tech_twins leads 10C, volt_x plays 10S -> tech_twins wins
  Result: tech_twins 8 - 5 volt_x
  Winner: tech_twins

============================================================
Game 40
============================================================
Players: volt_x vs tech_twins
Trump suit: D
Face-up card: 10D
volt_x hand: 6C 7C 8C 9C QC 4D 7D JD JH QH KH 8S AS
tech_twins hand: 10C KC 2D 3D QD 2H 5H 6H 9H 4S 7S 9S 10S
  P1 Trick  1: volt_x leads KH, tech_twins plays 2H -> volt_x wins
  P1 Trick  2: volt_x leads 6C, tech_twins plays 10C -> tech_twins wins
  P1 Trick  3: tech_twins leads 4S, volt_x plays 8S -> volt_x wins
  P1 Trick  4: volt_x leads 5C, tech_twins plays 3C -> volt_x wins
  P1 Trick  5: volt_x leads 4H, tech_twins plays 5H -> tech_twins wins
  P1 Trick  6: tech_twins leads QD, volt_x plays AD -> volt_x wins
  P1 Trick  7: volt_x leads 7C, tech_twins plays KC -> tech_twins wins
  P1 Trick  8: tech_twins leads 3S, volt_x plays JS -> volt_x wins
  P1 Trick  9: volt_x leads 2S, tech_twins plays 5S -> tech_twins wins
  P1 Trick 10: tech_twins leads 7S, volt_x plays AS -> volt_x wins
  P1 Trick 11: volt_x leads 3H, tech_twins plays 6H -> tech_twins wins
  P1 Trick 12: tech_twins leads KS, volt_x plays 8C -> tech_twins wins
  P1 Trick 13: tech_twins leads 6S, volt_x plays 8H -> tech_twins wins

--- Phase 2 (Scoring) ---
  P2 Trick  1: tech_twins leads 2D, volt_x plays 4D -> volt_x wins
  P2 Trick  2: volt_x leads AH, tech_twins plays 7H -> volt_x wins
  P2 Trick  3: volt_x leads QH, tech_twins plays 9H -> volt_x wins
  P2 Trick  4: volt_x leads AC, tech_twins plays 2C -> volt_x wins
  P2 Trick  5: volt_x leads JH, tech_twins plays 10H -> volt_x wins
  P2 Trick  6: volt_x leads QC, tech_twins plays 4C -> volt_x wins
  P2 Trick  7: volt_x leads 9C, tech_twins plays JC -> tech_twins wins
  P2 Trick  8: tech_twins leads 9S, volt_x plays 6D -> volt_x wins
  P2 Trick  9: volt_x leads KD, tech_twins plays 3D -> volt_x wins
  P2 Trick 10: volt_x leads JD, tech_twins plays 5D -> volt_x wins
  P2 Trick 11: volt_x leads 10D, tech_twins plays 8D -> volt_x wins
  P2 Trick 12: volt_x leads 9D, tech_twins plays 10S -> volt_x wins
  P2 Trick 13: volt_x leads 7D, tech_twins plays QS -> volt_x wins
  Result: volt_x 12 - 1 tech_twins
  Winner: volt_x

============================================================
Game 41
============================================================
Players: tech_twins vs volt_x
Trump suit: H
Face-up card: AH
tech_twins hand: 6C 9C KC 8D KD 2H 7H 8H 10H 3S 6S 9S 10S
volt_x hand: 2C 4C 7C JC QC 4D 4H 6H JH KH 4S JS KS
  P1 Trick  1: tech_twins leads 10S, volt_x plays JS -> volt_x wins
  P1 Trick  2: volt_x leads 4D, tech_twins plays 6D -> tech_twins wins
  P1 Trick  3: tech_twins leads 2H, volt_x plays 4H -> volt_x wins
  P1 Trick  4: volt_x leads 2C, tech_twins plays 6C -> tech_twins wins
  P1 Trick  5: tech_twins leads 3S, volt_x plays 4S -> volt_x wins
  P1 Trick  6: volt_x leads 2D, tech_twins plays 8D -> tech_twins wins
  P1 Trick  7: tech_twins leads 2S, volt_x plays KS -> volt_x wins
  P1 Trick  8: volt_x leads 4C, tech_twins plays 3C -> volt_x wins
  P1 Trick  9: volt_x leads 5S, tech_twins plays 6S -> tech_twins wins
  P1 Trick 10: tech_twins leads 7H, volt_x plays 5H -> tech_twins wins
  P1 Trick 11: tech_twins leads KD, volt_x plays 7D -> tech_twins wins
  P1 Trick 12: tech_twins leads 3D, volt_x plays 9D -> volt_x wins
  P1 Trick 13: volt_x leads 5C, tech_twins plays 8C -> tech_twins wins

--- Phase 2 (Scoring) ---
  P2 Trick  1: tech_twins leads KC, volt_x plays 7C -> tech_twins wins
  P2 Trick  2: tech_twins leads AD, volt_x plays JD -> tech_twins wins
  P2 Trick  3: tech_twins leads AC, volt_x plays 10C -> tech_twins wins
  P2 Trick  4: tech_twins leads 3H, volt_x plays 6H -> volt_x wins
  P2 Trick  5: volt_x leads AS, tech_twins plays 7S -> volt_x wins
  P2 Trick  6: volt_x leads QC, tech_twins plays 9C -> volt_x wins
  P2 Trick  7: volt_x leads QD, tech_twins plays 5D -> volt_x wins
  P2 Trick  8: volt_x leads QS, tech_twins plays 8S -> volt_x wins
  P2 Trick  9: volt_x leads JC, tech_twins plays 8H -> tech_twins wins
  P2 Trick 10: tech_twins leads 9H, volt_x plays JH -> volt_x wins
  P2 Trick 11: volt_x leads AH, tech_twins plays 10H -> volt_x wins
  P2 Trick 12: volt_x leads KH, tech_twins plays 9S -> volt_x wins
  P2 Trick 13: volt_x leads QH, tech_twins plays 10D -> volt_x wins
  Result: tech_twins 4 - 9 volt_x
  Winner: volt_x

============================================================
Game 42
============================================================
Players: volt_x vs tech_twins
Trump suit: H
Face-up card: 4H
volt_x hand: 4C 9C 10C JC AC 4D 8D AD 3H 10H QH 6S 8S
tech_twins hand: 2C 5C KC 5D 9D QD 6H 9H 2S 3S 4S QS AS
  P1 Trick  1: volt_x leads 4D, tech_twins plays 5D -> tech_twins wins
  P1 Trick  2: tech_twins leads 2S, volt_x plays 6S -> volt_x wins
  P1 Trick  3: volt_x leads 2D, tech_twins plays 9D -> tech_twins wins
  P1 Trick  4: tech_twins leads AS, volt_x plays 8S -> tech_twins wins
  P1 Trick  5: tech_twins leads 4H, volt_x plays 3H -> tech_twins wins
  P1 Trick  6: tech_twins leads 9H, volt_x plays 10H -> volt_x wins
  P1 Trick  7: volt_x leads 4C, tech_twins plays 5C -> tech_twins wins
  P1 Trick  8: tech_twins leads 3D, volt_x plays 8D -> volt_x wins
  P1 Trick  9: volt_x leads 6C, tech_twins plays 2C -> volt_x wins
  P1 Trick 10: volt_x leads AC, tech_twins plays 3C -> volt_x wins
  P1 Trick 11: volt_x leads 5S, tech_twins plays 3S -> volt_x wins
  P1 Trick 12: volt_x leads 7D, tech_twins plays 6D -> volt_x wins
  P1 Trick 13: volt_x leads KS, tech_twins plays 4S -> volt_x wins

--- Phase 2 (Scoring) ---
  P2 Trick  1: volt_x leads AD, tech_twins plays JD -> volt_x wins
  P2 Trick  2: volt_x leads QC, tech_twins plays KC -> tech_twins wins
  P2 Trick  3: tech_twins leads JS, volt_x plays 9S -> tech_twins wins
  P2 Trick  4: tech_twins leads QS, volt_x plays 10S -> tech_twins wins
  P2 Trick  5: tech_twins leads QD, volt_x plays 10D -> tech_twins wins
  P2 Trick  6: tech_twins leads KD, volt_x plays 7H -> volt_x wins
  P2 Trick  7: volt_x leads JC, tech_twins plays 8C -> volt_x wins
  P2 Trick  8: volt_x leads 7C, tech_twins plays 2H -> tech_twins wins
  P2 Trick  9: tech_twins leads AH, volt_x plays 8H -> tech_twins wins
  P2 Trick 10: tech_twins leads 5H, volt_x plays QH -> volt_x wins
  P2 Trick 11: volt_x leads 9C, tech_twins plays 6H -> tech_twins wins
  P2 Trick 12: tech_twins leads JH, volt_x plays KH -> volt_x wins
  P2 Trick 13: volt_x leads 10C, tech_twins plays 7S -> volt_x wins
  Result: volt_x 6 - 7 tech_twins
  Winner: tech_twins

============================================================
Game 43
============================================================
Players: tech_twins vs volt_x
Trump suit: H
Face-up card: 9H
tech_twins hand: 3C 6C 10C JC QC AC 2D 4D AD 6H 10H QH 6S
volt_x hand: 4C 5D 6D 10D JD 5H 7H 8H KH 3S 4S 5S QS
  P1 Trick  1: tech_twins leads AC, volt_x plays 4C -> tech_twins wins
  P1 Trick  2: tech_twins leads AD, volt_x plays 5D -> tech_twins wins
  P1 Trick  3: tech_twins leads 3C, volt_x plays 7C -> volt_x wins
  P1 Trick  4: volt_x leads 3S, tech_twins plays 6S -> tech_twins wins
  P1 Trick  5: tech_twins leads 6C, volt_x plays 5H -> volt_x wins
  P1 Trick  6: volt_x leads 4S, tech_twins plays 10S -> tech_twins wins
  P1 Trick  7: tech_twins leads 8C, volt_x plays 5S -> tech_twins wins
  P1 Trick  8: tech_twins leads 9C, volt_x plays 2C -> tech_twins wins
  P1 Trick  9: tech_twins leads 5C, volt_x plays 3H -> volt_x wins
  P1 Trick 10: volt_x leads 2S, tech_twins plays 8S -> tech_twins wins
  P1 Trick 11: tech_twins leads 10C, volt_x plays 4H -> volt_x wins
  P1 Trick 12: volt_x leads 6D, tech_twins plays 8D -> tech_twins wins
  P1 Trick 13: tech_twins leads JC, volt_x plays 3D -> tech_twins wins

--- Phase 2 (Scoring) ---
  P2 Trick  1: tech_twins leads QC, volt_x plays 7H -> volt_x wins
  P2 Trick  2: volt_x leads AS, tech_twins plays JS -> volt_x wins
  P2 Trick  3: volt_x leads KS, tech_twins plays 2H -> tech_twins wins
  P2 Trick  4: tech_twins leads KC, volt_x plays 8H -> volt_x wins
  P2 Trick  5: volt_x leads QS, tech_twins plays 6H -> tech_twins wins
  P2 Trick  6: tech_twins leads KD, volt_x plays 10D -> tech_twins wins
  P2 Trick  7: tech_twins leads 2D, volt_x plays JD -> volt_x wins
  P2 Trick  8: volt_x leads QD, tech_twins plays 4D -> volt_x wins
  P2 Trick  9: volt_x leads 7S, tech_twins plays 9H -> tech_twins wins
  P2 Trick 10: tech_twins leads 10H, volt_x plays JH -> volt_x wins
  P2 Trick 11: volt_x leads 9S, tech_twins plays QH -> tech_twins wins
  P2 Trick 12: tech_twins leads 7D, volt_x plays KH -> volt_x wins
  P2 Trick 13: volt_x leads AH, tech_twins plays 9D -> volt_x wins
  Result: tech_twins 5 - 8 volt_x
  Winner: volt_x

============================================================
Game 44
============================================================
Players: volt_x vs tech_twins
Trump suit: D
Face-up card: 2D
volt_x hand: 6C 8C JC AC 3D 7D 8D 6H 10H 2S 6S 7S KS
tech_twins hand: 2C 3C 9C 10C 9D QD KD AD 5H 9H AH 3S 9S
  P1 Trick  1: volt_x leads 2S, tech_twins plays 3S -> tech_twins wins
  P1 Trick  2: tech_twins leads QD, volt_x plays 3D -> tech_twins wins
  P1 Trick  3: tech_twins leads KD, volt_x plays 7D -> tech_twins wins
  P1 Trick  4: tech_twins leads KH, volt_x plays 3H -> tech_twins wins
  P1 Trick  5: tech_twins leads AH, volt_x plays 2H -> tech_twins wins
  P1 Trick  6: tech_twins leads JD, volt_x plays 6D -> tech_twins wins
  P1 Trick  7: tech_twins leads AD, volt_x plays 8D -> tech_twins wins
  P1 Trick  8: tech_twins leads AS, volt_x plays 6S -> tech_twins wins
  P1 Trick  9: tech_twins leads 2C, volt_x plays 4C -> volt_x wins
  P1 Trick 10: volt_x leads KS, tech_twins plays 8S -> volt_x wins
  P1 Trick 11: volt_x leads 4H, tech_twins plays 5H -> tech_twins wins
  P1 Trick 12: tech_twins leads 3C, volt_x plays 5C -> volt_x wins
  P1 Trick 13: volt_x leads 6H, tech_twins plays 8H -> tech_twins wins

--- Phase 2 (Scoring) ---
  P2 Trick  1: tech_twins leads 9D, volt_x plays 4D -> tech_twins wins
  P2 Trick  2: tech_twins leads 10D, volt_x plays 5D -> tech_twins wins
  P2 Trick  3: tech_twins leads JH, volt_x plays 10H -> tech_twins wins
  P2 Trick  4: tech_twins leads QS, volt_x plays 5S -> tech_twins wins
  P2 Trick  5: tech_twins leads QH, volt_x plays 6C -> tech_twins wins
  P2 Trick  6: tech_twins leads 7C, volt_x plays 8C -> volt_x wins
  P2 Trick  7: volt_x leads AC, tech_twins plays 9C -> volt_x wins
  P2 Trick  8: volt_x leads KC, tech_twins plays 10C -> volt_x wins
  P2 Trick  9: volt_x leads QC, tech_twins plays 2D -> tech_twins wins
  P2 Trick 10: tech_twins leads 4S, volt_x plays 7S -> volt_x wins
  P2 Trick 11: volt_x leads JS, tech_twins plays 9S -> volt_x wins
  P2 Trick 12: volt_x leads JC, tech_twins plays 7H -> volt_x wins
  P2 Trick 13: volt_x leads 10S, tech_twins plays 9H -> volt_x wins
  Result: volt_x 7 - 6 tech_twins
  Winner: volt_x

============================================================
Game 45
============================================================
Players: tech_twins vs volt_x
Trump suit: S
Face-up card: QS
tech_twins hand: 6C 8C 9C 10C 10D JD QD 4H 5H 6H 10H KH 3S
volt_x hand: 2C 3C QC KC 3D 4D 5D 8D 9D KD 9H 5S 8S
  P1 Trick  1: tech_twins leads KH, volt_x plays 9H -> tech_twins wins
  P1 Trick  2: tech_twins leads 4H, volt_x plays AH -> volt_x wins
  P1 Trick  3: volt_x leads KD, tech_twins plays 10D -> volt_x wins
  P1 Trick  4: volt_x leads KC, tech_twins plays 6C -> volt_x wins
  P1 Trick  5: volt_x leads QC, tech_twins plays 8C -> volt_x wins
  P1 Trick  6: volt_x leads AD, tech_twins plays 7D -> volt_x wins
  P1 Trick  7: volt_x leads 2C, tech_twins plays 9C -> tech_twins wins
  P1 Trick  8: tech_twins leads 2S, volt_x plays 5S -> volt_x wins
  P1 Trick  9: volt_x leads 2H, tech_twins plays 5H -> tech_twins wins
  P1 Trick 10: tech_twins leads 3S, volt_x plays 7S -> volt_x wins
  P1 Trick 11: volt_x leads 3C, tech_twins plays 5C -> tech_twins wins
  P1 Trick 12: tech_twins leads JD, volt_x plays 3D -> tech_twins wins
  P1 Trick 13: tech_twins leads QD, volt_x plays 4D -> tech_twins wins

--- Phase 2 (Scoring) ---
  P2 Trick  1: tech_twins leads QS, volt_x plays KS -> volt_x wins
  P2 Trick  2: volt_x leads AC, tech_twins plays 10C -> volt_x wins
  P2 Trick  3: volt_x leads JC, tech_twins plays 4S -> tech_twins wins
  P2 Trick  4: tech_twins leads AS, volt_x plays 8S -> tech_twins wins
  P2 Trick  5: tech_twins leads 6H, volt_x plays 7H -> volt_x wins
  P2 Trick  6: volt_x leads 5D, tech_twins plays 2D -> volt_x wins
  P2 Trick  7: volt_x leads 6D, tech_twins plays 6S -> tech_twins wins
  P2 Trick  8: tech_twins leads 8H, volt_x plays 3H -> tech_twins wins
  P2 Trick  9: tech_twins leads 10H, volt_x plays JS -> volt_x wins
  P2 Trick 10: volt_x leads 4C, tech_twins plays 9S -> tech_twins wins
  P2 Trick 11: tech_twins leads JH, volt_x plays 7C -> tech_twins wins
  P2 Trick 12: tech_twins leads QH, volt_x plays 8D -> tech_twins wins
  P2 Trick 13: tech_twins leads 10S, volt_x plays 9D -> tech_twins wins
  Result: tech_twins 8 - 5 volt_x
  Winner: tech_twins

============================================================
Game 46
============================================================
Players: volt_x vs tech_twins
Trump suit: C
Face-up card: 3C
volt_x hand: 6C 9C JC AC 3D 4D AD 4H 7H KH 5S QS AS
tech_twins hand: 2C 4C 10C 5D 8D 10D KD 6H 8H 9H 2S 7S JS
  P1 Trick  1: volt_x leads 3D, tech_twins plays 5D -> tech_twins wins
  P1 Trick  2: tech_twins leads 2C, volt_x plays 6C -> volt_x wins
  P1 Trick  3: volt_x leads 4D, tech_twins plays 7D -> tech_twins wins
  P1 Trick  4: tech_twins leads 9H, volt_x plays 4H -> tech_twins wins
  P1 Trick  5: tech_twins leads 8D, volt_x plays AD -> volt_x wins
  P1 Trick  6: volt_x leads 4S, tech_twins plays 2S -> volt_x wins
  P1 Trick  7: volt_x leads KH, tech_twins plays 2H -> volt_x wins
  P1 Trick  8: volt_x leads 6D, tech_twins plays 10D -> tech_twins wins
  P1 Trick  9: tech_twins leads 3C, volt_x plays 5C -> volt_x wins
  P1 Trick 10: volt_x leads 2D, tech_twins plays JD -> tech_twins wins
  P1 Trick 11: tech_twins leads AH, volt_x plays 7H -> tech_twins wins
  P1 Trick 12: tech_twins leads 10H, volt_x plays JH -> volt_x wins
  P1 Trick 13: volt_x leads 3S, tech_twins plays 6S -> tech_twins wins

--- Phase 2 (Scoring) ---
  P2 Trick  1: tech_twins leads 3H, volt_x plays QH -> volt_x wins
  P2 Trick  2: volt_x leads AS, tech_twins plays 7S -> volt_x wins
  P2 Trick  3: volt_x leads KS, tech_twins plays 9S -> volt_x wins
  P2 Trick  4: volt_x leads QS, tech_twins plays 10S -> volt_x wins
  P2 Trick  5: volt_x leads QD, tech_twins plays KD -> tech_twins wins
  P2 Trick  6: tech_twins leads JS, volt_x plays 5S -> tech_twins wins
  P2 Trick  7: tech_twins leads 4C, volt_x plays 7C -> volt_x wins
  P2 Trick  8: volt_x leads 8S, tech_twins plays 8C -> tech_twins wins
  P2 Trick  9: tech_twins leads 5H, volt_x plays 9C -> volt_x wins
  P2 Trick 10: volt_x leads 9D, tech_twins plays 10C -> tech_twins wins
  P2 Trick 11: tech_twins leads 6H, volt_x plays JC -> volt_x wins
  P2 Trick 12: volt_x leads AC, tech_twins plays KC -> volt_x wins
  P2 Trick 13: volt_x leads QC, tech_twins plays 8H -> volt_x wins
  Result: volt_x 9 - 4 tech_twins
  Winner: volt_x

============================================================
Game 47
============================================================
Players: tech_twins vs volt_x
Trump suit: C
Face-up card: 4C
tech_twins hand: 7C 9C 10C KC 2D 9D 6H KH AH 3S 4S 8S 10S
volt_x hand: 4D 10D KD 3H 4H 5H 8H 9H 2S 7S 9S JS KS
  P1 Trick  1: tech_twins leads 7C, volt_x plays 2S -> tech_twins wins
  P1 Trick  2: tech_twins leads 3S, volt_x plays 7S -> volt_x wins
  P1 Trick  3: volt_x leads KD, tech_twins plays 2D -> volt_x wins
  P1 Trick  4: volt_x leads 3H, tech_twins plays 6H -> tech_twins wins
  P1 Trick  5: tech_twins leads 4C, volt_x plays 2C -> tech_twins wins
  P1 Trick  6: tech_twins leads KH, volt_x plays 4H -> tech_twins wins
  P1 Trick  7: tech_twins leads 5C, volt_x plays AC -> volt_x wins
  P1 Trick  8: volt_x leads 2H, tech_twins plays JH -> tech_twins wins
  P1 Trick  9: tech_twins leads AH, volt_x plays 5H -> tech_twins wins
  P1 Trick 10: tech_twins leads JD, volt_x plays QD -> volt_x wins
  P1 Trick 11: volt_x leads 3D, tech_twins plays 5D -> tech_twins wins
  P1 Trick 12: tech_twins leads 10H, volt_x plays 8H -> tech_twins wins
  P1 Trick 13: tech_twins leads QH, volt_x plays 9H -> tech_twins wins

--- Phase 2 (Scoring) ---
  P2 Trick  1: tech_twins leads 6C, volt_x plays JC -> volt_x wins
  P2 Trick  2: volt_x leads AS, tech_twins plays 4S -> volt_x wins
  P2 Trick  3: volt_x leads KS, tech_twins plays 6S -> volt_x wins
  P2 Trick  4: volt_x leads AD, tech_twins plays 6D -> volt_x wins
  P2 Trick  5: volt_x leads QS, tech_twins plays 8S -> volt_x wins
  P2 Trick  6: volt_x leads JS, tech_twins plays 10S -> volt_x wins
  P2 Trick  7: volt_x leads 10D, tech_twins plays 8D -> volt_x wins
  P2 Trick  8: volt_x leads 4D, tech_twins plays 9D -> tech_twins wins
  P2 Trick  9: tech_twins leads 8C, volt_x plays QC -> volt_x wins
  P2 Trick 10: volt_x leads 5S, tech_twins plays 9C -> tech_twins wins
  P2 Trick 11: tech_twins leads 10C, volt_x plays 3C -> tech_twins wins
  P2 Trick 12: tech_twins leads KC, volt_x plays 7D -> tech_twins wins
  P2 Trick 13: tech_twins leads 7H, volt_x plays 9S -> tech_twins wins
  Result: tech_twins 5 - 8 volt_x
  Winner: volt_x

============================================================
Game 48
============================================================
Players: volt_x vs tech_twins
Trump suit: H
Face-up card: 10H
volt_x hand: 4C 5C 7C KC KD 2H 5H QH 3S 5S 7S QS AS
tech_twins hand: 2C 3C 10C 4D 9D 10D 4H 7H 9H KH 9S 10S KS
  P1 Trick  1: volt_x leads KC, tech_twins plays 2C -> volt_x wins
  P1 Trick  2: volt_x leads 3S, tech_twins plays 9S -> tech_twins wins
  P1 Trick  3: tech_twins leads KH, volt_x plays 2H -> tech_twins wins
  P1 Trick  4: tech_twins leads 10D, volt_x plays JD -> volt_x wins
  P1 Trick  5: volt_x leads KD, tech_twins plays 3D -> volt_x wins
  P1 Trick  6: volt_x leads QS, tech_twins plays KS -> tech_twins wins
  P1 Trick  7: tech_twins leads AC, volt_x plays 4C -> tech_twins wins
  P1 Trick  8: tech_twins leads 3C, volt_x plays 5C -> volt_x wins
  P1 Trick  9: volt_x leads 2D, tech_twins plays 4D -> tech_twins wins
  P1 Trick 10: tech_twins leads 6C, volt_x plays 7C -> volt_x wins
  P1 Trick 11: volt_x leads 5D, tech_twins plays 6D -> tech_twins wins
  P1 Trick 12: tech_twins leads 9C, volt_x plays 5H -> volt_x wins
  P1 Trick 13: volt_x leads 4S, tech_twins plays 2S -> volt_x wins

--- Phase 2 (Scoring) ---
  P2 Trick  1: volt_x leads AS, tech_twins plays 10S -> volt_x wins
  P2 Trick  2: volt_x leads AD, tech_twins plays 7D -> volt_x wins
  P2 Trick  3: volt_x leads 5S, tech_twins plays JS -> tech_twins wins
  P2 Trick  4: tech_twins leads 8C, volt_x plays 6H -> volt_x wins
  P2 Trick  5: volt_x leads 6S, tech_twins plays 3H -> tech_twins wins
  P2 Trick  6: tech_twins leads 10C, volt_x plays 8H -> volt_x wins
  P2 Trick  7: volt_x leads 8D, tech_twins plays 9D -> tech_twins wins
  P2 Trick  8: tech_twins leads JC, volt_x plays 10H -> volt_x wins
  P2 Trick  9: volt_x leads 7S, tech_twins plays 4H -> tech_twins wins
  P2 Trick 10: tech_twins leads QD, volt_x plays JH -> volt_x wins
  P2 Trick 11: volt_x leads 8S, tech_twins plays 7H -> tech_twins wins
  P2 Trick 12: tech_twins leads QC, volt_x plays QH -> volt_x wins
  P2 Trick 13: volt_x leads AH, tech_twins plays 9H -> volt_x wins
  Result: volt_x 8 - 5 tech_twins
  Winner: volt_x

============================================================
Game 49
============================================================
Players: tech_twins vs volt_x
Trump suit: C
Face-up card: 7C
tech_twins hand: 3C 9C 10C AC 3D 4D 4H 6H 8H AH 6S 9S AS
volt_x hand: JC 7D 8D QD 2H JH KH 2S 4S 5S 10S QS KS
  P1 Trick  1: tech_twins leads AH, volt_x plays 2H -> tech_twins wins
  P1 Trick  2: tech_twins leads 3C, volt_x plays 8C -> volt_x wins
  P1 Trick  3: volt_x leads 2S, tech_twins plays 6S -> tech_twins wins
  P1 Trick  4: tech_twins leads 7C, volt_x plays 4C -> tech_twins wins
  P1 Trick  5: tech_twins leads 4H, volt_x plays 7H -> volt_x wins
  P1 Trick  6: volt_x leads KS, tech_twins plays AS -> tech_twins wins
  P1 Trick  7: tech_twins leads AC, volt_x plays JC -> tech_twins wins
  P1 Trick  8: tech_twins leads KD, volt_x plays 7D -> tech_twins wins
  P1 Trick  9: tech_twins leads AD, volt_x plays 2D -> tech_twins wins
  P1 Trick 10: tech_twins leads 5H, volt_x plays 3H -> tech_twins wins
  P1 Trick 11: tech_twins leads 9D, volt_x plays 8D -> tech_twins wins
  P1 Trick 12: tech_twins leads QH, volt_x plays JH -> tech_twins wins
  P1 Trick 13: tech_twins leads 3D, volt_x plays QD -> volt_x wins

--- Phase 2 (Scoring) ---
  P2 Trick  1: volt_x leads KH, tech_twins plays 6H -> volt_x wins
  P2 Trick  2: volt_x leads QS, tech_twins plays 9S -> volt_x wins
  P2 Trick  3: volt_x leads 3S, tech_twins plays JS -> tech_twins wins
  P2 Trick  4: tech_twins leads 4D, volt_x plays 2C -> volt_x wins
  P2 Trick  5: volt_x leads 4S, tech_twins plays 9C -> tech_twins wins
  P2 Trick  6: tech_twins leads 5D, volt_x plays 5C -> volt_x wins
  P2 Trick  7: volt_x leads 5S, tech_twins plays 10C -> tech_twins wins
  P2 Trick  8: tech_twins leads 8H, volt_x plays 6C -> volt_x wins
  P2 Trick  9: volt_x leads 7S, tech_twins plays 9H -> volt_x wins
  P2 Trick 10: volt_x leads 8S, tech_twins plays 10H -> volt_x wins
  P2 Trick 11: volt_x leads 10S, tech_twins plays 6D -> volt_x wins
  P2 Trick 12: volt_x leads KC, tech_twins plays 10D -> volt_x wins
  P2 Trick 13: volt_x leads QC, tech_twins plays JD -> volt_x wins
  Result: tech_twins 3 - 10 volt_x
  Winner: volt_x

============================================================
Game 50
============================================================
Players: volt_x vs tech_twins
Trump suit: S
Face-up card: 4S
volt_x hand: 3C 6C 7C 8C 9C JC AC 7D 9H JH QH 5S 6S
tech_twins hand: 4C 5C 2D 10D QD 3H 4H 5H 8H 2S 7S JS KS
  P1 Trick  1: volt_x leads 3C, tech_twins plays 4C -> tech_twins wins
  P1 Trick  2: tech_twins leads 2S, volt_x plays 5S -> volt_x wins
  P1 Trick  3: volt_x leads QH, tech_twins plays 2H -> volt_x wins
  P1 Trick  4: volt_x leads JC, tech_twins plays 5C -> volt_x wins
  P1 Trick  5: volt_x leads KD, tech_twins plays 2D -> volt_x wins
  P1 Trick  6: volt_x leads AC, tech_twins plays 2C -> volt_x wins
  P1 Trick  7: volt_x leads 6C, tech_twins plays 4S -> tech_twins wins
  P1 Trick  8: tech_twins leads 3H, volt_x plays 6H -> volt_x wins
  P1 Trick  9: volt_x leads KH, tech_twins plays 4H -> volt_x wins
  P1 Trick 10: volt_x leads 4D, tech_twins plays 5D -> tech_twins wins
  P1 Trick 11: tech_twins leads 10C, volt_x plays KC -> volt_x wins
  P1 Trick 12: volt_x leads 7D, tech_twins plays 3D -> volt_x wins
  P1 Trick 13: volt_x leads AD, tech_twins plays 6D -> volt_x wins

--- Phase 2 (Scoring) ---
  P2 Trick  1: volt_x leads QC, tech_twins plays 7S -> tech_twins wins
  P2 Trick  2: tech_twins leads 10D, volt_x plays 9D -> tech_twins wins
  P2 Trick  3: tech_twins leads 10S, volt_x plays QS -> volt_x wins
  P2 Trick  4: volt_x leads 9C, tech_twins plays JS -> tech_twins wins
  P2 Trick  5: tech_twins leads JD, volt_x plays 3S -> volt_x wins
  P2 Trick  6: volt_x leads 8C, tech_twins plays KS -> tech_twins wins
  P2 Trick  7: tech_twins leads QD, volt_x plays 6S -> volt_x wins
  P2 Trick  8: volt_x leads 7C, tech_twins plays 8D -> volt_x wins
  P2 Trick  9: volt_x leads JH, tech_twins plays AH -> tech_twins wins
  P2 Trick 10: tech_twins leads 10H, volt_x plays 9H -> tech_twins wins
  P2 Trick 11: tech_twins leads 5H, volt_x plays 8S -> volt_x wins
  P2 Trick 12: volt_x leads AS, tech_twins plays 7H -> volt_x wins
  P2 Trick 13: volt_x leads 9S, tech_twins plays 8H -> volt_x wins
  Result: volt_x 7 - 6 tech_twins
  Winner: volt_x

============================================================
Game 51
============================================================
Players: tech_twins vs volt_x
Trump suit: D
Face-up card: 3D
tech_twins hand: 5C QC AC 2D 4D 10D QD 2H 4H 9H JH KH AS
volt_x hand: 6C 6D 7D JD 3H 7H 8H 10H QH AH 2S 7S 9S
  P1 Trick  1: tech_twins leads 2H, volt_x plays 3H -> volt_x wins
  P1 Trick  2: volt_x leads QH, tech_twins plays KH -> tech_twins wins
  P1 Trick  3: tech_twins leads QC, volt_x plays 3C -> tech_twins wins
  P1 Trick  4: tech_twins leads JC, volt_x plays 6C -> tech_twins wins
  P1 Trick  5: tech_twins leads 2D, volt_x plays 3D -> volt_x wins
  P1 Trick  6: volt_x leads 10H, tech_twins plays JH -> tech_twins wins
  P1 Trick  7: tech_twins leads KC, volt_x plays 8C -> tech_twins wins
  P1 Trick  8: tech_twins leads AS, volt_x plays 2S -> tech_twins wins
  P1 Trick  9: tech_twins leads QS, volt_x plays 5S -> tech_twins wins
  P1 Trick 10: tech_twins leads KS, volt_x plays 7S -> tech_twins wins
  P1 Trick 11: tech_twins leads JS, volt_x plays 3S -> tech_twins wins
  P1 Trick 12: tech_twins leads 10S, volt_x plays 9S -> tech_twins wins
  P1 Trick 13: tech_twins leads AC, volt_x plays 2C -> tech_twins wins

--- Phase 2 (Scoring) ---
  P2 Trick  1: tech_twins leads 4D, volt_x plays 6D -> volt_x wins
  P2 Trick  2: volt_x leads AH, tech_twins plays 4H -> volt_x wins
  P2 Trick  3: volt_x leads 10C, tech_twins plays 4C -> volt_x wins
  P2 Trick  4: volt_x leads 5H, tech_twins plays 9H -> tech_twins wins
  P2 Trick  5: tech_twins leads 9C, volt_x plays 7C -> tech_twins wins
  P2 Trick  6: tech_twins leads 5D, volt_x plays 7D -> volt_x wins
  P2 Trick  7: volt_x leads 6H, tech_twins plays 8D -> tech_twins wins
  P2 Trick  8: tech_twins leads 10D, volt_x plays JD -> volt_x wins
  P2 Trick  9: volt_x leads 4S, tech_twins plays 6S -> tech_twins wins
  P2 Trick 10: tech_twins leads QD, volt_x plays AD -> volt_x wins
  P2 Trick 11: volt_x leads 7H, tech_twins plays KD -> tech_twins wins
  P2 Trick 12: tech_twins leads 5C, volt_x plays 9D -> volt_x wins
  P2 Trick 13: volt_x leads 8H, tech_twins plays 8S -> volt_x wins
  Result: tech_twins 5 - 8 volt_x
  Winner: volt_x

============================================================
Game 52
============================================================
Players: volt_x vs tech_twins
Trump suit: C
Face-up card: 3C
volt_x hand: 2C 6C KC 3D 4D 10D AD 8H 10H 3S 6S 7S 10S
tech_twins hand: 10C QC 2D 5D 6D 8D 4H 7H JH AH 2S 9S JS
  P1 Trick  1: volt_x leads 3D, tech_twins plays 5D -> tech_twins wins
  P1 Trick  2: tech_twins leads AH, volt_x plays 8H -> tech_twins wins
  P1 Trick  3: tech_twins leads 3C, volt_x plays 6C -> volt_x wins
  P1 Trick  4: volt_x leads KD, tech_twins plays 2D -> volt_x wins
  P1 Trick  5: volt_x leads 3S, tech_twins plays 9S -> tech_twins wins
  P1 Trick  6: tech_twins leads JH, volt_x plays 5H -> tech_twins wins
  P1 Trick  7: tech_twins leads QH, volt_x plays 10H -> tech_twins wins
  P1 Trick  8: tech_twins leads 7C, volt_x plays 2C -> tech_twins wins
  P1 Trick  9: tech_twins leads KH, volt_x plays 4D -> tech_twins wins
  P1 Trick 10: tech_twins leads 2S, volt_x plays 4S -> volt_x wins
  P1 Trick 11: volt_x leads QS, tech_twins plays KS -> tech_twins wins
  P1 Trick 12: tech_twins leads 8C, volt_x plays 9C -> volt_x wins
  P1 Trick 13: volt_x leads 6H, tech_twins plays 7H -> tech_twins wins

--- Phase 2 (Scoring) ---
  P2 Trick  1: tech_twins leads JS, volt_x plays 6S -> tech_twins wins
  P2 Trick  2: tech_twins leads AS, volt_x plays 7S -> tech_twins wins
  P2 Trick  3: tech_twins leads 10C, volt_x plays KC -> volt_x wins
  P2 Trick  4: volt_x leads AD, tech_twins plays 6D -> volt_x wins
  P2 Trick  5: volt_x leads QD, tech_twins plays 8D -> volt_x wins
  P2 Trick  6: volt_x leads JD, tech_twins plays 9D -> volt_x wins
  P2 Trick  7: volt_x leads 10D, tech_twins plays JC -> tech_twins wins
  P2 Trick  8: tech_twins leads 2H, volt_x plays 3H -> volt_x wins
  P2 Trick  9: volt_x leads 7D, tech_twins plays QC -> tech_twins wins
  P2 Trick 10: tech_twins leads 4H, volt_x plays 4C -> volt_x wins
  P2 Trick 11: volt_x leads 10S, tech_twins plays 5S -> volt_x wins
  P2 Trick 12: volt_x leads AC, tech_twins plays 9H -> volt_x wins
  P2 Trick 13: volt_x leads 5C, tech_twins plays 8S -> volt_x wins
  Result: volt_x 9 - 4 tech_twins
  Winner: volt_x

============================================================
Game 53
============================================================
Players: tech_twins vs volt_x
Trump suit: H
Face-up card: 7H
tech_twins hand: 2C 3C 8C 10C 3D 5D 6D 7D 10D 4H 2S 9S QS
volt_x hand: 4C 5C QC AC 2D JD AD 5H QH 3S 6S 7S AS
  P1 Trick  1: tech_twins leads 3D, volt_x plays JD -> volt_x wins
  P1 Trick  2: volt_x leads 2D, tech_twins plays 5D -> tech_twins wins
  P1 Trick  3: tech_twins leads 6D, volt_x plays AD -> volt_x wins
  P1 Trick  4: volt_x leads 3S, tech_twins plays 2S -> volt_x wins
  P1 Trick  5: volt_x leads 4C, tech_twins plays 7C -> tech_twins wins
  P1 Trick  6: tech_twins leads 8S, volt_x plays KS -> volt_x wins
  P1 Trick  7: volt_x leads QC, tech_twins plays 2C -> volt_x wins
  P1 Trick  8: volt_x leads AS, tech_twins plays 5S -> volt_x wins
  P1 Trick  9: volt_x leads 4S, tech_twins plays 9S -> tech_twins wins
  P1 Trick 10: tech_twins leads QD, volt_x plays KD -> volt_x wins
  P1 Trick 11: volt_x leads 5C, tech_twins plays 3C -> volt_x wins
  P1 Trick 12: volt_x leads JC, tech_twins plays 8C -> volt_x wins
  P1 Trick 13: volt_x leads AC, tech_twins plays 9C -> volt_x wins

--- Phase 2 (Scoring) ---
  P2 Trick  1: volt_x leads 6S, tech_twins plays JS -> tech_twins wins
  P2 Trick  2: tech_twins leads 10C, volt_x plays 6C -> tech_twins wins
  P2 Trick  3: tech_twins leads KC, volt_x plays 5H -> volt_x wins
  P2 Trick  4: volt_x leads 4D, tech_twins plays 7D -> tech_twins wins
  P2 Trick  5: tech_twins leads 2H, volt_x plays 7H -> volt_x wins
  P2 Trick  6: volt_x leads 7S, tech_twins plays QS -> tech_twins wins
  P2 Trick  7: tech_twins leads 3H, volt_x plays 8H -> volt_x wins
  P2 Trick  8: volt_x leads 10S, tech_twins plays 4H -> tech_twins wins
  P2 Trick  9: tech_twins leads 8D, volt_x plays 9H -> volt_x wins
  P2 Trick 10: volt_x leads AH, tech_twins plays 6H -> volt_x wins
  P2 Trick 11: volt_x leads KH, tech_twins plays 10H -> volt_x wins
  P2 Trick 12: volt_x leads QH, tech_twins plays 9D -> volt_x wins
  P2 Trick 13: volt_x leads JH, tech_twins plays 10D -> volt_x wins
  Result: tech_twins 5 - 8 volt_x
  Winner: volt_x

============================================================
Game 54
============================================================
Players: volt_x vs tech_twins
Trump suit: S
Face-up card: JS
volt_x hand: 3C 5C 10C 4D 8D KD JH AH 3S 6S 9S KS AS
tech_twins hand: 4C 6C 7C 9C 3D 7D 10D QD 6H 7H QH 4S 5S
  P1 Trick  1: volt_x leads AH, tech_twins plays 6H -> volt_x wins
  P1 Trick  2: volt_x leads 3C, tech_twins plays 4C -> tech_twins wins
  P1 Trick  3: tech_twins leads 3D, volt_x plays 4D -> volt_x wins
  P1 Trick  4: volt_x leads KD, tech_twins plays 7D -> volt_x wins
  P1 Trick  5: volt_x leads 5C, tech_twins plays 2C -> volt_x wins
  P1 Trick  6: volt_x leads JH, tech_twins plays QH -> tech_twins wins
  P1 Trick  7: tech_twins leads 10D, volt_x plays 8D -> tech_twins wins
  P1 Trick  8: tech_twins leads JD, volt_x plays 9D -> tech_twins wins
  P1 Trick  9: tech_twins leads QD, volt_x plays 10C -> tech_twins wins
  P1 Trick 10: tech_twins leads 3H, volt_x plays 9H -> volt_x wins
  P1 Trick 11: volt_x leads 2H, tech_twins plays 5H -> tech_twins wins
  P1 Trick 12: tech_twins leads 6C, volt_x plays KC -> volt_x wins
  P1 Trick 13: volt_x leads 2D, tech_twins plays 5D -> tech_twins wins

--- Phase 2 (Scoring) ---
  P2 Trick  1: tech_twins leads AD, volt_x plays 2S -> volt_x wins
  P2 Trick  2: volt_x leads AC, tech_twins plays 7C -> volt_x wins
  P2 Trick  3: volt_x leads KH, tech_twins plays 4H -> volt_x wins
  P2 Trick  4: volt_x leads JC, tech_twins plays QC -> tech_twins wins
  P2 Trick  5: tech_twins leads 10H, volt_x plays 3S -> volt_x wins
  P2 Trick  6: volt_x leads AS, tech_twins plays 4S -> volt_x wins
  P2 Trick  7: volt_x leads KS, tech_twins plays 5S -> volt_x wins
  P2 Trick  8: volt_x leads QS, tech_twins plays 8S -> volt_x wins
  P2 Trick  9: volt_x leads JS, tech_twins plays 6D -> volt_x wins
  P2 Trick 10: volt_x leads 10S, tech_twins plays 8C -> volt_x wins
  P2 Trick 11: volt_x leads 9S, tech_twins plays 9C -> volt_x wins
  P2 Trick 12: volt_x leads 6S, tech_twins plays 7H -> volt_x wins
  P2 Trick 13: volt_x leads 7S, tech_twins plays 8H -> volt_x wins
  Result: volt_x 12 - 1 tech_twins
  Winner: volt_x

============================================================
Game 55
============================================================
Players: tech_twins vs volt_x
Trump suit: S
Face-up card: JS
tech_twins hand: 7C 8C 2D 9D KD AD 2H 3H 5H AH 4S 9S QS
volt_x hand: 3C 9C JC QC KC 7D 10D JD 8H 9H JH 2S 3S
  P1 Trick  1: tech_twins leads KD, volt_x plays 7D -> tech_twins wins
  P1 Trick  2: tech_twins leads 2H, volt_x plays 8H -> volt_x wins
  P1 Trick  3: volt_x leads 3C, tech_twins plays 7C -> tech_twins wins
  P1 Trick  4: tech_twins leads AH, volt_x plays 9H -> tech_twins wins
  P1 Trick  5: tech_twins leads AD, volt_x plays 8D -> tech_twins wins
  P1 Trick  6: tech_twins leads QH, volt_x plays JH -> tech_twins wins
  P1 Trick  7: tech_twins leads 3H, volt_x plays 4C -> tech_twins wins
  P1 Trick  8: tech_twins leads KH, volt_x plays 9C -> tech_twins wins
  P1 Trick  9: tech_twins leads 4S, volt_x plays 5S -> volt_x wins
  P1 Trick 10: volt_x leads 3D, tech_twins plays 5D -> tech_twins wins
  P1 Trick 11: tech_twins leads 4H, volt_x plays 4D -> tech_twins wins
  P1 Trick 12: tech_twins leads 6S, volt_x plays 2S -> tech_twins wins
  P1 Trick 13: tech_twins leads 10C, volt_x plays JC -> volt_x wins

--- Phase 2 (Scoring) ---
  P2 Trick  1: volt_x leads AC, tech_twins plays 2C -> volt_x wins
  P2 Trick  2: volt_x leads QD, tech_twins plays 2D -> volt_x wins
  P2 Trick  3: volt_x leads KC, tech_twins plays 5C -> volt_x wins
  P2 Trick  4: volt_x leads JD, tech_twins plays 6D -> volt_x wins
  P2 Trick  5: volt_x leads QC, tech_twins plays 6C -> volt_x wins
  P2 Trick  6: volt_x leads 10D, tech_twins plays 9D -> volt_x wins
  P2 Trick  7: volt_x leads 6H, tech_twins plays 7H -> tech_twins wins
  P2 Trick  8: tech_twins leads 9S, volt_x plays 10S -> volt_x wins
  P2 Trick  9: volt_x leads AS, tech_twins plays JS -> volt_x wins
  P2 Trick 10: volt_x leads KS, tech_twins plays QS -> volt_x wins
  P2 Trick 11: volt_x leads 3S, tech_twins plays 8C -> volt_x wins
  P2 Trick 12: volt_x leads 7S, tech_twins plays 5H -> volt_x wins
  P2 Trick 13: volt_x leads 8S, tech_twins plays 10H -> volt_x wins
  Result: tech_twins 1 - 12 volt_x
  Winner: volt_x

============================================================
Game 56
============================================================
Players: volt_x vs tech_twins
Trump suit: D
Face-up card: 3D
volt_x hand: 4C 6C 7C 9C QC 6D 7D 9D AD 2H 3H 8H 2S
tech_twins hand: 2C 3C KC AC 2D 4D 10D 6H 10H QH KH 6S KS
  P1 Trick  1: volt_x leads 2S, tech_twins plays 6S -> tech_twins wins
  P1 Trick  2: tech_twins leads KC, volt_x plays 4C -> tech_twins wins
  P1 Trick  3: tech_twins leads 6H, volt_x plays 2H -> tech_twins wins
  P1 Trick  4: tech_twins leads AC, volt_x plays 6C -> tech_twins wins
  P1 Trick  5: tech_twins leads KD, volt_x plays 6D -> tech_twins wins
  P1 Trick  6: tech_twins leads 4H, volt_x plays 7H -> volt_x wins
  P1 Trick  7: volt_x leads 3S, tech_twins plays 10S -> tech_twins wins
  P1 Trick  8: tech_twins leads 10D, volt_x plays JD -> volt_x wins
  P1 Trick  9: volt_x leads 3H, tech_twins plays 10H -> tech_twins wins
  P1 Trick 10: tech_twins leads QH, volt_x plays 8H -> tech_twins wins
  P1 Trick 11: tech_twins leads 2D, volt_x plays 7D -> volt_x wins
  P1 Trick 12: volt_x leads 5H, tech_twins plays KH -> tech_twins wins
  P1 Trick 13: tech_twins leads 5S, volt_x plays 8S -> volt_x wins

--- Phase 2 (Scoring) ---
  P2 Trick  1: volt_x leads AS, tech_twins plays 7S -> volt_x wins
  P2 Trick  2: volt_x leads QC, tech_twins plays 2C -> volt_x wins
  P2 Trick  3: volt_x leads JH, tech_twins plays AH -> tech_twins wins
  P2 Trick  4: tech_twins leads 9S, volt_x plays 4S -> tech_twins wins
  P2 Trick  5: tech_twins leads JS, volt_x plays 8D -> volt_x wins
  P2 Trick  6: volt_x leads 7C, tech_twins plays JC -> tech_twins wins
  P2 Trick  7: tech_twins leads QS, volt_x plays 9D -> volt_x wins
  P2 Trick  8: volt_x leads 8C, tech_twins plays 3C -> volt_x wins
  P2 Trick  9: volt_x leads 9H, tech_twins plays 3D -> tech_twins wins
  P2 Trick 10: tech_twins leads KS, volt_x plays QD -> volt_x wins
  P2 Trick 11: volt_x leads 9C, tech_twins plays 5C -> volt_x wins
  P2 Trick 12: volt_x leads 10C, tech_twins plays 4D -> tech_twins wins
  P2 Trick 13: tech_twins leads 5D, volt_x plays AD -> volt_x wins
  Result: volt_x 8 - 5 tech_twins
  Winner: volt_x

============================================================
Game 57
============================================================
Players: tech_twins vs volt_x
Trump suit: C
Face-up card: 7C
tech_twins hand: 2C 4C 6C 8C 4D 6D 8D KD JH KH 6S 7S AS
volt_x hand: 3C 9C 10C KC AC QD 5H 6H 8H 9H 3S 8S QS
  P1 Trick  1: tech_twins leads AS, volt_x plays 3S -> tech_twins wins
  P1 Trick  2: tech_twins leads 2C, volt_x plays 3C -> volt_x wins
  P1 Trick  3: volt_x leads QS, tech_twins plays 6S -> volt_x wins
  P1 Trick  4: volt_x leads 2S, tech_twins plays 7S -> tech_twins wins
  P1 Trick  5: tech_twins leads 4D, volt_x plays 3D -> tech_twins wins
  P1 Trick  6: tech_twins leads 4C, volt_x plays 5C -> volt_x wins
  P1 Trick  7: volt_x leads 2D, tech_twins plays 5D -> tech_twins wins
  P1 Trick  8: tech_twins leads KD, volt_x plays QD -> tech_twins wins
  P1 Trick  9: tech_twins leads 6D, volt_x plays 5S -> tech_twins wins
  P1 Trick 10: tech_twins leads 2H, volt_x plays 5H -> volt_x wins
  P1 Trick 11: volt_x leads QH, tech_twins plays KH -> tech_twins wins
  P1 Trick 12: tech_twins leads JS, volt_x plays 4S -> tech_twins wins
  P1 Trick 13: tech_twins leads KS, volt_x plays 8S -> tech_twins wins

--- Phase 2 (Scoring) ---
  P2 Trick  1: tech_twins leads AD, volt_x plays 9C -> volt_x wins
  P2 Trick  2: volt_x leads AH, tech_twins plays 4H -> volt_x wins
  P2 Trick  3: volt_x leads 10S, tech_twins plays 9S -> volt_x wins
  P2 Trick  4: volt_x leads 3H, tech_twins plays JH -> tech_twins wins
  P2 Trick  5: tech_twins leads 7D, volt_x plays 10C -> volt_x wins
  P2 Trick  6: volt_x leads 6H, tech_twins plays 6C -> tech_twins wins
  P2 Trick  7: tech_twins leads 8D, volt_x plays JC -> volt_x wins
  P2 Trick  8: volt_x leads 7H, tech_twins plays 7C -> tech_twins wins
  P2 Trick  9: tech_twins leads 9D, volt_x plays KC -> volt_x wins
  P2 Trick 10: volt_x leads 8H, tech_twins plays 8C -> tech_twins wins
  P2 Trick 11: tech_twins leads 10D, volt_x plays AC -> volt_x wins
  P2 Trick 12: volt_x leads 9H, tech_twins plays QC -> tech_twins wins
  P2 Trick 13: tech_twins leads JD, volt_x plays 10H -> tech_twins wins
  Result: tech_twins 6 - 7 volt_x
  Winner: volt_x

============================================================
Game 58
============================================================
Players: volt_x vs tech_twins
Trump suit: S
Face-up card: QS
volt_x hand: 2C QC AC 4D 8D AD 2H 10H JH 4S 9S JS KS
tech_twins hand: 6C 7C 9C 10C 3D 9D JD KD 5H 9H KH 2S 6S
  P1 Trick  1: volt_x leads AD, tech_twins plays 3D -> volt_x wins
  P1 Trick  2: volt_x leads 2C, tech_twins plays 6C -> tech_twins wins
  P1 Trick  3: tech_twins leads KD, volt_x plays 4D -> tech_twins wins
  P1 Trick  4: tech_twins leads 7C, volt_x plays QC -> volt_x wins
  P1 Trick  5: volt_x leads JH, tech_twins plays KH -> tech_twins wins
  P1 Trick  6: tech_twins leads AH, volt_x plays 2H -> tech_twins wins
  P1 Trick  7: tech_twins leads 9C, volt_x plays 3C -> tech_twins wins
  P1 Trick  8: tech_twins leads 4H, volt_x plays 3H -> tech_twins wins
  P1 Trick  9: tech_twins leads 4C, volt_x plays AC -> volt_x wins
  P1 Trick 10: volt_x leads 2D, tech_twins plays 5D -> tech_twins wins
  P1 Trick 11: tech_twins leads AS, volt_x plays 3S -> tech_twins wins
  P1 Trick 12: tech_twins leads 5H, volt_x plays 7H -> volt_x wins
  P1 Trick 13: volt_x leads QH, tech_twins plays 6H -> volt_x wins

--- Phase 2 (Scoring) ---
  P2 Trick  1: volt_x leads 5C, tech_twins plays 10C -> tech_twins wins
  P2 Trick  2: tech_twins leads 9D, volt_x plays 7D -> tech_twins wins
  P2 Trick  3: tech_twins leads 10D, volt_x plays 8D -> tech_twins wins
  P2 Trick  4: tech_twins leads JD, volt_x plays 4S -> volt_x wins
  P2 Trick  5: volt_x leads 8C, tech_twins plays JC -> tech_twins wins
  P2 Trick  6: tech_twins leads QD, volt_x plays 5S -> volt_x wins
  P2 Trick  7: volt_x leads 10H, tech_twins plays 8H -> volt_x wins
  P2 Trick  8: volt_x leads KS, tech_twins plays 2S -> volt_x wins
  P2 Trick  9: volt_x leads QS, tech_twins plays 6S -> volt_x wins
  P2 Trick 10: volt_x leads JS, tech_twins plays 10S -> volt_x wins
  P2 Trick 11: volt_x leads 7S, tech_twins plays 9H -> volt_x wins
  P2 Trick 12: volt_x leads 8S, tech_twins plays KC -> volt_x wins
  P2 Trick 13: volt_x leads 9S, tech_twins plays 6D -> volt_x wins
  Result: volt_x 9 - 4 tech_twins
  Winner: volt_x

============================================================
Game 59
============================================================
Players: tech_twins vs volt_x
Trump suit: S
Face-up card: AS
tech_twins hand: 2C 3C 7C 10C JD KD 3H 7H 8H AH 5S 10S JS
volt_x hand: 5C 6C JC QC KC 2D 8D QD 5H 2S 4S QS KS
  P1 Trick  1: tech_twins leads AH, volt_x plays 5H -> tech_twins wins
  P1 Trick  2: tech_twins leads 5S, volt_x plays 2S -> tech_twins wins
  P1 Trick  3: tech_twins leads 3H, volt_x plays 2D -> tech_twins wins
  P1 Trick  4: tech_twins leads AS, volt_x plays 3S -> tech_twins wins
  P1 Trick  5: tech_twins leads 2C, volt_x plays 5C -> volt_x wins
  P1 Trick  6: volt_x leads 6C, tech_twins plays 7C -> tech_twins wins
  P1 Trick  7: tech_twins leads 4H, volt_x plays 6H -> volt_x wins
  P1 Trick  8: volt_x leads KC, tech_twins plays 3C -> volt_x wins
  P1 Trick  9: volt_x leads 3D, tech_twins plays 4D -> tech_twins wins
  P1 Trick 10: tech_twins leads 10H, volt_x plays JH -> volt_x wins
  P1 Trick 11: volt_x leads 8D, tech_twins plays JD -> tech_twins wins
  P1 Trick 12: tech_twins leads 6S, volt_x plays 4S -> tech_twins wins
  P1 Trick 13: tech_twins leads 9H, volt_x plays QH -> volt_x wins

--- Phase 2 (Scoring) ---
  P2 Trick  1: volt_x leads AC, tech_twins plays 4C -> volt_x wins
  P2 Trick  2: volt_x leads QC, tech_twins plays 8C -> volt_x wins
  P2 Trick  3: volt_x leads AD, tech_twins plays 6D -> volt_x wins
  P2 Trick  4: volt_x leads KH, tech_twins plays 2H -> volt_x wins
  P2 Trick  5: volt_x leads JC, tech_twins plays 9C -> volt_x wins
  P2 Trick  6: volt_x leads QD, tech_twins plays KD -> tech_twins wins
  P2 Trick  7: tech_twins leads 9D, volt_x plays 10D -> volt_x wins
  P2 Trick  8: volt_x leads 5D, tech_twins plays 7S -> tech_twins wins
  P2 Trick  9: tech_twins leads 10C, volt_x plays 8S -> volt_x wins
  P2 Trick 10: volt_x leads 7D, tech_twins plays 10S -> tech_twins wins
  P2 Trick 11: tech_twins leads 7H, volt_x plays 9S -> volt_x wins
  P2 Trick 12: volt_x leads KS, tech_twins plays JS -> volt_x wins
  P2 Trick 13: volt_x leads QS, tech_twins plays 8H -> volt_x wins
  Result: tech_twins 3 - 10 volt_x
  Winner: volt_x

============================================================
Game 60
============================================================
Players: volt_x vs tech_twins
Trump suit: C
Face-up card: 9C
volt_x hand: 5C 10C 6D 8D 4H 6H 8H 9H JH AH 5S 7S AS
tech_twins hand: 2C 6C 8C AC 7D JD QD KD 3H 10H KH 6S QS
  P1 Trick  1: volt_x leads JH, tech_twins plays KH -> tech_twins wins
  P1 Trick  2: tech_twins leads AC, volt_x plays 5C -> tech_twins wins
  P1 Trick  3: tech_twins leads 7D, volt_x plays 5D -> tech_twins wins
  P1 Trick  4: tech_twins leads KD, volt_x plays 6D -> tech_twins wins
  P1 Trick  5: tech_twins leads 9C, volt_x plays 10C -> volt_x wins
  P1 Trick  6: volt_x leads 4H, tech_twins plays 3H -> volt_x wins
  P1 Trick  7: volt_x leads 4S, tech_twins plays 6S -> tech_twins wins
  P1 Trick  8: tech_twins leads 2C, volt_x plays 7C -> volt_x wins
  P1 Trick  9: volt_x leads 5S, tech_twins plays JS -> tech_twins wins
  P1 Trick 10: tech_twins leads JC, volt_x plays QC -> volt_x wins
  P1 Trick 11: volt_x leads 3S, tech_twins plays 8S -> tech_twins wins
  P1 Trick 12: tech_twins leads JD, volt_x plays 8D -> tech_twins wins
  P1 Trick 13: tech_twins leads 2D, volt_x plays 9D -> volt_x wins

--- Phase 2 (Scoring) ---
  P2 Trick  1: volt_x leads AH, tech_twins plays 5H -> volt_x wins
  P2 Trick  2: volt_x leads AS, tech_twins plays QS -> volt_x wins
  P2 Trick  3: volt_x leads QH, tech_twins plays 7H -> volt_x wins
  P2 Trick  4: volt_x leads 2H, tech_twins plays 10H -> tech_twins wins
  P2 Trick  5: tech_twins leads QD, volt_x plays 10D -> tech_twins wins
  P2 Trick  6: tech_twins leads KS, volt_x plays 2S -> tech_twins wins
  P2 Trick  7: tech_twins leads AD, volt_x plays KC -> volt_x wins
  P2 Trick  8: volt_x leads 6H, tech_twins plays 3C -> tech_twins wins
  P2 Trick  9: tech_twins leads 4C, volt_x plays 7S -> tech_twins wins
  P2 Trick 10: tech_twins leads 6C, volt_x plays 8H -> tech_twins wins
  P2 Trick 11: tech_twins leads 3D, volt_x plays 9H -> tech_twins wins
  P2 Trick 12: tech_twins leads 8C, volt_x plays 9S -> tech_twins wins
  P2 Trick 13: tech_twins leads 4D, volt_x plays 10S -> tech_twins wins
  Result: volt_x 4 - 9 tech_twins
  Winner: tech_twins

============================================================
Game 61
============================================================
Players: tech_twins vs volt_x
Trump suit: S
Face-up card: 8S
tech_twins hand: 5C KC 4D AD 5H 7H 8H 10H QH KH 6S QS AS
volt_x hand: 2C 7C AC 6D JD KD 3H 6H JH 2S 3S 9S JS
  P1 Trick  1: tech_twins leads AD, volt_x plays 6D -> tech_twins wins
  P1 Trick  2: tech_twins leads AS, volt_x plays 2S -> tech_twins wins
  P1 Trick  3: tech_twins leads KH, volt_x plays 3H -> tech_twins wins
  P1 Trick  4: tech_twins leads 5H, volt_x plays 6H -> volt_x wins
  P1 Trick  5: volt_x leads 2C, tech_twins plays 5C -> tech_twins wins
  P1 Trick  6: tech_twins leads 7H, volt_x plays 4H -> tech_twins wins
  P1 Trick  7: tech_twins leads 8H, volt_x plays JH -> volt_x wins
  P1 Trick  8: volt_x leads 2D, tech_twins plays 4D -> tech_twins wins
  P1 Trick  9: tech_twins leads 9H, volt_x plays 3D -> tech_twins wins
  P1 Trick 10: tech_twins leads QH, volt_x plays 3S -> volt_x wins
  P1 Trick 11: volt_x leads 6C, tech_twins plays 3C -> volt_x wins
  P1 Trick 12: volt_x leads 5D, tech_twins plays 9D -> tech_twins wins
  P1 Trick 13: tech_twins leads AH, volt_x plays 4S -> volt_x wins

--- Phase 2 (Scoring) ---
  P2 Trick  1: volt_x leads AC, tech_twins plays 4C -> volt_x wins
  P2 Trick  2: volt_x leads KD, tech_twins plays 10D -> volt_x wins
  P2 Trick  3: volt_x leads QC, tech_twins plays KC -> tech_twins wins
  P2 Trick  4: tech_twins leads 8C, volt_x plays 9C -> volt_x wins
  P2 Trick  5: volt_x leads JD, tech_twins plays QD -> tech_twins wins
  P2 Trick  6: tech_twins leads 10C, volt_x plays 7C -> tech_twins wins
  P2 Trick  7: tech_twins leads JC, volt_x plays 7S -> volt_x wins
  P2 Trick  8: volt_x leads 7D, tech_twins plays 5S -> tech_twins wins
  P2 Trick  9: tech_twins leads 6S, volt_x plays 9S -> volt_x wins
  P2 Trick 10: volt_x leads 8D, tech_twins plays 8S -> tech_twins wins
  P2 Trick 11: tech_twins leads 2H, volt_x plays 10S -> volt_x wins
  P2 Trick 12: volt_x leads KS, tech_twins plays QS -> volt_x wins
  P2 Trick 13: volt_x leads JS, tech_twins plays 10H -> volt_x wins
  Result: tech_twins 5 - 8 volt_x
  Winner: volt_x

============================================================
Game 62
============================================================
Players: volt_x vs tech_twins
Trump suit: D
Face-up card: JD
volt_x hand: KC 7D 9D KD 2H 4H 6H 8H 9H JH 2S 10S JS
tech_twins hand: 2C QC AC 2D 4D 5D 5H 10H QH KH AH 4S 8S
  P1 Trick  1: volt_x leads KC, tech_twins plays AC -> tech_twins wins
  P1 Trick  2: tech_twins leads QH, volt_x plays 2H -> tech_twins wins
  P1 Trick  3: tech_twins leads QC, volt_x plays 7C -> tech_twins wins
  P1 Trick  4: tech_twins leads KH, volt_x plays 3H -> tech_twins wins
  P1 Trick  5: tech_twins leads AH, volt_x plays 4H -> tech_twins wins
  P1 Trick  6: tech_twins leads 4S, volt_x plays 5S -> volt_x wins
  P1 Trick  7: volt_x leads 2S, tech_twins plays 8S -> tech_twins wins
  P1 Trick  8: tech_twins leads 2D, volt_x plays 7D -> volt_x wins
  P1 Trick  9: volt_x leads 3S, tech_twins plays 9S -> tech_twins wins
  P1 Trick 10: tech_twins leads QS, volt_x plays 6S -> tech_twins wins
  P1 Trick 11: tech_twins leads KS, volt_x plays 10S -> tech_twins wins
  P1 Trick 12: tech_twins leads 3D, volt_x plays 8D -> volt_x wins
  P1 Trick 13: volt_x leads 3C, tech_twins plays 5C -> tech_twins wins

--- Phase 2 (Scoring) ---
  P2 Trick  1: tech_twins leads 10C, volt_x plays 4C -> tech_twins wins
  P2 Trick  2: tech_twins leads JC, volt_x plays 8C -> tech_twins wins
  P2 Trick  3: tech_twins leads AS, volt_x plays JS -> tech_twins wins
  P2 Trick  4: tech_twins leads 4D, volt_x plays 9D -> volt_x wins
  P2 Trick  5: volt_x leads JH, tech_twins plays 5H -> volt_x wins
  P2 Trick  6: volt_x leads 6H, tech_twins plays 10H -> tech_twins wins
  P2 Trick  7: tech_twins leads 5D, volt_x plays 10D -> volt_x wins
  P2 Trick  8: volt_x leads 7H, tech_twins plays 6D -> tech_twins wins
  P2 Trick  9: tech_twins leads 2C, volt_x plays 9C -> volt_x wins
  P2 Trick 10: volt_x leads 8H, tech_twins plays JD -> tech_twins wins
  P2 Trick 11: tech_twins leads 7S, volt_x plays KD -> volt_x wins
  P2 Trick 12: volt_x leads 9H, tech_twins plays QD -> tech_twins wins
  P2 Trick 13: tech_twins leads 6C, volt_x plays AD -> volt_x wins
  Result: volt_x 6 - 7 tech_twins
  Winner: tech_twins

============================================================
Game 63
============================================================
Players: tech_twins vs volt_x
Trump suit: D
Face-up card: 2D
tech_twins hand: 3C 5D 6D 8D 9D 3H 5H 6H KH 2S 7S QS KS
volt_x hand: 2C 6C 10C JC 3D 4D QD 10H JH QH 5S JS AS
  P1 Trick  1: tech_twins leads 3H, volt_x plays 10H -> volt_x wins
  P1 Trick  2: volt_x leads 2C, tech_twins plays 3C -> tech_twins wins
  P1 Trick  3: tech_twins leads 2S, volt_x plays 5S -> volt_x wins
  P1 Trick  4: volt_x leads 4H, tech_twins plays 5H -> tech_twins wins
  P1 Trick  5: tech_twins leads 3S, volt_x plays JS -> volt_x wins
  P1 Trick  6: volt_x leads QH, tech_twins plays 6H -> volt_x wins
  P1 Trick  7: volt_x leads JC, tech_twins plays 7C -> volt_x wins
  P1 Trick  8: volt_x leads 2H, tech_twins plays 9H -> tech_twins wins
  P1 Trick  9: tech_twins leads KH, volt_x plays 8H -> tech_twins wins
  P1 Trick 10: tech_twins leads AH, volt_x plays JH -> tech_twins wins
  P1 Trick 11: tech_twins leads 5D, volt_x plays 2D -> tech_twins wins
  P1 Trick 12: tech_twins leads 7S, volt_x plays 10S -> volt_x wins
  P1 Trick 13: volt_x leads KC, tech_twins plays 4C -> volt_x wins

--- Phase 2 (Scoring) ---
  P2 Trick  1: volt_x leads AC, tech_twins plays 5C -> volt_x wins
  P2 Trick  2: volt_x leads QC, tech_twins plays 8C -> volt_x wins
  P2 Trick  3: volt_x leads AS, tech_twins plays 4S -> volt_x wins
  P2 Trick  4: volt_x leads 10C, tech_twins plays 9C -> volt_x wins
  P2 Trick  5: volt_x leads 6C, tech_twins plays 6D -> tech_twins wins
  P2 Trick  6: tech_twins leads QS, volt_x plays 3D -> volt_x wins
  P2 Trick  7: volt_x leads 7H, tech_twins plays 8D -> tech_twins wins
  P2 Trick  8: tech_twins leads KS, volt_x plays 4D -> volt_x wins
  P2 Trick  9: volt_x leads AD, tech_twins plays 9D -> volt_x wins
  P2 Trick 10: volt_x leads KD, tech_twins plays 10D -> volt_x wins
  P2 Trick 11: volt_x leads QD, tech_twins plays 6S -> volt_x wins
  P2 Trick 12: volt_x leads JD, tech_twins plays 8S -> volt_x wins
  P2 Trick 13: volt_x leads 7D, tech_twins plays 9S -> volt_x wins
  Result: tech_twins 2 - 11 volt_x
  Winner: volt_x

============================================================
Game 64
============================================================
Players: volt_x vs tech_twins
Trump suit: C
Face-up card: 10C
volt_x hand: 5C 6C 7C 3D 4H 8H JH 2S 3S 4S 8S 10S AS
tech_twins hand: 8C JC QC 2D 4D 6D 10D AD 6H 6S 7S 9S QS
  P1 Trick  1: volt_x leads JH, tech_twins plays 6H -> volt_x wins
  P1 Trick  2: volt_x leads 3D, tech_twins plays 4D -> tech_twins wins
  P1 Trick  3: tech_twins leads AD, volt_x plays 5C -> volt_x wins
  P1 Trick  4: volt_x leads AS, tech_twins plays 6S -> volt_x wins
  P1 Trick  5: volt_x leads KS, tech_twins plays 7S -> volt_x wins
  P1 Trick  6: volt_x leads 2S, tech_twins plays 9S -> tech_twins wins
  P1 Trick  7: tech_twins leads 2D, volt_x plays 5D -> volt_x wins
  P1 Trick  8: volt_x leads 3S, tech_twins plays QS -> tech_twins wins
  P1 Trick  9: tech_twins leads 8C, volt_x plays 10C -> volt_x wins
  P1 Trick 10: volt_x leads 4S, tech_twins plays 3C -> tech_twins wins
  P1 Trick 11: tech_twins leads 9C, volt_x plays 4C -> tech_twins wins
  P1 Trick 12: tech_twins leads 2H, volt_x plays 4H -> volt_x wins
  P1 Trick 13: volt_x leads 5S, tech_twins plays JS -> tech_twins wins

--- Phase 2 (Scoring) ---
  P2 Trick  1: tech_twins leads 10D, volt_x plays KD -> volt_x wins
  P2 Trick  2: volt_x leads AH, tech_twins plays 3H -> volt_x wins
  P2 Trick  3: volt_x leads 7H, tech_twins plays 9H -> tech_twins wins
  P2 Trick  4: tech_twins leads JC, volt_x plays KC -> volt_x wins
  P2 Trick  5: volt_x leads 9D, tech_twins plays JD -> tech_twins wins
  P2 Trick  6: tech_twins leads 6D, volt_x plays 2C -> volt_x wins
  P2 Trick  7: volt_x leads 8H, tech_twins plays QH -> tech_twins wins
  P2 Trick  8: tech_twins leads 7D, volt_x plays 6C -> volt_x wins
  P2 Trick  9: volt_x leads 8S, tech_twins plays QC -> tech_twins wins
  P2 Trick 10: tech_twins leads 8D, volt_x plays 7C -> volt_x wins
  P2 Trick 11: volt_x leads 10S, tech_twins plays QD -> volt_x wins
  P2 Trick 12: volt_x leads 10H, tech_twins plays KH -> tech_twins wins
  P2 Trick 13: tech_twins leads 5H, volt_x plays AC -> volt_x wins
  Result: volt_x 8 - 5 tech_twins
  Winner: volt_x

============================================================
Game 65
============================================================
Players: tech_twins vs volt_x
Trump suit: H
Face-up card: JH
tech_twins hand: 3C JC AC 3D 4D 7D 8D 9D 5H 6H KH AH JS
volt_x hand: 10C 6D 10D JD KD 2H 4H 10H QH 4S 6S 10S AS
  P1 Trick  1: tech_twins leads KH, volt_x plays 2H -> tech_twins wins
  P1 Trick  2: tech_twins leads 3D, volt_x plays 6D -> volt_x wins
  P1 Trick  3: volt_x leads 2C, tech_twins plays 3C -> tech_twins wins
  P1 Trick  4: tech_twins leads 5H, volt_x plays 4H -> tech_twins wins
  P1 Trick  5: tech_twins leads AH, volt_x plays 10H -> tech_twins wins
  P1 Trick  6: tech_twins leads AC, volt_x plays 8C -> tech_twins wins
  P1 Trick  7: tech_twins leads 9D, volt_x plays 10D -> volt_x wins
  P1 Trick  8: volt_x leads KD, tech_twins plays 4D -> volt_x wins
  P1 Trick  9: volt_x leads 2D, tech_twins plays 7D -> tech_twins wins
  P1 Trick 10: tech_twins leads 3H, volt_x plays 9H -> volt_x wins
  P1 Trick 11: volt_x leads 3S, tech_twins plays 5S -> tech_twins wins
  P1 Trick 12: tech_twins leads 5C, volt_x plays 7C -> volt_x wins
  P1 Trick 13: volt_x leads KC, tech_twins plays 6C -> volt_x wins

--- Phase 2 (Scoring) ---
  P2 Trick  1: volt_x leads AD, tech_twins plays 5D -> volt_x wins
  P2 Trick  2: volt_x leads QD, tech_twins plays 8D -> volt_x wins
  P2 Trick  3: volt_x leads AS, tech_twins plays 2S -> volt_x wins
  P2 Trick  4: volt_x leads QC, tech_twins plays 4C -> volt_x wins
  P2 Trick  5: volt_x leads JD, tech_twins plays 6H -> tech_twins wins
  P2 Trick  6: tech_twins leads JC, volt_x plays 10C -> tech_twins wins
  P2 Trick  7: tech_twins leads JS, volt_x plays QS -> volt_x wins
  P2 Trick  8: volt_x leads 4S, tech_twins plays 7S -> tech_twins wins
  P2 Trick  9: tech_twins leads KS, volt_x plays 6S -> tech_twins wins
  P2 Trick 10: tech_twins leads 7H, volt_x plays 8H -> volt_x wins
  P2 Trick 11: volt_x leads 10S, tech_twins plays 8S -> volt_x wins
  P2 Trick 12: volt_x leads 9S, tech_twins plays JH -> tech_twins wins
  P2 Trick 13: tech_twins leads 9C, volt_x plays QH -> volt_x wins
  Result: tech_twins 5 - 8 volt_x
  Winner: volt_x

============================================================
Game 66
============================================================
Players: volt_x vs tech_twins
Trump suit: H
Face-up card: 6H
volt_x hand: 3C 4C 6C 9C 10C QC 8D KD 4H 2S 5S KS AS
tech_twins hand: 8C 3D 4D 9D AD 3H JH 3S 4S 6S 7S 9S JS
  P1 Trick  1: volt_x leads KS, tech_twins plays 3S -> volt_x wins
  P1 Trick  2: volt_x leads KD, tech_twins plays AD -> tech_twins wins
  P1 Trick  3: tech_twins leads 4S, volt_x plays 5S -> volt_x wins
  P1 Trick  4: volt_x leads QC, tech_twins plays 8C -> volt_x wins
  P1 Trick  5: volt_x leads KC, tech_twins plays 3H -> tech_twins wins
  P1 Trick  6: tech_twins leads AC, volt_x plays 3C -> tech_twins wins
  P1 Trick  7: tech_twins leads 2D, volt_x plays 8D -> volt_x wins
  P1 Trick  8: volt_x leads 2S, tech_twins plays 6S -> tech_twins wins
  P1 Trick  9: tech_twins leads 3D, volt_x plays JD -> volt_x wins
  P1 Trick 10: volt_x leads AS, tech_twins plays 7S -> volt_x wins
  P1 Trick 11: volt_x leads 2C, tech_twins plays 5C -> tech_twins wins
  P1 Trick 12: tech_twins leads JS, volt_x plays 10S -> tech_twins wins
  P1 Trick 13: tech_twins leads QD, volt_x plays 7D -> tech_twins wins

--- Phase 2 (Scoring) ---
  P2 Trick  1: tech_twins leads JC, volt_x plays 4C -> tech_twins wins
  P2 Trick  2: tech_twins leads QS, volt_x plays 2H -> volt_x wins
  P2 Trick  3: volt_x leads 10C, tech_twins plays 7H -> tech_twins wins
  P2 Trick  4: tech_twins leads KH, volt_x plays AH -> volt_x wins
  P2 Trick  5: volt_x leads 9C, tech_twins plays 8H -> tech_twins wins
  P2 Trick  6: tech_twins leads 4D, volt_x plays 4H -> volt_x wins
  P2 Trick  7: volt_x leads 6C, tech_twins plays JH -> tech_twins wins
  P2 Trick  8: tech_twins leads 5D, volt_x plays 5H -> volt_x wins
  P2 Trick  9: volt_x leads 7C, tech_twins plays 8S -> volt_x wins
  P2 Trick 10: volt_x leads QH, tech_twins plays 9S -> volt_x wins
  P2 Trick 11: volt_x leads 6H, tech_twins plays 6D -> volt_x wins
  P2 Trick 12: volt_x leads 9H, tech_twins plays 9D -> volt_x wins
  P2 Trick 13: volt_x leads 10H, tech_twins plays 10D -> volt_x wins
  Result: volt_x 9 - 4 tech_twins
  Winner: volt_x

============================================================
Game 67
============================================================
Players: tech_twins vs volt_x
Trump suit: S
Face-up card: 10S
tech_twins hand: 3C AC 2D 4D QD AD 3H 5H 8H QH 4S 8S QS
volt_x hand: 9C 10C JC 5D 6D 8D JD KD 2H 4H 7H JH 6S
  P1 Trick  1: tech_twins leads AD, volt_x plays 5D -> tech_twins wins
  P1 Trick  2: tech_twins leads AC, volt_x plays 9C -> tech_twins wins
  P1 Trick  3: tech_twins leads 3H, volt_x plays 2H -> tech_twins wins
  P1 Trick  4: tech_twins leads KC, volt_x plays 10C -> tech_twins wins
  P1 Trick  5: tech_twins leads 4S, volt_x plays 6S -> volt_x wins
  P1 Trick  6: volt_x leads KD, tech_twins plays 2D -> volt_x wins
  P1 Trick  7: volt_x leads KH, tech_twins plays AH -> tech_twins wins
  P1 Trick  8: tech_twins leads QH, volt_x plays 4H -> tech_twins wins
  P1 Trick  9: tech_twins leads QD, volt_x plays 6D -> tech_twins wins
  P1 Trick 10: tech_twins leads 8S, volt_x plays 3S -> tech_twins wins
  P1 Trick 11: tech_twins leads 9H, volt_x plays JH -> volt_x wins
  P1 Trick 12: volt_x leads QC, tech_twins plays 2C -> volt_x wins
  P1 Trick 13: volt_x leads JD, tech_twins plays 3D -> volt_x wins

--- Phase 2 (Scoring) ---
  P2 Trick  1: volt_x leads 10D, tech_twins plays 4D -> volt_x wins
  P2 Trick  2: volt_x leads 9D, tech_twins plays 2S -> tech_twins wins
  P2 Trick  3: tech_twins leads 5H, volt_x plays 7H -> volt_x wins
  P2 Trick  4: volt_x leads 8D, tech_twins plays 10S -> tech_twins wins
  P2 Trick  5: tech_twins leads 3C, volt_x plays 4C -> volt_x wins
  P2 Trick  6: volt_x leads JC, tech_twins plays 6C -> volt_x wins
  P2 Trick  7: volt_x leads 7D, tech_twins plays QS -> tech_twins wins
  P2 Trick  8: tech_twins leads 6H, volt_x plays 5S -> volt_x wins
  P2 Trick  9: volt_x leads 5C, tech_twins plays 7C -> tech_twins wins
  P2 Trick 10: tech_twins leads 8H, volt_x plays 7S -> volt_x wins
  P2 Trick 11: volt_x leads AS, tech_twins plays KS -> volt_x wins
  P2 Trick 12: volt_x leads 9S, tech_twins plays 8C -> volt_x wins
  P2 Trick 13: volt_x leads JS, tech_twins plays 10H -> volt_x wins
  Result: tech_twins 4 - 9 volt_x
  Winner: volt_x

============================================================
Game 68
============================================================
Players: volt_x vs tech_twins
Trump suit: D
Face-up card: 5D
volt_x hand: 2C 4C 6C 10C 3D JD KD 2H 3H 4H 7H 2S 3S
tech_twins hand: 6D 8D 9D 10D AD JH 4S 6S 7S 8S 10S JS QS
  P1 Trick  1: volt_x leads 10C, tech_twins plays 4S -> volt_x wins
  P1 Trick  2: volt_x leads 2S, tech_twins plays 6S -> tech_twins wins
  P1 Trick  3: tech_twins leads AD, volt_x plays 3D -> tech_twins wins
  P1 Trick  4: tech_twins leads KC, volt_x plays 2C -> tech_twins wins
  P1 Trick  5: tech_twins leads AC, volt_x plays 3C -> tech_twins wins
  P1 Trick  6: tech_twins leads QS, volt_x plays 3S -> tech_twins wins
  P1 Trick  7: tech_twins leads 7S, volt_x plays 9S -> volt_x wins
  P1 Trick  8: volt_x leads 9H, tech_twins plays JH -> tech_twins wins
  P1 Trick  9: tech_twins leads 9C, volt_x plays 4C -> tech_twins wins
  P1 Trick 10: tech_twins leads 10S, volt_x plays 5S -> tech_twins wins
  P1 Trick 11: tech_twins leads JS, volt_x plays 2H -> tech_twins wins
  P1 Trick 12: tech_twins leads JC, volt_x plays 5C -> tech_twins wins
  P1 Trick 13: tech_twins leads QC, volt_x plays 6C -> tech_twins wins

--- Phase 2 (Scoring) ---
  P2 Trick  1: tech_twins leads 8C, volt_x plays 7C -> tech_twins wins
  P2 Trick  2: tech_twins leads KS, volt_x plays 2D -> volt_x wins
  P2 Trick  3: volt_x leads KH, tech_twins plays AH -> tech_twins wins
  P2 Trick  4: tech_twins leads AS, volt_x plays 5D -> volt_x wins
  P2 Trick  5: volt_x leads QH, tech_twins plays 8H -> volt_x wins
  P2 Trick  6: volt_x leads 3H, tech_twins plays 10H -> tech_twins wins
  P2 Trick  7: tech_twins leads 4D, volt_x plays 7D -> volt_x wins
  P2 Trick  8: volt_x leads 4H, tech_twins plays 6D -> tech_twins wins
  P2 Trick  9: tech_twins leads 8D, volt_x plays JD -> volt_x wins
  P2 Trick 10: volt_x leads 5H, tech_twins plays 9D -> tech_twins wins
  P2 Trick 11: tech_twins leads 10D, volt_x plays KD -> volt_x wins
  P2 Trick 12: volt_x leads 6H, tech_twins plays QD -> tech_twins wins
  P2 Trick 13: tech_twins leads 8S, volt_x plays 7H -> tech_twins wins
  Result: volt_x 6 - 7 tech_twins
  Winner: tech_twins

============================================================
Game 69
============================================================
Players: tech_twins vs volt_x
Trump suit: S
Face-up card: KS
tech_twins hand: 2C 9C QC 6D 7D 9D 5H 9H KH 2S 7S 10S JS
volt_x hand: 4C 5C 6C 10C KC AC 8D 10D QH 3S 5S 6S 8S
  P1 Trick  1: tech_twins leads JS, volt_x plays 3S -> tech_twins wins
  P1 Trick  2: tech_twins leads 2S, volt_x plays 5S -> volt_x wins
  P1 Trick  3: volt_x leads AC, tech_twins plays 2C -> volt_x wins
  P1 Trick  4: volt_x leads 4C, tech_twins plays 9C -> tech_twins wins
  P1 Trick  5: tech_twins leads 6D, volt_x plays 4D -> tech_twins wins
  P1 Trick  6: tech_twins leads 3D, volt_x plays 5D -> volt_x wins
  P1 Trick  7: volt_x leads 2H, tech_twins plays 5H -> tech_twins wins
  P1 Trick  8: tech_twins leads KS, volt_x plays 6S -> tech_twins wins
  P1 Trick  9: tech_twins leads 6H, volt_x plays 3H -> tech_twins wins
  P1 Trick 10: tech_twins leads 2D, volt_x plays 8D -> volt_x wins
  P1 Trick 11: volt_x leads KC, tech_twins plays 3C -> volt_x wins
  P1 Trick 12: volt_x leads QH, tech_twins plays KH -> tech_twins wins
  P1 Trick 13: tech_twins leads 9H, volt_x plays AH -> volt_x wins

--- Phase 2 (Scoring) ---
  P2 Trick  1: volt_x leads JC, tech_twins plays QC -> tech_twins wins
  P2 Trick  2: tech_twins leads 10S, volt_x plays QS -> volt_x wins
  P2 Trick  3: volt_x leads 4H, tech_twins plays 10H -> tech_twins wins
  P2 Trick  4: tech_twins leads JH, volt_x plays 7H -> tech_twins wins
  P2 Trick  5: tech_twins leads JD, volt_x plays 10D -> tech_twins wins
  P2 Trick  6: tech_twins leads QD, volt_x plays 4S -> volt_x wins
  P2 Trick  7: volt_x leads 5C, tech_twins plays 7C -> tech_twins wins
  P2 Trick  8: tech_twins leads KD, volt_x plays 8S -> volt_x wins
  P2 Trick  9: volt_x leads 6C, tech_twins plays 8C -> tech_twins wins
  P2 Trick 10: tech_twins leads AD, volt_x plays 9S -> volt_x wins
  P2 Trick 11: volt_x leads 8H, tech_twins plays 7S -> tech_twins wins
  P2 Trick 12: tech_twins leads 7D, volt_x plays AS -> volt_x wins
  P2 Trick 13: volt_x leads 10C, tech_twins plays 9D -> volt_x wins
  Result: tech_twins 7 - 6 volt_x
  Winner: tech_twins

============================================================
Game 70
============================================================
Players: volt_x vs tech_twins
Trump suit: S
Face-up card: 8S
volt_x hand: 3C 10C 5D 8D 10D KD 3H 10H KH 2S 3S 9S QS
tech_twins hand: 2C JC QC 7D 5H 6H 7H QH AH 5S 7S KS AS
  P1 Trick  1: volt_x leads KD, tech_twins plays 7D -> volt_x wins
  P1 Trick  2: volt_x leads 3C, tech_twins plays 2C -> volt_x wins
  P1 Trick  3: volt_x leads 3H, tech_twins plays 4H -> tech_twins wins
  P1 Trick  4: tech_twins leads KS, volt_x plays 2S -> tech_twins wins
  P1 Trick  5: tech_twins leads 5H, volt_x plays 10H -> volt_x wins
  P1 Trick  6: volt_x leads KH, tech_twins plays AH -> tech_twins wins
  P1 Trick  7: tech_twins leads 6H, volt_x plays 8H -> volt_x wins
  P1 Trick  8: volt_x leads 2D, tech_twins plays 9D -> tech_twins wins
  P1 Trick  9: tech_twins leads JH, volt_x plays 3D -> tech_twins wins
  P1 Trick 10: tech_twins leads QH, volt_x plays 3S -> volt_x wins
  P1 Trick 11: volt_x leads KC, tech_twins plays 5C -> volt_x wins
  P1 Trick 12: volt_x leads 4C, tech_twins plays 6C -> tech_twins wins
  P1 Trick 13: tech_twins leads JC, volt_x plays 7C -> tech_twins wins

--- Phase 2 (Scoring) ---
  P2 Trick  1: tech_twins leads JD, volt_x plays QD -> volt_x wins
  P2 Trick  2: volt_x leads AC, tech_twins plays 8C -> volt_x wins
  P2 Trick  3: volt_x leads 5D, tech_twins plays AD -> tech_twins wins
  P2 Trick  4: tech_twins leads QC, volt_x plays 9C -> tech_twins wins
  P2 Trick  5: tech_twins leads AS, volt_x plays 6S -> tech_twins wins
  P2 Trick  6: tech_twins leads 4S, volt_x plays 8S -> volt_x wins
  P2 Trick  7: volt_x leads 10C, tech_twins plays 5S -> tech_twins wins
  P2 Trick  8: tech_twins leads 2H, volt_x plays 9S -> volt_x wins
  P2 Trick  9: volt_x leads 6D, tech_twins plays 4D -> volt_x wins
  P2 Trick 10: volt_x leads 8D, tech_twins plays 7S -> tech_twins wins
  P2 Trick 11: tech_twins leads 7H, volt_x plays JS -> volt_x wins
  P2 Trick 12: volt_x leads 10D, tech_twins plays 10S -> tech_twins wins
  P2 Trick 13: tech_twins leads 9H, volt_x plays QS -> volt_x wins
  Result: volt_x 7 - 6 tech_twins
  Winner: volt_x

============================================================
Game 71
============================================================
Players: tech_twins vs volt_x
Trump suit: D
Face-up card: 5D
tech_twins hand: 6C 7C 8C JC KC 7D 3H 4H 5H 8H QH 4S 8S
volt_x hand: 10C 3D 6D 8D 9D 7H 10H JH KH 5S 6S 10S KS
  P1 Trick  1: tech_twins leads 3H, volt_x plays 7H -> volt_x wins
  P1 Trick  2: volt_x leads 5S, tech_twins plays 4S -> volt_x wins
  P1 Trick  3: volt_x leads KH, tech_twins plays 4H -> volt_x wins
  P1 Trick  4: volt_x leads KS, tech_twins plays 8S -> volt_x wins
  P1 Trick  5: volt_x leads 6S, tech_twins plays 9S -> tech_twins wins
  P1 Trick  6: tech_twins leads 5C, volt_x plays 10C -> volt_x wins
  P1 Trick  7: volt_x leads AC, tech_twins plays 6C -> volt_x wins
  P1 Trick  8: volt_x leads 2C, tech_twins plays 7C -> tech_twins wins
  P1 Trick  9: tech_twins leads JC, volt_x plays 3C -> tech_twins wins
  P1 Trick 10: tech_twins leads QH, volt_x plays 2H -> tech_twins wins
  P1 Trick 11: tech_twins leads 5H, volt_x plays 6H -> volt_x wins
  P1 Trick 12: volt_x leads 7S, tech_twins plays 3S -> volt_x wins
  P1 Trick 13: volt_x leads 4C, tech_twins plays 8C -> tech_twins wins

--- Phase 2 (Scoring) ---
  P2 Trick  1: tech_twins leads JD, volt_x plays AD -> volt_x wins
  P2 Trick  2: volt_x leads JH, tech_twins plays AH -> tech_twins wins
  P2 Trick  3: tech_twins leads QD, volt_x plays 3D -> tech_twins wins
  P2 Trick  4: tech_twins leads QS, volt_x plays 10S -> tech_twins wins
  P2 Trick  5: tech_twins leads QC, volt_x plays 9C -> tech_twins wins
  P2 Trick  6: tech_twins leads KC, volt_x plays 4D -> volt_x wins
  P2 Trick  7: volt_x leads 10H, tech_twins plays 8H -> volt_x wins
  P2 Trick  8: volt_x leads JS, tech_twins plays AS -> tech_twins wins
  P2 Trick  9: tech_twins leads 9H, volt_x plays 5D -> volt_x wins
  P2 Trick 10: volt_x leads 6D, tech_twins plays 7D -> tech_twins wins
  P2 Trick 11: tech_twins leads KD, volt_x plays 8D -> tech_twins wins
  P2 Trick 12: tech_twins leads 2D, volt_x plays 9D -> volt_x wins
  P2 Trick 13: volt_x leads 10D, tech_twins plays 2S -> volt_x wins
  Result: tech_twins 7 - 6 volt_x
  Winner: tech_twins

============================================================
Game 72
============================================================
Players: volt_x vs tech_twins
Trump suit: S
Face-up card: AS
volt_x hand: 7C 9C 2D 3D 4H 5H 7H QH 4S 6S 9S JS QS
tech_twins hand: 2C 5C 6C JC 5D QD KD AD 6H 9H 10H 5S 10S
  P1 Trick  1: volt_x leads QH, tech_twins plays 6H -> volt_x wins
  P1 Trick  2: volt_x leads 9C, tech_twins plays JC -> tech_twins wins
  P1 Trick  3: tech_twins leads JD, volt_x plays 2D -> tech_twins wins
  P1 Trick  4: tech_twins leads QD, volt_x plays 3D -> tech_twins wins
  P1 Trick  5: tech_twins leads KD, volt_x plays 3S -> volt_x wins
  P1 Trick  6: volt_x leads 4H, tech_twins plays 8H -> tech_twins wins
  P1 Trick  7: tech_twins leads KS, volt_x plays 4S -> tech_twins wins
  P1 Trick  8: tech_twins leads 5D, volt_x plays 6S -> volt_x wins
  P1 Trick  9: volt_x leads 5H, tech_twins plays 9H -> tech_twins wins
  P1 Trick 10: tech_twins leads 2C, volt_x plays 3C -> volt_x wins
  P1 Trick 11: volt_x leads 2H, tech_twins plays 3H -> tech_twins wins
  P1 Trick 12: tech_twins leads 7D, volt_x plays 7C -> tech_twins wins
  P1 Trick 13: tech_twins leads 5C, volt_x plays 10C -> volt_x wins

--- Phase 2 (Scoring) ---
  P2 Trick  1: volt_x leads AH, tech_twins plays 10H -> volt_x wins
  P2 Trick  2: volt_x leads KH, tech_twins plays 5S -> tech_twins wins
  P2 Trick  3: tech_twins leads 8D, volt_x plays 4D -> tech_twins wins
  P2 Trick  4: tech_twins leads 9D, volt_x plays 6D -> tech_twins wins
  P2 Trick  5: tech_twins leads 10D, volt_x plays 2S -> volt_x wins
  P2 Trick  6: volt_x leads JH, tech_twins plays 10S -> tech_twins wins
  P2 Trick  7: tech_twins leads QC, volt_x plays 7S -> volt_x wins
  P2 Trick  8: volt_x leads 7H, tech_twins plays AD -> volt_x wins
  P2 Trick  9: volt_x leads AS, tech_twins plays 4C -> volt_x wins
  P2 Trick 10: volt_x leads QS, tech_twins plays 6C -> volt_x wins
  P2 Trick 11: volt_x leads JS, tech_twins plays 8C -> volt_x wins
  P2 Trick 12: volt_x leads 8S, tech_twins plays KC -> volt_x wins
  P2 Trick 13: volt_x leads 9S, tech_twins plays AC -> volt_x wins
  Result: volt_x 9 - 4 tech_twins
  Winner: volt_x

============================================================
Game 73
============================================================
Players: tech_twins vs volt_x
Trump suit: H
Face-up card: 4H
tech_twins hand: 5C 10C AC 4D 6D 7D 3H 8H 9H 10H KH 2S 4S
volt_x hand: 3C 4C JC 5D 9D JD KD 7H QH 5S 7S 9S QS
  P1 Trick  1: tech_twins leads 3H, volt_x plays 7H -> volt_x wins
  P1 Trick  2: volt_x leads 3C, tech_twins plays 5C -> tech_twins wins
  P1 Trick  3: tech_twins leads AC, volt_x plays 4C -> tech_twins wins
  P1 Trick  4: tech_twins leads 8D, volt_x plays 9D -> volt_x wins
  P1 Trick  5: volt_x leads 5D, tech_twins plays 6D -> tech_twins wins
  P1 Trick  6: tech_twins leads 8H, volt_x plays 4H -> tech_twins wins
  P1 Trick  7: tech_twins leads 2C, volt_x plays 9C -> volt_x wins
  P1 Trick  8: volt_x leads KD, tech_twins plays 3D -> volt_x wins
  P1 Trick  9: volt_x leads 5S, tech_twins plays 2S -> volt_x wins
  P1 Trick 10: volt_x leads 2D, tech_twins plays 4D -> tech_twins wins
  P1 Trick 11: tech_twins leads QC, volt_x plays JC -> tech_twins wins
  P1 Trick 12: tech_twins leads KC, volt_x plays 5H -> volt_x wins
  P1 Trick 13: volt_x leads 6S, tech_twins plays 3S -> volt_x wins

--- Phase 2 (Scoring) ---
  P2 Trick  1: volt_x leads AS, tech_twins plays 4S -> volt_x wins
  P2 Trick  2: volt_x leads KS, tech_twins plays 10S -> volt_x wins
  P2 Trick  3: volt_x leads QS, tech_twins plays 2H -> tech_twins wins
  P2 Trick  4: tech_twins leads QD, volt_x plays AD -> volt_x wins
  P2 Trick  5: volt_x leads JS, tech_twins plays 9H -> tech_twins wins
  P2 Trick  6: tech_twins leads 7C, volt_x plays 6C -> tech_twins wins
  P2 Trick  7: tech_twins leads 10H, volt_x plays QH -> volt_x wins
  P2 Trick  8: volt_x leads JD, tech_twins plays 7D -> volt_x wins
  P2 Trick  9: volt_x leads 7S, tech_twins plays JH -> tech_twins wins
  P2 Trick 10: tech_twins leads 10D, volt_x plays 6H -> volt_x wins
  P2 Trick 11: volt_x leads 8S, tech_twins plays KH -> tech_twins wins
  P2 Trick 12: tech_twins leads 8C, volt_x plays AH -> volt_x wins
  P2 Trick 13: volt_x leads 9S, tech_twins plays 10C -> volt_x wins
  Result: tech_twins 5 - 8 volt_x
  Winner: volt_x

============================================================
Game 74
============================================================
Players: volt_x vs tech_twins
Trump suit: H
Face-up card: 6H
volt_x hand: 2C KC 2D 9D QD 4H 7H 9H KH 3S JS QS KS
tech_twins hand: 5C QC AC 6D 7D KD 8H 2S 4S 7S 8S 9S 10S
  P1 Trick  1: volt_x leads KS, tech_twins plays 2S -> volt_x wins
  P1 Trick  2: volt_x leads 2C, tech_twins plays 5C -> tech_twins wins
  P1 Trick  3: tech_twins leads 4S, volt_x plays 3S -> tech_twins wins
  P1 Trick  4: tech_twins leads KD, volt_x plays 2D -> tech_twins wins
  P1 Trick  5: tech_twins leads AC, volt_x plays 3C -> tech_twins wins
  P1 Trick  6: tech_twins leads AS, volt_x plays JS -> tech_twins wins
  P1 Trick  7: tech_twins leads AD, volt_x plays 9D -> tech_twins wins
  P1 Trick  8: tech_twins leads 5S, volt_x plays QS -> volt_x wins
  P1 Trick  9: volt_x leads KC, tech_twins plays 4C -> volt_x wins
  P1 Trick 10: volt_x leads QD, tech_twins plays 6D -> volt_x wins
  P1 Trick 11: volt_x leads 4D, tech_twins plays 7D -> tech_twins wins
  P1 Trick 12: tech_twins leads 6S, volt_x plays 8D -> tech_twins wins
  P1 Trick 13: tech_twins leads 9C, volt_x plays 6C -> tech_twins wins

--- Phase 2 (Scoring) ---
  P2 Trick  1: tech_twins leads 10D, volt_x plays 5D -> tech_twins wins
  P2 Trick  2: tech_twins leads 10C, volt_x plays 7C -> tech_twins wins
  P2 Trick  3: tech_twins leads JD, volt_x plays 2H -> volt_x wins
  P2 Trick  4: volt_x leads 8C, tech_twins plays JC -> tech_twins wins
  P2 Trick  5: tech_twins leads QC, volt_x plays 3H -> volt_x wins
  P2 Trick  6: volt_x leads AH, tech_twins plays 8H -> volt_x wins
  P2 Trick  7: volt_x leads KH, tech_twins plays 10H -> volt_x wins
  P2 Trick  8: volt_x leads QH, tech_twins plays JH -> volt_x wins
  P2 Trick  9: volt_x leads 4H, tech_twins plays 3D -> volt_x wins
  P2 Trick 10: volt_x leads 5H, tech_twins plays 7S -> volt_x wins
  P2 Trick 11: volt_x leads 6H, tech_twins plays 8S -> volt_x wins
  P2 Trick 12: volt_x leads 7H, tech_twins plays 9S -> volt_x wins
  P2 Trick 13: volt_x leads 9H, tech_twins plays 10S -> volt_x wins
  Result: volt_x 10 - 3 tech_twins
  Winner: volt_x

============================================================
Game 75
============================================================
Players: tech_twins vs volt_x
Trump suit: D
Face-up card: 9D
tech_twins hand: 5C JC QC 6D 8D 6H 10H 5S 6S 8S 9S KS AS
volt_x hand: 3C 4C 9C 10D QD AD 5H 7H AH 2S 4S 7S QS
  P1 Trick  1: tech_twins leads KS, volt_x plays 2S -> tech_twins wins
  P1 Trick  2: tech_twins leads 5S, volt_x plays 7S -> volt_x wins
  P1 Trick  3: volt_x leads QS, tech_twins plays AS -> tech_twins wins
  P1 Trick  4: tech_twins leads AC, volt_x plays 3C -> tech_twins wins
  P1 Trick  5: tech_twins leads KD, volt_x plays AD -> volt_x wins
  P1 Trick  6: volt_x leads 4S, tech_twins plays 6S -> tech_twins wins
  P1 Trick  7: tech_twins leads 9D, volt_x plays 3D -> tech_twins wins
  P1 Trick  8: tech_twins leads 5C, volt_x plays 4C -> tech_twins wins
  P1 Trick  9: tech_twins leads 2C, volt_x plays 6C -> volt_x wins
  P1 Trick 10: volt_x leads JH, tech_twins plays 4H -> volt_x wins
  P1 Trick 11: volt_x leads 5H, tech_twins plays 6H -> tech_twins wins
  P1 Trick 12: tech_twins leads 10C, volt_x plays 7C -> tech_twins wins
  P1 Trick 13: tech_twins leads JC, volt_x plays 8C -> tech_twins wins

--- Phase 2 (Scoring) ---
  P2 Trick  1: tech_twins leads QC, volt_x plays 9C -> tech_twins wins
  P2 Trick  2: tech_twins leads KC, volt_x plays 5D -> volt_x wins
  P2 Trick  3: volt_x leads AH, tech_twins plays 2H -> volt_x wins
  P2 Trick  4: volt_x leads JS, tech_twins plays 8S -> volt_x wins
  P2 Trick  5: volt_x leads 3H, tech_twins plays 9H -> tech_twins wins
  P2 Trick  6: tech_twins leads 10H, volt_x plays 7H -> tech_twins wins
  P2 Trick  7: tech_twins leads QH, volt_x plays 8H -> tech_twins wins
  P2 Trick  8: tech_twins leads KH, volt_x plays 7D -> volt_x wins
  P2 Trick  9: volt_x leads 3S, tech_twins plays 9S -> tech_twins wins
  P2 Trick 10: tech_twins leads 2D, volt_x plays 10D -> volt_x wins
  P2 Trick 11: volt_x leads 10S, tech_twins plays 4D -> tech_twins wins
  P2 Trick 12: tech_twins leads 6D, volt_x plays JD -> volt_x wins
  P2 Trick 13: volt_x leads QD, tech_twins plays 8D -> volt_x wins
  Result: tech_twins 6 - 7 volt_x
  Winner: volt_x

============================================================
Game 76
============================================================
Players: volt_x vs tech_twins
Trump suit: C
Face-up card: 5C
volt_x hand: KC 5D JD QD 6H JH QH AH 5S 7S 8S 10S AS
tech_twins hand: 2C 3C 7C 10C QC AC 6D 7H 8H 9H 2S JS QS
  P1 Trick  1: volt_x leads 5D, tech_twins plays 6D -> tech_twins wins
  P1 Trick  2: tech_twins leads 2C, volt_x plays KC -> volt_x wins
  P1 Trick  3: volt_x leads 3S, tech_twins plays 2S -> volt_x wins
  P1 Trick  4: volt_x leads 4D, tech_twins plays 7D -> tech_twins wins
  P1 Trick  5: tech_twins leads AC, volt_x plays 3D -> tech_twins wins
  P1 Trick  6: tech_twins leads QC, volt_x plays JC -> tech_twins wins
  P1 Trick  7: tech_twins leads 5H, volt_x plays 6H -> volt_x wins
  P1 Trick  8: volt_x leads 5S, tech_twins plays 6S -> tech_twins wins
  P1 Trick  9: tech_twins leads KH, volt_x plays AH -> volt_x wins
  P1 Trick 10: volt_x leads 7S, tech_twins plays 9S -> tech_twins wins
  P1 Trick 11: tech_twins leads AD, volt_x plays 8D -> tech_twins wins
  P1 Trick 12: tech_twins leads 3C, volt_x plays 4C -> volt_x wins
  P1 Trick 13: volt_x leads 2H, tech_twins plays 4H -> tech_twins wins

--- Phase 2 (Scoring) ---
  P2 Trick  1: tech_twins leads 5C, volt_x plays 8C -> volt_x wins
  P2 Trick  2: volt_x leads KD, tech_twins plays 2D -> volt_x wins
  P2 Trick  3: volt_x leads QD, tech_twins plays 6C -> tech_twins wins
  P2 Trick  4: tech_twins leads 3H, volt_x plays 10H -> volt_x wins
  P2 Trick  5: volt_x leads JD, tech_twins plays 7C -> tech_twins wins
  P2 Trick  6: tech_twins leads 7H, volt_x plays JH -> volt_x wins
  P2 Trick  7: volt_x leads 10D, tech_twins plays 9C -> tech_twins wins
  P2 Trick  8: tech_twins leads JS, volt_x plays AS -> volt_x wins
  P2 Trick  9: volt_x leads QH, tech_twins plays 8H -> volt_x wins
  P2 Trick 10: volt_x leads 9D, tech_twins plays 10C -> tech_twins wins
  P2 Trick 11: tech_twins leads QS, volt_x plays 4S -> tech_twins wins
  P2 Trick 12: tech_twins leads 9H, volt_x plays 8S -> tech_twins wins
  P2 Trick 13: tech_twins leads KS, volt_x plays 10S -> tech_twins wins
  Result: volt_x 6 - 7 tech_twins
  Winner: tech_twins

============================================================
Game 77
============================================================
Players: tech_twins vs volt_x
Trump suit: S
Face-up card: QS
tech_twins hand: 5C 10C QC KC 2D 4D 6D 8D 10D AD 6H 10H 8S
volt_x hand: 2C 8C 3D 9D QD KD 2H 8H 3S 4S 5S JS KS
  P1 Trick  1: tech_twins leads AD, volt_x plays 3D -> tech_twins wins
  P1 Trick  2: tech_twins leads 2D, volt_x plays 9D -> volt_x wins
  P1 Trick  3: volt_x leads KD, tech_twins plays 4D -> volt_x wins
  P1 Trick  4: volt_x leads 2C, tech_twins plays 5C -> tech_twins wins
  P1 Trick  5: tech_twins leads 7C, volt_x plays 3C -> tech_twins wins
  P1 Trick  6: tech_twins leads 5H, volt_x plays 8H -> volt_x wins
  P1 Trick  7: volt_x leads 2H, tech_twins plays 6H -> tech_twins wins
  P1 Trick  8: tech_twins leads 4C, volt_x plays 6C -> volt_x wins
  P1 Trick  9: volt_x leads 4H, tech_twins plays 10H -> tech_twins wins
  P1 Trick 10: tech_twins leads AS, volt_x plays 3S -> tech_twins wins
  P1 Trick 11: tech_twins leads KC, volt_x plays AC -> volt_x wins
  P1 Trick 12: volt_x leads 5D, tech_twins plays 6D -> tech_twins wins
  P1 Trick 13: tech_twins leads KH, volt_x plays 9H -> tech_twins wins

--- Phase 2 (Scoring) ---
  P2 Trick  1: tech_twins leads 3H, volt_x plays AH -> volt_x wins
  P2 Trick  2: volt_x leads QD, tech_twins plays 8D -> volt_x wins
  P2 Trick  3: volt_x leads 7D, tech_twins plays 10D -> tech_twins wins
  P2 Trick  4: tech_twins leads JD, volt_x plays 4S -> volt_x wins
  P2 Trick  5: volt_x leads 8C, tech_twins plays 10C -> tech_twins wins
  P2 Trick  6: tech_twins leads 2S, volt_x plays 5S -> volt_x wins
  P2 Trick  7: volt_x leads 9C, tech_twins plays JC -> tech_twins wins
  P2 Trick  8: tech_twins leads 7H, volt_x plays 6S -> volt_x wins
  P2 Trick  9: volt_x leads KS, tech_twins plays 8S -> volt_x wins
  P2 Trick 10: volt_x leads 7S, tech_twins plays QS -> tech_twins wins
  P2 Trick 11: tech_twins leads JH, volt_x plays 9S -> volt_x wins
  P2 Trick 12: volt_x leads 10S, tech_twins plays QC -> volt_x wins
  P2 Trick 13: volt_x leads JS, tech_twins plays QH -> volt_x wins
  Result: tech_twins 4 - 9 volt_x
  Winner: volt_x

============================================================
Game 78
============================================================
Players: volt_x vs tech_twins
Trump suit: C
Face-up card: KC
volt_x hand: 3C 4C 2D 3D 8D JD 4H JH 8S 9S 10S QS AS
tech_twins hand: 2C 10D QD KD 3H 5H 6H 10H 4S 5S 6S 7S JS
  P1 Trick  1: volt_x leads AS, tech_twins plays 4S -> volt_x wins
  P1 Trick  2: volt_x leads 2D, tech_twins plays 10D -> tech_twins wins
  P1 Trick  3: tech_twins leads AH, volt_x plays 4H -> tech_twins wins
  P1 Trick  4: tech_twins leads JS, volt_x plays QS -> volt_x wins
  P1 Trick  5: volt_x leads KH, tech_twins plays 3H -> volt_x wins
  P1 Trick  6: volt_x leads JD, tech_twins plays QD -> tech_twins wins
  P1 Trick  7: tech_twins leads AC, volt_x plays 3C -> tech_twins wins
  P1 Trick  8: tech_twins leads 2S, volt_x plays 8S -> volt_x wins
  P1 Trick  9: volt_x leads KS, tech_twins plays 5S -> volt_x wins
  P1 Trick 10: volt_x leads 3D, tech_twins plays 5D -> tech_twins wins
  P1 Trick 11: tech_twins leads 2C, volt_x plays 4C -> volt_x wins
  P1 Trick 12: volt_x leads 2H, tech_twins plays 5H -> tech_twins wins
  P1 Trick 13: tech_twins leads 7C, volt_x plays 10C -> volt_x wins

--- Phase 2 (Scoring) ---
  P2 Trick  1: volt_x leads 10S, tech_twins plays 3S -> volt_x wins
  P2 Trick  2: volt_x leads AD, tech_twins plays 4D -> volt_x wins
  P2 Trick  3: volt_x leads 9S, tech_twins plays 6S -> volt_x wins
  P2 Trick  4: volt_x leads JH, tech_twins plays QH -> tech_twins wins
  P2 Trick  5: tech_twins leads 6H, volt_x plays 8H -> volt_x wins
  P2 Trick  6: volt_x leads 6D, tech_twins plays 9D -> tech_twins wins
  P2 Trick  7: tech_twins leads 7H, volt_x plays 5C -> volt_x wins
  P2 Trick  8: volt_x leads 7D, tech_twins plays KD -> tech_twins wins
  P2 Trick  9: tech_twins leads 8C, volt_x plays JC -> volt_x wins
  P2 Trick 10: volt_x leads 8D, tech_twins plays 9C -> tech_twins wins
  P2 Trick 11: tech_twins leads 9H, volt_x plays 6C -> volt_x wins
  P2 Trick 12: volt_x leads KC, tech_twins plays 7S -> volt_x wins
  P2 Trick 13: volt_x leads QC, tech_twins plays 10H -> volt_x wins
  Result: volt_x 9 - 4 tech_twins
  Winner: volt_x

============================================================
Game 79
============================================================
Players: tech_twins vs volt_x
Trump suit: D
Face-up card: 2D
tech_twins hand: 5C AC 7D 9D JD QD KD 5H 7H 4S 6S 9S JS
volt_x hand: 3C 4C 10C 3D 5D AD QH AH 3S 8S 10S KS AS
  P1 Trick  1: tech_twins leads 7D, volt_x plays 3D -> tech_twins wins
  P1 Trick  2: tech_twins leads AC, volt_x plays 3C -> tech_twins wins
  P1 Trick  3: tech_twins leads 2D, volt_x plays 5D -> volt_x wins
  P1 Trick  4: volt_x leads 2C, tech_twins plays 5C -> tech_twins wins
  P1 Trick  5: tech_twins leads 6D, volt_x plays 8D -> volt_x wins
  P1 Trick  6: volt_x leads 2H, tech_twins plays 5H -> tech_twins wins
  P1 Trick  7: tech_twins leads 9D, volt_x plays AD -> volt_x wins
  P1 Trick  8: volt_x leads 3S, tech_twins plays 4S -> tech_twins wins
  P1 Trick  9: tech_twins leads 10D, volt_x plays 4C -> tech_twins wins
  P1 Trick 10: tech_twins leads 5S, volt_x plays 7S -> volt_x wins
  P1 Trick 11: volt_x leads 2S, tech_twins plays 6S -> tech_twins wins
  P1 Trick 12: tech_twins leads 4D, volt_x plays 6H -> tech_twins wins
  P1 Trick 13: tech_twins leads 3H, volt_x plays 10H -> volt_x wins

--- Phase 2 (Scoring) ---
  P2 Trick  1: volt_x leads KC, tech_twins plays 6C -> volt_x wins
  P2 Trick  2: volt_x leads AS, tech_twins plays 9S -> volt_x wins
  P2 Trick  3: volt_x leads AH, tech_twins plays 4H -> volt_x wins
  P2 Trick  4: volt_x leads QC, tech_twins plays 7C -> volt_x wins
  P2 Trick  5: volt_x leads KS, tech_twins plays JS -> volt_x wins
  P2 Trick  6: volt_x leads KH, tech_twins plays 7H -> volt_x wins
  P2 Trick  7: volt_x leads JC, tech_twins plays 8C -> volt_x wins
  P2 Trick  8: volt_x leads QS, tech_twins plays JD -> tech_twins wins
  P2 Trick  9: tech_twins leads QD, volt_x plays 8S -> tech_twins wins
  P2 Trick 10: tech_twins leads 8H, volt_x plays 9H -> volt_x wins
  P2 Trick 11: volt_x leads QH, tech_twins plays JH -> volt_x wins
  P2 Trick 12: volt_x leads 10C, tech_twins plays 9C -> volt_x wins
  P2 Trick 13: volt_x leads 10S, tech_twins plays KD -> tech_twins wins
  Result: tech_twins 3 - 10 volt_x
  Winner: volt_x

============================================================
Game 80
============================================================
Players: volt_x vs tech_twins
Trump suit: H
Face-up card: 5H
volt_x hand: 7C JC 4D 10D 2H 4H JH QH AH 2S 5S 9S KS
tech_twins hand: 2C 9C 10C KC 2D 3D 5D 7D 8D 6H 7H 8S QS
  P1 Trick  1: volt_x leads KS, tech_twins plays 8S -> volt_x wins
  P1 Trick  2: volt_x leads 2S, tech_twins plays QS -> tech_twins wins
  P1 Trick  3: tech_twins leads 2D, volt_x plays 4D -> volt_x wins
  P1 Trick  4: volt_x leads JC, tech_twins plays KC -> tech_twins wins
  P1 Trick  5: tech_twins leads 3D, volt_x plays 10D -> volt_x wins
  P1 Trick  6: volt_x leads 9S, tech_twins plays 4S -> volt_x wins
  P1 Trick  7: volt_x leads 3S, tech_twins plays 7S -> tech_twins wins
  P1 Trick  8: tech_twins leads QD, volt_x plays KD -> volt_x wins
  P1 Trick  9: volt_x leads JS, tech_twins plays 6H -> tech_twins wins
  P1 Trick 10: tech_twins leads JD, volt_x plays 2H -> volt_x wins
  P1 Trick 11: volt_x leads 5S, tech_twins plays AS -> tech_twins wins
  P1 Trick 12: tech_twins leads 2C, volt_x plays 4C -> volt_x wins
  P1 Trick 13: volt_x leads QC, tech_twins plays AC -> tech_twins wins

--- Phase 2 (Scoring) ---
  P2 Trick  1: tech_twins leads 6S, volt_x plays 10S -> volt_x wins
  P2 Trick  2: volt_x leads AD, tech_twins plays 5D -> volt_x wins
  P2 Trick  3: volt_x leads 9D, tech_twins plays 6D -> volt_x wins
  P2 Trick  4: volt_x leads 3C, tech_twins plays 5C -> tech_twins wins
  P2 Trick  5: tech_twins leads 9C, volt_x plays 7C -> tech_twins wins
  P2 Trick  6: tech_twins leads 10C, volt_x plays 8C -> tech_twins wins
  P2 Trick  7: tech_twins leads 7H, volt_x plays 10H -> volt_x wins
  P2 Trick  8: volt_x leads AH, tech_twins plays 8H -> volt_x wins
  P2 Trick  9: volt_x leads 3H, tech_twins plays 9H -> tech_twins wins
  P2 Trick 10: tech_twins leads KH, volt_x plays 4H -> tech_twins wins
  P2 Trick 11: tech_twins leads 7D, volt_x plays 5H -> volt_x wins
  P2 Trick 12: volt_x leads QH, tech_twins plays 8D -> volt_x wins
  P2 Trick 13: volt_x leads JH, tech_twins plays 6C -> volt_x wins
  Result: volt_x 8 - 5 tech_twins
  Winner: volt_x

============================================================
Game 81
============================================================
Players: tech_twins vs volt_x
Trump suit: S
Face-up card: AS
tech_twins hand: 4C 7C 8C 9C 3D 6D 7D JD 3H KH 4S 6S KS
volt_x hand: 2C 10C 4D QD KD 2H QH AH 2S 7S 8S 10S JS
  P1 Trick  1: tech_twins leads KS, volt_x plays 2S -> tech_twins wins
  P1 Trick  2: tech_twins leads AS, volt_x plays 7S -> tech_twins wins
  P1 Trick  3: tech_twins leads KC, volt_x plays 2C -> tech_twins wins
  P1 Trick  4: tech_twins leads 4C, volt_x plays 10C -> volt_x wins
  P1 Trick  5: volt_x leads 2H, tech_twins plays 3H -> tech_twins wins
  P1 Trick  6: tech_twins leads 2D, volt_x plays 4D -> volt_x wins
  P1 Trick  7: volt_x leads 5C, tech_twins plays 7C -> tech_twins wins
  P1 Trick  8: tech_twins leads QS, volt_x plays 8S -> tech_twins wins
  P1 Trick  9: tech_twins leads JD, volt_x plays QD -> volt_x wins
  P1 Trick 10: volt_x leads 6C, tech_twins plays 8C -> tech_twins wins
  P1 Trick 11: tech_twins leads 3D, volt_x plays 5D -> volt_x wins
  P1 Trick 12: volt_x leads KD, tech_twins plays 6D -> volt_x wins
  P1 Trick 13: volt_x leads 6H, tech_twins plays 9H -> tech_twins wins

--- Phase 2 (Scoring) ---
  P2 Trick  1: tech_twins leads QC, volt_x plays JC -> tech_twins wins
  P2 Trick  2: tech_twins leads AC, volt_x plays 3S -> volt_x wins
  P2 Trick  3: volt_x leads AH, tech_twins plays 5H -> volt_x wins
  P2 Trick  4: volt_x leads AD, tech_twins plays 7D -> volt_x wins
  P2 Trick  5: volt_x leads QH, tech_twins plays KH -> tech_twins wins
  P2 Trick  6: tech_twins leads JH, volt_x plays 4H -> tech_twins wins
  P2 Trick  7: tech_twins leads 4S, volt_x plays 9S -> volt_x wins
  P2 Trick  8: volt_x leads 7H, tech_twins plays 5S -> tech_twins wins
  P2 Trick  9: tech_twins leads 3C, volt_x plays 10S -> volt_x wins
  P2 Trick 10: volt_x leads 8D, tech_twins plays 9D -> tech_twins wins
  P2 Trick 11: tech_twins leads 9C, volt_x plays JS -> volt_x wins
  P2 Trick 12: volt_x leads 8H, tech_twins plays 6S -> tech_twins wins
  P2 Trick 13: tech_twins leads 10D, volt_x plays 10H -> tech_twins wins
  Result: tech_twins 7 - 6 volt_x
  Winner: tech_twins

============================================================
Game 82
============================================================
Players: volt_x vs tech_twins
Trump suit: S
Face-up card: 5S
volt_x hand: 8C 10D JD 3H 4H 10H KH 2S 3S 8S 9S JS KS
tech_twins hand: 2C 3C 6C QC 4D 5D 6D 9D 9H JH 6S 7S 10S
  P1 Trick  1: volt_x leads KH, tech_twins plays 9H -> volt_x wins
  P1 Trick  2: volt_x leads 3H, tech_twins plays JH -> tech_twins wins
  P1 Trick  3: tech_twins leads QD, volt_x plays 10D -> tech_twins wins
  P1 Trick  4: tech_twins leads 2C, volt_x plays 7C -> volt_x wins
  P1 Trick  5: volt_x leads KD, tech_twins plays 4D -> volt_x wins
  P1 Trick  6: volt_x leads 4H, tech_twins plays QH -> tech_twins wins
  P1 Trick  7: tech_twins leads 3C, volt_x plays 8C -> volt_x wins
  P1 Trick  8: volt_x leads JD, tech_twins plays 5D -> volt_x wins
  P1 Trick  9: volt_x leads 10H, tech_twins plays 5H -> volt_x wins
  P1 Trick 10: volt_x leads 8D, tech_twins plays 3D -> volt_x wins
  P1 Trick 11: volt_x leads 2D, tech_twins plays 6D -> tech_twins wins
  P1 Trick 12: tech_twins leads 4C, volt_x plays 9C -> volt_x wins
  P1 Trick 13: volt_x leads 2H, tech_twins plays 6H -> tech_twins wins

--- Phase 2 (Scoring) ---
  P2 Trick  1: tech_twins leads 8H, volt_x plays AH -> volt_x wins
  P2 Trick  2: volt_x leads AC, tech_twins plays 5C -> volt_x wins
  P2 Trick  3: volt_x leads 7H, tech_twins plays 6S -> tech_twins wins
  P2 Trick  4: tech_twins leads JC, volt_x plays 10C -> tech_twins wins
  P2 Trick  5: tech_twins leads QC, volt_x plays 2S -> volt_x wins
  P2 Trick  6: volt_x leads AS, tech_twins plays 7S -> volt_x wins
  P2 Trick  7: volt_x leads KS, tech_twins plays 10S -> volt_x wins
  P2 Trick  8: volt_x leads 3S, tech_twins plays QS -> tech_twins wins
  P2 Trick  9: tech_twins leads KC, volt_x plays 4S -> volt_x wins
  P2 Trick 10: volt_x leads 5S, tech_twins plays 6C -> volt_x wins
  P2 Trick 11: volt_x leads 8S, tech_twins plays 7D -> volt_x wins
  P2 Trick 12: volt_x leads 9S, tech_twins plays 9D -> volt_x wins
  P2 Trick 13: volt_x leads JS, tech_twins plays AD -> volt_x wins
  Result: volt_x 10 - 3 tech_twins
  Winner: volt_x

============================================================
Game 83
============================================================
Players: tech_twins vs volt_x
Trump suit: D
Face-up card: 6D
tech_twins hand: 4C AC 4D KD AD 4H 5H 7H AH 5S 6S 8S KS
volt_x hand: 5C 7C 9C 10C QC KC 5D 9D 10D 3H QH 7S 9S
  P1 Trick  1: tech_twins leads KD, volt_x plays 5D -> tech_twins wins
  P1 Trick  2: tech_twins leads AD, volt_x plays 9D -> tech_twins wins
  P1 Trick  3: tech_twins leads AC, volt_x plays 2C -> tech_twins wins
  P1 Trick  4: tech_twins leads AH, volt_x plays 3H -> tech_twins wins
  P1 Trick  5: tech_twins leads KS, volt_x plays 7S -> tech_twins wins
  P1 Trick  6: tech_twins leads 5S, volt_x plays 9S -> volt_x wins
  P1 Trick  7: volt_x leads 4S, tech_twins plays 6S -> tech_twins wins
  P1 Trick  8: tech_twins leads KH, volt_x plays 6H -> tech_twins wins
  P1 Trick  9: tech_twins leads JD, volt_x plays 10D -> tech_twins wins
  P1 Trick 10: tech_twins leads 4D, volt_x plays 3S -> tech_twins wins
  P1 Trick 11: tech_twins leads QD, volt_x plays 2H -> tech_twins wins
  P1 Trick 12: tech_twins leads JH, volt_x plays 8H -> tech_twins wins
  P1 Trick 13: tech_twins leads 4H, volt_x plays 9H -> volt_x wins

--- Phase 2 (Scoring) ---
  P2 Trick  1: volt_x leads AS, tech_twins plays 8S -> volt_x wins
  P2 Trick  2: volt_x leads KC, tech_twins plays 4C -> volt_x wins
  P2 Trick  3: volt_x leads QC, tech_twins plays 6C -> volt_x wins
  P2 Trick  4: volt_x leads QS, tech_twins plays 10S -> volt_x wins
  P2 Trick  5: volt_x leads QH, tech_twins plays 5H -> volt_x wins
  P2 Trick  6: volt_x leads 3C, tech_twins plays JC -> tech_twins wins
  P2 Trick  7: tech_twins leads 10H, volt_x plays 7D -> volt_x wins
  P2 Trick  8: volt_x leads 5C, tech_twins plays 2D -> tech_twins wins
  P2 Trick  9: tech_twins leads JS, volt_x plays 2S -> tech_twins wins
  P2 Trick 10: tech_twins leads 3D, volt_x plays 7C -> tech_twins wins
  P2 Trick 11: tech_twins leads 6D, volt_x plays 8C -> tech_twins wins
  P2 Trick 12: tech_twins leads 7H, volt_x plays 9C -> tech_twins wins
  P2 Trick 13: tech_twins leads 8D, volt_x plays 10C -> tech_twins wins
  Result: tech_twins 7 - 6 volt_x
  Winner: tech_twins

============================================================
Game 84
============================================================
Players: volt_x vs tech_twins
Trump suit: C
Face-up card: 5C
volt_x hand: 3C 10C JC 3D 6D 7D 2H 10H JH 4S 5S 9S KS
tech_twins hand: 7C AC 9D 10D AD 3H 7H QH 3S 6S JS QS AS
  P1 Trick  1: volt_x leads KS, tech_twins plays 3S -> volt_x wins
  P1 Trick  2: volt_x leads JH, tech_twins plays QH -> tech_twins wins
  P1 Trick  3: tech_twins leads 6S, volt_x plays 4S -> tech_twins wins
  P1 Trick  4: tech_twins leads JS, volt_x plays 5S -> tech_twins wins
  P1 Trick  5: tech_twins leads QS, volt_x plays 9S -> tech_twins wins
  P1 Trick  6: tech_twins leads 3H, volt_x plays 2H -> tech_twins wins
  P1 Trick  7: tech_twins leads KD, volt_x plays 3D -> tech_twins wins
  P1 Trick  8: tech_twins leads KH, volt_x plays 10H -> tech_twins wins
  P1 Trick  9: tech_twins leads AS, volt_x plays 10S -> tech_twins wins
  P1 Trick 10: tech_twins leads 5D, volt_x plays 4D -> tech_twins wins
  P1 Trick 11: tech_twins leads QC, volt_x plays 2C -> tech_twins wins
  P1 Trick 12: tech_twins leads 2D, volt_x plays 6D -> volt_x wins
  P1 Trick 13: volt_x leads 8H, tech_twins plays 4H -> volt_x wins

--- Phase 2 (Scoring) ---
  P2 Trick  1: volt_x leads QD, tech_twins plays AD -> tech_twins wins
  P2 Trick  2: tech_twins leads KC, volt_x plays 3C -> tech_twins wins
  P2 Trick  3: tech_twins leads AC, volt_x plays 4C -> tech_twins wins
  P2 Trick  4: tech_twins leads AH, volt_x plays 6H -> tech_twins wins
  P2 Trick  5: tech_twins leads 5H, volt_x plays 5C -> volt_x wins
  P2 Trick  6: volt_x leads JD, tech_twins plays 9D -> volt_x wins
  P2 Trick  7: volt_x leads 7D, tech_twins plays 10D -> tech_twins wins
  P2 Trick  8: tech_twins leads 2S, volt_x plays 6C -> volt_x wins
  P2 Trick  9: volt_x leads 8D, tech_twins plays 7C -> tech_twins wins
  P2 Trick 10: tech_twins leads 7H, volt_x plays 8C -> volt_x wins
  P2 Trick 11: volt_x leads JC, tech_twins plays 9H -> volt_x wins
  P2 Trick 12: volt_x leads 10C, tech_twins plays 7S -> volt_x wins
  P2 Trick 13: volt_x leads 9C, tech_twins plays 8S -> volt_x wins
  Result: volt_x 7 - 6 tech_twins
  Winner: volt_x

============================================================
Game 85
============================================================
Players: tech_twins vs volt_x
Trump suit: C
Face-up card: 7C
tech_twins hand: 2C 9C QC AC 3D 10D JD 2H 5H 10H KH AH 10S
volt_x hand: 3C 10C 5D 8D 3H 4H 7H QH 2S 4S 5S 8S KS
  P1 Trick  1: tech_twins leads KH, volt_x plays 3H -> tech_twins wins
  P1 Trick  2: tech_twins leads AH, volt_x plays 4H -> tech_twins wins
  P1 Trick  3: tech_twins leads AC, volt_x plays 3C -> tech_twins wins
  P1 Trick  4: tech_twins leads 2C, volt_x plays 5C -> volt_x wins
  P1 Trick  5: volt_x leads 2S, tech_twins plays 10S -> tech_twins wins
  P1 Trick  6: tech_twins leads 2H, volt_x plays 6H -> volt_x wins
  P1 Trick  7: volt_x leads KS, tech_twins plays 3S -> volt_x wins
  P1 Trick  8: volt_x leads QH, tech_twins plays 5H -> volt_x wins
  P1 Trick  9: volt_x leads KD, tech_twins plays 3D -> volt_x wins
  P1 Trick 10: volt_x leads 7H, tech_twins plays 8H -> tech_twins wins
  P1 Trick 11: tech_twins leads 9H, volt_x plays 4S -> tech_twins wins
  P1 Trick 12: tech_twins leads 10H, volt_x plays 4D -> tech_twins wins
  P1 Trick 13: tech_twins leads 9D, volt_x plays 5D -> tech_twins wins

--- Phase 2 (Scoring) ---
  P2 Trick  1: tech_twins leads 10D, volt_x plays 6D -> tech_twins wins
  P2 Trick  2: tech_twins leads JD, volt_x plays 7D -> tech_twins wins
  P2 Trick  3: tech_twins leads JH, volt_x plays 6C -> volt_x wins
  P2 Trick  4: volt_x leads AS, tech_twins plays 7S -> volt_x wins
  P2 Trick  5: volt_x leads JS, tech_twins plays QS -> tech_twins wins
  P2 Trick  6: tech_twins leads QD, volt_x plays 8D -> tech_twins wins
  P2 Trick  7: tech_twins leads AD, volt_x plays 8C -> volt_x wins
  P2 Trick  8: volt_x leads 5S, tech_twins plays 4C -> tech_twins wins
  P2 Trick  9: tech_twins leads 7C, volt_x plays 10C -> volt_x wins
  P2 Trick 10: volt_x leads 6S, tech_twins plays 9C -> tech_twins wins
  P2 Trick 11: tech_twins leads JC, volt_x plays KC -> volt_x wins
  P2 Trick 12: volt_x leads 8S, tech_twins plays QC -> tech_twins wins
  P2 Trick 13: tech_twins leads 2D, volt_x plays 9S -> tech_twins wins
  Result: tech_twins 8 - 5 volt_x
  Winner: tech_twins

============================================================
Game 86
============================================================
Players: volt_x vs tech_twins
Trump suit: H
Face-up card: 2H
volt_x hand: 2C 9C JC 10D 3H 10H JH 2S 4S 6S 8S 10S JS
tech_twins hand: 3C 6C QC KC AC 8D KD 4H 8H AH 3S 5S AS
  P1 Trick  1: volt_x leads 2C, tech_twins plays 3C -> tech_twins wins
  P1 Trick  2: tech_twins leads QC, volt_x plays 9C -> tech_twins wins
  P1 Trick  3: tech_twins leads 2H, volt_x plays 3H -> volt_x wins
  P1 Trick  4: volt_x leads 2D, tech_twins plays 5D -> tech_twins wins
  P1 Trick  5: tech_twins leads QD, volt_x plays 10D -> tech_twins wins
  P1 Trick  6: tech_twins leads KD, volt_x plays 2S -> tech_twins wins
  P1 Trick  7: tech_twins leads KC, volt_x plays 8C -> tech_twins wins
  P1 Trick  8: tech_twins leads KH, volt_x plays 5H -> tech_twins wins
  P1 Trick  9: tech_twins leads 4H, volt_x plays 6H -> volt_x wins
  P1 Trick 10: volt_x leads 4D, tech_twins plays 8D -> tech_twins wins
  P1 Trick 11: tech_twins leads AH, volt_x plays 7H -> tech_twins wins
  P1 Trick 12: tech_twins leads 6C, volt_x plays 5C -> tech_twins wins
  P1 Trick 13: tech_twins leads 3D, volt_x plays 4S -> tech_twins wins

--- Phase 2 (Scoring) ---
  P2 Trick  1: tech_twins leads AC, volt_x plays JC -> tech_twins wins
  P2 Trick  2: tech_twins leads AS, volt_x plays 6S -> tech_twins wins
  P2 Trick  3: tech_twins leads AD, volt_x plays JD -> tech_twins wins
  P2 Trick  4: tech_twins leads 4C, volt_x plays 10H -> volt_x wins
  P2 Trick  5: volt_x leads KS, tech_twins plays 3S -> volt_x wins
  P2 Trick  6: volt_x leads QS, tech_twins plays 5S -> volt_x wins
  P2 Trick  7: volt_x leads JS, tech_twins plays 8H -> tech_twins wins
  P2 Trick  8: tech_twins leads 6D, volt_x plays JH -> volt_x wins
  P2 Trick  9: volt_x leads 10S, tech_twins plays 9H -> tech_twins wins
  P2 Trick 10: tech_twins leads 7C, volt_x plays QH -> volt_x wins
  P2 Trick 11: volt_x leads 9S, tech_twins plays 10C -> volt_x wins
  P2 Trick 12: volt_x leads 8S, tech_twins plays 7D -> volt_x wins
  P2 Trick 13: volt_x leads 7S, tech_twins plays 9D -> volt_x wins
  Result: volt_x 8 - 5 tech_twins
  Winner: volt_x

============================================================
Game 87
============================================================
Players: tech_twins vs volt_x
Trump suit: D
Face-up card: 7D
tech_twins hand: 2C 9C JC 3D QD 3H 7H QH 3S 4S 5S 7S JS
volt_x hand: 3C 8C QC KC AC 8D KD 5H 8H JH KH 9S KS
  P1 Trick  1: tech_twins leads 3S, volt_x plays 9S -> volt_x wins
  P1 Trick  2: volt_x leads AC, tech_twins plays 2C -> volt_x wins
  P1 Trick  3: volt_x leads 3C, tech_twins plays 9C -> tech_twins wins
  P1 Trick  4: tech_twins leads 4S, volt_x plays KS -> volt_x wins
  P1 Trick  5: volt_x leads 8S, tech_twins plays 5S -> volt_x wins
  P1 Trick  6: volt_x leads 4H, tech_twins plays 3H -> volt_x wins
  P1 Trick  7: volt_x leads 2H, tech_twins plays 6H -> tech_twins wins
  P1 Trick  8: tech_twins leads 2D, volt_x plays 5D -> volt_x wins
  P1 Trick  9: volt_x leads 5H, tech_twins plays 7H -> tech_twins wins
  P1 Trick 10: tech_twins leads AH, volt_x plays 8H -> tech_twins wins
  P1 Trick 11: tech_twins leads 6S, volt_x plays 4D -> volt_x wins
  P1 Trick 12: volt_x leads KC, tech_twins plays 4C -> volt_x wins
  P1 Trick 13: volt_x leads 5C, tech_twins plays 7C -> tech_twins wins

--- Phase 2 (Scoring) ---
  P2 Trick  1: tech_twins leads 3D, volt_x plays 6D -> volt_x wins
  P2 Trick  2: volt_x leads AS, tech_twins plays 7S -> volt_x wins
  P2 Trick  3: volt_x leads KH, tech_twins plays 9H -> volt_x wins
  P2 Trick  4: volt_x leads QC, tech_twins plays 10C -> volt_x wins
  P2 Trick  5: volt_x leads 2S, tech_twins plays 10S -> tech_twins wins
  P2 Trick  6: tech_twins leads JC, volt_x plays 6C -> tech_twins wins
  P2 Trick  7: tech_twins leads QH, volt_x plays JH -> tech_twins wins
  P2 Trick  8: tech_twins leads 9D, volt_x plays 10D -> volt_x wins
  P2 Trick  9: volt_x leads 8C, tech_twins plays JD -> tech_twins wins
  P2 Trick 10: tech_twins leads JS, volt_x plays 7D -> volt_x wins
  P2 Trick 11: volt_x leads AD, tech_twins plays QD -> volt_x wins
  P2 Trick 12: volt_x leads KD, tech_twins plays 10H -> volt_x wins
  P2 Trick 13: volt_x leads 8D, tech_twins plays QS -> volt_x wins
  Result: tech_twins 4 - 9 volt_x
  Winner: volt_x

============================================================
Game 88
============================================================
Players: volt_x vs tech_twins
Trump suit: C
Face-up card: 7C
volt_x hand: 6C 9C 8D QD 3H 6H 8H 10H 3S 6S 7S 9S 10S
tech_twins hand: 10C KC AC 4D 10D JD AD 9H QH 4S 5S 8S AS
  P1 Trick  1: volt_x leads QD, tech_twins plays 4D -> volt_x wins
  P1 Trick  2: volt_x leads 10S, tech_twins plays 4S -> volt_x wins
  P1 Trick  3: volt_x leads 3H, tech_twins plays 9H -> tech_twins wins
  P1 Trick  4: tech_twins leads 10D, volt_x plays 8D -> tech_twins wins
  P1 Trick  5: tech_twins leads 5S, volt_x plays 6S -> volt_x wins
  P1 Trick  6: volt_x leads KS, tech_twins plays AS -> tech_twins wins
  P1 Trick  7: tech_twins leads JD, volt_x plays 3C -> volt_x wins
  P1 Trick  8: volt_x leads 3S, tech_twins plays 8S -> tech_twins wins
  P1 Trick  9: tech_twins leads JH, volt_x plays 4H -> tech_twins wins
  P1 Trick 10: tech_twins leads 4C, volt_x plays 5C -> volt_x wins
  P1 Trick 11: volt_x leads 5D, tech_twins plays 2D -> volt_x wins
  P1 Trick 12: volt_x leads QS, tech_twins plays 2S -> volt_x wins
  P1 Trick 13: volt_x leads 2H, tech_twins plays QH -> tech_twins wins

--- Phase 2 (Scoring) ---
  P2 Trick  1: tech_twins leads 9D, volt_x plays 6D -> tech_twins wins
  P2 Trick  2: tech_twins leads 10C, volt_x plays JC -> volt_x wins
  P2 Trick  3: volt_x leads 5H, tech_twins plays KH -> tech_twins wins
  P2 Trick  4: tech_twins leads JS, volt_x plays 7S -> tech_twins wins
  P2 Trick  5: tech_twins leads KC, volt_x plays 6C -> tech_twins wins
  P2 Trick  6: tech_twins leads KD, volt_x plays 7C -> volt_x wins
  P2 Trick  7: volt_x leads 6H, tech_twins plays AH -> tech_twins wins
  P2 Trick  8: tech_twins leads AC, volt_x plays 9C -> tech_twins wins
  P2 Trick  9: tech_twins leads AD, volt_x plays QC -> volt_x wins
  P2 Trick 10: volt_x leads 7H, tech_twins plays 2C -> tech_twins wins
  P2 Trick 11: tech_twins leads 3D, volt_x plays 8H -> tech_twins wins
  P2 Trick 12: tech_twins leads 7D, volt_x plays 10H -> tech_twins wins
  P2 Trick 13: tech_twins leads 8C, volt_x plays 9S -> tech_twins wins
  Result: volt_x 3 - 10 tech_twins
  Winner: tech_twins

============================================================
Game 89
============================================================
Players: tech_twins vs volt_x
Trump suit: C
Face-up card: 2C
tech_twins hand: 4C 6C 7C JC QC AC QD KD QH AH 10S QS KS
volt_x hand: 5C 8C 4D 6D 7D 9D JD 5H 10H 3S 5S 6S 9S
  P1 Trick  1: tech_twins leads 4C, volt_x plays 5C -> volt_x wins
  P1 Trick  2: volt_x leads JD, tech_twins plays QD -> tech_twins wins
  P1 Trick  3: tech_twins leads 6C, volt_x plays 2C -> tech_twins wins
  P1 Trick  4: tech_twins leads KD, volt_x plays 4D -> tech_twins wins
  P1 Trick  5: tech_twins leads AH, volt_x plays 5H -> tech_twins wins
  P1 Trick  6: tech_twins leads QH, volt_x plays 2H -> tech_twins wins
  P1 Trick  7: tech_twins leads 7C, volt_x plays 8C -> volt_x wins
  P1 Trick  8: volt_x leads 10H, tech_twins plays JH -> tech_twins wins
  P1 Trick  9: tech_twins leads 9C, volt_x plays KC -> volt_x wins
  P1 Trick 10: volt_x leads 3H, tech_twins plays 9H -> tech_twins wins
  P1 Trick 11: tech_twins leads 7H, volt_x plays 4H -> tech_twins wins
  P1 Trick 12: tech_twins leads 10C, volt_x plays 3S -> tech_twins wins
  P1 Trick 13: tech_twins leads 3C, volt_x plays 6H -> tech_twins wins

--- Phase 2 (Scoring) ---
  P2 Trick  1: tech_twins leads 8H, volt_x plays 4S -> tech_twins wins
  P2 Trick  2: tech_twins leads KH, volt_x plays 5S -> tech_twins wins
  P2 Trick  3: tech_twins leads AC, volt_x plays 5D -> tech_twins wins
  P2 Trick  4: tech_twins leads AD, volt_x plays 6D -> tech_twins wins
  P2 Trick  5: tech_twins leads 2S, volt_x plays 6S -> volt_x wins
  P2 Trick  6: volt_x leads AS, tech_twins plays 10S -> volt_x wins
  P2 Trick  7: volt_x leads JS, tech_twins plays QS -> tech_twins wins
  P2 Trick  8: tech_twins leads KS, volt_x plays 7S -> tech_twins wins
  P2 Trick  9: tech_twins leads 2D, volt_x plays 7D -> volt_x wins
  P2 Trick 10: volt_x leads 8S, tech_twins plays JC -> tech_twins wins
  P2 Trick 11: tech_twins leads 3D, volt_x plays 9D -> volt_x wins
  P2 Trick 12: volt_x leads 9S, tech_twins plays QC -> tech_twins wins
  P2 Trick 13: tech_twins leads 8D, volt_x plays 10D -> volt_x wins
  Result: tech_twins 8 - 5 volt_x
  Winner: tech_twins

============================================================
Game 90
============================================================
Players: volt_x vs tech_twins
Trump suit: H
Face-up card: 7H
volt_x hand: 4C 10C 2D 3D 7D JD 6H 9H 10H QH KH JS AS
tech_twins hand: 6C 8C 9C KD AD 2H 3H JH 6S 7S 8S 9S 10S
  P1 Trick  1: volt_x leads JD, tech_twins plays KD -> tech_twins wins
  P1 Trick  2: tech_twins leads AD, volt_x plays 2D -> tech_twins wins
  P1 Trick  3: tech_twins leads 6S, volt_x plays JS -> volt_x wins
  P1 Trick  4: volt_x leads 3D, tech_twins plays 9D -> tech_twins wins
  P1 Trick  5: tech_twins leads 3S, volt_x plays AS -> volt_x wins
  P1 Trick  6: volt_x leads 10C, tech_twins plays 6C -> volt_x wins
  P1 Trick  7: volt_x leads 2C, tech_twins plays 8C -> tech_twins wins
  P1 Trick  8: tech_twins leads 7S, volt_x plays 5S -> tech_twins wins
  P1 Trick  9: tech_twins leads 8S, volt_x plays KS -> volt_x wins
  P1 Trick 10: volt_x leads 4S, tech_twins plays 9S -> tech_twins wins
  P1 Trick 11: tech_twins leads 2H, volt_x plays 4H -> volt_x wins
  P1 Trick 12: volt_x leads 2S, tech_twins plays 10S -> tech_twins wins
  P1 Trick 13: tech_twins leads 8D, volt_x plays 6D -> tech_twins wins

--- Phase 2 (Scoring) ---
  P2 Trick  1: tech_twins leads 9C, volt_x plays 3C -> tech_twins wins
  P2 Trick  2: tech_twins leads 10D, volt_x plays 5D -> tech_twins wins
  P2 Trick  3: tech_twins leads JC, volt_x plays 4C -> tech_twins wins
  P2 Trick  4: tech_twins leads QC, volt_x plays 7C -> tech_twins wins
  P2 Trick  5: tech_twins leads QD, volt_x plays 7D -> tech_twins wins
  P2 Trick  6: tech_twins leads KC, volt_x plays 5H -> volt_x wins
  P2 Trick  7: volt_x leads AH, tech_twins plays 3H -> volt_x wins
  P2 Trick  8: volt_x leads KH, tech_twins plays 7H -> volt_x wins
  P2 Trick  9: volt_x leads QH, tech_twins plays JH -> volt_x wins
  P2 Trick 10: volt_x leads 6H, tech_twins plays QS -> volt_x wins
  P2 Trick 11: volt_x leads 8H, tech_twins plays 4D -> volt_x wins
  P2 Trick 12: volt_x leads 9H, tech_twins plays 5C -> volt_x wins
  P2 Trick 13: volt_x leads 10H, tech_twins plays AC -> volt_x wins
  Result: volt_x 8 - 5 tech_twins
  Winner: volt_x

============================================================
Game 91
============================================================
Players: tech_twins vs volt_x
Trump suit: D
Face-up card: 3D
tech_twins hand: 8C 10C QC 4D 6D 8D JD KD 4H 8S JS QS KS
volt_x hand: 3C 4C 6C 7C 9D 2H 7H 9H KH 3S 4S 5S 9S
  P1 Trick  1: tech_twins leads 4D, volt_x plays 9D -> volt_x wins
  P1 Trick  2: volt_x leads 2H, tech_twins plays 4H -> tech_twins wins
  P1 Trick  3: tech_twins leads AC, volt_x plays 3C -> tech_twins wins
  P1 Trick  4: tech_twins leads 7S, volt_x plays 2S -> tech_twins wins
  P1 Trick  5: tech_twins leads 6S, volt_x plays 3S -> tech_twins wins
  P1 Trick  6: tech_twins leads KD, volt_x plays 3D -> tech_twins wins
  P1 Trick  7: tech_twins leads KS, volt_x plays 4S -> tech_twins wins
  P1 Trick  8: tech_twins leads QC, volt_x plays 4C -> tech_twins wins
  P1 Trick  9: tech_twins leads 8S, volt_x plays 5S -> tech_twins wins
  P1 Trick 10: tech_twins leads 2C, volt_x plays 6C -> volt_x wins
  P1 Trick 11: volt_x leads KH, tech_twins plays 3H -> volt_x wins
  P1 Trick 12: volt_x leads 5H, tech_twins plays 6H -> tech_twins wins
  P1 Trick 13: tech_twins leads 8C, volt_x plays 9C -> volt_x wins

--- Phase 2 (Scoring) ---
  P2 Trick  1: volt_x leads AS, tech_twins plays 10S -> volt_x wins
  P2 Trick  2: volt_x leads KC, tech_twins plays 5C -> volt_x wins
  P2 Trick  3: volt_x leads JH, tech_twins plays QH -> tech_twins wins
  P2 Trick  4: tech_twins leads 10C, volt_x plays 7C -> tech_twins wins
  P2 Trick  5: tech_twins leads JS, volt_x plays 9S -> tech_twins wins
  P2 Trick  6: tech_twins leads JC, volt_x plays 5D -> volt_x wins
  P2 Trick  7: volt_x leads 7H, tech_twins plays AH -> tech_twins wins
  P2 Trick  8: tech_twins leads QS, volt_x plays 10D -> volt_x wins
  P2 Trick  9: volt_x leads 8H, tech_twins plays 2D -> tech_twins wins
  P2 Trick 10: tech_twins leads 6D, volt_x plays QD -> volt_x wins
  P2 Trick 11: volt_x leads 9H, tech_twins plays 7D -> tech_twins wins
  P2 Trick 12: tech_twins leads 8D, volt_x plays AD -> volt_x wins
  P2 Trick 13: volt_x leads 10H, tech_twins plays JD -> tech_twins wins
  Result: tech_twins 7 - 6 volt_x
  Winner: tech_twins

============================================================
Game 92
============================================================
Players: volt_x vs tech_twins
Trump suit: H
Face-up card: 8H
volt_x hand: 7C 10C JC 5D 6D 7D KD 4H 5H QH 7S KS AS
tech_twins hand: 4C 9C QC AC 4D QD 9H JH KH 3S 8S 9S 10S
  P1 Trick  1: volt_x leads KD, tech_twins plays 4D -> volt_x wins
  P1 Trick  2: volt_x leads 5D, tech_twins plays QD -> tech_twins wins
  P1 Trick  3: tech_twins leads 4C, volt_x plays 7C -> volt_x wins
  P1 Trick  4: volt_x leads 4S, tech_twins plays 8S -> tech_twins wins
  P1 Trick  5: tech_twins leads 5C, volt_x plays 8C -> volt_x wins
  P1 Trick  6: volt_x leads KS, tech_twins plays 2S -> volt_x wins
  P1 Trick  7: volt_x leads 2D, tech_twins plays JD -> tech_twins wins
  P1 Trick  8: tech_twins leads QC, volt_x plays 10C -> tech_twins wins
  P1 Trick  9: tech_twins leads KH, volt_x plays 4H -> tech_twins wins
  P1 Trick 10: tech_twins leads KC, volt_x plays 3C -> tech_twins wins
  P1 Trick 11: tech_twins leads 3S, volt_x plays 5S -> volt_x wins
  P1 Trick 12: volt_x leads QS, tech_twins plays 9S -> volt_x wins
  P1 Trick 13: volt_x leads 7S, tech_twins plays 10S -> tech_twins wins

--- Phase 2 (Scoring) ---
  P2 Trick  1: tech_twins leads 10D, volt_x plays 6D -> tech_twins wins
  P2 Trick  2: tech_twins leads AC, volt_x plays 2C -> tech_twins wins
  P2 Trick  3: tech_twins leads AH, volt_x plays 2H -> tech_twins wins
  P2 Trick  4: tech_twins leads AD, volt_x plays 7D -> tech_twins wins
  P2 Trick  5: tech_twins leads 7H, volt_x plays 8H -> volt_x wins
  P2 Trick  6: volt_x leads AS, tech_twins plays 6S -> volt_x wins
  P2 Trick  7: volt_x leads JC, tech_twins plays 6C -> volt_x wins
  P2 Trick  8: volt_x leads 9D, tech_twins plays 3D -> volt_x wins
  P2 Trick  9: volt_x leads QH, tech_twins plays 9H -> volt_x wins
  P2 Trick 10: volt_x leads 3H, tech_twins plays JH -> tech_twins wins
  P2 Trick 11: tech_twins leads 8D, volt_x plays 5H -> volt_x wins
  P2 Trick 12: volt_x leads 6H, tech_twins plays 9C -> volt_x wins
  P2 Trick 13: volt_x leads 10H, tech_twins plays JS -> volt_x wins
  Result: volt_x 8 - 5 tech_twins
  Winner: volt_x

============================================================
Game 93
============================================================
Players: tech_twins vs volt_x
Trump suit: C
Face-up card: JC
tech_twins hand: 10C AC 2D 7D 8D JD 2H 10H 3S 9S JS KS AS
volt_x hand: 4C 5C 7C 9C KD AD 3H 4H 7H 8H JH 7S QS
  P1 Trick  1: tech_twins leads KS, volt_x plays 7S -> tech_twins wins
  P1 Trick  2: tech_twins leads AC, volt_x plays 4C -> tech_twins wins
  P1 Trick  3: tech_twins leads AS, volt_x plays QS -> tech_twins wins
  P1 Trick  4: tech_twins leads JD, volt_x plays KD -> volt_x wins
  P1 Trick  5: volt_x leads 3H, tech_twins plays 2H -> volt_x wins
  P1 Trick  6: volt_x leads AH, tech_twins plays 9H -> volt_x wins
  P1 Trick  7: volt_x leads QH, tech_twins plays 6H -> volt_x wins
  P1 Trick  8: volt_x leads 3D, tech_twins plays 5D -> tech_twins wins
  P1 Trick  9: tech_twins leads 2S, volt_x plays 4H -> tech_twins wins
  P1 Trick 10: tech_twins leads 2D, volt_x plays 6D -> volt_x wins
  P1 Trick 11: volt_x leads JH, tech_twins plays KH -> tech_twins wins
  P1 Trick 12: tech_twins leads 10H, volt_x plays 5H -> tech_twins wins
  P1 Trick 13: tech_twins leads QD, volt_x plays AD -> volt_x wins

--- Phase 2 (Scoring) ---
  P2 Trick  1: volt_x leads 10D, tech_twins plays 4D -> volt_x wins
  P2 Trick  2: volt_x leads 4S, tech_twins plays 6S -> tech_twins wins
  P2 Trick  3: tech_twins leads 3S, volt_x plays 5S -> volt_x wins
  P2 Trick  4: volt_x leads 8S, tech_twins plays 9S -> tech_twins wins
  P2 Trick  5: tech_twins leads 2C, volt_x plays 3C -> volt_x wins
  P2 Trick  6: volt_x leads 7H, tech_twins plays 8C -> tech_twins wins
  P2 Trick  7: tech_twins leads 7D, volt_x plays 5C -> volt_x wins
  P2 Trick  8: volt_x leads 8H, tech_twins plays 10C -> tech_twins wins
  P2 Trick  9: tech_twins leads 8D, volt_x plays 6C -> volt_x wins
  P2 Trick 10: volt_x leads KC, tech_twins plays JC -> volt_x wins
  P2 Trick 11: volt_x leads QC, tech_twins plays 9D -> volt_x wins
  P2 Trick 12: volt_x leads 7C, tech_twins plays 10S -> volt_x wins
  P2 Trick 13: volt_x leads 9C, tech_twins plays JS -> volt_x wins
  Result: tech_twins 4 - 9 volt_x
  Winner: volt_x

============================================================
Game 94
============================================================
Players: volt_x vs tech_twins
Trump suit: S
Face-up card: 2S
volt_x hand: 5C 9C 2D 9D QD KD 7H 10H JH QH AH 3S QS
tech_twins hand: QC KC AC 3D 10D JD AD 2H 4H 6H 8H 5S 7S
  P1 Trick  1: volt_x leads 2D, tech_twins plays 3D -> tech_twins wins
  P1 Trick  2: tech_twins leads QC, volt_x plays 5C -> tech_twins wins
  P1 Trick  3: tech_twins leads KC, volt_x plays 9C -> tech_twins wins
  P1 Trick  4: tech_twins leads AD, volt_x plays 5D -> tech_twins wins
  P1 Trick  5: tech_twins leads AC, volt_x plays 4C -> tech_twins wins
  P1 Trick  6: tech_twins leads 2S, volt_x plays 3S -> volt_x wins
  P1 Trick  7: volt_x leads 6C, tech_twins plays 5S -> tech_twins wins
  P1 Trick  8: tech_twins leads 7S, volt_x plays JS -> volt_x wins
  P1 Trick  9: volt_x leads 3H, tech_twins plays 4H -> tech_twins wins
  P1 Trick 10: tech_twins leads JC, volt_x plays 10C -> tech_twins wins
  P1 Trick 11: tech_twins leads AS, volt_x plays QS -> tech_twins wins
  P1 Trick 12: tech_twins leads KS, volt_x plays 6S -> tech_twins wins
  P1 Trick 13: tech_twins leads 2H, volt_x plays 5H -> volt_x wins

--- Phase 2 (Scoring) ---
  P2 Trick  1: volt_x leads KD, tech_twins plays 7D -> volt_x wins
  P2 Trick  2: volt_x leads AH, tech_twins plays 6H -> volt_x wins
  P2 Trick  3: volt_x leads QD, tech_twins plays 8D -> volt_x wins
  P2 Trick  4: volt_x leads 8C, tech_twins plays 2C -> volt_x wins
  P2 Trick  5: volt_x leads QH, tech_twins plays KH -> tech_twins wins
  P2 Trick  6: tech_twins leads 10D, volt_x plays 4D -> tech_twins wins
  P2 Trick  7: tech_twins leads JD, volt_x plays 6D -> tech_twins wins
  P2 Trick  8: tech_twins leads 4S, volt_x plays 3C -> tech_twins wins
  P2 Trick  9: tech_twins leads 8S, volt_x plays 7H -> tech_twins wins
  P2 Trick 10: tech_twins leads 9S, volt_x plays 9H -> tech_twins wins
  P2 Trick 11: tech_twins leads 8H, volt_x plays 10H -> volt_x wins
  P2 Trick 12: volt_x leads 9D, tech_twins plays 10S -> tech_twins wins
  P2 Trick 13: tech_twins leads 7C, volt_x plays JH -> tech_twins wins
  Result: volt_x 5 - 8 tech_twins
  Winner: tech_twins

============================================================
Game 95
============================================================
Players: tech_twins vs volt_x
Trump suit: H
Face-up card: 7H
tech_twins hand: 5C QC KC 5D 7D JD 8H 10H KH 2S 6S JS KS
volt_x hand: 2C 3C JC AC KD 2H 6H 9H JH AH 4S 5S 8S
  P1 Trick  1: tech_twins leads 2S, volt_x plays 4S -> volt_x wins
  P1 Trick  2: volt_x leads 2C, tech_twins plays 5C -> tech_twins wins
  P1 Trick  3: tech_twins leads JD, volt_x plays KD -> volt_x wins
  P1 Trick  4: volt_x leads 3C, tech_twins plays 7C -> tech_twins wins
  P1 Trick  5: tech_twins leads 6S, volt_x plays 8S -> volt_x wins
  P1 Trick  6: volt_x leads 5S, tech_twins plays 10S -> tech_twins wins
  P1 Trick  7: tech_twins leads 2D, volt_x plays 10D -> volt_x wins
  P1 Trick  8: volt_x leads JC, tech_twins plays 9C -> volt_x wins
  P1 Trick  9: volt_x leads 6D, tech_twins plays 4D -> volt_x wins
  P1 Trick 10: volt_x leads 3S, tech_twins plays 9S -> tech_twins wins
  P1 Trick 11: tech_twins leads AD, volt_x plays 2H -> volt_x wins
  P1 Trick 12: volt_x leads 4C, tech_twins plays 10C -> tech_twins wins
  P1 Trick 13: tech_twins leads 3H, volt_x plays 4H -> volt_x wins

--- Phase 2 (Scoring) ---
  P2 Trick  1: volt_x leads AC, tech_twins plays QC -> volt_x wins
  P2 Trick  2: volt_x leads AS, tech_twins plays JS -> volt_x wins
  P2 Trick  3: volt_x leads 7S, tech_twins plays QS -> tech_twins wins
  P2 Trick  4: tech_twins leads KS, volt_x plays 5H -> volt_x wins
  P2 Trick  5: volt_x leads 6C, tech_twins plays KC -> tech_twins wins
  P2 Trick  6: tech_twins leads 3D, volt_x plays 9D -> volt_x wins
  P2 Trick  7: volt_x leads 8C, tech_twins plays 8H -> tech_twins wins
  P2 Trick  8: tech_twins leads 5D, volt_x plays 6H -> volt_x wins
  P2 Trick  9: volt_x leads AH, tech_twins plays 10H -> volt_x wins
  P2 Trick 10: volt_x leads 7H, tech_twins plays KH -> tech_twins wins
  P2 Trick 11: tech_twins leads 7D, volt_x plays 9H -> volt_x wins
  P2 Trick 12: volt_x leads JH, tech_twins plays 8D -> volt_x wins
  P2 Trick 13: volt_x leads QH, tech_twins plays QD -> volt_x wins
  Result: tech_twins 4 - 9 volt_x
  Winner: volt_x

============================================================
Game 96
============================================================
Players: volt_x vs tech_twins
Trump suit: S
Face-up card: AS
volt_x hand: 2C 4C 6C 8C 9D AD 2H 6H 7H 9H 10H 8S 9S
tech_twins hand: 5C JC KC 3D 4D 6D KD 3H 4H 5H 3S 5S 7S
  P1 Trick  1: volt_x leads AD, tech_twins plays 3D -> volt_x wins
  P1 Trick  2: volt_x leads 2C, tech_twins plays 5C -> tech_twins wins
  P1 Trick  3: tech_twins leads KD, volt_x plays 9D -> tech_twins wins
  P1 Trick  4: tech_twins leads JH, volt_x plays 2H -> tech_twins wins
  P1 Trick  5: tech_twins leads 7S, volt_x plays 8S -> volt_x wins
  P1 Trick  6: volt_x leads QD, tech_twins plays 4D -> volt_x wins
  P1 Trick  7: volt_x leads 4C, tech_twins plays 10C -> tech_twins wins
  P1 Trick  8: tech_twins leads KS, volt_x plays AS -> volt_x wins
  P1 Trick  9: volt_x leads 6C, tech_twins plays 3C -> volt_x wins
  P1 Trick 10: volt_x leads 7D, tech_twins plays 6D -> volt_x wins
  P1 Trick 11: volt_x leads KH, tech_twins plays 3H -> volt_x wins
  P1 Trick 12: volt_x leads 2D, tech_twins plays 8D -> tech_twins wins
  P1 Trick 13: tech_twins leads 2S, volt_x plays 4S -> volt_x wins

--- Phase 2 (Scoring) ---
  P2 Trick  1: volt_x leads JD, tech_twins plays 10D -> volt_x wins
  P2 Trick  2: volt_x leads QH, tech_twins plays AH -> tech_twins wins
  P2 Trick  3: tech_twins leads JC, volt_x plays 7C -> tech_twins wins
  P2 Trick  4: tech_twins leads QC, volt_x plays 8C -> tech_twins wins
  P2 Trick  5: tech_twins leads KC, volt_x plays 9C -> tech_twins wins
  P2 Trick  6: tech_twins leads AC, volt_x plays 9S -> volt_x wins
  P2 Trick  7: volt_x leads 6H, tech_twins plays 8H -> tech_twins wins
  P2 Trick  8: tech_twins leads 3S, volt_x plays JS -> volt_x wins
  P2 Trick  9: volt_x leads 7H, tech_twins plays 4H -> volt_x wins
  P2 Trick 10: volt_x leads 5D, tech_twins plays 5S -> tech_twins wins
  P2 Trick 11: tech_twins leads 6S, volt_x plays QS -> volt_x wins
  P2 Trick 12: volt_x leads 9H, tech_twins plays 5H -> volt_x wins
  P2 Trick 13: volt_x leads 10H, tech_twins plays 10S -> tech_twins wins
  Result: volt_x 6 - 7 tech_twins
  Winner: tech_twins

============================================================
Game 97
============================================================
Players: tech_twins vs volt_x
Trump suit: H
Face-up card: 10H
tech_twins hand: 4C 5C 7C 6D 10D JD 3H 4H 3S 4S 9S JS AS
volt_x hand: 3C 8C 9C 10C QC 3D 5D 2H 8H QH KH 6S 8S
  P1 Trick  1: tech_twins leads AS, volt_x plays 6S -> tech_twins wins
  P1 Trick  2: tech_twins leads JS, volt_x plays 8S -> tech_twins wins
  P1 Trick  3: tech_twins leads AD, volt_x plays 3D -> tech_twins wins
  P1 Trick  4: tech_twins leads JD, volt_x plays 5D -> tech_twins wins
  P1 Trick  5: tech_twins leads 4C, volt_x plays 8C -> volt_x wins
  P1 Trick  6: volt_x leads KC, tech_twins plays 5C -> volt_x wins
  P1 Trick  7: volt_x leads 3C, tech_twins plays 7C -> tech_twins wins
  P1 Trick  8: tech_twins leads 4D, volt_x plays 7D -> volt_x wins
  P1 Trick  9: volt_x leads 2S, tech_twins plays 3S -> tech_twins wins
  P1 Trick 10: tech_twins leads QD, volt_x plays 2H -> volt_x wins
  P1 Trick 11: volt_x leads KS, tech_twins plays 4S -> volt_x wins
  P1 Trick 12: volt_x leads KD, tech_twins plays 6D -> volt_x wins
  P1 Trick 13: volt_x leads 7S, tech_twins plays 9S -> tech_twins wins

--- Phase 2 (Scoring) ---
  P2 Trick  1: tech_twins leads 8D, volt_x plays 5H -> volt_x wins
  P2 Trick  2: volt_x leads QS, tech_twins plays 5S -> volt_x wins
  P2 Trick  3: volt_x leads QC, tech_twins plays AC -> tech_twins wins
  P2 Trick  4: tech_twins leads 9D, volt_x plays 7H -> volt_x wins
  P2 Trick  5: volt_x leads 2C, tech_twins plays JC -> tech_twins wins
  P2 Trick  6: tech_twins leads 10D, volt_x plays 8H -> volt_x wins
  P2 Trick  7: volt_x leads 6C, tech_twins plays 3H -> tech_twins wins
  P2 Trick  8: tech_twins leads 10S, volt_x plays JH -> volt_x wins
  P2 Trick  9: volt_x leads 9C, tech_twins plays 4H -> tech_twins wins
  P2 Trick 10: tech_twins leads 6H, volt_x plays QH -> volt_x wins
  P2 Trick 11: volt_x leads 10C, tech_twins plays 9H -> tech_twins wins
  P2 Trick 12: tech_twins leads 10H, volt_x plays KH -> volt_x wins
  P2 Trick 13: volt_x leads AH, tech_twins plays 2D -> volt_x wins
  Result: tech_twins 5 - 8 volt_x
  Winner: volt_x

============================================================
Game 98
============================================================
Players: volt_x vs tech_twins
Trump suit: C
Face-up card: 5C
volt_x hand: 2C 8C KC 6D 3H 4H 5H 7H JH QH 3S 5S 9S
tech_twins hand: 3C 4C 9C AC 2D 5D JD QD KD 8H 2S 4S AS
  P1 Trick  1: volt_x leads QH, tech_twins plays 8H -> volt_x wins
  P1 Trick  2: volt_x leads 3S, tech_twins plays 4S -> tech_twins wins
  P1 Trick  3: tech_twins leads 2D, volt_x plays 6D -> volt_x wins
  P1 Trick  4: volt_x leads 4D, tech_twins plays 5D -> tech_twins wins
  P1 Trick  5: tech_twins leads AS, volt_x plays 5S -> tech_twins wins
  P1 Trick  6: tech_twins leads AC, volt_x plays 2C -> tech_twins wins
  P1 Trick  7: tech_twins leads 7D, volt_x plays 3H -> tech_twins wins
  P1 Trick  8: tech_twins leads KD, volt_x plays 5C -> volt_x wins
  P1 Trick  9: volt_x leads JH, tech_twins plays 9H -> volt_x wins
  P1 Trick 10: volt_x leads AH, tech_twins plays 2H -> volt_x wins
  P1 Trick 11: volt_x leads 4H, tech_twins plays 10H -> tech_twins wins
  P1 Trick 12: tech_twins leads QD, volt_x plays 7C -> volt_x wins
  P1 Trick 13: volt_x leads KS, tech_twins plays 2S -> volt_x wins

--- Phase 2 (Scoring) ---
  P2 Trick  1: volt_x leads QS, tech_twins plays 6S -> volt_x wins
  P2 Trick  2: volt_x leads JS, tech_twins plays 7S -> volt_x wins
  P2 Trick  3: volt_x leads 10S, tech_twins plays 3C -> tech_twins wins
  P2 Trick  4: tech_twins leads 8D, volt_x plays 8C -> volt_x wins
  P2 Trick  5: volt_x leads 9S, tech_twins plays 4C -> tech_twins wins
  P2 Trick  6: tech_twins leads 9D, volt_x plays JC -> volt_x wins
  P2 Trick  7: volt_x leads KH, tech_twins plays 6C -> tech_twins wins
  P2 Trick  8: tech_twins leads 10D, volt_x plays QC -> volt_x wins
  P2 Trick  9: volt_x leads 8S, tech_twins plays 9C -> tech_twins wins
  P2 Trick 10: tech_twins leads JD, volt_x plays KC -> volt_x wins
  P2 Trick 11: volt_x leads 5H, tech_twins plays 10C -> tech_twins wins
  P2 Trick 12: tech_twins leads AD, volt_x plays 6H -> tech_twins wins
  P2 Trick 13: tech_twins leads 3D, volt_x plays 7H -> tech_twins wins
  Result: volt_x 6 - 7 tech_twins
  Winner: tech_twins

============================================================
Game 99
============================================================
Players: tech_twins vs volt_x
Trump suit: C
Face-up card: 8C
tech_twins hand: 5C 10C 3D QD AD 2H 5H 8H 9H 5S 7S 8S 10S
volt_x hand: 4C 9C QC AC 4D 6D 7D 8D KD 3H 10H AH AS
  P1 Trick  1: tech_twins leads AD, volt_x plays 4D -> tech_twins wins
  P1 Trick  2: tech_twins leads 10S, volt_x plays AS -> volt_x wins
  P1 Trick  3: volt_x leads 3H, tech_twins plays 5H -> tech_twins wins
  P1 Trick  4: tech_twins leads 10C, volt_x plays 4C -> tech_twins wins
  P1 Trick  5: tech_twins leads 5S, volt_x plays JS -> volt_x wins
  P1 Trick  6: volt_x leads 5D, tech_twins plays 3D -> volt_x wins
  P1 Trick  7: volt_x leads 2D, tech_twins plays QD -> tech_twins wins
  P1 Trick  8: tech_twins leads QS, volt_x plays 6D -> tech_twins wins
  P1 Trick  9: tech_twins leads 3S, volt_x plays 6H -> tech_twins wins
  P1 Trick 10: tech_twins leads 2H, volt_x plays 7H -> volt_x wins
  P1 Trick 11: volt_x leads KD, tech_twins plays 9D -> volt_x wins
  P1 Trick 12: volt_x leads AH, tech_twins plays 8H -> volt_x wins
  P1 Trick 13: volt_x leads KH, tech_twins plays 9H -> volt_x wins

--- Phase 2 (Scoring) ---
  P2 Trick  1: volt_x leads JH, tech_twins plays QH -> tech_twins wins
  P2 Trick  2: tech_twins leads 10D, volt_x plays 7D -> tech_twins wins
  P2 Trick  3: tech_twins leads JD, volt_x plays 8D -> tech_twins wins
  P2 Trick  4: tech_twins leads 4S, volt_x plays 2S -> tech_twins wins
  P2 Trick  5: tech_twins leads 6S, volt_x plays 6C -> volt_x wins
  P2 Trick  6: volt_x leads 4H, tech_twins plays 2C -> tech_twins wins
  P2 Trick  7: tech_twins leads 7S, volt_x plays 7C -> volt_x wins
  P2 Trick  8: volt_x leads 10H, tech_twins plays 3C -> tech_twins wins
  P2 Trick  9: tech_twins leads 8S, volt_x plays 9C -> volt_x wins
  P2 Trick 10: volt_x leads AC, tech_twins plays 5C -> volt_x wins
  P2 Trick 11: volt_x leads KC, tech_twins plays 8C -> volt_x wins
  P2 Trick 12: volt_x leads QC, tech_twins plays 9S -> volt_x wins
  P2 Trick 13: volt_x leads JC, tech_twins plays KS -> volt_x wins
  Result: tech_twins 6 - 7 volt_x
  Winner: volt_x

============================================================
Game 100
============================================================
Players: volt_x vs tech_twins
Trump suit: H
Face-up card: KH
volt_x hand: 7C 9C KC 8D 4H 8H 10H JH 3S 6S 9S 10S AS
tech_twins hand: 2C 8C JC 3D 5D JD 5H 7H 9H 4S 5S JS QS
  P1 Trick  1: volt_x leads AS, tech_twins plays 4S -> volt_x wins
  P1 Trick  2: volt_x leads 3S, tech_twins plays 5S -> tech_twins wins
  P1 Trick  3: tech_twins leads AH, volt_x plays 4H -> tech_twins wins
  P1 Trick  4: tech_twins leads QH, volt_x plays 8H -> tech_twins wins
  P1 Trick  5: tech_twins leads JC, volt_x plays KC -> volt_x wins
  P1 Trick  6: volt_x leads 6S, tech_twins plays 8S -> tech_twins wins
  P1 Trick  7: tech_twins leads 8C, volt_x plays 9C -> volt_x wins
  P1 Trick  8: volt_x leads 7C, tech_twins plays 2C -> volt_x wins
  P1 Trick  9: volt_x leads 7D, tech_twins plays 3D -> volt_x wins
  P1 Trick 10: volt_x leads 6D, tech_twins plays JD -> tech_twins wins
  P1 Trick 11: tech_twins leads 9H, volt_x plays 10H -> volt_x wins
  P1 Trick 12: volt_x leads 8D, tech_twins plays 4D -> volt_x wins
  P1 Trick 13: volt_x leads 2S, tech_twins plays 7S -> tech_twins wins

--- Phase 2 (Scoring) ---
  P2 Trick  1: tech_twins leads 2D, volt_x plays 9D -> volt_x wins
  P2 Trick  2: volt_x leads AC, tech_twins plays 3C -> volt_x wins
  P2 Trick  3: volt_x leads AD, tech_twins plays 5D -> volt_x wins
  P2 Trick  4: volt_x leads QC, tech_twins plays 4C -> volt_x wins
  P2 Trick  5: volt_x leads KS, tech_twins plays JS -> volt_x wins
  P2 Trick  6: volt_x leads KD, tech_twins plays 10D -> volt_x wins
  P2 Trick  7: volt_x leads 10C, tech_twins plays 5C -> volt_x wins
  P2 Trick  8: volt_x leads 9S, tech_twins plays QS -> tech_twins wins
  P2 Trick  9: tech_twins leads QD, volt_x plays 2H -> volt_x wins
  P2 Trick 10: volt_x leads 10S, tech_twins plays 3H -> tech_twins wins
  P2 Trick 11: tech_twins leads 5H, volt_x plays 6H -> volt_x wins
  P2 Trick 12: volt_x leads KH, tech_twins plays 7H -> volt_x wins
  P2 Trick 13: volt_x leads JH, tech_twins plays 6C -> volt_x wins
  Result: volt_x 11 - 2 tech_twins
  Winner: volt_x
