
============================================================
Game 1
============================================================
Players: omega_bots vs volt_x
Dealer: omega_bots  |  Elder: volt_x
Match scores: 0 - 0
Talon (8): JC 10D JD QD 8H 7S 8S AS
omega_bots hand: 8C 9C 10C KC 7D KD AD 10H AH 9S JS KS
volt_x hand: 7C QC AC 8D 9D 7H 9H JH QH KH 10S QS
  Exchange volt_x: discard 7C AC 8D 9D 10S -> draw JC 10D JD QD 8S (talon 3 left)
  Exchange omega_bots: discard 7D 9S JS -> draw 8H 7S AS (talon 0 left)

--- Phase: declare ---
  Declare point: volt_x wins 5 pts (('point', 5, 'H'))
  Declare sequence: volt_x wins 3 pts (('sequence', 3, 13, 'H'))
  Declare set: omega_bots wins 3 pts (('set', 3, 14))

--- Phase: tricks ---
  Trick  1: volt_x leads 7H, omega_bots plays 8H -> omega_bots wins
  Trick  2: omega_bots leads AH, volt_x plays 9H -> omega_bots wins
  Trick  3: omega_bots leads AD, volt_x plays 10D -> omega_bots wins
  Trick  4: omega_bots leads AS, volt_x plays 8S -> omega_bots wins
  Trick  5: omega_bots leads KC, volt_x plays JC -> omega_bots wins
  Trick  6: omega_bots leads 8C, volt_x plays QC -> volt_x wins
  Trick  7: volt_x leads JH, omega_bots plays 10H -> volt_x wins
  Trick  8: volt_x leads QH, omega_bots plays 7S -> volt_x wins
  Trick  9: volt_x leads KH, omega_bots plays 9C -> volt_x wins
  Trick 10: volt_x leads QS, omega_bots plays KS -> omega_bots wins
  Trick 11: omega_bots leads KD, volt_x plays JD -> omega_bots wins
  Trick 12: omega_bots leads 10C, volt_x plays QD -> omega_bots wins
  Hand: omega_bots +22 / volt_x +12 (tricks 8-4)
  Match total: omega_bots 22 - 12 volt_x
Players: omega_bots vs volt_x
Dealer: volt_x  |  Elder: omega_bots
Match scores: 22 - 12
Talon (8): 7D 9D 10D 8H 9H KH 10S QS
omega_bots hand: 7C 8C 9C KC 8D JD KD AD 10H AH 7S KS
volt_x hand: 10C JC QC AC QD 7H JH QH 8S 9S JS AS
  Exchange omega_bots: discard 7C 8C JD 10H 7S -> draw 7D 9D 8H KH 10S (talon 3 left)
  Exchange volt_x: discard 7H 8S 9S -> draw 10D 9H QS (talon 0 left)

--- Phase: declare ---
  Declare point: omega_bots wins 5 pts (('point', 5, 'D'))
  Declare sequence: volt_x wins 3 pts (('sequence', 3, 12, 'C'))
  Declare set: omega_bots wins 14 pts (('set', 4, 13))

--- Phase: tricks ---
  Trick  1: omega_bots leads AH, volt_x plays 9H -> omega_bots wins
  Trick  2: omega_bots leads AD, volt_x plays 10D -> omega_bots wins
  Trick  3: omega_bots leads KC, volt_x plays AC -> volt_x wins
  Trick  4: volt_x leads JS, omega_bots plays KS -> omega_bots wins
  Trick  5: omega_bots leads KD, volt_x plays QD -> omega_bots wins
  Trick  6: omega_bots leads 7D, volt_x plays 10C -> omega_bots wins
  Trick  7: omega_bots leads 8D, volt_x plays JC -> omega_bots wins
  Trick  8: omega_bots leads 10S, volt_x plays QS -> volt_x wins
  Trick  9: volt_x leads AS, omega_bots plays 9C -> volt_x wins
  Trick 10: volt_x leads QC, omega_bots plays 9D -> volt_x wins
  Trick 11: volt_x leads QH, omega_bots plays 8H -> volt_x wins
  Trick 12: volt_x leads JH, omega_bots plays KH -> omega_bots wins
  Hand: omega_bots +37 / volt_x +8 (tricks 7-5)
  Match total: omega_bots 59 - 20 volt_x
Players: omega_bots vs volt_x
Dealer: omega_bots  |  Elder: volt_x
Match scores: 59 - 20
Talon (8): 7C JC QD 8H 9H 7S 9S KS
omega_bots hand: 8C 9C 8D 10D JD AD 7H 10H 8S 10S QS AS
volt_x hand: 10C QC KC AC 7D 9D KD JH QH KH AH JS
  Exchange volt_x: discard 10C QC 7D 9D JS -> draw 7C QD 8H 9S KS (talon 3 left)
  Exchange omega_bots: discard 8C 9C 7H -> draw JC 9H 7S (talon 0 left)

--- Phase: declare ---
  Declare point: volt_x wins 5 pts (('point', 5, 'H'))
  Declare sequence: volt_x wins 4 pts (('sequence', 4, 14, 'H'))
  Declare set: volt_x wins 14 pts (('set', 4, 13))

--- Phase: tricks ---
  Trick  1: volt_x leads 8H, omega_bots plays 9H -> omega_bots wins
  Trick  2: omega_bots leads AD, volt_x plays QD -> omega_bots wins
  Trick  3: omega_bots leads AS, volt_x plays 9S -> omega_bots wins
  Trick  4: omega_bots leads QS, volt_x plays KS -> volt_x wins
  Trick  5: volt_x leads JH, omega_bots plays 10H -> volt_x wins
  Trick  6: volt_x leads 7C, omega_bots plays JC -> omega_bots wins
  Trick  7: omega_bots leads JD, volt_x plays KD -> volt_x wins
  Trick  8: volt_x leads QH, omega_bots plays 8D -> volt_x wins
  Trick  9: volt_x leads AC, omega_bots plays 10D -> volt_x wins
  Trick 10: volt_x leads AH, omega_bots plays 8S -> volt_x wins
  Trick 11: volt_x leads KC, omega_bots plays 7S -> volt_x wins
  Trick 12: volt_x leads KH, omega_bots plays 10S -> volt_x wins
  Hand: omega_bots +4 / volt_x +42 (tricks 4-8)
  Match total: omega_bots 63 - 62 volt_x
Players: omega_bots vs volt_x
Dealer: volt_x  |  Elder: omega_bots
Match scores: 63 - 62
Talon (8): 10C AC QD 10H KH AH KS AS
omega_bots hand: 7C 9C QC 7D 8D 10D AD 7S 8S 10S JS QS
volt_x hand: 8C JC KC 9D JD KD 7H 8H 9H JH QH 9S
  Exchange omega_bots: discard 7C 9C 7D 10D 8S -> draw 10H KH AH KS AS (talon 3 left)
  Exchange volt_x: discard 8C 9D 9S -> draw 10C AC QD (talon 0 left)

--- Phase: declare ---
  Declare point: omega_bots wins 6 pts (('point', 6, 'S'))
  Declare sequence: omega_bots wins 10 pts (('sequence', 5, 14, 'S'))
  Declare set: omega_bots wins 3 pts (('set', 3, 14))

--- Phase: tricks ---
  Trick  1: omega_bots leads AD, volt_x plays JD -> omega_bots wins
  Trick  2: omega_bots leads AS, volt_x plays 7H -> omega_bots wins
  Trick  3: omega_bots leads AH, volt_x plays 8H -> omega_bots wins
  Trick  4: omega_bots leads KS, volt_x plays 9H -> omega_bots wins
  Trick  5: omega_bots leads KH, volt_x plays JH -> omega_bots wins
  Trick  6: omega_bots leads 10S, volt_x plays 10C -> omega_bots wins
  Trick  7: omega_bots leads QC, volt_x plays KC -> volt_x wins
  Trick  8: volt_x leads JC, omega_bots plays 8D -> volt_x wins
  Trick  9: volt_x leads AC, omega_bots plays JS -> volt_x wins
  Trick 10: volt_x leads KD, omega_bots plays QS -> volt_x wins
  Trick 11: volt_x leads QH, omega_bots plays 10H -> volt_x wins
  Trick 12: volt_x leads QD, omega_bots plays 7S -> volt_x wins
  Hand: omega_bots +25 / volt_x +7 (tricks 6-6)
  Match total: omega_bots 88 - 69 volt_x
Players: omega_bots vs volt_x
Dealer: omega_bots  |  Elder: volt_x
Match scores: 88 - 69
Talon (8): 9D 10D QD 9H QH 7S JS QS
omega_bots hand: 8C 9C KC 8D JD 8H 10H JH AH 8S 9S AS
volt_x hand: 7C 10C JC QC AC 7D KD AD 7H KH 10S KS
  Exchange volt_x: discard 7C 7D AD 7H 10S -> draw 10D QD 9H JS QS (talon 3 left)
  Exchange omega_bots: discard 8C 9C 8D -> draw 9D QH 7S (talon 0 left)

--- Phase: declare ---
  Declare point: omega_bots wins 5 pts (('point', 5, 'H'))
  Declare sequence: volt_x wins 3 pts (('sequence', 3, 13, 'S'))
  Declare set: volt_x wins 3 pts (('set', 3, 13))

--- Phase: tricks ---
  Trick  1: volt_x leads 10C, omega_bots plays KC -> omega_bots wins
  Trick  2: omega_bots leads AH, volt_x plays 9H -> omega_bots wins
  Trick  3: omega_bots leads AS, volt_x plays JS -> omega_bots wins
  Trick  4: omega_bots leads QH, volt_x plays KH -> volt_x wins
  Trick  5: volt_x leads JC, omega_bots plays 7S -> volt_x wins
  Trick  6: volt_x leads 10D, omega_bots plays 9D -> volt_x wins
  Trick  7: volt_x leads QS, omega_bots plays 9S -> volt_x wins
  Trick  8: volt_x leads QC, omega_bots plays 10H -> volt_x wins
  Trick  9: volt_x leads AC, omega_bots plays JH -> volt_x wins
  Trick 10: volt_x leads KS, omega_bots plays 8S -> volt_x wins
  Trick 11: volt_x leads KD, omega_bots plays JD -> volt_x wins
  Trick 12: volt_x leads QD, omega_bots plays 8H -> volt_x wins
  Hand: omega_bots +8 / volt_x +26 (tricks 3-9)
  Match total: omega_bots 96 - 95 volt_x
Players: omega_bots vs volt_x
Dealer: volt_x  |  Elder: omega_bots
Match scores: 96 - 95
Talon (8): 10C 7D 9D JD KH 9S QS AS
omega_bots hand: 9C JC AC KD AD 7H 10H JH 7S 8S 10S JS
volt_x hand: 7C 8C QC KC 8D 10D QD 8H 9H QH AH KS
  Exchange omega_bots: discard 7H 10H 7S 10S -> draw 10C 7D JD KH (talon 4 left)
  Exchange volt_x: discard 7C 8C 8D 10D -> draw 9D 9S QS AS (talon 0 left)

--- Phase: declare ---
  Declare sequence: volt_x wins 3 pts (('sequence', 3, 14, 'S'))
  Declare set: volt_x wins 14 pts (('set', 4, 12))

--- Phase: tricks ---
  Trick  1: omega_bots leads AC, volt_x plays QC -> omega_bots wins
  Trick  2: omega_bots leads AD, volt_x plays 9D -> omega_bots wins
  Trick  3: omega_bots leads KD, volt_x plays QD -> omega_bots wins
  Trick  4: omega_bots leads KH, volt_x plays AH -> volt_x wins
  Trick  5: volt_x leads 9S, omega_bots plays JS -> omega_bots wins
  Trick  6: omega_bots leads JH, volt_x plays QH -> volt_x wins
  Trick  7: volt_x leads QS, omega_bots plays 8S -> volt_x wins
  Trick  8: volt_x leads 8H, omega_bots plays JC -> volt_x wins
  Trick  9: volt_x leads AS, omega_bots plays 9C -> volt_x wins
  Trick 10: volt_x leads KS, omega_bots plays JD -> volt_x wins
  Trick 11: volt_x leads KC, omega_bots plays 10C -> volt_x wins
  Trick 12: volt_x leads 9H, omega_bots plays 7D -> volt_x wins
  Hand: omega_bots +4 / volt_x +36 (tricks 4-8)
  Match total: omega_bots 100 - 131 volt_x
  Final: omega_bots 100 - 131 volt_x
  Winner: volt_x

============================================================
Game 2
============================================================
Players: volt_x vs omega_bots
Dealer: volt_x  |  Elder: omega_bots
Match scores: 0 - 0
Talon (8): 9C 10C AD 7H 9H KH AH 9S
volt_x hand: 7C JC KC 9D 10D JD KD 8H 10S QS KS AS
omega_bots hand: 8C QC AC 7D 8D QD 10H JH QH 7S 8S JS
  Exchange omega_bots: discard 8C 7D 7S JS -> draw 9H KH AH 9S (talon 4 left)
  Exchange volt_x: discard 7C 9D JD 8H -> draw 9C 10C AD 7H (talon 0 left)

--- Phase: declare ---
  Declare point: omega_bots wins 6 pts (('point', 6, 'H'))
  Declare sequence: omega_bots wins 11 pts (('sequence', 6, 14, 'H'))
  Declare set: volt_x wins 3 pts (('set', 3, 13))

--- Phase: tricks ---
  Trick  1: omega_bots leads AC, volt_x plays 9C -> omega_bots wins
  Trick  2: omega_bots leads AH, volt_x plays 7H -> omega_bots wins
  Trick  3: omega_bots leads KH, volt_x plays 10D -> omega_bots wins
  Trick  4: omega_bots leads QH, volt_x plays 10S -> omega_bots wins
  Trick  5: omega_bots leads QD, volt_x plays KD -> volt_x wins
  Trick  6: volt_x leads QS, omega_bots plays 8S -> volt_x wins
  Trick  7: volt_x leads 10C, omega_bots plays QC -> omega_bots wins
  Trick  8: omega_bots leads 10H, volt_x plays JC -> omega_bots wins
  Trick  9: omega_bots leads 8D, volt_x plays AD -> volt_x wins
  Trick 10: volt_x leads AS, omega_bots plays 9S -> volt_x wins
  Trick 11: volt_x leads KS, omega_bots plays JH -> volt_x wins
  Trick 12: volt_x leads KC, omega_bots plays 9H -> volt_x wins
  Hand: volt_x +10 / omega_bots +23 (tricks 6-6)
  Match total: volt_x 10 - 23 omega_bots
Players: volt_x vs omega_bots
Dealer: omega_bots  |  Elder: volt_x
Match scores: 10 - 23
Talon (8): 7C 10C AC 8D 8H AH JS QS
volt_x hand: 8C JC QC KC 10D QD KD 10H JH KH 9S KS
omega_bots hand: 9C 7D 9D JD AD 7H 9H QH 7S 8S 10S AS
  Exchange volt_x: discard 10D QD 10H JH 9S -> draw 7C 10C AC 8D AH (talon 3 left)
  Exchange omega_bots: discard 9C 9H 10S -> draw 8H JS QS (talon 0 left)

--- Phase: declare ---
  Declare point: volt_x wins 7 pts (('point', 7, 'C'))
  Declare sequence: volt_x wins 10 pts (('sequence', 5, 14, 'C'))
  Declare set: volt_x wins 14 pts (('set', 4, 13))

--- Phase: tricks ---
  Trick  1: volt_x leads 7C, omega_bots plays 7H -> volt_x wins
  Trick  2: volt_x leads 8C, omega_bots plays 7D -> volt_x wins
  Trick  3: volt_x leads 10C, omega_bots plays 7S -> volt_x wins
  Trick  4: volt_x leads JC, omega_bots plays 8S -> volt_x wins
  Trick  5: volt_x leads QC, omega_bots plays 8H -> volt_x wins
  Trick  6: volt_x leads 8D, omega_bots plays AD -> omega_bots wins
  Trick  7: omega_bots leads QH, volt_x plays KH -> volt_x wins
  Trick  8: volt_x leads KC, omega_bots plays JD -> volt_x wins
  Trick  9: volt_x leads AH, omega_bots plays 9D -> volt_x wins
  Trick 10: volt_x leads AC, omega_bots plays AS -> volt_x wins
  Trick 11: volt_x leads KD, omega_bots plays QS -> volt_x wins
  Trick 12: volt_x leads KS, omega_bots plays JS -> volt_x wins
  Hand: volt_x +113 / omega_bots +1 (tricks 11-1)
  Match total: volt_x 123 - 24 omega_bots
  Final: volt_x 123 - 24 omega_bots
  Winner: volt_x

============================================================
Game 3
============================================================
Players: omega_bots vs volt_x
Dealer: omega_bots  |  Elder: volt_x
Match scores: 0 - 0
Talon (8): 9C JC JD QD KD JS KS AS
omega_bots hand: QC 9D 10D AD 7H 8H 10H QH 8S 9S 10S QS
volt_x hand: 7C 8C 10C KC AC 7D 8D 9H JH KH AH 7S
  Exchange volt_x: discard 7D 8D 9H JH 7S -> draw 9C JC JD QD KS (talon 3 left)
  Exchange omega_bots: discard 9D 8H 10H -> draw KD JS AS (talon 0 left)

--- Phase: declare ---
  Declare point: volt_x wins 7 pts (('point', 7, 'C'))
  Declare sequence: omega_bots wins 10 pts (('sequence', 5, 12, 'S'))
  Declare set: volt_x wins 3 pts (('set', 3, 13))

--- Phase: tricks ---
  Trick  1: volt_x leads 7C, omega_bots plays QC -> omega_bots wins
  Trick  2: omega_bots leads AD, volt_x plays JD -> omega_bots wins
  Trick  3: omega_bots leads AS, volt_x plays KS -> omega_bots wins
  Trick  4: omega_bots leads KD, volt_x plays QD -> omega_bots wins
  Trick  5: omega_bots leads QH, volt_x plays KH -> volt_x wins
  Trick  6: volt_x leads 8C, omega_bots plays 8S -> volt_x wins
  Trick  7: volt_x leads 9C, omega_bots plays 10S -> volt_x wins
  Trick  8: volt_x leads 10C, omega_bots plays 10D -> volt_x wins
  Trick  9: volt_x leads AH, omega_bots plays 7H -> volt_x wins
  Trick 10: volt_x leads AC, omega_bots plays 9S -> volt_x wins
  Trick 11: volt_x leads KC, omega_bots plays QS -> volt_x wins
  Trick 12: volt_x leads JC, omega_bots plays JS -> volt_x wins
  Hand: omega_bots +14 / volt_x +29 (tricks 4-8)
  Match total: omega_bots 14 - 29 volt_x
Players: omega_bots vs volt_x
Dealer: volt_x  |  Elder: omega_bots
Match scores: 14 - 29
Talon (8): 8C QC KC 7D 7H 9H JH 9S
omega_bots hand: 7C 9C 10C JD KD AD KH 7S 8S JS QS AS
volt_x hand: JC AC 8D 9D 10D QD 8H 10H QH AH 10S KS
  Exchange omega_bots: discard 7C 9C 10C JD 7S -> draw 8C KC 7D 9H 9S (talon 3 left)
  Exchange volt_x: discard JC QD KS -> draw QC 7H JH (talon 0 left)

--- Phase: declare ---
  Declare point: volt_x wins 6 pts (('point', 6, 'H'))
  Declare sequence: volt_x wins 3 pts (('sequence', 3, 12, 'H'))
  Declare set: omega_bots wins 3 pts (('set', 3, 13))

--- Phase: tricks ---
  Trick  1: omega_bots leads AD, volt_x plays 8D -> omega_bots wins
  Trick  2: omega_bots leads AS, volt_x plays 10S -> omega_bots wins
  Trick  3: omega_bots leads KD, volt_x plays 9D -> omega_bots wins
  Trick  4: omega_bots leads KH, volt_x plays AH -> volt_x wins
  Trick  5: volt_x leads 7H, omega_bots plays 9H -> omega_bots wins
  Trick  6: omega_bots leads 8S, volt_x plays 8H -> omega_bots wins
  Trick  7: omega_bots leads JS, volt_x plays 10H -> omega_bots wins
  Trick  8: omega_bots leads QS, volt_x plays 10D -> omega_bots wins
  Trick  9: omega_bots leads 9S, volt_x plays JH -> omega_bots wins
  Trick 10: omega_bots leads 7D, volt_x plays QH -> omega_bots wins
  Trick 11: omega_bots leads KC, volt_x plays AC -> volt_x wins
  Trick 12: volt_x leads QC, omega_bots plays 8C -> volt_x wins
  Hand: omega_bots +22 / volt_x +13 (tricks 9-3)
  Match total: omega_bots 36 - 42 volt_x
Players: omega_bots vs volt_x
Dealer: omega_bots  |  Elder: volt_x
Match scores: 36 - 42
Talon (8): 7C 10D AD 7H 7S 10S JS AS
omega_bots hand: 8C 9C 10C 9D JD 10H JH QH KH AH 9S KS
volt_x hand: JC QC KC AC 7D 8D QD KD 8H 9H 8S QS
  Exchange volt_x: discard 7D 8D 8H 9H 8S -> draw 7C 10D 7H 7S 10S (talon 3 left)
  Exchange omega_bots: discard 10C 9D 9S -> draw AD JS AS (talon 0 left)

--- Phase: declare ---
  Declare point: omega_bots wins 5 pts (('point', 5, 'H'))
  Declare sequence: omega_bots wins 10 pts (('sequence', 5, 14, 'H'))
  Declare set: omega_bots wins 3 pts (('set', 3, 14))

--- Phase: tricks ---
  Trick  1: volt_x leads 7C, omega_bots plays 8C -> omega_bots wins
  Trick  2: omega_bots leads AH, volt_x plays 7H -> omega_bots wins
  Trick  3: omega_bots leads AD, volt_x plays 10D -> omega_bots wins
  Trick  4: omega_bots leads AS, volt_x plays 7S -> omega_bots wins
  Trick  5: omega_bots leads KH, volt_x plays 10S -> omega_bots wins
  Trick  6: omega_bots leads 9C, volt_x plays JC -> volt_x wins
  Trick  7: volt_x leads QC, omega_bots plays JD -> volt_x wins
  Trick  8: volt_x leads KC, omega_bots plays 10H -> volt_x wins
  Trick  9: volt_x leads AC, omega_bots plays JH -> volt_x wins
  Trick 10: volt_x leads KD, omega_bots plays KS -> volt_x wins
  Trick 11: volt_x leads QS, omega_bots plays JS -> volt_x wins
  Trick 12: volt_x leads QD, omega_bots plays QH -> volt_x wins
  Hand: omega_bots +23 / volt_x +18 (tricks 5-7)
  Match total: omega_bots 59 - 60 volt_x
Players: omega_bots vs volt_x
Dealer: volt_x  |  Elder: omega_bots
Match scores: 59 - 60
Talon (8): 9C KC 7D AD 9H 7S 10S QS
omega_bots hand: 8C AC 8D 9D KD 7H 8H 10H 9S JS KS AS
volt_x hand: 7C 10C JC QC 10D JD QD JH QH KH AH 8S
  Exchange omega_bots: discard 8C 8D 9D 8H 9S -> draw 9C AD 9H 7S QS (talon 3 left)
  Exchange volt_x: discard 7C JC 8S -> draw KC 7D 10S (talon 0 left)

--- Phase: declare ---
  Declare point: omega_bots wins 5 pts (('point', 5, 'S'))
  Declare set: omega_bots wins 3 pts (('set', 3, 14))

--- Phase: tricks ---
  Trick  1: omega_bots leads AS, volt_x plays 10S -> omega_bots wins
  Trick  2: omega_bots leads AC, volt_x plays 10C -> omega_bots wins
  Trick  3: omega_bots leads AD, volt_x plays 7D -> omega_bots wins
  Trick  4: omega_bots leads KD, volt_x plays 10D -> omega_bots wins
  Trick  5: omega_bots leads KS, volt_x plays JH -> omega_bots wins
  Trick  6: omega_bots leads JS, volt_x plays JD -> omega_bots wins
  Trick  7: omega_bots leads 10H, volt_x plays QH -> volt_x wins
  Trick  8: volt_x leads KH, omega_bots plays 7H -> volt_x wins
  Trick  9: volt_x leads AH, omega_bots plays 9H -> volt_x wins
  Trick 10: volt_x leads KC, omega_bots plays 9C -> volt_x wins
  Trick 11: volt_x leads QC, omega_bots plays QS -> volt_x wins
  Trick 12: volt_x leads QD, omega_bots plays 7S -> volt_x wins
  Hand: omega_bots +14 / volt_x +7 (tricks 6-6)
  Match total: omega_bots 73 - 67 volt_x
Players: omega_bots vs volt_x
Dealer: omega_bots  |  Elder: volt_x
Match scores: 73 - 67
Talon (8): 8C JC 10D 9H 10H 8S 9S JS
omega_bots hand: 10C QC KC AC 8D 9D 7H JH KH AH QS AS
volt_x hand: 7C 9C 7D JD QD KD AD 8H QH 7S 10S KS
  Exchange volt_x: discard 7C 9C 8H 7S 10S -> draw 8C 10D 10H 9S JS (talon 3 left)
  Exchange omega_bots: discard 8D 9D -> draw 9H 8S (talon 1 left)

--- Phase: declare ---
  Declare point: volt_x wins 6 pts (('point', 6, 'D'))
  Declare sequence: volt_x wins 10 pts (('sequence', 5, 14, 'D'))
  Declare set: omega_bots wins 3 pts (('set', 3, 14))

--- Phase: tricks ---
  Trick  1: volt_x leads 7D, omega_bots plays 7H -> volt_x wins
  Trick  2: volt_x leads 10D, omega_bots plays 8S -> volt_x wins
  Trick  3: volt_x leads JD, omega_bots plays 9H -> volt_x wins
  Trick  4: volt_x leads QD, omega_bots plays 10C -> volt_x wins
  Trick  5: volt_x leads 9S, omega_bots plays QS -> omega_bots wins
  Trick  6: omega_bots leads KH, volt_x plays 10H -> omega_bots wins
  Trick  7: omega_bots leads JH, volt_x plays QH -> volt_x wins
  Trick  8: volt_x leads KD, omega_bots plays KC -> volt_x wins
  Trick  9: volt_x leads AD, omega_bots plays AS -> volt_x wins
  Trick 10: volt_x leads KS, omega_bots plays QC -> volt_x wins
  Trick 11: volt_x leads JS, omega_bots plays AC -> volt_x wins
  Trick 12: volt_x leads 8C, omega_bots plays AH -> volt_x wins
  Hand: omega_bots +5 / volt_x +37 (tricks 2-10)
  Match total: omega_bots 78 - 104 volt_x
  Final: omega_bots 78 - 104 volt_x
  Winner: volt_x

============================================================
Game 4
============================================================
Players: volt_x vs omega_bots
Dealer: volt_x  |  Elder: omega_bots
Match scores: 0 - 0
Talon (8): AC 7D 9D QD 9H 7S 10S KS
volt_x hand: 9C 10C 8D JD KD 8H 10H JH QH KH AH QS
omega_bots hand: 7C 8C JC QC KC 10D AD 7H 8S 9S JS AS
  Exchange omega_bots: discard 7C 10D 7H 8S 9S -> draw 7D QD 7S 10S KS (talon 3 left)
  Exchange volt_x: discard 9C 8D JD -> draw AC 9D 9H (talon 0 left)

--- Phase: declare ---
  Declare point: volt_x wins 7 pts (('point', 7, 'H'))
  Declare sequence: volt_x wins 12 pts (('sequence', 7, 14, 'H'))

--- Phase: tricks ---
  Trick  1: omega_bots leads AS, volt_x plays QS -> omega_bots wins
  Trick  2: omega_bots leads AD, volt_x plays 9D -> omega_bots wins
  Trick  3: omega_bots leads KC, volt_x plays AC -> volt_x wins
  Trick  4: volt_x leads 8H, omega_bots plays 7S -> volt_x wins
  Trick  5: volt_x leads 9H, omega_bots plays 7D -> volt_x wins
  Trick  6: volt_x leads 10H, omega_bots plays QC -> volt_x wins
  Trick  7: volt_x leads JH, omega_bots plays JS -> volt_x wins
  Trick  8: volt_x leads QH, omega_bots plays 8C -> volt_x wins
  Trick  9: volt_x leads AH, omega_bots plays JC -> volt_x wins
  Trick 10: volt_x leads KH, omega_bots plays QD -> volt_x wins
  Trick 11: volt_x leads KD, omega_bots plays KS -> volt_x wins
  Trick 12: volt_x leads 10C, omega_bots plays 10S -> volt_x wins
  Hand: volt_x +40 / omega_bots +2 (tricks 10-2)
  Match total: volt_x 40 - 2 omega_bots
Players: volt_x vs omega_bots
Dealer: omega_bots  |  Elder: volt_x
Match scores: 40 - 2
Talon (8): JC KC 9D KD AH 8S 9S QS
volt_x hand: 9C 7D 10D JD AD 9H 10H JH KH 7S 10S AS
omega_bots hand: 7C 8C 10C QC AC 8D QD 7H 8H QH JS KS
  Exchange volt_x: discard 9C 7D JD AD 7S -> draw JC KC KD AH 8S (talon 3 left)
  Exchange omega_bots: discard 7H 8H JS -> draw 9D 9S QS (talon 0 left)

--- Phase: declare ---
  Declare point: volt_x wins 5 pts (('point', 5, 'H'))
  Declare sequence: volt_x wins 3 pts (('sequence', 3, 11, 'H'))
  Declare set: volt_x wins 3 pts (('set', 3, 13))

--- Phase: tricks ---
  Trick  1: volt_x leads 9H, omega_bots plays QH -> omega_bots wins
  Trick  2: omega_bots leads AC, volt_x plays JC -> omega_bots wins
  Trick  3: omega_bots leads KS, volt_x plays AS -> volt_x wins
  Trick  4: volt_x leads 10H, omega_bots plays 7C -> volt_x wins
  Trick  5: volt_x leads JH, omega_bots plays 8D -> volt_x wins
  Trick  6: volt_x leads 10D, omega_bots plays 9D -> volt_x wins
  Trick  7: volt_x leads KH, omega_bots plays 10C -> volt_x wins
  Trick  8: volt_x leads 8S, omega_bots plays QS -> omega_bots wins
  Trick  9: omega_bots leads 8C, volt_x plays KC -> volt_x wins
  Trick 10: volt_x leads AH, omega_bots plays QD -> volt_x wins
  Trick 11: volt_x leads KD, omega_bots plays QC -> volt_x wins
  Trick 12: volt_x leads 10S, omega_bots plays 9S -> volt_x wins
  Hand: volt_x +31 / omega_bots +3 (tricks 9-3)
  Match total: volt_x 71 - 5 omega_bots
Players: volt_x vs omega_bots
Dealer: volt_x  |  Elder: omega_bots
Match scores: 71 - 5
Talon (8): 8C 7D JD QD AD JH AH 9S
volt_x hand: 7C 9C JC QC KC AC 8H 10H QH KH JS KS
omega_bots hand: 10C 8D 9D 10D KD 7H 9H 7S 8S 10S QS AS
  Exchange omega_bots: discard 8D KD 7H 9H 8S -> draw 7D JD AD AH 9S (talon 3 left)
  Exchange volt_x: discard 8H 10H JS -> draw 8C QD JH (talon 0 left)

--- Phase: declare ---
  Declare point: volt_x wins 7 pts (('point', 7, 'C'))
  Declare sequence: volt_x wins 4 pts (('sequence', 4, 14, 'C'))
  Declare set: omega_bots wins 3 pts (('set', 3, 14))

--- Phase: tricks ---
  Trick  1: omega_bots leads AS, volt_x plays KS -> omega_bots wins
  Trick  2: omega_bots leads AD, volt_x plays QD -> omega_bots wins
  Trick  3: omega_bots leads AH, volt_x plays JH -> omega_bots wins
  Trick  4: omega_bots leads QS, volt_x plays 7C -> omega_bots wins
  Trick  5: omega_bots leads 10D, volt_x plays 8C -> omega_bots wins
  Trick  6: omega_bots leads 10C, volt_x plays JC -> volt_x wins
  Trick  7: volt_x leads 9C, omega_bots plays 7S -> volt_x wins
  Trick  8: volt_x leads QC, omega_bots plays 10S -> volt_x wins
  Trick  9: volt_x leads AC, omega_bots plays 9D -> volt_x wins
  Trick 10: volt_x leads KC, omega_bots plays 7D -> volt_x wins
  Trick 11: volt_x leads KH, omega_bots plays JD -> volt_x wins
  Trick 12: volt_x leads QH, omega_bots plays 9S -> volt_x wins
  Hand: volt_x +29 / omega_bots +8 (tricks 7-5)
  Match total: volt_x 100 - 13 omega_bots
  Final: volt_x 100 - 13 omega_bots
  Winner: volt_x

============================================================
Game 5
============================================================
Players: omega_bots vs volt_x
Dealer: omega_bots  |  Elder: volt_x
Match scores: 0 - 0
Talon (8): 10C QC KC 9D JD 10S KS AS
omega_bots hand: 8C 7D 8D 10D QD KD AD 10H QH AH 8S 9S
volt_x hand: 7C 9C JC AC 7H 8H 9H JH KH 7S JS QS
  Exchange volt_x: discard 7C 9C AC 7S QS -> draw 9D JD 10S KS AS (talon 3 left)
  Exchange omega_bots: discard 8C 8S 9S -> draw 10C QC KC (talon 0 left)

--- Phase: declare ---
  Declare point: omega_bots wins 6 pts (('point', 6, 'D'))
  Declare sequence: omega_bots wins 3 pts (('sequence', 3, 14, 'D'))
  Declare set: omega_bots wins 3 pts (('set', 3, 12))

--- Phase: tricks ---
  Trick  1: volt_x leads 7H, omega_bots plays 10H -> omega_bots wins
  Trick  2: omega_bots leads AD, volt_x plays 9D -> omega_bots wins
  Trick  3: omega_bots leads AH, volt_x plays 8H -> omega_bots wins
  Trick  4: omega_bots leads KD, volt_x plays JD -> omega_bots wins
  Trick  5: omega_bots leads KC, volt_x plays JC -> omega_bots wins
  Trick  6: omega_bots leads QD, volt_x plays 9H -> omega_bots wins
  Trick  7: omega_bots leads QH, volt_x plays KH -> volt_x wins
  Trick  8: volt_x leads 10S, omega_bots plays 7D -> volt_x wins
  Trick  9: volt_x leads AS, omega_bots plays 10D -> volt_x wins
  Trick 10: volt_x leads KS, omega_bots plays 8D -> volt_x wins
  Trick 11: volt_x leads JH, omega_bots plays 10C -> volt_x wins
  Trick 12: volt_x leads JS, omega_bots plays QC -> volt_x wins
  Hand: omega_bots +18 / volt_x +7 (tricks 6-6)
  Match total: omega_bots 18 - 7 volt_x
Players: omega_bots vs volt_x
Dealer: volt_x  |  Elder: omega_bots
Match scores: 18 - 7
Talon (8): 8C 10D 8H 10H 7S 10S KS AS
omega_bots hand: 7C AC 8D 9D KD AD 9H JH AH 8S JS QS
volt_x hand: 9C 10C JC QC KC 7D JD QD 7H QH KH 9S
  Exchange omega_bots: discard 8D 9H 8S JS -> draw 8C 10D 10S AS (talon 4 left)
  Exchange volt_x: discard 7D JD 7H 9S -> draw 8H 10H 7S KS (talon 0 left)

--- Phase: declare ---
  Declare point: volt_x wins 5 pts (('point', 5, 'C'))
  Declare sequence: volt_x wins 10 pts (('sequence', 5, 13, 'C'))
  Declare set: omega_bots wins 14 pts (('set', 4, 14))

--- Phase: tricks ---
  Trick  1: omega_bots leads AD, volt_x plays QD -> omega_bots wins
  Trick  2: omega_bots leads AH, volt_x plays 8H -> omega_bots wins
  Trick  3: omega_bots leads AC, volt_x plays 9C -> omega_bots wins
  Trick  4: omega_bots leads AS, volt_x plays 7S -> omega_bots wins
  Trick  5: omega_bots leads KD, volt_x plays 10C -> omega_bots wins
  Trick  6: omega_bots leads 9D, volt_x plays 10H -> omega_bots wins
  Trick  7: omega_bots leads QS, volt_x plays KS -> volt_x wins
  Trick  8: volt_x leads JC, omega_bots plays 7C -> volt_x wins
  Trick  9: volt_x leads KC, omega_bots plays 8C -> volt_x wins
  Trick 10: volt_x leads KH, omega_bots plays JH -> volt_x wins
  Trick 11: volt_x leads QH, omega_bots plays 10S -> volt_x wins
  Trick 12: volt_x leads QC, omega_bots plays 10D -> volt_x wins
  Hand: omega_bots +20 / volt_x +22 (tricks 6-6)
  Match total: omega_bots 38 - 29 volt_x
Players: omega_bots vs volt_x
Dealer: omega_bots  |  Elder: volt_x
Match scores: 38 - 29
Talon (8): 9C QC 8D KD 10H QH 9S JS
omega_bots hand: 7C AC 7D 9D QD AD 7H KH 8S 10S KS AS
volt_x hand: 8C 10C JC KC 10D JD 8H 9H JH AH 7S QS
  Exchange volt_x: discard 10D 8H 9H 7S QS -> draw QC 8D KD 9S JS (talon 3 left)
  Exchange omega_bots: discard 7C 7H 8S -> draw 9C 10H QH (talon 0 left)

--- Phase: declare ---
  Declare point: volt_x wins 5 pts (('point', 5, 'C'))
  Declare sequence: volt_x wins 4 pts (('sequence', 4, 13, 'C'))
  Declare set: omega_bots wins 3 pts (('set', 3, 14))

--- Phase: tricks ---
  Trick  1: volt_x leads 8C, omega_bots plays 9C -> omega_bots wins
  Trick  2: omega_bots leads AC, volt_x plays 10C -> omega_bots wins
  Trick  3: omega_bots leads AS, volt_x plays 9S -> omega_bots wins
  Trick  4: omega_bots leads AD, volt_x plays 8D -> omega_bots wins
  Trick  5: omega_bots leads KS, volt_x plays JS -> omega_bots wins
  Trick  6: omega_bots leads 9D, volt_x plays JD -> volt_x wins
  Trick  7: volt_x leads JC, omega_bots plays 10S -> volt_x wins
  Trick  8: volt_x leads QC, omega_bots plays 7D -> volt_x wins
  Trick  9: volt_x leads AH, omega_bots plays KH -> volt_x wins
  Trick 10: volt_x leads KC, omega_bots plays QD -> volt_x wins
  Trick 11: volt_x leads KD, omega_bots plays QH -> volt_x wins
  Trick 12: volt_x leads JH, omega_bots plays 10H -> volt_x wins
  Hand: omega_bots +8 / volt_x +27 (tricks 5-7)
  Match total: omega_bots 46 - 56 volt_x
Players: omega_bots vs volt_x
Dealer: volt_x  |  Elder: omega_bots
Match scores: 46 - 56
Talon (8): 8C KC 7D 8D 10D KD 7S AS
omega_bots hand: 7C 10C QC 9D QD 10H QH KH 8S 9S JS KS
volt_x hand: 9C JC AC JD AD 7H 8H 9H JH AH 10S QS
  Exchange omega_bots: discard 7C 10C 9D 8S 9S -> draw 8C 7D 8D KD AS (talon 3 left)
  Exchange volt_x: discard 9C JC 10S -> draw KC 10D 7S (talon 0 left)

--- Phase: declare ---
  Declare point: volt_x wins 5 pts (('point', 5, 'H'))
  Declare sequence: volt_x wins 3 pts (('sequence', 3, 9, 'H'))
  Declare set: volt_x wins 3 pts (('set', 3, 14))

--- Phase: tricks ---
  Trick  1: omega_bots leads AS, volt_x plays 7S -> omega_bots wins
  Trick  2: omega_bots leads KH, volt_x plays AH -> volt_x wins
  Trick  3: volt_x leads 7H, omega_bots plays 10H -> omega_bots wins
  Trick  4: omega_bots leads KS, volt_x plays QS -> omega_bots wins
  Trick  5: omega_bots leads KD, volt_x plays AD -> volt_x wins
  Trick  6: volt_x leads 8H, omega_bots plays QH -> omega_bots wins
  Trick  7: omega_bots leads QD, volt_x plays 10D -> omega_bots wins
  Trick  8: omega_bots leads QC, volt_x plays KC -> volt_x wins
  Trick  9: volt_x leads AC, omega_bots plays 8C -> volt_x wins
  Trick 10: volt_x leads JH, omega_bots plays JS -> volt_x wins
  Trick 11: volt_x leads JD, omega_bots plays 7D -> volt_x wins
  Trick 12: volt_x leads 9H, omega_bots plays 8D -> volt_x wins
  Hand: omega_bots +5 / volt_x +29 (tricks 5-7)
  Match total: omega_bots 51 - 85 volt_x
Players: omega_bots vs volt_x
Dealer: omega_bots  |  Elder: volt_x
Match scores: 51 - 85
Talon (8): 10C QC JD QD KD KH AH JS
omega_bots hand: 7C 9C AC 7D 8D 7H 8H JH QH 9S QS KS
volt_x hand: 8C JC KC 9D 10D AD 9H 10H 7S 8S 10S AS
  Exchange volt_x: discard 8C JC KC 9D 9H -> draw QC KD KH AH JS (talon 3 left)
  Exchange omega_bots: discard 9C 8D 9S -> draw 10C JD QD (talon 0 left)

--- Phase: declare ---
  Declare point: volt_x wins 5 pts (('point', 5, 'S'))
  Declare set: volt_x wins 3 pts (('set', 3, 14))

--- Phase: tricks ---
  Trick  1: volt_x leads 7S, omega_bots plays QS -> omega_bots wins
  Trick  2: omega_bots leads AC, volt_x plays QC -> omega_bots wins
  Trick  3: omega_bots leads KS, volt_x plays AS -> volt_x wins
  Trick  4: volt_x leads 8S, omega_bots plays 7D -> volt_x wins
  Trick  5: volt_x leads 10D, omega_bots plays JD -> omega_bots wins
  Trick  6: omega_bots leads JH, volt_x plays KH -> volt_x wins
  Trick  7: volt_x leads KD, omega_bots plays QD -> volt_x wins
  Trick  8: volt_x leads 10H, omega_bots plays 8H -> volt_x wins
  Trick  9: volt_x leads AD, omega_bots plays QH -> volt_x wins
  Trick 10: volt_x leads AH, omega_bots plays 7H -> volt_x wins
  Trick 11: volt_x leads JS, omega_bots plays 7C -> volt_x wins
  Trick 12: volt_x leads 10S, omega_bots plays 10C -> volt_x wins
  Hand: omega_bots +3 / volt_x +28 (tricks 3-9)
  Match total: omega_bots 54 - 113 volt_x
  Final: omega_bots 54 - 113 volt_x
  Winner: volt_x

============================================================
Game 6
============================================================
Players: volt_x vs omega_bots
Dealer: volt_x  |  Elder: omega_bots
Match scores: 0 - 0
Talon (8): 8C JC QC KC QD QH 8S AS
volt_x hand: 10C AC 9D JD AD 8H JH KH AH 7S 10S JS
omega_bots hand: 7C 9C 7D 8D 10D KD 7H 9H 10H 9S QS KS
  Exchange omega_bots: discard 7C 9C 7D 8D 10D -> draw 8C QC QD 8S AS (talon 3 left)
  Exchange volt_x: discard 10C 9D 7S -> draw JC KC QH (talon 0 left)

--- Phase: declare ---
  Declare point: volt_x wins 5 pts (('point', 5, 'H'))
  Declare sequence: volt_x wins 4 pts (('sequence', 4, 14, 'H'))
  Declare set: volt_x wins 3 pts (('set', 3, 14))

--- Phase: tricks ---
  Trick  1: omega_bots leads AS, volt_x plays 10S -> omega_bots wins
  Trick  2: omega_bots leads KS, volt_x plays JS -> omega_bots wins
  Trick  3: omega_bots leads KD, volt_x plays AD -> volt_x wins
  Trick  4: volt_x leads 8H, omega_bots plays 9H -> omega_bots wins
  Trick  5: omega_bots leads QS, volt_x plays JD -> omega_bots wins
  Trick  6: omega_bots leads 9S, volt_x plays JH -> omega_bots wins
  Trick  7: omega_bots leads 10H, volt_x plays QH -> volt_x wins
  Trick  8: volt_x leads JC, omega_bots plays 8C -> volt_x wins
  Trick  9: volt_x leads AH, omega_bots plays 7H -> volt_x wins
  Trick 10: volt_x leads AC, omega_bots plays QC -> volt_x wins
  Trick 11: volt_x leads KH, omega_bots plays 8S -> volt_x wins
  Trick 12: volt_x leads KC, omega_bots plays QD -> volt_x wins
  Hand: volt_x +30 / omega_bots +5 (tricks 7-5)
  Match total: volt_x 30 - 5 omega_bots
Players: volt_x vs omega_bots
Dealer: omega_bots  |  Elder: volt_x
Match scores: 30 - 5
Talon (8): 7C 10C QC 10D KD 8H KH 8S
volt_x hand: 8C JC 7D 9D QD 7H 10H QH AH 7S 9S 10S
omega_bots hand: 9C KC AC 8D JD AD 9H JH JS QS KS AS
  Exchange volt_x: discard 8C 7D 9D 7S 9S -> draw 7C 10C 10D KH 8S (talon 3 left)
  Exchange omega_bots: discard 9C 8D 9H -> draw QC KD 8H (talon 0 left)

--- Phase: declare ---
  Declare point: volt_x wins 5 pts (('point', 5, 'H'))
  Declare sequence: omega_bots wins 4 pts (('sequence', 4, 14, 'S'))
  Declare set: omega_bots wins 3 pts (('set', 3, 14))

--- Phase: tricks ---
  Trick  1: volt_x leads 7H, omega_bots plays 8H -> omega_bots wins
  Trick  2: omega_bots leads AD, volt_x plays 10D -> omega_bots wins
  Trick  3: omega_bots leads AS, volt_x plays 8S -> omega_bots wins
  Trick  4: omega_bots leads AC, volt_x plays 7C -> omega_bots wins
  Trick  5: omega_bots leads KC, volt_x plays 10C -> omega_bots wins
  Trick  6: omega_bots leads JH, volt_x plays QH -> volt_x wins
  Trick  7: volt_x leads 10H, omega_bots plays JS -> volt_x wins
  Trick  8: volt_x leads KH, omega_bots plays JD -> volt_x wins
  Trick  9: volt_x leads AH, omega_bots plays QS -> volt_x wins
  Trick 10: volt_x leads QD, omega_bots plays KD -> omega_bots wins
  Trick 11: omega_bots leads KS, volt_x plays 10S -> omega_bots wins
  Trick 12: omega_bots leads QC, volt_x plays JC -> omega_bots wins
  Hand: volt_x +9 / omega_bots +26 (tricks 4-8)
  Match total: volt_x 39 - 31 omega_bots
Players: volt_x vs omega_bots
Dealer: volt_x  |  Elder: omega_bots
Match scores: 39 - 31
Talon (8): 10C KC AC KD 9H 10H KH 7S
volt_x hand: 9C JC 8D 9D 10D JD QD AH 8S 9S JS AS
omega_bots hand: 7C 8C QC 7D AD 7H 8H JH QH 10S QS KS
  Exchange omega_bots: discard 7C 8C 7D 8H 10S -> draw KC AC 10H KH 7S (talon 3 left)
  Exchange volt_x: discard 9C 8S 9S -> draw 10C KD 9H (talon 0 left)

--- Phase: declare ---
  Declare point: volt_x wins 6 pts (('point', 6, 'D'))
  Declare sequence: volt_x wins 11 pts (('sequence', 6, 13, 'D'))
  Declare set: omega_bots wins 3 pts (('set', 3, 13))

--- Phase: tricks ---
  Trick  1: omega_bots leads AD, volt_x plays 8D -> omega_bots wins
  Trick  2: omega_bots leads AC, volt_x plays 10C -> omega_bots wins
  Trick  3: omega_bots leads KS, volt_x plays AS -> volt_x wins
  Trick  4: volt_x leads 9D, omega_bots plays 7H -> volt_x wins
  Trick  5: volt_x leads 10D, omega_bots plays 7S -> volt_x wins
  Trick  6: volt_x leads JD, omega_bots plays QS -> volt_x wins
  Trick  7: volt_x leads 9H, omega_bots plays QH -> omega_bots wins
  Trick  8: omega_bots leads QC, volt_x plays JC -> omega_bots wins
  Trick  9: omega_bots leads JH, volt_x plays AH -> volt_x wins
  Trick 10: volt_x leads KD, omega_bots plays KC -> volt_x wins
  Trick 11: volt_x leads QD, omega_bots plays 10H -> volt_x wins
  Trick 12: volt_x leads JS, omega_bots plays KH -> volt_x wins
  Hand: volt_x +36 / omega_bots +7 (tricks 8-4)
  Match total: volt_x 75 - 38 omega_bots
Players: volt_x vs omega_bots
Dealer: omega_bots  |  Elder: volt_x
Match scores: 75 - 38
Talon (8): QC 9D 9H JH AH 9S JS KS
volt_x hand: 8C 9C 10C JC KC 7D 10D 7H 10H KH 7S AS
omega_bots hand: 7C AC 8D JD QD KD AD 8H QH 8S 10S QS
  Exchange volt_x: discard 7D 7H KH 7S AS -> draw 9D AH 9S JS KS (talon 3 left)
  Exchange omega_bots: discard 8H 8S 10S -> draw QC 9H JH (talon 0 left)

--- Phase: declare ---
  Declare point: omega_bots wins 5 pts (('point', 5, 'D'))
  Declare sequence: omega_bots wins 4 pts (('sequence', 4, 14, 'D'))
  Declare set: omega_bots wins 14 pts (('set', 4, 12))

--- Phase: tricks ---
  Trick  1: volt_x leads 8C, omega_bots plays QC -> omega_bots wins
  Trick  2: omega_bots leads AD, volt_x plays 9D -> omega_bots wins
  Trick  3: omega_bots leads AC, volt_x plays 9C -> omega_bots wins
  Trick  4: omega_bots leads KD, volt_x plays 10D -> omega_bots wins
  Trick  5: omega_bots leads QH, volt_x plays AH -> volt_x wins
  Trick  6: volt_x leads 10C, omega_bots plays 7C -> volt_x wins
  Trick  7: volt_x leads 9S, omega_bots plays QS -> omega_bots wins
  Trick  8: omega_bots leads QD, volt_x plays 10H -> omega_bots wins
  Trick  9: omega_bots leads JD, volt_x plays JC -> omega_bots wins
  Trick 10: omega_bots leads 8D, volt_x plays JS -> omega_bots wins
  Trick 11: omega_bots leads 9H, volt_x plays KC -> omega_bots wins
  Trick 12: omega_bots leads JH, volt_x plays KS -> omega_bots wins
  Hand: volt_x +2 / omega_bots +44 (tricks 2-10)
  Match total: volt_x 77 - 82 omega_bots
Players: volt_x vs omega_bots
Dealer: volt_x  |  Elder: omega_bots
Match scores: 77 - 82
Talon (8): 7C KC AC 7D 10D 8H QH 9S
volt_x hand: 10C JC 8D 9D QD KD AH 7S 8S JS QS KS
omega_bots hand: 8C 9C QC JD AD 7H 9H 10H JH KH 10S AS
  Exchange omega_bots: discard 8C JD 7H 10S -> draw 7C AC 8H 9S (talon 4 left)
  Exchange volt_x: discard 10C 8D 9D QD -> draw KC 7D 10D QH (talon 0 left)

--- Phase: declare ---
  Declare point: omega_bots wins 5 pts (('point', 5, 'H'))
  Declare sequence: omega_bots wins 4 pts (('sequence', 4, 11, 'H'))
  Declare set: omega_bots wins 3 pts (('set', 3, 14))

--- Phase: tricks ---
  Trick  1: omega_bots leads AS, volt_x plays 7S -> omega_bots wins
  Trick  2: omega_bots leads AD, volt_x plays 7D -> omega_bots wins
  Trick  3: omega_bots leads AC, volt_x plays JC -> omega_bots wins
  Trick  4: omega_bots leads KH, volt_x plays AH -> volt_x wins
  Trick  5: volt_x leads 8S, omega_bots plays 9S -> omega_bots wins
  Trick  6: omega_bots leads JH, volt_x plays QH -> volt_x wins
  Trick  7: volt_x leads JS, omega_bots plays 9H -> volt_x wins
  Trick  8: volt_x leads QS, omega_bots plays QC -> volt_x wins
  Trick  9: volt_x leads KS, omega_bots plays 9C -> volt_x wins
  Trick 10: volt_x leads KD, omega_bots plays 10H -> volt_x wins
  Trick 11: volt_x leads KC, omega_bots plays 7C -> volt_x wins
  Trick 12: volt_x leads 10D, omega_bots plays 8H -> volt_x wins
  Hand: volt_x +19 / omega_bots +16 (tricks 8-4)
  Match total: volt_x 96 - 98 omega_bots
Players: volt_x vs omega_bots
Dealer: omega_bots  |  Elder: volt_x
Match scores: 96 - 98
Talon (8): 7C 8C 7D 10D JD KD 9H JH
volt_x hand: 9C QC KC 7H QH KH 7S 8S 9S 10S JS QS
omega_bots hand: 10C JC AC 8D 9D QD AD 8H 10H AH KS AS
  Exchange volt_x: discard 9C QC KC 7H KH -> draw 7C 7D 10D JD KD (talon 3 left)
  Exchange omega_bots: discard 10C JC 10H -> draw 8C 9H JH (talon 0 left)

--- Phase: declare ---
  Declare point: volt_x wins 6 pts (('point', 6, 'S'))
  Declare sequence: volt_x wins 11 pts (('sequence', 6, 12, 'S'))
  Declare set: omega_bots wins 14 pts (('set', 4, 14))

--- Phase: tricks ---
  Trick  1: volt_x leads 7S, omega_bots plays KS -> omega_bots wins
  Trick  2: omega_bots leads AH, volt_x plays QH -> omega_bots wins
  Trick  3: omega_bots leads AC, volt_x plays 7C -> omega_bots wins
  Trick  4: omega_bots leads AD, volt_x plays 7D -> omega_bots wins
  Trick  5: omega_bots leads AS, volt_x plays 8S -> omega_bots wins
  Trick  6: omega_bots leads 8H, volt_x plays 9S -> omega_bots wins
  Trick  7: omega_bots leads 9D, volt_x plays 10D -> volt_x wins
  Trick  8: volt_x leads 10S, omega_bots plays 8D -> volt_x wins
  Trick  9: volt_x leads KD, omega_bots plays QD -> volt_x wins
  Trick 10: volt_x leads QS, omega_bots plays 8C -> volt_x wins
  Trick 11: volt_x leads JS, omega_bots plays 9H -> volt_x wins
  Trick 12: volt_x leads JD, omega_bots plays JH -> volt_x wins
  Hand: volt_x +24 / omega_bots +20 (tricks 6-6)
  Match total: volt_x 120 - 118 omega_bots
  Final: volt_x 120 - 118 omega_bots
  Winner: volt_x

============================================================
Game 7
============================================================
Players: omega_bots vs volt_x
Dealer: omega_bots  |  Elder: volt_x
Match scores: 0 - 0
Talon (8): 10C AC 9D 10D JD 8S QS AS
omega_bots hand: 8C JC QC KC 7H 9H JH KH AH 7S 9S 10S
volt_x hand: 7C 9C 7D 8D QD KD AD 8H 10H QH JS KS
  Exchange volt_x: discard 7C 9C 8H 10H JS -> draw 10C 9D 10D QS AS (talon 3 left)
  Exchange omega_bots: discard 8C 9S 10S -> draw AC JD 8S (talon 0 left)

--- Phase: declare ---
  Declare point: volt_x wins 7 pts (('point', 7, 'D'))
  Declare sequence: omega_bots wins 4 pts (('sequence', 4, 14, 'C'))
  Declare set: volt_x wins 3 pts (('set', 3, 12))

--- Phase: tricks ---
  Trick  1: volt_x leads 7D, omega_bots plays JD -> omega_bots wins
  Trick  2: omega_bots leads AH, volt_x plays QH -> omega_bots wins
  Trick  3: omega_bots leads AC, volt_x plays 10C -> omega_bots wins
  Trick  4: omega_bots leads KH, volt_x plays 8D -> omega_bots wins
  Trick  5: omega_bots leads KC, volt_x plays 9D -> omega_bots wins
  Trick  6: omega_bots leads 7H, volt_x plays 10D -> omega_bots wins
  Trick  7: omega_bots leads JC, volt_x plays QD -> omega_bots wins
  Trick  8: omega_bots leads JH, volt_x plays QS -> omega_bots wins
  Trick  9: omega_bots leads QC, volt_x plays KD -> omega_bots wins
  Trick 10: omega_bots leads 7S, volt_x plays KS -> volt_x wins
  Trick 11: volt_x leads AD, omega_bots plays 9H -> volt_x wins
  Trick 12: volt_x leads AS, omega_bots plays 8S -> volt_x wins
  Hand: omega_bots +23 / volt_x +14 (tricks 9-3)
  Match total: omega_bots 23 - 14 volt_x
Players: omega_bots vs volt_x
Dealer: volt_x  |  Elder: omega_bots
Match scores: 23 - 14
Talon (8): 7C 7D 9D 10D JD AD 9S JS
omega_bots hand: 8C KC AC 8D QD KD 8H 10H KH AH 7S QS
volt_x hand: 9C 10C JC QC 7H 9H JH QH 8S 10S KS AS
  Exchange omega_bots: discard 8D QD 8H 10H 7S -> draw 7C 7D 10D JD AD (talon 3 left)
  Exchange volt_x: discard 7H 9H 8S -> draw 9D 9S JS (talon 0 left)

--- Phase: declare ---
  Declare point: volt_x wins 5 pts (('point', 5, 'S'))
  Declare sequence: volt_x wins 4 pts (('sequence', 4, 12, 'C'))
  Declare set: omega_bots wins 3 pts (('set', 3, 14))

--- Phase: tricks ---
  Trick  1: omega_bots leads AC, volt_x plays 9C -> omega_bots wins
  Trick  2: omega_bots leads AH, volt_x plays JH -> omega_bots wins
  Trick  3: omega_bots leads AD, volt_x plays 9D -> omega_bots wins
  Trick  4: omega_bots leads KD, volt_x plays 9S -> omega_bots wins
  Trick  5: omega_bots leads KC, volt_x plays 10C -> omega_bots wins
  Trick  6: omega_bots leads 8C, volt_x plays JC -> volt_x wins
  Trick  7: volt_x leads 10S, omega_bots plays QS -> omega_bots wins
  Trick  8: omega_bots leads KH, volt_x plays QH -> omega_bots wins
  Trick  9: omega_bots leads 7C, volt_x plays QC -> volt_x wins
  Trick 10: volt_x leads AS, omega_bots plays 7D -> volt_x wins
  Trick 11: volt_x leads KS, omega_bots plays 10D -> volt_x wins
  Trick 12: volt_x leads JS, omega_bots plays JD -> volt_x wins
  Hand: omega_bots +20 / volt_x +15 (tricks 7-5)
  Match total: omega_bots 43 - 29 volt_x
Players: omega_bots vs volt_x
Dealer: omega_bots  |  Elder: volt_x
Match scores: 43 - 29
Talon (8): 9C 10C KC AC 9D QD 7S 9S
omega_bots hand: 7C JC QC 8D 10D KD 7H 9H 10H 10S QS KS
volt_x hand: 8C 7D JD AD 8H JH QH KH AH 8S JS AS
  Exchange volt_x: discard 8C 7D JD 8S JS -> draw 9C KC AC 9D QD (talon 3 left)
  Exchange omega_bots: discard 7C 7H 9H -> draw 10C 7S 9S (talon 0 left)

--- Phase: declare ---
  Declare point: volt_x wins 5 pts (('point', 5, 'H'))
  Declare sequence: volt_x wins 4 pts (('sequence', 4, 14, 'H'))
  Declare set: volt_x wins 14 pts (('set', 4, 14))

--- Phase: tricks ---
  Trick  1: volt_x leads 8H, omega_bots plays 10H -> omega_bots wins
  Trick  2: omega_bots leads KS, volt_x plays AS -> volt_x wins
  Trick  3: volt_x leads JH, omega_bots plays 7S -> volt_x wins
  Trick  4: volt_x leads QH, omega_bots plays 8D -> volt_x wins
  Trick  5: volt_x leads 9D, omega_bots plays 10D -> omega_bots wins
  Trick  6: omega_bots leads QS, volt_x plays 9C -> omega_bots wins
  Trick  7: omega_bots leads KD, volt_x plays AD -> volt_x wins
  Trick  8: volt_x leads KH, omega_bots plays JC -> volt_x wins
  Trick  9: volt_x leads AH, omega_bots plays 10S -> volt_x wins
  Trick 10: volt_x leads AC, omega_bots plays QC -> volt_x wins
  Trick 11: volt_x leads KC, omega_bots plays 10C -> volt_x wins
  Trick 12: volt_x leads QD, omega_bots plays 9S -> volt_x wins
  Hand: omega_bots +3 / volt_x +43 (tricks 3-9)
  Match total: omega_bots 46 - 72 volt_x
Players: omega_bots vs volt_x
Dealer: volt_x  |  Elder: omega_bots
Match scores: 46 - 72
Talon (8): 9C JC 8D 9D 10H QH KH KS
omega_bots hand: KC AC 7D AD 8H 9H JH AH 7S 9S 10S QS
volt_x hand: 7C 8C 10C QC 10D JD QD KD 7H 8S JS AS
  Exchange omega_bots: discard 7D 9H JH -> draw 8D 9D 10H (talon 5 left)
  Exchange volt_x: discard 7C 8C 7H 8S JS -> draw 9C JC QH KH KS (talon 0 left)

--- Phase: declare ---
  Declare point: volt_x wins 4 pts (('point', 4, 'D'))
  Declare sequence: volt_x wins 4 pts (('sequence', 4, 13, 'D'))
  Declare set: omega_bots wins 3 pts (('set', 3, 14))

--- Phase: tricks ---
  Trick  1: omega_bots leads AH, volt_x plays QH -> omega_bots wins
  Trick  2: omega_bots leads AD, volt_x plays 10D -> omega_bots wins
  Trick  3: omega_bots leads AC, volt_x plays 9C -> omega_bots wins
  Trick  4: omega_bots leads KC, volt_x plays 10C -> omega_bots wins
  Trick  5: omega_bots leads QS, volt_x plays KS -> volt_x wins
  Trick  6: volt_x leads JD, omega_bots plays 8D -> volt_x wins
  Trick  7: volt_x leads QD, omega_bots plays 9D -> volt_x wins
  Trick  8: volt_x leads JC, omega_bots plays 10S -> volt_x wins
  Trick  9: volt_x leads AS, omega_bots plays 9S -> volt_x wins
  Trick 10: volt_x leads KD, omega_bots plays 8H -> volt_x wins
  Trick 11: volt_x leads KH, omega_bots plays 10H -> volt_x wins
  Trick 12: volt_x leads QC, omega_bots plays 7S -> volt_x wins
  Hand: omega_bots +7 / volt_x +27 (tricks 4-8)
  Match total: omega_bots 53 - 99 volt_x
Players: omega_bots vs volt_x
Dealer: omega_bots  |  Elder: volt_x
Match scores: 53 - 99
Talon (8): 7D QD AD 10H AH 7S 10S QS
omega_bots hand: 7C 8C QC AC 8D 10D 7H 8H JH KH 9S JS
volt_x hand: 9C 10C JC KC 9D JD KD 9H QH 8S KS AS
  Exchange volt_x: discard 9D JD 9H QH 8S -> draw QD AD AH 7S QS (talon 3 left)
  Exchange omega_bots: discard 10D 7H 8H -> draw 7D 10H 10S (talon 0 left)

--- Phase: declare ---
  Declare point: volt_x wins 4 pts (('point', 4, 'C'))
  Declare sequence: volt_x wins 3 pts (('sequence', 3, 14, 'D'))
  Declare set: volt_x wins 3 pts (('set', 3, 14))

--- Phase: tricks ---
  Trick  1: volt_x leads 7S, omega_bots plays 9S -> omega_bots wins
  Trick  2: omega_bots leads AC, volt_x plays 9C -> omega_bots wins
  Trick  3: omega_bots leads KH, volt_x plays AH -> volt_x wins
  Trick  4: volt_x leads QD, omega_bots plays 7D -> volt_x wins
  Trick  5: volt_x leads QS, omega_bots plays 10S -> volt_x wins
  Trick  6: volt_x leads 10C, omega_bots plays 7C -> volt_x wins
  Trick  7: volt_x leads KD, omega_bots plays 8D -> volt_x wins
  Trick  8: volt_x leads KS, omega_bots plays JS -> volt_x wins
  Trick  9: volt_x leads AS, omega_bots plays QC -> volt_x wins
  Trick 10: volt_x leads AD, omega_bots plays 8C -> volt_x wins
  Trick 11: volt_x leads KC, omega_bots plays JH -> volt_x wins
  Trick 12: volt_x leads JC, omega_bots plays 10H -> volt_x wins
  Hand: omega_bots +2 / volt_x +31 (tricks 2-10)
  Match total: omega_bots 55 - 130 volt_x
  Final: omega_bots 55 - 130 volt_x
  Winner: volt_x

============================================================
Game 8
============================================================
Players: volt_x vs omega_bots
Dealer: volt_x  |  Elder: omega_bots
Match scores: 0 - 0
Talon (8): 8D 9D JD QD 10H QH KH 7S
volt_x hand: 9C JC QC KC KD AD 9H JH 9S 10S QS AS
omega_bots hand: 7C 8C 10C AC 7D 10D 7H 8H AH 8S JS KS
  Exchange omega_bots: discard 7C 8C 10C 7H 8S -> draw 8D 10H QH KH 7S (talon 3 left)
  Exchange volt_x: discard 9C 9H JH -> draw 9D JD QD (talon 0 left)

--- Phase: declare ---
  Declare point: volt_x wins 5 pts (('point', 5, 'D'))
  Declare sequence: volt_x wins 4 pts (('sequence', 4, 14, 'D'))
  Declare set: volt_x wins 3 pts (('set', 3, 12))

--- Phase: tricks ---
  Trick  1: omega_bots leads AC, volt_x plays JC -> omega_bots wins
  Trick  2: omega_bots leads AH, volt_x plays 9S -> omega_bots wins
  Trick  3: omega_bots leads KS, volt_x plays AS -> volt_x wins
  Trick  4: volt_x leads 9D, omega_bots plays 10D -> omega_bots wins
  Trick  5: omega_bots leads KH, volt_x plays 10S -> omega_bots wins
  Trick  6: omega_bots leads 7D, volt_x plays JD -> volt_x wins
  Trick  7: volt_x leads QD, omega_bots plays 8D -> volt_x wins
  Trick  8: volt_x leads KD, omega_bots plays 8H -> volt_x wins
  Trick  9: volt_x leads AD, omega_bots plays JS -> volt_x wins
  Trick 10: volt_x leads KC, omega_bots plays 7S -> volt_x wins
  Trick 11: volt_x leads QC, omega_bots plays 10H -> volt_x wins
  Trick 12: volt_x leads QS, omega_bots plays QH -> volt_x wins
  Hand: volt_x +31 / omega_bots +4 (tricks 8-4)
  Match total: volt_x 31 - 4 omega_bots
Players: volt_x vs omega_bots
Dealer: omega_bots  |  Elder: volt_x
Match scores: 31 - 4
Talon (8): JC AD 7H 9H 7S 10S KS AS
volt_x hand: 7C 9C 10C QC 7D 9D JD KD 8H JH KH AH
omega_bots hand: 8C KC AC 8D 10D QD 10H QH 8S 9S JS QS
  Exchange volt_x: discard 7C 9C 10C 7D 9D -> draw JC AD 7H 9H AS (talon 3 left)
  Exchange omega_bots: discard 8C 8D 10H -> draw 7S 10S KS (talon 0 left)

--- Phase: declare ---
  Declare point: omega_bots wins 7 pts (('point', 7, 'S'))
  Declare sequence: omega_bots wins 12 pts (('sequence', 7, 13, 'S'))
  Declare set: volt_x wins 3 pts (('set', 3, 14))

--- Phase: tricks ---
  Trick  1: volt_x leads 7H, omega_bots plays QH -> omega_bots wins
  Trick  2: omega_bots leads AC, volt_x plays JC -> omega_bots wins
  Trick  3: omega_bots leads KC, volt_x plays QC -> omega_bots wins
  Trick  4: omega_bots leads KS, volt_x plays AS -> volt_x wins
  Trick  5: volt_x leads 8H, omega_bots plays 7S -> volt_x wins
  Trick  6: volt_x leads 9H, omega_bots plays 10D -> volt_x wins
  Trick  7: volt_x leads JH, omega_bots plays JS -> volt_x wins
  Trick  8: volt_x leads JD, omega_bots plays QD -> omega_bots wins
  Trick  9: omega_bots leads QS, volt_x plays KD -> omega_bots wins
  Trick 10: omega_bots leads 9S, volt_x plays KH -> omega_bots wins
  Trick 11: omega_bots leads 8S, volt_x plays AH -> omega_bots wins
  Trick 12: omega_bots leads 10S, volt_x plays AD -> omega_bots wins
  Hand: volt_x +7 / omega_bots +38 (tricks 4-8)
  Match total: volt_x 38 - 42 omega_bots
Players: volt_x vs omega_bots
Dealer: volt_x  |  Elder: omega_bots
Match scores: 38 - 42
Talon (8): KC 8D 9D AD 9H QH 7S 8S
volt_x hand: 7C 8C JC QC AC JD KD 7H KH 9S 10S JS
omega_bots hand: 9C 10C 7D 10D QD 8H 10H JH AH QS KS AS
  Exchange omega_bots: discard 9C 10C 10D 8H JH -> draw KC 9D AD 9H 8S (talon 3 left)
  Exchange volt_x: discard KD 7H KH -> draw 8D QH 7S (talon 0 left)

--- Phase: declare ---
  Declare point: volt_x wins 5 pts (('point', 5, 'C'))
  Declare sequence: omega_bots wins 3 pts (('sequence', 3, 14, 'S'))
  Declare set: omega_bots wins 3 pts (('set', 3, 14))

--- Phase: tricks ---
  Trick  1: omega_bots leads AS, volt_x plays 7S -> omega_bots wins
  Trick  2: omega_bots leads AH, volt_x plays QH -> omega_bots wins
  Trick  3: omega_bots leads AD, volt_x plays 8D -> omega_bots wins
  Trick  4: omega_bots leads KS, volt_x plays 9S -> omega_bots wins
  Trick  5: omega_bots leads KC, volt_x plays AC -> volt_x wins
  Trick  6: volt_x leads 7C, omega_bots plays QS -> volt_x wins
  Trick  7: volt_x leads 8C, omega_bots plays 10H -> volt_x wins
  Trick  8: volt_x leads JC, omega_bots plays QD -> volt_x wins
  Trick  9: volt_x leads QC, omega_bots plays 7D -> volt_x wins
  Trick 10: volt_x leads JS, omega_bots plays 8S -> volt_x wins
  Trick 11: volt_x leads JD, omega_bots plays 9D -> volt_x wins
  Trick 12: volt_x leads 10S, omega_bots plays 9H -> volt_x wins
  Hand: volt_x +24 / omega_bots +10 (tricks 8-4)
  Match total: volt_x 62 - 52 omega_bots
Players: volt_x vs omega_bots
Dealer: omega_bots  |  Elder: volt_x
Match scores: 62 - 52
Talon (8): QC KC 9D 10D 8H 7S 10S QS
volt_x hand: 7C 8C 9C 10C JC 7D 7H 10H JH 8S 9S AS
omega_bots hand: AC 8D JD QD KD AD 9H QH KH AH JS KS
  Exchange volt_x: discard 7D 7H 10H 8S 9S -> draw QC KC 8H 7S QS (talon 3 left)
  Exchange omega_bots: discard 8D 9H JS -> draw 9D 10D 10S (talon 0 left)

--- Phase: declare ---
  Declare point: volt_x wins 7 pts (('point', 7, 'C'))
  Declare sequence: volt_x wins 12 pts (('sequence', 7, 13, 'C'))
  Declare set: omega_bots wins 3 pts (('set', 3, 14))

--- Phase: tricks ---
  Trick  1: volt_x leads 7C, omega_bots plays AC -> omega_bots wins
  Trick  2: omega_bots leads AD, volt_x plays 7S -> omega_bots wins
  Trick  3: omega_bots leads AH, volt_x plays 8H -> omega_bots wins
  Trick  4: omega_bots leads KH, volt_x plays JH -> omega_bots wins
  Trick  5: omega_bots leads KD, volt_x plays 8C -> omega_bots wins
  Trick  6: omega_bots leads QH, volt_x plays 9C -> omega_bots wins
  Trick  7: omega_bots leads QD, volt_x plays 10C -> omega_bots wins
  Trick  8: omega_bots leads JD, volt_x plays JC -> omega_bots wins
  Trick  9: omega_bots leads KS, volt_x plays AS -> volt_x wins
  Trick 10: volt_x leads KC, omega_bots plays 10S -> volt_x wins
  Trick 11: volt_x leads QS, omega_bots plays 9D -> volt_x wins
  Trick 12: volt_x leads QC, omega_bots plays 10D -> volt_x wins
  Hand: volt_x +24 / omega_bots +21 (tricks 4-8)
  Match total: volt_x 86 - 73 omega_bots
Players: volt_x vs omega_bots
Dealer: volt_x  |  Elder: omega_bots
Match scores: 86 - 73
Talon (8): 9C AC 7H 10H QH AH 10S QS
volt_x hand: 7C QC 8D 10D JD QD KD AD 8H JH KH AS
omega_bots hand: 8C 10C JC KC 7D 9D 9H 7S 8S 9S JS KS
  Exchange omega_bots: discard 8C 10C JC 7D 9H -> draw 9C AC QH 10S QS (talon 3 left)
  Exchange volt_x: discard 7C 8H JH -> draw 7H 10H AH (talon 0 left)

--- Phase: declare ---
  Declare point: omega_bots wins 7 pts (('point', 7, 'S'))
  Declare sequence: omega_bots wins 12 pts (('sequence', 7, 13, 'S'))
  Declare set: volt_x wins 3 pts (('set', 3, 14))

--- Phase: tricks ---
  Trick  1: omega_bots leads AC, volt_x plays QC -> omega_bots wins
  Trick  2: omega_bots leads KS, volt_x plays AS -> volt_x wins
  Trick  3: volt_x leads 8D, omega_bots plays 9D -> omega_bots wins
  Trick  4: omega_bots leads KC, volt_x plays 7H -> omega_bots wins
  Trick  5: omega_bots leads QS, volt_x plays 10D -> omega_bots wins
  Trick  6: omega_bots leads 8S, volt_x plays 10H -> omega_bots wins
  Trick  7: omega_bots leads 7S, volt_x plays JD -> omega_bots wins
  Trick  8: omega_bots leads 9S, volt_x plays QD -> omega_bots wins
  Trick  9: omega_bots leads JS, volt_x plays KD -> omega_bots wins
  Trick 10: omega_bots leads 9C, volt_x plays KH -> omega_bots wins
  Trick 11: omega_bots leads 10S, volt_x plays AD -> omega_bots wins
  Trick 12: omega_bots leads QH, volt_x plays AH -> volt_x wins
  Hand: volt_x +6 / omega_bots +39 (tricks 2-10)
  Match total: volt_x 92 - 112 omega_bots
  Final: volt_x 92 - 112 omega_bots
  Winner: omega_bots

============================================================
Game 9
============================================================
Players: omega_bots vs volt_x
Dealer: omega_bots  |  Elder: volt_x
Match scores: 0 - 0
Talon (8): 10C AC 7D 8D AD 8S 9S QS
omega_bots hand: 8C JC QC KC 10D 8H 9H 10H JH AH 10S JS
volt_x hand: 7C 9C 9D JD QD KD 7H QH KH 7S KS AS
  Exchange volt_x: discard 7C 9C 7H QH 7S -> draw 10C AC 8D AD QS (talon 3 left)
  Exchange omega_bots: discard 8C QC 10D -> draw 7D 8S 9S (talon 0 left)

--- Phase: declare ---
  Declare point: volt_x wins 6 pts (('point', 6, 'D'))
  Declare sequence: volt_x wins 4 pts (('sequence', 4, 14, 'D'))
  Declare set: volt_x wins 3 pts (('set', 3, 14))

--- Phase: tricks ---
  Trick  1: volt_x leads 8D, omega_bots plays 7D -> volt_x wins
  Trick  2: volt_x leads 9D, omega_bots plays 8H -> volt_x wins
  Trick  3: volt_x leads JD, omega_bots plays 8S -> volt_x wins
  Trick  4: volt_x leads QD, omega_bots plays 9H -> volt_x wins
  Trick  5: volt_x leads QS, omega_bots plays 9S -> volt_x wins
  Trick  6: volt_x leads KD, omega_bots plays AH -> volt_x wins
  Trick  7: volt_x leads KS, omega_bots plays JS -> volt_x wins
  Trick  8: volt_x leads 10C, omega_bots plays KC -> omega_bots wins
  Trick  9: omega_bots leads 10H, volt_x plays KH -> volt_x wins
  Trick 10: volt_x leads AS, omega_bots plays 10S -> volt_x wins
  Trick 11: volt_x leads AC, omega_bots plays JC -> volt_x wins
  Trick 12: volt_x leads AD, omega_bots plays JH -> volt_x wins
  Hand: omega_bots +1 / volt_x +35 (tricks 1-11)
  Match total: omega_bots 1 - 35 volt_x
Players: omega_bots vs volt_x
Dealer: volt_x  |  Elder: omega_bots
Match scores: 1 - 35
Talon (8): 7C 9C 8D JD 9H 10H AH 7S
omega_bots hand: JC QC KC AC QD AD JH KH 10S QS KS AS
volt_x hand: 8C 10C 7D 9D 10D KD 7H 8H QH 8S 9S JS
  Exchange omega_bots: discard QD JH KH -> draw 9C JD 9H (talon 5 left)
  Exchange volt_x: discard 8C 7H 8H 8S 9S -> draw 7C 8D 10H AH 7S (talon 0 left)

--- Phase: declare ---
  Declare point: omega_bots wins 5 pts (('point', 5, 'C'))
  Declare sequence: omega_bots wins 4 pts (('sequence', 4, 14, 'C'))
  Declare set: omega_bots wins 3 pts (('set', 3, 14))

--- Phase: tricks ---
  Trick  1: omega_bots leads AC, volt_x plays 7C -> omega_bots wins
  Trick  2: omega_bots leads AD, volt_x plays 7D -> omega_bots wins
  Trick  3: omega_bots leads AS, volt_x plays 7S -> omega_bots wins
  Trick  4: omega_bots leads KC, volt_x plays 10C -> omega_bots wins
  Trick  5: omega_bots leads KS, volt_x plays JS -> omega_bots wins
  Trick  6: omega_bots leads QC, volt_x plays 8D -> omega_bots wins
  Trick  7: omega_bots leads JC, volt_x plays 9D -> omega_bots wins
  Trick  8: omega_bots leads QS, volt_x plays 10D -> omega_bots wins
  Trick  9: omega_bots leads 10S, volt_x plays 10H -> omega_bots wins
  Trick 10: omega_bots leads JD, volt_x plays KD -> volt_x wins
  Trick 11: volt_x leads AH, omega_bots plays 9H -> volt_x wins
  Trick 12: volt_x leads QH, omega_bots plays 9C -> volt_x wins
  Hand: omega_bots +31 / volt_x +4 (tricks 9-3)
  Match total: omega_bots 32 - 39 volt_x
Players: omega_bots vs volt_x
Dealer: omega_bots  |  Elder: volt_x
Match scores: 32 - 39
Talon (8): 9C JC KC AC 8D 9D JD 9S
omega_bots hand: 7C QC 7D QD 7H 8H 10H JH AH 8S 10S JS
volt_x hand: 8C 10C 10D KD AD 9H QH KH 7S QS KS AS
  Exchange volt_x: discard 8C 10C 10D 9H QH -> draw 9C JC AC 8D 9D (talon 3 left)
  Exchange omega_bots: discard 7C 7D 8S -> draw KC JD 9S (talon 0 left)

--- Phase: declare ---
  Declare point: omega_bots wins 5 pts (('point', 5, 'H'))
  Declare sequence: volt_x wins 3 pts (('sequence', 3, 14, 'S'))
  Declare set: volt_x wins 3 pts (('set', 3, 14))

--- Phase: tricks ---
  Trick  1: volt_x leads 7S, omega_bots plays 9S -> omega_bots wins
  Trick  2: omega_bots leads AH, volt_x plays KH -> omega_bots wins
  Trick  3: omega_bots leads KC, volt_x plays AC -> volt_x wins
  Trick  4: volt_x leads 8D, omega_bots plays JD -> omega_bots wins
  Trick  5: omega_bots leads QC, volt_x plays 9C -> omega_bots wins
  Trick  6: omega_bots leads JH, volt_x plays 9D -> omega_bots wins
  Trick  7: omega_bots leads 8H, volt_x plays JC -> omega_bots wins
  Trick  8: omega_bots leads 7H, volt_x plays QS -> omega_bots wins
  Trick  9: omega_bots leads QD, volt_x plays KD -> volt_x wins
  Trick 10: volt_x leads AD, omega_bots plays 10H -> volt_x wins
  Trick 11: volt_x leads AS, omega_bots plays 10S -> volt_x wins
  Trick 12: volt_x leads KS, omega_bots plays JS -> volt_x wins
  Hand: omega_bots +22 / volt_x +12 (tricks 7-5)
  Match total: omega_bots 54 - 51 volt_x
Players: omega_bots vs volt_x
Dealer: volt_x  |  Elder: omega_bots
Match scores: 54 - 51
Talon (8): 10C KC JD KD AD 7H 9H JS
omega_bots hand: 9C JC QC AC QD 8H 10H QH 9S 10S QS AS
volt_x hand: 7C 8C 7D 8D 9D 10D JH KH AH 7S 8S KS
  Exchange omega_bots: discard 9C 8H 10H 9S 10S -> draw 10C KC JD 9H JS (talon 3 left)
  Exchange volt_x: discard 7C 7S 8S -> draw KD AD 7H (talon 0 left)

--- Phase: declare ---
  Declare point: volt_x wins 6 pts (('point', 6, 'D'))
  Declare sequence: omega_bots wins 10 pts (('sequence', 5, 14, 'C'))
  Declare set: volt_x wins 3 pts (('set', 3, 13))

--- Phase: tricks ---
  Trick  1: omega_bots leads AC, volt_x plays 8C -> omega_bots wins
  Trick  2: omega_bots leads AS, volt_x plays KS -> omega_bots wins
  Trick  3: omega_bots leads KC, volt_x plays 7D -> omega_bots wins
  Trick  4: omega_bots leads QC, volt_x plays 7H -> omega_bots wins
  Trick  5: omega_bots leads QH, volt_x plays KH -> volt_x wins
  Trick  6: volt_x leads 8D, omega_bots plays QD -> omega_bots wins
  Trick  7: omega_bots leads JC, volt_x plays 9D -> omega_bots wins
  Trick  8: omega_bots leads QS, volt_x plays 10D -> omega_bots wins
  Trick  9: omega_bots leads 10C, volt_x plays JH -> omega_bots wins
  Trick 10: omega_bots leads JS, volt_x plays KD -> omega_bots wins
  Trick 11: omega_bots leads JD, volt_x plays AD -> volt_x wins
  Trick 12: volt_x leads AH, omega_bots plays 9H -> volt_x wins
  Hand: omega_bots +29 / volt_x +13 (tricks 9-3)
  Match total: omega_bots 83 - 64 volt_x
Players: omega_bots vs volt_x
Dealer: omega_bots  |  Elder: volt_x
Match scores: 83 - 64
Talon (8): 9C 10C 7D 10D 7H 8H 7S JS
omega_bots hand: 8C JC KC AC 9D QD QH AH 8S 9S QS KS
volt_x hand: 7C QC 8D JD KD AD 9H 10H JH KH 10S AS
  Exchange volt_x: discard 7C QC 8D JD 10S -> draw 10C 10D 7H 7S JS (talon 3 left)
  Exchange omega_bots: discard 8C 8S 9S -> draw 9C 7D 8H (talon 0 left)

--- Phase: declare ---
  Declare point: volt_x wins 5 pts (('point', 5, 'H'))
  Declare sequence: volt_x wins 3 pts (('sequence', 3, 11, 'H'))
  Declare set: omega_bots wins 3 pts (('set', 3, 12))

--- Phase: tricks ---
  Trick  1: volt_x leads 7H, omega_bots plays 8H -> omega_bots wins
  Trick  2: omega_bots leads AC, volt_x plays 10C -> omega_bots wins
  Trick  3: omega_bots leads AH, volt_x plays 9H -> omega_bots wins
  Trick  4: omega_bots leads KC, volt_x plays 7S -> omega_bots wins
  Trick  5: omega_bots leads KS, volt_x plays AS -> volt_x wins
  Trick  6: volt_x leads 10H, omega_bots plays QH -> omega_bots wins
  Trick  7: omega_bots leads QS, volt_x plays JS -> omega_bots wins
  Trick  8: omega_bots leads 9D, volt_x plays 10D -> volt_x wins
  Trick  9: volt_x leads AD, omega_bots plays QD -> volt_x wins
  Trick 10: volt_x leads KH, omega_bots plays JC -> volt_x wins
  Trick 11: volt_x leads KD, omega_bots plays 7D -> volt_x wins
  Trick 12: volt_x leads JH, omega_bots plays 9C -> volt_x wins
  Hand: omega_bots +9 / volt_x +15 (tricks 6-6)
  Match total: omega_bots 92 - 79 volt_x
Players: omega_bots vs volt_x
Dealer: volt_x  |  Elder: omega_bots
Match scores: 92 - 79
Talon (8): 8C 7D 10D QD 9H JH QH JS
omega_bots hand: 7C 9C JC AC AD 7H 8H KH AH 8S 10S KS
volt_x hand: 10C QC KC 8D 9D JD KD 10H 7S 9S QS AS
  Exchange omega_bots: discard 7C JC 7H -> draw 8C 10D QD (talon 5 left)
  Exchange volt_x: discard 10C QC 10H 7S 9S -> draw 7D 9H JH QH JS (talon 0 left)

--- Phase: declare ---
  Declare point: volt_x wins 5 pts (('point', 5, 'D'))
  Declare sequence: volt_x wins 3 pts (('sequence', 3, 9, 'D'))
  Declare set: omega_bots wins 3 pts (('set', 3, 14))

--- Phase: tricks ---
  Trick  1: omega_bots leads AD, volt_x plays 7D -> omega_bots wins
  Trick  2: omega_bots leads AH, volt_x plays 9H -> omega_bots wins
  Trick  3: omega_bots leads AC, volt_x plays KC -> omega_bots wins
  Trick  4: omega_bots leads KS, volt_x plays AS -> volt_x wins
  Trick  5: volt_x leads 8D, omega_bots plays 10D -> omega_bots wins
  Trick  6: omega_bots leads KH, volt_x plays JH -> omega_bots wins
  Trick  7: omega_bots leads 9C, volt_x plays 9D -> omega_bots wins
  Trick  8: omega_bots leads 8S, volt_x plays JS -> volt_x wins
  Trick  9: volt_x leads KD, omega_bots plays QD -> volt_x wins
  Trick 10: volt_x leads QS, omega_bots plays 10S -> volt_x wins
  Trick 11: volt_x leads QH, omega_bots plays 8H -> volt_x wins
  Trick 12: volt_x leads JD, omega_bots plays 8C -> volt_x wins
  Hand: omega_bots +9 / volt_x +15 (tricks 6-6)
  Match total: omega_bots 101 - 94 volt_x
  Final: omega_bots 101 - 94 volt_x
  Winner: omega_bots

============================================================
Game 10
============================================================
Players: volt_x vs omega_bots
Dealer: volt_x  |  Elder: omega_bots
Match scores: 0 - 0
Talon (8): 7C 9D 10D JD KD QH 7S 9S
volt_x hand: 8C 9C AC 7D QD 7H 9H KH 8S 10S QS AS
omega_bots hand: 10C JC QC KC 8D AD 8H 10H JH AH JS KS
  Exchange omega_bots: discard 8D 8H 10H JH -> draw 7C 10D JD 7S (talon 4 left)
  Exchange volt_x: discard 8C 9C 7D 7H -> draw 9D KD QH 9S (talon 0 left)

--- Phase: declare ---
  Declare point: volt_x wins 5 pts (('point', 5, 'S'))
  Declare sequence: omega_bots wins 4 pts (('sequence', 4, 13, 'C'))
  Declare set: volt_x wins 3 pts (('set', 3, 12))

--- Phase: tricks ---
  Trick  1: omega_bots leads AD, volt_x plays 9D -> omega_bots wins
  Trick  2: omega_bots leads AH, volt_x plays 9H -> omega_bots wins
  Trick  3: omega_bots leads KS, volt_x plays AS -> volt_x wins
  Trick  4: volt_x leads 8S, omega_bots plays JS -> omega_bots wins
  Trick  5: omega_bots leads KC, volt_x plays AC -> volt_x wins
  Trick  6: volt_x leads 9S, omega_bots plays 7S -> volt_x wins
  Trick  7: volt_x leads QD, omega_bots plays 10D -> volt_x wins
  Trick  8: volt_x leads QH, omega_bots plays JC -> volt_x wins
  Trick  9: volt_x leads KH, omega_bots plays QC -> volt_x wins
  Trick 10: volt_x leads KD, omega_bots plays JD -> volt_x wins
  Trick 11: volt_x leads QS, omega_bots plays 10C -> volt_x wins
  Trick 12: volt_x leads 10S, omega_bots plays 7C -> volt_x wins
  Hand: volt_x +28 / omega_bots +7 (tricks 9-3)
  Match total: volt_x 28 - 7 omega_bots
Players: volt_x vs omega_bots
Dealer: omega_bots  |  Elder: volt_x
Match scores: 28 - 7
Talon (8): QC KC 8D KD 9H AH 9S KS
volt_x hand: 8C JC 7D 9D 10D QD 8H JH 7S 8S 10S AS
omega_bots hand: 7C 9C 10C AC JD AD 7H 10H QH KH JS QS
  Exchange volt_x: discard 8C 7D 9D 8H JH -> draw QC KC KD 9H AH (talon 3 left)
  Exchange omega_bots: discard 7C 9C 10C -> draw 8D 9S KS (talon 0 left)

--- Phase: declare ---
  Declare point: omega_bots wins 4 pts (('point', 4, 'S'))

--- Phase: tricks ---
  Trick  1: volt_x leads 7S, omega_bots plays 9S -> omega_bots wins
  Trick  2: omega_bots leads AD, volt_x plays 10D -> omega_bots wins
  Trick  3: omega_bots leads AC, volt_x plays JC -> omega_bots wins
  Trick  4: omega_bots leads KH, volt_x plays AH -> volt_x wins
  Trick  5: volt_x leads 8S, omega_bots plays JS -> omega_bots wins
  Trick  6: omega_bots leads QS, volt_x plays AS -> volt_x wins
  Trick  7: volt_x leads QD, omega_bots plays JD -> volt_x wins
  Trick  8: volt_x leads QC, omega_bots plays 7H -> volt_x wins
  Trick  9: volt_x leads KD, omega_bots plays 8D -> volt_x wins
  Trick 10: volt_x leads KC, omega_bots plays QH -> volt_x wins
  Trick 11: volt_x leads 10S, omega_bots plays KS -> omega_bots wins
  Trick 12: omega_bots leads 10H, volt_x plays 9H -> omega_bots wins
  Hand: volt_x +6 / omega_bots +11 (tricks 6-6)
  Match total: volt_x 34 - 18 omega_bots
Players: volt_x vs omega_bots
Dealer: volt_x  |  Elder: omega_bots
Match scores: 34 - 18
Talon (8): 9C 10C JC 10D KD 9H 10H JS
volt_x hand: 8C QC 7D 9D AD JH QH KH 7S 8S 9S KS
omega_bots hand: 7C KC AC 8D JD QD 7H 8H AH 10S QS AS
  Exchange omega_bots: discard 7C 8D 7H 8H 10S -> draw 10C JC KD 9H JS (talon 3 left)
  Exchange volt_x: discard 8C 7D 9D -> draw 9C 10D 10H (talon 0 left)

--- Phase: declare ---
  Declare point: omega_bots wins 4 pts (('point', 4, 'C'))
  Declare sequence: volt_x wins 4 pts (('sequence', 4, 13, 'H'))
  Declare set: omega_bots wins 3 pts (('set', 3, 14))

--- Phase: tricks ---
  Trick  1: omega_bots leads AC, volt_x plays 9C -> omega_bots wins
  Trick  2: omega_bots leads AS, volt_x plays 7S -> omega_bots wins
  Trick  3: omega_bots leads AH, volt_x plays 10H -> omega_bots wins
  Trick  4: omega_bots leads KC, volt_x plays QC -> omega_bots wins
  Trick  5: omega_bots leads KD, volt_x plays AD -> volt_x wins
  Trick  6: volt_x leads 8S, omega_bots plays QS -> omega_bots wins
  Trick  7: omega_bots leads JD, volt_x plays 10D -> omega_bots wins
  Trick  8: omega_bots leads QD, volt_x plays 9S -> omega_bots wins
  Trick  9: omega_bots leads JS, volt_x plays KS -> volt_x wins
  Trick 10: volt_x leads KH, omega_bots plays 9H -> volt_x wins
  Trick 11: volt_x leads QH, omega_bots plays 10C -> volt_x wins
  Trick 12: volt_x leads JH, omega_bots plays JC -> volt_x wins
  Hand: volt_x +10 / omega_bots +24 (tricks 5-7)
  Match total: volt_x 44 - 42 omega_bots
Players: volt_x vs omega_bots
Dealer: omega_bots  |  Elder: volt_x
Match scores: 44 - 42
Talon (8): 7D 9D 10D JH QH KH 10S KS
volt_x hand: 7C 9C 10C JC KC QD AD 7H AH 7S 8S JS
omega_bots hand: 8C QC AC 8D JD KD 8H 9H 10H 9S QS AS
  Exchange volt_x: discard QD 7H 7S 8S JS -> draw 7D QH KH 10S KS (talon 3 left)
  Exchange omega_bots: discard 8C 8D 9S -> draw 9D 10D JH (talon 0 left)

--- Phase: declare ---
  Declare point: volt_x wins 5 pts (('point', 5, 'C'))
  Declare sequence: omega_bots wins 4 pts (('sequence', 4, 11, 'H'))
  Declare set: volt_x wins 3 pts (('set', 3, 13))

--- Phase: tricks ---
  Trick  1: volt_x leads 7C, omega_bots plays QC -> omega_bots wins
  Trick  2: omega_bots leads AS, volt_x plays 10S -> omega_bots wins
  Trick  3: omega_bots leads AC, volt_x plays 9C -> omega_bots wins
  Trick  4: omega_bots leads KD, volt_x plays AD -> volt_x wins
  Trick  5: volt_x leads 10C, omega_bots plays 8H -> volt_x wins
  Trick  6: volt_x leads QH, omega_bots plays 9H -> volt_x wins
  Trick  7: volt_x leads JC, omega_bots plays JD -> volt_x wins
  Trick  8: volt_x leads KH, omega_bots plays 10H -> volt_x wins
  Trick  9: volt_x leads AH, omega_bots plays JH -> volt_x wins
  Trick 10: volt_x leads KC, omega_bots plays QS -> volt_x wins
  Trick 11: volt_x leads KS, omega_bots plays 9D -> volt_x wins
  Trick 12: volt_x leads 7D, omega_bots plays 10D -> omega_bots wins
  Hand: volt_x +26 / omega_bots +9 (tricks 8-4)
  Match total: volt_x 70 - 51 omega_bots
Players: volt_x vs omega_bots
Dealer: volt_x  |  Elder: omega_bots
Match scores: 70 - 51
Talon (8): 8C 10C KC 7D 10H JS QS AS
volt_x hand: 9C QC 8D 10D QD AD JH AH 7S 8S 9S KS
omega_bots hand: 7C JC AC 9D JD KD 7H 8H 9H QH KH 10S
  Exchange omega_bots: discard 9D JD QH 10S -> draw 10C KC 10H AS (talon 4 left)
  Exchange volt_x: discard 9C QC JH KS -> draw 8C 7D JS QS (talon 0 left)

--- Phase: declare ---
  Declare point: omega_bots wins 5 pts (('point', 5, 'C'))
  Declare sequence: omega_bots wins 4 pts (('sequence', 4, 10, 'H'))
  Declare set: omega_bots wins 3 pts (('set', 3, 13))

--- Phase: tricks ---
  Trick  1: omega_bots leads AC, volt_x plays 8C -> omega_bots wins
  Trick  2: omega_bots leads AS, volt_x plays 7S -> omega_bots wins
  Trick  3: omega_bots leads KH, volt_x plays AH -> volt_x wins
  Trick  4: volt_x leads 7D, omega_bots plays KD -> omega_bots wins
  Trick  5: omega_bots leads KC, volt_x plays 8D -> omega_bots wins
  Trick  6: omega_bots leads 7C, volt_x plays 8S -> omega_bots wins
  Trick  7: omega_bots leads 8H, volt_x plays 9S -> omega_bots wins
  Trick  8: omega_bots leads 9H, volt_x plays 10D -> omega_bots wins
  Trick  9: omega_bots leads JC, volt_x plays JS -> omega_bots wins
  Trick 10: omega_bots leads 7H, volt_x plays QD -> omega_bots wins
  Trick 11: omega_bots leads 10H, volt_x plays QS -> omega_bots wins
  Trick 12: omega_bots leads 10C, volt_x plays AD -> omega_bots wins
  Hand: volt_x +1 / omega_bots +34 (tricks 1-11)
  Match total: volt_x 71 - 85 omega_bots
Players: volt_x vs omega_bots
Dealer: omega_bots  |  Elder: volt_x
Match scores: 71 - 85
Talon (8): 7C QD KD AD 8H JH 9S KS
volt_x hand: 10C JC AC 7D 8D 10D 9H 7S 8S 10S JS QS
omega_bots hand: 8C 9C QC KC 9D JD 7H 10H QH KH AH AS
  Exchange volt_x: discard JC AC 7D 8D 9H -> draw 7C QD AD JH 9S (talon 3 left)
  Exchange omega_bots: discard 8C 9C 9D -> draw KD 8H KS (talon 0 left)

--- Phase: declare ---
  Declare point: omega_bots wins 6 pts (('point', 6, 'H'))
  Declare sequence: volt_x wins 11 pts (('sequence', 6, 12, 'S'))
  Declare set: omega_bots wins 14 pts (('set', 4, 13))

--- Phase: tricks ---
  Trick  1: volt_x leads 7S, omega_bots plays KS -> omega_bots wins
  Trick  2: omega_bots leads AH, volt_x plays JH -> omega_bots wins
  Trick  3: omega_bots leads AS, volt_x plays 8S -> omega_bots wins
  Trick  4: omega_bots leads KC, volt_x plays 7C -> omega_bots wins
  Trick  5: omega_bots leads KH, volt_x plays 9S -> omega_bots wins
  Trick  6: omega_bots leads JD, volt_x plays QD -> volt_x wins
  Trick  7: volt_x leads 10S, omega_bots plays 10H -> volt_x wins
  Trick  8: volt_x leads JS, omega_bots plays 7H -> volt_x wins
  Trick  9: volt_x leads AD, omega_bots plays KD -> volt_x wins
  Trick 10: volt_x leads QS, omega_bots plays QC -> volt_x wins
  Trick 11: volt_x leads 10C, omega_bots plays QH -> volt_x wins
  Trick 12: volt_x leads 10D, omega_bots plays 8H -> volt_x wins
  Hand: volt_x +29 / omega_bots +25 (tricks 7-5)
  Match total: volt_x 100 - 110 omega_bots
  Final: volt_x 100 - 110 omega_bots
  Winner: omega_bots

============================================================
Game 11
============================================================
Players: omega_bots vs volt_x
Dealer: omega_bots  |  Elder: volt_x
Match scores: 0 - 0
Talon (8): KC 10D QD AD 7H 9H JS QS
omega_bots hand: 7C 8C 10C JC QC AC JD 10H JH AH 8S AS
volt_x hand: 9C 7D 8D 9D KD 8H QH KH 7S 9S 10S KS
  Exchange volt_x: discard 9C 8H QH 7S 9S -> draw KC AD 7H JS QS (talon 3 left)
  Exchange omega_bots: discard 10H JH 8S -> draw 10D QD 9H (talon 0 left)

--- Phase: declare ---
  Declare point: omega_bots wins 6 pts (('point', 6, 'C'))
  Declare sequence: volt_x wins 4 pts (('sequence', 4, 13, 'S'))
  Declare set: omega_bots wins 3 pts (('set', 3, 14))

--- Phase: tricks ---
  Trick  1: volt_x leads 7D, omega_bots plays 10D -> omega_bots wins
  Trick  2: omega_bots leads AS, volt_x plays 10S -> omega_bots wins
  Trick  3: omega_bots leads AH, volt_x plays 7H -> omega_bots wins
  Trick  4: omega_bots leads AC, volt_x plays KC -> omega_bots wins
  Trick  5: omega_bots leads QC, volt_x plays 8D -> omega_bots wins
  Trick  6: omega_bots leads 10C, volt_x plays 9D -> omega_bots wins
  Trick  7: omega_bots leads 7C, volt_x plays JS -> omega_bots wins
  Trick  8: omega_bots leads JD, volt_x plays KD -> volt_x wins
  Trick  9: volt_x leads AD, omega_bots plays QD -> volt_x wins
  Trick 10: volt_x leads KH, omega_bots plays 9H -> volt_x wins
  Trick 11: volt_x leads KS, omega_bots plays JC -> volt_x wins
  Trick 12: volt_x leads QS, omega_bots plays 8C -> volt_x wins
  Hand: omega_bots +26 / volt_x +10 (tricks 7-5)
  Match total: omega_bots 26 - 10 volt_x
Players: omega_bots vs volt_x
Dealer: volt_x  |  Elder: omega_bots
Match scores: 26 - 10
Talon (8): 10C AC 7H 10H JH 10S JS QS
omega_bots hand: 9C JC QC 7D 9D 10D 8H 9H QH KH 8S AS
volt_x hand: 7C 8C KC 8D JD QD KD AD AH 7S 9S KS
  Exchange omega_bots: discard JC 7D 8H 9H 8S -> draw 10C 7H 10H JS QS (talon 3 left)
  Exchange volt_x: discard 7C 8C 7S -> draw AC JH 10S (talon 0 left)

--- Phase: declare ---
  Declare point: volt_x wins 5 pts (('point', 5, 'D'))
  Declare sequence: volt_x wins 4 pts (('sequence', 4, 14, 'D'))
  Declare set: volt_x wins 3 pts (('set', 3, 14))

--- Phase: tricks ---
  Trick  1: omega_bots leads AS, volt_x plays 9S -> omega_bots wins
  Trick  2: omega_bots leads KH, volt_x plays AH -> volt_x wins
  Trick  3: volt_x leads 8D, omega_bots plays 9D -> omega_bots wins
  Trick  4: omega_bots leads QC, volt_x plays KC -> volt_x wins
  Trick  5: volt_x leads JD, omega_bots plays 10D -> volt_x wins
  Trick  6: volt_x leads QD, omega_bots plays 9C -> volt_x wins
  Trick  7: volt_x leads KD, omega_bots plays QH -> volt_x wins
  Trick  8: volt_x leads 10S, omega_bots plays JS -> omega_bots wins
  Trick  9: omega_bots leads 10H, volt_x plays JH -> volt_x wins
  Trick 10: volt_x leads AD, omega_bots plays 10C -> volt_x wins
  Trick 11: volt_x leads AC, omega_bots plays QS -> volt_x wins
  Trick 12: volt_x leads KS, omega_bots plays 7H -> volt_x wins
  Hand: omega_bots +3 / volt_x +32 (tricks 3-9)
  Match total: omega_bots 29 - 42 volt_x
Players: omega_bots vs volt_x
Dealer: omega_bots  |  Elder: volt_x
Match scores: 29 - 42
Talon (8): 8C 7D KD 8H 9H QH 7S 10S
omega_bots hand: 7C KC AC 9D JD QD AD 7H AH 8S 9S KS
volt_x hand: 9C 10C JC QC 8D 10D 10H JH KH JS QS AS
  Exchange volt_x: discard 8D 10D 10H KH QS -> draw 8C 7D KD QH 7S (talon 3 left)
  Exchange omega_bots: discard 7H 8S 9S -> draw 8H 9H 10S (talon 0 left)

--- Phase: declare ---
  Declare point: volt_x wins 5 pts (('point', 5, 'C'))
  Declare sequence: volt_x wins 10 pts (('sequence', 5, 12, 'C'))
  Declare set: omega_bots wins 3 pts (('set', 3, 14))

--- Phase: tricks ---
  Trick  1: volt_x leads 8C, omega_bots plays KC -> omega_bots wins
  Trick  2: omega_bots leads AH, volt_x plays JH -> omega_bots wins
  Trick  3: omega_bots leads AC, volt_x plays 9C -> omega_bots wins
  Trick  4: omega_bots leads AD, volt_x plays 7D -> omega_bots wins
  Trick  5: omega_bots leads KS, volt_x plays AS -> volt_x wins
  Trick  6: volt_x leads 10C, omega_bots plays 7C -> volt_x wins
  Trick  7: volt_x leads 7S, omega_bots plays 10S -> omega_bots wins
  Trick  8: omega_bots leads QD, volt_x plays KD -> volt_x wins
  Trick  9: volt_x leads QC, omega_bots plays 9D -> volt_x wins
  Trick 10: volt_x leads QH, omega_bots plays 8H -> volt_x wins
  Trick 11: volt_x leads JS, omega_bots plays JD -> volt_x wins
  Trick 12: volt_x leads JC, omega_bots plays 9H -> volt_x wins
  Hand: omega_bots +8 / volt_x +33 (tricks 5-7)
  Match total: omega_bots 37 - 75 volt_x
Players: omega_bots vs volt_x
Dealer: volt_x  |  Elder: omega_bots
Match scores: 37 - 75
Talon (8): 8C QC 8D 9H AH 9S 10S QS
omega_bots hand: 7C 10C JC 7D QD KD QH KH 7S 8S JS AS
volt_x hand: 9C KC AC 9D 10D JD AD 7H 8H 10H JH KS
  Exchange omega_bots: discard 10C JC 7S 8S JS -> draw 8C QC 8D 9H QS (talon 3 left)
  Exchange volt_x: discard 9C 7H 8H -> draw AH 9S 10S (talon 0 left)

--- Phase: declare ---
  Declare point: volt_x wins 4 pts (('point', 4, 'D'))
  Declare sequence: volt_x wins 3 pts (('sequence', 3, 11, 'D'))
  Declare set: volt_x wins 3 pts (('set', 3, 14))

--- Phase: tricks ---
  Trick  1: omega_bots leads AS, volt_x plays 9S -> omega_bots wins
  Trick  2: omega_bots leads KD, volt_x plays AD -> volt_x wins
  Trick  3: volt_x leads 9D, omega_bots plays QD -> omega_bots wins
  Trick  4: omega_bots leads KH, volt_x plays AH -> volt_x wins
  Trick  5: volt_x leads 10D, omega_bots plays 7D -> volt_x wins
  Trick  6: volt_x leads KC, omega_bots plays 7C -> volt_x wins
  Trick  7: volt_x leads 10S, omega_bots plays QS -> omega_bots wins
  Trick  8: omega_bots leads QH, volt_x plays 10H -> omega_bots wins
  Trick  9: omega_bots leads 8D, volt_x plays JD -> volt_x wins
  Trick 10: volt_x leads AC, omega_bots plays QC -> volt_x wins
  Trick 11: volt_x leads KS, omega_bots plays 8C -> volt_x wins
  Trick 12: volt_x leads JH, omega_bots plays 9H -> volt_x wins
  Hand: omega_bots +4 / volt_x +29 (tricks 4-8)
  Match total: omega_bots 41 - 104 volt_x
  Final: omega_bots 41 - 104 volt_x
  Winner: volt_x

============================================================
Game 12
============================================================
Players: volt_x vs omega_bots
Dealer: volt_x  |  Elder: omega_bots
Match scores: 0 - 0
Talon (8): 7C 8C 7D JD QD 7H 8H 8S
volt_x hand: 10C QC KC 9D AD 9H 10H QH KH AH 7S KS
omega_bots hand: 9C JC AC 8D 10D KD JH 9S 10S JS QS AS
  Exchange omega_bots: discard JC 8D JH 9S -> draw 7C JD 8H 8S (talon 4 left)
  Exchange volt_x: discard 10C QC 9D 7S -> draw 8C 7D QD 7H (talon 0 left)

--- Phase: declare ---
  Declare point: volt_x wins 6 pts (('point', 6, 'H'))
  Declare sequence: volt_x wins 3 pts (('sequence', 3, 14, 'H'))
  Declare set: volt_x wins 3 pts (('set', 3, 13))

--- Phase: tricks ---
  Trick  1: omega_bots leads AS, volt_x plays KS -> omega_bots wins
  Trick  2: omega_bots leads AC, volt_x plays 8C -> omega_bots wins
  Trick  3: omega_bots leads KD, volt_x plays AD -> volt_x wins
  Trick  4: volt_x leads 7H, omega_bots plays 8H -> omega_bots wins
  Trick  5: omega_bots leads QS, volt_x plays 7D -> omega_bots wins
  Trick  6: omega_bots leads JS, volt_x plays 9H -> omega_bots wins
  Trick  7: omega_bots leads 9C, volt_x plays KC -> volt_x wins
  Trick  8: volt_x leads 10H, omega_bots plays 10S -> volt_x wins
  Trick  9: volt_x leads AH, omega_bots plays 10D -> volt_x wins
  Trick 10: volt_x leads KH, omega_bots plays 8S -> volt_x wins
  Trick 11: volt_x leads QH, omega_bots plays JD -> volt_x wins
  Trick 12: volt_x leads QD, omega_bots plays 7C -> volt_x wins
  Hand: volt_x +30 / omega_bots +5 (tricks 7-5)
  Match total: volt_x 30 - 5 omega_bots
Players: volt_x vs omega_bots
Dealer: omega_bots  |  Elder: volt_x
Match scores: 30 - 5
Talon (8): 8C 10H QH KH 8S 9S QS KS
volt_x hand: QC KC AC 8D 10D QD KD AD 8H 7S 10S JS
omega_bots hand: 7C 9C 10C JC 7D 9D JD 7H 9H JH AH AS
  Exchange volt_x: discard QC 8H 7S 10S JS -> draw 8C 10H KH 9S QS (talon 3 left)
  Exchange omega_bots: discard 7D 7H 9H -> draw QH 8S KS (talon 0 left)

--- Phase: declare ---
  Declare point: volt_x wins 5 pts (('point', 5, 'D'))
  Declare sequence: volt_x wins 3 pts (('sequence', 3, 14, 'D'))
  Declare set: volt_x wins 3 pts (('set', 3, 13))

--- Phase: tricks ---
  Trick  1: volt_x leads 8D, omega_bots plays 9D -> omega_bots wins
  Trick  2: omega_bots leads AS, volt_x plays 9S -> omega_bots wins
  Trick  3: omega_bots leads AH, volt_x plays 10H -> omega_bots wins
  Trick  4: omega_bots leads KS, volt_x plays QS -> omega_bots wins
  Trick  5: omega_bots leads QH, volt_x plays KH -> volt_x wins
  Trick  6: volt_x leads 10D, omega_bots plays JD -> omega_bots wins
  Trick  7: omega_bots leads JC, volt_x plays KC -> volt_x wins
  Trick  8: volt_x leads QD, omega_bots plays 10C -> volt_x wins
  Trick  9: volt_x leads AC, omega_bots plays 9C -> volt_x wins
  Trick 10: volt_x leads AD, omega_bots plays 7C -> volt_x wins
  Trick 11: volt_x leads KD, omega_bots plays JH -> volt_x wins
  Trick 12: volt_x leads 8C, omega_bots plays 8S -> volt_x wins
  Hand: volt_x +29 / omega_bots +5 (tricks 7-5)
  Match total: volt_x 59 - 10 omega_bots
Players: volt_x vs omega_bots
Dealer: volt_x  |  Elder: omega_bots
Match scores: 59 - 10
Talon (8): 7C 9C KC AD 9S 10S QS KS
volt_x hand: JC QC 7D 9D QD KD 8H 10H QH KH 7S AS
omega_bots hand: 8C 10C AC 8D 10D JD 7H 9H JH AH 8S JS
  Exchange omega_bots: discard 8C 10C 10D 7H 8S -> draw KC AD 9S 10S QS (talon 3 left)
  Exchange volt_x: discard 7D 9D 7S -> draw 7C 9C KS (talon 0 left)

--- Phase: declare ---
  Declare point: omega_bots wins 4 pts (('point', 4, 'S'))
  Declare sequence: omega_bots wins 4 pts (('sequence', 4, 12, 'S'))
  Declare set: omega_bots wins 3 pts (('set', 3, 14))

--- Phase: tricks ---
  Trick  1: omega_bots leads AC, volt_x plays 7C -> omega_bots wins
  Trick  2: omega_bots leads AH, volt_x plays 8H -> omega_bots wins
  Trick  3: omega_bots leads AD, volt_x plays QD -> omega_bots wins
  Trick  4: omega_bots leads KC, volt_x plays 9C -> omega_bots wins
  Trick  5: omega_bots leads QS, volt_x plays KS -> volt_x wins
  Trick  6: volt_x leads 10H, omega_bots plays 9H -> volt_x wins
  Trick  7: volt_x leads QH, omega_bots plays JH -> volt_x wins
  Trick  8: volt_x leads JC, omega_bots plays JD -> volt_x wins
  Trick  9: volt_x leads AS, omega_bots plays JS -> volt_x wins
  Trick 10: volt_x leads KD, omega_bots plays 8D -> volt_x wins
  Trick 11: volt_x leads KH, omega_bots plays 10S -> volt_x wins
  Trick 12: volt_x leads QC, omega_bots plays 9S -> volt_x wins
  Hand: volt_x +19 / omega_bots +15 (tricks 8-4)
  Match total: volt_x 78 - 25 omega_bots
Players: volt_x vs omega_bots
Dealer: omega_bots  |  Elder: volt_x
Match scores: 78 - 25
Talon (8): 9C 10C 7D 9H 8S 9S QS KS
volt_x hand: JC QC 8D 9D 10D 7H 8H 10H JH KH 10S JS
omega_bots hand: 7C 8C KC AC JD QD KD AD QH AH 7S AS
  Exchange volt_x: discard QC 7H 8H 10H 10S -> draw 10C 7D 9H 9S QS (talon 3 left)
  Exchange omega_bots: discard 7C 8C 7S -> draw 9C 8S KS (talon 0 left)

--- Phase: declare ---
  Declare point: omega_bots wins 4 pts (('point', 4, 'D'))
  Declare sequence: omega_bots wins 4 pts (('sequence', 4, 14, 'D'))
  Declare set: omega_bots wins 14 pts (('set', 4, 14))

--- Phase: tricks ---
  Trick  1: volt_x leads 7D, omega_bots plays JD -> omega_bots wins
  Trick  2: omega_bots leads AS, volt_x plays 9S -> omega_bots wins
  Trick  3: omega_bots leads AH, volt_x plays 9H -> omega_bots wins
  Trick  4: omega_bots leads AC, volt_x plays 10C -> omega_bots wins
  Trick  5: omega_bots leads AD, volt_x plays 8D -> omega_bots wins
  Trick  6: omega_bots leads QD, volt_x plays 9D -> omega_bots wins
  Trick  7: omega_bots leads QH, volt_x plays KH -> volt_x wins
  Trick  8: volt_x leads JS, omega_bots plays 8S -> volt_x wins
  Trick  9: volt_x leads QS, omega_bots plays KS -> omega_bots wins
  Trick 10: omega_bots leads KC, volt_x plays JC -> omega_bots wins
  Trick 11: omega_bots leads KD, volt_x plays 10D -> omega_bots wins
  Trick 12: omega_bots leads 9C, volt_x plays JH -> omega_bots wins
  Hand: volt_x +2 / omega_bots +43 (tricks 2-10)
  Match total: volt_x 80 - 68 omega_bots
Players: volt_x vs omega_bots
Dealer: volt_x  |  Elder: omega_bots
Match scores: 80 - 68
Talon (8): 10C KC JD QH AH 9S QS AS
volt_x hand: 7C JC 7D QD KD AD 7H 9H 10H 8S 10S KS
omega_bots hand: 8C 9C QC AC 8D 9D 10D 8H JH KH 7S JS
  Exchange omega_bots: discard 8C 9C QC 8H 7S -> draw 10C KC JD QH QS (talon 3 left)
  Exchange volt_x: discard 7C 7H 8S -> draw AH 9S AS (talon 0 left)

--- Phase: declare ---
  Declare point: volt_x wins 4 pts (('point', 4, 'S'))
  Declare sequence: omega_bots wins 4 pts (('sequence', 4, 11, 'D'))
  Declare set: volt_x wins 3 pts (('set', 3, 14))

--- Phase: tricks ---
  Trick  1: omega_bots leads AC, volt_x plays JC -> omega_bots wins
  Trick  2: omega_bots leads KH, volt_x plays AH -> volt_x wins
  Trick  3: volt_x leads 7D, omega_bots plays 8D -> omega_bots wins
  Trick  4: omega_bots leads KC, volt_x plays 9H -> omega_bots wins
  Trick  5: omega_bots leads QS, volt_x plays KS -> volt_x wins
  Trick  6: volt_x leads QD, omega_bots plays 10D -> volt_x wins
  Trick  7: volt_x leads 9S, omega_bots plays JS -> omega_bots wins
  Trick  8: omega_bots leads JH, volt_x plays 10H -> omega_bots wins
  Trick  9: omega_bots leads 9D, volt_x plays KD -> volt_x wins
  Trick 10: volt_x leads AD, omega_bots plays JD -> volt_x wins
  Trick 11: volt_x leads AS, omega_bots plays 10C -> volt_x wins
  Trick 12: volt_x leads 10S, omega_bots plays QH -> volt_x wins
  Hand: volt_x +25 / omega_bots +9 (tricks 7-5)
  Match total: volt_x 105 - 77 omega_bots
  Final: volt_x 105 - 77 omega_bots
  Winner: volt_x

============================================================
Game 13
============================================================
Players: omega_bots vs volt_x
Dealer: omega_bots  |  Elder: volt_x
Match scores: 0 - 0
Talon (8): JC KC 8D AD 10H QH AH JS
omega_bots hand: 8C 9C 10C QC AC 7D 10D 7H JH 8S QS AS
volt_x hand: 7C 9D JD QD KD 8H 9H KH 7S 9S 10S KS
  Exchange volt_x: discard 7C 8H 9H 7S 9S -> draw KC AD 10H QH JS (talon 3 left)
  Exchange omega_bots: discard 10D 7H 8S -> draw JC 8D AH (talon 0 left)

--- Phase: declare ---
  Declare point: omega_bots wins 6 pts (('point', 6, 'C'))
  Declare sequence: omega_bots wins 10 pts (('sequence', 5, 12, 'C'))
  Declare set: omega_bots wins 3 pts (('set', 3, 14))

--- Phase: tricks ---
  Trick  1: volt_x leads 9D, omega_bots plays 7D -> volt_x wins
  Trick  2: volt_x leads JD, omega_bots plays 8D -> volt_x wins
  Trick  3: volt_x leads QD, omega_bots plays 8C -> volt_x wins
  Trick  4: volt_x leads 10S, omega_bots plays QS -> omega_bots wins
  Trick  5: omega_bots leads AC, volt_x plays KC -> omega_bots wins
  Trick  6: omega_bots leads 10C, volt_x plays 10H -> omega_bots wins
  Trick  7: omega_bots leads QC, volt_x plays JS -> omega_bots wins
  Trick  8: omega_bots leads 9C, volt_x plays QH -> omega_bots wins
  Trick  9: omega_bots leads JH, volt_x plays KH -> volt_x wins
  Trick 10: volt_x leads AD, omega_bots plays AS -> volt_x wins
  Trick 11: volt_x leads KS, omega_bots plays JC -> volt_x wins
  Trick 12: volt_x leads KD, omega_bots plays AH -> volt_x wins
  Hand: omega_bots +24 / volt_x +18 (tricks 5-7)
  Match total: omega_bots 24 - 18 volt_x
Players: omega_bots vs volt_x
Dealer: volt_x  |  Elder: omega_bots
Match scores: 24 - 18
Talon (8): 7C 9C JC 7D 8D 9D KH 9S
omega_bots hand: 10D JD 7H 8H 9H JH AH 7S 8S 10S JS KS
volt_x hand: 8C 10C QC KC AC QD KD AD 10H QH QS AS
  Exchange omega_bots: discard 10D 7S 8S 10S KS -> draw 7C JC 9D KH 9S (talon 3 left)
  Exchange volt_x: discard 10H QH QS -> draw 9C 7D 8D (talon 0 left)

--- Phase: declare ---
  Declare point: volt_x wins 6 pts (('point', 6, 'C'))
  Declare sequence: volt_x wins 3 pts (('sequence', 3, 14, 'D'))
  Declare set: volt_x wins 3 pts (('set', 3, 14))

--- Phase: tricks ---
  Trick  1: omega_bots leads AH, volt_x plays 7D -> omega_bots wins
  Trick  2: omega_bots leads KH, volt_x plays 8C -> omega_bots wins
  Trick  3: omega_bots leads JH, volt_x plays 8D -> omega_bots wins
  Trick  4: omega_bots leads JD, volt_x plays QD -> volt_x wins
  Trick  5: volt_x leads 9C, omega_bots plays JC -> omega_bots wins
  Trick  6: omega_bots leads 9H, volt_x plays 10C -> omega_bots wins
  Trick  7: omega_bots leads 7H, volt_x plays QC -> omega_bots wins
  Trick  8: omega_bots leads 8H, volt_x plays KD -> omega_bots wins
  Trick  9: omega_bots leads JS, volt_x plays AS -> volt_x wins
  Trick 10: volt_x leads AC, omega_bots plays 7C -> volt_x wins
  Trick 11: volt_x leads AD, omega_bots plays 9D -> volt_x wins
  Trick 12: volt_x leads KC, omega_bots plays 9S -> volt_x wins
  Hand: omega_bots +17 / volt_x +18 (tricks 7-5)
  Match total: omega_bots 41 - 36 volt_x
Players: omega_bots vs volt_x
Dealer: omega_bots  |  Elder: volt_x
Match scores: 41 - 36
Talon (8): QD AD 10H 9S JS QS KS AS
omega_bots hand: JC KC AC 7D 9D JD KD 7H QH KH 8S 10S
volt_x hand: 7C 8C 9C 10C QC 8D 10D 8H 9H JH AH 7S
  Exchange volt_x: discard 8D 8H 9H JH 7S -> draw QD AD 9S JS QS (talon 3 left)
  Exchange omega_bots: discard 7H 8S 10S -> draw 10H KS AS (talon 0 left)

--- Phase: declare ---
  Declare point: volt_x wins 5 pts (('point', 5, 'C'))
  Declare sequence: volt_x wins 4 pts (('sequence', 4, 10, 'C'))
  Declare set: omega_bots wins 14 pts (('set', 4, 13))

--- Phase: tricks ---
  Trick  1: volt_x leads 7C, omega_bots plays JC -> omega_bots wins
  Trick  2: omega_bots leads AC, volt_x plays 8C -> omega_bots wins
  Trick  3: omega_bots leads AS, volt_x plays 9S -> omega_bots wins
  Trick  4: omega_bots leads KD, volt_x plays AD -> volt_x wins
  Trick  5: volt_x leads 9C, omega_bots plays KC -> omega_bots wins
  Trick  6: omega_bots leads JD, volt_x plays QD -> volt_x wins
  Trick  7: volt_x leads 10C, omega_bots plays 9D -> volt_x wins
  Trick  8: volt_x leads JS, omega_bots plays KS -> omega_bots wins
  Trick  9: omega_bots leads 7D, volt_x plays 10D -> volt_x wins
  Trick 10: volt_x leads AH, omega_bots plays QH -> volt_x wins
  Trick 11: volt_x leads QC, omega_bots plays KH -> volt_x wins
  Trick 12: volt_x leads QS, omega_bots plays 10H -> volt_x wins
  Hand: omega_bots +19 / volt_x +27 (tricks 5-7)
  Match total: omega_bots 60 - 63 volt_x
Players: omega_bots vs volt_x
Dealer: volt_x  |  Elder: omega_bots
Match scores: 60 - 63
Talon (8): JC JD 8H 10H QH AH 10S JS
omega_bots hand: 8C 9C QC KC AC 8D AD 7H 9H KH 8S KS
volt_x hand: 7C 10C 7D 9D 10D QD KD JH 7S 9S QS AS
  Exchange omega_bots: discard 9C 7H 9H 8S -> draw 8H 10H QH JS (talon 4 left)
  Exchange volt_x: discard 7C 7S 9S QS -> draw JC JD AH 10S (talon 0 left)

--- Phase: declare ---
  Declare point: volt_x wins 6 pts (('point', 6, 'D'))
  Declare sequence: volt_x wins 10 pts (('sequence', 5, 13, 'D'))
  Declare set: omega_bots wins 3 pts (('set', 3, 13))

--- Phase: tricks ---
  Trick  1: omega_bots leads AD, volt_x plays 7D -> omega_bots wins
  Trick  2: omega_bots leads AC, volt_x plays 10C -> omega_bots wins
  Trick  3: omega_bots leads KS, volt_x plays AS -> volt_x wins
  Trick  4: volt_x leads 9D, omega_bots plays 8D -> volt_x wins
  Trick  5: volt_x leads 10D, omega_bots plays 8C -> volt_x wins
  Trick  6: volt_x leads JD, omega_bots plays KH -> volt_x wins
  Trick  7: volt_x leads QD, omega_bots plays KC -> volt_x wins
  Trick  8: volt_x leads JH, omega_bots plays 10H -> volt_x wins
  Trick  9: volt_x leads AH, omega_bots plays QH -> volt_x wins
  Trick 10: volt_x leads KD, omega_bots plays QC -> volt_x wins
  Trick 11: volt_x leads JC, omega_bots plays JS -> volt_x wins
  Trick 12: volt_x leads 10S, omega_bots plays 8H -> volt_x wins
  Hand: omega_bots +5 / volt_x +37 (tricks 2-10)
  Match total: omega_bots 65 - 100 volt_x
  Final: omega_bots 65 - 100 volt_x
  Winner: volt_x

============================================================
Game 14
============================================================
Players: volt_x vs omega_bots
Dealer: volt_x  |  Elder: omega_bots
Match scores: 0 - 0
Talon (8): 10C 10D QD JH KH 7S KS AS
volt_x hand: 7C 9C JC QC 8D 9D JD 10H QH 9S 10S JS
omega_bots hand: 8C KC AC 7D KD AD 7H 8H 9H AH 8S QS
  Exchange omega_bots: discard 8C KC 7D 7H 9H -> draw 10C 10D KH KS AS (talon 3 left)
  Exchange volt_x: discard 8D 9D QH -> draw QD JH 7S (talon 0 left)

--- Phase: declare ---
  Declare point: omega_bots wins 4 pts (('point', 4, 'S'))
  Declare sequence: omega_bots wins 3 pts (('sequence', 3, 14, 'S'))
  Declare set: omega_bots wins 14 pts (('set', 4, 14))

--- Phase: tricks ---
  Trick  1: omega_bots leads AD, volt_x plays JD -> omega_bots wins
  Trick  2: omega_bots leads AC, volt_x plays 7C -> omega_bots wins
  Trick  3: omega_bots leads AH, volt_x plays 10H -> omega_bots wins
  Trick  4: omega_bots leads AS, volt_x plays 7S -> omega_bots wins
  Trick  5: omega_bots leads KD, volt_x plays QD -> omega_bots wins
  Trick  6: omega_bots leads QS, volt_x plays 9S -> omega_bots wins
  Trick  7: omega_bots leads 8S, volt_x plays 10S -> volt_x wins
  Trick  8: volt_x leads 9C, omega_bots plays 10C -> omega_bots wins
  Trick  9: omega_bots leads 8H, volt_x plays JH -> volt_x wins
  Trick 10: volt_x leads QC, omega_bots plays 10D -> volt_x wins
  Trick 11: volt_x leads JC, omega_bots plays KS -> volt_x wins
  Trick 12: volt_x leads JS, omega_bots plays KH -> volt_x wins
  Hand: volt_x +6 / omega_bots +38 (tricks 5-7)
  Match total: volt_x 6 - 38 omega_bots
Players: volt_x vs omega_bots
Dealer: omega_bots  |  Elder: volt_x
Match scores: 6 - 38
Talon (8): JC QC 8H 9H 10H KH AH JS
volt_x hand: 7C 10C KC AC 7D JD AD JH 7S 9S 10S AS
omega_bots hand: 8C 9C 8D 9D 10D QD KD 7H QH 8S QS KS
  Exchange volt_x: discard 7D JH 7S 9S 10S -> draw JC QC 9H KH JS (talon 3 left)
  Exchange omega_bots: discard 8C 9C 7H -> draw 8H 10H AH (talon 0 left)

--- Phase: declare ---
  Declare point: volt_x wins 6 pts (('point', 6, 'C'))
  Declare sequence: volt_x wins 10 pts (('sequence', 5, 14, 'C'))
  Declare set: volt_x wins 3 pts (('set', 3, 14))

--- Phase: tricks ---
  Trick  1: volt_x leads 7C, omega_bots plays 8S -> volt_x wins
  Trick  2: volt_x leads 10C, omega_bots plays 8D -> volt_x wins
  Trick  3: volt_x leads JC, omega_bots plays 8H -> volt_x wins
  Trick  4: volt_x leads QC, omega_bots plays 9D -> volt_x wins
  Trick  5: volt_x leads KC, omega_bots plays 10D -> volt_x wins
  Trick  6: volt_x leads JD, omega_bots plays KD -> omega_bots wins
  Trick  7: omega_bots leads QS, volt_x plays AS -> volt_x wins
  Trick  8: volt_x leads 9H, omega_bots plays QH -> omega_bots wins
  Trick  9: omega_bots leads QD, volt_x plays AD -> volt_x wins
  Trick 10: volt_x leads AC, omega_bots plays KS -> volt_x wins
  Trick 11: volt_x leads KH, omega_bots plays 10H -> volt_x wins
  Trick 12: volt_x leads JS, omega_bots plays AH -> volt_x wins
  Hand: volt_x +40 / omega_bots +2 (tricks 10-2)
  Match total: volt_x 46 - 40 omega_bots
Players: volt_x vs omega_bots
Dealer: volt_x  |  Elder: omega_bots
Match scores: 46 - 40
Talon (8): 9C 10C KC 8D KD 9H 9S JS
volt_x hand: JC 9D 10D QD AD 10H JH AH 8S 10S QS AS
omega_bots hand: 7C 8C QC AC 7D JD 7H 8H QH KH 7S KS
  Exchange omega_bots: discard 8C 7D JD 7H 8H -> draw 9C 8D KD 9H 9S (talon 3 left)
  Exchange volt_x: discard 10H 8S QS -> draw 10C KC JS (talon 0 left)

--- Phase: declare ---
  Declare point: volt_x wins 4 pts (('point', 4, 'D'))
  Declare set: volt_x wins 3 pts (('set', 3, 14))

--- Phase: tricks ---
  Trick  1: omega_bots leads AC, volt_x plays 10C -> omega_bots wins
  Trick  2: omega_bots leads KS, volt_x plays AS -> volt_x wins
  Trick  3: volt_x leads 9D, omega_bots plays KD -> omega_bots wins
  Trick  4: omega_bots leads KH, volt_x plays AH -> volt_x wins
  Trick  5: volt_x leads 10D, omega_bots plays 8D -> volt_x wins
  Trick  6: volt_x leads 10S, omega_bots plays 7S -> volt_x wins
  Trick  7: volt_x leads JC, omega_bots plays 7C -> volt_x wins
  Trick  8: volt_x leads QD, omega_bots plays QH -> volt_x wins
  Trick  9: volt_x leads AD, omega_bots plays QC -> volt_x wins
  Trick 10: volt_x leads KC, omega_bots plays 9C -> volt_x wins
  Trick 11: volt_x leads JH, omega_bots plays 9H -> volt_x wins
  Trick 12: volt_x leads JS, omega_bots plays 9S -> volt_x wins
  Hand: volt_x +28 / omega_bots +2 (tricks 10-2)
  Match total: volt_x 74 - 42 omega_bots
Players: volt_x vs omega_bots
Dealer: omega_bots  |  Elder: volt_x
Match scores: 74 - 42
Talon (8): 9C QC 9D 10D 7H KH 8S 10S
volt_x hand: 7C 8C 10C KC AC 7D QD QH AH JS QS KS
omega_bots hand: JC 8D JD KD AD 8H 9H 10H JH 7S 9S AS
  Exchange volt_x: discard 7C 8C 10C 7D AH -> draw 9C QC 7H 8S 10S (talon 3 left)
  Exchange omega_bots: discard 8D 7S 9S -> draw 9D 10D KH (talon 0 left)

--- Phase: declare ---
  Declare point: omega_bots wins 5 pts (('point', 5, 'D'))
  Declare sequence: volt_x wins 4 pts (('sequence', 4, 13, 'S'))
  Declare set: volt_x wins 14 pts (('set', 4, 12))

--- Phase: tricks ---
  Trick  1: volt_x leads 8S, omega_bots plays AS -> omega_bots wins
  Trick  2: omega_bots leads AD, volt_x plays QD -> omega_bots wins
  Trick  3: omega_bots leads KD, volt_x plays 7H -> omega_bots wins
  Trick  4: omega_bots leads KH, volt_x plays QH -> omega_bots wins
  Trick  5: omega_bots leads 10H, volt_x plays 9C -> omega_bots wins
  Trick  6: omega_bots leads 8H, volt_x plays 10S -> omega_bots wins
  Trick  7: omega_bots leads 9H, volt_x plays JS -> omega_bots wins
  Trick  8: omega_bots leads JD, volt_x plays QS -> omega_bots wins
  Trick  9: omega_bots leads JH, volt_x plays QC -> omega_bots wins
  Trick 10: omega_bots leads JC, volt_x plays KC -> volt_x wins
  Trick 11: volt_x leads AC, omega_bots plays 9D -> volt_x wins
  Trick 12: volt_x leads KS, omega_bots plays 10D -> volt_x wins
  Hand: volt_x +22 / omega_bots +24 (tricks 3-9)
  Match total: volt_x 96 - 66 omega_bots
Players: volt_x vs omega_bots
Dealer: volt_x  |  Elder: omega_bots
Match scores: 96 - 66
Talon (8): 7C AD 7H 7S 8S JS KS AS
volt_x hand: 9C KC 7D 8D QD KD 10H JH QH KH 10S QS
omega_bots hand: 8C 10C JC QC AC 9D 10D JD 8H 9H AH 9S
  Exchange omega_bots: discard 9D JD 8H 9H 9S -> draw 7C AD 7S 8S JS (talon 3 left)
  Exchange volt_x: discard 9C 7D 8D -> draw 7H KS AS (talon 0 left)

--- Phase: declare ---
  Declare point: omega_bots wins 6 pts (('point', 6, 'C'))
  Declare sequence: volt_x wins 4 pts (('sequence', 4, 13, 'H'))
  Declare set: omega_bots wins 3 pts (('set', 3, 14))

--- Phase: tricks ---
  Trick  1: omega_bots leads AH, volt_x plays 7H -> omega_bots wins
  Trick  2: omega_bots leads AC, volt_x plays KC -> omega_bots wins
  Trick  3: omega_bots leads AD, volt_x plays QD -> omega_bots wins
  Trick  4: omega_bots leads QC, volt_x plays 10S -> omega_bots wins
  Trick  5: omega_bots leads 10C, volt_x plays 10H -> omega_bots wins
  Trick  6: omega_bots leads 8C, volt_x plays JH -> omega_bots wins
  Trick  7: omega_bots leads JC, volt_x plays QS -> omega_bots wins
  Trick  8: omega_bots leads 10D, volt_x plays KD -> volt_x wins
  Trick  9: volt_x leads AS, omega_bots plays 7S -> volt_x wins
  Trick 10: volt_x leads KH, omega_bots plays 7C -> volt_x wins
  Trick 11: volt_x leads KS, omega_bots plays JS -> volt_x wins
  Trick 12: volt_x leads QH, omega_bots plays 8S -> volt_x wins
  Hand: volt_x +10 / omega_bots +26 (tricks 5-7)
  Match total: volt_x 106 - 92 omega_bots
  Final: volt_x 106 - 92 omega_bots
  Winner: volt_x

============================================================
Game 15
============================================================
Players: omega_bots vs volt_x
Dealer: omega_bots  |  Elder: volt_x
Match scores: 0 - 0
Talon (8): 7D KD 10H QH KH QS KS AS
omega_bots hand: 8C 9C 10C KC 8D 9D JD 7H 7S 8S 9S 10S
volt_x hand: 7C JC QC AC 10D QD AD 8H 9H JH AH JS
  Exchange volt_x: discard 10D QD 8H 9H JS -> draw KD 10H QH KH KS (talon 3 left)
  Exchange omega_bots: discard 8D 9D 7H -> draw 7D QS AS (talon 0 left)

--- Phase: declare ---
  Declare point: omega_bots wins 6 pts (('point', 6, 'S'))
  Declare sequence: volt_x wins 10 pts (('sequence', 5, 14, 'H'))
  Declare set: volt_x wins 3 pts (('set', 3, 14))

--- Phase: tricks ---
  Trick  1: volt_x leads 10H, omega_bots plays 7S -> volt_x wins
  Trick  2: volt_x leads 7C, omega_bots plays 8C -> omega_bots wins
  Trick  3: omega_bots leads AS, volt_x plays KS -> omega_bots wins
  Trick  4: omega_bots leads KC, volt_x plays AC -> volt_x wins
  Trick  5: volt_x leads JH, omega_bots plays 7D -> volt_x wins
  Trick  6: volt_x leads QH, omega_bots plays 8S -> volt_x wins
  Trick  7: volt_x leads JC, omega_bots plays 9C -> volt_x wins
  Trick  8: volt_x leads KH, omega_bots plays 10S -> volt_x wins
  Trick  9: volt_x leads AH, omega_bots plays 9S -> volt_x wins
  Trick 10: volt_x leads AD, omega_bots plays JD -> volt_x wins
  Trick 11: volt_x leads KD, omega_bots plays 10C -> volt_x wins
  Trick 12: volt_x leads QC, omega_bots plays QS -> volt_x wins
  Hand: omega_bots +8 / volt_x +34 (tricks 2-10)
  Match total: omega_bots 8 - 34 volt_x
Players: omega_bots vs volt_x
Dealer: volt_x  |  Elder: omega_bots
Match scores: 8 - 34
Talon (8): KC 7D 9D 10D JD JH 9S 10S
omega_bots hand: 7C 9C 10C QC AC 8D QD 9H AH JS QS KS
volt_x hand: 8C JC KD AD 7H 8H 10H QH KH 7S 8S AS
  Exchange omega_bots: discard 7C 9C 8D 9H -> draw 9D 10D JH 10S (talon 4 left)
  Exchange volt_x: discard 8C JC 7S 8S -> draw KC 7D JD 9S (talon 0 left)

--- Phase: declare ---
  Declare point: volt_x wins 5 pts (('point', 5, 'H'))
  Declare sequence: omega_bots wins 4 pts (('sequence', 4, 13, 'S'))
  Declare set: volt_x wins 3 pts (('set', 3, 13))

--- Phase: tricks ---
  Trick  1: omega_bots leads AC, volt_x plays KC -> omega_bots wins
  Trick  2: omega_bots leads AH, volt_x plays 7H -> omega_bots wins
  Trick  3: omega_bots leads KS, volt_x plays AS -> volt_x wins
  Trick  4: volt_x leads 7D, omega_bots plays 9D -> omega_bots wins
  Trick  5: omega_bots leads QD, volt_x plays KD -> volt_x wins
  Trick  6: volt_x leads 8H, omega_bots plays JH -> omega_bots wins
  Trick  7: omega_bots leads QC, volt_x plays 9S -> omega_bots wins
  Trick  8: omega_bots leads QS, volt_x plays 10H -> omega_bots wins
  Trick  9: omega_bots leads 10C, volt_x plays JD -> omega_bots wins
  Trick 10: omega_bots leads JS, volt_x plays QH -> omega_bots wins
  Trick 11: omega_bots leads 10S, volt_x plays KH -> omega_bots wins
  Trick 12: omega_bots leads 10D, volt_x plays AD -> volt_x wins
  Hand: omega_bots +23 / volt_x +12 (tricks 9-3)
  Match total: omega_bots 31 - 46 volt_x
Players: omega_bots vs volt_x
Dealer: omega_bots  |  Elder: volt_x
Match scores: 31 - 46
Talon (8): 10C AC 9D QH 8S 10S JS AS
omega_bots hand: 7C KC 8D 10D JD QD KD 9H 10H KH 7S 9S
volt_x hand: 8C 9C JC QC 7D AD 7H 8H JH AH QS KS
  Exchange volt_x: discard 7D 7H 8H JH QS -> draw 10C AC 9D 8S JS (talon 3 left)
  Exchange omega_bots: discard 9H 10H 9S -> draw QH 10S AS (talon 0 left)

--- Phase: declare ---
  Declare point: volt_x wins 6 pts (('point', 6, 'C'))
  Declare sequence: volt_x wins 10 pts (('sequence', 5, 12, 'C'))
  Declare set: volt_x wins 3 pts (('set', 3, 14))

--- Phase: tricks ---
  Trick  1: volt_x leads 8C, omega_bots plays KC -> omega_bots wins
  Trick  2: omega_bots leads AS, volt_x plays 8S -> omega_bots wins
  Trick  3: omega_bots leads KH, volt_x plays AH -> volt_x wins
  Trick  4: volt_x leads 9C, omega_bots plays 7C -> volt_x wins
  Trick  5: volt_x leads 10C, omega_bots plays 7S -> volt_x wins
  Trick  6: volt_x leads JC, omega_bots plays JD -> volt_x wins
  Trick  7: volt_x leads JS, omega_bots plays 10S -> volt_x wins
  Trick  8: volt_x leads 9D, omega_bots plays 8D -> volt_x wins
  Trick  9: volt_x leads AD, omega_bots plays KD -> volt_x wins
  Trick 10: volt_x leads AC, omega_bots plays QD -> volt_x wins
  Trick 11: volt_x leads KS, omega_bots plays 10D -> volt_x wins
  Trick 12: volt_x leads QC, omega_bots plays QH -> volt_x wins
  Hand: omega_bots +2 / volt_x +40 (tricks 2-10)
  Match total: omega_bots 33 - 86 volt_x
Players: omega_bots vs volt_x
Dealer: volt_x  |  Elder: omega_bots
Match scores: 33 - 86
Talon (8): 7C 10C 9D JD KD KH JS KS
omega_bots hand: 9C QC AC 7D 10D 7H 8H 9H 10H AH 8S 9S
volt_x hand: 8C JC KC 8D QD AD JH QH 7S 10S QS AS
  Exchange omega_bots: discard 9C QC 7D 10D 8S -> draw 7C 10C JD JS KS (talon 3 left)
  Exchange volt_x: discard 8C 8D JH -> draw 9D KD KH (talon 0 left)

--- Phase: declare ---
  Declare point: omega_bots wins 5 pts (('point', 5, 'H'))
  Declare sequence: omega_bots wins 4 pts (('sequence', 4, 10, 'H'))
  Declare set: volt_x wins 3 pts (('set', 3, 13))

--- Phase: tricks ---
  Trick  1: omega_bots leads AC, volt_x plays JC -> omega_bots wins
  Trick  2: omega_bots leads AH, volt_x plays QH -> omega_bots wins
  Trick  3: omega_bots leads KS, volt_x plays AS -> volt_x wins
  Trick  4: volt_x leads 9D, omega_bots plays JD -> omega_bots wins
  Trick  5: omega_bots leads 10H, volt_x plays KH -> volt_x wins
  Trick  6: volt_x leads QD, omega_bots plays 9S -> volt_x wins
  Trick  7: volt_x leads 7S, omega_bots plays JS -> omega_bots wins
  Trick  8: omega_bots leads 7H, volt_x plays 10S -> omega_bots wins
  Trick  9: omega_bots leads 9H, volt_x plays QS -> omega_bots wins
  Trick 10: omega_bots leads 8H, volt_x plays KC -> omega_bots wins
  Trick 11: omega_bots leads 10C, volt_x plays KD -> omega_bots wins
  Trick 12: omega_bots leads 7C, volt_x plays AD -> omega_bots wins
  Hand: omega_bots +29 / volt_x +6 (tricks 9-3)
  Match total: omega_bots 62 - 92 volt_x
Players: omega_bots vs volt_x
Dealer: omega_bots  |  Elder: volt_x
Match scores: 62 - 92
Talon (8): 9C 7D KD AD 8H 7S JS AS
omega_bots hand: 7C 10C JC QC JD 7H 9H QH 8S 9S 10S QS
volt_x hand: 8C KC AC 8D 9D 10D QD 10H JH KH AH KS
  Exchange volt_x: discard 8C AC QD 10H JH -> draw 9C KD AD 8H JS (talon 3 left)
  Exchange omega_bots: discard JD 7H 9H -> draw 7D 7S AS (talon 0 left)

--- Phase: declare ---
  Declare point: omega_bots wins 6 pts (('point', 6, 'S'))
  Declare sequence: omega_bots wins 4 pts (('sequence', 4, 10, 'S'))
  Declare set: volt_x wins 14 pts (('set', 4, 13))

--- Phase: tricks ---
  Trick  1: volt_x leads 8D, omega_bots plays 7D -> volt_x wins
  Trick  2: volt_x leads 9D, omega_bots plays 7C -> volt_x wins
  Trick  3: volt_x leads 8H, omega_bots plays QH -> omega_bots wins
  Trick  4: omega_bots leads AS, volt_x plays JS -> omega_bots wins
  Trick  5: omega_bots leads QC, volt_x plays KC -> volt_x wins
  Trick  6: volt_x leads 10D, omega_bots plays 10S -> volt_x wins
  Trick  7: volt_x leads KH, omega_bots plays 8S -> volt_x wins
  Trick  8: volt_x leads KD, omega_bots plays 9S -> volt_x wins
  Trick  9: volt_x leads AH, omega_bots plays JC -> volt_x wins
  Trick 10: volt_x leads AD, omega_bots plays QS -> volt_x wins
  Trick 11: volt_x leads KS, omega_bots plays 7S -> volt_x wins
  Trick 12: volt_x leads 9C, omega_bots plays 10C -> omega_bots wins
  Hand: omega_bots +14 / volt_x +33 (tricks 3-9)
  Match total: omega_bots 76 - 125 volt_x
  Final: omega_bots 76 - 125 volt_x
  Winner: volt_x

============================================================
Game 16
============================================================
Players: volt_x vs omega_bots
Dealer: volt_x  |  Elder: omega_bots
Match scores: 0 - 0
Talon (8): 10C KC AC AD JH 9S 10S KS
volt_x hand: 8C JC QC 9D 10D JD KD 10H KH JS QS AS
omega_bots hand: 7C 9C 7D 8D QD 7H 8H 9H QH AH 7S 8S
  Exchange omega_bots: discard 9C 7D 8D 7S 8S -> draw 10C KC AC AD 9S (talon 3 left)
  Exchange volt_x: discard 8C 10H QS -> draw JH 10S KS (talon 0 left)

--- Phase: declare ---
  Declare point: omega_bots wins 5 pts (('point', 5, 'H'))
  Declare sequence: volt_x wins 3 pts (('sequence', 3, 11, 'D'))
  Declare set: omega_bots wins 3 pts (('set', 3, 14))

--- Phase: tricks ---
  Trick  1: omega_bots leads AH, volt_x plays JH -> omega_bots wins
  Trick  2: omega_bots leads AC, volt_x plays JC -> omega_bots wins
  Trick  3: omega_bots leads AD, volt_x plays 9D -> omega_bots wins
  Trick  4: omega_bots leads KC, volt_x plays QC -> omega_bots wins
  Trick  5: omega_bots leads QD, volt_x plays KD -> volt_x wins
  Trick  6: volt_x leads 10S, omega_bots plays 9S -> volt_x wins
  Trick  7: volt_x leads JS, omega_bots plays 8H -> volt_x wins
  Trick  8: volt_x leads 10D, omega_bots plays 9H -> volt_x wins
  Trick  9: volt_x leads AS, omega_bots plays 7H -> volt_x wins
  Trick 10: volt_x leads KH, omega_bots plays QH -> volt_x wins
  Trick 11: volt_x leads KS, omega_bots plays 7C -> volt_x wins
  Trick 12: volt_x leads JD, omega_bots plays 10C -> volt_x wins
  Hand: volt_x +22 / omega_bots +12 (tricks 8-4)
  Match total: volt_x 22 - 12 omega_bots
Players: volt_x vs omega_bots
Dealer: omega_bots  |  Elder: volt_x
Match scores: 22 - 12
Talon (8): 9C 10C 9D 10D 8H AH 7S 9S
volt_x hand: 8C JC QC KC JD KD 10H QH 10S JS QS KS
omega_bots hand: 7C AC 7D 8D QD AD 7H 9H JH KH 8S AS
  Exchange volt_x: discard 8C QC JD 10H QH -> draw 9C 9D 8H 7S 9S (talon 3 left)
  Exchange omega_bots: discard 7C 9H 8S -> draw 10C 10D AH (talon 0 left)

--- Phase: declare ---
  Declare point: volt_x wins 6 pts (('point', 6, 'S'))
  Declare sequence: volt_x wins 10 pts (('sequence', 5, 13, 'S'))
  Declare set: omega_bots wins 14 pts (('set', 4, 14))

--- Phase: tricks ---
  Trick  1: volt_x leads 7S, omega_bots plays AS -> omega_bots wins
  Trick  2: omega_bots leads AD, volt_x plays 9D -> omega_bots wins
  Trick  3: omega_bots leads AC, volt_x plays 9C -> omega_bots wins
  Trick  4: omega_bots leads AH, volt_x plays 8H -> omega_bots wins
  Trick  5: omega_bots leads KH, volt_x plays 9S -> omega_bots wins
  Trick  6: omega_bots leads 7H, volt_x plays 10S -> omega_bots wins
  Trick  7: omega_bots leads 7D, volt_x plays KD -> volt_x wins
  Trick  8: volt_x leads JS, omega_bots plays JH -> volt_x wins
  Trick  9: volt_x leads KC, omega_bots plays 10C -> volt_x wins
  Trick 10: volt_x leads KS, omega_bots plays QD -> volt_x wins
  Trick 11: volt_x leads QS, omega_bots plays 8D -> volt_x wins
  Trick 12: volt_x leads JC, omega_bots plays 10D -> volt_x wins
  Hand: volt_x +23 / omega_bots +20 (tricks 6-6)
  Match total: volt_x 45 - 32 omega_bots
Players: volt_x vs omega_bots
Dealer: volt_x  |  Elder: omega_bots
Match scores: 45 - 32
Talon (8): 9C 10C AC 7D 10D 7H 9S KS
volt_x hand: 7C QC JD QD AD 8H JH KH AH 7S 8S JS
omega_bots hand: 8C JC KC 8D 9D KD 9H 10H QH 10S QS AS
  Exchange omega_bots: discard JC 8D 9D 9H 10S -> draw AC 7D 7H 9S KS (talon 3 left)
  Exchange volt_x: discard 7C 7S 8S -> draw 9C 10C 10D (talon 0 left)

--- Phase: declare ---
  Declare point: volt_x wins 4 pts (('point', 4, 'D'))
  Declare sequence: omega_bots wins 3 pts (('sequence', 3, 14, 'S'))
  Declare set: omega_bots wins 3 pts (('set', 3, 13))

--- Phase: tricks ---
  Trick  1: omega_bots leads AS, volt_x plays JS -> omega_bots wins
  Trick  2: omega_bots leads AC, volt_x plays 9C -> omega_bots wins
  Trick  3: omega_bots leads KC, volt_x plays 10C -> omega_bots wins
  Trick  4: omega_bots leads KD, volt_x plays AD -> volt_x wins
  Trick  5: volt_x leads 8H, omega_bots plays 10H -> omega_bots wins
  Trick  6: omega_bots leads 8C, volt_x plays QC -> volt_x wins
  Trick  7: volt_x leads 10D, omega_bots plays 7D -> volt_x wins
  Trick  8: volt_x leads JH, omega_bots plays 7H -> volt_x wins
  Trick  9: volt_x leads AH, omega_bots plays QH -> volt_x wins
  Trick 10: volt_x leads KH, omega_bots plays QS -> volt_x wins
  Trick 11: volt_x leads QD, omega_bots plays KS -> volt_x wins
  Trick 12: volt_x leads JD, omega_bots plays 9S -> volt_x wins
  Hand: volt_x +23 / omega_bots +10 (tricks 8-4)
  Match total: volt_x 68 - 42 omega_bots
Players: volt_x vs omega_bots
Dealer: omega_bots  |  Elder: volt_x
Match scores: 68 - 42
Talon (8): 7C 10C AC 7D 10D AD 8H 9H
volt_x hand: 9C JC QC KC 8D KD 7H 10H JH QH KH 10S
omega_bots hand: 8C 9D JD QD AH 7S 8S 9S JS QS KS AS
  Exchange volt_x: discard 9C JC QC 8D 10S -> draw 10C AC 7D 10D 8H (talon 3 left)
  Exchange omega_bots: discard 8C 9D JD -> draw 7C AD 9H (talon 0 left)

--- Phase: declare ---
  Declare point: omega_bots wins 7 pts (('point', 7, 'S'))
  Declare sequence: omega_bots wins 4 pts (('sequence', 4, 14, 'S'))
  Declare set: omega_bots wins 3 pts (('set', 3, 14))

--- Phase: tricks ---
  Trick  1: volt_x leads 7H, omega_bots plays 9H -> omega_bots wins
  Trick  2: omega_bots leads AH, volt_x plays 8H -> omega_bots wins
  Trick  3: omega_bots leads AS, volt_x plays 7D -> omega_bots wins
  Trick  4: omega_bots leads AD, volt_x plays 10D -> omega_bots wins
  Trick  5: omega_bots leads KS, volt_x plays 10H -> omega_bots wins
  Trick  6: omega_bots leads QD, volt_x plays KD -> volt_x wins
  Trick  7: volt_x leads JH, omega_bots plays JS -> volt_x wins
  Trick  8: volt_x leads 10C, omega_bots plays 7C -> volt_x wins
  Trick  9: volt_x leads AC, omega_bots plays 9S -> volt_x wins
  Trick 10: volt_x leads KH, omega_bots plays QS -> volt_x wins
  Trick 11: volt_x leads KC, omega_bots plays 8S -> volt_x wins
  Trick 12: volt_x leads QH, omega_bots plays 7S -> volt_x wins
  Hand: volt_x +18 / omega_bots +19 (tricks 7-5)
  Match total: volt_x 86 - 61 omega_bots
Players: volt_x vs omega_bots
Dealer: volt_x  |  Elder: omega_bots
Match scores: 86 - 61
Talon (8): 7D 8D 10D KD AD 7H AH 8S
volt_x hand: 7C 9C AC 9D JD QD 8H 9H 10H JS QS AS
omega_bots hand: 8C 10C JC QC KC JH QH KH 7S 9S 10S KS
  Exchange omega_bots: discard JH QH 7S 9S 10S -> draw 7D KD AD 7H 8S (talon 3 left)
  Exchange volt_x: discard 7C 9C 9D -> draw 8D 10D AH (talon 0 left)

--- Phase: declare ---
  Declare point: omega_bots wins 5 pts (('point', 5, 'C'))
  Declare sequence: omega_bots wins 4 pts (('sequence', 4, 13, 'C'))
  Declare set: volt_x wins 3 pts (('set', 3, 14))

--- Phase: tricks ---
  Trick  1: omega_bots leads AD, volt_x plays 8D -> omega_bots wins
  Trick  2: omega_bots leads KS, volt_x plays AS -> volt_x wins
  Trick  3: volt_x leads 8H, omega_bots plays KH -> omega_bots wins
  Trick  4: omega_bots leads KC, volt_x plays AC -> volt_x wins
  Trick  5: volt_x leads 9H, omega_bots plays 7H -> volt_x wins
  Trick  6: volt_x leads 10D, omega_bots plays 7D -> volt_x wins
  Trick  7: volt_x leads 10H, omega_bots plays QC -> volt_x wins
  Trick  8: volt_x leads JD, omega_bots plays KD -> omega_bots wins
  Trick  9: omega_bots leads 10C, volt_x plays JS -> omega_bots wins
  Trick 10: omega_bots leads JC, volt_x plays QD -> omega_bots wins
  Trick 11: omega_bots leads 8C, volt_x plays QS -> omega_bots wins
  Trick 12: omega_bots leads 8S, volt_x plays AH -> omega_bots wins
  Hand: volt_x +8 / omega_bots +27 (tricks 5-7)
  Match total: volt_x 94 - 88 omega_bots
Players: volt_x vs omega_bots
Dealer: omega_bots  |  Elder: volt_x
Match scores: 94 - 88
Talon (8): QC AC 10D KD KH 8S 9S JS
volt_x hand: 7C 8C 9C 8D JD QD AD 7H JH 7S KS AS
omega_bots hand: 10C JC KC 7D 9D 8H 9H 10H QH AH 10S QS
  Exchange volt_x: discard 7H JH 7S KS AS -> draw 10D KD KH 8S JS (talon 3 left)
  Exchange omega_bots: discard JC 7D 9D -> draw QC AC 9S (talon 0 left)

--- Phase: declare ---
  Declare point: volt_x wins 6 pts (('point', 6, 'D'))
  Declare sequence: volt_x wins 10 pts (('sequence', 5, 14, 'D'))
  Declare set: omega_bots wins 3 pts (('set', 3, 12))

--- Phase: tricks ---
  Trick  1: volt_x leads 8D, omega_bots plays 8H -> volt_x wins
  Trick  2: volt_x leads 10D, omega_bots plays 9H -> volt_x wins
  Trick  3: volt_x leads JD, omega_bots plays 9S -> volt_x wins
  Trick  4: volt_x leads QD, omega_bots plays 10S -> volt_x wins
  Trick  5: volt_x leads 7C, omega_bots plays 10C -> omega_bots wins
  Trick  6: omega_bots leads KC, volt_x plays 8C -> omega_bots wins
  Trick  7: omega_bots leads QS, volt_x plays 8S -> omega_bots wins
  Trick  8: omega_bots leads AH, volt_x plays KH -> omega_bots wins
  Trick  9: omega_bots leads 10H, volt_x plays 9C -> omega_bots wins
  Trick 10: omega_bots leads QH, volt_x plays JS -> omega_bots wins
  Trick 11: omega_bots leads QC, volt_x plays KD -> omega_bots wins
  Trick 12: omega_bots leads AC, volt_x plays AD -> omega_bots wins
  Hand: volt_x +20 / omega_bots +22 (tricks 4-8)
  Match total: volt_x 114 - 110 omega_bots
  Final: volt_x 114 - 110 omega_bots
  Winner: volt_x

============================================================
Game 17
============================================================
Players: omega_bots vs volt_x
Dealer: omega_bots  |  Elder: volt_x
Match scores: 0 - 0
Talon (8): JC KC 9D QD KD 10H JH 8S
omega_bots hand: 8C 10C 10D JD AD 7H 9H QH AH 7S 10S QS
volt_x hand: 7C 9C QC AC 7D 8D 8H KH 9S JS KS AS
  Exchange volt_x: discard 7C 9C 7D 8D 8H -> draw KC 9D 10H JH 8S (talon 3 left)
  Exchange omega_bots: discard 8C 9H 7S -> draw JC QD KD (talon 0 left)

--- Phase: declare ---
  Declare point: omega_bots wins 5 pts (('point', 5, 'D'))
  Declare sequence: omega_bots wins 10 pts (('sequence', 5, 14, 'D'))
  Declare set: volt_x wins 3 pts (('set', 3, 13))

--- Phase: tricks ---
  Trick  1: volt_x leads 8S, omega_bots plays 10S -> omega_bots wins
  Trick  2: omega_bots leads AH, volt_x plays 10H -> omega_bots wins
  Trick  3: omega_bots leads AD, volt_x plays 9D -> omega_bots wins
  Trick  4: omega_bots leads KD, volt_x plays 9S -> omega_bots wins
  Trick  5: omega_bots leads QS, volt_x plays KS -> volt_x wins
  Trick  6: volt_x leads QC, omega_bots plays 10C -> volt_x wins
  Trick  7: volt_x leads KC, omega_bots plays JC -> volt_x wins
  Trick  8: volt_x leads JS, omega_bots plays 7H -> volt_x wins
  Trick  9: volt_x leads AC, omega_bots plays JD -> volt_x wins
  Trick 10: volt_x leads AS, omega_bots plays 10D -> volt_x wins
  Trick 11: volt_x leads KH, omega_bots plays QH -> volt_x wins
  Trick 12: volt_x leads JH, omega_bots plays QD -> volt_x wins
  Hand: omega_bots +19 / volt_x +22 (tricks 4-8)
  Match total: omega_bots 19 - 22 volt_x
Players: omega_bots vs volt_x
Dealer: volt_x  |  Elder: omega_bots
Match scores: 19 - 22
Talon (8): 7C 9C 10C 8D 10D JD QH 10S
omega_bots hand: JC QC AC 7D AD 10H JH AH 7S 8S KS AS
volt_x hand: 8C KC 9D QD KD 7H 8H 9H KH 9S JS QS
  Exchange omega_bots: discard JC 7D 10H JH 7S -> draw 7C 9C 8D 10D 10S (talon 3 left)
  Exchange volt_x: discard 8C 9D 9S -> draw 10C JD QH (talon 0 left)

--- Phase: declare ---
  Declare point: volt_x wins 5 pts (('point', 5, 'H'))
  Declare sequence: volt_x wins 3 pts (('sequence', 3, 13, 'D'))
  Declare set: omega_bots wins 14 pts (('set', 4, 14))

--- Phase: tricks ---
  Trick  1: omega_bots leads AD, volt_x plays JD -> omega_bots wins
  Trick  2: omega_bots leads AH, volt_x plays 7H -> omega_bots wins
  Trick  3: omega_bots leads AS, volt_x plays JS -> omega_bots wins
  Trick  4: omega_bots leads AC, volt_x plays 10C -> omega_bots wins
  Trick  5: omega_bots leads KS, volt_x plays QS -> omega_bots wins
  Trick  6: omega_bots leads 8S, volt_x plays 8H -> omega_bots wins
  Trick  7: omega_bots leads QC, volt_x plays KC -> volt_x wins
  Trick  8: volt_x leads 9H, omega_bots plays 10D -> volt_x wins
  Trick  9: volt_x leads KD, omega_bots plays 8D -> volt_x wins
  Trick 10: volt_x leads KH, omega_bots plays 7C -> volt_x wins
  Trick 11: volt_x leads QD, omega_bots plays 9C -> volt_x wins
  Trick 12: volt_x leads QH, omega_bots plays 10S -> volt_x wins
  Hand: omega_bots +20 / volt_x +15 (tricks 6-6)
  Match total: omega_bots 39 - 37 volt_x
Players: omega_bots vs volt_x
Dealer: omega_bots  |  Elder: volt_x
Match scores: 39 - 37
Talon (8): 7C JC KC KD 8H KH AH KS
omega_bots hand: 8C 9C 10C AC 9D JD 9H JH QH 9S 10S JS
volt_x hand: QC 7D 8D 10D QD AD 7H 10H 7S 8S QS AS
  Exchange volt_x: discard 7H 10H 7S 8S AS -> draw 7C JC KC AH KS (talon 3 left)
  Exchange omega_bots: discard 8C 9C 10C -> draw KD 8H KH (talon 0 left)

--- Phase: declare ---
  Declare point: omega_bots wins 5 pts (('point', 5, 'H'))
  Declare set: volt_x wins 3 pts (('set', 3, 12))

--- Phase: tricks ---
  Trick  1: volt_x leads 7D, omega_bots plays 9D -> omega_bots wins
  Trick  2: omega_bots leads AC, volt_x plays 7C -> omega_bots wins
  Trick  3: omega_bots leads KD, volt_x plays AD -> volt_x wins
  Trick  4: volt_x leads 8D, omega_bots plays JD -> omega_bots wins
  Trick  5: omega_bots leads KH, volt_x plays AH -> volt_x wins
  Trick  6: volt_x leads JC, omega_bots plays 10S -> volt_x wins
  Trick  7: volt_x leads QS, omega_bots plays JS -> volt_x wins
  Trick  8: volt_x leads QC, omega_bots plays QH -> volt_x wins
  Trick  9: volt_x leads KS, omega_bots plays 9S -> volt_x wins
  Trick 10: volt_x leads KC, omega_bots plays 9H -> volt_x wins
  Trick 11: volt_x leads QD, omega_bots plays JH -> volt_x wins
  Trick 12: volt_x leads 10D, omega_bots plays 8H -> volt_x wins
  Hand: omega_bots +8 / volt_x +23 (tricks 3-9)
  Match total: omega_bots 47 - 60 volt_x
Players: omega_bots vs volt_x
Dealer: volt_x  |  Elder: omega_bots
Match scores: 47 - 60
Talon (8): 8C JC KC 9D 10H 7S 10S KS
omega_bots hand: 9C QC 7D 8D 10D QD 7H 8H JH QH KH QS
volt_x hand: 7C 10C AC JD KD AD 9H AH 8S 9S JS AS
  Exchange omega_bots: discard 9C 7D 8D 10D 8H -> draw JC 9D 10H 7S KS (talon 3 left)
  Exchange volt_x: discard 7C 10C 9H -> draw 8C KC 10S (talon 0 left)

--- Phase: declare ---
  Declare point: volt_x wins 5 pts (('point', 5, 'S'))
  Declare sequence: omega_bots wins 4 pts (('sequence', 4, 13, 'H'))
  Declare set: volt_x wins 14 pts (('set', 4, 14))

--- Phase: tricks ---
  Trick  1: omega_bots leads KH, volt_x plays AH -> volt_x wins
  Trick  2: volt_x leads 8S, omega_bots plays QS -> omega_bots wins
  Trick  3: omega_bots leads KS, volt_x plays AS -> volt_x wins
  Trick  4: volt_x leads JD, omega_bots plays QD -> omega_bots wins
  Trick  5: omega_bots leads QH, volt_x plays 8C -> omega_bots wins
  Trick  6: omega_bots leads 7H, volt_x plays 9S -> omega_bots wins
  Trick  7: omega_bots leads JH, volt_x plays 10S -> omega_bots wins
  Trick  8: omega_bots leads QC, volt_x plays KC -> volt_x wins
  Trick  9: volt_x leads AD, omega_bots plays 9D -> volt_x wins
  Trick 10: volt_x leads AC, omega_bots plays JC -> volt_x wins
  Trick 11: volt_x leads KD, omega_bots plays 7S -> volt_x wins
  Trick 12: volt_x leads JS, omega_bots plays 10H -> volt_x wins
  Hand: omega_bots +9 / volt_x +37 (tricks 5-7)
  Match total: omega_bots 56 - 97 volt_x
Players: omega_bots vs volt_x
Dealer: omega_bots  |  Elder: volt_x
Match scores: 56 - 97
Talon (8): 9D 8H 9H QH 9S QS KS AS
omega_bots hand: 8C 10C JC KC 7D 8D JD AD 7H 10H 7S JS
volt_x hand: 7C 9C QC AC 10D QD KD JH KH AH 8S 10S
  Exchange volt_x: discard 10D QD JH 8S 10S -> draw 8H QH 9S QS AS (talon 3 left)
  Exchange omega_bots: discard 7D 7H 10H -> draw 9D 9H KS (talon 0 left)

--- Phase: declare ---
  Declare point: volt_x wins 4 pts (('point', 4, 'H'))
  Declare sequence: volt_x wins 3 pts (('sequence', 3, 14, 'H'))
  Declare set: volt_x wins 3 pts (('set', 3, 14))

--- Phase: tricks ---
  Trick  1: volt_x leads 8H, omega_bots plays 9H -> omega_bots wins
  Trick  2: omega_bots leads AD, volt_x plays KD -> omega_bots wins
  Trick  3: omega_bots leads KC, volt_x plays AC -> volt_x wins
  Trick  4: volt_x leads QH, omega_bots plays 7S -> volt_x wins
  Trick  5: volt_x leads 7C, omega_bots plays 8C -> omega_bots wins
  Trick  6: omega_bots leads 8D, volt_x plays 9C -> omega_bots wins
  Trick  7: omega_bots leads JC, volt_x plays QC -> volt_x wins
  Trick  8: volt_x leads 9S, omega_bots plays JS -> omega_bots wins
  Trick  9: omega_bots leads JD, volt_x plays QS -> omega_bots wins
  Trick 10: omega_bots leads 10C, volt_x plays KH -> omega_bots wins
  Trick 11: omega_bots leads 9D, volt_x plays AH -> omega_bots wins
  Trick 12: omega_bots leads KS, volt_x plays AS -> volt_x wins
  Hand: omega_bots +18 / volt_x +15 (tricks 8-4)
  Match total: omega_bots 74 - 112 volt_x
  Final: omega_bots 74 - 112 volt_x
  Winner: volt_x

============================================================
Game 18
============================================================
Players: volt_x vs omega_bots
Dealer: volt_x  |  Elder: omega_bots
Match scores: 0 - 0
Talon (8): 9C QC AC 9D KD 10H AH JS
volt_x hand: 7D 10D JD QD AD 7H 9H QH 7S 8S 10S KS
omega_bots hand: 7C 8C 10C JC KC 8D 8H JH KH 9S QS AS
  Exchange omega_bots: discard 7C 8D 8H JH 9S -> draw QC KD 10H AH JS (talon 3 left)
  Exchange volt_x: discard 7H 7S 8S -> draw 9C AC 9D (talon 0 left)

--- Phase: declare ---
  Declare point: volt_x wins 6 pts (('point', 6, 'D'))
  Declare sequence: omega_bots wins 4 pts (('sequence', 4, 13, 'C'))
  Declare set: omega_bots wins 3 pts (('set', 3, 13))

--- Phase: tricks ---
  Trick  1: omega_bots leads AS, volt_x plays 10S -> omega_bots wins
  Trick  2: omega_bots leads AH, volt_x plays 9H -> omega_bots wins
  Trick  3: omega_bots leads KC, volt_x plays AC -> volt_x wins
  Trick  4: volt_x leads 7D, omega_bots plays KD -> omega_bots wins
  Trick  5: omega_bots leads KH, volt_x plays QH -> omega_bots wins
  Trick  6: omega_bots leads 10C, volt_x plays 9C -> omega_bots wins
  Trick  7: omega_bots leads QS, volt_x plays KS -> volt_x wins
  Trick  8: volt_x leads 9D, omega_bots plays JC -> volt_x wins
  Trick  9: volt_x leads AD, omega_bots plays 8C -> volt_x wins
  Trick 10: volt_x leads QD, omega_bots plays JS -> volt_x wins
  Trick 11: volt_x leads JD, omega_bots plays QC -> volt_x wins
  Trick 12: volt_x leads 10D, omega_bots plays 10H -> volt_x wins
  Hand: volt_x +24 / omega_bots +12 (tricks 7-5)
  Match total: volt_x 24 - 12 omega_bots
Players: volt_x vs omega_bots
Dealer: omega_bots  |  Elder: volt_x
Match scores: 24 - 12
Talon (8): 7C 9C JC KC 8H KH 9S QS
volt_x hand: 8C 10C AC 8D 9D 7H 9H 10H AH 10S JS KS
omega_bots hand: QC 7D 10D JD QD KD AD JH QH 7S 8S AS
  Exchange volt_x: discard 8C 8D 9D JS KS -> draw 7C KC 8H KH 9S (talon 3 left)
  Exchange omega_bots: discard 7D 7S 8S -> draw 9C JC QS (talon 0 left)

--- Phase: declare ---
  Declare point: volt_x wins 6 pts (('point', 6, 'H'))
  Declare sequence: omega_bots wins 10 pts (('sequence', 5, 14, 'D'))
  Declare set: omega_bots wins 14 pts (('set', 4, 12))

--- Phase: tricks ---
  Trick  1: volt_x leads 7H, omega_bots plays JH -> omega_bots wins
  Trick  2: omega_bots leads AD, volt_x plays 7C -> omega_bots wins
  Trick  3: omega_bots leads AS, volt_x plays 9S -> omega_bots wins
  Trick  4: omega_bots leads KD, volt_x plays 8H -> omega_bots wins
  Trick  5: omega_bots leads QC, volt_x plays KC -> volt_x wins
  Trick  6: volt_x leads 9H, omega_bots plays QH -> omega_bots wins
  Trick  7: omega_bots leads JD, volt_x plays 10S -> omega_bots wins
  Trick  8: omega_bots leads 10D, volt_x plays 10H -> omega_bots wins
  Trick  9: omega_bots leads QD, volt_x plays 10C -> omega_bots wins
  Trick 10: omega_bots leads 9C, volt_x plays AC -> volt_x wins
  Trick 11: volt_x leads AH, omega_bots plays JC -> volt_x wins
  Trick 12: volt_x leads KH, omega_bots plays QS -> volt_x wins
  Hand: volt_x +11 / omega_bots +42 (tricks 4-8)
  Match total: volt_x 35 - 54 omega_bots
Players: volt_x vs omega_bots
Dealer: volt_x  |  Elder: omega_bots
Match scores: 35 - 54
Talon (8): JC 8D 9D 10D 8H 10H JH KS
volt_x hand: 9C QC KC AC 7D JD KD QH 8S 9S JS AS
omega_bots hand: 7C 8C 10C QD AD 7H 9H KH AH 7S 10S QS
  Exchange omega_bots: discard 8C 10C 7H 7S 10S -> draw 8D 10D 8H JH KS (talon 3 left)
  Exchange volt_x: discard 7D 8S 9S -> draw JC 9D 10H (talon 0 left)

--- Phase: declare ---
  Declare point: volt_x wins 5 pts (('point', 5, 'C'))
  Declare sequence: volt_x wins 4 pts (('sequence', 4, 14, 'C'))
  Declare set: volt_x wins 3 pts (('set', 3, 11))

--- Phase: tricks ---
  Trick  1: omega_bots leads AH, volt_x plays 10H -> omega_bots wins
  Trick  2: omega_bots leads AD, volt_x plays 9D -> omega_bots wins
  Trick  3: omega_bots leads KH, volt_x plays QH -> omega_bots wins
  Trick  4: omega_bots leads KS, volt_x plays AS -> volt_x wins
  Trick  5: volt_x leads 9C, omega_bots plays 7C -> volt_x wins
  Trick  6: volt_x leads JC, omega_bots plays QD -> volt_x wins
  Trick  7: volt_x leads QC, omega_bots plays QS -> volt_x wins
  Trick  8: volt_x leads JD, omega_bots plays 8D -> volt_x wins
  Trick  9: volt_x leads AC, omega_bots plays 9H -> volt_x wins
  Trick 10: volt_x leads KC, omega_bots plays 8H -> volt_x wins
  Trick 11: volt_x leads KD, omega_bots plays 10D -> volt_x wins
  Trick 12: volt_x leads JS, omega_bots plays JH -> volt_x wins
  Hand: volt_x +32 / omega_bots +3 (tricks 9-3)
  Match total: volt_x 67 - 57 omega_bots
Players: volt_x vs omega_bots
Dealer: omega_bots  |  Elder: volt_x
Match scores: 67 - 57
Talon (8): KC AC 10D AD 10H QH JS KS
volt_x hand: 7C QC 7D 9D 7H 8H 9H 7S 9S 10S QS AS
omega_bots hand: 8C 9C 10C JC 8D JD QD KD JH KH AH 8S
  Exchange volt_x: discard 7C QC 7D 9D 7S -> draw KC 10H QH JS KS (talon 3 left)
  Exchange omega_bots: discard 8D QD 8S -> draw AC 10D AD (talon 0 left)

--- Phase: declare ---
  Declare point: volt_x wins 6 pts (('point', 6, 'S'))
  Declare sequence: volt_x wins 11 pts (('sequence', 6, 14, 'S'))
  Declare set: omega_bots wins 3 pts (('set', 3, 14))

--- Phase: tricks ---
  Trick  1: volt_x leads 9S, omega_bots plays 8C -> volt_x wins
  Trick  2: volt_x leads 10S, omega_bots plays 9C -> volt_x wins
  Trick  3: volt_x leads 7H, omega_bots plays JH -> omega_bots wins
  Trick  4: omega_bots leads AH, volt_x plays 8H -> omega_bots wins
  Trick  5: omega_bots leads AD, volt_x plays 9H -> omega_bots wins
  Trick  6: omega_bots leads KH, volt_x plays 10H -> omega_bots wins
  Trick  7: omega_bots leads JD, volt_x plays JS -> omega_bots wins
  Trick  8: omega_bots leads KD, volt_x plays QS -> omega_bots wins
  Trick  9: omega_bots leads 10C, volt_x plays KC -> volt_x wins
  Trick 10: volt_x leads AS, omega_bots plays JC -> volt_x wins
  Trick 11: volt_x leads KS, omega_bots plays 10D -> volt_x wins
  Trick 12: volt_x leads QH, omega_bots plays AC -> volt_x wins
  Hand: volt_x +24 / omega_bots +9 (tricks 6-6)
  Match total: volt_x 91 - 66 omega_bots
Players: volt_x vs omega_bots
Dealer: volt_x  |  Elder: omega_bots
Match scores: 91 - 66
Talon (8): 10C JC 7D JH QH KH AH 10S
volt_x hand: 7C 8C 9C AC 10D QD KD 8H 9H 10H 8S JS
omega_bots hand: QC KC 8D 9D JD AD 7H 7S 9S QS KS AS
  Exchange omega_bots: discard 8D 9D 7H 7S -> draw 10C JC JH KH (talon 4 left)
  Exchange volt_x: discard 10D QD 8S JS -> draw 7D QH AH 10S (talon 0 left)

--- Phase: declare ---
  Declare point: volt_x wins 5 pts (('point', 5, 'H'))
  Declare sequence: omega_bots wins 4 pts (('sequence', 4, 13, 'C'))
  Declare set: omega_bots wins 3 pts (('set', 3, 13))

--- Phase: tricks ---
  Trick  1: omega_bots leads AS, volt_x plays 10S -> omega_bots wins
  Trick  2: omega_bots leads AD, volt_x plays 7D -> omega_bots wins
  Trick  3: omega_bots leads KS, volt_x plays 7C -> omega_bots wins
  Trick  4: omega_bots leads KC, volt_x plays AC -> volt_x wins
  Trick  5: volt_x leads 8H, omega_bots plays JH -> omega_bots wins
  Trick  6: omega_bots leads 9S, volt_x plays 8C -> omega_bots wins
  Trick  7: omega_bots leads QC, volt_x plays 9C -> omega_bots wins
  Trick  8: omega_bots leads QS, volt_x plays 9H -> omega_bots wins
  Trick  9: omega_bots leads JD, volt_x plays KD -> volt_x wins
  Trick 10: volt_x leads AH, omega_bots plays KH -> volt_x wins
  Trick 11: volt_x leads QH, omega_bots plays JC -> volt_x wins
  Trick 12: volt_x leads 10H, omega_bots plays 10C -> volt_x wins
  Hand: volt_x +11 / omega_bots +24 (tricks 5-7)
  Match total: volt_x 102 - 90 omega_bots
  Final: volt_x 102 - 90 omega_bots
  Winner: volt_x

============================================================
Game 19
============================================================
Players: omega_bots vs volt_x
Dealer: omega_bots  |  Elder: volt_x
Match scores: 0 - 0
Talon (8): 7C 10C 10D 7H AH 8S 9S QS
omega_bots hand: 9C JC QC 9D KD AD 8H 9H JH QH KH 10S
volt_x hand: 8C KC AC 7D 8D JD QD 10H 7S JS KS AS
  Exchange volt_x: discard 8C 7D 8D JD QD -> draw 7C 10C AH 8S QS (talon 3 left)
  Exchange omega_bots: discard 9C JC 10S -> draw 10D 7H 9S (talon 0 left)

--- Phase: declare ---
  Declare point: volt_x wins 6 pts (('point', 6, 'S'))
  Declare sequence: volt_x wins 4 pts (('sequence', 4, 14, 'S'))
  Declare set: volt_x wins 3 pts (('set', 3, 14))

--- Phase: tricks ---
  Trick  1: volt_x leads 7S, omega_bots plays 9S -> omega_bots wins
  Trick  2: omega_bots leads AD, volt_x plays 7C -> omega_bots wins
  Trick  3: omega_bots leads KH, volt_x plays AH -> volt_x wins
  Trick  4: volt_x leads 8S, omega_bots plays 7H -> volt_x wins
  Trick  5: volt_x leads JS, omega_bots plays 8H -> volt_x wins
  Trick  6: volt_x leads 10C, omega_bots plays QC -> omega_bots wins
  Trick  7: omega_bots leads 9H, volt_x plays 10H -> volt_x wins
  Trick  8: volt_x leads QS, omega_bots plays KD -> volt_x wins
  Trick  9: volt_x leads AC, omega_bots plays JH -> volt_x wins
  Trick 10: volt_x leads AS, omega_bots plays QH -> volt_x wins
  Trick 11: volt_x leads KC, omega_bots plays 9D -> volt_x wins
  Trick 12: volt_x leads KS, omega_bots plays 10D -> volt_x wins
  Hand: omega_bots +3 / volt_x +33 (tricks 3-9)
  Match total: omega_bots 3 - 33 volt_x
Players: omega_bots vs volt_x
Dealer: volt_x  |  Elder: omega_bots
Match scores: 3 - 33
Talon (8): QC 7D JD QH KH AH 10S AS
omega_bots hand: 7C 8C AC 8D 9D 10D 7H JH 7S 9S JS QS
volt_x hand: 9C 10C JC KC QD KD AD 8H 9H 10H 8S KS
  Exchange omega_bots: discard 7C 8C 7S 9S QS -> draw QH KH AH 10S AS (talon 3 left)
  Exchange volt_x: discard 8H 9H 8S -> draw QC 7D JD (talon 0 left)

--- Phase: declare ---
  Declare point: volt_x wins 5 pts (('point', 5, 'C'))
  Declare sequence: volt_x wins 10 pts (('sequence', 5, 13, 'C'))
  Declare set: omega_bots wins 3 pts (('set', 3, 14))

--- Phase: tricks ---
  Trick  1: omega_bots leads AC, volt_x plays 9C -> omega_bots wins
  Trick  2: omega_bots leads AS, volt_x plays KS -> omega_bots wins
  Trick  3: omega_bots leads AH, volt_x plays 10H -> omega_bots wins
  Trick  4: omega_bots leads KH, volt_x plays 7D -> omega_bots wins
  Trick  5: omega_bots leads QH, volt_x plays 10C -> omega_bots wins
  Trick  6: omega_bots leads 7H, volt_x plays JC -> omega_bots wins
  Trick  7: omega_bots leads JH, volt_x plays JD -> omega_bots wins
  Trick  8: omega_bots leads JS, volt_x plays QD -> omega_bots wins
  Trick  9: omega_bots leads 10D, volt_x plays KD -> volt_x wins
  Trick 10: volt_x leads AD, omega_bots plays 9D -> volt_x wins
  Trick 11: volt_x leads KC, omega_bots plays 8D -> volt_x wins
  Trick 12: volt_x leads QC, omega_bots plays 10S -> volt_x wins
  Hand: omega_bots +21 / volt_x +20 (tricks 8-4)
  Match total: omega_bots 24 - 53 volt_x
Players: omega_bots vs volt_x
Dealer: omega_bots  |  Elder: volt_x
Match scores: 24 - 53
Talon (8): 10C AC 7D 9D JD 9H JS AS
omega_bots hand: 7C 8C QC 8D QD 7H 8H 10H JH QH 10S QS
volt_x hand: 9C JC KC 10D KD AD KH AH 7S 8S 9S KS
  Exchange volt_x: discard 9C JC 10D AD AH -> draw 10C 7D 9D 9H JS (talon 3 left)
  Exchange omega_bots: discard 7C 8C 10S -> draw AC JD AS (talon 0 left)

--- Phase: declare ---
  Declare point: omega_bots wins 5 pts (('point', 5, 'H'))
  Declare sequence: omega_bots wins 3 pts (('sequence', 3, 12, 'H'))
  Declare set: volt_x wins 14 pts (('set', 4, 13))

--- Phase: tricks ---
  Trick  1: volt_x leads 7S, omega_bots plays QS -> omega_bots wins
  Trick  2: omega_bots leads AC, volt_x plays 10C -> omega_bots wins
  Trick  3: omega_bots leads AS, volt_x plays 8S -> omega_bots wins
  Trick  4: omega_bots leads QH, volt_x plays KH -> volt_x wins
  Trick  5: volt_x leads 7D, omega_bots plays 8D -> omega_bots wins
  Trick  6: omega_bots leads QC, volt_x plays KC -> volt_x wins
  Trick  7: volt_x leads 9S, omega_bots plays 10H -> volt_x wins
  Trick  8: volt_x leads 9D, omega_bots plays QD -> omega_bots wins
  Trick  9: omega_bots leads 8H, volt_x plays 9H -> volt_x wins
  Trick 10: volt_x leads KD, omega_bots plays JD -> volt_x wins
  Trick 11: volt_x leads KS, omega_bots plays JH -> volt_x wins
  Trick 12: volt_x leads JS, omega_bots plays 7H -> volt_x wins
  Hand: omega_bots +13 / volt_x +32 (tricks 5-7)
  Match total: omega_bots 37 - 85 volt_x
Players: omega_bots vs volt_x
Dealer: volt_x  |  Elder: omega_bots
Match scores: 37 - 85
Talon (8): 8D 10D KD AH 8S 10S QS KS
omega_bots hand: 7C 10C 7D 9D JD QD AD 8H JH QH 7S JS
volt_x hand: 8C 9C JC QC KC AC 7H 9H 10H KH 9S AS
  Exchange omega_bots: discard 7C 10C 7D 8H 7S -> draw 8D KD 8S 10S KS (talon 3 left)
  Exchange volt_x: discard 7H 9H 9S -> draw 10D AH QS (talon 0 left)

--- Phase: declare ---
  Declare set: volt_x wins 3 pts (('set', 3, 14))

--- Phase: tricks ---
  Trick  1: omega_bots leads AD, volt_x plays 10D -> omega_bots wins
  Trick  2: omega_bots leads KS, volt_x plays AS -> volt_x wins
  Trick  3: volt_x leads 8C, omega_bots plays 8S -> volt_x wins
  Trick  4: volt_x leads 9C, omega_bots plays 8D -> volt_x wins
  Trick  5: volt_x leads JC, omega_bots plays 9D -> volt_x wins
  Trick  6: volt_x leads QC, omega_bots plays JD -> volt_x wins
  Trick  7: volt_x leads 10H, omega_bots plays JH -> omega_bots wins
  Trick  8: omega_bots leads QD, volt_x plays QS -> omega_bots wins
  Trick  9: omega_bots leads QH, volt_x plays KH -> volt_x wins
  Trick 10: volt_x leads AC, omega_bots plays JS -> volt_x wins
  Trick 11: volt_x leads AH, omega_bots plays 10S -> volt_x wins
  Trick 12: volt_x leads KC, omega_bots plays KD -> volt_x wins
  Hand: omega_bots +3 / volt_x +23 (tricks 3-9)
  Match total: omega_bots 40 - 108 volt_x
  Final: omega_bots 40 - 108 volt_x
  Winner: volt_x

============================================================
Game 20
============================================================
Players: volt_x vs omega_bots
Dealer: volt_x  |  Elder: omega_bots
Match scores: 0 - 0
Talon (8): JC KC 7D AD KH AH 7S AS
volt_x hand: 7C 8C 10C QC JD QD 7H 8H 10H JH QH 10S
omega_bots hand: 9C AC 8D 9D 10D KD 9H 8S 9S JS QS KS
  Exchange omega_bots: discard 9C 8D 10D 9H 8S -> draw JC KC 7D AD AS (talon 3 left)
  Exchange volt_x: discard 7C 8C 10S -> draw KH AH 7S (talon 0 left)

--- Phase: declare ---
  Declare point: volt_x wins 7 pts (('point', 7, 'H'))
  Declare sequence: volt_x wins 10 pts (('sequence', 5, 14, 'H'))
  Declare set: omega_bots wins 3 pts (('set', 3, 14))

--- Phase: tricks ---
  Trick  1: omega_bots leads AC, volt_x plays 10C -> omega_bots wins
  Trick  2: omega_bots leads AD, volt_x plays JD -> omega_bots wins
  Trick  3: omega_bots leads AS, volt_x plays 7S -> omega_bots wins
  Trick  4: omega_bots leads KS, volt_x plays 7H -> omega_bots wins
  Trick  5: omega_bots leads KD, volt_x plays QD -> omega_bots wins
  Trick  6: omega_bots leads 9S, volt_x plays 8H -> omega_bots wins
  Trick  7: omega_bots leads JS, volt_x plays 10H -> omega_bots wins
  Trick  8: omega_bots leads QS, volt_x plays JH -> omega_bots wins
  Trick  9: omega_bots leads 9D, volt_x plays QC -> omega_bots wins
  Trick 10: omega_bots leads KC, volt_x plays QH -> omega_bots wins
  Trick 11: omega_bots leads 7D, volt_x plays KH -> omega_bots wins
  Trick 12: omega_bots leads JC, volt_x plays AH -> omega_bots wins
  Hand: volt_x +17 / omega_bots +86 (tricks 0-12)
  Match total: volt_x 17 - 86 omega_bots
Players: volt_x vs omega_bots
Dealer: omega_bots  |  Elder: volt_x
Match scores: 17 - 86
Talon (8): JC 8D 8H JH QH KH 7S AS
volt_x hand: 7C 8C 9C 10C QC 10D JD AD 9H 10H AH KS
omega_bots hand: KC AC 7D 9D QD KD 7H 8S 9S 10S JS QS
  Exchange volt_x: discard JD AD 9H AH KS -> draw 8D QH KH 7S AS (talon 3 left)
  Exchange omega_bots: discard 7D 9D 7H -> draw JC 8H JH (talon 0 left)

--- Phase: declare ---
  Declare point: omega_bots wins 5 pts (('point', 5, 'S'))
  Declare sequence: omega_bots wins 10 pts (('sequence', 5, 12, 'S'))
  Declare set: omega_bots wins 3 pts (('set', 3, 11))

--- Phase: tricks ---
  Trick  1: volt_x leads 7C, omega_bots plays JC -> omega_bots wins
  Trick  2: omega_bots leads AC, volt_x plays 8C -> omega_bots wins
  Trick  3: omega_bots leads KD, volt_x plays 8D -> omega_bots wins
  Trick  4: omega_bots leads KC, volt_x plays 9C -> omega_bots wins
  Trick  5: omega_bots leads QD, volt_x plays 10D -> omega_bots wins
  Trick  6: omega_bots leads 10S, volt_x plays AS -> volt_x wins
  Trick  7: volt_x leads 10H, omega_bots plays 8H -> volt_x wins
  Trick  8: volt_x leads 10C, omega_bots plays 9S -> volt_x wins
  Trick  9: volt_x leads KH, omega_bots plays JH -> volt_x wins
  Trick 10: volt_x leads QC, omega_bots plays QS -> volt_x wins
  Trick 11: volt_x leads QH, omega_bots plays JS -> volt_x wins
  Trick 12: volt_x leads 7S, omega_bots plays 8S -> omega_bots wins
  Hand: volt_x +6 / omega_bots +25 (tricks 6-6)
  Match total: volt_x 23 - 111 omega_bots
  Final: volt_x 23 - 111 omega_bots
  Winner: omega_bots

============================================================
Game 21
============================================================
Players: omega_bots vs volt_x
Dealer: omega_bots  |  Elder: volt_x
Match scores: 0 - 0
Talon (8): 7C 8D 9D AD 7H 7S 9S AS
omega_bots hand: 9C 10C JC JD QD KD 9H QH KH AH 8S QS
volt_x hand: 8C QC KC AC 7D 10D 8H 10H JH 10S JS KS
  Exchange volt_x: discard 7D 8H JH JS KS -> draw 8D 9D AD 7S 9S (talon 3 left)
  Exchange omega_bots: discard 9C 10C 8S -> draw 7C 7H AS (talon 0 left)

--- Phase: declare ---
  Declare point: omega_bots wins 5 pts (('point', 5, 'H'))
  Declare set: omega_bots wins 3 pts (('set', 3, 12))

--- Phase: tricks ---
  Trick  1: volt_x leads 8D, omega_bots plays JD -> omega_bots wins
  Trick  2: omega_bots leads AH, volt_x plays 10H -> omega_bots wins
  Trick  3: omega_bots leads AS, volt_x plays 7S -> omega_bots wins
  Trick  4: omega_bots leads KH, volt_x plays 8C -> omega_bots wins
  Trick  5: omega_bots leads KD, volt_x plays AD -> volt_x wins
  Trick  6: volt_x leads QC, omega_bots plays JC -> volt_x wins
  Trick  7: volt_x leads 9D, omega_bots plays QD -> omega_bots wins
  Trick  8: omega_bots leads QS, volt_x plays 9S -> omega_bots wins
  Trick  9: omega_bots leads QH, volt_x plays 10D -> omega_bots wins
  Trick 10: omega_bots leads 9H, volt_x plays 10S -> omega_bots wins
  Trick 11: omega_bots leads 7H, volt_x plays KC -> omega_bots wins
  Trick 12: omega_bots leads 7C, volt_x plays AC -> volt_x wins
  Hand: omega_bots +27 / volt_x +4 (tricks 9-3)
  Match total: omega_bots 27 - 4 volt_x
Players: omega_bots vs volt_x
Dealer: volt_x  |  Elder: omega_bots
Match scores: 27 - 4
Talon (8): JC QC 7D JD 9H 9S 10S JS
omega_bots hand: 7C 9C KC AC 8D 9D 10D 8H JH KH AH AS
volt_x hand: 8C 10C QD KD AD 7H 10H QH 7S 8S QS KS
  Exchange omega_bots: discard 8D 9D 10D 8H JH -> draw JC JD 9S 10S JS (talon 3 left)
  Exchange volt_x: discard 8C 10C 7H -> draw QC 7D 9H (talon 0 left)

--- Phase: declare ---
  Declare point: omega_bots wins 5 pts (('point', 5, 'C'))
  Declare sequence: volt_x wins 3 pts (('sequence', 3, 14, 'D'))
  Declare set: omega_bots wins 3 pts (('set', 3, 14))

--- Phase: tricks ---
  Trick  1: omega_bots leads AC, volt_x plays QC -> omega_bots wins
  Trick  2: omega_bots leads AH, volt_x plays 9H -> omega_bots wins
  Trick  3: omega_bots leads AS, volt_x plays 7S -> omega_bots wins
  Trick  4: omega_bots leads KH, volt_x plays 10H -> omega_bots wins
  Trick  5: omega_bots leads KC, volt_x plays 7D -> omega_bots wins
  Trick  6: omega_bots leads 7C, volt_x plays 8S -> omega_bots wins
  Trick  7: omega_bots leads 9C, volt_x plays QD -> omega_bots wins
  Trick  8: omega_bots leads 9S, volt_x plays QS -> volt_x wins
  Trick  9: volt_x leads AD, omega_bots plays JD -> volt_x wins
  Trick 10: volt_x leads KS, omega_bots plays JS -> volt_x wins
  Trick 11: volt_x leads KD, omega_bots plays JC -> volt_x wins
  Trick 12: volt_x leads QH, omega_bots plays 10S -> volt_x wins
  Hand: omega_bots +25 / volt_x +9 (tricks 7-5)
  Match total: omega_bots 52 - 13 volt_x
Players: omega_bots vs volt_x
Dealer: omega_bots  |  Elder: volt_x
Match scores: 52 - 13
Talon (8): JC AC 9D AD 8H JH QH KS
omega_bots hand: 8C 9C 10C 8D JD 7H 10H 7S 8S 10S JS QS
volt_x hand: 7C QC KC 7D 10D QD KD 9H KH AH 9S AS
  Exchange volt_x: discard 7C QC 9H AH 9S -> draw JC AC AD 8H KS (talon 3 left)
  Exchange omega_bots: discard 9C 8D 7H -> draw 9D JH QH (talon 0 left)

--- Phase: declare ---
  Declare point: volt_x wins 5 pts (('point', 5, 'D'))
  Declare sequence: volt_x wins 3 pts (('sequence', 3, 14, 'D'))
  Declare set: volt_x wins 3 pts (('set', 3, 14))

--- Phase: tricks ---
  Trick  1: volt_x leads 7D, omega_bots plays 9D -> omega_bots wins
  Trick  2: omega_bots leads QS, volt_x plays KS -> volt_x wins
  Trick  3: volt_x leads 10D, omega_bots plays JD -> omega_bots wins
  Trick  4: omega_bots leads QH, volt_x plays KH -> volt_x wins
  Trick  5: volt_x leads JC, omega_bots plays 8C -> volt_x wins
  Trick  6: volt_x leads QD, omega_bots plays 10C -> volt_x wins
  Trick  7: volt_x leads KC, omega_bots plays 10S -> volt_x wins
  Trick  8: volt_x leads KD, omega_bots plays 8S -> volt_x wins
  Trick  9: volt_x leads AS, omega_bots plays JS -> volt_x wins
  Trick 10: volt_x leads AC, omega_bots plays 10H -> volt_x wins
  Trick 11: volt_x leads AD, omega_bots plays 7S -> volt_x wins
  Trick 12: volt_x leads 8H, omega_bots plays JH -> omega_bots wins
  Hand: omega_bots +4 / volt_x +30 (tricks 3-9)
  Match total: omega_bots 56 - 43 volt_x
Players: omega_bots vs volt_x
Dealer: volt_x  |  Elder: omega_bots
Match scores: 56 - 43
Talon (8): 7C KC 8D 9D QH AH 8S QS
omega_bots hand: 9C 10C JC AC 7D KD 8H 9H 10H JH 7S JS
volt_x hand: 8C QC 10D JD QD AD 7H KH 9S 10S KS AS
  Exchange omega_bots: discard 9C 10C 7D 7S -> draw 8D 9D 8S QS (talon 4 left)
  Exchange volt_x: discard 8C QC 7H 9S -> draw 7C KC QH AH (talon 0 left)

--- Phase: declare ---
  Declare point: volt_x wins 4 pts (('point', 4, 'D'))
  Declare sequence: omega_bots wins 4 pts (('sequence', 4, 11, 'H'))
  Declare set: volt_x wins 3 pts (('set', 3, 14))

--- Phase: tricks ---
  Trick  1: omega_bots leads AC, volt_x plays 7C -> omega_bots wins
  Trick  2: omega_bots leads KD, volt_x plays AD -> volt_x wins
  Trick  3: volt_x leads 10D, omega_bots plays 8D -> volt_x wins
  Trick  4: volt_x leads 10S, omega_bots plays JS -> omega_bots wins
  Trick  5: omega_bots leads QS, volt_x plays KS -> volt_x wins
  Trick  6: volt_x leads QH, omega_bots plays JH -> volt_x wins
  Trick  7: volt_x leads JD, omega_bots plays 9D -> volt_x wins
  Trick  8: volt_x leads KH, omega_bots plays 8H -> volt_x wins
  Trick  9: volt_x leads AS, omega_bots plays 8S -> volt_x wins
  Trick 10: volt_x leads AH, omega_bots plays 9H -> volt_x wins
  Trick 11: volt_x leads KC, omega_bots plays JC -> volt_x wins
  Trick 12: volt_x leads QD, omega_bots plays 10H -> volt_x wins
  Hand: omega_bots +6 / volt_x +28 (tricks 2-10)
  Match total: omega_bots 62 - 71 volt_x
Players: omega_bots vs volt_x
Dealer: omega_bots  |  Elder: volt_x
Match scores: 62 - 71
Talon (8): JC 7D QD KD 8H 10H 9S AS
omega_bots hand: 7C 8C AC 8D 10D JD QH KH 7S 8S 10S JS
volt_x hand: 9C 10C QC KC 9D AD 7H 9H JH AH QS KS
  Exchange volt_x: discard 9D 7H 9H JH QS -> draw JC 7D 10H 9S AS (talon 3 left)
  Exchange omega_bots: discard 8C 8D JD -> draw QD KD 8H (talon 0 left)

--- Phase: declare ---
  Declare point: volt_x wins 5 pts (('point', 5, 'C'))
  Declare sequence: volt_x wins 10 pts (('sequence', 5, 13, 'C'))
  Declare set: volt_x wins 3 pts (('set', 3, 14))

--- Phase: tricks ---
  Trick  1: volt_x leads 9C, omega_bots plays AC -> omega_bots wins
  Trick  2: omega_bots leads KH, volt_x plays AH -> volt_x wins
  Trick  3: volt_x leads 10C, omega_bots plays 7C -> volt_x wins
  Trick  4: volt_x leads JC, omega_bots plays 7S -> volt_x wins
  Trick  5: volt_x leads 9S, omega_bots plays 10S -> omega_bots wins
  Trick  6: omega_bots leads 8S, volt_x plays KS -> volt_x wins
  Trick  7: volt_x leads QC, omega_bots plays QH -> volt_x wins
  Trick  8: volt_x leads 7D, omega_bots plays 10D -> omega_bots wins
  Trick  9: omega_bots leads JS, volt_x plays AS -> volt_x wins
  Trick 10: volt_x leads AD, omega_bots plays KD -> volt_x wins
  Trick 11: volt_x leads KC, omega_bots plays 8H -> volt_x wins
  Trick 12: volt_x leads 10H, omega_bots plays QD -> volt_x wins
  Hand: omega_bots +3 / volt_x +38 (tricks 3-9)
  Match total: omega_bots 65 - 109 volt_x
  Final: omega_bots 65 - 109 volt_x
  Winner: volt_x

============================================================
Game 22
============================================================
Players: volt_x vs omega_bots
Dealer: volt_x  |  Elder: omega_bots
Match scores: 0 - 0
Talon (8): 9C KC QD 7H 9H 10H JH 10S
volt_x hand: 7C 8C 10C QC 7D KD KH AH 8S 9S QS KS
omega_bots hand: JC AC 8D 9D 10D JD AD 8H QH 7S JS AS
  Exchange omega_bots: discard JC 8H QH 7S -> draw 7H 10H JH 10S (talon 4 left)
  Exchange volt_x: discard 7C 8C 10C 7D -> draw 9C KC QD 9H (talon 0 left)

--- Phase: declare ---
  Declare point: omega_bots wins 5 pts (('point', 5, 'D'))
  Declare sequence: omega_bots wins 4 pts (('sequence', 4, 11, 'D'))
  Declare set: omega_bots wins 3 pts (('set', 3, 14))

--- Phase: tricks ---
  Trick  1: omega_bots leads AD, volt_x plays QD -> omega_bots wins
  Trick  2: omega_bots leads AC, volt_x plays 9C -> omega_bots wins
  Trick  3: omega_bots leads AS, volt_x plays 8S -> omega_bots wins
  Trick  4: omega_bots leads 10D, volt_x plays KD -> volt_x wins
  Trick  5: volt_x leads 9S, omega_bots plays 10S -> omega_bots wins
  Trick  6: omega_bots leads JD, volt_x plays 9H -> omega_bots wins
  Trick  7: omega_bots leads 9D, volt_x plays QS -> omega_bots wins
  Trick  8: omega_bots leads JS, volt_x plays KS -> volt_x wins
  Trick  9: volt_x leads AH, omega_bots plays 7H -> volt_x wins
  Trick 10: volt_x leads KH, omega_bots plays JH -> volt_x wins
  Trick 11: volt_x leads KC, omega_bots plays 8D -> volt_x wins
  Trick 12: volt_x leads QC, omega_bots plays 10H -> volt_x wins
  Hand: volt_x +7 / omega_bots +18 (tricks 6-6)
  Match total: volt_x 7 - 18 omega_bots
Players: volt_x vs omega_bots
Dealer: omega_bots  |  Elder: volt_x
Match scores: 7 - 18
Talon (8): 8C JC 10D 9H AH JS KS AS
volt_x hand: 9C 7D 8D JD QD KD AD 7H JH KH 9S 10S
omega_bots hand: 7C 10C QC KC AC 9D 8H 10H QH 7S 8S QS
  Exchange volt_x: discard 9C 7H JH 9S 10S -> draw 10D 9H AH JS KS (talon 3 left)
  Exchange omega_bots: discard 10H 7S 8S -> draw 8C JC AS (talon 0 left)

--- Phase: declare ---
  Declare set: volt_x wins 3 pts (('set', 3, 13))

--- Phase: tricks ---
  Trick  1: volt_x leads 7D, omega_bots plays 9D -> omega_bots wins
  Trick  2: omega_bots leads AC, volt_x plays 8D -> omega_bots wins
  Trick  3: omega_bots leads AS, volt_x plays JS -> omega_bots wins
  Trick  4: omega_bots leads KC, volt_x plays 9H -> omega_bots wins
  Trick  5: omega_bots leads QS, volt_x plays KS -> volt_x wins
  Trick  6: volt_x leads 10D, omega_bots plays 8H -> volt_x wins
  Trick  7: volt_x leads JD, omega_bots plays 10C -> volt_x wins
  Trick  8: volt_x leads QD, omega_bots plays QH -> volt_x wins
  Trick  9: volt_x leads AD, omega_bots plays QC -> volt_x wins
  Trick 10: volt_x leads AH, omega_bots plays 7C -> volt_x wins
  Trick 11: volt_x leads KD, omega_bots plays JC -> volt_x wins
  Trick 12: volt_x leads KH, omega_bots plays 8C -> volt_x wins
  Hand: volt_x +22 / omega_bots +4 (tricks 8-4)
  Match total: volt_x 29 - 22 omega_bots
Players: volt_x vs omega_bots
Dealer: volt_x  |  Elder: omega_bots
Match scores: 29 - 22
Talon (8): 7C 8C 8D 9D JH AH 10S JS
volt_x hand: 10C JC 10D JD 8H 9H 10H KH 7S 8S 9S QS
omega_bots hand: 9C QC KC AC 7D QD KD AD 7H QH KS AS
  Exchange omega_bots: discard 9C QC 7D 7H QH -> draw 7C 8D 9D JH 10S (talon 3 left)
  Exchange volt_x: discard 7S 8S 9S -> draw 8C AH JS (talon 0 left)

--- Phase: declare ---
  Declare sequence: omega_bots wins 3 pts (('sequence', 3, 14, 'D'))
  Declare set: omega_bots wins 3 pts (('set', 3, 14))

--- Phase: tricks ---
  Trick  1: omega_bots leads AS, volt_x plays JS -> omega_bots wins
  Trick  2: omega_bots leads AC, volt_x plays 8C -> omega_bots wins
  Trick  3: omega_bots leads AD, volt_x plays 10D -> omega_bots wins
  Trick  4: omega_bots leads KC, volt_x plays 10C -> omega_bots wins
  Trick  5: omega_bots leads KD, volt_x plays JD -> omega_bots wins
  Trick  6: omega_bots leads QD, volt_x plays 8H -> omega_bots wins
  Trick  7: omega_bots leads KS, volt_x plays QS -> omega_bots wins
  Trick  8: omega_bots leads 9D, volt_x plays 9H -> omega_bots wins
  Trick  9: omega_bots leads JH, volt_x plays KH -> volt_x wins
  Trick 10: volt_x leads AH, omega_bots plays 8D -> volt_x wins
  Trick 11: volt_x leads JC, omega_bots plays 7C -> volt_x wins
  Trick 12: volt_x leads 10H, omega_bots plays 10S -> volt_x wins
  Hand: volt_x +5 / omega_bots +24 (tricks 4-8)
  Match total: volt_x 34 - 46 omega_bots
Players: volt_x vs omega_bots
Dealer: omega_bots  |  Elder: volt_x
Match scores: 34 - 46
Talon (8): 8C QC 10D 8H QH AH 7S QS
volt_x hand: 7C KC AC 7D JD QD KD AD JH KH 10S KS
omega_bots hand: 9C 10C JC 8D 9D 7H 9H 10H 8S 9S JS AS
  Exchange volt_x: discard 7C AC 7D JH 10S -> draw QC 10D AH 7S QS (talon 3 left)
  Exchange omega_bots: discard 8D 7H 10H -> draw 8C 8H QH (talon 0 left)

--- Phase: declare ---
  Declare point: volt_x wins 5 pts (('point', 5, 'D'))
  Declare sequence: volt_x wins 10 pts (('sequence', 5, 14, 'D'))
  Declare set: volt_x wins 14 pts (('set', 4, 13))

--- Phase: tricks ---
  Trick  1: volt_x leads 10D, omega_bots plays 9D -> volt_x wins
  Trick  2: volt_x leads JD, omega_bots plays 8S -> volt_x wins
  Trick  3: volt_x leads QD, omega_bots plays 8H -> volt_x wins
  Trick  4: volt_x leads 7S, omega_bots plays 9S -> omega_bots wins
  Trick  5: omega_bots leads AS, volt_x plays QS -> omega_bots wins
  Trick  6: omega_bots leads 10C, volt_x plays QC -> volt_x wins
  Trick  7: volt_x leads KH, omega_bots plays 9H -> volt_x wins
  Trick  8: volt_x leads KD, omega_bots plays 9C -> volt_x wins
  Trick  9: volt_x leads AD, omega_bots plays JS -> volt_x wins
  Trick 10: volt_x leads AH, omega_bots plays QH -> volt_x wins
  Trick 11: volt_x leads KC, omega_bots plays JC -> volt_x wins
  Trick 12: volt_x leads KS, omega_bots plays 8C -> volt_x wins
  Hand: volt_x +50 / omega_bots +2 (tricks 10-2)
  Match total: volt_x 84 - 48 omega_bots
Players: volt_x vs omega_bots
Dealer: volt_x  |  Elder: omega_bots
Match scores: 84 - 48
Talon (8): 8C 9C 10C JC 7D 7H 9S 10S
volt_x hand: QC KC 10D QD AD 9H KH 7S 8S QS KS AS
omega_bots hand: 7C AC 8D 9D JD KD 8H 10H JH QH AH JS
  Exchange omega_bots: discard 7C 8D 9D -> draw 8C 9C 9S (talon 5 left)
  Exchange volt_x: discard QC 10D QD AD 9H -> draw 10C JC 7D 7H 10S (talon 0 left)

--- Phase: declare ---
  Declare point: volt_x wins 6 pts (('point', 6, 'S'))
  Declare sequence: volt_x wins 3 pts (('sequence', 3, 14, 'S'))
  Declare set: volt_x wins 3 pts (('set', 3, 13))

--- Phase: tricks ---
  Trick  1: omega_bots leads AH, volt_x plays 7H -> omega_bots wins
  Trick  2: omega_bots leads AC, volt_x plays 10C -> omega_bots wins
  Trick  3: omega_bots leads KD, volt_x plays 7D -> omega_bots wins
  Trick  4: omega_bots leads QH, volt_x plays KH -> volt_x wins
  Trick  5: volt_x leads 7S, omega_bots plays 9S -> omega_bots wins
  Trick  6: omega_bots leads JS, volt_x plays QS -> volt_x wins
  Trick  7: volt_x leads 8S, omega_bots plays JD -> volt_x wins
  Trick  8: volt_x leads 10S, omega_bots plays 8H -> volt_x wins
  Trick  9: volt_x leads AS, omega_bots plays JH -> volt_x wins
  Trick 10: volt_x leads KS, omega_bots plays 10H -> volt_x wins
  Trick 11: volt_x leads KC, omega_bots plays 9C -> volt_x wins
  Trick 12: volt_x leads JC, omega_bots plays 8C -> volt_x wins
  Hand: volt_x +31 / omega_bots +4 (tricks 8-4)
  Match total: volt_x 115 - 52 omega_bots
  Final: volt_x 115 - 52 omega_bots
  Winner: volt_x

============================================================
Game 23
============================================================
Players: omega_bots vs volt_x
Dealer: omega_bots  |  Elder: volt_x
Match scores: 0 - 0
Talon (8): 7C JC QC 9D AH 7S 8S 10S
omega_bots hand: 9C KC 7D 8D 10D JD KD AD QH KH JS QS
volt_x hand: 8C 10C AC QD 7H 8H 9H 10H JH 9S KS AS
  Exchange volt_x: discard 8C 10C QD 9S KS -> draw 7C QC AH 8S 10S (talon 3 left)
  Exchange omega_bots: discard 9C QH JS -> draw JC 9D 7S (talon 0 left)

--- Phase: declare ---
  Declare point: omega_bots wins 7 pts (('point', 7, 'D'))
  Declare set: volt_x wins 3 pts (('set', 3, 14))

--- Phase: tricks ---
  Trick  1: volt_x leads 7H, omega_bots plays KH -> omega_bots wins
  Trick  2: omega_bots leads AD, volt_x plays 7C -> omega_bots wins
  Trick  3: omega_bots leads KD, volt_x plays 8H -> omega_bots wins
  Trick  4: omega_bots leads KC, volt_x plays AC -> volt_x wins
  Trick  5: volt_x leads 9H, omega_bots plays 7D -> volt_x wins
  Trick  6: volt_x leads 8S, omega_bots plays 7S -> volt_x wins
  Trick  7: volt_x leads 10H, omega_bots plays 10D -> volt_x wins
  Trick  8: volt_x leads 10S, omega_bots plays QS -> omega_bots wins
  Trick  9: omega_bots leads 8D, volt_x plays JH -> omega_bots wins
  Trick 10: omega_bots leads JD, volt_x plays QC -> omega_bots wins
  Trick 11: omega_bots leads 9D, volt_x plays AS -> omega_bots wins
  Trick 12: omega_bots leads JC, volt_x plays AH -> omega_bots wins
  Hand: omega_bots +26 / volt_x +7 (tricks 8-4)
  Match total: omega_bots 26 - 7 volt_x
Players: omega_bots vs volt_x
Dealer: volt_x  |  Elder: omega_bots
Match scores: 26 - 7
Talon (8): 8C 10D JD KD 8H 8S 9S KS
omega_bots hand: 9C AC 7D 8D QD 9H JH QH KH AH 10S JS
volt_x hand: 7C 10C JC QC KC 9D AD 7H 10H 7S QS AS
  Exchange omega_bots: discard 9C 7D 8D QD JS -> draw 8C 10D JD 8H 9S (talon 3 left)
  Exchange volt_x: discard 9D 7H 7S -> draw KD 8S KS (talon 0 left)

--- Phase: declare ---
  Declare point: omega_bots wins 6 pts (('point', 6, 'H'))
  Declare sequence: omega_bots wins 4 pts (('sequence', 4, 14, 'H'))
  Declare set: volt_x wins 3 pts (('set', 3, 13))

--- Phase: tricks ---
  Trick  1: omega_bots leads AC, volt_x plays 7C -> omega_bots wins
  Trick  2: omega_bots leads AH, volt_x plays 10H -> omega_bots wins
  Trick  3: omega_bots leads KH, volt_x plays 8S -> omega_bots wins
  Trick  4: omega_bots leads QH, volt_x plays 10C -> omega_bots wins
  Trick  5: omega_bots leads JH, volt_x plays JC -> omega_bots wins
  Trick  6: omega_bots leads 9H, volt_x plays QS -> omega_bots wins
  Trick  7: omega_bots leads 10S, volt_x plays KS -> volt_x wins
  Trick  8: volt_x leads QC, omega_bots plays 8C -> volt_x wins
  Trick  9: volt_x leads AS, omega_bots plays 9S -> volt_x wins
  Trick 10: volt_x leads AD, omega_bots plays 10D -> volt_x wins
  Trick 11: volt_x leads KC, omega_bots plays JD -> volt_x wins
  Trick 12: volt_x leads KD, omega_bots plays 8H -> volt_x wins
  Hand: omega_bots +16 / volt_x +10 (tricks 6-6)
  Match total: omega_bots 42 - 17 volt_x
Players: omega_bots vs volt_x
Dealer: omega_bots  |  Elder: volt_x
Match scores: 42 - 17
Talon (8): 9C QD 7H 9H KH 8S 9S AS
omega_bots hand: 7C 8C 10C QC KC AC 10D JD AD 8H JS QS
volt_x hand: JC 7D 8D 9D KD 10H JH QH AH 7S 10S KS
  Exchange volt_x: discard 7D 8D 9D 7S 10S -> draw 7H 9H KH 8S AS (talon 3 left)
  Exchange omega_bots: discard 10D 8H JS -> draw 9C QD 9S (talon 0 left)

--- Phase: declare ---
  Declare point: volt_x wins 7 pts (('point', 7, 'H'))
  Declare sequence: volt_x wins 11 pts (('sequence', 6, 14, 'H'))
  Declare set: volt_x wins 3 pts (('set', 3, 13))

--- Phase: tricks ---
  Trick  1: volt_x leads 7H, omega_bots plays 7C -> volt_x wins
  Trick  2: volt_x leads 9H, omega_bots plays 8C -> volt_x wins
  Trick  3: volt_x leads 10H, omega_bots plays 9S -> volt_x wins
  Trick  4: volt_x leads JH, omega_bots plays 9C -> volt_x wins
  Trick  5: volt_x leads 8S, omega_bots plays QS -> omega_bots wins
  Trick  6: omega_bots leads QC, volt_x plays JC -> omega_bots wins
  Trick  7: omega_bots leads AC, volt_x plays QH -> omega_bots wins
  Trick  8: omega_bots leads KC, volt_x plays KS -> omega_bots wins
  Trick  9: omega_bots leads 10C, volt_x plays KD -> omega_bots wins
  Trick 10: omega_bots leads AD, volt_x plays KH -> omega_bots wins
  Trick 11: omega_bots leads JD, volt_x plays AH -> omega_bots wins
  Trick 12: omega_bots leads QD, volt_x plays AS -> omega_bots wins
  Hand: omega_bots +19 / volt_x +25 (tricks 8-4)
  Match total: omega_bots 61 - 42 volt_x
Players: omega_bots vs volt_x
Dealer: volt_x  |  Elder: omega_bots
Match scores: 61 - 42
Talon (8): 7C 9C 10C QC 10D KD AH 8S
omega_bots hand: KC 8D 9D JD 7H 10H JH QH KH 7S KS AS
volt_x hand: 8C JC AC 7D QD AD 8H 9H 9S 10S JS QS
  Exchange omega_bots: discard 8D 9D JD 7H -> draw 10C 10D KD AH (talon 4 left)
  Exchange volt_x: discard 8C 7D 8H 9H -> draw 7C 9C QC 8S (talon 0 left)

--- Phase: declare ---
  Declare point: omega_bots wins 5 pts (('point', 5, 'H'))
  Declare sequence: omega_bots wins 10 pts (('sequence', 5, 14, 'H'))
  Declare set: omega_bots wins 14 pts (('set', 4, 13))

--- Phase: tricks ---
  Trick  1: omega_bots leads AS, volt_x plays 8S -> omega_bots wins
  Trick  2: omega_bots leads AH, volt_x plays 7C -> omega_bots wins
  Trick  3: omega_bots leads KH, volt_x plays 9S -> omega_bots wins
  Trick  4: omega_bots leads KS, volt_x plays 10S -> omega_bots wins
  Trick  5: omega_bots leads KC, volt_x plays AC -> volt_x wins
  Trick  6: volt_x leads 9C, omega_bots plays 10C -> omega_bots wins
  Trick  7: omega_bots leads 10H, volt_x plays JC -> omega_bots wins
  Trick  8: omega_bots leads 7S, volt_x plays JS -> volt_x wins
  Trick  9: volt_x leads AD, omega_bots plays KD -> volt_x wins
  Trick 10: volt_x leads QS, omega_bots plays QH -> volt_x wins
  Trick 11: volt_x leads QD, omega_bots plays 10D -> volt_x wins
  Trick 12: volt_x leads QC, omega_bots plays JH -> volt_x wins
  Hand: omega_bots +35 / volt_x +7 (tricks 6-6)
  Match total: omega_bots 96 - 49 volt_x
Players: omega_bots vs volt_x
Dealer: omega_bots  |  Elder: volt_x
Match scores: 96 - 49
Talon (8): AC 10D 7H 8H 10H AH 10S QS
omega_bots hand: 7C 8C QC 7D 9D JD KD AD 8S 9S JS KS
volt_x hand: 9C 10C JC KC 8D QD 9H JH QH KH 7S AS
  Exchange volt_x: discard 9C 10C 8D QD 7S -> draw 10D 8H 10H AH 10S (talon 3 left)
  Exchange omega_bots: discard 7C 8S 9S -> draw AC 7H QS (talon 0 left)

--- Phase: declare ---
  Declare point: volt_x wins 7 pts (('point', 7, 'H'))
  Declare sequence: volt_x wins 12 pts (('sequence', 7, 14, 'H'))
  Declare set: volt_x wins 3 pts (('set', 3, 10))

--- Phase: tricks ---
  Trick  1: volt_x leads 8H, omega_bots plays 7H -> volt_x wins
  Trick  2: volt_x leads 9H, omega_bots plays 7D -> volt_x wins
  Trick  3: volt_x leads 10H, omega_bots plays 8C -> volt_x wins
  Trick  4: volt_x leads JH, omega_bots plays 9D -> volt_x wins
  Trick  5: volt_x leads QH, omega_bots plays JS -> volt_x wins
  Trick  6: volt_x leads 10S, omega_bots plays KS -> omega_bots wins
  Trick  7: omega_bots leads AD, volt_x plays 10D -> omega_bots wins
  Trick  8: omega_bots leads QC, volt_x plays KC -> volt_x wins
  Trick  9: volt_x leads AS, omega_bots plays QS -> volt_x wins
  Trick 10: volt_x leads AH, omega_bots plays JD -> volt_x wins
  Trick 11: volt_x leads KH, omega_bots plays KD -> volt_x wins
  Trick 12: volt_x leads JC, omega_bots plays AC -> omega_bots wins
  Hand: omega_bots +4 / volt_x +41 (tricks 3-9)
  Match total: omega_bots 100 - 90 volt_x
  Final: omega_bots 100 - 90 volt_x
  Winner: omega_bots

============================================================
Game 24
============================================================
Players: volt_x vs omega_bots
Dealer: volt_x  |  Elder: omega_bots
Match scores: 0 - 0
Talon (8): 7C 10C 8D 8H 9H JH AH 9S
volt_x hand: 8C 9C KC 9D QD KD AD 7H QH 7S QS KS
omega_bots hand: JC QC AC 7D 10D JD 10H KH 8S 10S JS AS
  Exchange omega_bots: discard 7D 10D 10H KH 8S -> draw 7C 8D JH AH 9S (talon 3 left)
  Exchange volt_x: discard 8C 7H 7S -> draw 10C 8H 9H (talon 0 left)

--- Phase: declare ---
  Declare sequence: volt_x wins 3 pts (('sequence', 3, 14, 'D'))
  Declare set: omega_bots wins 3 pts (('set', 3, 14))

--- Phase: tricks ---
  Trick  1: omega_bots leads AC, volt_x plays 9C -> omega_bots wins
  Trick  2: omega_bots leads AS, volt_x plays QS -> omega_bots wins
  Trick  3: omega_bots leads AH, volt_x plays 8H -> omega_bots wins
  Trick  4: omega_bots leads QC, volt_x plays KC -> volt_x wins
  Trick  5: volt_x leads 9D, omega_bots plays JD -> omega_bots wins
  Trick  6: omega_bots leads 10S, volt_x plays KS -> volt_x wins
  Trick  7: volt_x leads QD, omega_bots plays 8D -> volt_x wins
  Trick  8: volt_x leads KD, omega_bots plays JC -> volt_x wins
  Trick  9: volt_x leads AD, omega_bots plays JS -> volt_x wins
  Trick 10: volt_x leads QH, omega_bots plays JH -> volt_x wins
  Trick 11: volt_x leads 10C, omega_bots plays 7C -> volt_x wins
  Trick 12: volt_x leads 9H, omega_bots plays 9S -> volt_x wins
  Hand: volt_x +22 / omega_bots +7 (tricks 8-4)
  Match total: volt_x 22 - 7 omega_bots
Players: volt_x vs omega_bots
Dealer: omega_bots  |  Elder: volt_x
Match scores: 22 - 7
Talon (8): JC 7D 8D 10D QD 8H 10H 9S
volt_x hand: 7C 8C JD KD 9H QH KH AH 7S 8S 10S QS
omega_bots hand: 9C 10C QC KC AC 9D AD 7H JH JS KS AS
  Exchange volt_x: discard 7C 8C JD 7S 8S -> draw 7D 8D 10D 8H 9S (talon 3 left)
  Exchange omega_bots: discard 9D JS KS -> draw JC QD 10H (talon 0 left)

--- Phase: declare ---
  Declare point: omega_bots wins 6 pts (('point', 6, 'C'))
  Declare sequence: omega_bots wins 11 pts (('sequence', 6, 14, 'C'))
  Declare set: omega_bots wins 3 pts (('set', 3, 14))

--- Phase: tricks ---
  Trick  1: volt_x leads 8H, omega_bots plays 10H -> omega_bots wins
  Trick  2: omega_bots leads AD, volt_x plays 7D -> omega_bots wins
  Trick  3: omega_bots leads AC, volt_x plays 8D -> omega_bots wins
  Trick  4: omega_bots leads AS, volt_x plays 9S -> omega_bots wins
  Trick  5: omega_bots leads KC, volt_x plays 9H -> omega_bots wins
  Trick  6: omega_bots leads 7H, volt_x plays QH -> volt_x wins
  Trick  7: volt_x leads KH, omega_bots plays JH -> volt_x wins
  Trick  8: volt_x leads 10D, omega_bots plays QD -> omega_bots wins
  Trick  9: omega_bots leads 9C, volt_x plays 10S -> omega_bots wins
  Trick 10: omega_bots leads QC, volt_x plays QS -> omega_bots wins
  Trick 11: omega_bots leads 10C, volt_x plays KD -> omega_bots wins
  Trick 12: omega_bots leads JC, volt_x plays AH -> omega_bots wins
  Hand: volt_x +2 / omega_bots +41 (tricks 2-10)
  Match total: volt_x 24 - 48 omega_bots
Players: volt_x vs omega_bots
Dealer: volt_x  |  Elder: omega_bots
Match scores: 24 - 48
Talon (8): 7C 9C AC 7D JD KD AD AH
volt_x hand: 8C 10C JC 8D 9D 10D 8H 10H KH 7S 9S QS
omega_bots hand: QC KC QD 7H 9H JH QH 8S 10S JS KS AS
  Exchange omega_bots: discard KC 7H 9H JH 8S -> draw 9C 7D JD KD AD (talon 3 left)
  Exchange volt_x: discard 8C 7S 9S -> draw 7C AC AH (talon 0 left)

--- Phase: declare ---
  Declare point: omega_bots wins 5 pts (('point', 5, 'D'))
  Declare sequence: omega_bots wins 4 pts (('sequence', 4, 14, 'D'))
  Declare set: omega_bots wins 3 pts (('set', 3, 12))

--- Phase: tricks ---
  Trick  1: omega_bots leads AS, volt_x plays QS -> omega_bots wins
  Trick  2: omega_bots leads AD, volt_x plays 8D -> omega_bots wins
  Trick  3: omega_bots leads KS, volt_x plays 7C -> omega_bots wins
  Trick  4: omega_bots leads KD, volt_x plays 9D -> omega_bots wins
  Trick  5: omega_bots leads QC, volt_x plays AC -> volt_x wins
  Trick  6: volt_x leads 8H, omega_bots plays QH -> omega_bots wins
  Trick  7: omega_bots leads 10S, volt_x plays 10H -> omega_bots wins
  Trick  8: omega_bots leads JS, volt_x plays 10D -> omega_bots wins
  Trick  9: omega_bots leads QD, volt_x plays 10C -> omega_bots wins
  Trick 10: omega_bots leads 9C, volt_x plays JC -> volt_x wins
  Trick 11: volt_x leads AH, omega_bots plays 7D -> volt_x wins
  Trick 12: volt_x leads KH, omega_bots plays JD -> volt_x wins
  Hand: volt_x +5 / omega_bots +30 (tricks 4-8)
  Match total: volt_x 29 - 78 omega_bots
Players: volt_x vs omega_bots
Dealer: omega_bots  |  Elder: volt_x
Match scores: 29 - 78
Talon (8): KC 8D JD AD 10H 9S 10S AS
volt_x hand: 7C 8C 10C JC 7D 10D QD 7H 9H KH 8S QS
omega_bots hand: 9C QC AC 9D KD 8H JH QH AH 7S JS KS
  Exchange volt_x: discard 7D 10D 7H 9H 8S -> draw 8D JD AD 10S AS (talon 3 left)
  Exchange omega_bots: discard 9D 7S JS -> draw KC 10H 9S (talon 0 left)

--- Phase: declare ---
  Declare point: omega_bots wins 5 pts (('point', 5, 'H'))
  Declare sequence: omega_bots wins 3 pts (('sequence', 3, 14, 'C'))
  Declare set: omega_bots wins 3 pts (('set', 3, 13))

--- Phase: tricks ---
  Trick  1: volt_x leads 7C, omega_bots plays 9C -> omega_bots wins
  Trick  2: omega_bots leads AC, volt_x plays 8C -> omega_bots wins
  Trick  3: omega_bots leads AH, volt_x plays KH -> omega_bots wins
  Trick  4: omega_bots leads KD, volt_x plays AD -> volt_x wins
  Trick  5: volt_x leads 10S, omega_bots plays KS -> omega_bots wins
  Trick  6: omega_bots leads JH, volt_x plays 8D -> omega_bots wins
  Trick  7: omega_bots leads QC, volt_x plays 10C -> omega_bots wins
  Trick  8: omega_bots leads 8H, volt_x plays JC -> omega_bots wins
  Trick  9: omega_bots leads QH, volt_x plays JD -> omega_bots wins
  Trick 10: omega_bots leads 10H, volt_x plays QS -> omega_bots wins
  Trick 11: omega_bots leads KC, volt_x plays QD -> omega_bots wins
  Trick 12: omega_bots leads 9S, volt_x plays AS -> volt_x wins
  Hand: volt_x +3 / omega_bots +31 (tricks 2-10)
  Match total: volt_x 32 - 109 omega_bots
  Final: volt_x 32 - 109 omega_bots
  Winner: omega_bots

============================================================
Game 25
============================================================
Players: omega_bots vs volt_x
Dealer: omega_bots  |  Elder: volt_x
Match scores: 0 - 0
Talon (8): 8D QD AD 9H 10H QS KS AS
omega_bots hand: 7C 8C JC AC 10D KD 7H KH AH 7S 9S 10S
volt_x hand: 9C 10C QC KC 7D 9D JD 8H JH QH 8S JS
  Exchange volt_x: discard 7D 9D 8H QH 8S -> draw 8D 9H 10H QS KS (talon 3 left)
  Exchange omega_bots: discard 7H 7S 9S -> draw QD AD AS (talon 0 left)

--- Phase: declare ---
  Declare point: omega_bots wins 4 pts (('point', 4, 'D'))
  Declare sequence: omega_bots wins 3 pts (('sequence', 3, 14, 'D'))
  Declare set: omega_bots wins 14 pts (('set', 4, 14))

--- Phase: tricks ---
  Trick  1: volt_x leads 9C, omega_bots plays JC -> omega_bots wins
  Trick  2: omega_bots leads AC, volt_x plays 10C -> omega_bots wins
  Trick  3: omega_bots leads AH, volt_x plays 9H -> omega_bots wins
  Trick  4: omega_bots leads AD, volt_x plays 8D -> omega_bots wins
  Trick  5: omega_bots leads AS, volt_x plays JS -> omega_bots wins
  Trick  6: omega_bots leads 7C, volt_x plays QC -> volt_x wins
  Trick  7: volt_x leads 10H, omega_bots plays KH -> omega_bots wins
  Trick  8: omega_bots leads 10S, volt_x plays QS -> volt_x wins
  Trick  9: volt_x leads KC, omega_bots plays 8C -> volt_x wins
  Trick 10: volt_x leads KS, omega_bots plays KD -> volt_x wins
  Trick 11: volt_x leads JH, omega_bots plays 10D -> volt_x wins
  Trick 12: volt_x leads JD, omega_bots plays QD -> omega_bots wins
  Hand: omega_bots +39 / volt_x +5 (tricks 7-5)
  Match total: omega_bots 39 - 5 volt_x
Players: omega_bots vs volt_x
Dealer: volt_x  |  Elder: omega_bots
Match scores: 39 - 5
Talon (8): QC AC 8H 10H JH 8S 10S KS
omega_bots hand: 7C 8C 10C KC 8D 10D KD 7H KH 9S QS AS
volt_x hand: 9C JC 7D 9D JD QD AD 9H QH AH 7S JS
  Exchange omega_bots: discard 7C 10D 7H 9S -> draw QC 10H JH 10S (talon 4 left)
  Exchange volt_x: discard 9C 9H QH 7S -> draw AC 8H 8S KS (talon 0 left)

--- Phase: declare ---
  Declare point: volt_x wins 5 pts (('point', 5, 'D'))
  Declare set: volt_x wins 3 pts (('set', 3, 14))

--- Phase: tricks ---
  Trick  1: omega_bots leads AS, volt_x plays 8S -> omega_bots wins
  Trick  2: omega_bots leads KC, volt_x plays AC -> volt_x wins
  Trick  3: volt_x leads 7D, omega_bots plays 8D -> omega_bots wins
  Trick  4: omega_bots leads KH, volt_x plays AH -> volt_x wins
  Trick  5: volt_x leads 9D, omega_bots plays KD -> omega_bots wins
  Trick  6: omega_bots leads QS, volt_x plays KS -> volt_x wins
  Trick  7: volt_x leads JD, omega_bots plays 8C -> volt_x wins
  Trick  8: volt_x leads QD, omega_bots plays 10C -> volt_x wins
  Trick  9: volt_x leads AD, omega_bots plays JH -> volt_x wins
  Trick 10: volt_x leads JS, omega_bots plays 10S -> volt_x wins
  Trick 11: volt_x leads JC, omega_bots plays QC -> omega_bots wins
  Trick 12: omega_bots leads 10H, volt_x plays 8H -> omega_bots wins
  Hand: omega_bots +6 / volt_x +25 (tricks 5-7)
  Match total: omega_bots 45 - 30 volt_x
Players: omega_bots vs volt_x
Dealer: omega_bots  |  Elder: volt_x
Match scores: 45 - 30
Talon (8): 8C QC AC KD 8H QH AH 9S
omega_bots hand: 7C 10C KC 7D 9D 10D QD AD 7H JH 10S QS
volt_x hand: 9C JC 8D JD 9H 10H KH 7S 8S JS KS AS
  Exchange volt_x: discard 9C 8D 9H 10H KH -> draw 8C AC KD 8H QH (talon 3 left)
  Exchange omega_bots: discard 7C 7H JH -> draw QC AH 9S (talon 0 left)

--- Phase: declare ---
  Declare point: omega_bots wins 5 pts (('point', 5, 'D'))
  Declare set: omega_bots wins 3 pts (('set', 3, 12))

--- Phase: tricks ---
  Trick  1: volt_x leads 7S, omega_bots plays 9S -> omega_bots wins
  Trick  2: omega_bots leads AD, volt_x plays JD -> omega_bots wins
  Trick  3: omega_bots leads AH, volt_x plays 8H -> omega_bots wins
  Trick  4: omega_bots leads KC, volt_x plays AC -> volt_x wins
  Trick  5: volt_x leads 8S, omega_bots plays 10S -> omega_bots wins
  Trick  6: omega_bots leads QS, volt_x plays KS -> volt_x wins
  Trick  7: volt_x leads JS, omega_bots plays 10C -> volt_x wins
  Trick  8: volt_x leads 8C, omega_bots plays QC -> omega_bots wins
  Trick  9: omega_bots leads QD, volt_x plays KD -> volt_x wins
  Trick 10: volt_x leads AS, omega_bots plays 9D -> volt_x wins
  Trick 11: volt_x leads QH, omega_bots plays 10D -> volt_x wins
  Trick 12: volt_x leads JC, omega_bots plays 7D -> volt_x wins
  Hand: omega_bots +13 / volt_x +18 (tricks 5-7)
  Match total: omega_bots 58 - 48 volt_x
Players: omega_bots vs volt_x
Dealer: volt_x  |  Elder: omega_bots
Match scores: 58 - 48
Talon (8): 7C JC QC AC QH KH 8S QS
omega_bots hand: 8C 9C 10C 7D 9D AD 8H JH 7S JS KS AS
volt_x hand: KC 8D 10D JD QD KD 7H 9H 10H AH 9S 10S
  Exchange omega_bots: discard 8H JH 7S JS KS -> draw JC QC QH KH 8S (talon 3 left)
  Exchange volt_x: discard 7H 9H 9S -> draw 7C AC QS (talon 0 left)

--- Phase: declare ---
  Declare point: volt_x wins 5 pts (('point', 5, 'D'))
  Declare sequence: omega_bots wins 10 pts (('sequence', 5, 12, 'C'))
  Declare set: volt_x wins 3 pts (('set', 3, 10))

--- Phase: tricks ---
  Trick  1: omega_bots leads AD, volt_x plays 8D -> omega_bots wins
  Trick  2: omega_bots leads AS, volt_x plays 10S -> omega_bots wins
  Trick  3: omega_bots leads KH, volt_x plays AH -> volt_x wins
  Trick  4: volt_x leads 10D, omega_bots plays 7D -> volt_x wins
  Trick  5: volt_x leads JD, omega_bots plays 9D -> volt_x wins
  Trick  6: volt_x leads 7C, omega_bots plays 9C -> omega_bots wins
  Trick  7: omega_bots leads 8C, volt_x plays KC -> volt_x wins
  Trick  8: volt_x leads QD, omega_bots plays 10C -> volt_x wins
  Trick  9: volt_x leads AC, omega_bots plays JC -> volt_x wins
  Trick 10: volt_x leads KD, omega_bots plays QC -> volt_x wins
  Trick 11: volt_x leads QS, omega_bots plays 8S -> volt_x wins
  Trick 12: volt_x leads 10H, omega_bots plays QH -> omega_bots wins
  Hand: omega_bots +15 / volt_x +26 (tricks 4-8)
  Match total: omega_bots 73 - 74 volt_x
Players: omega_bots vs volt_x
Dealer: omega_bots  |  Elder: volt_x
Match scores: 73 - 74
Talon (8): QC KC 8D QD 10H 10S QS AS
omega_bots hand: 9C 10C 7D JD 7H 8H JH QH KH AH 7S 8S
volt_x hand: 7C 8C JC AC 9D 10D KD AD 9H 9S JS KS
  Exchange volt_x: discard 7C 8C JC 9H 9S -> draw QC KC QD 10S AS (talon 3 left)
  Exchange omega_bots: discard 9C 7D 7S -> draw 8D 10H QS (talon 0 left)

--- Phase: declare ---
  Declare point: omega_bots wins 7 pts (('point', 7, 'H'))
  Declare sequence: omega_bots wins 10 pts (('sequence', 5, 14, 'H'))
  Declare set: volt_x wins 3 pts (('set', 3, 14))

--- Phase: tricks ---
  Trick  1: volt_x leads 9D, omega_bots plays JD -> omega_bots wins
  Trick  2: omega_bots leads AH, volt_x plays 10D -> omega_bots wins
  Trick  3: omega_bots leads KH, volt_x plays 10S -> omega_bots wins
  Trick  4: omega_bots leads QH, volt_x plays JS -> omega_bots wins
  Trick  5: omega_bots leads QS, volt_x plays KS -> volt_x wins
  Trick  6: volt_x leads QD, omega_bots plays 8D -> volt_x wins
  Trick  7: volt_x leads QC, omega_bots plays 10C -> volt_x wins
  Trick  8: volt_x leads KD, omega_bots plays 8S -> volt_x wins
  Trick  9: volt_x leads AD, omega_bots plays 7H -> volt_x wins
  Trick 10: volt_x leads AC, omega_bots plays JH -> volt_x wins
  Trick 11: volt_x leads AS, omega_bots plays 8H -> volt_x wins
  Trick 12: volt_x leads KC, omega_bots plays 10H -> volt_x wins
  Hand: omega_bots +21 / volt_x +22 (tricks 4-8)
  Match total: omega_bots 94 - 96 volt_x
Players: omega_bots vs volt_x
Dealer: volt_x  |  Elder: omega_bots
Match scores: 94 - 96
Talon (8): 8C KC JD AD 9H QH 9S 10S
omega_bots hand: 7C 9C JC AC 10D QD 7H JH 8S QS KS AS
volt_x hand: 10C QC 7D 8D 9D KD 8H 10H KH AH 7S JS
  Exchange omega_bots: discard 7C 9C JC 10D JH -> draw 8C KC JD AD 10S (talon 3 left)
  Exchange volt_x: discard QC 7S JS -> draw 9H QH 9S (talon 0 left)

--- Phase: declare ---
  Declare point: volt_x wins 6 pts (('point', 6, 'H'))
  Declare set: omega_bots wins 3 pts (('set', 3, 14))

--- Phase: tricks ---
  Trick  1: omega_bots leads AS, volt_x plays 9S -> omega_bots wins
  Trick  2: omega_bots leads AC, volt_x plays 10C -> omega_bots wins
  Trick  3: omega_bots leads AD, volt_x plays 7D -> omega_bots wins
  Trick  4: omega_bots leads KS, volt_x plays 8D -> omega_bots wins
  Trick  5: omega_bots leads KC, volt_x plays 8H -> omega_bots wins
  Trick  6: omega_bots leads 8S, volt_x plays 9D -> omega_bots wins
  Trick  7: omega_bots leads 7H, volt_x plays 9H -> volt_x wins
  Trick  8: volt_x leads 10H, omega_bots plays QD -> volt_x wins
  Trick  9: volt_x leads AH, omega_bots plays QS -> volt_x wins
  Trick 10: volt_x leads KD, omega_bots plays JD -> volt_x wins
  Trick 11: volt_x leads KH, omega_bots plays 10S -> volt_x wins
  Trick 12: volt_x leads QH, omega_bots plays 8C -> volt_x wins
  Hand: omega_bots +9 / volt_x +13 (tricks 6-6)
  Match total: omega_bots 103 - 109 volt_x
  Final: omega_bots 103 - 109 volt_x
  Winner: volt_x

============================================================
Game 26
============================================================
Players: volt_x vs omega_bots
Dealer: volt_x  |  Elder: omega_bots
Match scores: 0 - 0
Talon (8): 8C QC KC 7D 9H KH QS KS
volt_x hand: 7C 10C AC 8D 9D AD QH 7S 8S 9S 10S JS
omega_bots hand: 9C JC 10D JD QD KD 7H 8H 10H JH AH AS
  Exchange omega_bots: discard 9C 7H 8H 10H -> draw 8C 7D 9H QS (talon 4 left)
  Exchange volt_x: discard 7C 10C 8D 9D -> draw QC KC KH KS (talon 0 left)

--- Phase: declare ---
  Declare point: volt_x wins 6 pts (('point', 6, 'S'))
  Declare sequence: volt_x wins 10 pts (('sequence', 5, 11, 'S'))
  Declare set: volt_x wins 3 pts (('set', 3, 13))

--- Phase: tricks ---
  Trick  1: omega_bots leads AH, volt_x plays QH -> omega_bots wins
  Trick  2: omega_bots leads AS, volt_x plays 7S -> omega_bots wins
  Trick  3: omega_bots leads KD, volt_x plays AD -> volt_x wins
  Trick  4: volt_x leads 8S, omega_bots plays QS -> omega_bots wins
  Trick  5: omega_bots leads QD, volt_x plays 9S -> omega_bots wins
  Trick  6: omega_bots leads JC, volt_x plays QC -> volt_x wins
  Trick  7: volt_x leads 10S, omega_bots plays 10D -> volt_x wins
  Trick  8: volt_x leads JS, omega_bots plays JH -> volt_x wins
  Trick  9: volt_x leads AC, omega_bots plays 8C -> volt_x wins
  Trick 10: volt_x leads KH, omega_bots plays 9H -> volt_x wins
  Trick 11: volt_x leads KS, omega_bots plays JD -> volt_x wins
  Trick 12: volt_x leads KC, omega_bots plays 7D -> volt_x wins
  Hand: volt_x +38 / omega_bots +4 (tricks 8-4)
  Match total: volt_x 38 - 4 omega_bots
Players: volt_x vs omega_bots
Dealer: omega_bots  |  Elder: volt_x
Match scores: 38 - 4
Talon (8): 8C 9C JC 8H 10H JH 7S QS
volt_x hand: QC KC 9D 10D JD KD AD 7H KH AH JS AS
omega_bots hand: 7C 10C AC 7D 8D QD 9H QH 8S 9S 10S KS
  Exchange volt_x: discard QC KC 7H KH JS -> draw 9C 10H JH 7S QS (talon 3 left)
  Exchange omega_bots: discard 10C 8D 9H -> draw 8C JC 8H (talon 0 left)

--- Phase: declare ---
  Declare point: volt_x wins 5 pts (('point', 5, 'D'))
  Declare sequence: volt_x wins 3 pts (('sequence', 3, 11, 'D'))
  Declare set: volt_x wins 3 pts (('set', 3, 14))

--- Phase: tricks ---
  Trick  1: volt_x leads 9D, omega_bots plays QD -> omega_bots wins
  Trick  2: omega_bots leads AC, volt_x plays 9C -> omega_bots wins
  Trick  3: omega_bots leads KS, volt_x plays AS -> volt_x wins
  Trick  4: volt_x leads 10D, omega_bots plays 7D -> volt_x wins
  Trick  5: volt_x leads JD, omega_bots plays 7C -> volt_x wins
  Trick  6: volt_x leads 10H, omega_bots plays 8H -> volt_x wins
  Trick  7: volt_x leads KD, omega_bots plays 8S -> volt_x wins
  Trick  8: volt_x leads JH, omega_bots plays QH -> omega_bots wins
  Trick  9: omega_bots leads 9S, volt_x plays QS -> volt_x wins
  Trick 10: volt_x leads AD, omega_bots plays 10S -> volt_x wins
  Trick 11: volt_x leads AH, omega_bots plays JC -> volt_x wins
  Trick 12: volt_x leads 7S, omega_bots plays 8C -> volt_x wins
  Hand: volt_x +31 / omega_bots +3 (tricks 9-3)
  Match total: volt_x 69 - 7 omega_bots
Players: volt_x vs omega_bots
Dealer: volt_x  |  Elder: omega_bots
Match scores: 69 - 7
Talon (8): 7C 7D 8D JH 7S 8S KS AS
volt_x hand: 8C 9C KC 9D JD KD AD 7H 8H 9H 10H KH
omega_bots hand: 10C JC QC AC 10D QD QH AH 9S 10S JS QS
  Exchange omega_bots: discard 10C JC AC 10D -> draw 7D 8D JH 8S (talon 4 left)
  Exchange volt_x: discard 8C 9C 9D JD -> draw 7C 7S KS AS (talon 0 left)

--- Phase: declare ---
  Declare point: omega_bots wins 5 pts (('point', 5, 'S'))
  Declare sequence: omega_bots wins 10 pts (('sequence', 5, 12, 'S'))
  Declare set: volt_x wins 14 pts (('set', 4, 13))

--- Phase: tricks ---
  Trick  1: omega_bots leads AH, volt_x plays 7H -> omega_bots wins
  Trick  2: omega_bots leads QD, volt_x plays KD -> volt_x wins
  Trick  3: volt_x leads 8H, omega_bots plays JH -> omega_bots wins
  Trick  4: omega_bots leads QC, volt_x plays KC -> volt_x wins
  Trick  5: volt_x leads 9H, omega_bots plays QH -> omega_bots wins
  Trick  6: omega_bots leads 10S, volt_x plays KS -> volt_x wins
  Trick  7: volt_x leads 10H, omega_bots plays 9S -> volt_x wins
  Trick  8: volt_x leads 7S, omega_bots plays JS -> omega_bots wins
  Trick  9: omega_bots leads QS, volt_x plays AS -> volt_x wins
  Trick 10: volt_x leads AD, omega_bots plays 8D -> volt_x wins
  Trick 11: volt_x leads KH, omega_bots plays 8S -> volt_x wins
  Trick 12: volt_x leads 7C, omega_bots plays 7D -> volt_x wins
  Hand: volt_x +33 / omega_bots +19 (tricks 8-4)
  Match total: volt_x 102 - 26 omega_bots
  Final: volt_x 102 - 26 omega_bots
  Winner: volt_x

============================================================
Game 27
============================================================
Players: omega_bots vs volt_x
Dealer: omega_bots  |  Elder: volt_x
Match scores: 0 - 0
Talon (8): 8C JC 9D KH 7S 8S 9S 10S
omega_bots hand: 7C 9C QC KC AC 7D 8D JD AD QH AH JS
volt_x hand: 10C 10D QD KD 7H 8H 9H 10H JH QS KS AS
  Exchange volt_x: discard QD KD QS KS AS -> draw 8C JC 9D KH 7S (talon 3 left)
  Exchange omega_bots: discard 7D 8D -> draw 8S 9S (talon 1 left)

--- Phase: declare ---
  Declare point: volt_x wins 6 pts (('point', 6, 'H'))
  Declare sequence: volt_x wins 10 pts (('sequence', 5, 11, 'H'))
  Declare set: omega_bots wins 3 pts (('set', 3, 14))

--- Phase: tricks ---
  Trick  1: volt_x leads 7H, omega_bots plays QH -> omega_bots wins
  Trick  2: omega_bots leads AD, volt_x plays 9D -> omega_bots wins
  Trick  3: omega_bots leads AH, volt_x plays 8H -> omega_bots wins
  Trick  4: omega_bots leads AC, volt_x plays 8C -> omega_bots wins
  Trick  5: omega_bots leads KC, volt_x plays 10C -> omega_bots wins
  Trick  6: omega_bots leads JD, volt_x plays 10D -> omega_bots wins
  Trick  7: omega_bots leads 9C, volt_x plays JC -> volt_x wins
  Trick  8: volt_x leads 9H, omega_bots plays QC -> volt_x wins
  Trick  9: volt_x leads KH, omega_bots plays 7C -> volt_x wins
  Trick 10: volt_x leads JH, omega_bots plays JS -> volt_x wins
  Trick 11: volt_x leads 10H, omega_bots plays 9S -> volt_x wins
  Trick 12: volt_x leads 7S, omega_bots plays 8S -> omega_bots wins
  Hand: omega_bots +21 / volt_x +21 (tricks 7-5)
  Match total: omega_bots 21 - 21 volt_x
Players: omega_bots vs volt_x
Dealer: volt_x  |  Elder: omega_bots
Match scores: 21 - 21
Talon (8): 9C KC 10H QH 9S 10S QS KS
omega_bots hand: 7C 8C AC 8D 9D 10D JD QD 7H JH KH 7S
volt_x hand: 10C JC QC 7D KD AD 8H 9H AH 8S JS AS
  Exchange omega_bots: discard 7C 8C 7H JH -> draw 9C KC 9S 10S (talon 4 left)
  Exchange volt_x: discard 7D 8H 9H 8S -> draw 10H QH QS KS (talon 0 left)

--- Phase: declare ---
  Declare point: omega_bots wins 5 pts (('point', 5, 'D'))
  Declare sequence: omega_bots wins 10 pts (('sequence', 5, 12, 'D'))
  Declare set: volt_x wins 3 pts (('set', 3, 14))

--- Phase: tricks ---
  Trick  1: omega_bots leads AC, volt_x plays 10C -> omega_bots wins
  Trick  2: omega_bots leads KH, volt_x plays AH -> volt_x wins
  Trick  3: volt_x leads JS, omega_bots plays 7S -> volt_x wins
  Trick  4: volt_x leads QS, omega_bots plays 9S -> volt_x wins
  Trick  5: volt_x leads KD, omega_bots plays 8D -> volt_x wins
  Trick  6: volt_x leads KS, omega_bots plays 10S -> volt_x wins
  Trick  7: volt_x leads JC, omega_bots plays 9C -> volt_x wins
  Trick  8: volt_x leads 10H, omega_bots plays 10D -> volt_x wins
  Trick  9: volt_x leads AD, omega_bots plays 9D -> volt_x wins
  Trick 10: volt_x leads AS, omega_bots plays QD -> volt_x wins
  Trick 11: volt_x leads QC, omega_bots plays KC -> omega_bots wins
  Trick 12: omega_bots leads JD, volt_x plays QH -> omega_bots wins
  Hand: omega_bots +19 / volt_x +22 (tricks 3-9)
  Match total: omega_bots 40 - 43 volt_x
Players: omega_bots vs volt_x
Dealer: omega_bots  |  Elder: volt_x
Match scores: 40 - 43
Talon (8): JC 7D 8D 7H 7S 10S QS AS
omega_bots hand: 7C 8C 9C QC KC AC 9D 8H 10H KH 9S KS
volt_x hand: 10C 10D JD QD KD AD 9H JH QH AH 8S JS
  Exchange volt_x: discard 10C 9H QH AH 8S -> draw 7H 7S 10S QS AS (talon 3 left)
  Exchange omega_bots: discard 9D 8H 10H -> draw JC 7D 8D (talon 0 left)

--- Phase: declare ---
  Declare point: omega_bots wins 7 pts (('point', 7, 'C'))
  Declare sequence: volt_x wins 10 pts (('sequence', 5, 14, 'D'))
  Declare set: omega_bots wins 3 pts (('set', 3, 13))

--- Phase: tricks ---
  Trick  1: volt_x leads 10D, omega_bots plays 7D -> volt_x wins
  Trick  2: volt_x leads 7S, omega_bots plays 9S -> omega_bots wins
  Trick  3: omega_bots leads AC, volt_x plays 7H -> omega_bots wins
  Trick  4: omega_bots leads KC, volt_x plays 10S -> omega_bots wins
  Trick  5: omega_bots leads KS, volt_x plays AS -> volt_x wins
  Trick  6: volt_x leads JD, omega_bots plays 8D -> volt_x wins
  Trick  7: volt_x leads QD, omega_bots plays 9C -> volt_x wins
  Trick  8: volt_x leads KD, omega_bots plays QC -> volt_x wins
  Trick  9: volt_x leads AD, omega_bots plays 8C -> volt_x wins
  Trick 10: volt_x leads QS, omega_bots plays 7C -> volt_x wins
  Trick 11: volt_x leads JS, omega_bots plays KH -> volt_x wins
  Trick 12: volt_x leads JH, omega_bots plays JC -> volt_x wins
  Hand: omega_bots +13 / volt_x +30 (tricks 3-9)
  Match total: omega_bots 53 - 73 volt_x
Players: omega_bots vs volt_x
Dealer: volt_x  |  Elder: omega_bots
Match scores: 53 - 73
Talon (8): 9C KC 8H JH QH KH QS AS
omega_bots hand: 7C 10C JC QC 7D 8D 9D JD QD 9H 10S JS
volt_x hand: 8C AC 10D KD AD 7H 10H AH 7S 8S 9S KS
  Exchange omega_bots: discard 7D 8D 9D QD 10S -> draw JH QH KH QS AS (talon 3 left)
  Exchange volt_x: discard 8C 7H 10H -> draw 9C KC 8H (talon 0 left)

--- Phase: declare ---
  Declare point: omega_bots wins 4 pts (('point', 4, 'H'))
  Declare sequence: omega_bots wins 3 pts (('sequence', 3, 13, 'H'))
  Declare set: volt_x wins 3 pts (('set', 3, 14))

--- Phase: tricks ---
  Trick  1: omega_bots leads AS, volt_x plays 7S -> omega_bots wins
  Trick  2: omega_bots leads KH, volt_x plays AH -> volt_x wins
  Trick  3: volt_x leads 10D, omega_bots plays JD -> omega_bots wins
  Trick  4: omega_bots leads QC, volt_x plays KC -> volt_x wins
  Trick  5: volt_x leads 8S, omega_bots plays JS -> omega_bots wins
  Trick  6: omega_bots leads 9H, volt_x plays 8H -> omega_bots wins
  Trick  7: omega_bots leads 7C, volt_x plays 9C -> volt_x wins
  Trick  8: volt_x leads 9S, omega_bots plays QS -> omega_bots wins
  Trick  9: omega_bots leads 10C, volt_x plays AC -> volt_x wins
  Trick 10: volt_x leads AD, omega_bots plays JC -> volt_x wins
  Trick 11: volt_x leads KS, omega_bots plays JH -> volt_x wins
  Trick 12: volt_x leads KD, omega_bots plays QH -> volt_x wins
  Hand: omega_bots +12 / volt_x +21 (tricks 5-7)
  Match total: omega_bots 65 - 94 volt_x
Players: omega_bots vs volt_x
Dealer: omega_bots  |  Elder: volt_x
Match scores: 65 - 94
Talon (8): JC 8D AD 9H QH KH 10S KS
omega_bots hand: 9C 10C QC AC 7D QD KD 10H AH 7S 9S QS
volt_x hand: 7C 8C KC 9D 10D JD 7H 8H JH 8S JS AS
  Exchange volt_x: discard 7C 8C 7H 8H 8S -> draw JC 8D 9H QH 10S (talon 3 left)
  Exchange omega_bots: discard 9C 7S 9S -> draw AD KH KS (talon 0 left)

--- Phase: declare ---
  Declare point: omega_bots wins 4 pts (('point', 4, 'D'))
  Declare sequence: volt_x wins 4 pts (('sequence', 4, 11, 'D'))
  Declare set: omega_bots wins 3 pts (('set', 3, 14))

--- Phase: tricks ---
  Trick  1: volt_x leads 8D, omega_bots plays QD -> omega_bots wins
  Trick  2: omega_bots leads AH, volt_x plays 9H -> omega_bots wins
  Trick  3: omega_bots leads AC, volt_x plays JC -> omega_bots wins
  Trick  4: omega_bots leads AD, volt_x plays 9D -> omega_bots wins
  Trick  5: omega_bots leads KD, volt_x plays 10D -> omega_bots wins
  Trick  6: omega_bots leads 7D, volt_x plays JD -> volt_x wins
  Trick  7: volt_x leads 10S, omega_bots plays QS -> omega_bots wins
  Trick  8: omega_bots leads 10C, volt_x plays KC -> volt_x wins
  Trick  9: volt_x leads AS, omega_bots plays KS -> volt_x wins
  Trick 10: volt_x leads QH, omega_bots plays 10H -> volt_x wins
  Trick 11: volt_x leads JS, omega_bots plays QC -> volt_x wins
  Trick 12: volt_x leads JH, omega_bots plays KH -> omega_bots wins
  Hand: omega_bots +25 / volt_x +9 (tricks 7-5)
  Match total: omega_bots 90 - 103 volt_x
  Final: omega_bots 90 - 103 volt_x
  Winner: volt_x

============================================================
Game 28
============================================================
Players: volt_x vs omega_bots
Dealer: volt_x  |  Elder: omega_bots
Match scores: 0 - 0
Talon (8): 7C 7D 9D 10D 7H 9H QH 9S
volt_x hand: 9C 10C JC QD 8H 10H KH AH 7S 10S QS AS
omega_bots hand: 8C QC KC AC 8D JD KD AD JH 8S JS KS
  Exchange omega_bots: discard 8D JH 8S JS -> draw 7C 10D 7H 9S (talon 4 left)
  Exchange volt_x: discard QD 7S QS AS -> draw 7D 9D 9H QH (talon 0 left)

--- Phase: declare ---
  Declare point: volt_x wins 6 pts (('point', 6, 'H'))
  Declare set: omega_bots wins 3 pts (('set', 3, 13))

--- Phase: tricks ---
  Trick  1: omega_bots leads AD, volt_x plays 7D -> omega_bots wins
  Trick  2: omega_bots leads AC, volt_x plays 9C -> omega_bots wins
  Trick  3: omega_bots leads KS, volt_x plays 10S -> omega_bots wins
  Trick  4: omega_bots leads KD, volt_x plays 9D -> omega_bots wins
  Trick  5: omega_bots leads KC, volt_x plays 10C -> omega_bots wins
  Trick  6: omega_bots leads 8C, volt_x plays JC -> volt_x wins
  Trick  7: volt_x leads 8H, omega_bots plays 7H -> volt_x wins
  Trick  8: volt_x leads 9H, omega_bots plays QC -> volt_x wins
  Trick  9: volt_x leads AH, omega_bots plays JD -> volt_x wins
  Trick 10: volt_x leads KH, omega_bots plays 10D -> volt_x wins
  Trick 11: volt_x leads QH, omega_bots plays 9S -> volt_x wins
  Trick 12: volt_x leads 10H, omega_bots plays 7C -> volt_x wins
  Hand: volt_x +24 / omega_bots +8 (tricks 7-5)
  Match total: volt_x 24 - 8 omega_bots
Players: volt_x vs omega_bots
Dealer: omega_bots  |  Elder: volt_x
Match scores: 24 - 8
Talon (8): 10C 8D QD 8H JH AH 9S KS
volt_x hand: 7C 9C JC QC KC AC 7D 9D JD KD 10H JS
omega_bots hand: 8C 10D AD 7H 9H QH KH 7S 8S 10S QS AS
  Exchange volt_x: discard 7C 7D 9D KD 10H -> draw 10C QD JH AH 9S (talon 3 left)
  Exchange omega_bots: discard 8C 10D 7H -> draw 8D 8H KS (talon 0 left)

--- Phase: declare ---
  Declare point: volt_x wins 6 pts (('point', 6, 'C'))
  Declare sequence: volt_x wins 11 pts (('sequence', 6, 14, 'C'))
  Declare set: volt_x wins 14 pts (('set', 4, 11))

--- Phase: tricks ---
  Trick  1: volt_x leads 9C, omega_bots plays 7S -> volt_x wins
  Trick  2: volt_x leads 10C, omega_bots plays 8S -> volt_x wins
  Trick  3: volt_x leads JC, omega_bots plays 8H -> volt_x wins
  Trick  4: volt_x leads QC, omega_bots plays 8D -> volt_x wins
  Trick  5: volt_x leads JD, omega_bots plays AD -> omega_bots wins
  Trick  6: omega_bots leads QS, volt_x plays 9S -> omega_bots wins
  Trick  7: omega_bots leads AS, volt_x plays JS -> omega_bots wins
  Trick  8: omega_bots leads 10S, volt_x plays JH -> omega_bots wins
  Trick  9: omega_bots leads QH, volt_x plays AH -> volt_x wins
  Trick 10: volt_x leads AC, omega_bots plays 9H -> volt_x wins
  Trick 11: volt_x leads KC, omega_bots plays KH -> volt_x wins
  Trick 12: volt_x leads QD, omega_bots plays KS -> volt_x wins
  Hand: volt_x +110 / omega_bots +4 (tricks 8-4)
  Match total: volt_x 134 - 12 omega_bots
  Final: volt_x 134 - 12 omega_bots
  Winner: volt_x

============================================================
Game 29
============================================================
Players: omega_bots vs volt_x
Dealer: omega_bots  |  Elder: volt_x
Match scores: 0 - 0
Talon (8): QC AC JD 7H 8H 9H 9S JS
omega_bots hand: 7C 8C 9C 10C JC KC 7D 9D QD KD QH 10S
volt_x hand: 8D 10D AD 10H JH KH AH 7S 8S QS KS AS
  Exchange volt_x: discard 8D 10D 10H JH KH -> draw QC JD 9H 9S JS (talon 3 left)
  Exchange omega_bots: discard 7D 9D 10S -> draw AC 7H 8H (talon 0 left)

--- Phase: declare ---
  Declare sequence: omega_bots wins 10 pts (('sequence', 5, 11, 'C'))
  Declare set: volt_x wins 3 pts (('set', 3, 14))

--- Phase: tricks ---
  Trick  1: volt_x leads 7S, omega_bots plays 7C -> volt_x wins
  Trick  2: volt_x leads 8S, omega_bots plays 7H -> volt_x wins
  Trick  3: volt_x leads 9S, omega_bots plays 8C -> volt_x wins
  Trick  4: volt_x leads JS, omega_bots plays 8H -> volt_x wins
  Trick  5: volt_x leads QS, omega_bots plays 9C -> volt_x wins
  Trick  6: volt_x leads KS, omega_bots plays KC -> volt_x wins
  Trick  7: volt_x leads JD, omega_bots plays QD -> omega_bots wins
  Trick  8: omega_bots leads 10C, volt_x plays QC -> volt_x wins
  Trick  9: volt_x leads AD, omega_bots plays KD -> volt_x wins
  Trick 10: volt_x leads AH, omega_bots plays QH -> volt_x wins
  Trick 11: volt_x leads AS, omega_bots plays JC -> volt_x wins
  Trick 12: volt_x leads 9H, omega_bots plays AC -> volt_x wins
  Hand: omega_bots +11 / volt_x +25 (tricks 1-11)
  Match total: omega_bots 11 - 25 volt_x
Players: omega_bots vs volt_x
Dealer: volt_x  |  Elder: omega_bots
Match scores: 11 - 25
Talon (8): 7C 10C AC 7D QD 7S 8S 10S
omega_bots hand: JC KC 9D 10D KD AD 10H JH QH KH AH QS
volt_x hand: 8C 9C QC 8D JD 7H 8H 9H 9S JS KS AS
  Exchange omega_bots: discard JC 9D 10D -> draw AC 7S 8S (talon 5 left)
  Exchange volt_x: discard 8C 9C QC 8D JD -> draw 7C 10C 7D QD 10S (talon 0 left)

--- Phase: declare ---
  Declare point: omega_bots wins 5 pts (('point', 5, 'H'))
  Declare sequence: omega_bots wins 10 pts (('sequence', 5, 14, 'H'))
  Declare set: omega_bots wins 3 pts (('set', 3, 14))

--- Phase: tricks ---
  Trick  1: omega_bots leads AH, volt_x plays 7H -> omega_bots wins
  Trick  2: omega_bots leads AD, volt_x plays 7D -> omega_bots wins
  Trick  3: omega_bots leads AC, volt_x plays 7C -> omega_bots wins
  Trick  4: omega_bots leads KC, volt_x plays 10C -> omega_bots wins
  Trick  5: omega_bots leads KH, volt_x plays 8H -> omega_bots wins
  Trick  6: omega_bots leads QH, volt_x plays 9H -> omega_bots wins
  Trick  7: omega_bots leads KD, volt_x plays QD -> omega_bots wins
  Trick  8: omega_bots leads QS, volt_x plays KS -> volt_x wins
  Trick  9: volt_x leads AS, omega_bots plays 7S -> volt_x wins
  Trick 10: volt_x leads JS, omega_bots plays 8S -> volt_x wins
  Trick 11: volt_x leads 10S, omega_bots plays 10H -> volt_x wins
  Trick 12: volt_x leads 9S, omega_bots plays JH -> volt_x wins
  Hand: omega_bots +35 / volt_x +6 (tricks 7-5)
  Match total: omega_bots 46 - 31 volt_x
Players: omega_bots vs volt_x
Dealer: omega_bots  |  Elder: volt_x
Match scores: 46 - 31
Talon (8): 9C QC KC AD 8H QH 10S AS
omega_bots hand: 8D JD QD 7H 10H JH KH 7S 8S JS QS KS
volt_x hand: 7C 8C 10C JC AC 7D 9D 10D KD 9H AH 9S
  Exchange volt_x: discard 7D 9D 10D 9H 9S -> draw 9C AD QH 10S AS (talon 3 left)
  Exchange omega_bots: discard 8D QD 7H -> draw QC KC 8H (talon 0 left)

--- Phase: declare ---
  Declare point: volt_x wins 6 pts (('point', 6, 'C'))
  Declare sequence: volt_x wins 10 pts (('sequence', 5, 11, 'C'))
  Declare set: volt_x wins 14 pts (('set', 4, 14))

--- Phase: tricks ---
  Trick  1: volt_x leads 7C, omega_bots plays QC -> omega_bots wins
  Trick  2: omega_bots leads KS, volt_x plays AS -> volt_x wins
  Trick  3: volt_x leads 8C, omega_bots plays KC -> omega_bots wins
  Trick  4: omega_bots leads KH, volt_x plays AH -> volt_x wins
  Trick  5: volt_x leads 9C, omega_bots plays 7S -> volt_x wins
  Trick  6: volt_x leads 10C, omega_bots plays QS -> volt_x wins
  Trick  7: volt_x leads KD, omega_bots plays JD -> volt_x wins
  Trick  8: volt_x leads JC, omega_bots plays JH -> volt_x wins
  Trick  9: volt_x leads AC, omega_bots plays 8S -> volt_x wins
  Trick 10: volt_x leads AD, omega_bots plays JS -> volt_x wins
  Trick 11: volt_x leads QH, omega_bots plays 10H -> volt_x wins
  Trick 12: volt_x leads 10S, omega_bots plays 8H -> volt_x wins
  Hand: omega_bots +2 / volt_x +111 (tricks 2-10)
  Match total: omega_bots 48 - 142 volt_x
  Final: omega_bots 48 - 142 volt_x
  Winner: volt_x

============================================================
Game 30
============================================================
Players: volt_x vs omega_bots
Dealer: volt_x  |  Elder: omega_bots
Match scores: 0 - 0
Talon (8): 9C QD KD 10H 10S JS QS KS
volt_x hand: 7C 10C JC KC AC 7D 7H KH AH 7S 8S 9S
omega_bots hand: 8C QC 8D 9D 10D JD AD 8H 9H JH QH AS
  Exchange omega_bots: discard 8C 8H JH QH -> draw 9C 10S QS KS (talon 4 left)
  Exchange volt_x: discard 7D 7H KH AH -> draw QD KD 10H JS (talon 0 left)

--- Phase: declare ---
  Declare sequence: omega_bots wins 4 pts (('sequence', 4, 11, 'D'))

--- Phase: tricks ---
  Trick  1: omega_bots leads AS, volt_x plays 7S -> omega_bots wins
  Trick  2: omega_bots leads AD, volt_x plays QD -> omega_bots wins
  Trick  3: omega_bots leads KS, volt_x plays 8S -> omega_bots wins
  Trick  4: omega_bots leads QC, volt_x plays KC -> volt_x wins
  Trick  5: volt_x leads 7C, omega_bots plays 9C -> omega_bots wins
  Trick  6: omega_bots leads JD, volt_x plays KD -> volt_x wins
  Trick  7: volt_x leads 10C, omega_bots plays 9H -> volt_x wins
  Trick  8: volt_x leads JC, omega_bots plays 10D -> volt_x wins
  Trick  9: volt_x leads AC, omega_bots plays 8D -> volt_x wins
  Trick 10: volt_x leads JS, omega_bots plays 10S -> volt_x wins
  Trick 11: volt_x leads 10H, omega_bots plays 9D -> volt_x wins
  Trick 12: volt_x leads 9S, omega_bots plays QS -> omega_bots wins
  Hand: volt_x +17 / omega_bots +10 (tricks 7-5)
  Match total: volt_x 17 - 10 omega_bots
Players: volt_x vs omega_bots
Dealer: omega_bots  |  Elder: volt_x
Match scores: 17 - 10
Talon (8): 8C 7D 9H KH AH 7S 8S 9S
volt_x hand: KC AC 8D KD AD 8H 10H QH 10S JS KS AS
omega_bots hand: 7C 9C 10C JC QC 9D 10D JD QD 7H JH QS
  Exchange volt_x: discard KC 8D 8H 10H QH -> draw 9H KH AH 8S 9S (talon 3 left)
  Exchange omega_bots: discard 10C JC 7H -> draw 8C 7D 7S (talon 0 left)

--- Phase: declare ---
  Declare point: volt_x wins 6 pts (('point', 6, 'S'))
  Declare sequence: omega_bots wins 4 pts (('sequence', 4, 12, 'D'))
  Declare set: volt_x wins 14 pts (('set', 4, 14))

--- Phase: tricks ---
  Trick  1: volt_x leads 8S, omega_bots plays QS -> omega_bots wins
  Trick  2: omega_bots leads QC, volt_x plays AC -> volt_x wins
  Trick  3: volt_x leads 9S, omega_bots plays 7S -> volt_x wins
  Trick  4: volt_x leads 10S, omega_bots plays 7C -> volt_x wins
  Trick  5: volt_x leads JS, omega_bots plays 7D -> volt_x wins
  Trick  6: volt_x leads 9H, omega_bots plays JH -> omega_bots wins
  Trick  7: omega_bots leads 9C, volt_x plays KS -> omega_bots wins
  Trick  8: omega_bots leads QD, volt_x plays KD -> volt_x wins
  Trick  9: volt_x leads AD, omega_bots plays 9D -> volt_x wins
  Trick 10: volt_x leads AS, omega_bots plays 10D -> volt_x wins
  Trick 11: volt_x leads AH, omega_bots plays JD -> volt_x wins
  Trick 12: volt_x leads KH, omega_bots plays 8C -> volt_x wins
  Hand: volt_x +40 / omega_bots +7 (tricks 9-3)
  Match total: volt_x 57 - 17 omega_bots
Players: volt_x vs omega_bots
Dealer: volt_x  |  Elder: omega_bots
Match scores: 57 - 17
Talon (8): 7C 9C JC 7D KD 8H JH AH
volt_x hand: 8C 10C QC 10D AD 10H 7S 8S 10S JS QS AS
omega_bots hand: KC AC 8D 9D JD QD 7H 9H QH KH 9S KS
  Exchange omega_bots: discard JD 9H QH 9S -> draw 7C 9C 7D 8H (talon 4 left)
  Exchange volt_x: discard 8C QC AD 7S -> draw JC KD JH AH (talon 0 left)

--- Phase: declare ---
  Declare point: volt_x wins 5 pts (('point', 5, 'S'))
  Declare sequence: volt_x wins 3 pts (('sequence', 3, 12, 'S'))
  Declare set: omega_bots wins 3 pts (('set', 3, 13))

--- Phase: tricks ---
  Trick  1: omega_bots leads AC, volt_x plays 10C -> omega_bots wins
  Trick  2: omega_bots leads KC, volt_x plays JC -> omega_bots wins
  Trick  3: omega_bots leads KS, volt_x plays AS -> volt_x wins
  Trick  4: volt_x leads 8S, omega_bots plays 7H -> volt_x wins
  Trick  5: volt_x leads 10S, omega_bots plays 7D -> volt_x wins
  Trick  6: volt_x leads 10H, omega_bots plays 8H -> volt_x wins
  Trick  7: volt_x leads 10D, omega_bots plays 9D -> volt_x wins
  Trick  8: volt_x leads JS, omega_bots plays QD -> volt_x wins
  Trick  9: volt_x leads AH, omega_bots plays KH -> volt_x wins
  Trick 10: volt_x leads KD, omega_bots plays 8D -> volt_x wins
  Trick 11: volt_x leads QS, omega_bots plays 9C -> volt_x wins
  Trick 12: volt_x leads JH, omega_bots plays 7C -> volt_x wins
  Hand: volt_x +29 / omega_bots +5 (tricks 10-2)
  Match total: volt_x 86 - 22 omega_bots
Players: volt_x vs omega_bots
Dealer: omega_bots  |  Elder: volt_x
Match scores: 86 - 22
Talon (8): 7C KC AC 10D JD QH AH 8S
volt_x hand: QC 8D 9D KD AD 8H 9H 10H KH 7S 9S 10S
omega_bots hand: 8C 9C 10C JC 7D QD 7H JH JS QS KS AS
  Exchange volt_x: discard QC KH 7S 9S 10S -> draw 7C AC 10D JD AH (talon 3 left)
  Exchange omega_bots: discard 9C 7D 7H -> draw KC QH 8S (talon 0 left)

--- Phase: declare ---
  Declare point: volt_x wins 6 pts (('point', 6, 'D'))
  Declare sequence: omega_bots wins 4 pts (('sequence', 4, 14, 'S'))
  Declare set: volt_x wins 3 pts (('set', 3, 14))

--- Phase: tricks ---
  Trick  1: volt_x leads 8D, omega_bots plays QD -> omega_bots wins
  Trick  2: omega_bots leads AS, volt_x plays 7C -> omega_bots wins
  Trick  3: omega_bots leads KS, volt_x plays 8H -> omega_bots wins
  Trick  4: omega_bots leads KC, volt_x plays AC -> volt_x wins
  Trick  5: volt_x leads 9D, omega_bots plays 8C -> volt_x wins
  Trick  6: volt_x leads 10D, omega_bots plays 10C -> volt_x wins
  Trick  7: volt_x leads 9H, omega_bots plays JH -> omega_bots wins
  Trick  8: omega_bots leads JS, volt_x plays 10H -> omega_bots wins
  Trick  9: omega_bots leads JC, volt_x plays JD -> omega_bots wins
  Trick 10: omega_bots leads QS, volt_x plays KD -> omega_bots wins
  Trick 11: omega_bots leads QH, volt_x plays AH -> volt_x wins
  Trick 12: volt_x leads AD, omega_bots plays 8S -> volt_x wins
  Hand: volt_x +15 / omega_bots +21 (tricks 5-7)
  Match total: volt_x 101 - 43 omega_bots
  Final: volt_x 101 - 43 omega_bots
  Winner: volt_x

============================================================
Game 31
============================================================
Players: omega_bots vs volt_x
Dealer: omega_bots  |  Elder: volt_x
Match scores: 0 - 0
Talon (8): 9C 10C 10D QH KH AH 8S QS
omega_bots hand: 7C QC KC AC 7D QD AD 8H 9H JH 10S KS
volt_x hand: 8C JC 8D 9D JD KD 7H 10H 7S 9S JS AS
  Exchange volt_x: discard 8C 8D 9D 7H 10H -> draw 10C QH KH 8S QS (talon 3 left)
  Exchange omega_bots: discard 8H 9H 10S -> draw 9C 10D AH (talon 0 left)

--- Phase: declare ---
  Declare point: volt_x wins 6 pts (('point', 6, 'S'))
  Declare sequence: omega_bots wins 3 pts (('sequence', 3, 14, 'C'))
  Declare set: omega_bots wins 3 pts (('set', 3, 14))

--- Phase: tricks ---
  Trick  1: volt_x leads 7S, omega_bots plays KS -> omega_bots wins
  Trick  2: omega_bots leads AD, volt_x plays JD -> omega_bots wins
  Trick  3: omega_bots leads AC, volt_x plays 10C -> omega_bots wins
  Trick  4: omega_bots leads AH, volt_x plays QH -> omega_bots wins
  Trick  5: omega_bots leads KC, volt_x plays JC -> omega_bots wins
  Trick  6: omega_bots leads QC, volt_x plays 8S -> omega_bots wins
  Trick  7: omega_bots leads QD, volt_x plays KD -> volt_x wins
  Trick  8: volt_x leads 9S, omega_bots plays 7D -> volt_x wins
  Trick  9: volt_x leads AS, omega_bots plays JH -> volt_x wins
  Trick 10: volt_x leads KH, omega_bots plays 7C -> volt_x wins
  Trick 11: volt_x leads QS, omega_bots plays 10D -> volt_x wins
  Trick 12: volt_x leads JS, omega_bots plays 9C -> volt_x wins
  Hand: omega_bots +12 / volt_x +13 (tricks 6-6)
  Match total: omega_bots 12 - 13 volt_x
Players: omega_bots vs volt_x
Dealer: volt_x  |  Elder: omega_bots
Match scores: 12 - 13
Talon (8): JC JD 10H JH 8S 9S 10S QS
omega_bots hand: 8C 9C 10C 9D 10D QD AD 8H 9H KH 7S KS
volt_x hand: 7C QC KC AC 7D 8D KD 7H QH AH JS AS
  Exchange omega_bots: discard 9D 8H 9H 7S -> draw JC JD 10H 10S (talon 4 left)
  Exchange volt_x: discard 7D 8D 7H QH -> draw JH 8S 9S QS (talon 0 left)

--- Phase: declare ---
  Declare point: volt_x wins 5 pts (('point', 5, 'S'))
  Declare sequence: omega_bots wins 4 pts (('sequence', 4, 11, 'C'))
  Declare set: volt_x wins 3 pts (('set', 3, 14))

--- Phase: tricks ---
  Trick  1: omega_bots leads AD, volt_x plays KD -> omega_bots wins
  Trick  2: omega_bots leads KH, volt_x plays AH -> volt_x wins
  Trick  3: volt_x leads 8S, omega_bots plays 10S -> omega_bots wins
  Trick  4: omega_bots leads KS, volt_x plays AS -> volt_x wins
  Trick  5: volt_x leads 7C, omega_bots plays 8C -> omega_bots wins
  Trick  6: omega_bots leads 10D, volt_x plays 9S -> omega_bots wins
  Trick  7: omega_bots leads 10C, volt_x plays QC -> volt_x wins
  Trick  8: volt_x leads KC, omega_bots plays 9C -> volt_x wins
  Trick  9: volt_x leads AC, omega_bots plays JC -> volt_x wins
  Trick 10: volt_x leads QS, omega_bots plays QD -> volt_x wins
  Trick 11: volt_x leads JS, omega_bots plays JD -> volt_x wins
  Trick 12: volt_x leads JH, omega_bots plays 10H -> volt_x wins
  Hand: omega_bots +8 / volt_x +27 (tricks 4-8)
  Match total: omega_bots 20 - 40 volt_x
Players: omega_bots vs volt_x
Dealer: omega_bots  |  Elder: volt_x
Match scores: 20 - 40
Talon (8): 7C 8C AC 8D JD KD QS AS
omega_bots hand: 10C JC QC 9D 10D QD 9H 10H JH 7S 8S KS
volt_x hand: 9C KC 7D AD 7H 8H QH KH AH 9S 10S JS
  Exchange volt_x: discard 9C 7D 9S 10S JS -> draw 7C 8C 8D JD QS (talon 3 left)
  Exchange omega_bots: discard 9D 7S 8S -> draw AC KD AS (talon 0 left)

--- Phase: declare ---
  Declare point: volt_x wins 5 pts (('point', 5, 'H'))
  Declare sequence: volt_x wins 3 pts (('sequence', 3, 14, 'H'))
  Declare set: omega_bots wins 3 pts (('set', 3, 10))

--- Phase: tricks ---
  Trick  1: volt_x leads 7H, omega_bots plays 9H -> omega_bots wins
  Trick  2: omega_bots leads AS, volt_x plays QS -> omega_bots wins
  Trick  3: omega_bots leads AC, volt_x plays 7C -> omega_bots wins
  Trick  4: omega_bots leads KS, volt_x plays 8H -> omega_bots wins
  Trick  5: omega_bots leads KD, volt_x plays AD -> volt_x wins
  Trick  6: volt_x leads QH, omega_bots plays JH -> volt_x wins
  Trick  7: volt_x leads KH, omega_bots plays 10H -> volt_x wins
  Trick  8: volt_x leads 8C, omega_bots plays JC -> omega_bots wins
  Trick  9: omega_bots leads 10D, volt_x plays JD -> volt_x wins
  Trick 10: volt_x leads AH, omega_bots plays QC -> volt_x wins
  Trick 11: volt_x leads KC, omega_bots plays 10C -> volt_x wins
  Trick 12: volt_x leads 8D, omega_bots plays QD -> omega_bots wins
  Hand: omega_bots +10 / volt_x +14 (tricks 6-6)
  Match total: omega_bots 30 - 54 volt_x
Players: omega_bots vs volt_x
Dealer: volt_x  |  Elder: omega_bots
Match scores: 30 - 54
Talon (8): 9C 10C JC QC JD 10H 10S AS
omega_bots hand: 7C AC 7D 8D KD 7H 9H QH AH 8S 9S KS
volt_x hand: 8C KC 9D 10D QD AD 8H JH KH 7S JS QS
  Exchange omega_bots: discard 7C 7D 8D 7H 8S -> draw 9C 10C QC JD AS (talon 3 left)
  Exchange volt_x: discard 8C 8H 7S -> draw JC 10H 10S (talon 0 left)

--- Phase: declare ---
  Declare sequence: volt_x wins 3 pts (('sequence', 3, 12, 'S'))
  Declare set: omega_bots wins 3 pts (('set', 3, 14))

--- Phase: tricks ---
  Trick  1: omega_bots leads AC, volt_x plays JC -> omega_bots wins
  Trick  2: omega_bots leads AH, volt_x plays 10H -> omega_bots wins
  Trick  3: omega_bots leads AS, volt_x plays 10S -> omega_bots wins
  Trick  4: omega_bots leads KS, volt_x plays JS -> omega_bots wins
  Trick  5: omega_bots leads KD, volt_x plays AD -> volt_x wins
  Trick  6: volt_x leads 9D, omega_bots plays JD -> omega_bots wins
  Trick  7: omega_bots leads QH, volt_x plays KH -> volt_x wins
  Trick  8: volt_x leads 10D, omega_bots plays 9H -> volt_x wins
  Trick  9: volt_x leads KC, omega_bots plays QC -> volt_x wins
  Trick 10: volt_x leads QS, omega_bots plays 9S -> volt_x wins
  Trick 11: volt_x leads QD, omega_bots plays 9C -> volt_x wins
  Trick 12: volt_x leads JH, omega_bots plays 10C -> volt_x wins
  Hand: omega_bots +8 / volt_x +21 (tricks 5-7)
  Match total: omega_bots 38 - 75 volt_x
Players: omega_bots vs volt_x
Dealer: omega_bots  |  Elder: volt_x
Match scores: 38 - 75
Talon (8): 9C JC 9D 10D QD 8H 8S 9S
omega_bots hand: 10C QC AC 7D 8D KD AD 7H 10H KH QS AS
volt_x hand: 7C 8C KC JD 9H JH QH AH 7S 10S JS KS
  Exchange volt_x: discard 7C 8C KC 7S 10S -> draw 9C 10D QD 8S 9S (talon 3 left)
  Exchange omega_bots: discard 7D 7H 10H -> draw JC 9D 8H (talon 0 left)

--- Phase: declare ---
  Declare point: omega_bots wins 4 pts (('point', 4, 'C'))
  Declare set: omega_bots wins 3 pts (('set', 3, 14))

--- Phase: tricks ---
  Trick  1: volt_x leads 9H, omega_bots plays KH -> omega_bots wins
  Trick  2: omega_bots leads AS, volt_x plays 8S -> omega_bots wins
  Trick  3: omega_bots leads AD, volt_x plays 10D -> omega_bots wins
  Trick  4: omega_bots leads AC, volt_x plays 9C -> omega_bots wins
  Trick  5: omega_bots leads KD, volt_x plays JD -> omega_bots wins
  Trick  6: omega_bots leads 8D, volt_x plays QD -> volt_x wins
  Trick  7: volt_x leads JH, omega_bots plays 8H -> volt_x wins
  Trick  8: volt_x leads 9S, omega_bots plays QS -> omega_bots wins
  Trick  9: omega_bots leads QC, volt_x plays JS -> omega_bots wins
  Trick 10: omega_bots leads 10C, volt_x plays QH -> omega_bots wins
  Trick 11: omega_bots leads 9D, volt_x plays KS -> omega_bots wins
  Trick 12: omega_bots leads JC, volt_x plays AH -> omega_bots wins
  Hand: omega_bots +28 / volt_x +2 (tricks 10-2)
  Match total: omega_bots 66 - 77 volt_x
Players: omega_bots vs volt_x
Dealer: volt_x  |  Elder: omega_bots
Match scores: 66 - 77
Talon (8): 7C JC 10D 7H 8H 10H 7S KS
omega_bots hand: 10C 8D QD KD AD 9H QH AH 8S 9S JS AS
volt_x hand: 8C 9C QC KC AC 7D 9D JD JH KH 10S QS
  Exchange omega_bots: discard 10C 8D 8S 9S -> draw JC 7H 10H 7S (talon 4 left)
  Exchange volt_x: discard 7D 9D 10S QS -> draw 7C 10D 8H KS (talon 0 left)

--- Phase: declare ---
  Declare point: volt_x wins 6 pts (('point', 6, 'C'))
  Declare set: omega_bots wins 3 pts (('set', 3, 14))

--- Phase: tricks ---
  Trick  1: omega_bots leads AH, volt_x plays 8H -> omega_bots wins
  Trick  2: omega_bots leads AS, volt_x plays KS -> omega_bots wins
  Trick  3: omega_bots leads AD, volt_x plays 10D -> omega_bots wins
  Trick  4: omega_bots leads KD, volt_x plays JD -> omega_bots wins
  Trick  5: omega_bots leads QD, volt_x plays 7C -> omega_bots wins
  Trick  6: omega_bots leads QH, volt_x plays KH -> volt_x wins
  Trick  7: volt_x leads 8C, omega_bots plays JC -> omega_bots wins
  Trick  8: omega_bots leads 9H, volt_x plays JH -> volt_x wins
  Trick  9: volt_x leads AC, omega_bots plays JS -> volt_x wins
  Trick 10: volt_x leads KC, omega_bots plays 7S -> volt_x wins
  Trick 11: volt_x leads QC, omega_bots plays 7H -> volt_x wins
  Trick 12: volt_x leads 9C, omega_bots plays 10H -> volt_x wins
  Hand: omega_bots +9 / volt_x +13 (tricks 6-6)
  Match total: omega_bots 75 - 90 volt_x
Players: omega_bots vs volt_x
Dealer: omega_bots  |  Elder: volt_x
Match scores: 75 - 90
Talon (8): 7C 10D AD 8H 9H QH 7S 9S
omega_bots hand: 8C 9C JC QC KC 9D QD 10H KH 8S 10S JS
volt_x hand: 10C AC 7D 8D JD KD 7H JH AH QS KS AS
  Exchange volt_x: discard 10C 7D 8D 7H JH -> draw 10D AD 8H QH 7S (talon 3 left)
  Exchange omega_bots: discard 10H 8S 10S -> draw 7C 9H 9S (talon 0 left)

--- Phase: declare ---
  Declare point: omega_bots wins 6 pts (('point', 6, 'C'))
  Declare sequence: volt_x wins 3 pts (('sequence', 3, 14, 'S'))
  Declare set: volt_x wins 14 pts (('set', 4, 14))

--- Phase: tricks ---
  Trick  1: volt_x leads 7S, omega_bots plays 9S -> omega_bots wins
  Trick  2: omega_bots leads KH, volt_x plays AH -> volt_x wins
  Trick  3: volt_x leads 10D, omega_bots plays QD -> omega_bots wins
  Trick  4: omega_bots leads KC, volt_x plays AC -> volt_x wins
  Trick  5: volt_x leads QS, omega_bots plays JS -> volt_x wins
  Trick  6: volt_x leads JD, omega_bots plays 9D -> volt_x wins
  Trick  7: volt_x leads KS, omega_bots plays JC -> volt_x wins
  Trick  8: volt_x leads KD, omega_bots plays 8C -> volt_x wins
  Trick  9: volt_x leads AS, omega_bots plays QC -> volt_x wins
  Trick 10: volt_x leads AD, omega_bots plays 9C -> volt_x wins
  Trick 11: volt_x leads QH, omega_bots plays 9H -> volt_x wins
  Trick 12: volt_x leads 8H, omega_bots plays 7C -> volt_x wins
  Hand: omega_bots +8 / volt_x +38 (tricks 2-10)
  Match total: omega_bots 83 - 128 volt_x
  Final: omega_bots 83 - 128 volt_x
  Winner: volt_x

============================================================
Game 32
============================================================
Players: volt_x vs omega_bots
Dealer: volt_x  |  Elder: omega_bots
Match scores: 0 - 0
Talon (8): 8D QD AD 8H QH AH 9S QS
volt_x hand: 7C 9C JC QC 9D 10D KD 7H 9H JH KH AS
omega_bots hand: 8C 10C KC AC 7D JD 10H 7S 8S 10S JS KS
  Exchange omega_bots: discard 8C 7D JD 7S 8S -> draw QD 8H QH AH 9S (talon 3 left)
  Exchange volt_x: discard 9D 7H 9H -> draw 8D AD QS (talon 0 left)

--- Phase: declare ---
  Declare sequence: omega_bots wins 3 pts (('sequence', 3, 11, 'S'))
  Declare set: omega_bots wins 3 pts (('set', 3, 10))

--- Phase: tricks ---
  Trick  1: omega_bots leads AC, volt_x plays 7C -> omega_bots wins
  Trick  2: omega_bots leads AH, volt_x plays JH -> omega_bots wins
  Trick  3: omega_bots leads KC, volt_x plays 9C -> omega_bots wins
  Trick  4: omega_bots leads KS, volt_x plays AS -> volt_x wins
  Trick  5: volt_x leads 8D, omega_bots plays QD -> omega_bots wins
  Trick  6: omega_bots leads 10H, volt_x plays KH -> volt_x wins
  Trick  7: volt_x leads 10D, omega_bots plays JS -> volt_x wins
  Trick  8: volt_x leads JC, omega_bots plays 10C -> volt_x wins
  Trick  9: volt_x leads AD, omega_bots plays 10S -> volt_x wins
  Trick 10: volt_x leads KD, omega_bots plays 8H -> volt_x wins
  Trick 11: volt_x leads QC, omega_bots plays QH -> volt_x wins
  Trick 12: volt_x leads QS, omega_bots plays 9S -> volt_x wins
  Hand: volt_x +19 / omega_bots +10 (tricks 8-4)
  Match total: volt_x 19 - 10 omega_bots
Players: volt_x vs omega_bots
Dealer: omega_bots  |  Elder: volt_x
Match scores: 19 - 10
Talon (8): 9C 10C 7D 8D 10D 7H JH KS
volt_x hand: JC KC 9D KD 8H 9H QH KH AH 8S 9S 10S
omega_bots hand: 7C 8C QC AC JD QD AD 10H 7S JS QS AS
  Exchange volt_x: discard JC 9D 8S 9S 10S -> draw 10C 7D 10D JH KS (talon 3 left)
  Exchange omega_bots: discard 7C 10H 7S -> draw 9C 8D 7H (talon 0 left)

--- Phase: declare ---
  Declare point: volt_x wins 6 pts (('point', 6, 'H'))
  Declare sequence: volt_x wins 4 pts (('sequence', 4, 14, 'H'))
  Declare set: omega_bots wins 3 pts (('set', 3, 14))

--- Phase: tricks ---
  Trick  1: volt_x leads 8H, omega_bots plays 7H -> volt_x wins
  Trick  2: volt_x leads 9H, omega_bots plays 8C -> volt_x wins
  Trick  3: volt_x leads JH, omega_bots plays 8D -> volt_x wins
  Trick  4: volt_x leads QH, omega_bots plays 9C -> volt_x wins
  Trick  5: volt_x leads 7D, omega_bots plays JD -> omega_bots wins
  Trick  6: omega_bots leads QC, volt_x plays KC -> volt_x wins
  Trick  7: volt_x leads KH, omega_bots plays AS -> volt_x wins
  Trick  8: volt_x leads 10D, omega_bots plays QD -> omega_bots wins
  Trick  9: omega_bots leads JS, volt_x plays KS -> volt_x wins
  Trick 10: volt_x leads AH, omega_bots plays AC -> volt_x wins
  Trick 11: volt_x leads KD, omega_bots plays AD -> omega_bots wins
  Trick 12: omega_bots leads QS, volt_x plays 10C -> omega_bots wins
  Hand: volt_x +28 / omega_bots +8 (tricks 8-4)
  Match total: volt_x 47 - 18 omega_bots
Players: volt_x vs omega_bots
Dealer: volt_x  |  Elder: omega_bots
Match scores: 47 - 18
Talon (8): 8C 9C JC AC 9D 9H JH AS
volt_x hand: QC KC 7D 10D KD AD 8H QH AH 7S 10S KS
omega_bots hand: 7C 10C 8D JD QD 7H 10H KH 8S 9S JS QS
  Exchange omega_bots: discard 7C 8D JD 7H 8S -> draw 9C JC AC 9D 9H (talon 3 left)
  Exchange volt_x: discard QC 8H 7S -> draw 8C JH AS (talon 0 left)

--- Phase: declare ---
  Declare point: omega_bots wins 4 pts (('point', 4, 'C'))
  Declare sequence: omega_bots wins 3 pts (('sequence', 3, 11, 'C'))
  Declare set: volt_x wins 3 pts (('set', 3, 14))

--- Phase: tricks ---
  Trick  1: omega_bots leads AC, volt_x plays 8C -> omega_bots wins
  Trick  2: omega_bots leads KH, volt_x plays AH -> volt_x wins
  Trick  3: volt_x leads 7D, omega_bots plays 9D -> omega_bots wins
  Trick  4: omega_bots leads QD, volt_x plays KD -> volt_x wins
  Trick  5: volt_x leads 10S, omega_bots plays JS -> omega_bots wins
  Trick  6: omega_bots leads 9S, volt_x plays KS -> volt_x wins
  Trick  7: volt_x leads JH, omega_bots plays 10H -> volt_x wins
  Trick  8: volt_x leads 10D, omega_bots plays 10C -> volt_x wins
  Trick  9: volt_x leads AD, omega_bots plays QS -> volt_x wins
  Trick 10: volt_x leads AS, omega_bots plays 9H -> volt_x wins
  Trick 11: volt_x leads KC, omega_bots plays JC -> volt_x wins
  Trick 12: volt_x leads QH, omega_bots plays 9C -> volt_x wins
  Hand: volt_x +23 / omega_bots +10 (tricks 9-3)
  Match total: volt_x 70 - 28 omega_bots
Players: volt_x vs omega_bots
Dealer: omega_bots  |  Elder: volt_x
Match scores: 70 - 28
Talon (8): 7C 9C 10C AC AD 7S 10S AS
volt_x hand: 8C 7D 8D 9D QD 7H 8H 9H QH JS QS KS
omega_bots hand: JC QC KC 10D JD KD 10H JH KH AH 8S 9S
  Exchange volt_x: discard 8C 7D 7H 8H 9H -> draw 9C 10C AD 7S AS (talon 3 left)
  Exchange omega_bots: discard 10D JD 8S -> draw 7C AC 10S (talon 0 left)

--- Phase: declare ---
  Declare set: omega_bots wins 3 pts (('set', 3, 13))

--- Phase: tricks ---
  Trick  1: volt_x leads 7S, omega_bots plays 9S -> omega_bots wins
  Trick  2: omega_bots leads AH, volt_x plays QH -> omega_bots wins
  Trick  3: omega_bots leads AC, volt_x plays 9C -> omega_bots wins
  Trick  4: omega_bots leads KD, volt_x plays AD -> volt_x wins
  Trick  5: volt_x leads JS, omega_bots plays 10S -> volt_x wins
  Trick  6: volt_x leads 8D, omega_bots plays JH -> volt_x wins
  Trick  7: volt_x leads QS, omega_bots plays QC -> volt_x wins
  Trick  8: volt_x leads 9D, omega_bots plays JC -> volt_x wins
  Trick  9: volt_x leads AS, omega_bots plays KH -> volt_x wins
  Trick 10: volt_x leads KS, omega_bots plays KC -> volt_x wins
  Trick 11: volt_x leads QD, omega_bots plays 10H -> volt_x wins
  Trick 12: volt_x leads 10C, omega_bots plays 7C -> volt_x wins
  Hand: volt_x +20 / omega_bots +6 (tricks 9-3)
  Match total: volt_x 90 - 34 omega_bots
Players: volt_x vs omega_bots
Dealer: volt_x  |  Elder: omega_bots
Match scores: 90 - 34
Talon (8): 7C 10C 8D 10D 7H KH 10S KS
volt_x hand: 9C QC 7D 9D JD AD 8H 9H AH 7S 9S AS
omega_bots hand: 8C JC KC AC QD KD 10H JH QH 8S JS QS
  Exchange omega_bots: discard 8C 10H JH 8S JS -> draw 7C 10C 7H KH 10S (talon 3 left)
  Exchange volt_x: discard 9C 8H 7S -> draw 8D 10D KS (talon 0 left)

--- Phase: declare ---
  Declare point: volt_x wins 6 pts (('point', 6, 'D'))
  Declare sequence: volt_x wins 10 pts (('sequence', 5, 11, 'D'))
  Declare set: volt_x wins 3 pts (('set', 3, 14))

--- Phase: tricks ---
  Trick  1: omega_bots leads AC, volt_x plays QC -> omega_bots wins
  Trick  2: omega_bots leads KC, volt_x plays 7D -> omega_bots wins
  Trick  3: omega_bots leads KD, volt_x plays AD -> volt_x wins
  Trick  4: volt_x leads 8D, omega_bots plays QD -> omega_bots wins
  Trick  5: omega_bots leads KH, volt_x plays AH -> volt_x wins
  Trick  6: volt_x leads 9S, omega_bots plays QS -> omega_bots wins
  Trick  7: omega_bots leads QH, volt_x plays 9H -> omega_bots wins
  Trick  8: omega_bots leads JC, volt_x plays 9D -> omega_bots wins
  Trick  9: omega_bots leads 10S, volt_x plays KS -> volt_x wins
  Trick 10: volt_x leads AS, omega_bots plays 10C -> volt_x wins
  Trick 11: volt_x leads JD, omega_bots plays 7C -> volt_x wins
  Trick 12: volt_x leads 10D, omega_bots plays 7H -> volt_x wins
  Hand: volt_x +26 / omega_bots +6 (tricks 6-6)
  Match total: volt_x 116 - 40 omega_bots
  Final: volt_x 116 - 40 omega_bots
  Winner: volt_x

============================================================
Game 33
============================================================
Players: omega_bots vs volt_x
Dealer: omega_bots  |  Elder: volt_x
Match scores: 0 - 0
Talon (8): 7C 10C QC AC 9D 10D JH 8S
omega_bots hand: 8C JC 7D 8D JD KD AD 7H KH AH JS KS
volt_x hand: 9C KC QD 8H 9H 10H QH 7S 9S 10S QS AS
  Exchange volt_x: discard 9C KC 7S 9S 10S -> draw 7C QC 10D JH 8S (talon 3 left)
  Exchange omega_bots: discard JC 7H JS -> draw 10C AC 9D (talon 0 left)

--- Phase: declare ---
  Declare point: omega_bots wins 6 pts (('point', 6, 'D'))
  Declare sequence: volt_x wins 10 pts (('sequence', 5, 12, 'H'))
  Declare set: omega_bots wins 3 pts (('set', 3, 14))

--- Phase: tricks ---
  Trick  1: volt_x leads 8H, omega_bots plays KH -> omega_bots wins
  Trick  2: omega_bots leads AD, volt_x plays 10D -> omega_bots wins
  Trick  3: omega_bots leads AH, volt_x plays 9H -> omega_bots wins
  Trick  4: omega_bots leads AC, volt_x plays 7C -> omega_bots wins
  Trick  5: omega_bots leads KD, volt_x plays QD -> omega_bots wins
  Trick  6: omega_bots leads 8D, volt_x plays 8S -> omega_bots wins
  Trick  7: omega_bots leads 8C, volt_x plays QC -> volt_x wins
  Trick  8: volt_x leads 10H, omega_bots plays JD -> volt_x wins
  Trick  9: volt_x leads AS, omega_bots plays KS -> volt_x wins
  Trick 10: volt_x leads QH, omega_bots plays 7D -> volt_x wins
  Trick 11: volt_x leads QS, omega_bots plays 9D -> volt_x wins
  Trick 12: volt_x leads JH, omega_bots plays 10C -> volt_x wins
  Hand: omega_bots +15 / volt_x +17 (tricks 6-6)
  Match total: omega_bots 15 - 17 volt_x
Players: omega_bots vs volt_x
Dealer: volt_x  |  Elder: omega_bots
Match scores: 15 - 17
Talon (8): AC JD QD 10H AH 9S 10S AS
omega_bots hand: 8C 10C KC 8D 9D 10D 8H 9H JH 8S JS QS
volt_x hand: 7C 9C JC QC 7D KD AD 7H QH KH 7S KS
  Exchange omega_bots: discard 8C 10C 8H 9H 8S -> draw JD QD 10H AH AS (talon 3 left)
  Exchange volt_x: discard 7D 7H 7S -> draw AC 9S 10S (talon 0 left)

--- Phase: declare ---
  Declare sequence: omega_bots wins 10 pts (('sequence', 5, 12, 'D'))
  Declare set: volt_x wins 3 pts (('set', 3, 13))

--- Phase: tricks ---
  Trick  1: omega_bots leads AH, volt_x plays QH -> omega_bots wins
  Trick  2: omega_bots leads AS, volt_x plays 9S -> omega_bots wins
  Trick  3: omega_bots leads KC, volt_x plays AC -> volt_x wins
  Trick  4: volt_x leads 7C, omega_bots plays 8D -> volt_x wins
  Trick  5: volt_x leads 9C, omega_bots plays 9D -> volt_x wins
  Trick  6: volt_x leads JC, omega_bots plays JH -> volt_x wins
  Trick  7: volt_x leads 10S, omega_bots plays QS -> omega_bots wins
  Trick  8: omega_bots leads JS, volt_x plays KS -> volt_x wins
  Trick  9: volt_x leads AD, omega_bots plays 10D -> volt_x wins
  Trick 10: volt_x leads KH, omega_bots plays 10H -> volt_x wins
  Trick 11: volt_x leads KD, omega_bots plays JD -> volt_x wins
  Trick 12: volt_x leads QC, omega_bots plays QD -> volt_x wins
  Hand: omega_bots +13 / volt_x +23 (tricks 3-9)
  Match total: omega_bots 28 - 40 volt_x
Players: omega_bots vs volt_x
Dealer: omega_bots  |  Elder: volt_x
Match scores: 28 - 40
Talon (8): 9C JC QC 10H KH 10S QS KS
omega_bots hand: 8C KC AC JD QD AD 7H 8H 9H AH JS AS
volt_x hand: 7C 10C 7D 8D 9D 10D KD JH QH 7S 8S 9S
  Exchange volt_x: discard 7C 10C 7S 8S 9S -> draw 9C JC QC KH QS (talon 3 left)
  Exchange omega_bots: discard 8C JD JS -> draw 10H 10S KS (talon 0 left)

--- Phase: declare ---
  Declare point: omega_bots wins 5 pts (('point', 5, 'H'))
  Declare set: omega_bots wins 14 pts (('set', 4, 14))

--- Phase: tricks ---
  Trick  1: volt_x leads 7D, omega_bots plays QD -> omega_bots wins
  Trick  2: omega_bots leads AD, volt_x plays 8D -> omega_bots wins
  Trick  3: omega_bots leads AC, volt_x plays 9C -> omega_bots wins
  Trick  4: omega_bots leads AH, volt_x plays JH -> omega_bots wins
  Trick  5: omega_bots leads AS, volt_x plays QS -> omega_bots wins
  Trick  6: omega_bots leads 8H, volt_x plays QH -> volt_x wins
  Trick  7: volt_x leads 9D, omega_bots plays KC -> volt_x wins
  Trick  8: volt_x leads 10D, omega_bots plays 9H -> volt_x wins
  Trick  9: volt_x leads KD, omega_bots plays 7H -> volt_x wins
  Trick 10: volt_x leads KH, omega_bots plays 10H -> volt_x wins
  Trick 11: volt_x leads QC, omega_bots plays 10S -> volt_x wins
  Trick 12: volt_x leads JC, omega_bots plays KS -> volt_x wins
  Hand: omega_bots +24 / volt_x +18 (tricks 5-7)
  Match total: omega_bots 52 - 58 volt_x
Players: omega_bots vs volt_x
Dealer: volt_x  |  Elder: omega_bots
Match scores: 52 - 58
Talon (8): 7C 9C QC AC 8D 10S QS AS
omega_bots hand: JC JD KD AD 9H 10H JH QH KH 7S 8S KS
volt_x hand: 8C 10C KC 7D 9D 10D QD 7H 8H AH 9S JS
  Exchange omega_bots: discard JD 7S 8S -> draw 7C QC 10S (talon 5 left)
  Exchange volt_x: discard 8C 10C 7H 8H 9S -> draw 9C AC 8D QS AS (talon 0 left)

--- Phase: declare ---
  Declare point: omega_bots wins 5 pts (('point', 5, 'H'))
  Declare sequence: omega_bots wins 10 pts (('sequence', 5, 13, 'H'))
  Declare set: volt_x wins 3 pts (('set', 3, 14))

--- Phase: tricks ---
  Trick  1: omega_bots leads AD, volt_x plays 7D -> omega_bots wins
  Trick  2: omega_bots leads KS, volt_x plays AS -> volt_x wins
  Trick  3: volt_x leads 8D, omega_bots plays KD -> omega_bots wins
  Trick  4: omega_bots leads KH, volt_x plays AH -> volt_x wins
  Trick  5: volt_x leads 9D, omega_bots plays 7C -> volt_x wins
  Trick  6: volt_x leads 9C, omega_bots plays JC -> omega_bots wins
  Trick  7: omega_bots leads 10H, volt_x plays 10D -> omega_bots wins
  Trick  8: omega_bots leads JH, volt_x plays JS -> omega_bots wins
  Trick  9: omega_bots leads QH, volt_x plays QD -> omega_bots wins
  Trick 10: omega_bots leads 9H, volt_x plays QS -> omega_bots wins
  Trick 11: omega_bots leads 10S, volt_x plays KC -> omega_bots wins
  Trick 12: omega_bots leads QC, volt_x plays AC -> volt_x wins
  Hand: omega_bots +33 / volt_x +8 (tricks 8-4)
  Match total: omega_bots 85 - 66 volt_x
Players: omega_bots vs volt_x
Dealer: omega_bots  |  Elder: volt_x
Match scores: 85 - 66
Talon (8): 8C 9D QD KD AD 8H 9S JS
omega_bots hand: 7C JC KC AC 7D 8D JD JH KH 8S QS KS
volt_x hand: 9C 10C QC 10D 7H 9H 10H QH AH 7S 10S AS
  Exchange volt_x: discard 9C QC 7H 7S AS -> draw 9D QD AD 8H JS (talon 3 left)
  Exchange omega_bots: discard 7C 8D 8S -> draw 8C KD 9S (talon 0 left)

--- Phase: declare ---
  Declare point: volt_x wins 5 pts (('point', 5, 'H'))
  Declare sequence: volt_x wins 3 pts (('sequence', 3, 10, 'H'))
  Declare set: omega_bots wins 14 pts (('set', 4, 13))

--- Phase: tricks ---
  Trick  1: volt_x leads 8H, omega_bots plays JH -> omega_bots wins
  Trick  2: omega_bots leads AC, volt_x plays 10C -> omega_bots wins
  Trick  3: omega_bots leads KH, volt_x plays AH -> volt_x wins
  Trick  4: volt_x leads 9D, omega_bots plays JD -> omega_bots wins
  Trick  5: omega_bots leads KS, volt_x plays 10S -> omega_bots wins
  Trick  6: omega_bots leads QS, volt_x plays JS -> omega_bots wins
  Trick  7: omega_bots leads 7D, volt_x plays 10D -> volt_x wins
  Trick  8: volt_x leads 9H, omega_bots plays KC -> volt_x wins
  Trick  9: volt_x leads AD, omega_bots plays KD -> volt_x wins
  Trick 10: volt_x leads QH, omega_bots plays JC -> volt_x wins
  Trick 11: volt_x leads QD, omega_bots plays 9S -> volt_x wins
  Trick 12: volt_x leads 10H, omega_bots plays 8C -> volt_x wins
  Hand: omega_bots +19 / volt_x +26 (tricks 5-7)
  Match total: omega_bots 104 - 92 volt_x
  Final: omega_bots 104 - 92 volt_x
  Winner: omega_bots

============================================================
Game 34
============================================================
Players: volt_x vs omega_bots
Dealer: volt_x  |  Elder: omega_bots
Match scores: 0 - 0
Talon (8): 10C QC 8D AD QH 7S 9S QS
volt_x hand: 7C 8C 9C JC JD QD KD 7H 8H 9H 10H JS
omega_bots hand: KC AC 7D 9D 10D JH KH AH 8S 10S KS AS
  Exchange omega_bots: discard 7D 9D 10D 10S KS -> draw QC AD QH 7S 9S (talon 3 left)
  Exchange volt_x: discard 7C QD KD -> draw 10C 8D QS (talon 0 left)

--- Phase: declare ---
  Declare point: omega_bots wins 4 pts (('point', 4, 'H'))
  Declare sequence: omega_bots wins 4 pts (('sequence', 4, 14, 'H'))
  Declare set: omega_bots wins 14 pts (('set', 4, 14))

--- Phase: tricks ---
  Trick  1: omega_bots leads AH, volt_x plays 7H -> omega_bots wins
  Trick  2: omega_bots leads AS, volt_x plays JS -> omega_bots wins
  Trick  3: omega_bots leads AC, volt_x plays 8C -> omega_bots wins
  Trick  4: omega_bots leads AD, volt_x plays 8D -> omega_bots wins
  Trick  5: omega_bots leads KC, volt_x plays 9C -> omega_bots wins
  Trick  6: omega_bots leads JH, volt_x plays 8H -> omega_bots wins
  Trick  7: omega_bots leads KH, volt_x plays 9H -> omega_bots wins
  Trick  8: omega_bots leads 8S, volt_x plays QS -> volt_x wins
  Trick  9: volt_x leads JC, omega_bots plays QC -> omega_bots wins
  Trick 10: omega_bots leads 9S, volt_x plays 10H -> omega_bots wins
  Trick 11: omega_bots leads QH, volt_x plays 10C -> omega_bots wins
  Trick 12: omega_bots leads 7S, volt_x plays JD -> omega_bots wins
  Hand: volt_x +1 / omega_bots +44 (tricks 1-11)
  Match total: volt_x 1 - 44 omega_bots
Players: volt_x vs omega_bots
Dealer: omega_bots  |  Elder: volt_x
Match scores: 1 - 44
Talon (8): 7C JC AC QD 7H 9H QH QS
volt_x hand: 9C KC 7D AD 8H 10H JH KH AH 8S 10S JS
omega_bots hand: 8C 10C QC 8D 9D 10D JD KD 7S 9S KS AS
  Exchange volt_x: discard 9C 7D 8S 10S JS -> draw 7C JC AC QD 9H (talon 3 left)
  Exchange omega_bots: discard 8C 7S 9S -> draw 7H QH QS (talon 0 left)

--- Phase: declare ---
  Declare point: volt_x wins 6 pts (('point', 6, 'H'))
  Declare set: volt_x wins 3 pts (('set', 3, 14))

--- Phase: tricks ---
  Trick  1: volt_x leads 8H, omega_bots plays QH -> omega_bots wins
  Trick  2: omega_bots leads AS, volt_x plays 7C -> omega_bots wins
  Trick  3: omega_bots leads KS, volt_x plays 9H -> omega_bots wins
  Trick  4: omega_bots leads KD, volt_x plays AD -> volt_x wins
  Trick  5: volt_x leads 10H, omega_bots plays 7H -> volt_x wins
  Trick  6: volt_x leads JH, omega_bots plays QC -> volt_x wins
  Trick  7: volt_x leads JC, omega_bots plays 10C -> volt_x wins
  Trick  8: volt_x leads KH, omega_bots plays JD -> volt_x wins
  Trick  9: volt_x leads AH, omega_bots plays 9D -> volt_x wins
  Trick 10: volt_x leads AC, omega_bots plays 8D -> volt_x wins
  Trick 11: volt_x leads KC, omega_bots plays 10D -> volt_x wins
  Trick 12: volt_x leads QD, omega_bots plays QS -> volt_x wins
  Hand: volt_x +29 / omega_bots +3 (tricks 9-3)
  Match total: volt_x 30 - 47 omega_bots
Players: volt_x vs omega_bots
Dealer: volt_x  |  Elder: omega_bots
Match scores: 30 - 47
Talon (8): 7C 9C QC AC 8D 9D QS AS
volt_x hand: 10C 7D KD AD 7H 9H 10H QH KH 7S 8S KS
omega_bots hand: 8C JC KC 10D JD QD 8H JH AH 9S 10S JS
  Exchange omega_bots: discard 8C KC 8H 10S -> draw 7C QC 8D AS (talon 4 left)
  Exchange volt_x: discard 10C 7D 7S 8S -> draw 9C AC 9D QS (talon 0 left)

--- Phase: declare ---
  Declare point: volt_x wins 5 pts (('point', 5, 'H'))
  Declare sequence: omega_bots wins 3 pts (('sequence', 3, 12, 'D'))
  Declare set: volt_x wins 3 pts (('set', 3, 13))

--- Phase: tricks ---
  Trick  1: omega_bots leads AH, volt_x plays 7H -> omega_bots wins
  Trick  2: omega_bots leads AS, volt_x plays QS -> omega_bots wins
  Trick  3: omega_bots leads QD, volt_x plays KD -> volt_x wins
  Trick  4: volt_x leads 9H, omega_bots plays JH -> omega_bots wins
  Trick  5: omega_bots leads QC, volt_x plays AC -> volt_x wins
  Trick  6: volt_x leads 10H, omega_bots plays JD -> volt_x wins
  Trick  7: volt_x leads QH, omega_bots plays JS -> volt_x wins
  Trick  8: volt_x leads 9D, omega_bots plays 8D -> volt_x wins
  Trick  9: volt_x leads AD, omega_bots plays 10D -> volt_x wins
  Trick 10: volt_x leads KS, omega_bots plays 9S -> volt_x wins
  Trick 11: volt_x leads KH, omega_bots plays JC -> volt_x wins
  Trick 12: volt_x leads 9C, omega_bots plays 7C -> volt_x wins
  Hand: volt_x +28 / omega_bots +6 (tricks 9-3)
  Match total: volt_x 58 - 53 omega_bots
Players: volt_x vs omega_bots
Dealer: omega_bots  |  Elder: volt_x
Match scores: 58 - 53
Talon (8): 7C 9C AC 9D 8S 10S QS AS
volt_x hand: 8C KC 7D JD QD KD 8H 10H QH KH 9S JS
omega_bots hand: 10C JC QC 8D 10D AD 7H 9H JH AH 7S KS
  Exchange volt_x: discard 8C 7D 8H 9S JS -> draw 9C AC 8S QS AS (talon 3 left)
  Exchange omega_bots: discard 8D 10D 7S -> draw 7C 9D 10S (talon 0 left)

--- Phase: declare ---
  Declare point: omega_bots wins 4 pts (('point', 4, 'H'))
  Declare sequence: volt_x wins 3 pts (('sequence', 3, 13, 'D'))
  Declare set: volt_x wins 3 pts (('set', 3, 13))

--- Phase: tricks ---
  Trick  1: volt_x leads 10H, omega_bots plays JH -> omega_bots wins
  Trick  2: omega_bots leads AH, volt_x plays QH -> omega_bots wins
  Trick  3: omega_bots leads AD, volt_x plays JD -> omega_bots wins
  Trick  4: omega_bots leads KS, volt_x plays AS -> volt_x wins
  Trick  5: volt_x leads 9C, omega_bots plays 10C -> omega_bots wins
  Trick  6: omega_bots leads 9H, volt_x plays KH -> volt_x wins
  Trick  7: volt_x leads QD, omega_bots plays 9D -> volt_x wins
  Trick  8: volt_x leads KC, omega_bots plays QC -> volt_x wins
  Trick  9: volt_x leads AC, omega_bots plays JC -> volt_x wins
  Trick 10: volt_x leads KD, omega_bots plays 7H -> volt_x wins
  Trick 11: volt_x leads QS, omega_bots plays 10S -> volt_x wins
  Trick 12: volt_x leads 8S, omega_bots plays 7C -> volt_x wins
  Hand: volt_x +25 / omega_bots +8 (tricks 8-4)
  Match total: volt_x 83 - 61 omega_bots
Players: volt_x vs omega_bots
Dealer: volt_x  |  Elder: omega_bots
Match scores: 83 - 61
Talon (8): 7C 8C 10C 9D JH 10S JS QS
volt_x hand: JC QC 10D JD KD 7H 9H QH 8S 9S KS AS
omega_bots hand: 9C KC AC 7D 8D QD AD 8H 10H KH AH 7S
  Exchange omega_bots: discard 9C 7D 8D 8H 10H -> draw 7C 9D JH JS QS (talon 3 left)
  Exchange volt_x: discard 10D 7H 9H -> draw 8C 10C 10S (talon 0 left)

--- Phase: declare ---
  Declare point: volt_x wins 5 pts (('point', 5, 'S'))
  Declare sequence: volt_x wins 3 pts (('sequence', 3, 12, 'C'))
  Declare set: omega_bots wins 3 pts (('set', 3, 14))

--- Phase: tricks ---
  Trick  1: omega_bots leads AD, volt_x plays JD -> omega_bots wins
  Trick  2: omega_bots leads AH, volt_x plays QH -> omega_bots wins
  Trick  3: omega_bots leads AC, volt_x plays 8C -> omega_bots wins
  Trick  4: omega_bots leads KH, volt_x plays 8S -> omega_bots wins
  Trick  5: omega_bots leads KC, volt_x plays 10C -> omega_bots wins
  Trick  6: omega_bots leads QD, volt_x plays KD -> volt_x wins
  Trick  7: volt_x leads 9S, omega_bots plays 7S -> volt_x wins
  Trick  8: volt_x leads 10S, omega_bots plays JS -> omega_bots wins
  Trick  9: omega_bots leads JH, volt_x plays JC -> omega_bots wins
  Trick 10: omega_bots leads 9D, volt_x plays QC -> omega_bots wins
  Trick 11: omega_bots leads QS, volt_x plays KS -> volt_x wins
  Trick 12: volt_x leads AS, omega_bots plays 7C -> volt_x wins
  Hand: volt_x +13 / omega_bots +21 (tricks 4-8)
  Match total: volt_x 96 - 82 omega_bots
Players: volt_x vs omega_bots
Dealer: omega_bots  |  Elder: volt_x
Match scores: 96 - 82
Talon (8): 7C 9C QD JH QH KH 10S KS
volt_x hand: 10C JC QC KC AC 7D 8D JD KD 10H AH QS
omega_bots hand: 8C 9D 10D AD 7H 8H 9H 7S 8S 9S JS AS
  Exchange volt_x: discard 7D 8D JD 10H QS -> draw 7C 9C JH QH KH (talon 3 left)
  Exchange omega_bots: discard 8C 9D 10D -> draw QD 10S KS (talon 0 left)

--- Phase: declare ---
  Declare point: volt_x wins 7 pts (('point', 7, 'C'))
  Declare sequence: volt_x wins 11 pts (('sequence', 6, 14, 'C'))
  Declare set: volt_x wins 3 pts (('set', 3, 13))

--- Phase: tricks ---
  Trick  1: volt_x leads 7C, omega_bots plays 7H -> volt_x wins
  Trick  2: volt_x leads 9C, omega_bots plays 7S -> volt_x wins
  Trick  3: volt_x leads 10C, omega_bots plays 8S -> volt_x wins
  Trick  4: volt_x leads JC, omega_bots plays 8H -> volt_x wins
  Trick  5: volt_x leads JH, omega_bots plays 9H -> volt_x wins
  Trick  6: volt_x leads QC, omega_bots plays AS -> volt_x wins
  Trick  7: volt_x leads QH, omega_bots plays AD -> volt_x wins
  Trick  8: volt_x leads KC, omega_bots plays JS -> volt_x wins
  Trick  9: volt_x leads AC, omega_bots plays 9S -> volt_x wins
  Trick 10: volt_x leads AH, omega_bots plays QD -> volt_x wins
  Trick 11: volt_x leads KD, omega_bots plays KS -> volt_x wins
  Trick 12: volt_x leads KH, omega_bots plays 10S -> volt_x wins
  Hand: volt_x +104 / omega_bots +0 (tricks 12-0)
  Match total: volt_x 200 - 82 omega_bots
  Final: volt_x 200 - 82 omega_bots
  Winner: volt_x

============================================================
Game 35
============================================================
Players: omega_bots vs volt_x
Dealer: omega_bots  |  Elder: volt_x
Match scores: 0 - 0
Talon (8): 9C 8D KD KH AH 7S 8S KS
omega_bots hand: 7C 8C 10C QC KC AC JD QD AD QH JS AS
volt_x hand: JC 7D 9D 10D 7H 8H 9H 10H JH 9S 10S QS
  Exchange volt_x: discard JC 7D 9D 9S QS -> draw 8D KD KH 8S KS (talon 3 left)
  Exchange omega_bots: discard 7C QH JS -> draw 9C AH 7S (talon 0 left)

--- Phase: declare ---
  Declare point: omega_bots wins 6 pts (('point', 6, 'C'))
  Declare sequence: volt_x wins 10 pts (('sequence', 5, 11, 'H'))
  Declare set: omega_bots wins 14 pts (('set', 4, 14))

--- Phase: tricks ---
  Trick  1: volt_x leads 7H, omega_bots plays AH -> omega_bots wins
  Trick  2: omega_bots leads AS, volt_x plays 8S -> omega_bots wins
  Trick  3: omega_bots leads AD, volt_x plays 8D -> omega_bots wins
  Trick  4: omega_bots leads AC, volt_x plays 8H -> omega_bots wins
  Trick  5: omega_bots leads KC, volt_x plays 9H -> omega_bots wins
  Trick  6: omega_bots leads QD, volt_x plays KD -> volt_x wins
  Trick  7: volt_x leads 10H, omega_bots plays 10C -> volt_x wins
  Trick  8: volt_x leads 10S, omega_bots plays 7S -> volt_x wins
  Trick  9: volt_x leads KS, omega_bots plays QC -> volt_x wins
  Trick 10: volt_x leads KH, omega_bots plays JD -> volt_x wins
  Trick 11: volt_x leads JH, omega_bots plays 8C -> volt_x wins
  Trick 12: volt_x leads 10D, omega_bots plays 9C -> volt_x wins
  Hand: omega_bots +25 / volt_x +28 (tricks 5-7)
  Match total: omega_bots 25 - 28 volt_x
Players: omega_bots vs volt_x
Dealer: volt_x  |  Elder: omega_bots
Match scores: 25 - 28
Talon (8): 7C 8C AC 7D 10H 9S 10S KS
omega_bots hand: 9C 10C QC 8D 10D KD 8H 9H JH KH AH 8S
volt_x hand: JC KC 9D JD QD AD 7H QH 7S JS QS AS
  Exchange omega_bots: discard 9C 10C 8D 9H 8S -> draw AC 10H 9S 10S KS (talon 3 left)
  Exchange volt_x: discard 7H 7S JS -> draw 7C 8C 7D (talon 0 left)

--- Phase: declare ---
  Declare point: omega_bots wins 5 pts (('point', 5, 'H'))
  Declare set: omega_bots wins 3 pts (('set', 3, 13))

--- Phase: tricks ---
  Trick  1: omega_bots leads AH, volt_x plays QH -> omega_bots wins
  Trick  2: omega_bots leads AC, volt_x plays 7C -> omega_bots wins
  Trick  3: omega_bots leads KD, volt_x plays AD -> volt_x wins
  Trick  4: volt_x leads 7D, omega_bots plays 10D -> omega_bots wins
  Trick  5: omega_bots leads KH, volt_x plays 8C -> omega_bots wins
  Trick  6: omega_bots leads JH, volt_x plays 9D -> omega_bots wins
  Trick  7: omega_bots leads QC, volt_x plays KC -> volt_x wins
  Trick  8: volt_x leads QS, omega_bots plays 10S -> volt_x wins
  Trick  9: volt_x leads AS, omega_bots plays 9S -> volt_x wins
  Trick 10: volt_x leads QD, omega_bots plays 8H -> volt_x wins
  Trick 11: volt_x leads JC, omega_bots plays 10H -> volt_x wins
  Trick 12: volt_x leads JD, omega_bots plays KS -> volt_x wins
  Hand: omega_bots +13 / volt_x +18 (tricks 5-7)
  Match total: omega_bots 38 - 46 volt_x
Players: omega_bots vs volt_x
Dealer: omega_bots  |  Elder: volt_x
Match scores: 38 - 46
Talon (8): 10C JC AC 9D KD AD KH 8S
omega_bots hand: 7C 8C 9C KC 8D JD 7H JH 7S 9S QS KS
volt_x hand: QC 7D 10D QD 8H 9H 10H QH AH 10S JS AS
  Exchange volt_x: discard 7D 10D 10S JS AS -> draw 10C JC KD AD 8S (talon 3 left)
  Exchange omega_bots: discard 8D 7S 9S -> draw AC 9D KH (talon 0 left)

--- Phase: declare ---
  Declare point: volt_x wins 5 pts (('point', 5, 'H'))
  Declare sequence: volt_x wins 3 pts (('sequence', 3, 14, 'D'))
  Declare set: omega_bots wins 3 pts (('set', 3, 13))

--- Phase: tricks ---
  Trick  1: volt_x leads 8H, omega_bots plays JH -> omega_bots wins
  Trick  2: omega_bots leads AC, volt_x plays 10C -> omega_bots wins
  Trick  3: omega_bots leads KC, volt_x plays JC -> omega_bots wins
  Trick  4: omega_bots leads KS, volt_x plays 8S -> omega_bots wins
  Trick  5: omega_bots leads KH, volt_x plays AH -> volt_x wins
  Trick  6: volt_x leads 9H, omega_bots plays 7H -> volt_x wins
  Trick  7: volt_x leads QD, omega_bots plays JD -> volt_x wins
  Trick  8: volt_x leads 10H, omega_bots plays 7C -> volt_x wins
  Trick  9: volt_x leads AD, omega_bots plays 9D -> volt_x wins
  Trick 10: volt_x leads KD, omega_bots plays 9C -> volt_x wins
  Trick 11: volt_x leads QC, omega_bots plays 8C -> volt_x wins
  Trick 12: volt_x leads QH, omega_bots plays QS -> volt_x wins
  Hand: omega_bots +7 / volt_x +27 (tricks 4-8)
  Match total: omega_bots 45 - 73 volt_x
Players: omega_bots vs volt_x
Dealer: volt_x  |  Elder: omega_bots
Match scores: 45 - 73
Talon (8): QC KC JD KD 8H AH 7S AS
omega_bots hand: 7C 8C JC 9D 10D QD 9H 10H JH KH 9S KS
volt_x hand: 9C 10C AC 7D 8D AD 7H QH 8S 10S JS QS
  Exchange omega_bots: discard 7C 8C JC 9D 10D -> draw QC KC KD 8H AS (talon 3 left)
  Exchange volt_x: discard 7D 8D 7H -> draw JD AH 7S (talon 0 left)

--- Phase: declare ---
  Declare point: omega_bots wins 5 pts (('point', 5, 'H'))
  Declare sequence: omega_bots wins 4 pts (('sequence', 4, 11, 'H'))
  Declare set: volt_x wins 3 pts (('set', 3, 14))

--- Phase: tricks ---
  Trick  1: omega_bots leads AS, volt_x plays 7S -> omega_bots wins
  Trick  2: omega_bots leads KS, volt_x plays 8S -> omega_bots wins
  Trick  3: omega_bots leads KH, volt_x plays AH -> volt_x wins
  Trick  4: volt_x leads 10S, omega_bots plays 9S -> volt_x wins
  Trick  5: volt_x leads 9C, omega_bots plays QC -> omega_bots wins
  Trick  6: omega_bots leads QD, volt_x plays AD -> volt_x wins
  Trick  7: volt_x leads JS, omega_bots plays 10H -> volt_x wins
  Trick  8: volt_x leads 10C, omega_bots plays KC -> omega_bots wins
  Trick  9: omega_bots leads 9H, volt_x plays QH -> volt_x wins
  Trick 10: volt_x leads AC, omega_bots plays JH -> volt_x wins
  Trick 11: volt_x leads QS, omega_bots plays KD -> volt_x wins
  Trick 12: volt_x leads JD, omega_bots plays 8H -> volt_x wins
  Hand: omega_bots +13 / volt_x +22 (tricks 4-8)
  Match total: omega_bots 58 - 95 volt_x
Players: omega_bots vs volt_x
Dealer: omega_bots  |  Elder: volt_x
Match scores: 58 - 95
Talon (8): 7D 8D JD KD QH 7S 10S QS
omega_bots hand: 7C JC KC 9D 10D AD 7H 9H 10H KH AH KS
volt_x hand: 8C 9C 10C QC AC QD 8H JH 8S 9S JS AS
  Exchange volt_x: discard 8H JH 8S 9S JS -> draw 8D JD KD QH 7S (talon 3 left)
  Exchange omega_bots: discard JC 9D 10D -> draw 7D 10S QS (talon 0 left)

--- Phase: declare ---
  Declare point: volt_x wins 5 pts (('point', 5, 'C'))
  Declare sequence: volt_x wins 3 pts (('sequence', 3, 13, 'D'))
  Declare set: omega_bots wins 3 pts (('set', 3, 13))

--- Phase: tricks ---
  Trick  1: volt_x leads 8C, omega_bots plays KC -> omega_bots wins
  Trick  2: omega_bots leads AH, volt_x plays QH -> omega_bots wins
  Trick  3: omega_bots leads AD, volt_x plays 8D -> omega_bots wins
  Trick  4: omega_bots leads KS, volt_x plays AS -> volt_x wins
  Trick  5: volt_x leads 9C, omega_bots plays 7C -> volt_x wins
  Trick  6: volt_x leads 10C, omega_bots plays 9H -> volt_x wins
  Trick  7: volt_x leads JD, omega_bots plays 7D -> volt_x wins
  Trick  8: volt_x leads QC, omega_bots plays 7H -> volt_x wins
  Trick  9: volt_x leads AC, omega_bots plays 10H -> volt_x wins
  Trick 10: volt_x leads KD, omega_bots plays KH -> volt_x wins
  Trick 11: volt_x leads QD, omega_bots plays QS -> volt_x wins
  Trick 12: volt_x leads 7S, omega_bots plays 10S -> omega_bots wins
  Hand: omega_bots +8 / volt_x +26 (tricks 4-8)
  Match total: omega_bots 66 - 121 volt_x
  Final: omega_bots 66 - 121 volt_x
  Winner: volt_x

============================================================
Game 36
============================================================
Players: volt_x vs omega_bots
Dealer: volt_x  |  Elder: omega_bots
Match scores: 0 - 0
Talon (8): 9C KC QD 7H JH AH 7S 9S
volt_x hand: 8C QC AC 8D 9D JD 9H KH 10S JS KS AS
omega_bots hand: 7C 10C JC 7D 10D KD AD 8H 10H QH 8S QS
  Exchange omega_bots: discard 7C JC 7D KD 8S -> draw 9C KC 7H 7S 9S (talon 3 left)
  Exchange volt_x: discard 8C 8D 9H -> draw QD JH AH (talon 0 left)

--- Phase: declare ---
  Declare point: volt_x wins 4 pts (('point', 4, 'S'))
  Declare set: volt_x wins 3 pts (('set', 3, 14))

--- Phase: tricks ---
  Trick  1: omega_bots leads AD, volt_x plays 9D -> omega_bots wins
  Trick  2: omega_bots leads KC, volt_x plays AC -> volt_x wins
  Trick  3: volt_x leads 10S, omega_bots plays QS -> omega_bots wins
  Trick  4: omega_bots leads QH, volt_x plays KH -> volt_x wins
  Trick  5: volt_x leads JS, omega_bots plays 7S -> volt_x wins
  Trick  6: volt_x leads JD, omega_bots plays 10D -> volt_x wins
  Trick  7: volt_x leads KS, omega_bots plays 9S -> volt_x wins
  Trick  8: volt_x leads JH, omega_bots plays 10H -> volt_x wins
  Trick  9: volt_x leads AS, omega_bots plays 10C -> volt_x wins
  Trick 10: volt_x leads AH, omega_bots plays 8H -> volt_x wins
  Trick 11: volt_x leads QC, omega_bots plays 9C -> volt_x wins
  Trick 12: volt_x leads QD, omega_bots plays 7H -> volt_x wins
  Hand: volt_x +28 / omega_bots +2 (tricks 10-2)
  Match total: volt_x 28 - 2 omega_bots
Players: volt_x vs omega_bots
Dealer: omega_bots  |  Elder: volt_x
Match scores: 28 - 2
Talon (8): JC KC 8D KD 8H 9S QS KS
volt_x hand: 9C QC AC 9D QD 7H 9H 10H JH 7S 10S JS
omega_bots hand: 7C 8C 10C 7D 10D JD AD QH KH AH 8S AS
  Exchange volt_x: discard 9C 9D 7S 10S JS -> draw 8D KD 9S QS KS (talon 3 left)
  Exchange omega_bots: discard 7C 10C 8S -> draw JC KC 8H (talon 0 left)

--- Phase: declare ---
  Declare point: omega_bots wins 4 pts (('point', 4, 'H'))
  Declare sequence: omega_bots wins 3 pts (('sequence', 3, 14, 'H'))
  Declare set: omega_bots wins 3 pts (('set', 3, 14))

--- Phase: tricks ---
  Trick  1: volt_x leads 7H, omega_bots plays 8H -> omega_bots wins
  Trick  2: omega_bots leads AS, volt_x plays 9S -> omega_bots wins
  Trick  3: omega_bots leads AD, volt_x plays 8D -> omega_bots wins
  Trick  4: omega_bots leads AH, volt_x plays 9H -> omega_bots wins
  Trick  5: omega_bots leads KH, volt_x plays 10H -> omega_bots wins
  Trick  6: omega_bots leads QH, volt_x plays JH -> omega_bots wins
  Trick  7: omega_bots leads JD, volt_x plays QD -> volt_x wins
  Trick  8: volt_x leads QC, omega_bots plays 8C -> volt_x wins
  Trick  9: volt_x leads AC, omega_bots plays JC -> volt_x wins
  Trick 10: volt_x leads KS, omega_bots plays 10D -> volt_x wins
  Trick 11: volt_x leads KD, omega_bots plays 7D -> volt_x wins
  Trick 12: volt_x leads QS, omega_bots plays KC -> volt_x wins
  Hand: volt_x +7 / omega_bots +16 (tricks 6-6)
  Match total: volt_x 35 - 18 omega_bots
Players: volt_x vs omega_bots
Dealer: volt_x  |  Elder: omega_bots
Match scores: 35 - 18
Talon (8): JC KC 9D 10D JD 7H 8H 9H
volt_x hand: 7C 9C QC QD KD AD 10H JH 9S JS QS AS
omega_bots hand: 8C 10C AC 7D 8D QH KH AH 7S 8S 10S KS
  Exchange omega_bots: discard 8C 8D 7S 8S 10S -> draw JC KC 10D 7H 9H (talon 3 left)
  Exchange volt_x: discard 7C 9C 10H -> draw 9D JD 8H (talon 0 left)

--- Phase: declare ---
  Declare point: volt_x wins 5 pts (('point', 5, 'D'))
  Declare sequence: volt_x wins 4 pts (('sequence', 4, 14, 'D'))
  Declare set: omega_bots wins 3 pts (('set', 3, 13))

--- Phase: tricks ---
  Trick  1: omega_bots leads AH, volt_x plays 8H -> omega_bots wins
  Trick  2: omega_bots leads AC, volt_x plays QC -> omega_bots wins
  Trick  3: omega_bots leads KH, volt_x plays JH -> omega_bots wins
  Trick  4: omega_bots leads KS, volt_x plays AS -> volt_x wins
  Trick  5: volt_x leads 9D, omega_bots plays 10D -> omega_bots wins
  Trick  6: omega_bots leads 7D, volt_x plays JD -> volt_x wins
  Trick  7: volt_x leads 9S, omega_bots plays 10C -> volt_x wins
  Trick  8: volt_x leads QD, omega_bots plays QH -> volt_x wins
  Trick  9: volt_x leads AD, omega_bots plays KC -> volt_x wins
  Trick 10: volt_x leads KD, omega_bots plays 9H -> volt_x wins
  Trick 11: volt_x leads QS, omega_bots plays 7H -> volt_x wins
  Trick 12: volt_x leads JS, omega_bots plays JC -> volt_x wins
  Hand: volt_x +28 / omega_bots +7 (tricks 8-4)
  Match total: volt_x 63 - 25 omega_bots
Players: volt_x vs omega_bots
Dealer: omega_bots  |  Elder: volt_x
Match scores: 63 - 25
Talon (8): 7C 9C AD 9H QH KH 8S KS
volt_x hand: 10C JC QC KC AC 8D 7H AH 7S 9S QS AS
omega_bots hand: 8C 7D 9D 10D JD QD KD 8H 10H JH 10S JS
  Exchange volt_x: discard 8D 7H 7S 9S QS -> draw 7C AD QH KH KS (talon 3 left)
  Exchange omega_bots: discard 7D 8H 10H -> draw 9C 9H 8S (talon 0 left)

--- Phase: declare ---
  Declare point: volt_x wins 6 pts (('point', 6, 'C'))
  Declare sequence: volt_x wins 10 pts (('sequence', 5, 14, 'C'))
  Declare set: volt_x wins 14 pts (('set', 4, 14))

--- Phase: tricks ---
  Trick  1: volt_x leads 7C, omega_bots plays 8C -> omega_bots wins
  Trick  2: omega_bots leads KD, volt_x plays AD -> volt_x wins
  Trick  3: volt_x leads 10C, omega_bots plays 9C -> volt_x wins
  Trick  4: volt_x leads JC, omega_bots plays 8S -> volt_x wins
  Trick  5: volt_x leads QC, omega_bots plays 9D -> volt_x wins
  Trick  6: volt_x leads QH, omega_bots plays JH -> volt_x wins
  Trick  7: volt_x leads KC, omega_bots plays JD -> volt_x wins
  Trick  8: volt_x leads KS, omega_bots plays 10S -> volt_x wins
  Trick  9: volt_x leads AS, omega_bots plays JS -> volt_x wins
  Trick 10: volt_x leads AH, omega_bots plays 9H -> volt_x wins
  Trick 11: volt_x leads AC, omega_bots plays 10D -> volt_x wins
  Trick 12: volt_x leads KH, omega_bots plays QD -> volt_x wins
  Hand: volt_x +112 / omega_bots +1 (tricks 11-1)
  Match total: volt_x 175 - 26 omega_bots
  Final: volt_x 175 - 26 omega_bots
  Winner: volt_x

============================================================
Game 37
============================================================
Players: omega_bots vs volt_x
Dealer: omega_bots  |  Elder: volt_x
Match scores: 0 - 0
Talon (8): 8C 9C 10C 9D 9H 10H JS QS
omega_bots hand: JC AC 7D 8D 10D QD 7H 8H JH AH 8S 9S
volt_x hand: 7C QC KC JD KD AD QH KH 7S 10S KS AS
  Exchange volt_x: discard 7C QC JD AD QH -> draw 8C 9C 9D 9H 10H (talon 3 left)
  Exchange omega_bots: discard 7D 8D 8H -> draw 10C JS QS (talon 0 left)

--- Phase: declare ---
  Declare point: volt_x wins 4 pts (('point', 4, 'S'))
  Declare set: volt_x wins 14 pts (('set', 4, 13))

--- Phase: tricks ---
  Trick  1: volt_x leads 7S, omega_bots plays 8S -> omega_bots wins
  Trick  2: omega_bots leads AH, volt_x plays 9H -> omega_bots wins
  Trick  3: omega_bots leads AC, volt_x plays 8C -> omega_bots wins
  Trick  4: omega_bots leads QD, volt_x plays KD -> volt_x wins
  Trick  5: volt_x leads 10S, omega_bots plays JS -> omega_bots wins
  Trick  6: omega_bots leads JH, volt_x plays KH -> volt_x wins
  Trick  7: volt_x leads 9C, omega_bots plays JC -> omega_bots wins
  Trick  8: omega_bots leads 7H, volt_x plays 10H -> volt_x wins
  Trick  9: volt_x leads AS, omega_bots plays 9S -> volt_x wins
  Trick 10: volt_x leads KC, omega_bots plays 10C -> volt_x wins
  Trick 11: volt_x leads KS, omega_bots plays QS -> volt_x wins
  Trick 12: volt_x leads 9D, omega_bots plays 10D -> omega_bots wins
  Hand: omega_bots +7 / volt_x +24 (tricks 6-6)
  Match total: omega_bots 7 - 24 volt_x
Players: omega_bots vs volt_x
Dealer: volt_x  |  Elder: omega_bots
Match scores: 7 - 24
Talon (8): JC AD 9H JH QH 8S KS AS
omega_bots hand: 8C 9C QC KC AC 9D QD 8H KH AH 10S QS
volt_x hand: 7C 10C 7D 8D 10D JD KD 7H 10H 7S 9S JS
  Exchange omega_bots: discard 9C 9D QD 8H 10S -> draw JC JH 8S KS AS (talon 3 left)
  Exchange volt_x: discard 7C 7H 7S -> draw AD 9H QH (talon 0 left)

--- Phase: declare ---
  Declare point: volt_x wins 6 pts (('point', 6, 'D'))
  Declare sequence: omega_bots wins 4 pts (('sequence', 4, 14, 'C'))
  Declare set: omega_bots wins 3 pts (('set', 3, 14))

--- Phase: tricks ---
  Trick  1: omega_bots leads AC, volt_x plays 10C -> omega_bots wins
  Trick  2: omega_bots leads AH, volt_x plays 9H -> omega_bots wins
  Trick  3: omega_bots leads AS, volt_x plays 9S -> omega_bots wins
  Trick  4: omega_bots leads KH, volt_x plays 10H -> omega_bots wins
  Trick  5: omega_bots leads KC, volt_x plays 7D -> omega_bots wins
  Trick  6: omega_bots leads QS, volt_x plays JS -> omega_bots wins
  Trick  7: omega_bots leads 8C, volt_x plays 8D -> omega_bots wins
  Trick  8: omega_bots leads QC, volt_x plays 10D -> omega_bots wins
  Trick  9: omega_bots leads KS, volt_x plays JD -> omega_bots wins
  Trick 10: omega_bots leads JC, volt_x plays QH -> omega_bots wins
  Trick 11: omega_bots leads JH, volt_x plays KD -> omega_bots wins
  Trick 12: omega_bots leads 8S, volt_x plays AD -> omega_bots wins
  Hand: omega_bots +90 / volt_x +6 (tricks 12-0)
  Match total: omega_bots 97 - 30 volt_x
Players: omega_bots vs volt_x
Dealer: omega_bots  |  Elder: volt_x
Match scores: 97 - 30
Talon (8): QC KC 8D 9H 7S 8S 10S KS
omega_bots hand: 7C 9C AC 9D JD AD 10H JH QH KH 9S AS
volt_x hand: 8C 10C JC 7D 10D QD KD 7H 8H AH JS QS
  Exchange volt_x: discard 8C 7H 8H JS QS -> draw QC KC 9H 7S 10S (talon 3 left)
  Exchange omega_bots: discard 7C 9C 9S -> draw 8D 8S KS (talon 0 left)

--- Phase: declare ---
  Declare set: omega_bots wins 3 pts (('set', 3, 14))

--- Phase: tricks ---
  Trick  1: volt_x leads 7D, omega_bots plays 8D -> omega_bots wins
  Trick  2: omega_bots leads AC, volt_x plays 10C -> omega_bots wins
  Trick  3: omega_bots leads AS, volt_x plays 7S -> omega_bots wins
  Trick  4: omega_bots leads AD, volt_x plays 10D -> omega_bots wins
  Trick  5: omega_bots leads KH, volt_x plays AH -> volt_x wins
  Trick  6: volt_x leads JC, omega_bots plays JD -> volt_x wins
  Trick  7: volt_x leads QD, omega_bots plays 9D -> volt_x wins
  Trick  8: volt_x leads QC, omega_bots plays 10H -> volt_x wins
  Trick  9: volt_x leads KD, omega_bots plays QH -> volt_x wins
  Trick 10: volt_x leads KC, omega_bots plays JH -> volt_x wins
  Trick 11: volt_x leads 10S, omega_bots plays 8S -> volt_x wins
  Trick 12: volt_x leads 9H, omega_bots plays KS -> volt_x wins
  Hand: omega_bots +7 / volt_x +19 (tricks 4-8)
  Match total: omega_bots 104 - 49 volt_x
  Final: omega_bots 104 - 49 volt_x
  Winner: omega_bots

============================================================
Game 38
============================================================
Players: volt_x vs omega_bots
Dealer: volt_x  |  Elder: omega_bots
Match scores: 0 - 0
Talon (8): 9C AD 7H JH AH 8S 9S JS
volt_x hand: 7C JC KC AC 7D 8D 9D 10D 7S 10S QS KS
omega_bots hand: 8C 10C QC JD QD KD 8H 9H 10H QH KH AS
  Exchange omega_bots: discard 8C 10C 9H 10H -> draw JH AH 8S 9S (talon 4 left)
  Exchange volt_x: discard 7S 10S QS KS -> draw 9C AD 7H JS (talon 0 left)

--- Phase: declare ---
  Declare point: omega_bots wins 5 pts (('point', 5, 'H'))
  Declare sequence: omega_bots wins 4 pts (('sequence', 4, 14, 'H'))
  Declare set: omega_bots wins 3 pts (('set', 3, 12))

--- Phase: tricks ---
  Trick  1: omega_bots leads AS, volt_x plays JS -> omega_bots wins
  Trick  2: omega_bots leads AH, volt_x plays 7H -> omega_bots wins
  Trick  3: omega_bots leads KH, volt_x plays 7C -> omega_bots wins
  Trick  4: omega_bots leads KD, volt_x plays AD -> volt_x wins
  Trick  5: volt_x leads 7D, omega_bots plays JD -> omega_bots wins
  Trick  6: omega_bots leads QD, volt_x plays 8D -> omega_bots wins
  Trick  7: omega_bots leads QC, volt_x plays KC -> volt_x wins
  Trick  8: volt_x leads 9C, omega_bots plays 8H -> volt_x wins
  Trick  9: volt_x leads AC, omega_bots plays QH -> volt_x wins
  Trick 10: volt_x leads JC, omega_bots plays JH -> volt_x wins
  Trick 11: volt_x leads 10D, omega_bots plays 8S -> volt_x wins
  Trick 12: volt_x leads 9D, omega_bots plays 9S -> volt_x wins
  Hand: volt_x +18 / omega_bots +17 (tricks 7-5)
  Match total: volt_x 18 - 17 omega_bots
Players: volt_x vs omega_bots
Dealer: omega_bots  |  Elder: volt_x
Match scores: 18 - 17
Talon (8): 8C QD 8H JH QH AH 7S 8S
volt_x hand: 7C JC QC KC AC 7D JD 10H 10S JS QS AS
omega_bots hand: 9C 10C 8D 9D 10D KD AD 7H 9H KH 9S KS
  Exchange volt_x: discard 7D 10H 10S QS AS -> draw 8C QD 8H JH QH (talon 3 left)
  Exchange omega_bots: discard 9C 7H 9H -> draw AH 7S 8S (talon 0 left)

--- Phase: declare ---
  Declare point: volt_x wins 6 pts (('point', 6, 'C'))
  Declare sequence: volt_x wins 4 pts (('sequence', 4, 14, 'C'))
  Declare set: omega_bots wins 3 pts (('set', 3, 13))

--- Phase: tricks ---
  Trick  1: volt_x leads 7C, omega_bots plays 10C -> omega_bots wins
  Trick  2: omega_bots leads AD, volt_x plays JD -> omega_bots wins
  Trick  3: omega_bots leads AH, volt_x plays 8H -> omega_bots wins
  Trick  4: omega_bots leads KD, volt_x plays QD -> omega_bots wins
  Trick  5: omega_bots leads KS, volt_x plays JS -> omega_bots wins
  Trick  6: omega_bots leads 9D, volt_x plays 8C -> omega_bots wins
  Trick  7: omega_bots leads KH, volt_x plays JH -> omega_bots wins
  Trick  8: omega_bots leads 10D, volt_x plays JC -> omega_bots wins
  Trick  9: omega_bots leads 9S, volt_x plays QC -> omega_bots wins
  Trick 10: omega_bots leads 8D, volt_x plays QH -> omega_bots wins
  Trick 11: omega_bots leads 7S, volt_x plays KC -> omega_bots wins
  Trick 12: omega_bots leads 8S, volt_x plays AC -> omega_bots wins
  Hand: volt_x +10 / omega_bots +86 (tricks 0-12)
  Match total: volt_x 28 - 103 omega_bots
  Final: volt_x 28 - 103 omega_bots
  Winner: omega_bots

============================================================
Game 39
============================================================
Players: omega_bots vs volt_x
Dealer: omega_bots  |  Elder: volt_x
Match scores: 0 - 0
Talon (8): AC 10D 10H JH QH 7S KS AS
omega_bots hand: 7C 8C 10C JC QC 7D QD KD AD 7H 9H AH
volt_x hand: 9C KC 8D 9D JD 8H KH 8S 9S 10S JS QS
  Exchange volt_x: discard 9C 8D 9D JD 8H -> draw AC 10D 10H JH KS (talon 3 left)
  Exchange omega_bots: discard 7C 7D 9H -> draw QH 7S AS (talon 0 left)

--- Phase: declare ---
  Declare point: volt_x wins 6 pts (('point', 6, 'S'))
  Declare sequence: volt_x wins 11 pts (('sequence', 6, 13, 'S'))
  Declare set: omega_bots wins 3 pts (('set', 3, 14))

--- Phase: tricks ---
  Trick  1: volt_x leads 8S, omega_bots plays AS -> omega_bots wins
  Trick  2: omega_bots leads AH, volt_x plays 10H -> omega_bots wins
  Trick  3: omega_bots leads AD, volt_x plays 10D -> omega_bots wins
  Trick  4: omega_bots leads KD, volt_x plays 9S -> omega_bots wins
  Trick  5: omega_bots leads QC, volt_x plays KC -> volt_x wins
  Trick  6: volt_x leads 10S, omega_bots plays 7S -> volt_x wins
  Trick  7: volt_x leads JS, omega_bots plays JC -> volt_x wins
  Trick  8: volt_x leads QS, omega_bots plays 10C -> volt_x wins
  Trick  9: volt_x leads AC, omega_bots plays 8C -> volt_x wins
  Trick 10: volt_x leads KH, omega_bots plays 7H -> volt_x wins
  Trick 11: volt_x leads KS, omega_bots plays QD -> volt_x wins
  Trick 12: volt_x leads JH, omega_bots plays QH -> omega_bots wins
  Hand: omega_bots +9 / volt_x +34 (tricks 5-7)
  Match total: omega_bots 9 - 34 volt_x
Players: omega_bots vs volt_x
Dealer: volt_x  |  Elder: omega_bots
Match scores: 9 - 34
Talon (8): 7C 8C QC KC AC 7D JH 9S
omega_bots hand: 9C 8D QD KD 7H 8H QH 8S 10S JS QS KS
volt_x hand: 10C JC 9D 10D JD AD 9H 10H KH AH 7S AS
  Exchange omega_bots: discard 9C 8D KD 7H 8H -> draw 8C QC KC JH 9S (talon 3 left)
  Exchange volt_x: discard 9H 10H 7S -> draw 7C AC 7D (talon 0 left)

--- Phase: declare ---
  Declare point: omega_bots wins 6 pts (('point', 6, 'S'))
  Declare sequence: omega_bots wins 11 pts (('sequence', 6, 13, 'S'))
  Declare set: volt_x wins 14 pts (('set', 4, 14))

--- Phase: tricks ---
  Trick  1: omega_bots leads KS, volt_x plays AS -> volt_x wins
  Trick  2: volt_x leads 7D, omega_bots plays QD -> omega_bots wins
  Trick  3: omega_bots leads KC, volt_x plays AC -> volt_x wins
  Trick  4: volt_x leads 9D, omega_bots plays 8S -> volt_x wins
  Trick  5: volt_x leads 10D, omega_bots plays 8C -> volt_x wins
  Trick  6: volt_x leads 7C, omega_bots plays QC -> omega_bots wins
  Trick  7: omega_bots leads JS, volt_x plays 10C -> omega_bots wins
  Trick  8: omega_bots leads 10S, volt_x plays JD -> omega_bots wins
  Trick  9: omega_bots leads QS, volt_x plays JC -> omega_bots wins
  Trick 10: omega_bots leads QH, volt_x plays KH -> volt_x wins
  Trick 11: volt_x leads AD, omega_bots plays 9S -> volt_x wins
  Trick 12: volt_x leads AH, omega_bots plays JH -> volt_x wins
  Hand: omega_bots +22 / volt_x +32 (tricks 5-7)
  Match total: omega_bots 31 - 66 volt_x
Players: omega_bots vs volt_x
Dealer: omega_bots  |  Elder: volt_x
Match scores: 31 - 66
Talon (8): 9C 10C QC 9D 10H 7S 9S JS
omega_bots hand: 8C JC KC 8D JD QD 9H QH AH 10S KS AS
volt_x hand: 7C AC 7D 10D KD AD 7H 8H JH KH 8S QS
  Exchange volt_x: discard 7C 7H 8H JH 8S -> draw 10C 9D 7S 9S JS (talon 3 left)
  Exchange omega_bots: discard 8C 9H 10S -> draw 9C QC 10H (talon 0 left)

--- Phase: declare ---
  Declare point: volt_x wins 5 pts (('point', 5, 'D'))
  Declare sequence: omega_bots wins 3 pts (('sequence', 3, 13, 'C'))
  Declare set: omega_bots wins 3 pts (('set', 3, 12))

--- Phase: tricks ---
  Trick  1: volt_x leads 7D, omega_bots plays 8D -> omega_bots wins
  Trick  2: omega_bots leads AH, volt_x plays KH -> omega_bots wins
  Trick  3: omega_bots leads AS, volt_x plays 7S -> omega_bots wins
  Trick  4: omega_bots leads KS, volt_x plays 9S -> omega_bots wins
  Trick  5: omega_bots leads KC, volt_x plays AC -> volt_x wins
  Trick  6: volt_x leads 9D, omega_bots plays JD -> omega_bots wins
  Trick  7: omega_bots leads JC, volt_x plays 10C -> omega_bots wins
  Trick  8: omega_bots leads QD, volt_x plays KD -> volt_x wins
  Trick  9: volt_x leads AD, omega_bots plays QH -> volt_x wins
  Trick 10: volt_x leads QS, omega_bots plays QC -> volt_x wins
  Trick 11: volt_x leads JS, omega_bots plays 10H -> volt_x wins
  Trick 12: volt_x leads 10D, omega_bots plays 9C -> volt_x wins
  Hand: omega_bots +12 / volt_x +12 (tricks 6-6)
  Match total: omega_bots 43 - 78 volt_x
Players: omega_bots vs volt_x
Dealer: volt_x  |  Elder: omega_bots
Match scores: 43 - 78
Talon (8): 8C KD 7H 8H 9H JH 8S 10S
omega_bots hand: 7C QC AC 7D 9D 10D AD 10H QH 9S JS KS
volt_x hand: 9C 10C JC KC 8D JD QD KH AH 7S QS AS
  Exchange omega_bots: discard 7D 9D 10D 10H JS -> draw 8C KD 9H JH 10S (talon 3 left)
  Exchange volt_x: discard 8D JD 7S -> draw 7H 8H 8S (talon 0 left)

--- Phase: declare ---
  Declare point: volt_x wins 4 pts (('point', 4, 'C'))
  Declare sequence: volt_x wins 3 pts (('sequence', 3, 11, 'C'))

--- Phase: tricks ---
  Trick  1: omega_bots leads AD, volt_x plays QD -> omega_bots wins
  Trick  2: omega_bots leads AC, volt_x plays 9C -> omega_bots wins
  Trick  3: omega_bots leads KS, volt_x plays AS -> volt_x wins
  Trick  4: volt_x leads 7H, omega_bots plays 9H -> omega_bots wins
  Trick  5: omega_bots leads KD, volt_x plays 8H -> omega_bots wins
  Trick  6: omega_bots leads 7C, volt_x plays 10C -> volt_x wins
  Trick  7: volt_x leads KH, omega_bots plays QH -> volt_x wins
  Trick  8: volt_x leads 8S, omega_bots plays 9S -> omega_bots wins
  Trick  9: omega_bots leads QC, volt_x plays KC -> volt_x wins
  Trick 10: volt_x leads AH, omega_bots plays JH -> volt_x wins
  Trick 11: volt_x leads QS, omega_bots plays 10S -> volt_x wins
  Trick 12: volt_x leads JC, omega_bots plays 8C -> volt_x wins
  Hand: omega_bots +5 / volt_x +25 (tricks 5-7)
  Match total: omega_bots 48 - 103 volt_x
  Final: omega_bots 48 - 103 volt_x
  Winner: volt_x

============================================================
Game 40
============================================================
Players: volt_x vs omega_bots
Dealer: volt_x  |  Elder: omega_bots
Match scores: 0 - 0
Talon (8): 9C 10C KC 9D JD KD 10H KH
volt_x hand: 7C AC 7D QD AD 7H 8H QH 8S 9S QS AS
omega_bots hand: 8C JC QC 8D 10D 9H JH AH 7S 10S JS KS
  Exchange omega_bots: discard 8C 8D 9H 7S 10S -> draw 9C 10C KD 10H KH (talon 3 left)
  Exchange volt_x: discard 7C 7D 7H -> draw KC 9D JD (talon 0 left)

--- Phase: declare ---
  Declare point: omega_bots wins 4 pts (('point', 4, 'H'))
  Declare sequence: omega_bots wins 4 pts (('sequence', 4, 12, 'C'))
  Declare set: volt_x wins 3 pts (('set', 3, 14))

--- Phase: tricks ---
  Trick  1: omega_bots leads AH, volt_x plays 8H -> omega_bots wins
  Trick  2: omega_bots leads KS, volt_x plays AS -> volt_x wins
  Trick  3: volt_x leads 9D, omega_bots plays 10D -> omega_bots wins
  Trick  4: omega_bots leads KD, volt_x plays AD -> volt_x wins
  Trick  5: volt_x leads 8S, omega_bots plays JS -> omega_bots wins
  Trick  6: omega_bots leads JH, volt_x plays QH -> volt_x wins
  Trick  7: volt_x leads JD, omega_bots plays JC -> volt_x wins
  Trick  8: volt_x leads 9S, omega_bots plays QC -> volt_x wins
  Trick  9: volt_x leads AC, omega_bots plays 9C -> volt_x wins
  Trick 10: volt_x leads KC, omega_bots plays 10C -> volt_x wins
  Trick 11: volt_x leads QD, omega_bots plays 10H -> volt_x wins
  Trick 12: volt_x leads QS, omega_bots plays KH -> volt_x wins
  Hand: volt_x +23 / omega_bots +11 (tricks 9-3)
  Match total: volt_x 23 - 11 omega_bots
Players: volt_x vs omega_bots
Dealer: omega_bots  |  Elder: volt_x
Match scores: 23 - 11
Talon (8): 10C JC 7D 8D JD 8H QH KS
volt_x hand: 7C 8C 9C QC KC 9D 10D 7H 9H 7S 9S 10S
omega_bots hand: AC QD KD AD 10H JH KH AH 8S JS QS AS
  Exchange volt_x: discard 9D 7H 9H 7S 9S -> draw JC 7D 8D JD KS (talon 3 left)
  Exchange omega_bots: discard 8S JS -> draw 10C QH (talon 1 left)

--- Phase: declare ---
  Declare point: volt_x wins 6 pts (('point', 6, 'C'))
  Declare sequence: omega_bots wins 10 pts (('sequence', 5, 14, 'H'))
  Declare set: omega_bots wins 14 pts (('set', 4, 14))

--- Phase: tricks ---
  Trick  1: volt_x leads 7C, omega_bots plays 10C -> omega_bots wins
  Trick  2: omega_bots leads AD, volt_x plays 7D -> omega_bots wins
  Trick  3: omega_bots leads AS, volt_x plays 10S -> omega_bots wins
  Trick  4: omega_bots leads AH, volt_x plays 8C -> omega_bots wins
  Trick  5: omega_bots leads AC, volt_x plays 9C -> omega_bots wins
  Trick  6: omega_bots leads KH, volt_x plays 8D -> omega_bots wins
  Trick  7: omega_bots leads 10H, volt_x plays 10D -> omega_bots wins
  Trick  8: omega_bots leads JH, volt_x plays JC -> omega_bots wins
  Trick  9: omega_bots leads KD, volt_x plays JD -> omega_bots wins
  Trick 10: omega_bots leads QD, volt_x plays QC -> omega_bots wins
  Trick 11: omega_bots leads QS, volt_x plays KS -> volt_x wins
  Trick 12: volt_x leads KC, omega_bots plays QH -> volt_x wins
  Hand: volt_x +9 / omega_bots +44 (tricks 2-10)
  Match total: volt_x 32 - 55 omega_bots
Players: volt_x vs omega_bots
Dealer: volt_x  |  Elder: omega_bots
Match scores: 32 - 55
Talon (8): 7C 8C 9C AC JD 7H 8H 7S
volt_x hand: 10C JC 8D 9D QD KD AD 9H JH 8S 9S JS
omega_bots hand: QC KC 7D 10D 10H QH KH AH 10S QS KS AS
  Exchange omega_bots: discard QC 7D 10D QH 10S -> draw 7C 8C AC 8H 7S (talon 3 left)
  Exchange volt_x: discard 9H 8S 9S -> draw 9C JD 7H (talon 0 left)

--- Phase: declare ---
  Declare point: volt_x wins 6 pts (('point', 6, 'D'))
  Declare sequence: volt_x wins 4 pts (('sequence', 4, 14, 'D'))
  Declare set: omega_bots wins 3 pts (('set', 3, 14))

--- Phase: tricks ---
  Trick  1: omega_bots leads AH, volt_x plays 7H -> omega_bots wins
  Trick  2: omega_bots leads AS, volt_x plays JS -> omega_bots wins
  Trick  3: omega_bots leads AC, volt_x plays 9C -> omega_bots wins
  Trick  4: omega_bots leads KC, volt_x plays 10C -> omega_bots wins
  Trick  5: omega_bots leads KS, volt_x plays 8D -> omega_bots wins
  Trick  6: omega_bots leads 10H, volt_x plays JH -> volt_x wins
  Trick  7: volt_x leads 9D, omega_bots plays QS -> volt_x wins
  Trick  8: volt_x leads JD, omega_bots plays KH -> volt_x wins
  Trick  9: volt_x leads AD, omega_bots plays 8C -> volt_x wins
  Trick 10: volt_x leads KD, omega_bots plays 8H -> volt_x wins
  Trick 11: volt_x leads QD, omega_bots plays 7S -> volt_x wins
  Trick 12: volt_x leads JC, omega_bots plays 7C -> volt_x wins
  Hand: volt_x +28 / omega_bots +8 (tricks 7-5)
  Match total: volt_x 60 - 63 omega_bots
Players: volt_x vs omega_bots
Dealer: omega_bots  |  Elder: volt_x
Match scores: 60 - 63
Talon (8): 7C 9C JC 9D JD 9H 8S QS
volt_x hand: 8C KC 7D 8D AD QH KH 7S 9S 10S JS KS
omega_bots hand: 10C QC AC 10D QD KD 7H 8H 10H JH AH AS
  Exchange volt_x: discard 8C 7D 8D AD QH -> draw JC 9D JD 9H QS (talon 3 left)
  Exchange omega_bots: discard 10C QC QD -> draw 7C 9C 8S (talon 0 left)

--- Phase: declare ---
  Declare point: volt_x wins 6 pts (('point', 6, 'S'))
  Declare sequence: volt_x wins 10 pts (('sequence', 5, 13, 'S'))
  Declare set: omega_bots wins 3 pts (('set', 3, 14))

--- Phase: tricks ---
  Trick  1: volt_x leads 7S, omega_bots plays 8S -> omega_bots wins
  Trick  2: omega_bots leads AS, volt_x plays 9S -> omega_bots wins
  Trick  3: omega_bots leads AH, volt_x plays 9H -> omega_bots wins
  Trick  4: omega_bots leads AC, volt_x plays JC -> omega_bots wins
  Trick  5: omega_bots leads KD, volt_x plays 9D -> omega_bots wins
  Trick  6: omega_bots leads JH, volt_x plays KH -> volt_x wins
  Trick  7: volt_x leads 10S, omega_bots plays 10D -> volt_x wins
  Trick  8: volt_x leads JS, omega_bots plays 7H -> volt_x wins
  Trick  9: volt_x leads KC, omega_bots plays 7C -> volt_x wins
  Trick 10: volt_x leads KS, omega_bots plays 8H -> volt_x wins
  Trick 11: volt_x leads QS, omega_bots plays 10H -> volt_x wins
  Trick 12: volt_x leads JD, omega_bots plays 9C -> volt_x wins
  Hand: volt_x +34 / omega_bots +8 (tricks 7-5)
  Match total: volt_x 94 - 71 omega_bots
Players: volt_x vs omega_bots
Dealer: volt_x  |  Elder: omega_bots
Match scores: 94 - 71
Talon (8): 7C 8C JC AC 7D 10D 7H QH
volt_x hand: 9C 9D JD QD 9H 10H JH 7S 8S 9S JS AS
omega_bots hand: 10C QC KC 8D KD AD 8H KH AH 10S QS KS
  Exchange omega_bots: discard 10C QC 8D 8H -> draw 7C JC 7D QH (talon 4 left)
  Exchange volt_x: discard 9C 9D QD 7S -> draw 8C AC 10D 7H (talon 0 left)

--- Phase: declare ---
  Declare point: volt_x wins 4 pts (('point', 4, 'S'))
  Declare sequence: omega_bots wins 3 pts (('sequence', 3, 14, 'H'))
  Declare set: omega_bots wins 14 pts (('set', 4, 13))

--- Phase: tricks ---
  Trick  1: omega_bots leads AD, volt_x plays 10D -> omega_bots wins
  Trick  2: omega_bots leads AH, volt_x plays 7H -> omega_bots wins
  Trick  3: omega_bots leads KD, volt_x plays JD -> omega_bots wins
  Trick  4: omega_bots leads KH, volt_x plays 9H -> omega_bots wins
  Trick  5: omega_bots leads KS, volt_x plays AS -> volt_x wins
  Trick  6: volt_x leads 8S, omega_bots plays 10S -> omega_bots wins
  Trick  7: omega_bots leads KC, volt_x plays AC -> volt_x wins
  Trick  8: volt_x leads 10H, omega_bots plays QH -> omega_bots wins
  Trick  9: omega_bots leads QS, volt_x plays 9S -> omega_bots wins
  Trick 10: omega_bots leads 7C, volt_x plays 8C -> volt_x wins
  Trick 11: volt_x leads JH, omega_bots plays JC -> volt_x wins
  Trick 12: volt_x leads JS, omega_bots plays 7D -> volt_x wins
  Hand: volt_x +10 / omega_bots +34 (tricks 5-7)
  Match total: volt_x 104 - 105 omega_bots
  Final: volt_x 104 - 105 omega_bots
  Winner: omega_bots

============================================================
Game 41
============================================================
Players: omega_bots vs volt_x
Dealer: omega_bots  |  Elder: volt_x
Match scores: 0 - 0
Talon (8): 8C JD KD 10H AH 8S QS AS
omega_bots hand: 7C 9C KC AC 8D 9D QD 7H JH KH 9S 10S
volt_x hand: 10C JC QC 7D 10D AD 8H 9H QH 7S JS KS
  Exchange volt_x: discard 7D 8H 9H 7S JS -> draw 8C 10H AH 8S QS (talon 3 left)
  Exchange omega_bots: discard 7H 9S 10S -> draw JD KD AS (talon 0 left)

--- Phase: declare ---
  Declare point: omega_bots wins 5 pts (('point', 5, 'D'))
  Declare sequence: omega_bots wins 3 pts (('sequence', 3, 13, 'D'))
  Declare set: omega_bots wins 3 pts (('set', 3, 13))

--- Phase: tricks ---
  Trick  1: volt_x leads 8C, omega_bots plays 9C -> omega_bots wins
  Trick  2: omega_bots leads AC, volt_x plays 10C -> omega_bots wins
  Trick  3: omega_bots leads AS, volt_x plays 8S -> omega_bots wins
  Trick  4: omega_bots leads KC, volt_x plays JC -> omega_bots wins
  Trick  5: omega_bots leads KH, volt_x plays AH -> volt_x wins
  Trick  6: volt_x leads QS, omega_bots plays 8D -> volt_x wins
  Trick  7: volt_x leads 10D, omega_bots plays 9D -> volt_x wins
  Trick  8: volt_x leads 10H, omega_bots plays JH -> omega_bots wins
  Trick  9: omega_bots leads QD, volt_x plays AD -> volt_x wins
  Trick 10: volt_x leads KS, omega_bots plays 7C -> volt_x wins
  Trick 11: volt_x leads QC, omega_bots plays JD -> volt_x wins
  Trick 12: volt_x leads QH, omega_bots plays KD -> volt_x wins
  Hand: omega_bots +16 / volt_x +18 (tricks 5-7)
  Match total: omega_bots 16 - 18 volt_x
Players: omega_bots vs volt_x
Dealer: volt_x  |  Elder: omega_bots
Match scores: 16 - 18
Talon (8): 7C 7D QD AD KH JS KS AS
omega_bots hand: 9C JC QC JD 7H 9H JH AH 7S 9S 10S QS
volt_x hand: 8C 10C KC AC 8D 9D 10D KD 8H 10H QH 8S
  Exchange omega_bots: discard 9C 7S 9S -> draw AD KS AS (talon 5 left)
  Exchange volt_x: discard 8C KD 8H QH 8S -> draw 7C 7D QD KH JS (talon 0 left)

--- Phase: declare ---
  Declare point: volt_x wins 5 pts (('point', 5, 'D'))
  Declare sequence: volt_x wins 4 pts (('sequence', 4, 10, 'D'))
  Declare set: omega_bots wins 3 pts (('set', 3, 14))

--- Phase: tricks ---
  Trick  1: omega_bots leads AH, volt_x plays 10H -> omega_bots wins
  Trick  2: omega_bots leads AS, volt_x plays JS -> omega_bots wins
  Trick  3: omega_bots leads AD, volt_x plays 7D -> omega_bots wins
  Trick  4: omega_bots leads KS, volt_x plays 7C -> omega_bots wins
  Trick  5: omega_bots leads QC, volt_x plays KC -> volt_x wins
  Trick  6: volt_x leads 8D, omega_bots plays JD -> omega_bots wins
  Trick  7: omega_bots leads 10S, volt_x plays 9D -> omega_bots wins
  Trick  8: omega_bots leads 7H, volt_x plays KH -> volt_x wins
  Trick  9: volt_x leads AC, omega_bots plays JC -> volt_x wins
  Trick 10: volt_x leads QD, omega_bots plays JH -> volt_x wins
  Trick 11: volt_x leads 10D, omega_bots plays 9H -> volt_x wins
  Trick 12: volt_x leads 10C, omega_bots plays QS -> volt_x wins
  Hand: omega_bots +9 / volt_x +16 (tricks 6-6)
  Match total: omega_bots 25 - 34 volt_x
Players: omega_bots vs volt_x
Dealer: omega_bots  |  Elder: volt_x
Match scores: 25 - 34
Talon (8): 7C 9C 10C AD 7H QH JS AS
omega_bots hand: QC KC AC 8D 10D JD KD 10H JH AH 8S 9S
volt_x hand: 8C JC 7D 9D QD 8H 9H KH 7S 10S QS KS
  Exchange volt_x: discard 8C 7D 9D 8H 9H -> draw 7C 7H QH JS AS (talon 3 left)
  Exchange omega_bots: discard JH 8S 9S -> draw 9C 10C AD (talon 0 left)

--- Phase: declare ---
  Declare point: volt_x wins 6 pts (('point', 6, 'S'))
  Declare sequence: volt_x wins 10 pts (('sequence', 5, 14, 'S'))
  Declare set: omega_bots wins 3 pts (('set', 3, 14))

--- Phase: tricks ---
  Trick  1: volt_x leads 7S, omega_bots plays 8D -> volt_x wins
  Trick  2: volt_x leads 10S, omega_bots plays 9C -> volt_x wins
  Trick  3: volt_x leads JS, omega_bots plays 10D -> volt_x wins
  Trick  4: volt_x leads QS, omega_bots plays 10H -> volt_x wins
  Trick  5: volt_x leads 7H, omega_bots plays AH -> omega_bots wins
  Trick  6: omega_bots leads AC, volt_x plays 7C -> omega_bots wins
  Trick  7: omega_bots leads QC, volt_x plays JC -> omega_bots wins
  Trick  8: omega_bots leads JD, volt_x plays QD -> volt_x wins
  Trick  9: volt_x leads AS, omega_bots plays KC -> volt_x wins
  Trick 10: volt_x leads KH, omega_bots plays KD -> volt_x wins
  Trick 11: volt_x leads KS, omega_bots plays AD -> volt_x wins
  Trick 12: volt_x leads QH, omega_bots plays 10C -> volt_x wins
  Hand: omega_bots +6 / volt_x +36 (tricks 3-9)
  Match total: omega_bots 31 - 70 volt_x
Players: omega_bots vs volt_x
Dealer: volt_x  |  Elder: omega_bots
Match scores: 31 - 70
Talon (8): 8C KC 9H 10H KH AH 9S QS
omega_bots hand: 7C 10C AC 7D 8D 10D QD 7H 10S JS KS AS
volt_x hand: 9C JC QC 9D JD KD AD 8H JH QH 7S 8S
  Exchange omega_bots: discard 7C 7D 7H JS -> draw 8C 9H 10H 9S (talon 4 left)
  Exchange volt_x: discard 9C 8H 7S 8S -> draw KC KH AH QS (talon 0 left)

--- Phase: declare ---
  Declare point: volt_x wins 4 pts (('point', 4, 'H'))
  Declare sequence: volt_x wins 4 pts (('sequence', 4, 14, 'H'))
  Declare set: volt_x wins 3 pts (('set', 3, 13))

--- Phase: tricks ---
  Trick  1: omega_bots leads AS, volt_x plays QS -> omega_bots wins
  Trick  2: omega_bots leads AC, volt_x plays JC -> omega_bots wins
  Trick  3: omega_bots leads KS, volt_x plays 9D -> omega_bots wins
  Trick  4: omega_bots leads QD, volt_x plays KD -> volt_x wins
  Trick  5: volt_x leads JH, omega_bots plays 9H -> volt_x wins
  Trick  6: volt_x leads QH, omega_bots plays 10H -> volt_x wins
  Trick  7: volt_x leads JD, omega_bots plays 10D -> volt_x wins
  Trick  8: volt_x leads QC, omega_bots plays 10C -> volt_x wins
  Trick  9: volt_x leads AD, omega_bots plays 8D -> volt_x wins
  Trick 10: volt_x leads AH, omega_bots plays 10S -> volt_x wins
  Trick 11: volt_x leads KH, omega_bots plays 9S -> volt_x wins
  Trick 12: volt_x leads KC, omega_bots plays 8C -> volt_x wins
  Hand: omega_bots +3 / volt_x +31 (tricks 3-9)
  Match total: omega_bots 34 - 101 volt_x
  Final: omega_bots 34 - 101 volt_x
  Winner: volt_x

============================================================
Game 42
============================================================
Players: volt_x vs omega_bots
Dealer: volt_x  |  Elder: omega_bots
Match scores: 0 - 0
Talon (8): 10C 8D 9H JH AH 9S JS QS
volt_x hand: 9C QC KC 7D 10D 7H 8H QH KH 7S 8S 10S
omega_bots hand: 7C 8C JC AC 9D JD QD KD AD 10H KS AS
  Exchange omega_bots: discard 7C 8C JC KS -> draw 10C JH 9S QS (talon 4 left)
  Exchange volt_x: discard 9C 7D 7S 8S -> draw 8D 9H AH JS (talon 0 left)

--- Phase: declare ---
  Declare point: volt_x wins 6 pts (('point', 6, 'H'))
  Declare sequence: omega_bots wins 4 pts (('sequence', 4, 14, 'D'))
  Declare set: omega_bots wins 3 pts (('set', 3, 14))

--- Phase: tricks ---
  Trick  1: omega_bots leads AS, volt_x plays 10S -> omega_bots wins
  Trick  2: omega_bots leads AD, volt_x plays 8D -> omega_bots wins
  Trick  3: omega_bots leads AC, volt_x plays QC -> omega_bots wins
  Trick  4: omega_bots leads KD, volt_x plays 10D -> omega_bots wins
  Trick  5: omega_bots leads QD, volt_x plays 7H -> omega_bots wins
  Trick  6: omega_bots leads 10H, volt_x plays QH -> volt_x wins
  Trick  7: volt_x leads 8H, omega_bots plays JH -> omega_bots wins
  Trick  8: omega_bots leads JD, volt_x plays 9H -> omega_bots wins
  Trick  9: omega_bots leads 9D, volt_x plays JS -> omega_bots wins
  Trick 10: omega_bots leads 9S, volt_x plays KH -> omega_bots wins
  Trick 11: omega_bots leads 10C, volt_x plays KC -> volt_x wins
  Trick 12: volt_x leads AH, omega_bots plays QS -> volt_x wins
  Hand: volt_x +10 / omega_bots +26 (tricks 3-9)
  Match total: volt_x 10 - 26 omega_bots
Players: volt_x vs omega_bots
Dealer: omega_bots  |  Elder: volt_x
Match scores: 10 - 26
Talon (8): 8C QC KC 7H 9H QH KH QS
volt_x hand: 9C 10C 7D 9D 10D KD AD 10H 7S 9S 10S KS
omega_bots hand: 7C JC AC 8D JD QD 8H JH AH 8S JS AS
  Exchange volt_x: discard 9C 7D 7S 9S KS -> draw QC KC 7H KH QS (talon 3 left)
  Exchange omega_bots: discard 7C 8D 8H -> draw 8C 9H QH (talon 0 left)

--- Phase: declare ---
  Declare set: omega_bots wins 3 pts (('set', 3, 14))

--- Phase: tricks ---
  Trick  1: volt_x leads 9D, omega_bots plays JD -> omega_bots wins
  Trick  2: omega_bots leads AC, volt_x plays 10C -> omega_bots wins
  Trick  3: omega_bots leads AH, volt_x plays 7H -> omega_bots wins
  Trick  4: omega_bots leads AS, volt_x plays 10S -> omega_bots wins
  Trick  5: omega_bots leads QD, volt_x plays KD -> volt_x wins
  Trick  6: volt_x leads 10D, omega_bots plays JS -> volt_x wins
  Trick  7: volt_x leads 10H, omega_bots plays 9H -> volt_x wins
  Trick  8: volt_x leads QC, omega_bots plays JC -> volt_x wins
  Trick  9: volt_x leads AD, omega_bots plays 8S -> volt_x wins
  Trick 10: volt_x leads KH, omega_bots plays JH -> volt_x wins
  Trick 11: volt_x leads KC, omega_bots plays 8C -> volt_x wins
  Trick 12: volt_x leads QS, omega_bots plays QH -> volt_x wins
  Hand: volt_x +19 / omega_bots +7 (tricks 8-4)
  Match total: volt_x 29 - 33 omega_bots
Players: volt_x vs omega_bots
Dealer: volt_x  |  Elder: omega_bots
Match scores: 29 - 33
Talon (8): JC QC 8D 8H 10H 8S JS KS
volt_x hand: 7C 8C 10C AC 7D 10D JD KD 7H QH 10S QS
omega_bots hand: 9C KC 9D QD AD 9H JH KH AH 7S 9S AS
  Exchange omega_bots: discard 9C 9D 9H 9S -> draw JC 8H 8S KS (talon 4 left)
  Exchange volt_x: discard 7C 8C 7H QH -> draw QC 8D 10H JS (talon 0 left)

--- Phase: declare ---
  Declare point: volt_x wins 5 pts (('point', 5, 'D'))
  Declare sequence: volt_x wins 3 pts (('sequence', 3, 12, 'S'))
  Declare set: omega_bots wins 3 pts (('set', 3, 14))

--- Phase: tricks ---
  Trick  1: omega_bots leads AD, volt_x plays 7D -> omega_bots wins
  Trick  2: omega_bots leads AS, volt_x plays 10S -> omega_bots wins
  Trick  3: omega_bots leads AH, volt_x plays 10H -> omega_bots wins
  Trick  4: omega_bots leads KC, volt_x plays AC -> volt_x wins
  Trick  5: volt_x leads 8D, omega_bots plays QD -> omega_bots wins
  Trick  6: omega_bots leads JH, volt_x plays 10D -> omega_bots wins
  Trick  7: omega_bots leads 7S, volt_x plays JS -> volt_x wins
  Trick  8: volt_x leads JD, omega_bots plays KH -> volt_x wins
  Trick  9: volt_x leads KD, omega_bots plays KS -> volt_x wins
  Trick 10: volt_x leads QS, omega_bots plays 8S -> volt_x wins
  Trick 11: volt_x leads QC, omega_bots plays JC -> volt_x wins
  Trick 12: volt_x leads 10C, omega_bots plays 8H -> volt_x wins
  Hand: volt_x +26 / omega_bots +8 (tricks 7-5)
  Match total: volt_x 55 - 41 omega_bots
Players: volt_x vs omega_bots
Dealer: omega_bots  |  Elder: volt_x
Match scores: 55 - 41
Talon (8): 9C AC 8D 10D QD KD 9S KS
volt_x hand: 10C QC AD 9H 10H KH AH 7S 10S JS QS AS
omega_bots hand: 7C 8C JC KC 7D 9D JD 7H 8H JH QH 8S
  Exchange volt_x: discard 10C QC 9H 10H KH -> draw 9C AC 8D 10D 9S (talon 3 left)
  Exchange omega_bots: discard 9D 7H 8S -> draw QD KD KS (talon 0 left)

--- Phase: declare ---
  Declare point: volt_x wins 6 pts (('point', 6, 'S'))
  Declare sequence: volt_x wins 4 pts (('sequence', 4, 12, 'S'))
  Declare set: volt_x wins 14 pts (('set', 4, 14))

--- Phase: tricks ---
  Trick  1: volt_x leads 7S, omega_bots plays KS -> omega_bots wins
  Trick  2: omega_bots leads KC, volt_x plays AC -> volt_x wins
  Trick  3: volt_x leads 9S, omega_bots plays 7D -> volt_x wins
  Trick  4: volt_x leads 10S, omega_bots plays 7C -> volt_x wins
  Trick  5: volt_x leads JS, omega_bots plays 8C -> volt_x wins
  Trick  6: volt_x leads 8D, omega_bots plays JD -> omega_bots wins
  Trick  7: omega_bots leads JH, volt_x plays AH -> volt_x wins
  Trick  8: volt_x leads QS, omega_bots plays QH -> volt_x wins
  Trick  9: volt_x leads AD, omega_bots plays QD -> volt_x wins
  Trick 10: volt_x leads AS, omega_bots plays JC -> volt_x wins
  Trick 11: volt_x leads 10D, omega_bots plays KD -> omega_bots wins
  Trick 12: omega_bots leads 8H, volt_x plays 9C -> omega_bots wins
  Hand: volt_x +42 / omega_bots +5 (tricks 8-4)
  Match total: volt_x 97 - 46 omega_bots
Players: volt_x vs omega_bots
Dealer: volt_x  |  Elder: omega_bots
Match scores: 97 - 46
Talon (8): 10C QC KC 7H JH QH 7S JS
volt_x hand: 7C 8C JC AC JD 8H 9H 10H KH AH QS KS
omega_bots hand: 9C 7D 8D 9D 10D QD KD AD 8S 9S 10S AS
  Exchange omega_bots: discard 9C 7D 8S 9S 10S -> draw 10C QC QH 7S JS (talon 3 left)
  Exchange volt_x: discard 7C 8C JC -> draw KC 7H JH (talon 0 left)

--- Phase: declare ---
  Declare point: volt_x wins 7 pts (('point', 7, 'H'))
  Declare sequence: volt_x wins 10 pts (('sequence', 5, 11, 'H'))
  Declare set: volt_x wins 3 pts (('set', 3, 13))

--- Phase: tricks ---
  Trick  1: omega_bots leads AD, volt_x plays JD -> omega_bots wins
  Trick  2: omega_bots leads AS, volt_x plays QS -> omega_bots wins
  Trick  3: omega_bots leads KD, volt_x plays 7H -> omega_bots wins
  Trick  4: omega_bots leads QD, volt_x plays 8H -> omega_bots wins
  Trick  5: omega_bots leads QC, volt_x plays KC -> volt_x wins
  Trick  6: volt_x leads 9H, omega_bots plays QH -> omega_bots wins
  Trick  7: omega_bots leads 8D, volt_x plays 10H -> omega_bots wins
  Trick  8: omega_bots leads 9D, volt_x plays JH -> omega_bots wins
  Trick  9: omega_bots leads 10D, volt_x plays KH -> omega_bots wins
  Trick 10: omega_bots leads 10C, volt_x plays AC -> volt_x wins
  Trick 11: volt_x leads AH, omega_bots plays 7S -> volt_x wins
  Trick 12: volt_x leads KS, omega_bots plays JS -> volt_x wins
  Hand: volt_x +25 / omega_bots +18 (tricks 4-8)
  Match total: volt_x 122 - 64 omega_bots
  Final: volt_x 122 - 64 omega_bots
  Winner: volt_x

============================================================
Game 43
============================================================
Players: omega_bots vs volt_x
Dealer: omega_bots  |  Elder: volt_x
Match scores: 0 - 0
Talon (8): 10C 7D 10D QD KD 10H AH 8S
omega_bots hand: 7C 8C 9C JC QC KC JD AD 8H 10S JS AS
volt_x hand: AC 8D 9D 7H 9H JH QH KH 7S 9S QS KS
  Exchange volt_x: discard 8D 9D 7S 9S QS -> draw 10C 7D KD AH 8S (talon 3 left)
  Exchange omega_bots: discard 7C 8H 10S -> draw 10D QD 10H (talon 0 left)

--- Phase: declare ---
  Declare point: volt_x wins 6 pts (('point', 6, 'H'))
  Declare sequence: volt_x wins 4 pts (('sequence', 4, 14, 'H'))
  Declare set: volt_x wins 3 pts (('set', 3, 13))

--- Phase: tricks ---
  Trick  1: volt_x leads 7H, omega_bots plays 10H -> omega_bots wins
  Trick  2: omega_bots leads AS, volt_x plays 8S -> omega_bots wins
  Trick  3: omega_bots leads AD, volt_x plays 7D -> omega_bots wins
  Trick  4: omega_bots leads KC, volt_x plays AC -> volt_x wins
  Trick  5: volt_x leads 9H, omega_bots plays 8C -> volt_x wins
  Trick  6: volt_x leads JH, omega_bots plays JS -> volt_x wins
  Trick  7: volt_x leads QH, omega_bots plays 9C -> volt_x wins
  Trick  8: volt_x leads KH, omega_bots plays QC -> volt_x wins
  Trick  9: volt_x leads AH, omega_bots plays JC -> volt_x wins
  Trick 10: volt_x leads KS, omega_bots plays JD -> volt_x wins
  Trick 11: volt_x leads KD, omega_bots plays QD -> volt_x wins
  Trick 12: volt_x leads 10C, omega_bots plays 10D -> volt_x wins
  Hand: omega_bots +3 / volt_x +33 (tricks 3-9)
  Match total: omega_bots 3 - 33 volt_x
Players: omega_bots vs volt_x
Dealer: volt_x  |  Elder: omega_bots
Match scores: 3 - 33
Talon (8): JC 7D 10D QD 7H AH 9S 10S
omega_bots hand: 7C 9C 10C 8D 9D 10H JH KH 7S JS QS KS
volt_x hand: 8C QC KC AC JD KD AD 8H 9H QH 8S AS
  Exchange omega_bots: discard 7C 9C 10H JH 7S -> draw QD 7H AH 9S 10S (talon 3 left)
  Exchange volt_x: discard 8H 9H 8S -> draw JC 7D 10D (talon 0 left)

--- Phase: declare ---
  Declare sequence: omega_bots wins 10 pts (('sequence', 5, 13, 'S'))
  Declare set: volt_x wins 3 pts (('set', 3, 14))

--- Phase: tricks ---
  Trick  1: omega_bots leads AH, volt_x plays QH -> omega_bots wins
  Trick  2: omega_bots leads KH, volt_x plays 7D -> omega_bots wins
  Trick  3: omega_bots leads KS, volt_x plays AS -> volt_x wins
  Trick  4: volt_x leads 8C, omega_bots plays 10C -> omega_bots wins
  Trick  5: omega_bots leads QS, volt_x plays 10D -> omega_bots wins
  Trick  6: omega_bots leads JS, volt_x plays JD -> omega_bots wins
  Trick  7: omega_bots leads 8D, volt_x plays KD -> volt_x wins
  Trick  8: volt_x leads JC, omega_bots plays 9D -> volt_x wins
  Trick  9: volt_x leads AC, omega_bots plays 7H -> volt_x wins
  Trick 10: volt_x leads AD, omega_bots plays QD -> volt_x wins
  Trick 11: volt_x leads KC, omega_bots plays 10S -> volt_x wins
  Trick 12: volt_x leads QC, omega_bots plays 9S -> volt_x wins
  Hand: omega_bots +15 / volt_x +21 (tricks 5-7)
  Match total: omega_bots 18 - 54 volt_x
Players: omega_bots vs volt_x
Dealer: omega_bots  |  Elder: volt_x
Match scores: 18 - 54
Talon (8): AC 7D KD AD 9H 10H 10S QS
omega_bots hand: JC QC 8D 9D 10D JD QD 7H AH 8S 9S AS
volt_x hand: 7C 8C 9C 10C KC 8H JH QH KH 7S JS KS
  Exchange volt_x: discard 8H JH QH 7S JS -> draw 7D AD 9H 10H QS (talon 3 left)
  Exchange omega_bots: discard 7H 8S 9S -> draw AC KD 10S (talon 0 left)

--- Phase: declare ---
  Declare point: omega_bots wins 6 pts (('point', 6, 'D'))
  Declare sequence: omega_bots wins 11 pts (('sequence', 6, 13, 'D'))
  Declare set: omega_bots wins 3 pts (('set', 3, 14))

--- Phase: tricks ---
  Trick  1: volt_x leads 7C, omega_bots plays JC -> omega_bots wins
  Trick  2: omega_bots leads AS, volt_x plays QS -> omega_bots wins
  Trick  3: omega_bots leads AH, volt_x plays 9H -> omega_bots wins
  Trick  4: omega_bots leads AC, volt_x plays 8C -> omega_bots wins
  Trick  5: omega_bots leads KD, volt_x plays AD -> volt_x wins
  Trick  6: volt_x leads 9C, omega_bots plays QC -> omega_bots wins
  Trick  7: omega_bots leads 8D, volt_x plays 7D -> omega_bots wins
  Trick  8: omega_bots leads 9D, volt_x plays 10C -> omega_bots wins
  Trick  9: omega_bots leads QD, volt_x plays 10H -> omega_bots wins
  Trick 10: omega_bots leads JD, volt_x plays KS -> omega_bots wins
  Trick 11: omega_bots leads 10D, volt_x plays KC -> omega_bots wins
  Trick 12: omega_bots leads 10S, volt_x plays KH -> omega_bots wins
  Hand: omega_bots +42 / volt_x +1 (tricks 11-1)
  Match total: omega_bots 60 - 55 volt_x
Players: omega_bots vs volt_x
Dealer: volt_x  |  Elder: omega_bots
Match scores: 60 - 55
Talon (8): 8C 10D AD 9H 10H AH JS QS
omega_bots hand: 9C JC AC 9D QD KD JH QH KH 8S KS AS
volt_x hand: 7C 10C QC KC 7D 8D JD 7H 8H 7S 9S 10S
  Exchange omega_bots: discard 9C 9D QD 8S AS -> draw 8C AD AH JS QS (talon 3 left)
  Exchange volt_x: discard 7D 7H 7S -> draw 10D 9H 10H (talon 0 left)

--- Phase: declare ---
  Declare point: omega_bots wins 4 pts (('point', 4, 'H'))
  Declare sequence: omega_bots wins 4 pts (('sequence', 4, 14, 'H'))
  Declare set: omega_bots wins 3 pts (('set', 3, 14))

--- Phase: tricks ---
  Trick  1: omega_bots leads AC, volt_x plays 7C -> omega_bots wins
  Trick  2: omega_bots leads AD, volt_x plays 8D -> omega_bots wins
  Trick  3: omega_bots leads AH, volt_x plays 8H -> omega_bots wins
  Trick  4: omega_bots leads KS, volt_x plays 9S -> omega_bots wins
  Trick  5: omega_bots leads KD, volt_x plays 10D -> omega_bots wins
  Trick  6: omega_bots leads JH, volt_x plays 9H -> omega_bots wins
  Trick  7: omega_bots leads JC, volt_x plays QC -> volt_x wins
  Trick  8: volt_x leads 10C, omega_bots plays 8C -> volt_x wins
  Trick  9: volt_x leads KC, omega_bots plays KH -> volt_x wins
  Trick 10: volt_x leads JD, omega_bots plays QH -> volt_x wins
  Trick 11: volt_x leads 10S, omega_bots plays QS -> omega_bots wins
  Trick 12: omega_bots leads JS, volt_x plays 10H -> omega_bots wins
  Hand: omega_bots +30 / volt_x +4 (tricks 8-4)
  Match total: omega_bots 90 - 59 volt_x
Players: omega_bots vs volt_x
Dealer: omega_bots  |  Elder: volt_x
Match scores: 90 - 59
Talon (8): 8C AC QD AD 8H 9H AH 9S
omega_bots hand: 9C 8D 10D 7H JH QH KH 7S 8S JS QS AS
volt_x hand: 7C 10C JC QC KC 7D 9D JD KD 10H 10S KS
  Exchange volt_x: discard 7D 9D JD 10H 10S -> draw 8C AC QD AD AH (talon 3 left)
  Exchange omega_bots: discard 9C 8D 10D -> draw 8H 9H 9S (talon 0 left)

--- Phase: declare ---
  Declare point: volt_x wins 7 pts (('point', 7, 'C'))
  Declare sequence: volt_x wins 10 pts (('sequence', 5, 14, 'C'))
  Declare set: volt_x wins 3 pts (('set', 3, 14))

--- Phase: tricks ---
  Trick  1: volt_x leads 7C, omega_bots plays 7S -> volt_x wins
  Trick  2: volt_x leads 8C, omega_bots plays 7H -> volt_x wins
  Trick  3: volt_x leads 10C, omega_bots plays 8S -> volt_x wins
  Trick  4: volt_x leads JC, omega_bots plays 8H -> volt_x wins
  Trick  5: volt_x leads QC, omega_bots plays 9S -> volt_x wins
  Trick  6: volt_x leads QD, omega_bots plays JH -> volt_x wins
  Trick  7: volt_x leads KC, omega_bots plays AS -> volt_x wins
  Trick  8: volt_x leads KD, omega_bots plays KH -> volt_x wins
  Trick  9: volt_x leads AC, omega_bots plays QH -> volt_x wins
  Trick 10: volt_x leads AD, omega_bots plays JS -> volt_x wins
  Trick 11: volt_x leads AH, omega_bots plays 9H -> volt_x wins
  Trick 12: volt_x leads KS, omega_bots plays QS -> volt_x wins
  Hand: omega_bots +0 / volt_x +103 (tricks 0-12)
  Match total: omega_bots 90 - 162 volt_x
  Final: omega_bots 90 - 162 volt_x
  Winner: volt_x

============================================================
Game 44
============================================================
Players: volt_x vs omega_bots
Dealer: volt_x  |  Elder: omega_bots
Match scores: 0 - 0
Talon (8): 7C 10C 7D QD 7H 9S JS AS
volt_x hand: 8C QC 9D JD KD QH AH 7S 8S 10S QS KS
omega_bots hand: 9C JC KC AC 8D 10D AD 8H 9H 10H JH KH
  Exchange omega_bots: discard 9C JC KC 8D 10D -> draw 7C 10C QD 9S AS (talon 3 left)
  Exchange volt_x: discard 8C 9D JD -> draw 7D 7H JS (talon 0 left)

--- Phase: declare ---
  Declare point: volt_x wins 6 pts (('point', 6, 'S'))
  Declare sequence: volt_x wins 4 pts (('sequence', 4, 13, 'S'))
  Declare set: omega_bots wins 3 pts (('set', 3, 14))

--- Phase: tricks ---
  Trick  1: omega_bots leads AC, volt_x plays QC -> omega_bots wins
  Trick  2: omega_bots leads AD, volt_x plays 7D -> omega_bots wins
  Trick  3: omega_bots leads AS, volt_x plays 7S -> omega_bots wins
  Trick  4: omega_bots leads KH, volt_x plays AH -> volt_x wins
  Trick  5: volt_x leads 8S, omega_bots plays 9S -> omega_bots wins
  Trick  6: omega_bots leads 10H, volt_x plays QH -> volt_x wins
  Trick  7: volt_x leads 10S, omega_bots plays 9H -> volt_x wins
  Trick  8: volt_x leads JS, omega_bots plays 8H -> volt_x wins
  Trick  9: volt_x leads KD, omega_bots plays QD -> volt_x wins
  Trick 10: volt_x leads KS, omega_bots plays JH -> volt_x wins
  Trick 11: volt_x leads QS, omega_bots plays 10C -> volt_x wins
  Trick 12: volt_x leads 7H, omega_bots plays 7C -> volt_x wins
  Hand: volt_x +29 / omega_bots +7 (tricks 8-4)
  Match total: volt_x 29 - 7 omega_bots
Players: volt_x vs omega_bots
Dealer: omega_bots  |  Elder: volt_x
Match scores: 29 - 7
Talon (8): 7C AC KD AD 7H 9H 10H KS
volt_x hand: 9C 7D 8D QD 8H JH QH AH 7S 9S JS AS
omega_bots hand: 8C 10C JC QC KC 9D 10D JD KH 8S 10S QS
  Exchange volt_x: discard 9C 7D 8D 7S 9S -> draw 7C AC KD AD 7H (talon 3 left)
  Exchange omega_bots: discard 9D 8S 10S -> draw 9H 10H KS (talon 0 left)

--- Phase: declare ---
  Declare point: omega_bots wins 5 pts (('point', 5, 'C'))
  Declare sequence: omega_bots wins 4 pts (('sequence', 4, 13, 'C'))
  Declare set: volt_x wins 14 pts (('set', 4, 14))

--- Phase: tricks ---
  Trick  1: volt_x leads 7H, omega_bots plays 9H -> omega_bots wins
  Trick  2: omega_bots leads KH, volt_x plays AH -> volt_x wins
  Trick  3: volt_x leads QD, omega_bots plays 10D -> volt_x wins
  Trick  4: volt_x leads 8H, omega_bots plays 10H -> omega_bots wins
  Trick  5: omega_bots leads KC, volt_x plays AC -> volt_x wins
  Trick  6: volt_x leads JS, omega_bots plays QS -> omega_bots wins
  Trick  7: omega_bots leads QC, volt_x plays 7C -> omega_bots wins
  Trick  8: omega_bots leads JD, volt_x plays KD -> volt_x wins
  Trick  9: volt_x leads AS, omega_bots plays KS -> volt_x wins
  Trick 10: volt_x leads AD, omega_bots plays 8C -> volt_x wins
  Trick 11: volt_x leads QH, omega_bots plays 10C -> volt_x wins
  Trick 12: volt_x leads JH, omega_bots plays JC -> volt_x wins
  Hand: volt_x +33 / omega_bots +13 (tricks 8-4)
  Match total: volt_x 62 - 20 omega_bots
Players: volt_x vs omega_bots
Dealer: volt_x  |  Elder: omega_bots
Match scores: 62 - 20
Talon (8): 8C AC JD AD 8H 9H 7S 10S
volt_x hand: 7C 10C KC 9D QD KD 10H QH 8S JS QS AS
omega_bots hand: 9C JC QC 7D 8D 10D 7H JH KH AH 9S KS
  Exchange omega_bots: discard 7D 8D 10D 7H 9S -> draw JD AD 8H 9H 10S (talon 3 left)
  Exchange volt_x: discard 7C 9D 10H -> draw 8C AC 7S (talon 0 left)

--- Phase: declare ---
  Declare point: omega_bots wins 5 pts (('point', 5, 'H'))
  Declare set: volt_x wins 3 pts (('set', 3, 12))

--- Phase: tricks ---
  Trick  1: omega_bots leads AH, volt_x plays QH -> omega_bots wins
  Trick  2: omega_bots leads AD, volt_x plays QD -> omega_bots wins
  Trick  3: omega_bots leads KS, volt_x plays AS -> volt_x wins
  Trick  4: volt_x leads 7S, omega_bots plays 10S -> omega_bots wins
  Trick  5: omega_bots leads KH, volt_x plays 8S -> omega_bots wins
  Trick  6: omega_bots leads QC, volt_x plays KC -> volt_x wins
  Trick  7: volt_x leads 8C, omega_bots plays 9C -> omega_bots wins
  Trick  8: omega_bots leads JH, volt_x plays 10C -> omega_bots wins
  Trick  9: omega_bots leads JC, volt_x plays AC -> volt_x wins
  Trick 10: volt_x leads KD, omega_bots plays JD -> volt_x wins
  Trick 11: volt_x leads QS, omega_bots plays 8H -> volt_x wins
  Trick 12: volt_x leads JS, omega_bots plays 9H -> volt_x wins
  Hand: volt_x +10 / omega_bots +11 (tricks 6-6)
  Match total: volt_x 72 - 31 omega_bots
Players: volt_x vs omega_bots
Dealer: omega_bots  |  Elder: volt_x
Match scores: 72 - 31
Talon (8): JC JD 7H 10H QH 8S JS AS
volt_x hand: 7C 9C 10C QC 7D 8D 10D AD AH 9S QS KS
omega_bots hand: 8C KC AC 9D QD KD 8H 9H JH KH 7S 10S
  Exchange volt_x: discard 7C 9C 10C 9S QS -> draw JD 7H 10H QH JS (talon 3 left)
  Exchange omega_bots: discard 8H 7S 10S -> draw JC 8S AS (talon 0 left)

--- Phase: declare ---
  Declare point: volt_x wins 5 pts (('point', 5, 'D'))
  Declare set: omega_bots wins 3 pts (('set', 3, 13))

--- Phase: tricks ---
  Trick  1: volt_x leads 7D, omega_bots plays 9D -> omega_bots wins
  Trick  2: omega_bots leads AC, volt_x plays QC -> omega_bots wins
  Trick  3: omega_bots leads AS, volt_x plays JS -> omega_bots wins
  Trick  4: omega_bots leads KH, volt_x plays AH -> volt_x wins
  Trick  5: volt_x leads 8D, omega_bots plays QD -> omega_bots wins
  Trick  6: omega_bots leads 8C, volt_x plays 7H -> omega_bots wins
  Trick  7: omega_bots leads 9H, volt_x plays 10H -> volt_x wins
  Trick  8: volt_x leads 10D, omega_bots plays KD -> omega_bots wins
  Trick  9: omega_bots leads JH, volt_x plays QH -> volt_x wins
  Trick 10: volt_x leads AD, omega_bots plays KC -> volt_x wins
  Trick 11: volt_x leads KS, omega_bots plays 8S -> volt_x wins
  Trick 12: volt_x leads JD, omega_bots plays JC -> volt_x wins
  Hand: volt_x +12 / omega_bots +9 (tricks 6-6)
  Match total: volt_x 84 - 40 omega_bots
Players: volt_x vs omega_bots
Dealer: volt_x  |  Elder: omega_bots
Match scores: 84 - 40
Talon (8): 9C 10C KC 10D JD QH 7S 8S
volt_x hand: 7C 8C JC 7D 7H 8H 9H JH 10S JS KS AS
omega_bots hand: QC AC 8D 9D QD KD AD 10H KH AH 9S QS
  Exchange omega_bots: discard QC 10H KH 9S -> draw 9C 10D JD QH (talon 4 left)
  Exchange volt_x: discard 7C 8C 7D 10S -> draw 10C KC 7S 8S (talon 0 left)

--- Phase: declare ---
  Declare point: omega_bots wins 7 pts (('point', 7, 'D'))
  Declare sequence: omega_bots wins 12 pts (('sequence', 7, 14, 'D'))
  Declare set: omega_bots wins 3 pts (('set', 3, 14))

--- Phase: tricks ---
  Trick  1: omega_bots leads AD, volt_x plays 7H -> omega_bots wins
  Trick  2: omega_bots leads AC, volt_x plays 10C -> omega_bots wins
  Trick  3: omega_bots leads AH, volt_x plays 8H -> omega_bots wins
  Trick  4: omega_bots leads KD, volt_x plays 7S -> omega_bots wins
  Trick  5: omega_bots leads QS, volt_x plays KS -> volt_x wins
  Trick  6: volt_x leads 8S, omega_bots plays 9D -> volt_x wins
  Trick  7: volt_x leads 9H, omega_bots plays QH -> omega_bots wins
  Trick  8: omega_bots leads QD, volt_x plays JH -> omega_bots wins
  Trick  9: omega_bots leads 8D, volt_x plays JS -> omega_bots wins
  Trick 10: omega_bots leads 9C, volt_x plays JC -> volt_x wins
  Trick 11: volt_x leads AS, omega_bots plays 10D -> volt_x wins
  Trick 12: volt_x leads KC, omega_bots plays JD -> volt_x wins
  Hand: volt_x +6 / omega_bots +39 (tricks 5-7)
  Match total: volt_x 90 - 79 omega_bots
Players: volt_x vs omega_bots
Dealer: omega_bots  |  Elder: volt_x
Match scores: 90 - 79
Talon (8): 9C 7D 8D 8H 10H JH AH KS
volt_x hand: JC 9D JD QD KD 7H 9H QH 7S 8S 9S AS
omega_bots hand: 7C 8C 10C QC KC AC 10D AD KH 10S JS QS
  Exchange volt_x: discard 7H 9H 7S 8S 9S -> draw 7D 8D 8H AH KS (talon 3 left)
  Exchange omega_bots: discard KH JS QS -> draw 9C 10H JH (talon 0 left)

--- Phase: declare ---
  Declare point: omega_bots wins 7 pts (('point', 7, 'C'))
  Declare sequence: omega_bots wins 4 pts (('sequence', 4, 10, 'C'))
  Declare set: omega_bots wins 14 pts (('set', 4, 10))

--- Phase: tricks ---
  Trick  1: volt_x leads 7D, omega_bots plays 10D -> omega_bots wins
  Trick  2: omega_bots leads AC, volt_x plays JC -> omega_bots wins
  Trick  3: omega_bots leads AD, volt_x plays 8D -> omega_bots wins
  Trick  4: omega_bots leads KC, volt_x plays 8H -> omega_bots wins
  Trick  5: omega_bots leads QC, volt_x plays 9D -> omega_bots wins
  Trick  6: omega_bots leads 10S, volt_x plays KS -> volt_x wins
  Trick  7: volt_x leads JD, omega_bots plays 7C -> volt_x wins
  Trick  8: volt_x leads QD, omega_bots plays 8C -> volt_x wins
  Trick  9: volt_x leads AS, omega_bots plays 10C -> volt_x wins
  Trick 10: volt_x leads AH, omega_bots plays 10H -> volt_x wins
  Trick 11: volt_x leads KD, omega_bots plays JH -> volt_x wins
  Trick 12: volt_x leads QH, omega_bots plays 9C -> volt_x wins
  Hand: volt_x +18 / omega_bots +30 (tricks 7-5)
  Match total: volt_x 108 - 109 omega_bots
  Final: volt_x 108 - 109 omega_bots
  Winner: omega_bots

============================================================
Game 45
============================================================
Players: omega_bots vs volt_x
Dealer: omega_bots  |  Elder: volt_x
Match scores: 0 - 0
Talon (8): 7C 10C JD 7H 8H 9S JS KS
omega_bots hand: KC AC 8D 9D 10D QD KD JH QH 7S 10S QS
volt_x hand: 8C 9C JC QC 7D AD 9H 10H KH AH 8S AS
  Exchange volt_x: discard 8C 9C QC 7D 8S -> draw 10C 7H 8H 9S JS (talon 3 left)
  Exchange omega_bots: discard JH 7S 10S -> draw 7C JD KS (talon 0 left)

--- Phase: declare ---
  Declare point: omega_bots wins 6 pts (('point', 6, 'D'))
  Declare sequence: omega_bots wins 11 pts (('sequence', 6, 13, 'D'))
  Declare set: volt_x wins 3 pts (('set', 3, 14))

--- Phase: tricks ---
  Trick  1: volt_x leads 7H, omega_bots plays QH -> omega_bots wins
  Trick  2: omega_bots leads AC, volt_x plays 10C -> omega_bots wins
  Trick  3: omega_bots leads KD, volt_x plays AD -> volt_x wins
  Trick  4: volt_x leads 8H, omega_bots plays 7C -> volt_x wins
  Trick  5: volt_x leads 9H, omega_bots plays 8D -> volt_x wins
  Trick  6: volt_x leads 9S, omega_bots plays QS -> omega_bots wins
  Trick  7: omega_bots leads 10D, volt_x plays 10H -> omega_bots wins
  Trick  8: omega_bots leads 9D, volt_x plays JC -> omega_bots wins
  Trick  9: omega_bots leads QD, volt_x plays JS -> omega_bots wins
  Trick 10: omega_bots leads KC, volt_x plays KH -> omega_bots wins
  Trick 11: omega_bots leads KS, volt_x plays AS -> volt_x wins
  Trick 12: volt_x leads AH, omega_bots plays JD -> volt_x wins
  Hand: omega_bots +34 / volt_x +9 (tricks 7-5)
  Match total: omega_bots 34 - 9 volt_x
Players: omega_bots vs volt_x
Dealer: volt_x  |  Elder: omega_bots
Match scores: 34 - 9
Talon (8): 7C 8C AC 9D 8H 9H 10H AH
omega_bots hand: 10C KC 7D 8D 10D JD QD AD JH 8S QS AS
volt_x hand: 9C JC QC KD 7H QH KH 7S 9S 10S JS KS
  Exchange omega_bots: discard 10C 8D JH 8S -> draw 7C 8C 9H AH (talon 4 left)
  Exchange volt_x: discard 9C JC QC 7H -> draw AC 9D 8H 10H (talon 0 left)

--- Phase: declare ---
  Declare point: omega_bots wins 5 pts (('point', 5, 'D'))
  Declare sequence: omega_bots wins 3 pts (('sequence', 3, 12, 'D'))
  Declare set: omega_bots wins 3 pts (('set', 3, 14))

--- Phase: tricks ---
  Trick  1: omega_bots leads AS, volt_x plays 7S -> omega_bots wins
  Trick  2: omega_bots leads AD, volt_x plays 9D -> omega_bots wins
  Trick  3: omega_bots leads AH, volt_x plays 8H -> omega_bots wins
  Trick  4: omega_bots leads KC, volt_x plays AC -> volt_x wins
  Trick  5: volt_x leads 9S, omega_bots plays QS -> omega_bots wins
  Trick  6: omega_bots leads 10D, volt_x plays KD -> volt_x wins
  Trick  7: volt_x leads 10S, omega_bots plays QD -> volt_x wins
  Trick  8: volt_x leads 10H, omega_bots plays 9H -> volt_x wins
  Trick  9: volt_x leads KS, omega_bots plays JD -> volt_x wins
  Trick 10: volt_x leads KH, omega_bots plays 7D -> volt_x wins
  Trick 11: volt_x leads QH, omega_bots plays 7C -> volt_x wins
  Trick 12: volt_x leads JS, omega_bots plays 8C -> volt_x wins
  Hand: omega_bots +15 / volt_x +19 (tricks 4-8)
  Match total: omega_bots 49 - 28 volt_x
Players: omega_bots vs volt_x
Dealer: omega_bots  |  Elder: volt_x
Match scores: 49 - 28
Talon (8): QC KC 9D 10D AD 8S 9S JS
omega_bots hand: 8C 9C 10C 7D KD 7H 9H 10H KH AH 10S QS
volt_x hand: 7C JC AC 8D JD QD 8H JH QH 7S KS AS
  Exchange volt_x: discard 7C 8H QH 7S KS -> draw QC KC 9D 10D AD (talon 3 left)
  Exchange omega_bots: discard 7D QS -> draw 8S JS (talon 1 left)

--- Phase: declare ---
  Declare point: volt_x wins 6 pts (('point', 6, 'D'))
  Declare sequence: volt_x wins 10 pts (('sequence', 5, 12, 'D'))
  Declare set: volt_x wins 3 pts (('set', 3, 14))

--- Phase: tricks ---
  Trick  1: volt_x leads 8D, omega_bots plays KD -> omega_bots wins
  Trick  2: omega_bots leads AH, volt_x plays JH -> omega_bots wins
  Trick  3: omega_bots leads KH, volt_x plays 9D -> omega_bots wins
  Trick  4: omega_bots leads JS, volt_x plays AS -> volt_x wins
  Trick  5: volt_x leads 10D, omega_bots plays 7H -> volt_x wins
  Trick  6: volt_x leads JC, omega_bots plays 8C -> volt_x wins
  Trick  7: volt_x leads JD, omega_bots plays 9H -> volt_x wins
  Trick  8: volt_x leads QC, omega_bots plays 9C -> volt_x wins
  Trick  9: volt_x leads AC, omega_bots plays 10C -> volt_x wins
  Trick 10: volt_x leads AD, omega_bots plays 10H -> volt_x wins
  Trick 11: volt_x leads KC, omega_bots plays 10S -> volt_x wins
  Trick 12: volt_x leads QD, omega_bots plays 8S -> volt_x wins
  Hand: omega_bots +3 / volt_x +39 (tricks 3-9)
  Match total: omega_bots 52 - 67 volt_x
Players: omega_bots vs volt_x
Dealer: volt_x  |  Elder: omega_bots
Match scores: 52 - 67
Talon (8): 8C 9C KC AD QH KH 10S JS
omega_bots hand: 10C QC AC 7D 8D JD QD 7H JH AH 8S QS
volt_x hand: 7C JC 9D 10D KD 8H 9H 10H 7S 9S KS AS
  Exchange omega_bots: discard 10C 7D 7H JH 8S -> draw 8C AD QH KH JS (talon 3 left)
  Exchange volt_x: discard 7C JC 9D -> draw 9C KC 10S (talon 0 left)

--- Phase: declare ---
  Declare point: volt_x wins 5 pts (('point', 5, 'S'))
  Declare sequence: omega_bots wins 3 pts (('sequence', 3, 14, 'H'))
  Declare set: omega_bots wins 3 pts (('set', 3, 14))

--- Phase: tricks ---
  Trick  1: omega_bots leads AH, volt_x plays 8H -> omega_bots wins
  Trick  2: omega_bots leads AC, volt_x plays 9C -> omega_bots wins
  Trick  3: omega_bots leads AD, volt_x plays 10D -> omega_bots wins
  Trick  4: omega_bots leads KH, volt_x plays 9H -> omega_bots wins
  Trick  5: omega_bots leads QS, volt_x plays KS -> volt_x wins
  Trick  6: volt_x leads 7S, omega_bots plays JS -> omega_bots wins
  Trick  7: omega_bots leads JD, volt_x plays KD -> volt_x wins
  Trick  8: volt_x leads 9S, omega_bots plays 8D -> volt_x wins
  Trick  9: volt_x leads AS, omega_bots plays QD -> volt_x wins
  Trick 10: volt_x leads KC, omega_bots plays QC -> volt_x wins
  Trick 11: volt_x leads 10H, omega_bots plays QH -> omega_bots wins
  Trick 12: omega_bots leads 8C, volt_x plays 10S -> omega_bots wins
  Hand: omega_bots +24 / volt_x +10 (tricks 7-5)
  Match total: omega_bots 76 - 77 volt_x
Players: omega_bots vs volt_x
Dealer: omega_bots  |  Elder: volt_x
Match scores: 76 - 77
Talon (8): 10C KC 7D 8D QD 8H 9H JH
omega_bots hand: 7C 8C 9C QC AC 9D 7H 10H 8S JS QS AS
volt_x hand: JC 10D JD KD AD QH KH AH 7S 9S 10S KS
  Exchange volt_x: discard JC JD 7S 9S 10S -> draw 10C KC 7D QD 9H (talon 3 left)
  Exchange omega_bots: discard 9D 7H 10H -> draw 8D 8H JH (talon 0 left)

--- Phase: declare ---
  Declare point: volt_x wins 5 pts (('point', 5, 'D'))
  Declare sequence: volt_x wins 3 pts (('sequence', 3, 14, 'H'))
  Declare set: volt_x wins 14 pts (('set', 4, 13))

--- Phase: tricks ---
  Trick  1: volt_x leads 7D, omega_bots plays 8D -> omega_bots wins
  Trick  2: omega_bots leads AC, volt_x plays 10C -> omega_bots wins
  Trick  3: omega_bots leads AS, volt_x plays KS -> omega_bots wins
  Trick  4: omega_bots leads QS, volt_x plays 9H -> omega_bots wins
  Trick  5: omega_bots leads QC, volt_x plays KC -> volt_x wins
  Trick  6: volt_x leads 10D, omega_bots plays JS -> volt_x wins
  Trick  7: volt_x leads QD, omega_bots plays 8S -> volt_x wins
  Trick  8: volt_x leads QH, omega_bots plays JH -> volt_x wins
  Trick  9: volt_x leads AD, omega_bots plays 9C -> volt_x wins
  Trick 10: volt_x leads AH, omega_bots plays 8H -> volt_x wins
  Trick 11: volt_x leads KD, omega_bots plays 7C -> volt_x wins
  Trick 12: volt_x leads KH, omega_bots plays 8C -> volt_x wins
  Hand: omega_bots +4 / volt_x +41 (tricks 4-8)
  Match total: omega_bots 80 - 118 volt_x
  Final: omega_bots 80 - 118 volt_x
  Winner: volt_x

============================================================
Game 46
============================================================
Players: volt_x vs omega_bots
Dealer: volt_x  |  Elder: omega_bots
Match scores: 0 - 0
Talon (8): 7C 8C 10C JD QD QH AH 7S
volt_x hand: 9C JC QC KC AC 8D 10D 7H 10H 8S 9S KS
omega_bots hand: 7D 9D KD AD 8H 9H JH KH 10S JS QS AS
  Exchange omega_bots: discard 7D 8H 9H JH KH -> draw 8C 10C QD AH 7S (talon 3 left)
  Exchange volt_x: discard 8D 7H 8S -> draw 7C JD QH (talon 0 left)

--- Phase: declare ---
  Declare point: volt_x wins 6 pts (('point', 6, 'C'))
  Declare sequence: volt_x wins 4 pts (('sequence', 4, 14, 'C'))
  Declare set: omega_bots wins 3 pts (('set', 3, 14))

--- Phase: tricks ---
  Trick  1: omega_bots leads AD, volt_x plays 10D -> omega_bots wins
  Trick  2: omega_bots leads AS, volt_x plays 9S -> omega_bots wins
  Trick  3: omega_bots leads AH, volt_x plays 10H -> omega_bots wins
  Trick  4: omega_bots leads KD, volt_x plays JD -> omega_bots wins
  Trick  5: omega_bots leads QS, volt_x plays KS -> volt_x wins
  Trick  6: volt_x leads 7C, omega_bots plays 8C -> omega_bots wins
  Trick  7: omega_bots leads JS, volt_x plays 9C -> omega_bots wins
  Trick  8: omega_bots leads 10S, volt_x plays JC -> omega_bots wins
  Trick  9: omega_bots leads 9D, volt_x plays QC -> omega_bots wins
  Trick 10: omega_bots leads 7S, volt_x plays QH -> omega_bots wins
  Trick 11: omega_bots leads 10C, volt_x plays KC -> volt_x wins
  Trick 12: volt_x leads AC, omega_bots plays QD -> volt_x wins
  Hand: volt_x +14 / omega_bots +22 (tricks 3-9)
  Match total: volt_x 14 - 22 omega_bots
Players: volt_x vs omega_bots
Dealer: omega_bots  |  Elder: volt_x
Match scores: 14 - 22
Talon (8): 8C AC 7D 9D JD AH 10S AS
volt_x hand: 7C 10C JC QC 8D QD AD 7H 10H 7S 9S KS
omega_bots hand: 9C KC 10D KD 8H 9H JH QH KH 8S JS QS
  Exchange volt_x: discard 8D 7H 10H 7S 9S -> draw 8C AC 9D JD 10S (talon 3 left)
  Exchange omega_bots: discard 9C 10D 8S -> draw 7D AH AS (talon 0 left)

--- Phase: declare ---
  Declare point: omega_bots wins 6 pts (('point', 6, 'H'))
  Declare sequence: omega_bots wins 4 pts (('sequence', 4, 14, 'H'))
  Declare set: omega_bots wins 3 pts (('set', 3, 13))

--- Phase: tricks ---
  Trick  1: volt_x leads 7C, omega_bots plays KC -> omega_bots wins
  Trick  2: omega_bots leads AH, volt_x plays 8C -> omega_bots wins
  Trick  3: omega_bots leads AS, volt_x plays 10S -> omega_bots wins
  Trick  4: omega_bots leads KH, volt_x plays 9D -> omega_bots wins
  Trick  5: omega_bots leads KD, volt_x plays AD -> volt_x wins
  Trick  6: volt_x leads 10C, omega_bots plays JS -> volt_x wins
  Trick  7: volt_x leads JC, omega_bots plays QH -> volt_x wins
  Trick  8: volt_x leads QC, omega_bots plays JH -> volt_x wins
  Trick  9: volt_x leads AC, omega_bots plays QS -> volt_x wins
  Trick 10: volt_x leads KS, omega_bots plays 9H -> volt_x wins
  Trick 11: volt_x leads QD, omega_bots plays 7D -> volt_x wins
  Trick 12: volt_x leads JD, omega_bots plays 8H -> volt_x wins
  Hand: volt_x +19 / omega_bots +17 (tricks 8-4)
  Match total: volt_x 33 - 39 omega_bots
Players: volt_x vs omega_bots
Dealer: volt_x  |  Elder: omega_bots
Match scores: 33 - 39
Talon (8): 9C 10C QC QD KD QH AH 7S
volt_x hand: JC KC AC 7D 8D 10D 8H JH KH 10S KS AS
omega_bots hand: 7C 8C 9D JD AD 7H 9H 10H 8S 9S JS QS
  Exchange omega_bots: discard 8C 9D JD 7H 9H -> draw 9C 10C QD AH 7S (talon 3 left)
  Exchange volt_x: discard 7D 8D 8H -> draw QC KD QH (talon 0 left)

--- Phase: declare ---
  Declare point: omega_bots wins 5 pts (('point', 5, 'S'))
  Declare sequence: volt_x wins 4 pts (('sequence', 4, 14, 'C'))
  Declare set: volt_x wins 14 pts (('set', 4, 13))

--- Phase: tricks ---
  Trick  1: omega_bots leads AD, volt_x plays 10D -> omega_bots wins
  Trick  2: omega_bots leads AH, volt_x plays JH -> omega_bots wins
  Trick  3: omega_bots leads QS, volt_x plays KS -> volt_x wins
  Trick  4: volt_x leads JC, omega_bots plays 7C -> volt_x wins
  Trick  5: volt_x leads QC, omega_bots plays 9C -> volt_x wins
  Trick  6: volt_x leads 10S, omega_bots plays 9S -> volt_x wins
  Trick  7: volt_x leads QH, omega_bots plays 10H -> volt_x wins
  Trick  8: volt_x leads KC, omega_bots plays 10C -> volt_x wins
  Trick  9: volt_x leads AS, omega_bots plays JS -> volt_x wins
  Trick 10: volt_x leads AC, omega_bots plays 8S -> volt_x wins
  Trick 11: volt_x leads KH, omega_bots plays 7S -> volt_x wins
  Trick 12: volt_x leads KD, omega_bots plays QD -> volt_x wins
  Hand: volt_x +39 / omega_bots +7 (tricks 10-2)
  Match total: volt_x 72 - 46 omega_bots
Players: volt_x vs omega_bots
Dealer: omega_bots  |  Elder: volt_x
Match scores: 72 - 46
Talon (8): AC 10D JD QD 8H QH 9S KS
volt_x hand: 9C QC KC 8D AD 7H 9H 10H KH 7S JS AS
omega_bots hand: 7C 8C 10C JC 7D 9D KD JH AH 8S 10S QS
  Exchange volt_x: discard 9C QC 8D 7S JS -> draw AC QD 8H QH 9S (talon 3 left)
  Exchange omega_bots: discard 7D 9D JH -> draw 10D JD KS (talon 0 left)

--- Phase: declare ---
  Declare point: volt_x wins 6 pts (('point', 6, 'H'))
  Declare sequence: volt_x wins 4 pts (('sequence', 4, 10, 'H'))
  Declare set: volt_x wins 3 pts (('set', 3, 14))

--- Phase: tricks ---
  Trick  1: volt_x leads 7H, omega_bots plays AH -> omega_bots wins
  Trick  2: omega_bots leads KD, volt_x plays AD -> volt_x wins
  Trick  3: volt_x leads 8H, omega_bots plays 7C -> volt_x wins
  Trick  4: volt_x leads 9H, omega_bots plays 8S -> volt_x wins
  Trick  5: volt_x leads 10H, omega_bots plays 8C -> volt_x wins
  Trick  6: volt_x leads 9S, omega_bots plays QS -> omega_bots wins
  Trick  7: omega_bots leads JC, volt_x plays KC -> volt_x wins
  Trick  8: volt_x leads QH, omega_bots plays 10C -> volt_x wins
  Trick  9: volt_x leads AS, omega_bots plays 10S -> volt_x wins
  Trick 10: volt_x leads AC, omega_bots plays JD -> volt_x wins
  Trick 11: volt_x leads KH, omega_bots plays 10D -> volt_x wins
  Trick 12: volt_x leads QD, omega_bots plays KS -> volt_x wins
  Hand: volt_x +34 / omega_bots +2 (tricks 10-2)
  Match total: volt_x 106 - 48 omega_bots
  Final: volt_x 106 - 48 omega_bots
  Winner: volt_x

============================================================
Game 47
============================================================
Players: omega_bots vs volt_x
Dealer: omega_bots  |  Elder: volt_x
Match scores: 0 - 0
Talon (8): 7C KC KD 9H JH AH 9S 10S
omega_bots hand: 10C QC 7D 8D 10D JD QD AD 8H 10H JS QS
volt_x hand: 8C 9C JC AC 9D 7H QH KH 7S 8S KS AS
  Exchange volt_x: discard 9D 7H QH 7S 8S -> draw KC KD 9H 9S 10S (talon 3 left)
  Exchange omega_bots: discard 8H 10H JS -> draw 7C JH AH (talon 0 left)

--- Phase: declare ---
  Declare point: omega_bots wins 6 pts (('point', 6, 'D'))
  Declare sequence: omega_bots wins 3 pts (('sequence', 3, 12, 'D'))
  Declare set: volt_x wins 14 pts (('set', 4, 13))

--- Phase: tricks ---
  Trick  1: volt_x leads 8C, omega_bots plays 10C -> omega_bots wins
  Trick  2: omega_bots leads AD, volt_x plays KD -> omega_bots wins
  Trick  3: omega_bots leads AH, volt_x plays 9H -> omega_bots wins
  Trick  4: omega_bots leads QD, volt_x plays 9C -> omega_bots wins
  Trick  5: omega_bots leads QC, volt_x plays KC -> volt_x wins
  Trick  6: volt_x leads 9S, omega_bots plays QS -> omega_bots wins
  Trick  7: omega_bots leads JD, volt_x plays 10S -> omega_bots wins
  Trick  8: omega_bots leads 8D, volt_x plays JC -> omega_bots wins
  Trick  9: omega_bots leads 10D, volt_x plays KS -> omega_bots wins
  Trick 10: omega_bots leads 7D, volt_x plays KH -> omega_bots wins
  Trick 11: omega_bots leads 7C, volt_x plays AC -> volt_x wins
  Trick 12: volt_x leads AS, omega_bots plays JH -> volt_x wins
  Hand: omega_bots +28 / volt_x +18 (tricks 9-3)
  Match total: omega_bots 28 - 18 volt_x
Players: omega_bots vs volt_x
Dealer: volt_x  |  Elder: omega_bots
Match scores: 28 - 18
Talon (8): QC 7D 10D 7H 10H QH JS AS
omega_bots hand: 7C 9C 10C JC KC 8D 9H JH AH 8S QS KS
volt_x hand: 8C AC 9D JD QD KD AD 8H KH 7S 9S 10S
  Exchange omega_bots: discard 8D 9H 8S QS -> draw QC 7D 10D QH (talon 4 left)
  Exchange volt_x: discard 8C 8H 7S 9S -> draw 7H 10H JS AS (talon 0 left)

--- Phase: declare ---
  Declare point: omega_bots wins 6 pts (('point', 6, 'C'))
  Declare sequence: omega_bots wins 10 pts (('sequence', 5, 13, 'C'))
  Declare set: volt_x wins 3 pts (('set', 3, 14))

--- Phase: tricks ---
  Trick  1: omega_bots leads AH, volt_x plays 7H -> omega_bots wins
  Trick  2: omega_bots leads KC, volt_x plays AC -> volt_x wins
  Trick  3: volt_x leads 9D, omega_bots plays 10D -> omega_bots wins
  Trick  4: omega_bots leads KS, volt_x plays AS -> volt_x wins
  Trick  5: volt_x leads JD, omega_bots plays 7D -> volt_x wins
  Trick  6: volt_x leads QD, omega_bots plays 7C -> volt_x wins
  Trick  7: volt_x leads 10S, omega_bots plays JC -> volt_x wins
  Trick  8: volt_x leads KD, omega_bots plays 10C -> volt_x wins
  Trick  9: volt_x leads AD, omega_bots plays 9C -> volt_x wins
  Trick 10: volt_x leads KH, omega_bots plays JH -> volt_x wins
  Trick 11: volt_x leads JS, omega_bots plays QH -> volt_x wins
  Trick 12: volt_x leads 10H, omega_bots plays QC -> volt_x wins
  Hand: omega_bots +18 / volt_x +24 (tricks 2-10)
  Match total: omega_bots 46 - 42 volt_x
Players: omega_bots vs volt_x
Dealer: omega_bots  |  Elder: volt_x
Match scores: 46 - 42
Talon (8): 10C KC 8D 9D 7H 9H 10S JS
omega_bots hand: 7C 9C AC JD 10H JH QH KH AH 8S 9S AS
volt_x hand: 8C JC QC 7D 10D QD KD AD 8H 7S QS KS
  Exchange volt_x: discard 8C JC 8H 7S KS -> draw 10C KC 7H 9H 10S (talon 3 left)
  Exchange omega_bots: discard 7C 9C 9S -> draw 8D 9D JS (talon 0 left)

--- Phase: declare ---
  Declare point: omega_bots wins 5 pts (('point', 5, 'H'))
  Declare sequence: omega_bots wins 10 pts (('sequence', 5, 14, 'H'))
  Declare set: omega_bots wins 3 pts (('set', 3, 14))

--- Phase: tricks ---
  Trick  1: volt_x leads 7D, omega_bots plays 8D -> omega_bots wins
  Trick  2: omega_bots leads AS, volt_x plays 10S -> omega_bots wins
  Trick  3: omega_bots leads AH, volt_x plays 7H -> omega_bots wins
  Trick  4: omega_bots leads AC, volt_x plays 10C -> omega_bots wins
  Trick  5: omega_bots leads KH, volt_x plays 9H -> omega_bots wins
  Trick  6: omega_bots leads JH, volt_x plays 10D -> omega_bots wins
  Trick  7: omega_bots leads QH, volt_x plays QS -> omega_bots wins
  Trick  8: omega_bots leads 10H, volt_x plays QD -> omega_bots wins
  Trick  9: omega_bots leads 8S, volt_x plays QC -> omega_bots wins
  Trick 10: omega_bots leads JD, volt_x plays KD -> volt_x wins
  Trick 11: volt_x leads AD, omega_bots plays 9D -> volt_x wins
  Trick 12: volt_x leads KC, omega_bots plays JS -> volt_x wins
  Hand: omega_bots +37 / volt_x +4 (tricks 9-3)
  Match total: omega_bots 83 - 46 volt_x
Players: omega_bots vs volt_x
Dealer: volt_x  |  Elder: omega_bots
Match scores: 83 - 46
Talon (8): 10C JC KC AC 8D 9D 7H KS
omega_bots hand: 7C 8C QC 7D 10D KD AD 8H 9H 10H KH 9S
volt_x hand: 9C JD QD JH QH AH 7S 8S 10S JS QS AS
  Exchange omega_bots: discard 8C QC 7D 10D 9S -> draw KC AC 8D 9D KS (talon 3 left)
  Exchange volt_x: discard 9C JD JH -> draw 10C JC 7H (talon 0 left)

--- Phase: declare ---
  Declare point: volt_x wins 6 pts (('point', 6, 'S'))
  Declare sequence: volt_x wins 3 pts (('sequence', 3, 12, 'S'))
  Declare set: omega_bots wins 14 pts (('set', 4, 13))

--- Phase: tricks ---
  Trick  1: omega_bots leads AD, volt_x plays QD -> omega_bots wins
  Trick  2: omega_bots leads AC, volt_x plays 10C -> omega_bots wins
  Trick  3: omega_bots leads KD, volt_x plays 7S -> omega_bots wins
  Trick  4: omega_bots leads KH, volt_x plays AH -> volt_x wins
  Trick  5: volt_x leads 8S, omega_bots plays KS -> omega_bots wins
  Trick  6: omega_bots leads 8H, volt_x plays QH -> volt_x wins
  Trick  7: volt_x leads 10S, omega_bots plays 10H -> volt_x wins
  Trick  8: volt_x leads JS, omega_bots plays 9H -> volt_x wins
  Trick  9: volt_x leads AS, omega_bots plays 7C -> volt_x wins
  Trick 10: volt_x leads QS, omega_bots plays KC -> volt_x wins
  Trick 11: volt_x leads JC, omega_bots plays 8D -> volt_x wins
  Trick 12: volt_x leads 7H, omega_bots plays 9D -> volt_x wins
  Hand: omega_bots +18 / volt_x +28 (tricks 4-8)
  Match total: omega_bots 101 - 74 volt_x
  Final: omega_bots 101 - 74 volt_x
  Winner: omega_bots

============================================================
Game 48
============================================================
Players: volt_x vs omega_bots
Dealer: volt_x  |  Elder: omega_bots
Match scores: 0 - 0
Talon (8): 7D 9D QD KD 9H JH KH KS
volt_x hand: 8C 10C JC QC KC 10D AD 7H 8H 8S JS QS
omega_bots hand: 7C 9C AC 8D JD 10H QH AH 7S 9S 10S AS
  Exchange omega_bots: discard 10H 7S 9S 10S -> draw 7D 9H JH KS (talon 4 left)
  Exchange volt_x: discard 10D 7H 8H 8S -> draw 9D QD KD KH (talon 0 left)

--- Phase: declare ---
  Declare point: volt_x wins 5 pts (('point', 5, 'C'))
  Declare sequence: volt_x wins 4 pts (('sequence', 4, 13, 'C'))
  Declare set: omega_bots wins 3 pts (('set', 3, 14))

--- Phase: tricks ---
  Trick  1: omega_bots leads AH, volt_x plays KH -> omega_bots wins
  Trick  2: omega_bots leads AS, volt_x plays JS -> omega_bots wins
  Trick  3: omega_bots leads AC, volt_x plays 8C -> omega_bots wins
  Trick  4: omega_bots leads KS, volt_x plays QS -> omega_bots wins
  Trick  5: omega_bots leads QH, volt_x plays 9D -> omega_bots wins
  Trick  6: omega_bots leads JD, volt_x plays QD -> volt_x wins
  Trick  7: volt_x leads 10C, omega_bots plays 7C -> volt_x wins
  Trick  8: volt_x leads JC, omega_bots plays 9C -> volt_x wins
  Trick  9: volt_x leads AD, omega_bots plays 8D -> volt_x wins
  Trick 10: volt_x leads KC, omega_bots plays 9H -> volt_x wins
  Trick 11: volt_x leads KD, omega_bots plays 7D -> volt_x wins
  Trick 12: volt_x leads QC, omega_bots plays JH -> volt_x wins
  Hand: volt_x +27 / omega_bots +8 (tricks 7-5)
  Match total: volt_x 27 - 8 omega_bots
Players: volt_x vs omega_bots
Dealer: omega_bots  |  Elder: volt_x
Match scores: 27 - 8
Talon (8): 9C QC AC 9D 10D 9H KH JS
volt_x hand: 7C KC KD AD 7H 8H 10H AH 8S 9S QS AS
omega_bots hand: 8C 10C JC 7D 8D JD QD JH QH 7S 10S KS
  Exchange volt_x: discard 7C KC 7H 8H 10H -> draw 9C QC AC 9D JS (talon 3 left)
  Exchange omega_bots: discard 7D 8D 7S -> draw 10D 9H KH (talon 0 left)

--- Phase: declare ---
  Declare point: volt_x wins 5 pts (('point', 5, 'S'))
  Declare sequence: omega_bots wins 3 pts (('sequence', 3, 13, 'H'))
  Declare set: volt_x wins 14 pts (('set', 4, 14))

--- Phase: tricks ---
  Trick  1: volt_x leads 8S, omega_bots plays 10S -> omega_bots wins
  Trick  2: omega_bots leads KS, volt_x plays AS -> volt_x wins
  Trick  3: volt_x leads 9D, omega_bots plays 10D -> omega_bots wins
  Trick  4: omega_bots leads KH, volt_x plays AH -> volt_x wins
  Trick  5: volt_x leads 9S, omega_bots plays 8C -> volt_x wins
  Trick  6: volt_x leads 9C, omega_bots plays JC -> omega_bots wins
  Trick  7: omega_bots leads JD, volt_x plays KD -> volt_x wins
  Trick  8: volt_x leads JS, omega_bots plays QD -> volt_x wins
  Trick  9: volt_x leads AD, omega_bots plays 10C -> volt_x wins
  Trick 10: volt_x leads AC, omega_bots plays JH -> volt_x wins
  Trick 11: volt_x leads QS, omega_bots plays QH -> volt_x wins
  Trick 12: volt_x leads QC, omega_bots plays 9H -> volt_x wins
  Hand: volt_x +39 / omega_bots +6 (tricks 9-3)
  Match total: volt_x 66 - 14 omega_bots
Players: volt_x vs omega_bots
Dealer: volt_x  |  Elder: omega_bots
Match scores: 66 - 14
Talon (8): 9C JC KC AC 8H JH 8S 9S
volt_x hand: 7C 10C QC 7D 8D QD AD 7H QH 7S 10S AS
omega_bots hand: 8C 9D 10D JD KD 9H 10H KH AH JS QS KS
  Exchange omega_bots: discard 8C 9D JD 10H JS -> draw 9C JC 8H 8S 9S (talon 3 left)
  Exchange volt_x: discard 7C 7H 7S -> draw KC AC JH (talon 0 left)

--- Phase: declare ---
  Declare point: volt_x wins 4 pts (('point', 4, 'C'))
  Declare sequence: volt_x wins 3 pts (('sequence', 3, 14, 'C'))
  Declare set: volt_x wins 3 pts (('set', 3, 14))

--- Phase: tricks ---
  Trick  1: omega_bots leads AH, volt_x plays JH -> omega_bots wins
  Trick  2: omega_bots leads KS, volt_x plays AS -> volt_x wins
  Trick  3: volt_x leads 10C, omega_bots plays JC -> omega_bots wins
  Trick  4: omega_bots leads KH, volt_x plays QH -> omega_bots wins
  Trick  5: omega_bots leads KD, volt_x plays AD -> volt_x wins
  Trick  6: volt_x leads QC, omega_bots plays 9C -> volt_x wins
  Trick  7: volt_x leads 7D, omega_bots plays 10D -> omega_bots wins
  Trick  8: omega_bots leads QS, volt_x plays 10S -> omega_bots wins
  Trick  9: omega_bots leads 9H, volt_x plays 8D -> omega_bots wins
  Trick 10: omega_bots leads 8H, volt_x plays QD -> omega_bots wins
  Trick 11: omega_bots leads 9S, volt_x plays KC -> omega_bots wins
  Trick 12: omega_bots leads 8S, volt_x plays AC -> omega_bots wins
  Hand: volt_x +13 / omega_bots +20 (tricks 3-9)
  Match total: volt_x 79 - 34 omega_bots
Players: volt_x vs omega_bots
Dealer: omega_bots  |  Elder: volt_x
Match scores: 79 - 34
Talon (8): 7C KC AC JD AD QH KS AS
volt_x hand: JC QC 8D 10D QD KD 7H JH 8S 9S 10S JS
omega_bots hand: 8C 9C 10C 7D 9D 8H 9H 10H KH AH 7S QS
  Exchange volt_x: discard QC 8D 10D QD 7H -> draw KC AC JD KS AS (talon 3 left)
  Exchange omega_bots: discard 8C 9C 9D -> draw 7C AD QH (talon 0 left)

--- Phase: declare ---
  Declare sequence: volt_x wins 4 pts (('sequence', 4, 11, 'S'))
  Declare set: volt_x wins 3 pts (('set', 3, 13))

--- Phase: tricks ---
  Trick  1: volt_x leads 8S, omega_bots plays QS -> omega_bots wins
  Trick  2: omega_bots leads AH, volt_x plays JH -> omega_bots wins
  Trick  3: omega_bots leads AD, volt_x plays JD -> omega_bots wins
  Trick  4: omega_bots leads KH, volt_x plays 9S -> omega_bots wins
  Trick  5: omega_bots leads QH, volt_x plays 10S -> omega_bots wins
  Trick  6: omega_bots leads 10C, volt_x plays JC -> volt_x wins
  Trick  7: volt_x leads JS, omega_bots plays 7S -> volt_x wins
  Trick  8: volt_x leads KS, omega_bots plays 7D -> volt_x wins
  Trick  9: volt_x leads AC, omega_bots plays 7C -> volt_x wins
  Trick 10: volt_x leads AS, omega_bots plays 10H -> volt_x wins
  Trick 11: volt_x leads KD, omega_bots plays 8H -> volt_x wins
  Trick 12: volt_x leads KC, omega_bots plays 9H -> volt_x wins
  Hand: volt_x +25 / omega_bots +5 (tricks 7-5)
  Match total: volt_x 104 - 39 omega_bots
  Final: volt_x 104 - 39 omega_bots
  Winner: volt_x

============================================================
Game 49
============================================================
Players: omega_bots vs volt_x
Dealer: omega_bots  |  Elder: volt_x
Match scores: 0 - 0
Talon (8): 10C AC 8D 7H 9H 7S KS AS
omega_bots hand: QC 7D 9D JD QD AD 8H AH 8S 9S 10S JS
volt_x hand: 7C 8C 9C JC KC 10D KD 10H JH QH KH QS
  Exchange volt_x: discard 7C 8C 9C 10D QS -> draw 10C AC 8D 7H KS (talon 3 left)
  Exchange omega_bots: discard 7D 9D 8H -> draw 9H 7S AS (talon 0 left)

--- Phase: declare ---
  Declare point: omega_bots wins 6 pts (('point', 6, 'S'))
  Declare sequence: omega_bots wins 10 pts (('sequence', 5, 11, 'S'))
  Declare set: omega_bots wins 3 pts (('set', 3, 14))

--- Phase: tricks ---
  Trick  1: volt_x leads 7H, omega_bots plays 9H -> omega_bots wins
  Trick  2: omega_bots leads AH, volt_x plays 10H -> omega_bots wins
  Trick  3: omega_bots leads AD, volt_x plays 8D -> omega_bots wins
  Trick  4: omega_bots leads AS, volt_x plays KS -> omega_bots wins
  Trick  5: omega_bots leads QD, volt_x plays KD -> volt_x wins
  Trick  6: volt_x leads 10C, omega_bots plays QC -> omega_bots wins
  Trick  7: omega_bots leads JS, volt_x plays JH -> omega_bots wins
  Trick  8: omega_bots leads 10S, volt_x plays JC -> omega_bots wins
  Trick  9: omega_bots leads 8S, volt_x plays QH -> omega_bots wins
  Trick 10: omega_bots leads 9S, volt_x plays KH -> omega_bots wins
  Trick 11: omega_bots leads JD, volt_x plays KC -> omega_bots wins
  Trick 12: omega_bots leads 7S, volt_x plays AC -> omega_bots wins
  Hand: omega_bots +41 / volt_x +1 (tricks 11-1)
  Match total: omega_bots 41 - 1 volt_x
Players: omega_bots vs volt_x
Dealer: volt_x  |  Elder: omega_bots
Match scores: 41 - 1
Talon (8): 9C 9D 10D 9H QH 8S 10S AS
omega_bots hand: JC KC AC 7D JD KD AD 10H JH KH AH KS
volt_x hand: 7C 8C 10C QC 8D QD 7H 8H 7S 9S JS QS
  Exchange omega_bots: discard JC KC 7D JD -> draw 9C 9D 10D QH (talon 4 left)
  Exchange volt_x: discard 7C 8C 7H 8H -> draw 9H 8S 10S AS (talon 0 left)

--- Phase: declare ---
  Declare point: volt_x wins 7 pts (('point', 7, 'S'))
  Declare sequence: volt_x wins 11 pts (('sequence', 6, 12, 'S'))
  Declare set: omega_bots wins 3 pts (('set', 3, 14))

--- Phase: tricks ---
  Trick  1: omega_bots leads AD, volt_x plays 8D -> omega_bots wins
  Trick  2: omega_bots leads AC, volt_x plays 10C -> omega_bots wins
  Trick  3: omega_bots leads AH, volt_x plays 9H -> omega_bots wins
  Trick  4: omega_bots leads KD, volt_x plays QD -> omega_bots wins
  Trick  5: omega_bots leads KH, volt_x plays 7S -> omega_bots wins
  Trick  6: omega_bots leads JH, volt_x plays 8S -> omega_bots wins
  Trick  7: omega_bots leads 10H, volt_x plays 9S -> omega_bots wins
  Trick  8: omega_bots leads KS, volt_x plays AS -> volt_x wins
  Trick  9: volt_x leads QC, omega_bots plays 9C -> volt_x wins
  Trick 10: volt_x leads QS, omega_bots plays QH -> volt_x wins
  Trick 11: volt_x leads JS, omega_bots plays 9D -> volt_x wins
  Trick 12: volt_x leads 10S, omega_bots plays 10D -> volt_x wins
  Hand: omega_bots +20 / volt_x +24 (tricks 7-5)
  Match total: omega_bots 61 - 25 volt_x
Players: omega_bots vs volt_x
Dealer: omega_bots  |  Elder: volt_x
Match scores: 61 - 25
Talon (8): 7C 8C JC 8D KD AD 8H 7S
omega_bots hand: 10C 7D 10D JD 7H 10H JH QH KH AH JS KS
volt_x hand: 9C QC KC AC 9D QD 9H 8S 9S 10S QS AS
  Exchange volt_x: discard 9C 9D 9H 8S 9S -> draw 7C JC 8D 8H 7S (talon 3 left)
  Exchange omega_bots: discard 10C 7D 10D -> draw 8C KD AD (talon 0 left)

--- Phase: declare ---
  Declare point: omega_bots wins 6 pts (('point', 6, 'H'))
  Declare sequence: omega_bots wins 10 pts (('sequence', 5, 14, 'H'))
  Declare set: omega_bots wins 3 pts (('set', 3, 13))

--- Phase: tricks ---
  Trick  1: volt_x leads 7C, omega_bots plays 8C -> omega_bots wins
  Trick  2: omega_bots leads AH, volt_x plays 8H -> omega_bots wins
  Trick  3: omega_bots leads AD, volt_x plays 8D -> omega_bots wins
  Trick  4: omega_bots leads KH, volt_x plays 7S -> omega_bots wins
  Trick  5: omega_bots leads KS, volt_x plays AS -> volt_x wins
  Trick  6: volt_x leads JC, omega_bots plays JH -> volt_x wins
  Trick  7: volt_x leads QC, omega_bots plays QH -> volt_x wins
  Trick  8: volt_x leads 10S, omega_bots plays JS -> omega_bots wins
  Trick  9: omega_bots leads 7H, volt_x plays QS -> omega_bots wins
  Trick 10: omega_bots leads 10H, volt_x plays QD -> omega_bots wins
  Trick 11: omega_bots leads JD, volt_x plays KC -> omega_bots wins
  Trick 12: omega_bots leads KD, volt_x plays AC -> omega_bots wins
  Hand: omega_bots +39 / volt_x +3 (tricks 9-3)
  Match total: omega_bots 100 - 28 volt_x
  Final: omega_bots 100 - 28 volt_x
  Winner: omega_bots

============================================================
Game 50
============================================================
Players: volt_x vs omega_bots
Dealer: volt_x  |  Elder: omega_bots
Match scores: 0 - 0
Talon (8): JC QC 7D KD 9H KH 10S JS
volt_x hand: 7C KC AC 9D JD 7H 8H 10H JH AH 8S AS
omega_bots hand: 8C 9C 10C 8D 10D QD AD QH 7S 9S QS KS
  Exchange omega_bots: discard 8C 9C 10C 8D 10D -> draw 7D KD 9H KH JS (talon 3 left)
  Exchange volt_x: discard 7C 9D 8S -> draw JC QC 10S (talon 0 left)

--- Phase: declare ---
  Declare sequence: volt_x wins 4 pts (('sequence', 4, 14, 'C'))
  Declare set: volt_x wins 3 pts (('set', 3, 14))

--- Phase: tricks ---
  Trick  1: omega_bots leads AD, volt_x plays JD -> omega_bots wins
  Trick  2: omega_bots leads KS, volt_x plays AS -> volt_x wins
  Trick  3: volt_x leads 7H, omega_bots plays 9H -> omega_bots wins
  Trick  4: omega_bots leads KD, volt_x plays 8H -> omega_bots wins
  Trick  5: omega_bots leads KH, volt_x plays AH -> volt_x wins
  Trick  6: volt_x leads JC, omega_bots plays QD -> volt_x wins
  Trick  7: volt_x leads QC, omega_bots plays QH -> volt_x wins
  Trick  8: volt_x leads 10H, omega_bots plays 9S -> volt_x wins
  Trick  9: volt_x leads AC, omega_bots plays QS -> volt_x wins
  Trick 10: volt_x leads KC, omega_bots plays 7S -> volt_x wins
  Trick 11: volt_x leads JH, omega_bots plays JS -> volt_x wins
  Trick 12: volt_x leads 10S, omega_bots plays 7D -> volt_x wins
  Hand: volt_x +27 / omega_bots +3 (tricks 9-3)
  Match total: volt_x 27 - 3 omega_bots
Players: volt_x vs omega_bots
Dealer: omega_bots  |  Elder: volt_x
Match scores: 27 - 3
Talon (8): 9D 8H 9H JH 9S 10S JS QS
volt_x hand: 7C JC 7D 8D 10D JD QD 7H KH 7S 8S KS
omega_bots hand: 8C 9C 10C QC KC AC KD AD 10H QH AH AS
  Exchange volt_x: discard 7C JC 7H 7S 8S -> draw 9D 8H 9H JH QS (talon 3 left)
  Exchange omega_bots: discard 10H QH -> draw 10S JS (talon 1 left)

--- Phase: declare ---
  Declare point: omega_bots wins 6 pts (('point', 6, 'C'))
  Declare sequence: volt_x wins 11 pts (('sequence', 6, 12, 'D'))
  Declare set: omega_bots wins 14 pts (('set', 4, 14))

--- Phase: tricks ---
  Trick  1: volt_x leads 7D, omega_bots plays KD -> omega_bots wins
  Trick  2: omega_bots leads AS, volt_x plays QS -> omega_bots wins
  Trick  3: omega_bots leads AH, volt_x plays 8H -> omega_bots wins
  Trick  4: omega_bots leads AC, volt_x plays 8D -> omega_bots wins
  Trick  5: omega_bots leads AD, volt_x plays 9D -> omega_bots wins
  Trick  6: omega_bots leads 10C, volt_x plays 9H -> omega_bots wins
  Trick  7: omega_bots leads 9C, volt_x plays 10D -> omega_bots wins
  Trick  8: omega_bots leads QC, volt_x plays JD -> omega_bots wins
  Trick  9: omega_bots leads KC, volt_x plays JH -> omega_bots wins
  Trick 10: omega_bots leads 8C, volt_x plays QD -> omega_bots wins
  Trick 11: omega_bots leads 10S, volt_x plays KS -> volt_x wins
  Trick 12: volt_x leads KH, omega_bots plays JS -> volt_x wins
  Hand: volt_x +14 / omega_bots +40 (tricks 2-10)
  Match total: volt_x 41 - 43 omega_bots
Players: volt_x vs omega_bots
Dealer: volt_x  |  Elder: omega_bots
Match scores: 41 - 43
Talon (8): 8D KD AD 9H 10H AH 9S 10S
volt_x hand: 9C JC QC KC AC 7D 9D 10D 7H 8H QH QS
omega_bots hand: 7C 8C 10C JD QD JH KH 7S 8S JS KS AS
  Exchange omega_bots: discard 7C 8C 10C 8S -> draw 8D 10H AH 10S (talon 4 left)
  Exchange volt_x: discard 7D 9D 7H 8H -> draw KD AD 9H 9S (talon 0 left)

--- Phase: declare ---
  Declare point: volt_x wins 5 pts (('point', 5, 'C'))
  Declare sequence: volt_x wins 4 pts (('sequence', 4, 14, 'C'))
  Declare set: volt_x wins 3 pts (('set', 3, 12))

--- Phase: tricks ---
  Trick  1: omega_bots leads AS, volt_x plays 9S -> omega_bots wins
  Trick  2: omega_bots leads AH, volt_x plays 9H -> omega_bots wins
  Trick  3: omega_bots leads KS, volt_x plays QS -> omega_bots wins
  Trick  4: omega_bots leads KH, volt_x plays QH -> omega_bots wins
  Trick  5: omega_bots leads QD, volt_x plays KD -> volt_x wins
  Trick  6: volt_x leads 9C, omega_bots plays JD -> volt_x wins
  Trick  7: volt_x leads JC, omega_bots plays JS -> volt_x wins
  Trick  8: volt_x leads QC, omega_bots plays JH -> volt_x wins
  Trick  9: volt_x leads AC, omega_bots plays 7S -> volt_x wins
  Trick 10: volt_x leads AD, omega_bots plays 8D -> volt_x wins
  Trick 11: volt_x leads KC, omega_bots plays 10H -> volt_x wins
  Trick 12: volt_x leads 10D, omega_bots plays 10S -> volt_x wins
  Hand: volt_x +31 / omega_bots +4 (tricks 8-4)
  Match total: volt_x 72 - 47 omega_bots
Players: volt_x vs omega_bots
Dealer: omega_bots  |  Elder: volt_x
Match scores: 72 - 47
Talon (8): AC 10D 8H KH AH 8S 9S JS
volt_x hand: JC KC 9D JD KD 9H 10H QH 7S 10S QS KS
omega_bots hand: 7C 8C 9C 10C QC 7D 8D QD AD 7H JH AS
  Exchange volt_x: discard JC 9D JD 9H QH -> draw AC KH AH 8S 9S (talon 3 left)
  Exchange omega_bots: discard 7D 7H JH -> draw 10D 8H JS (talon 0 left)

--- Phase: declare ---
  Declare point: volt_x wins 6 pts (('point', 6, 'S'))
  Declare set: volt_x wins 14 pts (('set', 4, 13))

--- Phase: tricks ---
  Trick  1: volt_x leads 7S, omega_bots plays JS -> omega_bots wins
  Trick  2: omega_bots leads AS, volt_x plays 8S -> omega_bots wins
  Trick  3: omega_bots leads AD, volt_x plays KD -> omega_bots wins
  Trick  4: omega_bots leads QC, volt_x plays KC -> volt_x wins
  Trick  5: volt_x leads 9S, omega_bots plays 7C -> volt_x wins
  Trick  6: volt_x leads 10S, omega_bots plays QD -> volt_x wins
  Trick  7: volt_x leads 10H, omega_bots plays 8H -> volt_x wins
  Trick  8: volt_x leads QS, omega_bots plays 10C -> volt_x wins
  Trick  9: volt_x leads AC, omega_bots plays 8C -> volt_x wins
  Trick 10: volt_x leads AH, omega_bots plays 8D -> volt_x wins
  Trick 11: volt_x leads KS, omega_bots plays 9C -> volt_x wins
  Trick 12: volt_x leads KH, omega_bots plays 10D -> volt_x wins
  Hand: volt_x +40 / omega_bots +3 (tricks 9-3)
  Match total: volt_x 112 - 50 omega_bots
  Final: volt_x 112 - 50 omega_bots
  Winner: volt_x

============================================================
Game 51
============================================================
Players: omega_bots vs volt_x
Dealer: omega_bots  |  Elder: volt_x
Match scores: 0 - 0
Talon (8): 10C QC KC 9H KH 7S 9S 10S
omega_bots hand: 7C 8C 7D 10D JD QD KD 10H JH 8S JS QS
volt_x hand: 9C JC AC 8D 9D AD 7H 8H QH AH KS AS
  Exchange volt_x: discard 9C JC 8D 9D KS -> draw QC KC 9H KH 7S (talon 3 left)
  Exchange omega_bots: discard 7C 10H 8S -> draw 10C 9S 10S (talon 0 left)

--- Phase: declare ---
  Declare point: volt_x wins 6 pts (('point', 6, 'H'))
  Declare sequence: omega_bots wins 4 pts (('sequence', 4, 13, 'D'))
  Declare set: volt_x wins 14 pts (('set', 4, 14))

--- Phase: tricks ---
  Trick  1: volt_x leads 7H, omega_bots plays JH -> omega_bots wins
  Trick  2: omega_bots leads KD, volt_x plays AD -> volt_x wins
  Trick  3: volt_x leads 8H, omega_bots plays 7D -> volt_x wins
  Trick  4: volt_x leads 9H, omega_bots plays 8C -> volt_x wins
  Trick  5: volt_x leads QH, omega_bots plays 9S -> volt_x wins
  Trick  6: volt_x leads QC, omega_bots plays 10C -> volt_x wins
  Trick  7: volt_x leads 7S, omega_bots plays QS -> omega_bots wins
  Trick  8: omega_bots leads QD, volt_x plays KH -> omega_bots wins
  Trick  9: omega_bots leads JS, volt_x plays AS -> volt_x wins
  Trick 10: volt_x leads AH, omega_bots plays JD -> volt_x wins
  Trick 11: volt_x leads AC, omega_bots plays 10D -> volt_x wins
  Trick 12: volt_x leads KC, omega_bots plays 10S -> volt_x wins
  Hand: omega_bots +7 / volt_x +40 (tricks 3-9)
  Match total: omega_bots 7 - 40 volt_x
Players: omega_bots vs volt_x
Dealer: volt_x  |  Elder: omega_bots
Match scores: 7 - 40
Talon (8): JC 7D 10D QD AD 10H QS KS
omega_bots hand: 8C QC AC 9D 7H QH AH 8S 9S 10S JS AS
volt_x hand: 7C 9C 10C KC 8D JD KD 8H 9H JH KH 7S
  Exchange omega_bots: discard 9D 7H 8S 9S 10S -> draw 7D QD AD QS KS (talon 3 left)
  Exchange volt_x: discard 7C 8D 7S -> draw JC 10D 10H (talon 0 left)

--- Phase: declare ---
  Declare point: volt_x wins 5 pts (('point', 5, 'H'))
  Declare sequence: omega_bots wins 4 pts (('sequence', 4, 14, 'S'))
  Declare set: omega_bots wins 14 pts (('set', 4, 14))

--- Phase: tricks ---
  Trick  1: omega_bots leads AC, volt_x plays 9C -> omega_bots wins
  Trick  2: omega_bots leads AS, volt_x plays 8H -> omega_bots wins
  Trick  3: omega_bots leads AH, volt_x plays 9H -> omega_bots wins
  Trick  4: omega_bots leads AD, volt_x plays 10D -> omega_bots wins
  Trick  5: omega_bots leads KS, volt_x plays 10C -> omega_bots wins
  Trick  6: omega_bots leads QH, volt_x plays KH -> volt_x wins
  Trick  7: volt_x leads 10H, omega_bots plays QC -> volt_x wins
  Trick  8: volt_x leads JC, omega_bots plays 8C -> volt_x wins
  Trick  9: volt_x leads KC, omega_bots plays JS -> volt_x wins
  Trick 10: volt_x leads KD, omega_bots plays 7D -> volt_x wins
  Trick 11: volt_x leads JH, omega_bots plays QS -> volt_x wins
  Trick 12: volt_x leads JD, omega_bots plays QD -> omega_bots wins
  Hand: omega_bots +25 / volt_x +11 (tricks 6-6)
  Match total: omega_bots 32 - 51 volt_x
Players: omega_bots vs volt_x
Dealer: omega_bots  |  Elder: volt_x
Match scores: 32 - 51
Talon (8): 8C JC AC 7D 9D JD AD JH
omega_bots hand: QC 10D QD 8H 9H 10H QH KH AH 9S QS KS
volt_x hand: 7C 9C 10C KC 8D KD 7H 7S 8S 10S JS AS
  Exchange volt_x: discard 7C 9C 10C 8D 7H -> draw 8C AC 7D 9D AD (talon 3 left)
  Exchange omega_bots: discard 10D 9S -> draw JD JH (talon 1 left)

--- Phase: declare ---
  Declare point: omega_bots wins 7 pts (('point', 7, 'H'))
  Declare sequence: omega_bots wins 12 pts (('sequence', 7, 14, 'H'))
  Declare set: volt_x wins 3 pts (('set', 3, 14))

--- Phase: tricks ---
  Trick  1: volt_x leads 7S, omega_bots plays QS -> omega_bots wins
  Trick  2: omega_bots leads AH, volt_x plays 7D -> omega_bots wins
  Trick  3: omega_bots leads KH, volt_x plays 8S -> omega_bots wins
  Trick  4: omega_bots leads KS, volt_x plays AS -> volt_x wins
  Trick  5: volt_x leads 9D, omega_bots plays JD -> omega_bots wins
  Trick  6: omega_bots leads 10H, volt_x plays 8C -> omega_bots wins
  Trick  7: omega_bots leads QC, volt_x plays KC -> volt_x wins
  Trick  8: volt_x leads 10S, omega_bots plays QH -> volt_x wins
  Trick  9: volt_x leads AD, omega_bots plays QD -> volt_x wins
  Trick 10: volt_x leads AC, omega_bots plays 9H -> volt_x wins
  Trick 11: volt_x leads KD, omega_bots plays 8H -> volt_x wins
  Trick 12: volt_x leads JS, omega_bots plays JH -> volt_x wins
  Hand: omega_bots +24 / volt_x +21 (tricks 5-7)
  Match total: omega_bots 56 - 72 volt_x
Players: omega_bots vs volt_x
Dealer: volt_x  |  Elder: omega_bots
Match scores: 56 - 72
Talon (8): QC 9D JD KD 7H AH QS KS
omega_bots hand: 7C 8C 10C 7D AD 9H 10H KH 7S 9S 10S AS
volt_x hand: 9C JC KC AC 8D 10D QD 8H JH QH 8S JS
  Exchange omega_bots: discard 7C 8C 7D 9H 7S -> draw QC 9D KD AH KS (talon 3 left)
  Exchange volt_x: discard 8D 8H 8S -> draw JD 7H QS (talon 0 left)

--- Phase: declare ---
  Declare sequence: volt_x wins 3 pts (('sequence', 3, 12, 'D'))
  Declare set: omega_bots wins 3 pts (('set', 3, 14))

--- Phase: tricks ---
  Trick  1: omega_bots leads AD, volt_x plays 10D -> omega_bots wins
  Trick  2: omega_bots leads AS, volt_x plays JS -> omega_bots wins
  Trick  3: omega_bots leads AH, volt_x plays 7H -> omega_bots wins
  Trick  4: omega_bots leads KH, volt_x plays JH -> omega_bots wins
  Trick  5: omega_bots leads KD, volt_x plays JD -> omega_bots wins
  Trick  6: omega_bots leads 10S, volt_x plays QS -> volt_x wins
  Trick  7: volt_x leads 9C, omega_bots plays 10C -> omega_bots wins
  Trick  8: omega_bots leads 9S, volt_x plays JC -> omega_bots wins
  Trick  9: omega_bots leads 10H, volt_x plays QH -> volt_x wins
  Trick 10: volt_x leads AC, omega_bots plays QC -> volt_x wins
  Trick 11: volt_x leads KC, omega_bots plays 9D -> volt_x wins
  Trick 12: volt_x leads QD, omega_bots plays KS -> volt_x wins
  Hand: omega_bots +20 / volt_x +9 (tricks 7-5)
  Match total: omega_bots 76 - 81 volt_x
Players: omega_bots vs volt_x
Dealer: omega_bots  |  Elder: volt_x
Match scores: 76 - 81
Talon (8): 7D 8D 10D JD AD 9S JS QS
omega_bots hand: 9C QC AC 9D QD KD 7H 8H 9H KH 10S AS
volt_x hand: 7C 8C 10C JC KC 10H JH QH AH 7S 8S KS
  Exchange volt_x: discard 7C AH 7S 8S KS -> draw 7D JD AD 9S JS (talon 3 left)
  Exchange omega_bots: discard 9D QD 10S -> draw 8D 10D QS (talon 0 left)

--- Phase: declare ---
  Declare point: volt_x wins 4 pts (('point', 4, 'C'))
  Declare sequence: volt_x wins 3 pts (('sequence', 3, 12, 'H'))
  Declare set: volt_x wins 14 pts (('set', 4, 11))

--- Phase: tricks ---
  Trick  1: volt_x leads 8C, omega_bots plays 9C -> omega_bots wins
  Trick  2: omega_bots leads AC, volt_x plays 10C -> omega_bots wins
  Trick  3: omega_bots leads AS, volt_x plays 9S -> omega_bots wins
  Trick  4: omega_bots leads KD, volt_x plays AD -> volt_x wins
  Trick  5: volt_x leads 10H, omega_bots plays KH -> omega_bots wins
  Trick  6: omega_bots leads QC, volt_x plays KC -> volt_x wins
  Trick  7: volt_x leads JH, omega_bots plays 8H -> volt_x wins
  Trick  8: volt_x leads 7D, omega_bots plays 10D -> omega_bots wins
  Trick  9: omega_bots leads 7H, volt_x plays QH -> volt_x wins
  Trick 10: volt_x leads JC, omega_bots plays 9H -> volt_x wins
  Trick 11: volt_x leads JS, omega_bots plays QS -> omega_bots wins
  Trick 12: omega_bots leads 8D, volt_x plays JD -> volt_x wins
  Hand: omega_bots +6 / volt_x +28 (tricks 6-6)
  Match total: omega_bots 82 - 109 volt_x
  Final: omega_bots 82 - 109 volt_x
  Winner: volt_x

============================================================
Game 52
============================================================
Players: volt_x vs omega_bots
Dealer: volt_x  |  Elder: omega_bots
Match scores: 0 - 0
Talon (8): 8C JC QC AC KD 8H JH 7S
volt_x hand: 9C 10C KC 7D 8D 9D AD QH KH AH 9S KS
omega_bots hand: 7C 10D JD QD 7H 9H 10H 8S 10S JS QS AS
  Exchange omega_bots: discard 7C 7H 9H 10H 8S -> draw 8C JC AC KD 7S (talon 3 left)
  Exchange volt_x: discard 9C 10C 9S -> draw QC 8H JH (talon 0 left)

--- Phase: declare ---
  Declare point: volt_x wins 5 pts (('point', 5, 'H'))
  Declare sequence: volt_x wins 4 pts (('sequence', 4, 14, 'H'))
  Declare set: volt_x wins 3 pts (('set', 3, 13))

--- Phase: tricks ---
  Trick  1: omega_bots leads AS, volt_x plays KS -> omega_bots wins
  Trick  2: omega_bots leads AC, volt_x plays QC -> omega_bots wins
  Trick  3: omega_bots leads KD, volt_x plays AD -> volt_x wins
  Trick  4: volt_x leads 8H, omega_bots plays 7S -> volt_x wins
  Trick  5: volt_x leads JH, omega_bots plays 8C -> volt_x wins
  Trick  6: volt_x leads QH, omega_bots plays 10D -> volt_x wins
  Trick  7: volt_x leads 7D, omega_bots plays QD -> omega_bots wins
  Trick  8: omega_bots leads JS, volt_x plays 8D -> omega_bots wins
  Trick  9: omega_bots leads JD, volt_x plays 9D -> omega_bots wins
  Trick 10: omega_bots leads QS, volt_x plays KH -> omega_bots wins
  Trick 11: omega_bots leads 10S, volt_x plays KC -> omega_bots wins
  Trick 12: omega_bots leads JC, volt_x plays AH -> omega_bots wins
  Hand: volt_x +16 / omega_bots +19 (tricks 4-8)
  Match total: volt_x 16 - 19 omega_bots
Players: volt_x vs omega_bots
Dealer: omega_bots  |  Elder: volt_x
Match scores: 16 - 19
Talon (8): 8C 9D AD 7H JH QH AH QS
volt_x hand: QC 7D 8D JD QD KD 9H 10H KH 8S 9S AS
omega_bots hand: 7C 9C 10C JC KC AC 10D 8H 7S 10S JS KS
  Exchange volt_x: discard QC 9H 10H 8S 9S -> draw 9D AD 7H AH QS (talon 3 left)
  Exchange omega_bots: discard 8H 7S JS -> draw 8C JH QH (talon 0 left)

--- Phase: declare ---
  Declare sequence: omega_bots wins 10 pts (('sequence', 5, 11, 'C'))
  Declare set: volt_x wins 3 pts (('set', 3, 14))

--- Phase: tricks ---
  Trick  1: volt_x leads 7D, omega_bots plays 10D -> omega_bots wins
  Trick  2: omega_bots leads AC, volt_x plays 7H -> omega_bots wins
  Trick  3: omega_bots leads KC, volt_x plays 8D -> omega_bots wins
  Trick  4: omega_bots leads KS, volt_x plays AS -> volt_x wins
  Trick  5: volt_x leads 9D, omega_bots plays 7C -> volt_x wins
  Trick  6: volt_x leads JD, omega_bots plays JC -> volt_x wins
  Trick  7: volt_x leads QD, omega_bots plays 10C -> volt_x wins
  Trick  8: volt_x leads KH, omega_bots plays JH -> volt_x wins
  Trick  9: volt_x leads AD, omega_bots plays 10S -> volt_x wins
  Trick 10: volt_x leads AH, omega_bots plays QH -> volt_x wins
  Trick 11: volt_x leads KD, omega_bots plays 9C -> volt_x wins
  Trick 12: volt_x leads QS, omega_bots plays 8C -> volt_x wins
  Hand: volt_x +23 / omega_bots +13 (tricks 9-3)
  Match total: volt_x 39 - 32 omega_bots
Players: volt_x vs omega_bots
Dealer: volt_x  |  Elder: omega_bots
Match scores: 39 - 32
Talon (8): KC 8D 9D KD 10H JH QH 10S
volt_x hand: 7C 8C 9C JC QC 7D AD 7H 8S JS KS AS
omega_bots hand: 10C AC 10D JD QD 8H 9H KH AH 7S 9S QS
  Exchange omega_bots: discard 10C 9H 7S 9S QS -> draw 9D KD JH QH 10S (talon 3 left)
  Exchange volt_x: discard 7D 7H 8S -> draw KC 8D 10H (talon 0 left)

--- Phase: declare ---
  Declare point: volt_x wins 6 pts (('point', 6, 'C'))
  Declare sequence: omega_bots wins 10 pts (('sequence', 5, 13, 'D'))

--- Phase: tricks ---
  Trick  1: omega_bots leads AC, volt_x plays 7C -> omega_bots wins
  Trick  2: omega_bots leads AH, volt_x plays 10H -> omega_bots wins
  Trick  3: omega_bots leads KH, volt_x plays 8C -> omega_bots wins
  Trick  4: omega_bots leads KD, volt_x plays AD -> volt_x wins
  Trick  5: volt_x leads 9C, omega_bots plays 8H -> volt_x wins
  Trick  6: volt_x leads JS, omega_bots plays 10S -> volt_x wins
  Trick  7: volt_x leads JC, omega_bots plays JD -> volt_x wins
  Trick  8: volt_x leads KS, omega_bots plays QD -> volt_x wins
  Trick  9: volt_x leads AS, omega_bots plays 10D -> volt_x wins
  Trick 10: volt_x leads KC, omega_bots plays 9D -> volt_x wins
  Trick 11: volt_x leads QC, omega_bots plays QH -> volt_x wins
  Trick 12: volt_x leads 8D, omega_bots plays JH -> volt_x wins
  Hand: volt_x +26 / omega_bots +13 (tricks 9-3)
  Match total: volt_x 65 - 45 omega_bots
Players: volt_x vs omega_bots
Dealer: omega_bots  |  Elder: volt_x
Match scores: 65 - 45
Talon (8): JC QC 8D JD 8H 9H JH JS
volt_x hand: 7C 8C AC 7D 9D 10D 7H 10H KH 9S QS AS
omega_bots hand: 9C 10C KC QD KD AD QH AH 7S 8S 10S KS
  Exchange volt_x: discard 7C 8C 7D 9D 7H -> draw JC 8H 9H JH JS (talon 3 left)
  Exchange omega_bots: discard 9C 10C QH -> draw QC 8D JD (talon 0 left)

--- Phase: declare ---
  Declare point: omega_bots wins 5 pts (('point', 5, 'D'))
  Declare sequence: omega_bots wins 4 pts (('sequence', 4, 14, 'D'))
  Declare set: omega_bots wins 3 pts (('set', 3, 13))

--- Phase: tricks ---
  Trick  1: volt_x leads 8H, omega_bots plays AH -> omega_bots wins
  Trick  2: omega_bots leads AD, volt_x plays 10D -> omega_bots wins
  Trick  3: omega_bots leads KC, volt_x plays AC -> volt_x wins
  Trick  4: volt_x leads 9H, omega_bots plays 7S -> volt_x wins
  Trick  5: volt_x leads 9S, omega_bots plays 10S -> omega_bots wins
  Trick  6: omega_bots leads QD, volt_x plays 10H -> omega_bots wins
  Trick  7: omega_bots leads KS, volt_x plays AS -> volt_x wins
  Trick  8: volt_x leads JH, omega_bots plays 8S -> volt_x wins
  Trick  9: volt_x leads KH, omega_bots plays KD -> volt_x wins
  Trick 10: volt_x leads QS, omega_bots plays 8D -> volt_x wins
  Trick 11: volt_x leads JC, omega_bots plays QC -> omega_bots wins
  Trick 12: omega_bots leads JD, volt_x plays JS -> omega_bots wins
  Hand: volt_x +6 / omega_bots +19 (tricks 6-6)
  Match total: volt_x 71 - 64 omega_bots
Players: volt_x vs omega_bots
Dealer: volt_x  |  Elder: omega_bots
Match scores: 71 - 64
Talon (8): 7C JC 8D QD 9H KH QS AS
volt_x hand: 10C QC KC AC 7D 10D JD AD 8H 10H QH 7S
omega_bots hand: 8C 9C 9D KD 7H JH AH 8S 9S 10S JS KS
  Exchange omega_bots: discard 9C 9D 7H JH -> draw 8D QD KH AS (talon 4 left)
  Exchange volt_x: discard 7D JD 8H 7S -> draw 7C JC 9H QS (talon 0 left)

--- Phase: declare ---
  Declare sequence: volt_x wins 10 pts (('sequence', 5, 14, 'C'))
  Declare set: omega_bots wins 3 pts (('set', 3, 13))

--- Phase: tricks ---
  Trick  1: omega_bots leads AH, volt_x plays 9H -> omega_bots wins
  Trick  2: omega_bots leads AS, volt_x plays QS -> omega_bots wins
  Trick  3: omega_bots leads KS, volt_x plays 7C -> omega_bots wins
  Trick  4: omega_bots leads KD, volt_x plays AD -> volt_x wins
  Trick  5: volt_x leads 10C, omega_bots plays 8C -> volt_x wins
  Trick  6: volt_x leads JC, omega_bots plays 9S -> volt_x wins
  Trick  7: volt_x leads QC, omega_bots plays JS -> volt_x wins
  Trick  8: volt_x leads KC, omega_bots plays 8S -> volt_x wins
  Trick  9: volt_x leads AC, omega_bots plays 10S -> volt_x wins
  Trick 10: volt_x leads QH, omega_bots plays KH -> omega_bots wins
  Trick 11: omega_bots leads QD, volt_x plays 10D -> omega_bots wins
  Trick 12: omega_bots leads 8D, volt_x plays 10H -> omega_bots wins
  Hand: volt_x +16 / omega_bots +10 (tricks 6-6)
  Match total: volt_x 87 - 74 omega_bots
Players: volt_x vs omega_bots
Dealer: omega_bots  |  Elder: volt_x
Match scores: 87 - 74
Talon (8): 8C JC QC 8D 10D 8S JS AS
volt_x hand: AC 7D 9D JD KD 8H 9H AH 7S 9S 10S KS
omega_bots hand: 7C 9C 10C KC QD AD 7H 10H JH QH KH QS
  Exchange volt_x: discard 7D 9D JD 8H 9H -> draw JC QC 8D 8S AS (talon 3 left)
  Exchange omega_bots: discard 7C 9C KC -> draw 8C 10D JS (talon 0 left)

--- Phase: declare ---
  Declare point: volt_x wins 6 pts (('point', 6, 'S'))
  Declare sequence: omega_bots wins 4 pts (('sequence', 4, 13, 'H'))
  Declare set: volt_x wins 3 pts (('set', 3, 14))

--- Phase: tricks ---
  Trick  1: volt_x leads 7S, omega_bots plays JS -> omega_bots wins
  Trick  2: omega_bots leads AD, volt_x plays 8D -> omega_bots wins
  Trick  3: omega_bots leads KH, volt_x plays AH -> volt_x wins
  Trick  4: volt_x leads 8S, omega_bots plays QS -> omega_bots wins
  Trick  5: omega_bots leads QD, volt_x plays KD -> volt_x wins
  Trick  6: volt_x leads 9S, omega_bots plays 10H -> volt_x wins
  Trick  7: volt_x leads 10S, omega_bots plays 7H -> volt_x wins
  Trick  8: volt_x leads JC, omega_bots plays 10C -> volt_x wins
  Trick  9: volt_x leads AC, omega_bots plays 8C -> volt_x wins
  Trick 10: volt_x leads AS, omega_bots plays JH -> volt_x wins
  Trick 11: volt_x leads KS, omega_bots plays QH -> volt_x wins
  Trick 12: volt_x leads QC, omega_bots plays 10D -> volt_x wins
  Hand: volt_x +29 / omega_bots +7 (tricks 9-3)
  Match total: volt_x 116 - 81 omega_bots
  Final: volt_x 116 - 81 omega_bots
  Winner: volt_x

============================================================
Game 53
============================================================
Players: omega_bots vs volt_x
Dealer: omega_bots  |  Elder: volt_x
Match scores: 0 - 0
Talon (8): 7D 10D AD 10H JH QH AH 8S
omega_bots hand: 9C 10C JC QC KC 9D KD 7H 8H KH 9S JS
volt_x hand: 7C 8C AC 8D JD QD 9H 7S 10S QS KS AS
  Exchange volt_x: discard 7C 8C 8D JD 9H -> draw 7D AD QH AH 8S (talon 3 left)
  Exchange omega_bots: discard 9D 7H JS -> draw 10D 10H JH (talon 0 left)

--- Phase: declare ---
  Declare point: volt_x wins 6 pts (('point', 6, 'S'))
  Declare sequence: omega_bots wins 10 pts (('sequence', 5, 13, 'C'))
  Declare set: volt_x wins 14 pts (('set', 4, 14))

--- Phase: tricks ---
  Trick  1: volt_x leads 7S, omega_bots plays 9S -> omega_bots wins
  Trick  2: omega_bots leads KC, volt_x plays AC -> volt_x wins
  Trick  3: volt_x leads 8S, omega_bots plays 8H -> volt_x wins
  Trick  4: volt_x leads 10S, omega_bots plays 9C -> volt_x wins
  Trick  5: volt_x leads QS, omega_bots plays 10C -> volt_x wins
  Trick  6: volt_x leads 7D, omega_bots plays KD -> omega_bots wins
  Trick  7: omega_bots leads KH, volt_x plays AH -> volt_x wins
  Trick  8: volt_x leads KS, omega_bots plays QC -> volt_x wins
  Trick  9: volt_x leads AS, omega_bots plays JC -> volt_x wins
  Trick 10: volt_x leads AD, omega_bots plays 10D -> volt_x wins
  Trick 11: volt_x leads QD, omega_bots plays 10H -> volt_x wins
  Trick 12: volt_x leads QH, omega_bots plays JH -> volt_x wins
  Hand: omega_bots +12 / volt_x +41 (tricks 2-10)
  Match total: omega_bots 12 - 41 volt_x
Players: omega_bots vs volt_x
Dealer: volt_x  |  Elder: omega_bots
Match scores: 12 - 41
Talon (8): 8C 10C 10D 7H 10H 9S QS AS
omega_bots hand: 7C 9C QC 8D QD AD 9H JH KH AH JS KS
volt_x hand: JC KC AC 7D 9D JD KD 8H QH 7S 8S 10S
  Exchange omega_bots: discard 7C 9C 8D 9H JH -> draw 10C 10D 7H 10H 9S (talon 3 left)
  Exchange volt_x: discard 8H 7S 8S -> draw 8C QS AS (talon 0 left)

--- Phase: declare ---
  Declare point: volt_x wins 4 pts (('point', 4, 'C'))
  Declare set: omega_bots wins 3 pts (('set', 3, 10))

--- Phase: tricks ---
  Trick  1: omega_bots leads AH, volt_x plays QH -> omega_bots wins
  Trick  2: omega_bots leads AD, volt_x plays 7D -> omega_bots wins
  Trick  3: omega_bots leads KS, volt_x plays AS -> volt_x wins
  Trick  4: volt_x leads 8C, omega_bots plays 10C -> omega_bots wins
  Trick  5: omega_bots leads KH, volt_x plays 9D -> omega_bots wins
  Trick  6: omega_bots leads QC, volt_x plays KC -> volt_x wins
  Trick  7: volt_x leads 10S, omega_bots plays 9S -> volt_x wins
  Trick  8: volt_x leads JC, omega_bots plays JS -> volt_x wins
  Trick  9: volt_x leads AC, omega_bots plays QD -> volt_x wins
  Trick 10: volt_x leads KD, omega_bots plays 10D -> volt_x wins
  Trick 11: volt_x leads QS, omega_bots plays 10H -> volt_x wins
  Trick 12: volt_x leads JD, omega_bots plays 7H -> volt_x wins
  Hand: omega_bots +7 / volt_x +23 (tricks 4-8)
  Match total: omega_bots 19 - 64 volt_x
Players: omega_bots vs volt_x
Dealer: omega_bots  |  Elder: volt_x
Match scores: 19 - 64
Talon (8): QC AC 8D KD JH QH 7S 10S
omega_bots hand: 7C 9C 10C JC 7D 10D AD KH 9S JS QS KS
volt_x hand: 8C KC 9D JD QD 7H 8H 9H 10H AH 8S AS
  Exchange volt_x: discard 8C 9D JD QD 8S -> draw QC AC 8D JH QH (talon 3 left)
  Exchange omega_bots: discard 7C 9C 10C -> draw KD 7S 10S (talon 0 left)

--- Phase: declare ---
  Declare point: volt_x wins 7 pts (('point', 7, 'H'))
  Declare sequence: volt_x wins 11 pts (('sequence', 6, 12, 'H'))
  Declare set: volt_x wins 3 pts (('set', 3, 14))

--- Phase: tricks ---
  Trick  1: volt_x leads 7H, omega_bots plays KH -> omega_bots wins
  Trick  2: omega_bots leads AD, volt_x plays 8D -> omega_bots wins
  Trick  3: omega_bots leads KS, volt_x plays AS -> volt_x wins
  Trick  4: volt_x leads 8H, omega_bots plays 7D -> volt_x wins
  Trick  5: volt_x leads 9H, omega_bots plays 7S -> volt_x wins
  Trick  6: volt_x leads 10H, omega_bots plays 10D -> volt_x wins
  Trick  7: volt_x leads JH, omega_bots plays JC -> volt_x wins
  Trick  8: volt_x leads QC, omega_bots plays JS -> volt_x wins
  Trick  9: volt_x leads AH, omega_bots plays QS -> volt_x wins
  Trick 10: volt_x leads AC, omega_bots plays 9S -> volt_x wins
  Trick 11: volt_x leads KC, omega_bots plays KD -> volt_x wins
  Trick 12: volt_x leads QH, omega_bots plays 10S -> volt_x wins
  Hand: omega_bots +2 / volt_x +42 (tricks 2-10)
  Match total: omega_bots 21 - 106 volt_x
  Final: omega_bots 21 - 106 volt_x
  Winner: volt_x

============================================================
Game 54
============================================================
Players: volt_x vs omega_bots
Dealer: volt_x  |  Elder: omega_bots
Match scores: 0 - 0
Talon (8): AC 7D JD KD 7H 10H JH 8S
volt_x hand: 9C JC 9D 10D QD 9H AH 7S 9S JS KS AS
omega_bots hand: 7C 8C 10C QC KC 8D AD 8H QH KH 10S QS
  Exchange omega_bots: discard 8C 8D 8H 10S -> draw JD KD JH 8S (talon 4 left)
  Exchange volt_x: discard 9C 9D 10D 9H -> draw AC 7D 7H 10H (talon 0 left)

--- Phase: declare ---
  Declare point: volt_x wins 5 pts (('point', 5, 'S'))
  Declare sequence: omega_bots wins 3 pts (('sequence', 3, 13, 'H'))
  Declare set: volt_x wins 3 pts (('set', 3, 14))

--- Phase: tricks ---
  Trick  1: omega_bots leads AD, volt_x plays 7D -> omega_bots wins
  Trick  2: omega_bots leads KH, volt_x plays AH -> volt_x wins
  Trick  3: volt_x leads 7S, omega_bots plays 8S -> omega_bots wins
  Trick  4: omega_bots leads KC, volt_x plays AC -> volt_x wins
  Trick  5: volt_x leads 9S, omega_bots plays QS -> omega_bots wins
  Trick  6: omega_bots leads 10C, volt_x plays JC -> volt_x wins
  Trick  7: volt_x leads JS, omega_bots plays QH -> volt_x wins
  Trick  8: volt_x leads KS, omega_bots plays QC -> volt_x wins
  Trick  9: volt_x leads AS, omega_bots plays 7C -> volt_x wins
  Trick 10: volt_x leads QD, omega_bots plays JD -> volt_x wins
  Trick 11: volt_x leads 10H, omega_bots plays JH -> omega_bots wins
  Trick 12: omega_bots leads KD, volt_x plays 7H -> omega_bots wins
  Hand: volt_x +25 / omega_bots +9 (tricks 7-5)
  Match total: volt_x 25 - 9 omega_bots
Players: volt_x vs omega_bots
Dealer: omega_bots  |  Elder: volt_x
Match scores: 25 - 9
Talon (8): 8C KC JD KD 8H QH 7S AS
volt_x hand: 7C 10C JC QC AC 7D 10D 7H 9H AH 10S KS
omega_bots hand: 9C 8D 9D QD AD 10H JH KH 8S 9S JS QS
  Exchange volt_x: discard 7D 7H 9H AH KS -> draw 8C KC 8H QH 7S (talon 3 left)
  Exchange omega_bots: discard 9C 8S 9S -> draw JD KD AS (talon 0 left)

--- Phase: declare ---
  Declare point: volt_x wins 7 pts (('point', 7, 'C'))
  Declare sequence: volt_x wins 10 pts (('sequence', 5, 14, 'C'))
  Declare set: omega_bots wins 3 pts (('set', 3, 11))

--- Phase: tricks ---
  Trick  1: volt_x leads 7C, omega_bots plays 8D -> volt_x wins
  Trick  2: volt_x leads 8C, omega_bots plays 9D -> volt_x wins
  Trick  3: volt_x leads 10C, omega_bots plays 10H -> volt_x wins
  Trick  4: volt_x leads JC, omega_bots plays JS -> volt_x wins
  Trick  5: volt_x leads QC, omega_bots plays JH -> volt_x wins
  Trick  6: volt_x leads 7S, omega_bots plays QS -> omega_bots wins
  Trick  7: omega_bots leads KH, volt_x plays 8H -> omega_bots wins
  Trick  8: omega_bots leads AD, volt_x plays 10D -> omega_bots wins
  Trick  9: omega_bots leads QD, volt_x plays 10S -> omega_bots wins
  Trick 10: omega_bots leads AS, volt_x plays QH -> omega_bots wins
  Trick 11: omega_bots leads KD, volt_x plays KC -> omega_bots wins
  Trick 12: omega_bots leads JD, volt_x plays AC -> omega_bots wins
  Hand: volt_x +22 / omega_bots +21 (tricks 5-7)
  Match total: volt_x 47 - 30 omega_bots
Players: volt_x vs omega_bots
Dealer: volt_x  |  Elder: omega_bots
Match scores: 47 - 30
Talon (8): 9C QC 7D 9D JH QH KH QS
volt_x hand: 7C 8C 10C JC KC KD 8H 9H 7S 9S KS AS
omega_bots hand: AC 8D 10D JD QD AD 7H 10H AH 8S 10S JS
  Exchange omega_bots: discard 8D 10H 8S 10S -> draw QC 7D QH KH (talon 4 left)
  Exchange volt_x: discard 8H 9H 7S 9S -> draw 9C 9D JH QS (talon 0 left)

--- Phase: declare ---
  Declare point: volt_x wins 6 pts (('point', 6, 'C'))
  Declare sequence: volt_x wins 10 pts (('sequence', 5, 11, 'C'))
  Declare set: omega_bots wins 3 pts (('set', 3, 14))

--- Phase: tricks ---
  Trick  1: omega_bots leads AH, volt_x plays JH -> omega_bots wins
  Trick  2: omega_bots leads AD, volt_x plays 9D -> omega_bots wins
  Trick  3: omega_bots leads AC, volt_x plays 7C -> omega_bots wins
  Trick  4: omega_bots leads KH, volt_x plays 8C -> omega_bots wins
  Trick  5: omega_bots leads QD, volt_x plays KD -> volt_x wins
  Trick  6: volt_x leads 9C, omega_bots plays QC -> omega_bots wins
  Trick  7: omega_bots leads 10D, volt_x plays 10C -> omega_bots wins
  Trick  8: omega_bots leads 7H, volt_x plays JC -> omega_bots wins
  Trick  9: omega_bots leads JD, volt_x plays QS -> omega_bots wins
  Trick 10: omega_bots leads JS, volt_x plays KS -> volt_x wins
  Trick 11: volt_x leads AS, omega_bots plays 7D -> volt_x wins
  Trick 12: volt_x leads KC, omega_bots plays QH -> volt_x wins
  Hand: volt_x +21 / omega_bots +21 (tricks 4-8)
  Match total: volt_x 68 - 51 omega_bots
Players: volt_x vs omega_bots
Dealer: omega_bots  |  Elder: volt_x
Match scores: 68 - 51
Talon (8): 7C QC AC 10H JH 9S 10S QS
volt_x hand: 9C KC 7D 10D KD AD 9H QH KH AH KS AS
omega_bots hand: 8C 10C JC 8D 9D JD QD 7H 8H 7S 8S JS
  Exchange volt_x: discard 9C KC 7D 10D KD -> draw 7C AC JH 10S QS (talon 3 left)
  Exchange omega_bots: discard 10C 7H 8H -> draw QC 10H 9S (talon 0 left)

--- Phase: declare ---
  Declare point: volt_x wins 5 pts (('point', 5, 'H'))
  Declare sequence: volt_x wins 4 pts (('sequence', 4, 14, 'H'))
  Declare set: volt_x wins 14 pts (('set', 4, 14))

--- Phase: tricks ---
  Trick  1: volt_x leads 9H, omega_bots plays 10H -> omega_bots wins
  Trick  2: omega_bots leads QD, volt_x plays AD -> volt_x wins
  Trick  3: volt_x leads JH, omega_bots plays 7S -> volt_x wins
  Trick  4: volt_x leads 10S, omega_bots plays JS -> omega_bots wins
  Trick  5: omega_bots leads QC, volt_x plays AC -> volt_x wins
  Trick  6: volt_x leads QH, omega_bots plays JD -> volt_x wins
  Trick  7: volt_x leads QS, omega_bots plays 8S -> volt_x wins
  Trick  8: volt_x leads KH, omega_bots plays 8C -> volt_x wins
  Trick  9: volt_x leads AH, omega_bots plays 8D -> volt_x wins
  Trick 10: volt_x leads AS, omega_bots plays 9S -> volt_x wins
  Trick 11: volt_x leads KS, omega_bots plays JC -> volt_x wins
  Trick 12: volt_x leads 7C, omega_bots plays 9D -> volt_x wins
  Hand: volt_x +44 / omega_bots +2 (tricks 10-2)
  Match total: volt_x 112 - 53 omega_bots
  Final: volt_x 112 - 53 omega_bots
  Winner: volt_x

============================================================
Game 55
============================================================
Players: omega_bots vs volt_x
Dealer: omega_bots  |  Elder: volt_x
Match scores: 0 - 0
Talon (8): KC 8D JD AD JH QH 8S AS
omega_bots hand: 7C 8C 9C JC 9D 10D QD KD KH AH JS KS
volt_x hand: 10C QC AC 7D 7H 8H 9H 10H 7S 9S 10S QS
  Exchange volt_x: discard QC AC 7D 7S 9S -> draw KC JD AD JH QH (talon 3 left)
  Exchange omega_bots: discard 10D JS -> draw 8D 8S (talon 1 left)

--- Phase: declare ---
  Declare point: volt_x wins 6 pts (('point', 6, 'H'))
  Declare sequence: volt_x wins 11 pts (('sequence', 6, 12, 'H'))
  Declare set: omega_bots wins 3 pts (('set', 3, 13))

--- Phase: tricks ---
  Trick  1: volt_x leads 7H, omega_bots plays KH -> omega_bots wins
  Trick  2: omega_bots leads AH, volt_x plays 8H -> omega_bots wins
  Trick  3: omega_bots leads KD, volt_x plays AD -> volt_x wins
  Trick  4: volt_x leads 9H, omega_bots plays 7C -> volt_x wins
  Trick  5: volt_x leads 10H, omega_bots plays 8C -> volt_x wins
  Trick  6: volt_x leads 10S, omega_bots plays 8S -> volt_x wins
  Trick  7: volt_x leads 10C, omega_bots plays 9C -> volt_x wins
  Trick  8: volt_x leads JH, omega_bots plays JC -> volt_x wins
  Trick  9: volt_x leads KC, omega_bots plays KS -> volt_x wins
  Trick 10: volt_x leads QS, omega_bots plays 9D -> volt_x wins
  Trick 11: volt_x leads QH, omega_bots plays QD -> volt_x wins
  Trick 12: volt_x leads JD, omega_bots plays 8D -> volt_x wins
  Hand: omega_bots +5 / volt_x +38 (tricks 2-10)
  Match total: omega_bots 5 - 38 volt_x
Players: omega_bots vs volt_x
Dealer: volt_x  |  Elder: omega_bots
Match scores: 5 - 38
Talon (8): 8C JC QC 10D AD 10H 7S 8S
omega_bots hand: KC AC JD QD KD 7H 8H 9H QH JS KS AS
volt_x hand: 7C 9C 10C 7D 8D 9D JH KH AH 9S 10S QS
  Exchange omega_bots: discard 7H 8H QH JS -> draw 8C QC 10D AD (talon 4 left)
  Exchange volt_x: discard 7C 9C 9S QS -> draw JC 10H 7S 8S (talon 0 left)

--- Phase: declare ---
  Declare point: omega_bots wins 5 pts (('point', 5, 'D'))
  Declare sequence: omega_bots wins 10 pts (('sequence', 5, 14, 'D'))
  Declare set: omega_bots wins 3 pts (('set', 3, 14))

--- Phase: tricks ---
  Trick  1: omega_bots leads AS, volt_x plays 7S -> omega_bots wins
  Trick  2: omega_bots leads AC, volt_x plays 10C -> omega_bots wins
  Trick  3: omega_bots leads AD, volt_x plays 7D -> omega_bots wins
  Trick  4: omega_bots leads KS, volt_x plays 8S -> omega_bots wins
  Trick  5: omega_bots leads KC, volt_x plays JC -> omega_bots wins
  Trick  6: omega_bots leads 9H, volt_x plays 10H -> volt_x wins
  Trick  7: volt_x leads JH, omega_bots plays JD -> volt_x wins
  Trick  8: volt_x leads KH, omega_bots plays QD -> volt_x wins
  Trick  9: volt_x leads AH, omega_bots plays KD -> volt_x wins
  Trick 10: volt_x leads 10S, omega_bots plays 8C -> volt_x wins
  Trick 11: volt_x leads 9D, omega_bots plays 10D -> omega_bots wins
  Trick 12: omega_bots leads QC, volt_x plays 8D -> omega_bots wins
  Hand: omega_bots +36 / volt_x +5 (tricks 7-5)
  Match total: omega_bots 41 - 43 volt_x
Players: omega_bots vs volt_x
Dealer: omega_bots  |  Elder: volt_x
Match scores: 41 - 43
Talon (8): 7C 8C 10C 8H JH QH KS AS
omega_bots hand: JC AC 8D 9D JD KD AD 7H 10H KH AH 9S
volt_x hand: 9C QC KC 7D 10D QD 9H 7S 8S 10S JS QS
  Exchange volt_x: discard 9C KC 7D 10D 9H -> draw 7C 10C JH QH KS (talon 3 left)
  Exchange omega_bots: discard 7H 10H 9S -> draw 8C 8H AS (talon 0 left)

--- Phase: declare ---
  Declare point: volt_x wins 6 pts (('point', 6, 'S'))
  Declare sequence: volt_x wins 4 pts (('sequence', 4, 13, 'S'))
  Declare set: omega_bots wins 14 pts (('set', 4, 14))

--- Phase: tricks ---
  Trick  1: volt_x leads 7S, omega_bots plays AS -> omega_bots wins
  Trick  2: omega_bots leads AC, volt_x plays 7C -> omega_bots wins
  Trick  3: omega_bots leads AD, volt_x plays QD -> omega_bots wins
  Trick  4: omega_bots leads AH, volt_x plays JH -> omega_bots wins
  Trick  5: omega_bots leads KD, volt_x plays 8S -> omega_bots wins
  Trick  6: omega_bots leads JD, volt_x plays 10S -> omega_bots wins
  Trick  7: omega_bots leads JC, volt_x plays QC -> volt_x wins
  Trick  8: volt_x leads JS, omega_bots plays 9D -> volt_x wins
  Trick  9: volt_x leads KS, omega_bots plays 8D -> volt_x wins
  Trick 10: volt_x leads QS, omega_bots plays KH -> volt_x wins
  Trick 11: volt_x leads QH, omega_bots plays 8H -> volt_x wins
  Trick 12: volt_x leads 10C, omega_bots plays 8C -> volt_x wins
  Hand: omega_bots +20 / volt_x +17 (tricks 6-6)
  Match total: omega_bots 61 - 60 volt_x
Players: omega_bots vs volt_x
Dealer: volt_x  |  Elder: omega_bots
Match scores: 61 - 60
Talon (8): QC KC AD 8H 9H JH 8S QS
omega_bots hand: 7C JC 8D 9D JD QD 7H KH AH 9S 10S KS
volt_x hand: 8C 9C 10C AC 7D 10D KD 10H QH 7S JS AS
  Exchange omega_bots: discard 8D 7H 9S 10S -> draw KC AD 8H JH (talon 4 left)
  Exchange volt_x: discard 7D QH 7S JS -> draw QC 9H 8S QS (talon 0 left)

--- Phase: declare ---
  Declare point: volt_x wins 5 pts (('point', 5, 'C'))
  Declare sequence: volt_x wins 3 pts (('sequence', 3, 10, 'C'))
  Declare set: omega_bots wins 3 pts (('set', 3, 13))

--- Phase: tricks ---
  Trick  1: omega_bots leads AH, volt_x plays 9H -> omega_bots wins
  Trick  2: omega_bots leads AD, volt_x plays 10D -> omega_bots wins
  Trick  3: omega_bots leads KS, volt_x plays AS -> volt_x wins
  Trick  4: volt_x leads 8C, omega_bots plays JC -> omega_bots wins
  Trick  5: omega_bots leads KH, volt_x plays 10H -> omega_bots wins
  Trick  6: omega_bots leads QD, volt_x plays KD -> volt_x wins
  Trick  7: volt_x leads 9C, omega_bots plays 7C -> volt_x wins
  Trick  8: volt_x leads 10C, omega_bots plays KC -> omega_bots wins
  Trick  9: omega_bots leads JD, volt_x plays 8S -> omega_bots wins
  Trick 10: omega_bots leads 9D, volt_x plays QS -> omega_bots wins
  Trick 11: omega_bots leads JH, volt_x plays QC -> omega_bots wins
  Trick 12: omega_bots leads 8H, volt_x plays AC -> omega_bots wins
  Hand: omega_bots +23 / volt_x +11 (tricks 9-3)
  Match total: omega_bots 84 - 71 volt_x
Players: omega_bots vs volt_x
Dealer: omega_bots  |  Elder: volt_x
Match scores: 84 - 71
Talon (8): JC 9D KD 7H 9H 8S JS QS
omega_bots hand: 7C 8C AC 7D 8D 10D JD QD 8H QH KH 10S
volt_x hand: 9C 10C QC KC AD 10H JH AH 7S 9S KS AS
  Exchange volt_x: discard 10H JH 7S 9S KS -> draw KD 7H 9H JS QS (talon 3 left)
  Exchange omega_bots: discard 7C 8C 8H -> draw JC 9D 8S (talon 0 left)

--- Phase: declare ---
  Declare point: omega_bots wins 6 pts (('point', 6, 'D'))
  Declare sequence: omega_bots wins 11 pts (('sequence', 6, 12, 'D'))
  Declare set: volt_x wins 3 pts (('set', 3, 14))

--- Phase: tricks ---
  Trick  1: volt_x leads 9C, omega_bots plays JC -> omega_bots wins
  Trick  2: omega_bots leads AC, volt_x plays 10C -> omega_bots wins
  Trick  3: omega_bots leads KH, volt_x plays AH -> volt_x wins
  Trick  4: volt_x leads JS, omega_bots plays 8S -> volt_x wins
  Trick  5: volt_x leads QC, omega_bots plays 7D -> volt_x wins
  Trick  6: volt_x leads QS, omega_bots plays 10S -> volt_x wins
  Trick  7: volt_x leads KD, omega_bots plays JD -> volt_x wins
  Trick  8: volt_x leads 7H, omega_bots plays QH -> omega_bots wins
  Trick  9: omega_bots leads QD, volt_x plays AD -> volt_x wins
  Trick 10: volt_x leads AS, omega_bots plays 8D -> volt_x wins
  Trick 11: volt_x leads KC, omega_bots plays 10D -> volt_x wins
  Trick 12: volt_x leads 9H, omega_bots plays 9D -> volt_x wins
  Hand: omega_bots +20 / volt_x +23 (tricks 3-9)
  Match total: omega_bots 104 - 94 volt_x
  Final: omega_bots 104 - 94 volt_x
  Winner: omega_bots

============================================================
Game 56
============================================================
Players: volt_x vs omega_bots
Dealer: volt_x  |  Elder: omega_bots
Match scores: 0 - 0
Talon (8): 7C JC QC 7D KD 7H 7S JS
volt_x hand: 10C KC AC 8D 9D 9H QH KH 8S 9S QS AS
omega_bots hand: 8C 9C 10D JD QD AD 8H 10H JH AH 10S KS
  Exchange omega_bots: discard 8C 9C 10H 10S KS -> draw JC KD 7H 7S JS (talon 3 left)
  Exchange volt_x: discard 8D 9D 9H -> draw 7C QC 7D (talon 0 left)

--- Phase: declare ---
  Declare point: omega_bots wins 5 pts (('point', 5, 'D'))
  Declare sequence: omega_bots wins 10 pts (('sequence', 5, 14, 'D'))
  Declare set: volt_x wins 3 pts (('set', 3, 12))

--- Phase: tricks ---
  Trick  1: omega_bots leads AH, volt_x plays QH -> omega_bots wins
  Trick  2: omega_bots leads AD, volt_x plays 7D -> omega_bots wins
  Trick  3: omega_bots leads KD, volt_x plays 7C -> omega_bots wins
  Trick  4: omega_bots leads QD, volt_x plays 8S -> omega_bots wins
  Trick  5: omega_bots leads JD, volt_x plays 9S -> omega_bots wins
  Trick  6: omega_bots leads 8H, volt_x plays KH -> volt_x wins
  Trick  7: volt_x leads 10C, omega_bots plays JC -> omega_bots wins
  Trick  8: omega_bots leads JH, volt_x plays QS -> omega_bots wins
  Trick  9: omega_bots leads 10D, volt_x plays QC -> omega_bots wins
  Trick 10: omega_bots leads JS, volt_x plays AS -> volt_x wins
  Trick 11: volt_x leads AC, omega_bots plays 7H -> volt_x wins
  Trick 12: volt_x leads KC, omega_bots plays 7S -> volt_x wins
  Hand: volt_x +8 / omega_bots +33 (tricks 4-8)
  Match total: volt_x 8 - 33 omega_bots
Players: volt_x vs omega_bots
Dealer: omega_bots  |  Elder: volt_x
Match scores: 8 - 33
Talon (8): 10C 8D 9D AD 8H 10H KH AS
volt_x hand: 7C JC KC AC QD 7H 9H QH AH 7S JS KS
omega_bots hand: 8C 9C QC 7D 10D JD KD JH 8S 9S 10S QS
  Exchange volt_x: discard QD 7H 9H QH 7S -> draw 8D 9D AD 8H KH (talon 3 left)
  Exchange omega_bots: discard 9C 7D 10D -> draw 10C 10H AS (talon 0 left)

--- Phase: declare ---
  Declare point: omega_bots wins 5 pts (('point', 5, 'S'))
  Declare sequence: omega_bots wins 3 pts (('sequence', 3, 10, 'S'))
  Declare set: volt_x wins 3 pts (('set', 3, 14))

--- Phase: tricks ---
  Trick  1: volt_x leads 7C, omega_bots plays 8C -> omega_bots wins
  Trick  2: omega_bots leads AS, volt_x plays JS -> omega_bots wins
  Trick  3: omega_bots leads KD, volt_x plays AD -> volt_x wins
  Trick  4: volt_x leads 8H, omega_bots plays 10H -> omega_bots wins
  Trick  5: omega_bots leads QS, volt_x plays KS -> volt_x wins
  Trick  6: volt_x leads JC, omega_bots plays 10C -> volt_x wins
  Trick  7: volt_x leads KH, omega_bots plays JH -> volt_x wins
  Trick  8: volt_x leads KC, omega_bots plays QC -> volt_x wins
  Trick  9: volt_x leads AH, omega_bots plays 10S -> volt_x wins
  Trick 10: volt_x leads AC, omega_bots plays JD -> volt_x wins
  Trick 11: volt_x leads 9D, omega_bots plays 8S -> volt_x wins
  Trick 12: volt_x leads 8D, omega_bots plays 9S -> volt_x wins
  Hand: volt_x +23 / omega_bots +11 (tricks 9-3)
  Match total: volt_x 31 - 44 omega_bots
Players: volt_x vs omega_bots
Dealer: volt_x  |  Elder: omega_bots
Match scores: 31 - 44
Talon (8): 8C KC 8H JH KH AH 8S 10S
volt_x hand: 7C JC 9D 10D JD 9H 10H QH 7S 9S JS AS
omega_bots hand: 9C 10C QC AC 7D 8D QD KD AD 7H QS KS
  Exchange omega_bots: discard 9C 10C QC 7H QS -> draw 8C JH KH AH 10S (talon 3 left)
  Exchange volt_x: discard 7C 9H QH -> draw KC 8H 8S (talon 0 left)

--- Phase: declare ---
  Declare point: omega_bots wins 5 pts (('point', 5, 'D'))
  Declare sequence: omega_bots wins 3 pts (('sequence', 3, 14, 'D'))
  Declare set: omega_bots wins 3 pts (('set', 3, 14))

--- Phase: tricks ---
  Trick  1: omega_bots leads AD, volt_x plays 9D -> omega_bots wins
  Trick  2: omega_bots leads AC, volt_x plays JC -> omega_bots wins
  Trick  3: omega_bots leads AH, volt_x plays 8H -> omega_bots wins
  Trick  4: omega_bots leads KD, volt_x plays 10D -> omega_bots wins
  Trick  5: omega_bots leads KS, volt_x plays AS -> volt_x wins
  Trick  6: volt_x leads 7S, omega_bots plays 10S -> omega_bots wins
  Trick  7: omega_bots leads QD, volt_x plays JD -> omega_bots wins
  Trick  8: omega_bots leads 7D, volt_x plays 8S -> omega_bots wins
  Trick  9: omega_bots leads 8D, volt_x plays 9S -> omega_bots wins
  Trick 10: omega_bots leads KH, volt_x plays 10H -> omega_bots wins
  Trick 11: omega_bots leads 8C, volt_x plays KC -> volt_x wins
  Trick 12: volt_x leads JS, omega_bots plays JH -> volt_x wins
  Hand: volt_x +4 / omega_bots +30 (tricks 3-9)
  Match total: volt_x 35 - 74 omega_bots
Players: volt_x vs omega_bots
Dealer: omega_bots  |  Elder: volt_x
Match scores: 35 - 74
Talon (8): 9C AC 10D 7S 8S 9S JS AS
volt_x hand: 10C JC 7D 9D KD 7H 8H 9H QH AH 10S QS
omega_bots hand: 7C 8C QC KC 8D JD QD AD 10H JH KH KS
  Exchange volt_x: discard 10C JC 7D 9D QS -> draw 9C 10D 7S 8S JS (talon 3 left)
  Exchange omega_bots: discard 7C 8C 10H -> draw AC 9S AS (talon 0 left)

--- Phase: declare ---
  Declare point: volt_x wins 5 pts (('point', 5, 'H'))
  Declare sequence: omega_bots wins 3 pts (('sequence', 3, 14, 'C'))
  Declare set: omega_bots wins 3 pts (('set', 3, 14))

--- Phase: tricks ---
  Trick  1: volt_x leads 7H, omega_bots plays JH -> omega_bots wins
  Trick  2: omega_bots leads AD, volt_x plays 10D -> omega_bots wins
  Trick  3: omega_bots leads AC, volt_x plays 9C -> omega_bots wins
  Trick  4: omega_bots leads AS, volt_x plays 7S -> omega_bots wins
  Trick  5: omega_bots leads KC, volt_x plays 8H -> omega_bots wins
  Trick  6: omega_bots leads QC, volt_x plays 8S -> omega_bots wins
  Trick  7: omega_bots leads JD, volt_x plays KD -> volt_x wins
  Trick  8: volt_x leads 9H, omega_bots plays KH -> omega_bots wins
  Trick  9: omega_bots leads KS, volt_x plays 10S -> omega_bots wins
  Trick 10: omega_bots leads QD, volt_x plays JS -> omega_bots wins
  Trick 11: omega_bots leads 8D, volt_x plays QH -> omega_bots wins
  Trick 12: omega_bots leads 9S, volt_x plays AH -> omega_bots wins
  Hand: volt_x +6 / omega_bots +28 (tricks 1-11)
  Match total: volt_x 41 - 102 omega_bots
  Final: volt_x 41 - 102 omega_bots
  Winner: omega_bots

============================================================
Game 57
============================================================
Players: omega_bots vs volt_x
Dealer: omega_bots  |  Elder: volt_x
Match scores: 0 - 0
Talon (8): 7C JC 9H 10H KH AH JS KS
omega_bots hand: 9C 10C 7D 9D JD QD KD AD 7H JH 8S AS
volt_x hand: 8C QC KC AC 8D 10D 8H QH 7S 9S 10S QS
  Exchange volt_x: discard 8D 10D 8H 7S 9S -> draw 7C 9H 10H AH JS (talon 3 left)
  Exchange omega_bots: discard 9D 7H 8S -> draw JC KH KS (talon 0 left)

--- Phase: declare ---
  Declare point: omega_bots wins 5 pts (('point', 5, 'D'))
  Declare sequence: omega_bots wins 4 pts (('sequence', 4, 14, 'D'))
  Declare set: omega_bots wins 3 pts (('set', 3, 13))

--- Phase: tricks ---
  Trick  1: volt_x leads 7C, omega_bots plays 9C -> omega_bots wins
  Trick  2: omega_bots leads AS, volt_x plays 10S -> omega_bots wins
  Trick  3: omega_bots leads AD, volt_x plays 8C -> omega_bots wins
  Trick  4: omega_bots leads KD, volt_x plays 9H -> omega_bots wins
  Trick  5: omega_bots leads KS, volt_x plays JS -> omega_bots wins
  Trick  6: omega_bots leads QD, volt_x plays 10H -> omega_bots wins
  Trick  7: omega_bots leads 7D, volt_x plays QH -> omega_bots wins
  Trick  8: omega_bots leads JD, volt_x plays QS -> omega_bots wins
  Trick  9: omega_bots leads 10C, volt_x plays QC -> volt_x wins
  Trick 10: volt_x leads AC, omega_bots plays JC -> volt_x wins
  Trick 11: volt_x leads AH, omega_bots plays JH -> volt_x wins
  Trick 12: volt_x leads KC, omega_bots plays KH -> volt_x wins
  Hand: omega_bots +30 / volt_x +5 (tricks 8-4)
  Match total: omega_bots 30 - 5 volt_x
Players: omega_bots vs volt_x
Dealer: volt_x  |  Elder: omega_bots
Match scores: 30 - 5
Talon (8): 8C 9C JC KC AC AD QH AH
omega_bots hand: 10C QC 9D 10D QD 7H 9H 10H JH 7S 10S AS
volt_x hand: 7C 7D 8D JD KD 8H KH 8S 9S JS QS KS
  Exchange omega_bots: discard QC 9D 7H -> draw 8C QH AH (talon 5 left)
  Exchange volt_x: discard 7C 7D 8D JD 8H -> draw 9C JC KC AC AD (talon 0 left)

--- Phase: declare ---
  Declare point: omega_bots wins 5 pts (('point', 5, 'H'))
  Declare sequence: omega_bots wins 4 pts (('sequence', 4, 12, 'H'))
  Declare set: volt_x wins 14 pts (('set', 4, 13))

--- Phase: tricks ---
  Trick  1: omega_bots leads AS, volt_x plays 8S -> omega_bots wins
  Trick  2: omega_bots leads AH, volt_x plays KH -> omega_bots wins
  Trick  3: omega_bots leads QD, volt_x plays KD -> volt_x wins
  Trick  4: volt_x leads 9S, omega_bots plays 10S -> omega_bots wins
  Trick  5: omega_bots leads QH, volt_x plays 9C -> omega_bots wins
  Trick  6: omega_bots leads 9H, volt_x plays JS -> omega_bots wins
  Trick  7: omega_bots leads 10C, volt_x plays JC -> volt_x wins
  Trick  8: volt_x leads QS, omega_bots plays 7S -> volt_x wins
  Trick  9: volt_x leads AC, omega_bots plays 8C -> volt_x wins
  Trick 10: volt_x leads AD, omega_bots plays 10D -> volt_x wins
  Trick 11: volt_x leads KS, omega_bots plays JH -> volt_x wins
  Trick 12: volt_x leads KC, omega_bots plays 10H -> volt_x wins
  Hand: omega_bots +14 / volt_x +32 (tricks 5-7)
  Match total: omega_bots 44 - 37 volt_x
Players: omega_bots vs volt_x
Dealer: omega_bots  |  Elder: volt_x
Match scores: 44 - 37
Talon (8): JC 8D QD 9H 10H QH 9S KS
omega_bots hand: 7C 7D 9D AD 8H JH KH 7S 8S JS QS AS
volt_x hand: 8C 9C 10C QC KC AC 10D JD KD 7H AH 10S
  Exchange volt_x: discard 8C JD KD 7H AH -> draw 8D QD 9H 10H QH (talon 3 left)
  Exchange omega_bots: discard 7C 7D 9D -> draw JC 9S KS (talon 0 left)

--- Phase: declare ---
  Declare point: omega_bots wins 7 pts (('point', 7, 'S'))
  Declare sequence: omega_bots wins 4 pts (('sequence', 4, 14, 'S'))
  Declare set: volt_x wins 3 pts (('set', 3, 12))

--- Phase: tricks ---
  Trick  1: volt_x leads 9C, omega_bots plays JC -> omega_bots wins
  Trick  2: omega_bots leads AD, volt_x plays 8D -> omega_bots wins
  Trick  3: omega_bots leads AS, volt_x plays 10S -> omega_bots wins
  Trick  4: omega_bots leads KH, volt_x plays 9H -> omega_bots wins
  Trick  5: omega_bots leads KS, volt_x plays 10D -> omega_bots wins
  Trick  6: omega_bots leads 8H, volt_x plays 10H -> volt_x wins
  Trick  7: volt_x leads 10C, omega_bots plays QS -> volt_x wins
  Trick  8: volt_x leads QC, omega_bots plays JS -> volt_x wins
  Trick  9: volt_x leads AC, omega_bots plays 8S -> volt_x wins
  Trick 10: volt_x leads KC, omega_bots plays JH -> volt_x wins
  Trick 11: volt_x leads QH, omega_bots plays 7S -> volt_x wins
  Trick 12: volt_x leads QD, omega_bots plays 9S -> volt_x wins
  Hand: omega_bots +16 / volt_x +21 (tricks 5-7)
  Match total: omega_bots 60 - 58 volt_x
Players: omega_bots vs volt_x
Dealer: volt_x  |  Elder: omega_bots
Match scores: 60 - 58
Talon (8): JC KC KD 8H 9H JH QH AH
omega_bots hand: 7C 9C 10C 9D QD 7H KH 9S 10S JS KS AS
volt_x hand: 8C QC AC 7D 8D 10D JD AD 10H 7S 8S QS
  Exchange omega_bots: discard 7C 9C 9D QD 7H -> draw KC 8H 9H JH AH (talon 3 left)
  Exchange volt_x: discard 8C 7S 8S -> draw JC KD QH (talon 0 left)

--- Phase: declare ---
  Declare point: volt_x wins 6 pts (('point', 6, 'D'))
  Declare sequence: omega_bots wins 3 pts (('sequence', 3, 11, 'S'))
  Declare set: omega_bots wins 3 pts (('set', 3, 13))

--- Phase: tricks ---
  Trick  1: omega_bots leads AS, volt_x plays QS -> omega_bots wins
  Trick  2: omega_bots leads AH, volt_x plays 10H -> omega_bots wins
  Trick  3: omega_bots leads KH, volt_x plays QH -> omega_bots wins
  Trick  4: omega_bots leads KS, volt_x plays 7D -> omega_bots wins
  Trick  5: omega_bots leads KC, volt_x plays AC -> volt_x wins
  Trick  6: volt_x leads 8D, omega_bots plays 10S -> volt_x wins
  Trick  7: volt_x leads 10D, omega_bots plays 9S -> volt_x wins
  Trick  8: volt_x leads JD, omega_bots plays 10C -> volt_x wins
  Trick  9: volt_x leads AD, omega_bots plays JS -> volt_x wins
  Trick 10: volt_x leads KD, omega_bots plays JH -> volt_x wins
  Trick 11: volt_x leads QC, omega_bots plays 9H -> volt_x wins
  Trick 12: volt_x leads JC, omega_bots plays 8H -> volt_x wins
  Hand: omega_bots +10 / volt_x +25 (tricks 4-8)
  Match total: omega_bots 70 - 83 volt_x
Players: omega_bots vs volt_x
Dealer: omega_bots  |  Elder: volt_x
Match scores: 70 - 83
Talon (8): 9C QC 7D 7H 9H 7S 8S AS
omega_bots hand: 7C 8C 9D 10D JD QD 8H JH QH JS QS KS
volt_x hand: 10C JC KC AC 8D KD AD 10H KH AH 9S 10S
  Exchange volt_x: discard 8D KD 10H 9S 10S -> draw 9C 7D 9H 8S AS (talon 3 left)
  Exchange omega_bots: discard 8H JH JS -> draw QC 7H 7S (talon 0 left)

--- Phase: declare ---
  Declare point: volt_x wins 5 pts (('point', 5, 'C'))
  Declare sequence: omega_bots wins 4 pts (('sequence', 4, 12, 'D'))
  Declare set: volt_x wins 14 pts (('set', 4, 14))

--- Phase: tricks ---
  Trick  1: volt_x leads 9C, omega_bots plays QC -> omega_bots wins
  Trick  2: omega_bots leads KS, volt_x plays AS -> volt_x wins
  Trick  3: volt_x leads 10C, omega_bots plays 7C -> volt_x wins
  Trick  4: volt_x leads JC, omega_bots plays 8C -> volt_x wins
  Trick  5: volt_x leads 9H, omega_bots plays QH -> omega_bots wins
  Trick  6: omega_bots leads JD, volt_x plays AD -> volt_x wins
  Trick  7: volt_x leads KC, omega_bots plays 9D -> volt_x wins
  Trick  8: volt_x leads KH, omega_bots plays 7H -> volt_x wins
  Trick  9: volt_x leads AC, omega_bots plays QD -> volt_x wins
  Trick 10: volt_x leads AH, omega_bots plays QS -> volt_x wins
  Trick 11: volt_x leads 8S, omega_bots plays 7S -> volt_x wins
  Trick 12: volt_x leads 7D, omega_bots plays 10D -> omega_bots wins
  Hand: omega_bots +8 / volt_x +38 (tricks 3-9)
  Match total: omega_bots 78 - 121 volt_x
  Final: omega_bots 78 - 121 volt_x
  Winner: volt_x

============================================================
Game 58
============================================================
Players: volt_x vs omega_bots
Dealer: volt_x  |  Elder: omega_bots
Match scores: 0 - 0
Talon (8): 9C JD KD 9H AH 8S 9S 10S
volt_x hand: 7C 8C 10C 7D 9D 10D JH QH 7S JS KS AS
omega_bots hand: JC QC KC AC 8D QD AD 7H 8H 10H KH QS
  Exchange omega_bots: discard 8D QD 7H 10H QS -> draw 9C KD 9H 8S 9S (talon 3 left)
  Exchange volt_x: discard 7C 8C 7D -> draw JD AH 10S (talon 0 left)

--- Phase: declare ---
  Declare point: omega_bots wins 5 pts (('point', 5, 'C'))
  Declare sequence: omega_bots wins 4 pts (('sequence', 4, 14, 'C'))
  Declare set: omega_bots wins 3 pts (('set', 3, 13))

--- Phase: tricks ---
  Trick  1: omega_bots leads AD, volt_x plays 9D -> omega_bots wins
  Trick  2: omega_bots leads AC, volt_x plays 10C -> omega_bots wins
  Trick  3: omega_bots leads KH, volt_x plays AH -> volt_x wins
  Trick  4: volt_x leads 7S, omega_bots plays 8S -> omega_bots wins
  Trick  5: omega_bots leads KC, volt_x plays 10D -> omega_bots wins
  Trick  6: omega_bots leads JC, volt_x plays 10S -> omega_bots wins
  Trick  7: omega_bots leads QC, volt_x plays JH -> omega_bots wins
  Trick  8: omega_bots leads 8H, volt_x plays QH -> volt_x wins
  Trick  9: volt_x leads AS, omega_bots plays 9S -> volt_x wins
  Trick 10: volt_x leads KS, omega_bots plays 9C -> volt_x wins
  Trick 11: volt_x leads JS, omega_bots plays 9H -> volt_x wins
  Trick 12: volt_x leads JD, omega_bots plays KD -> omega_bots wins
  Hand: volt_x +5 / omega_bots +30 (tricks 5-7)
  Match total: volt_x 5 - 30 omega_bots
Players: volt_x vs omega_bots
Dealer: omega_bots  |  Elder: volt_x
Match scores: 5 - 30
Talon (8): 7C 8C 10C 8D 8H 9H 8S AS
volt_x hand: 9C KC 9D 10H JH QH KH 7S 9S 10S QS KS
omega_bots hand: JC QC AC 7D 10D JD QD KD AD 7H AH JS
  Exchange volt_x: discard 9C 9D 7S 9S QS -> draw 7C 8C 10C 8D 9H (talon 3 left)
  Exchange omega_bots: discard JC 7H JS -> draw 8H 8S AS (talon 0 left)

--- Phase: declare ---
  Declare point: omega_bots wins 6 pts (('point', 6, 'D'))
  Declare sequence: omega_bots wins 10 pts (('sequence', 5, 14, 'D'))
  Declare set: omega_bots wins 14 pts (('set', 4, 14))

--- Phase: tricks ---
  Trick  1: volt_x leads 9H, omega_bots plays AH -> omega_bots wins
  Trick  2: omega_bots leads AD, volt_x plays 8D -> omega_bots wins
  Trick  3: omega_bots leads AC, volt_x plays 7C -> omega_bots wins
  Trick  4: omega_bots leads AS, volt_x plays 10S -> omega_bots wins
  Trick  5: omega_bots leads KD, volt_x plays 8C -> omega_bots wins
  Trick  6: omega_bots leads JD, volt_x plays 10H -> omega_bots wins
  Trick  7: omega_bots leads 10D, volt_x plays 10C -> omega_bots wins
  Trick  8: omega_bots leads QC, volt_x plays KC -> volt_x wins
  Trick  9: volt_x leads KH, omega_bots plays 8H -> volt_x wins
  Trick 10: volt_x leads KS, omega_bots plays 8S -> volt_x wins
  Trick 11: volt_x leads QH, omega_bots plays 7D -> volt_x wins
  Trick 12: volt_x leads JH, omega_bots plays QD -> volt_x wins
  Hand: volt_x +6 / omega_bots +107 (tricks 5-7)
  Match total: volt_x 11 - 137 omega_bots
  Final: volt_x 11 - 137 omega_bots
  Winner: omega_bots

============================================================
Game 59
============================================================
Players: omega_bots vs volt_x
Dealer: omega_bots  |  Elder: volt_x
Match scores: 0 - 0
Talon (8): 9C JC QC KC 8H 8S 9S KS
omega_bots hand: 8C 10C AC 9D JD KD AD 7H KH 7S 10S AS
volt_x hand: 7C 7D 8D 10D QD 9H 10H JH QH AH JS QS
  Exchange volt_x: discard 7C 7D 8D 10D JS -> draw 9C JC QC 8S KS (talon 3 left)
  Exchange omega_bots: discard 9D JD 7H -> draw KC 8H 9S (talon 0 left)

--- Phase: declare ---
  Declare point: volt_x wins 5 pts (('point', 5, 'H'))
  Declare sequence: volt_x wins 4 pts (('sequence', 4, 12, 'H'))
  Declare set: omega_bots wins 3 pts (('set', 3, 14))

--- Phase: tricks ---
  Trick  1: volt_x leads 9H, omega_bots plays KH -> omega_bots wins
  Trick  2: omega_bots leads AS, volt_x plays 8S -> omega_bots wins
  Trick  3: omega_bots leads AD, volt_x plays QD -> omega_bots wins
  Trick  4: omega_bots leads AC, volt_x plays 9C -> omega_bots wins
  Trick  5: omega_bots leads KD, volt_x plays 10H -> omega_bots wins
  Trick  6: omega_bots leads 10C, volt_x plays JC -> volt_x wins
  Trick  7: volt_x leads JH, omega_bots plays 8H -> volt_x wins
  Trick  8: volt_x leads QH, omega_bots plays 7S -> volt_x wins
  Trick  9: volt_x leads AH, omega_bots plays 10S -> volt_x wins
  Trick 10: volt_x leads KS, omega_bots plays 9S -> volt_x wins
  Trick 11: volt_x leads QS, omega_bots plays 8C -> volt_x wins
  Trick 12: volt_x leads QC, omega_bots plays KC -> omega_bots wins
  Hand: omega_bots +10 / volt_x +15 (tricks 6-6)
  Match total: omega_bots 10 - 15 volt_x
Players: omega_bots vs volt_x
Dealer: volt_x  |  Elder: omega_bots
Match scores: 10 - 15
Talon (8): 8C 10C JH AH 7S 8S 9S AS
omega_bots hand: QC KC 8D 10D JD 7H 8H 10H QH 10S JS KS
volt_x hand: 7C 9C JC AC 7D 9D QD KD AD 9H KH QS
  Exchange omega_bots: discard 8D JD 7H 8H QH -> draw 8C JH AH 7S 9S (talon 3 left)
  Exchange volt_x: discard 7C 9C 9H -> draw 10C 8S AS (talon 0 left)

--- Phase: declare ---
  Declare point: volt_x wins 5 pts (('point', 5, 'D'))
  Declare sequence: volt_x wins 3 pts (('sequence', 3, 14, 'D'))
  Declare set: volt_x wins 3 pts (('set', 3, 14))

--- Phase: tricks ---
  Trick  1: omega_bots leads AH, volt_x plays KH -> omega_bots wins
  Trick  2: omega_bots leads KS, volt_x plays AS -> volt_x wins
  Trick  3: volt_x leads 7D, omega_bots plays 10D -> omega_bots wins
  Trick  4: omega_bots leads KC, volt_x plays AC -> volt_x wins
  Trick  5: volt_x leads 9D, omega_bots plays 7S -> volt_x wins
  Trick  6: volt_x leads QD, omega_bots plays JS -> volt_x wins
  Trick  7: volt_x leads 10C, omega_bots plays 8C -> volt_x wins
  Trick  8: volt_x leads KD, omega_bots plays QC -> volt_x wins
  Trick  9: volt_x leads AD, omega_bots plays 10H -> volt_x wins
  Trick 10: volt_x leads QS, omega_bots plays 10S -> volt_x wins
  Trick 11: volt_x leads JC, omega_bots plays JH -> volt_x wins
  Trick 12: volt_x leads 8S, omega_bots plays 9S -> omega_bots wins
  Hand: omega_bots +4 / volt_x +30 (tricks 3-9)
  Match total: omega_bots 14 - 45 volt_x
Players: omega_bots vs volt_x
Dealer: omega_bots  |  Elder: volt_x
Match scores: 14 - 45
Talon (8): AC KD 9H KH AH 7S JS QS
omega_bots hand: 7C 8C 10C QC KC 9D 10D JD 7H 10H JH QH
volt_x hand: 9C JC 7D 8D QD AD 8H 8S 9S 10S KS AS
  Exchange volt_x: discard 9C 7D 8D QD 8H -> draw 9H KH 7S JS QS (talon 3 left)
  Exchange omega_bots: discard 9D JD 7H -> draw AC KD AH (talon 0 left)

--- Phase: declare ---
  Declare point: volt_x wins 8 pts (('point', 8, 'S'))
  Declare sequence: volt_x wins 13 pts (('sequence', 8, 14, 'S'))
  Declare set: omega_bots wins 3 pts (('set', 3, 10))

--- Phase: tricks ---
  Trick  1: volt_x leads 7S, omega_bots plays 7C -> volt_x wins
  Trick  2: volt_x leads 8S, omega_bots plays 8C -> volt_x wins
  Trick  3: volt_x leads 9S, omega_bots plays 10H -> volt_x wins
  Trick  4: volt_x leads 10S, omega_bots plays 10D -> volt_x wins
  Trick  5: volt_x leads JS, omega_bots plays 10C -> volt_x wins
  Trick  6: volt_x leads QS, omega_bots plays QH -> volt_x wins
  Trick  7: volt_x leads KS, omega_bots plays QC -> volt_x wins
  Trick  8: volt_x leads 9H, omega_bots plays JH -> omega_bots wins
  Trick  9: omega_bots leads KC, volt_x plays JC -> omega_bots wins
  Trick 10: omega_bots leads AC, volt_x plays KH -> omega_bots wins
  Trick 11: omega_bots leads KD, volt_x plays AD -> volt_x wins
  Trick 12: volt_x leads AS, omega_bots plays AH -> volt_x wins
  Hand: omega_bots +6 / volt_x +41 (tricks 3-9)
  Match total: omega_bots 20 - 86 volt_x
Players: omega_bots vs volt_x
Dealer: volt_x  |  Elder: omega_bots
Match scores: 20 - 86
Talon (8): 10C JC KC 10D QD AD 10H 10S
omega_bots hand: 8C AC 9D KD 7H 9H KH 7S 8S 9S JS KS
volt_x hand: 7C 9C QC 7D 8D JD 8H JH QH AH QS AS
  Exchange omega_bots: discard 8C 9D 7H 9S JS -> draw 10C KC 10D AD 10S (talon 3 left)
  Exchange volt_x: discard 7C 7D 8D -> draw JC QD 10H (talon 0 left)

--- Phase: declare ---
  Declare point: volt_x wins 5 pts (('point', 5, 'H'))
  Declare sequence: volt_x wins 3 pts (('sequence', 3, 12, 'H'))
  Declare set: omega_bots wins 14 pts (('set', 4, 13))

--- Phase: tricks ---
  Trick  1: omega_bots leads AC, volt_x plays 9C -> omega_bots wins
  Trick  2: omega_bots leads AD, volt_x plays JD -> omega_bots wins
  Trick  3: omega_bots leads KS, volt_x plays AS -> volt_x wins
  Trick  4: volt_x leads 8H, omega_bots plays 9H -> omega_bots wins
  Trick  5: omega_bots leads KD, volt_x plays QD -> omega_bots wins
  Trick  6: omega_bots leads 7S, volt_x plays QS -> volt_x wins
  Trick  7: volt_x leads 10H, omega_bots plays KH -> omega_bots wins
  Trick  8: omega_bots leads 8S, volt_x plays JH -> omega_bots wins
  Trick  9: omega_bots leads 10S, volt_x plays JC -> omega_bots wins
  Trick 10: omega_bots leads 10C, volt_x plays QC -> volt_x wins
  Trick 11: volt_x leads AH, omega_bots plays KC -> volt_x wins
  Trick 12: volt_x leads QH, omega_bots plays 10D -> volt_x wins
  Hand: omega_bots +31 / volt_x +14 (tricks 7-5)
  Match total: omega_bots 51 - 100 volt_x
  Final: omega_bots 51 - 100 volt_x
  Winner: volt_x

============================================================
Game 60
============================================================
Players: volt_x vs omega_bots
Dealer: volt_x  |  Elder: omega_bots
Match scores: 0 - 0
Talon (8): 8C QC KH AH 8S 10S JS AS
volt_x hand: 9C 10C JC AC 7D 8D 10D KD AD 8H 10H KS
omega_bots hand: 7C KC 9D JD QD 7H 9H JH QH 7S 9S QS
  Exchange omega_bots: discard 9H JH 7S 9S -> draw 8C 8S JS AS (talon 4 left)
  Exchange volt_x: discard AC 7D 8H KS -> draw QC KH AH 10S (talon 0 left)

--- Phase: declare ---
  Declare sequence: volt_x wins 4 pts (('sequence', 4, 12, 'C'))
  Declare set: omega_bots wins 3 pts (('set', 3, 12))

--- Phase: tricks ---
  Trick  1: omega_bots leads AS, volt_x plays 10S -> omega_bots wins
  Trick  2: omega_bots leads KC, volt_x plays 9C -> omega_bots wins
  Trick  3: omega_bots leads QD, volt_x plays KD -> volt_x wins
  Trick  4: volt_x leads 8D, omega_bots plays 9D -> omega_bots wins
  Trick  5: omega_bots leads QS, volt_x plays 10C -> omega_bots wins
  Trick  6: omega_bots leads 7H, volt_x plays 10H -> volt_x wins
  Trick  7: volt_x leads 10D, omega_bots plays JD -> omega_bots wins
  Trick  8: omega_bots leads QH, volt_x plays KH -> volt_x wins
  Trick  9: volt_x leads AD, omega_bots plays 7C -> volt_x wins
  Trick 10: volt_x leads AH, omega_bots plays JS -> volt_x wins
  Trick 11: volt_x leads QC, omega_bots plays 8C -> volt_x wins
  Trick 12: volt_x leads JC, omega_bots plays 8S -> volt_x wins
  Hand: volt_x +22 / omega_bots +8 (tricks 7-5)
  Match total: volt_x 22 - 8 omega_bots
Players: volt_x vs omega_bots
Dealer: omega_bots  |  Elder: volt_x
Match scores: 22 - 8
Talon (8): 8C JC 7D 7H 10H JH 7S 9S
volt_x hand: 10C QC KC KD AD 8H 9H QH AH JS QS AS
omega_bots hand: 7C 9C AC 8D 9D 10D JD QD KH 8S 10S KS
  Exchange volt_x: discard 10C QC KC JS QS -> draw 8C JC 7H 10H JH (talon 3 left)
  Exchange omega_bots: discard 7C 8S 10S -> draw 7D 7S 9S (talon 0 left)

--- Phase: declare ---
  Declare point: volt_x wins 7 pts (('point', 7, 'H'))
  Declare set: volt_x wins 3 pts (('set', 3, 14))

--- Phase: tricks ---
  Trick  1: volt_x leads 7H, omega_bots plays KH -> omega_bots wins
  Trick  2: omega_bots leads AC, volt_x plays 8C -> omega_bots wins
  Trick  3: omega_bots leads KS, volt_x plays AS -> volt_x wins
  Trick  4: volt_x leads 8H, omega_bots plays 7S -> volt_x wins
  Trick  5: volt_x leads 9H, omega_bots plays 7D -> volt_x wins
  Trick  6: volt_x leads 10H, omega_bots plays 9C -> volt_x wins
  Trick  7: volt_x leads JH, omega_bots plays JD -> volt_x wins
  Trick  8: volt_x leads KD, omega_bots plays 8D -> volt_x wins
  Trick  9: volt_x leads AD, omega_bots plays 9D -> volt_x wins
  Trick 10: volt_x leads AH, omega_bots plays QD -> volt_x wins
  Trick 11: volt_x leads QH, omega_bots plays 10D -> volt_x wins
  Trick 12: volt_x leads JC, omega_bots plays 9S -> volt_x wins
  Hand: volt_x +31 / omega_bots +2 (tricks 10-2)
  Match total: volt_x 53 - 10 omega_bots
Players: volt_x vs omega_bots
Dealer: volt_x  |  Elder: omega_bots
Match scores: 53 - 10
Talon (8): 8C KC 7H 9H 10H 7S QS KS
volt_x hand: 9C 10C JC AC 7D QD KD JH QH 8S 9S JS
omega_bots hand: 7C QC 8D 9D 10D JD AD 8H KH AH 10S AS
  Exchange omega_bots: discard 7C 8D 9D 10D 10S -> draw 8C KC 7H 9H KS (talon 3 left)
  Exchange volt_x: discard 7D 8S 9S -> draw 10H 7S QS (talon 0 left)

--- Phase: declare ---
  Declare point: omega_bots wins 5 pts (('point', 5, 'H'))
  Declare sequence: volt_x wins 3 pts (('sequence', 3, 12, 'H'))
  Declare set: omega_bots wins 3 pts (('set', 3, 14))

--- Phase: tricks ---
  Trick  1: omega_bots leads AD, volt_x plays QD -> omega_bots wins
  Trick  2: omega_bots leads AH, volt_x plays 10H -> omega_bots wins
  Trick  3: omega_bots leads AS, volt_x plays 7S -> omega_bots wins
  Trick  4: omega_bots leads KH, volt_x plays JH -> omega_bots wins
  Trick  5: omega_bots leads KS, volt_x plays JS -> omega_bots wins
  Trick  6: omega_bots leads QC, volt_x plays AC -> volt_x wins
  Trick  7: volt_x leads 9C, omega_bots plays 8C -> volt_x wins
  Trick  8: volt_x leads 10C, omega_bots plays KC -> omega_bots wins
  Trick  9: omega_bots leads JD, volt_x plays KD -> volt_x wins
  Trick 10: volt_x leads QH, omega_bots plays 8H -> volt_x wins
  Trick 11: volt_x leads QS, omega_bots plays 9H -> volt_x wins
  Trick 12: volt_x leads JC, omega_bots plays 7H -> volt_x wins
  Hand: volt_x +10 / omega_bots +14 (tricks 6-6)
  Match total: volt_x 63 - 24 omega_bots
Players: volt_x vs omega_bots
Dealer: omega_bots  |  Elder: volt_x
Match scores: 63 - 24
Talon (8): 8C 7D 10D JD 8H 10H AH QS
volt_x hand: JC QC KC 9D QD AD 7H JH 7S JS KS AS
omega_bots hand: 7C 9C 10C AC 8D KD 9H QH KH 8S 9S 10S
  Exchange volt_x: discard 9D QD AD 7H 7S -> draw 8C 7D JD 8H QS (talon 3 left)
  Exchange omega_bots: discard 7C 9C 8D -> draw 10D 10H AH (talon 0 left)

--- Phase: declare ---
  Declare point: omega_bots wins 5 pts (('point', 5, 'H'))
  Declare sequence: volt_x wins 4 pts (('sequence', 4, 14, 'S'))
  Declare set: volt_x wins 14 pts (('set', 4, 11))

--- Phase: tricks ---
  Trick  1: volt_x leads 8C, omega_bots plays 10C -> omega_bots wins
  Trick  2: omega_bots leads AC, volt_x plays JC -> omega_bots wins
  Trick  3: omega_bots leads AH, volt_x plays 8H -> omega_bots wins
  Trick  4: omega_bots leads KD, volt_x plays 7D -> omega_bots wins
  Trick  5: omega_bots leads KH, volt_x plays JH -> omega_bots wins
  Trick  6: omega_bots leads 10S, volt_x plays JS -> volt_x wins
  Trick  7: volt_x leads QS, omega_bots plays 9S -> volt_x wins
  Trick  8: volt_x leads QC, omega_bots plays 9H -> volt_x wins
  Trick  9: volt_x leads AS, omega_bots plays 8S -> volt_x wins
  Trick 10: volt_x leads KC, omega_bots plays QH -> volt_x wins
  Trick 11: volt_x leads KS, omega_bots plays 10D -> volt_x wins
  Trick 12: volt_x leads JD, omega_bots plays 10H -> volt_x wins
  Hand: volt_x +36 / omega_bots +10 (tricks 7-5)
  Match total: volt_x 99 - 34 omega_bots
Players: volt_x vs omega_bots
Dealer: volt_x  |  Elder: omega_bots
Match scores: 99 - 34
Talon (8): 7D 9D QD KD AD KH 7S JS
volt_x hand: 7C 10C AC 8D 10D JD 7H 8H 10H QH 10S AS
omega_bots hand: 8C 9C JC QC KC 9H JH AH 8S 9S QS KS
  Exchange omega_bots: discard 9H JH 8S 9S -> draw KD AD KH JS (talon 4 left)
  Exchange volt_x: discard 7C AC 8D JD -> draw 7D 9D QD 7S (talon 0 left)

--- Phase: declare ---
  Declare point: omega_bots wins 5 pts (('point', 5, 'C'))
  Declare sequence: omega_bots wins 3 pts (('sequence', 3, 13, 'C'))
  Declare set: omega_bots wins 14 pts (('set', 4, 13))

--- Phase: tricks ---
  Trick  1: omega_bots leads AH, volt_x plays 7H -> omega_bots wins
  Trick  2: omega_bots leads AD, volt_x plays 7D -> omega_bots wins
  Trick  3: omega_bots leads KS, volt_x plays AS -> volt_x wins
  Trick  4: volt_x leads 9D, omega_bots plays KD -> omega_bots wins
  Trick  5: omega_bots leads KC, volt_x plays 10C -> omega_bots wins
  Trick  6: omega_bots leads 8C, volt_x plays 7S -> omega_bots wins
  Trick  7: omega_bots leads QC, volt_x plays 8H -> omega_bots wins
  Trick  8: omega_bots leads QS, volt_x plays 10S -> omega_bots wins
  Trick  9: omega_bots leads 9C, volt_x plays 10D -> omega_bots wins
  Trick 10: omega_bots leads JC, volt_x plays 10H -> omega_bots wins
  Trick 11: omega_bots leads JS, volt_x plays QH -> omega_bots wins
  Trick 12: omega_bots leads KH, volt_x plays QD -> omega_bots wins
  Hand: volt_x +1 / omega_bots +44 (tricks 1-11)
  Match total: volt_x 100 - 78 omega_bots
  Final: volt_x 100 - 78 omega_bots
  Winner: volt_x

============================================================
Game 61
============================================================
Players: omega_bots vs volt_x
Dealer: omega_bots  |  Elder: volt_x
Match scores: 0 - 0
Talon (8): 7C 8D 7H 10H JH 8S 9S AS
omega_bots hand: 8C 9C 10C JC 10D JD QD KD AD 8H 9H 10S
volt_x hand: QC KC AC 7D 9D QH KH AH 7S JS QS KS
  Exchange volt_x: discard 7D 9D QH AH 7S -> draw 8D 7H 8S 9S AS (talon 3 left)
  Exchange omega_bots: discard 8C 9C 9H -> draw 7C 10H JH (talon 0 left)

--- Phase: declare ---
  Declare point: volt_x wins 6 pts (('point', 6, 'S'))
  Declare sequence: omega_bots wins 10 pts (('sequence', 5, 14, 'D'))
  Declare set: volt_x wins 3 pts (('set', 3, 13))

--- Phase: tricks ---
  Trick  1: volt_x leads 8S, omega_bots plays 10S -> omega_bots wins
  Trick  2: omega_bots leads AD, volt_x plays 8D -> omega_bots wins
  Trick  3: omega_bots leads KD, volt_x plays 7H -> omega_bots wins
  Trick  4: omega_bots leads QD, volt_x plays 9S -> omega_bots wins
  Trick  5: omega_bots leads JD, volt_x plays JS -> omega_bots wins
  Trick  6: omega_bots leads 10D, volt_x plays QC -> omega_bots wins
  Trick  7: omega_bots leads 8H, volt_x plays KH -> volt_x wins
  Trick  8: volt_x leads QS, omega_bots plays JC -> volt_x wins
  Trick  9: volt_x leads AC, omega_bots plays 10C -> volt_x wins
  Trick 10: volt_x leads AS, omega_bots plays JH -> volt_x wins
  Trick 11: volt_x leads KS, omega_bots plays 10H -> volt_x wins
  Trick 12: volt_x leads KC, omega_bots plays 7C -> volt_x wins
  Hand: omega_bots +16 / volt_x +16 (tricks 6-6)
  Match total: omega_bots 16 - 16 volt_x
Players: omega_bots vs volt_x
Dealer: volt_x  |  Elder: omega_bots
Match scores: 16 - 16
Talon (8): 8C KC AC 7D 10H AH 7S 8S
omega_bots hand: JC QC 8D 10D QD KD 7H 9H JH QH JS QS
volt_x hand: 7C 9C 10C 9D JD AD 8H KH 9S 10S KS AS
  Exchange omega_bots: discard 10D 7H 9H JH -> draw 7D 10H AH 7S (talon 4 left)
  Exchange volt_x: discard 7C 9C 9D 8H -> draw 8C KC AC 8S (talon 0 left)

--- Phase: declare ---
  Declare point: volt_x wins 5 pts (('point', 5, 'S'))
  Declare sequence: volt_x wins 3 pts (('sequence', 3, 10, 'S'))
  Declare set: volt_x wins 3 pts (('set', 3, 14))

--- Phase: tricks ---
  Trick  1: omega_bots leads AH, volt_x plays KH -> omega_bots wins
  Trick  2: omega_bots leads KD, volt_x plays AD -> volt_x wins
  Trick  3: volt_x leads 8S, omega_bots plays JS -> omega_bots wins
  Trick  4: omega_bots leads QH, volt_x plays 8C -> omega_bots wins
  Trick  5: omega_bots leads QC, volt_x plays KC -> volt_x wins
  Trick  6: volt_x leads 9S, omega_bots plays 7S -> volt_x wins
  Trick  7: volt_x leads 10S, omega_bots plays QS -> omega_bots wins
  Trick  8: omega_bots leads 8D, volt_x plays JD -> volt_x wins
  Trick  9: volt_x leads AS, omega_bots plays QD -> volt_x wins
  Trick 10: volt_x leads AC, omega_bots plays JC -> volt_x wins
  Trick 11: volt_x leads KS, omega_bots plays 10H -> volt_x wins
  Trick 12: volt_x leads 10C, omega_bots plays 7D -> volt_x wins
  Hand: omega_bots +4 / volt_x +30 (tricks 4-8)
  Match total: omega_bots 20 - 46 volt_x
Players: omega_bots vs volt_x
Dealer: omega_bots  |  Elder: volt_x
Match scores: 20 - 46
Talon (8): QC KC AC 9D JD AD 7H KH
omega_bots hand: 8C 10C 7D 8D QD KD 10H JH 7S JS QS KS
volt_x hand: 7C 9C JC 10D 8H 9H QH AH 8S 9S 10S AS
  Exchange volt_x: discard 7C 9C 10D 8H 9H -> draw QC AC JD AD KH (talon 3 left)
  Exchange omega_bots: discard 8C 7D 10H -> draw KC 9D 7H (talon 0 left)

--- Phase: declare ---
  Declare point: volt_x wins 4 pts (('point', 4, 'S'))
  Declare sequence: volt_x wins 3 pts (('sequence', 3, 14, 'H'))
  Declare set: volt_x wins 14 pts (('set', 4, 14))

--- Phase: tricks ---
  Trick  1: volt_x leads 8S, omega_bots plays JS -> omega_bots wins
  Trick  2: omega_bots leads KS, volt_x plays AS -> volt_x wins
  Trick  3: volt_x leads QH, omega_bots plays 7H -> volt_x wins
  Trick  4: volt_x leads JC, omega_bots plays KC -> omega_bots wins
  Trick  5: omega_bots leads KD, volt_x plays AD -> volt_x wins
  Trick  6: volt_x leads KH, omega_bots plays JH -> volt_x wins
  Trick  7: volt_x leads 9S, omega_bots plays 7S -> volt_x wins
  Trick  8: volt_x leads QC, omega_bots plays 10C -> volt_x wins
  Trick  9: volt_x leads AH, omega_bots plays QD -> volt_x wins
  Trick 10: volt_x leads AC, omega_bots plays QS -> volt_x wins
  Trick 11: volt_x leads JD, omega_bots plays 8D -> volt_x wins
  Trick 12: volt_x leads 10S, omega_bots plays 9D -> volt_x wins
  Hand: omega_bots +2 / volt_x +42 (tricks 2-10)
  Match total: omega_bots 22 - 88 volt_x
Players: omega_bots vs volt_x
Dealer: volt_x  |  Elder: omega_bots
Match scores: 22 - 88
Talon (8): 7C QC 7D 9D 10D JH QH 8S
omega_bots hand: 9C AC 8D QD KD AD 8H 9H KH 7S 9S 10S
volt_x hand: 8C 10C JC KC JD 7H 10H AH JS QS KS AS
  Exchange omega_bots: discard 9C 9H 7S 9S 10S -> draw 7C QC 10D JH QH (talon 3 left)
  Exchange volt_x: discard 8C 10C 7H -> draw 7D 9D 8S (talon 0 left)

--- Phase: declare ---
  Declare sequence: volt_x wins 4 pts (('sequence', 4, 14, 'S'))
  Declare set: omega_bots wins 3 pts (('set', 3, 12))

--- Phase: tricks ---
  Trick  1: omega_bots leads AC, volt_x plays JC -> omega_bots wins
  Trick  2: omega_bots leads AD, volt_x plays 7D -> omega_bots wins
  Trick  3: omega_bots leads KH, volt_x plays AH -> volt_x wins
  Trick  4: volt_x leads 8S, omega_bots plays 7C -> volt_x wins
  Trick  5: volt_x leads JS, omega_bots plays 8H -> volt_x wins
  Trick  6: volt_x leads QS, omega_bots plays 8D -> volt_x wins
  Trick  7: volt_x leads KS, omega_bots plays QD -> volt_x wins
  Trick  8: volt_x leads 9D, omega_bots plays KD -> omega_bots wins
  Trick  9: omega_bots leads 10D, volt_x plays JD -> volt_x wins
  Trick 10: volt_x leads AS, omega_bots plays QC -> volt_x wins
  Trick 11: volt_x leads KC, omega_bots plays QH -> volt_x wins
  Trick 12: volt_x leads 10H, omega_bots plays JH -> omega_bots wins
  Hand: omega_bots +8 / volt_x +22 (tricks 4-8)
  Match total: omega_bots 30 - 110 volt_x
  Final: omega_bots 30 - 110 volt_x
  Winner: volt_x

============================================================
Game 62
============================================================
Players: volt_x vs omega_bots
Dealer: volt_x  |  Elder: omega_bots
Match scores: 0 - 0
Talon (8): JC 7D KD 8H 10H JH KS AS
volt_x hand: 7C 8C 10C QC AC 9D 10D AD 7H 9H QH QS
omega_bots hand: 9C KC 8D JD QD KH AH 7S 8S 9S 10S JS
  Exchange omega_bots: discard 9C 8D QD -> draw 7D 8H 10H (talon 5 left)
  Exchange volt_x: discard 9D 10D AD 7H 9H -> draw JC KD JH KS AS (talon 0 left)

--- Phase: declare ---
  Declare point: volt_x wins 6 pts (('point', 6, 'C'))
  Declare sequence: omega_bots wins 10 pts (('sequence', 5, 11, 'S'))
  Declare set: volt_x wins 3 pts (('set', 3, 12))

--- Phase: tricks ---
  Trick  1: omega_bots leads AH, volt_x plays JH -> omega_bots wins
  Trick  2: omega_bots leads KH, volt_x plays QH -> omega_bots wins
  Trick  3: omega_bots leads KC, volt_x plays AC -> volt_x wins
  Trick  4: volt_x leads 7C, omega_bots plays 7S -> volt_x wins
  Trick  5: volt_x leads 8C, omega_bots plays 7D -> volt_x wins
  Trick  6: volt_x leads QS, omega_bots plays 9S -> volt_x wins
  Trick  7: volt_x leads 10C, omega_bots plays JD -> volt_x wins
  Trick  8: volt_x leads JC, omega_bots plays JS -> volt_x wins
  Trick  9: volt_x leads AS, omega_bots plays 10S -> volt_x wins
  Trick 10: volt_x leads KS, omega_bots plays 8S -> volt_x wins
  Trick 11: volt_x leads KD, omega_bots plays 8H -> volt_x wins
  Trick 12: volt_x leads QC, omega_bots plays 10H -> volt_x wins
  Hand: volt_x +30 / omega_bots +12 (tricks 10-2)
  Match total: volt_x 30 - 12 omega_bots
Players: volt_x vs omega_bots
Dealer: omega_bots  |  Elder: volt_x
Match scores: 30 - 12
Talon (8): 8C KD 8H 10H KH 8S QS KS
volt_x hand: 10C JC QC 8D 9D AD 7H 9H QH 9S 10S JS
omega_bots hand: 7C 9C KC AC 7D 10D JD QD JH AH 7S AS
  Exchange volt_x: discard 8D 9D 7H 9H 9S -> draw 8C 8H 10H 8S KS (talon 3 left)
  Exchange omega_bots: discard 9C 7D 7S -> draw KD KH QS (talon 0 left)

--- Phase: declare ---
  Declare point: omega_bots wins 4 pts (('point', 4, 'D'))
  Declare sequence: omega_bots wins 4 pts (('sequence', 4, 13, 'D'))
  Declare set: omega_bots wins 3 pts (('set', 3, 14))

--- Phase: tricks ---
  Trick  1: volt_x leads 8C, omega_bots plays KC -> omega_bots wins
  Trick  2: omega_bots leads AC, volt_x plays 10C -> omega_bots wins
  Trick  3: omega_bots leads AH, volt_x plays 8H -> omega_bots wins
  Trick  4: omega_bots leads AS, volt_x plays 8S -> omega_bots wins
  Trick  5: omega_bots leads KH, volt_x plays 10H -> omega_bots wins
  Trick  6: omega_bots leads JD, volt_x plays AD -> volt_x wins
  Trick  7: volt_x leads 10S, omega_bots plays QS -> omega_bots wins
  Trick  8: omega_bots leads 10D, volt_x plays JC -> omega_bots wins
  Trick  9: omega_bots leads JH, volt_x plays QH -> volt_x wins
  Trick 10: volt_x leads KS, omega_bots plays QD -> volt_x wins
  Trick 11: volt_x leads QC, omega_bots plays 7C -> volt_x wins
  Trick 12: volt_x leads JS, omega_bots plays KD -> volt_x wins
  Hand: volt_x +6 / omega_bots +28 (tricks 5-7)
  Match total: volt_x 36 - 40 omega_bots
Players: volt_x vs omega_bots
Dealer: volt_x  |  Elder: omega_bots
Match scores: 36 - 40
Talon (8): 8C 9C 8D 9D QD 7H 9H KH
volt_x hand: 7C JC QC AC 10D AD 10H JH 7S 9S JS KS
omega_bots hand: 10C KC 7D JD KD 8H QH AH 8S 10S QS AS
  Exchange omega_bots: discard KC 7D JD 8H -> draw 9C 9D 7H KH (talon 4 left)
  Exchange volt_x: discard 10D 10H 7S 9S -> draw 8C 8D QD 9H (talon 0 left)

--- Phase: declare ---
  Declare point: volt_x wins 5 pts (('point', 5, 'C'))
  Declare sequence: omega_bots wins 3 pts (('sequence', 3, 14, 'H'))
  Declare set: volt_x wins 3 pts (('set', 3, 11))

--- Phase: tricks ---
  Trick  1: omega_bots leads AH, volt_x plays 9H -> omega_bots wins
  Trick  2: omega_bots leads AS, volt_x plays JS -> omega_bots wins
  Trick  3: omega_bots leads KD, volt_x plays AD -> volt_x wins
  Trick  4: volt_x leads 7C, omega_bots plays 9C -> omega_bots wins
  Trick  5: omega_bots leads KH, volt_x plays JH -> omega_bots wins
  Trick  6: omega_bots leads 8S, volt_x plays KS -> volt_x wins
  Trick  7: volt_x leads 8C, omega_bots plays 10C -> omega_bots wins
  Trick  8: omega_bots leads QH, volt_x plays 8D -> omega_bots wins
  Trick  9: omega_bots leads 10S, volt_x plays JC -> omega_bots wins
  Trick 10: omega_bots leads QS, volt_x plays QC -> omega_bots wins
  Trick 11: omega_bots leads 7H, volt_x plays QD -> omega_bots wins
  Trick 12: omega_bots leads 9D, volt_x plays AC -> omega_bots wins
  Hand: volt_x +10 / omega_bots +24 (tricks 2-10)
  Match total: volt_x 46 - 64 omega_bots
Players: volt_x vs omega_bots
Dealer: omega_bots  |  Elder: volt_x
Match scores: 46 - 64
Talon (8): 8C QD 9H JH QH KH AH 9S
volt_x hand: 7C 9C QC KC 7D 8D KD 7H 8H 7S 8S 10S
omega_bots hand: 10C JC AC 9D 10D JD AD 10H JS QS KS AS
  Exchange volt_x: discard 7D 8D 7H 7S 8S -> draw QD 9H KH AH 9S (talon 3 left)
  Exchange omega_bots: discard JC 9D 10H -> draw 8C JH QH (talon 0 left)

--- Phase: declare ---
  Declare point: omega_bots wins 4 pts (('point', 4, 'S'))
  Declare sequence: omega_bots wins 4 pts (('sequence', 4, 14, 'S'))
  Declare set: omega_bots wins 3 pts (('set', 3, 14))

--- Phase: tricks ---
  Trick  1: volt_x leads 7C, omega_bots plays 8C -> omega_bots wins
  Trick  2: omega_bots leads AD, volt_x plays QD -> omega_bots wins
  Trick  3: omega_bots leads AS, volt_x plays 9S -> omega_bots wins
  Trick  4: omega_bots leads AC, volt_x plays 9C -> omega_bots wins
  Trick  5: omega_bots leads KS, volt_x plays 10S -> omega_bots wins
  Trick  6: omega_bots leads 10C, volt_x plays QC -> volt_x wins
  Trick  7: volt_x leads 8H, omega_bots plays QH -> omega_bots wins
  Trick  8: omega_bots leads JS, volt_x plays 9H -> omega_bots wins
  Trick  9: omega_bots leads QS, volt_x plays KC -> omega_bots wins
  Trick 10: omega_bots leads JD, volt_x plays KD -> volt_x wins
  Trick 11: volt_x leads AH, omega_bots plays JH -> volt_x wins
  Trick 12: volt_x leads KH, omega_bots plays 10D -> volt_x wins
  Hand: volt_x +5 / omega_bots +29 (tricks 4-8)
  Match total: volt_x 51 - 93 omega_bots
Players: volt_x vs omega_bots
Dealer: volt_x  |  Elder: omega_bots
Match scores: 51 - 93
Talon (8): JC KD AD JH AH 9S 10S KS
volt_x hand: 7C QC 8D 9D 10D QD 8H 9H QH JS QS AS
omega_bots hand: 8C 9C 10C KC AC 7D JD 7H 10H KH 7S 8S
  Exchange omega_bots: discard 7D JD 10H 7S 8S -> draw JC KD AD 9S KS (talon 3 left)
  Exchange volt_x: discard 7C 8H 9H -> draw JH AH 10S (talon 0 left)

--- Phase: declare ---
  Declare point: omega_bots wins 6 pts (('point', 6, 'C'))
  Declare sequence: omega_bots wins 4 pts (('sequence', 4, 11, 'C'))
  Declare set: omega_bots wins 14 pts (('set', 4, 13))

--- Phase: tricks ---
  Trick  1: omega_bots leads AC, volt_x plays QC -> omega_bots wins
  Trick  2: omega_bots leads AD, volt_x plays 8D -> omega_bots wins
  Trick  3: omega_bots leads KC, volt_x plays 9D -> omega_bots wins
  Trick  4: omega_bots leads KH, volt_x plays AH -> volt_x wins
  Trick  5: volt_x leads 10S, omega_bots plays KS -> omega_bots wins
  Trick  6: omega_bots leads 7H, volt_x plays JH -> volt_x wins
  Trick  7: volt_x leads JS, omega_bots plays 9S -> volt_x wins
  Trick  8: volt_x leads 10D, omega_bots plays KD -> omega_bots wins
  Trick  9: omega_bots leads 10C, volt_x plays QD -> omega_bots wins
  Trick 10: omega_bots leads 9C, volt_x plays QS -> omega_bots wins
  Trick 11: omega_bots leads 8C, volt_x plays QH -> omega_bots wins
  Trick 12: omega_bots leads JC, volt_x plays AS -> omega_bots wins
  Hand: volt_x +3 / omega_bots +44 (tricks 3-9)
  Match total: volt_x 54 - 137 omega_bots
  Final: volt_x 54 - 137 omega_bots
  Winner: omega_bots

============================================================
Game 63
============================================================
Players: omega_bots vs volt_x
Dealer: omega_bots  |  Elder: volt_x
Match scores: 0 - 0
Talon (8): 8C 9C JD AD 7H KH JS KS
omega_bots hand: 7C 10C JC 8H 10H JH QH 7S 8S 9S 10S AS
volt_x hand: QC KC AC 7D 8D 9D 10D QD KD 9H AH QS
  Exchange volt_x: discard KC AC KD 9H AH -> draw JD AD 7H KH JS (talon 3 left)
  Exchange omega_bots: discard 7C 8H JH -> draw 8C 9C KS (talon 0 left)

--- Phase: declare ---
  Declare point: volt_x wins 7 pts (('point', 7, 'D'))
  Declare sequence: volt_x wins 11 pts (('sequence', 6, 12, 'D'))
  Declare set: volt_x wins 3 pts (('set', 3, 12))

--- Phase: tricks ---
  Trick  1: volt_x leads 7D, omega_bots plays 7S -> volt_x wins
  Trick  2: volt_x leads 8D, omega_bots plays 8S -> volt_x wins
  Trick  3: volt_x leads 9D, omega_bots plays 8C -> volt_x wins
  Trick  4: volt_x leads 10D, omega_bots plays 9S -> volt_x wins
  Trick  5: volt_x leads JD, omega_bots plays 9C -> volt_x wins
  Trick  6: volt_x leads QD, omega_bots plays QH -> volt_x wins
  Trick  7: volt_x leads JS, omega_bots plays 10S -> volt_x wins
  Trick  8: volt_x leads 7H, omega_bots plays 10H -> omega_bots wins
  Trick  9: omega_bots leads JC, volt_x plays QC -> volt_x wins
  Trick 10: volt_x leads AD, omega_bots plays 10C -> volt_x wins
  Trick 11: volt_x leads KH, omega_bots plays AS -> volt_x wins
  Trick 12: volt_x leads QS, omega_bots plays KS -> omega_bots wins
  Hand: omega_bots +3 / volt_x +41 (tricks 2-10)
  Match total: omega_bots 3 - 41 volt_x
Players: omega_bots vs volt_x
Dealer: volt_x  |  Elder: omega_bots
Match scores: 3 - 41
Talon (8): 8C AC 8D 8H 7S JS QS KS
omega_bots hand: 9C 10C JC QC JD AD 9H JH QH KH AH AS
volt_x hand: 7C KC 7D 9D 10D QD KD 7H 10H 8S 9S 10S
  Exchange omega_bots: discard 9C 10C JC JD 9H -> draw 8C AC 8H 7S KS (talon 3 left)
  Exchange volt_x: discard 7C KC 7H -> draw 8D JS QS (talon 0 left)

--- Phase: declare ---
  Declare point: volt_x wins 6 pts (('point', 6, 'D'))
  Declare sequence: volt_x wins 10 pts (('sequence', 5, 12, 'S'))
  Declare set: omega_bots wins 14 pts (('set', 4, 14))

--- Phase: tricks ---
  Trick  1: omega_bots leads AS, volt_x plays 8S -> omega_bots wins
  Trick  2: omega_bots leads AD, volt_x plays 7D -> omega_bots wins
  Trick  3: omega_bots leads AH, volt_x plays 10H -> omega_bots wins
  Trick  4: omega_bots leads AC, volt_x plays 8D -> omega_bots wins
  Trick  5: omega_bots leads KH, volt_x plays 9S -> omega_bots wins
  Trick  6: omega_bots leads QH, volt_x plays 9D -> omega_bots wins
  Trick  7: omega_bots leads QC, volt_x plays 10S -> omega_bots wins
  Trick  8: omega_bots leads JH, volt_x plays 10D -> omega_bots wins
  Trick  9: omega_bots leads 8H, volt_x plays JS -> omega_bots wins
  Trick 10: omega_bots leads 7S, volt_x plays QS -> volt_x wins
  Trick 11: volt_x leads KD, omega_bots plays KS -> volt_x wins
  Trick 12: volt_x leads QD, omega_bots plays 8C -> volt_x wins
  Hand: omega_bots +33 / volt_x +20 (tricks 9-3)
  Match total: omega_bots 36 - 61 volt_x
Players: omega_bots vs volt_x
Dealer: omega_bots  |  Elder: volt_x
Match scores: 36 - 61
Talon (8): 8C AC 7H 8H 9H KH AH 8S
omega_bots hand: 7C 10C JC 8D JD AD 10H JH 7S 10S JS AS
volt_x hand: 9C QC KC 7D 9D 10D QD KD QH 9S QS KS
  Exchange volt_x: discard 9C QC QH 9S QS -> draw 8C 7H KH AH 8S (talon 3 left)
  Exchange omega_bots: discard 7C 8D 10H -> draw AC 8H 9H (talon 0 left)

--- Phase: declare ---
  Declare point: volt_x wins 5 pts (('point', 5, 'D'))
  Declare set: omega_bots wins 3 pts (('set', 3, 14))

--- Phase: tricks ---
  Trick  1: volt_x leads 7D, omega_bots plays JD -> omega_bots wins
  Trick  2: omega_bots leads AS, volt_x plays 8S -> omega_bots wins
  Trick  3: omega_bots leads AD, volt_x plays 9D -> omega_bots wins
  Trick  4: omega_bots leads AC, volt_x plays 8C -> omega_bots wins
  Trick  5: omega_bots leads JC, volt_x plays KC -> volt_x wins
  Trick  6: volt_x leads 10D, omega_bots plays JH -> volt_x wins
  Trick  7: volt_x leads 7H, omega_bots plays 9H -> omega_bots wins
  Trick  8: omega_bots leads 10S, volt_x plays KS -> volt_x wins
  Trick  9: volt_x leads AH, omega_bots plays 8H -> volt_x wins
  Trick 10: volt_x leads KD, omega_bots plays JS -> volt_x wins
  Trick 11: volt_x leads KH, omega_bots plays 7S -> volt_x wins
  Trick 12: volt_x leads QD, omega_bots plays 10C -> volt_x wins
  Hand: omega_bots +8 / volt_x +23 (tricks 5-7)
  Match total: omega_bots 44 - 84 volt_x
Players: omega_bots vs volt_x
Dealer: volt_x  |  Elder: omega_bots
Match scores: 44 - 84
Talon (8): 8C 8D JD 7H 10H 8S 9S 10S
omega_bots hand: 7C 9C JC QC KC AC 7D AD 8H 9H JH KH
volt_x hand: 10C 9D 10D QD KD QH AH 7S JS QS KS AS
  Exchange omega_bots: discard 7C 7D 8H 9H JH -> draw 8C 8D JD 7H 8S (talon 3 left)
  Exchange volt_x: discard 10C 9D 10D -> draw 10H 9S 10S (talon 0 left)

--- Phase: declare ---
  Declare point: volt_x wins 7 pts (('point', 7, 'S'))
  Declare sequence: volt_x wins 11 pts (('sequence', 6, 14, 'S'))
  Declare set: volt_x wins 3 pts (('set', 3, 12))

--- Phase: tricks ---
  Trick  1: omega_bots leads AC, volt_x plays 7S -> omega_bots wins
  Trick  2: omega_bots leads AD, volt_x plays QD -> omega_bots wins
  Trick  3: omega_bots leads KH, volt_x plays AH -> volt_x wins
  Trick  4: volt_x leads 9S, omega_bots plays 8S -> volt_x wins
  Trick  5: volt_x leads 10S, omega_bots plays 7H -> volt_x wins
  Trick  6: volt_x leads JS, omega_bots plays QC -> volt_x wins
  Trick  7: volt_x leads QS, omega_bots plays 9C -> volt_x wins
  Trick  8: volt_x leads KS, omega_bots plays JC -> volt_x wins
  Trick  9: volt_x leads AS, omega_bots plays KC -> volt_x wins
  Trick 10: volt_x leads KD, omega_bots plays 8D -> volt_x wins
  Trick 11: volt_x leads QH, omega_bots plays 8C -> volt_x wins
  Trick 12: volt_x leads 10H, omega_bots plays JD -> volt_x wins
  Hand: omega_bots +2 / volt_x +42 (tricks 2-10)
  Match total: omega_bots 46 - 126 volt_x
  Final: omega_bots 46 - 126 volt_x
  Winner: volt_x

============================================================
Game 64
============================================================
Players: volt_x vs omega_bots
Dealer: volt_x  |  Elder: omega_bots
Match scores: 0 - 0
Talon (8): 8C AC 7D KD 8H 10H 7S 9S
volt_x hand: JC QC 8D 10D JD AD 7H JH QH AH JS KS
omega_bots hand: 7C 9C 10C KC 9D QD 9H KH 8S 10S QS AS
  Exchange omega_bots: discard 7C 9C 10C 9D 9H -> draw AC 7D 8H 10H 9S (talon 3 left)
  Exchange volt_x: discard QC 7H QH -> draw 8C KD 7S (talon 0 left)

--- Phase: declare ---
  Declare point: volt_x wins 5 pts (('point', 5, 'D'))
  Declare sequence: omega_bots wins 3 pts (('sequence', 3, 10, 'S'))
  Declare set: volt_x wins 14 pts (('set', 4, 11))

--- Phase: tricks ---
  Trick  1: omega_bots leads AS, volt_x plays 7S -> omega_bots wins
  Trick  2: omega_bots leads AC, volt_x plays 8C -> omega_bots wins
  Trick  3: omega_bots leads KC, volt_x plays JC -> omega_bots wins
  Trick  4: omega_bots leads KH, volt_x plays AH -> volt_x wins
  Trick  5: volt_x leads 8D, omega_bots plays QD -> omega_bots wins
  Trick  6: omega_bots leads QS, volt_x plays KS -> volt_x wins
  Trick  7: volt_x leads 10D, omega_bots plays 7D -> volt_x wins
  Trick  8: volt_x leads JD, omega_bots plays 8S -> volt_x wins
  Trick  9: volt_x leads AD, omega_bots plays 10S -> volt_x wins
  Trick 10: volt_x leads KD, omega_bots plays 10H -> volt_x wins
  Trick 11: volt_x leads JH, omega_bots plays 8H -> volt_x wins
  Trick 12: volt_x leads JS, omega_bots plays 9S -> volt_x wins
  Hand: volt_x +38 / omega_bots +7 (tricks 8-4)
  Match total: volt_x 38 - 7 omega_bots
Players: volt_x vs omega_bots
Dealer: omega_bots  |  Elder: volt_x
Match scores: 38 - 7
Talon (8): 7C 9C AC 8D QD 8S QS KS
volt_x hand: 7D 10D JD AD 7H 8H 9H 10H KH 7S 9S JS
omega_bots hand: 8C 10C JC QC KC 9D KD JH QH AH 10S AS
  Exchange volt_x: discard 7D JD 7S 9S JS -> draw 7C 9C QD 8S QS (talon 3 left)
  Exchange omega_bots: discard 9D JH 10S -> draw AC 8D KS (talon 0 left)

--- Phase: declare ---
  Declare point: omega_bots wins 6 pts (('point', 6, 'C'))
  Declare sequence: omega_bots wins 10 pts (('sequence', 5, 14, 'C'))
  Declare set: omega_bots wins 3 pts (('set', 3, 14))

--- Phase: tricks ---
  Trick  1: volt_x leads 7H, omega_bots plays QH -> omega_bots wins
  Trick  2: omega_bots leads AS, volt_x plays 8S -> omega_bots wins
  Trick  3: omega_bots leads AH, volt_x plays 8H -> omega_bots wins
  Trick  4: omega_bots leads AC, volt_x plays 7C -> omega_bots wins
  Trick  5: omega_bots leads KC, volt_x plays 9C -> omega_bots wins
  Trick  6: omega_bots leads 8C, volt_x plays 9H -> omega_bots wins
  Trick  7: omega_bots leads KD, volt_x plays AD -> volt_x wins
  Trick  8: volt_x leads 10H, omega_bots plays QC -> volt_x wins
  Trick  9: volt_x leads KH, omega_bots plays JC -> volt_x wins
  Trick 10: volt_x leads QS, omega_bots plays KS -> omega_bots wins
  Trick 11: omega_bots leads 10C, volt_x plays 10D -> omega_bots wins
  Trick 12: omega_bots leads 8D, volt_x plays QD -> volt_x wins
  Hand: volt_x +5 / omega_bots +37 (tricks 4-8)
  Match total: volt_x 43 - 44 omega_bots
Players: volt_x vs omega_bots
Dealer: volt_x  |  Elder: omega_bots
Match scores: 43 - 44
Talon (8): JC KC AC 8D KD 7H JH 7S
volt_x hand: 7C QC 9D 10D JD AD 9H QH KH 8S 9S QS
omega_bots hand: 8C 9C 10C 7D QD 8H 10H AH 10S JS KS AS
  Exchange omega_bots: discard 9C 7D 8H KS -> draw JC KD 7H 7S (talon 4 left)
  Exchange volt_x: discard 7C 9H 8S 9S -> draw KC AC 8D JH (talon 0 left)

--- Phase: declare ---
  Declare point: volt_x wins 5 pts (('point', 5, 'D'))
  Declare sequence: volt_x wins 4 pts (('sequence', 4, 11, 'D'))
  Declare set: volt_x wins 3 pts (('set', 3, 12))

--- Phase: tricks ---
  Trick  1: omega_bots leads AS, volt_x plays QS -> omega_bots wins
  Trick  2: omega_bots leads AH, volt_x plays JH -> omega_bots wins
  Trick  3: omega_bots leads KD, volt_x plays AD -> volt_x wins
  Trick  4: volt_x leads 8D, omega_bots plays QD -> omega_bots wins
  Trick  5: omega_bots leads JS, volt_x plays 9D -> omega_bots wins
  Trick  6: omega_bots leads 10S, volt_x plays 10D -> omega_bots wins
  Trick  7: omega_bots leads 10H, volt_x plays QH -> volt_x wins
  Trick  8: volt_x leads QC, omega_bots plays 10C -> volt_x wins
  Trick  9: volt_x leads AC, omega_bots plays 8C -> volt_x wins
  Trick 10: volt_x leads KH, omega_bots plays 7H -> volt_x wins
  Trick 11: volt_x leads KC, omega_bots plays JC -> volt_x wins
  Trick 12: volt_x leads JD, omega_bots plays 7S -> volt_x wins
  Hand: volt_x +30 / omega_bots +5 (tricks 7-5)
  Match total: volt_x 73 - 49 omega_bots
Players: volt_x vs omega_bots
Dealer: omega_bots  |  Elder: volt_x
Match scores: 73 - 49
Talon (8): 8C AC 8D QH 8S QS KS AS
volt_x hand: 7C 9C 10C JC KC 9D QD KD 7S 9S 10S JS
omega_bots hand: QC 7D 10D JD AD 7H 8H 9H 10H JH KH AH
  Exchange volt_x: discard 9D QD 7S 9S JS -> draw 8C QH 8S QS AS (talon 3 left)
  Exchange omega_bots: discard QC 7D JD -> draw AC 8D KS (talon 0 left)

--- Phase: declare ---
  Declare point: omega_bots wins 7 pts (('point', 7, 'H'))
  Declare set: omega_bots wins 3 pts (('set', 3, 14))

--- Phase: tricks ---
  Trick  1: volt_x leads 7C, omega_bots plays AC -> omega_bots wins
  Trick  2: omega_bots leads AD, volt_x plays KD -> omega_bots wins
  Trick  3: omega_bots leads AH, volt_x plays QH -> omega_bots wins
  Trick  4: omega_bots leads KH, volt_x plays 8S -> omega_bots wins
  Trick  5: omega_bots leads KS, volt_x plays AS -> volt_x wins
  Trick  6: volt_x leads 8C, omega_bots plays 8H -> volt_x wins
  Trick  7: volt_x leads 9C, omega_bots plays 10D -> volt_x wins
  Trick  8: volt_x leads 10C, omega_bots plays JH -> volt_x wins
  Trick  9: volt_x leads KC, omega_bots plays 10H -> volt_x wins
  Trick 10: volt_x leads QS, omega_bots plays 7H -> volt_x wins
  Trick 11: volt_x leads JC, omega_bots plays 9H -> volt_x wins
  Trick 12: volt_x leads 10S, omega_bots plays 8D -> volt_x wins
  Hand: volt_x +19 / omega_bots +14 (tricks 8-4)
  Match total: volt_x 92 - 63 omega_bots
Players: volt_x vs omega_bots
Dealer: volt_x  |  Elder: omega_bots
Match scores: 92 - 63
Talon (8): 7C QC AD KH AH 9S KS AS
volt_x hand: 10C AC 8D 10D JD 7H 8H JH QH 10S JS QS
omega_bots hand: 8C 9C JC KC 7D 9D QD KD 9H 10H 7S 8S
  Exchange omega_bots: discard 9C 7D 9H 7S 8S -> draw QC AD AH KS AS (talon 3 left)
  Exchange volt_x: discard 10C 8D 10D -> draw 7C KH 9S (talon 0 left)

--- Phase: declare ---
  Declare point: volt_x wins 5 pts (('point', 5, 'H'))
  Declare sequence: volt_x wins 4 pts (('sequence', 4, 12, 'S'))
  Declare set: omega_bots wins 3 pts (('set', 3, 14))

--- Phase: tricks ---
  Trick  1: omega_bots leads AS, volt_x plays 9S -> omega_bots wins
  Trick  2: omega_bots leads AD, volt_x plays JD -> omega_bots wins
  Trick  3: omega_bots leads AH, volt_x plays 7H -> omega_bots wins
  Trick  4: omega_bots leads KC, volt_x plays AC -> volt_x wins
  Trick  5: volt_x leads 8H, omega_bots plays 10H -> omega_bots wins
  Trick  6: omega_bots leads 8C, volt_x plays 7C -> omega_bots wins
  Trick  7: omega_bots leads JC, volt_x plays 10S -> omega_bots wins
  Trick  8: omega_bots leads 9D, volt_x plays JH -> omega_bots wins
  Trick  9: omega_bots leads KD, volt_x plays JS -> omega_bots wins
  Trick 10: omega_bots leads QD, volt_x plays QH -> omega_bots wins
  Trick 11: omega_bots leads KS, volt_x plays QS -> omega_bots wins
  Trick 12: omega_bots leads QC, volt_x plays KH -> omega_bots wins
  Hand: volt_x +10 / omega_bots +25 (tricks 1-11)
  Match total: volt_x 102 - 88 omega_bots
  Final: volt_x 102 - 88 omega_bots
  Winner: volt_x

============================================================
Game 65
============================================================
Players: omega_bots vs volt_x
Dealer: omega_bots  |  Elder: volt_x
Match scores: 0 - 0
Talon (8): JC AC 9D 10D 8H QH 10S QS
omega_bots hand: 8C 9C 7D JD KD 7H 9H JH KH AH 8S KS
volt_x hand: 7C 10C QC KC 8D QD AD 10H 7S 9S JS AS
  Exchange volt_x: discard 7C 10C QC 8D QD -> draw JC AC 9D 8H QH (talon 3 left)
  Exchange omega_bots: discard 8C 9C 8S -> draw 10D 10S QS (talon 0 left)

--- Phase: declare ---
  Declare point: omega_bots wins 5 pts (('point', 5, 'H'))
  Declare set: volt_x wins 3 pts (('set', 3, 14))

--- Phase: tricks ---
  Trick  1: volt_x leads 7S, omega_bots plays 10S -> omega_bots wins
  Trick  2: omega_bots leads AH, volt_x plays 8H -> omega_bots wins
  Trick  3: omega_bots leads KS, volt_x plays AS -> volt_x wins
  Trick  4: volt_x leads JC, omega_bots plays 7D -> volt_x wins
  Trick  5: volt_x leads 9D, omega_bots plays 10D -> omega_bots wins
  Trick  6: omega_bots leads JH, volt_x plays QH -> volt_x wins
  Trick  7: volt_x leads 9S, omega_bots plays QS -> omega_bots wins
  Trick  8: omega_bots leads KH, volt_x plays 10H -> omega_bots wins
  Trick  9: omega_bots leads KD, volt_x plays AD -> volt_x wins
  Trick 10: volt_x leads AC, omega_bots plays JD -> volt_x wins
  Trick 11: volt_x leads KC, omega_bots plays 9H -> volt_x wins
  Trick 12: volt_x leads JS, omega_bots plays 7H -> volt_x wins
  Hand: omega_bots +10 / volt_x +21 (tricks 5-7)
  Match total: omega_bots 10 - 21 volt_x
Players: omega_bots vs volt_x
Dealer: volt_x  |  Elder: omega_bots
Match scores: 10 - 21
Talon (8): 9C 7H 8H 9H KH 7S 9S AS
omega_bots hand: 7C 10C JC QC 7D JD QD 10H QH AH 8S JS
volt_x hand: 8C KC AC 8D 9D 10D KD AD JH 10S QS KS
  Exchange omega_bots: discard 7C 10C 10H 8S JS -> draw 7H 8H 9H 7S 9S (talon 3 left)
  Exchange volt_x: discard 8C JH QS -> draw 9C KH AS (talon 0 left)

--- Phase: declare ---
  Declare point: volt_x wins 5 pts (('point', 5, 'D'))
  Declare sequence: volt_x wins 3 pts (('sequence', 3, 10, 'D'))
  Declare set: volt_x wins 3 pts (('set', 3, 14))

--- Phase: tricks ---
  Trick  1: omega_bots leads AH, volt_x plays KH -> omega_bots wins
  Trick  2: omega_bots leads QC, volt_x plays KC -> volt_x wins
  Trick  3: volt_x leads 8D, omega_bots plays JD -> omega_bots wins
  Trick  4: omega_bots leads QH, volt_x plays 9D -> omega_bots wins
  Trick  5: omega_bots leads QD, volt_x plays KD -> volt_x wins
  Trick  6: volt_x leads 10S, omega_bots plays 9S -> volt_x wins
  Trick  7: volt_x leads 9C, omega_bots plays JC -> omega_bots wins
  Trick  8: omega_bots leads 7D, volt_x plays 10D -> volt_x wins
  Trick  9: volt_x leads AC, omega_bots plays 7H -> volt_x wins
  Trick 10: volt_x leads AD, omega_bots plays 9H -> volt_x wins
  Trick 11: volt_x leads AS, omega_bots plays 7S -> volt_x wins
  Trick 12: volt_x leads KS, omega_bots plays 8H -> volt_x wins
  Hand: omega_bots +4 / volt_x +30 (tricks 4-8)
  Match total: omega_bots 14 - 51 volt_x
Players: omega_bots vs volt_x
Dealer: omega_bots  |  Elder: volt_x
Match scores: 14 - 51
Talon (8): 7C 10C 7H 9H QH 7S 9S AS
omega_bots hand: QC KC AC 7D 8D 10D KD 10H JH AH 8S KS
volt_x hand: 8C 9C JC 9D JD QD AD 8H KH 10S JS QS
  Exchange volt_x: discard 8C 9C 9D 8H KH -> draw 10C 9H QH 7S 9S (talon 3 left)
  Exchange omega_bots: discard 10H JH 8S -> draw 7C 7H AS (talon 0 left)

--- Phase: declare ---
  Declare point: volt_x wins 5 pts (('point', 5, 'S'))
  Declare sequence: volt_x wins 4 pts (('sequence', 4, 12, 'S'))
  Declare set: omega_bots wins 3 pts (('set', 3, 14))

--- Phase: tricks ---
  Trick  1: volt_x leads 7S, omega_bots plays KS -> omega_bots wins
  Trick  2: omega_bots leads AC, volt_x plays 10C -> omega_bots wins
  Trick  3: omega_bots leads AH, volt_x plays 9H -> omega_bots wins
  Trick  4: omega_bots leads AS, volt_x plays 9S -> omega_bots wins
  Trick  5: omega_bots leads KD, volt_x plays AD -> volt_x wins
  Trick  6: volt_x leads 10S, omega_bots plays KC -> volt_x wins
  Trick  7: volt_x leads JS, omega_bots plays 7D -> volt_x wins
  Trick  8: volt_x leads JD, omega_bots plays 8D -> volt_x wins
  Trick  9: volt_x leads QS, omega_bots plays QC -> volt_x wins
  Trick 10: volt_x leads QD, omega_bots plays 10D -> volt_x wins
  Trick 11: volt_x leads QH, omega_bots plays 7H -> volt_x wins
  Trick 12: volt_x leads JC, omega_bots plays 7C -> volt_x wins
  Hand: omega_bots +7 / volt_x +28 (tricks 4-8)
  Match total: omega_bots 21 - 79 volt_x
Players: omega_bots vs volt_x
Dealer: volt_x  |  Elder: omega_bots
Match scores: 21 - 79
Talon (8): 7C QD AD 8H 10H AH 8S JS
omega_bots hand: 8C 9C QC 9D JD QH KH 7S 9S 10S QS AS
volt_x hand: 10C JC KC AC 7D 8D 10D KD 7H 9H JH KS
  Exchange omega_bots: discard 9C 9D JD 9S 10S -> draw 7C QD AD 8S JS (talon 3 left)
  Exchange volt_x: discard 7D 8D 7H -> draw 8H 10H AH (talon 0 left)

--- Phase: declare ---
  Declare point: volt_x wins 5 pts (('point', 5, 'H'))
  Declare sequence: volt_x wins 4 pts (('sequence', 4, 11, 'H'))
  Declare set: volt_x wins 3 pts (('set', 3, 13))

--- Phase: tricks ---
  Trick  1: omega_bots leads AS, volt_x plays KS -> omega_bots wins
  Trick  2: omega_bots leads AD, volt_x plays 10D -> omega_bots wins
  Trick  3: omega_bots leads KH, volt_x plays AH -> volt_x wins
  Trick  4: volt_x leads 8H, omega_bots plays QH -> omega_bots wins
  Trick  5: omega_bots leads QS, volt_x plays 9H -> omega_bots wins
  Trick  6: omega_bots leads QC, volt_x plays KC -> volt_x wins
  Trick  7: volt_x leads 10C, omega_bots plays 8C -> volt_x wins
  Trick  8: volt_x leads 10H, omega_bots plays 7S -> volt_x wins
  Trick  9: volt_x leads AC, omega_bots plays 7C -> volt_x wins
  Trick 10: volt_x leads KD, omega_bots plays QD -> volt_x wins
  Trick 11: volt_x leads JH, omega_bots plays 8S -> volt_x wins
  Trick 12: volt_x leads JC, omega_bots plays JS -> volt_x wins
  Hand: omega_bots +4 / volt_x +31 (tricks 4-8)
  Match total: omega_bots 25 - 110 volt_x
  Final: omega_bots 25 - 110 volt_x
  Winner: volt_x

============================================================
Game 66
============================================================
Players: volt_x vs omega_bots
Dealer: volt_x  |  Elder: omega_bots
Match scores: 0 - 0
Talon (8): AC 10D JD 7H 7S 9S QS KS
volt_x hand: 7C 9C 10C QC KC 7D 8D JH QH AH 8S 10S
omega_bots hand: 8C JC 9D QD KD AD 8H 9H 10H KH JS AS
  Exchange omega_bots: discard 8C 9D 8H 9H KH -> draw 7H 7S 9S QS KS (talon 3 left)
  Exchange volt_x: discard 7D 8D 8S -> draw AC 10D JD (talon 0 left)

--- Phase: declare ---
  Declare sequence: omega_bots wins 4 pts (('sequence', 4, 14, 'S'))
  Declare set: volt_x wins 3 pts (('set', 3, 10))

--- Phase: tricks ---
  Trick  1: omega_bots leads AS, volt_x plays 10S -> omega_bots wins
  Trick  2: omega_bots leads AD, volt_x plays 10D -> omega_bots wins
  Trick  3: omega_bots leads KD, volt_x plays JD -> omega_bots wins
  Trick  4: omega_bots leads KS, volt_x plays 7C -> omega_bots wins
  Trick  5: omega_bots leads QD, volt_x plays 9C -> omega_bots wins
  Trick  6: omega_bots leads JS, volt_x plays 10C -> omega_bots wins
  Trick  7: omega_bots leads JC, volt_x plays QC -> volt_x wins
  Trick  8: volt_x leads JH, omega_bots plays 10H -> volt_x wins
  Trick  9: volt_x leads AH, omega_bots plays 7H -> volt_x wins
  Trick 10: volt_x leads AC, omega_bots plays 9S -> volt_x wins
  Trick 11: volt_x leads KC, omega_bots plays QS -> volt_x wins
  Trick 12: volt_x leads QH, omega_bots plays 7S -> volt_x wins
  Hand: volt_x +10 / omega_bots +10 (tricks 6-6)
  Match total: volt_x 10 - 10 omega_bots
Players: volt_x vs omega_bots
Dealer: omega_bots  |  Elder: volt_x
Match scores: 10 - 10
Talon (8): 9C KC AC 10D 10H 7S QS KS
volt_x hand: 8C JC QC 8D 9D 9H JH QH 8S 9S 10S JS
omega_bots hand: 7C 10C 7D JD QD KD AD 7H 8H KH AH AS
  Exchange volt_x: discard 8C QC 8D 9D 9H -> draw 9C 10H 7S QS KS (talon 3 left)
  Exchange omega_bots: discard 10C 8H -> draw KC 10D (talon 1 left)

--- Phase: declare ---
  Declare point: volt_x wins 7 pts (('point', 7, 'S'))
  Declare sequence: volt_x wins 12 pts (('sequence', 7, 13, 'S'))
  Declare set: omega_bots wins 3 pts (('set', 3, 14))

--- Phase: tricks ---
  Trick  1: volt_x leads 7S, omega_bots plays AS -> omega_bots wins
  Trick  2: omega_bots leads AD, volt_x plays 8S -> omega_bots wins
  Trick  3: omega_bots leads AH, volt_x plays 10H -> omega_bots wins
  Trick  4: omega_bots leads KD, volt_x plays 9S -> omega_bots wins
  Trick  5: omega_bots leads KH, volt_x plays JH -> omega_bots wins
  Trick  6: omega_bots leads QD, volt_x plays 9C -> omega_bots wins
  Trick  7: omega_bots leads 7C, volt_x plays JC -> volt_x wins
  Trick  8: volt_x leads 10S, omega_bots plays 7D -> volt_x wins
  Trick  9: volt_x leads KS, omega_bots plays 7H -> volt_x wins
  Trick 10: volt_x leads QH, omega_bots plays JD -> volt_x wins
  Trick 11: volt_x leads QS, omega_bots plays 10D -> volt_x wins
  Trick 12: volt_x leads JS, omega_bots plays KC -> volt_x wins
  Hand: volt_x +26 / omega_bots +9 (tricks 6-6)
  Match total: volt_x 36 - 19 omega_bots
Players: volt_x vs omega_bots
Dealer: volt_x  |  Elder: omega_bots
Match scores: 36 - 19
Talon (8): 9C 9D AD 7H 9H JH 7S QS
volt_x hand: 8C 7D JD KD 8H 10H QH 8S 9S 10S JS AS
omega_bots hand: 7C 10C JC QC KC AC 8D 10D QD KH AH KS
  Exchange omega_bots: discard 8D QD -> draw 9H JH (talon 6 left)
  Exchange volt_x: discard 8C 7D JD 8H 10H QH -> draw 9C 9D AD 7H 7S QS (talon 0 left)

--- Phase: declare ---
  Declare point: volt_x wins 7 pts (('point', 7, 'S'))
  Declare sequence: volt_x wins 11 pts (('sequence', 6, 12, 'S'))
  Declare set: omega_bots wins 3 pts (('set', 3, 13))

--- Phase: tricks ---
  Trick  1: omega_bots leads AH, volt_x plays 7H -> omega_bots wins
  Trick  2: omega_bots leads AC, volt_x plays 9C -> omega_bots wins
  Trick  3: omega_bots leads KS, volt_x plays AS -> volt_x wins
  Trick  4: volt_x leads 7S, omega_bots plays 7C -> volt_x wins
  Trick  5: volt_x leads 8S, omega_bots plays 9H -> volt_x wins
  Trick  6: volt_x leads 9S, omega_bots plays 10C -> volt_x wins
  Trick  7: volt_x leads 10S, omega_bots plays QC -> volt_x wins
  Trick  8: volt_x leads 9D, omega_bots plays 10D -> omega_bots wins
  Trick  9: omega_bots leads JC, volt_x plays JS -> omega_bots wins
  Trick 10: omega_bots leads KC, volt_x plays QS -> omega_bots wins
  Trick 11: omega_bots leads KH, volt_x plays KD -> omega_bots wins
  Trick 12: omega_bots leads JH, volt_x plays AD -> omega_bots wins
  Hand: volt_x +23 / omega_bots +21 (tricks 5-7)
  Match total: volt_x 59 - 40 omega_bots
Players: volt_x vs omega_bots
Dealer: omega_bots  |  Elder: volt_x
Match scores: 59 - 40
Talon (8): 8C 9C 8D 10D 7H JH AH AS
volt_x hand: 10C QC AC 7D KD AD 8H 9H 10H KH 10S KS
omega_bots hand: 7C JC KC 9D JD QD QH 7S 8S 9S JS QS
  Exchange volt_x: discard 10C QC 7D AD 10S -> draw 9C 8D 10D 7H JH (talon 3 left)
  Exchange omega_bots: discard 7C JC 9D -> draw 8C AH AS (talon 0 left)

--- Phase: declare ---
  Declare point: omega_bots wins 6 pts (('point', 6, 'S'))
  Declare sequence: volt_x wins 10 pts (('sequence', 5, 11, 'H'))
  Declare set: volt_x wins 3 pts (('set', 3, 13))

--- Phase: tricks ---
  Trick  1: volt_x leads 7H, omega_bots plays QH -> omega_bots wins
  Trick  2: omega_bots leads AH, volt_x plays 8H -> omega_bots wins
  Trick  3: omega_bots leads AS, volt_x plays KS -> omega_bots wins
  Trick  4: omega_bots leads KC, volt_x plays AC -> volt_x wins
  Trick  5: volt_x leads 9H, omega_bots plays 7S -> volt_x wins
  Trick  6: volt_x leads 10H, omega_bots plays QS -> volt_x wins
  Trick  7: volt_x leads 8D, omega_bots plays QD -> omega_bots wins
  Trick  8: omega_bots leads 8S, volt_x plays 9C -> omega_bots wins
  Trick  9: omega_bots leads 9S, volt_x plays 10D -> omega_bots wins
  Trick 10: omega_bots leads JD, volt_x plays KD -> volt_x wins
  Trick 11: volt_x leads KH, omega_bots plays JS -> volt_x wins
  Trick 12: volt_x leads JH, omega_bots plays 8C -> volt_x wins
  Hand: volt_x +20 / omega_bots +12 (tricks 6-6)
  Match total: volt_x 79 - 52 omega_bots
Players: volt_x vs omega_bots
Dealer: volt_x  |  Elder: omega_bots
Match scores: 79 - 52
Talon (8): 9C 10C JD 10H JH QH 10S QS
volt_x hand: 7C JC QC KC AC 9D 8H KH 7S 8S JS AS
omega_bots hand: 8C 7D 8D 10D QD KD AD 7H 9H AH 9S KS
  Exchange omega_bots: discard 8C 7D 8D 10D 9S -> draw 9C JH QH 10S QS (talon 3 left)
  Exchange volt_x: discard 8H 7S 8S -> draw 10C JD 10H (talon 0 left)

--- Phase: declare ---
  Declare point: volt_x wins 6 pts (('point', 6, 'C'))
  Declare sequence: volt_x wins 10 pts (('sequence', 5, 14, 'C'))
  Declare set: omega_bots wins 3 pts (('set', 3, 12))

--- Phase: tricks ---
  Trick  1: omega_bots leads AH, volt_x plays 10H -> omega_bots wins
  Trick  2: omega_bots leads AD, volt_x plays 9D -> omega_bots wins
  Trick  3: omega_bots leads KD, volt_x plays JD -> omega_bots wins
  Trick  4: omega_bots leads KS, volt_x plays AS -> volt_x wins
  Trick  5: volt_x leads 7C, omega_bots plays 9C -> omega_bots wins
  Trick  6: omega_bots leads 9H, volt_x plays KH -> volt_x wins
  Trick  7: volt_x leads 10C, omega_bots plays QD -> volt_x wins
  Trick  8: volt_x leads JC, omega_bots plays 7H -> volt_x wins
  Trick  9: volt_x leads AC, omega_bots plays QH -> volt_x wins
  Trick 10: volt_x leads KC, omega_bots plays 10S -> volt_x wins
  Trick 11: volt_x leads QC, omega_bots plays QS -> volt_x wins
  Trick 12: volt_x leads JS, omega_bots plays JH -> volt_x wins
  Hand: volt_x +35 / omega_bots +7 (tricks 8-4)
  Match total: volt_x 114 - 59 omega_bots
  Final: volt_x 114 - 59 omega_bots
  Winner: volt_x

============================================================
Game 67
============================================================
Players: omega_bots vs volt_x
Dealer: omega_bots  |  Elder: volt_x
Match scores: 0 - 0
Talon (8): JC QC JD AD 9S JS QS AS
omega_bots hand: 10C 7D 10D KD 7H 8H 9H 10H KH 7S 8S 10S
volt_x hand: 7C 8C 9C KC AC 8D 9D QD JH QH AH KS
  Exchange volt_x: discard 8D 9D QD JH QH -> draw JD AD 9S QS AS (talon 3 left)
  Exchange omega_bots: discard KD 7S 8S -> draw JC QC JS (talon 0 left)

--- Phase: declare ---
  Declare point: volt_x wins 5 pts (('point', 5, 'C'))
  Declare sequence: omega_bots wins 4 pts (('sequence', 4, 10, 'H'))
  Declare set: volt_x wins 14 pts (('set', 4, 14))

--- Phase: tricks ---
  Trick  1: volt_x leads 7C, omega_bots plays 10C -> omega_bots wins
  Trick  2: omega_bots leads KH, volt_x plays AH -> volt_x wins
  Trick  3: volt_x leads 8C, omega_bots plays JC -> omega_bots wins
  Trick  4: omega_bots leads QC, volt_x plays KC -> volt_x wins
  Trick  5: volt_x leads 9S, omega_bots plays 10S -> omega_bots wins
  Trick  6: omega_bots leads 10D, volt_x plays JD -> volt_x wins
  Trick  7: volt_x leads QS, omega_bots plays JS -> volt_x wins
  Trick  8: volt_x leads 9C, omega_bots plays 7D -> volt_x wins
  Trick  9: volt_x leads AC, omega_bots plays 8H -> volt_x wins
  Trick 10: volt_x leads AD, omega_bots plays 7H -> volt_x wins
  Trick 11: volt_x leads AS, omega_bots plays 10H -> volt_x wins
  Trick 12: volt_x leads KS, omega_bots plays 9H -> volt_x wins
  Hand: omega_bots +7 / volt_x +39 (tricks 3-9)
  Match total: omega_bots 7 - 39 volt_x
Players: omega_bots vs volt_x
Dealer: volt_x  |  Elder: omega_bots
Match scores: 7 - 39
Talon (8): 10C 10D JD AD 8H KH 8S JS
omega_bots hand: 9C QC KC AC 7D 9D 7H 10H AH 9S 10S AS
volt_x hand: 7C 8C JC 8D QD KD 9H JH QH 7S QS KS
  Exchange omega_bots: discard 9D 10H 9S -> draw 10C JD 8S (talon 5 left)
  Exchange volt_x: discard 7C 8C JC 8D 7S -> draw 10D AD 8H KH JS (talon 0 left)

--- Phase: declare ---
  Declare point: omega_bots wins 5 pts (('point', 5, 'C'))
  Declare set: omega_bots wins 3 pts (('set', 3, 14))

--- Phase: tricks ---
  Trick  1: omega_bots leads AH, volt_x plays 8H -> omega_bots wins
  Trick  2: omega_bots leads AC, volt_x plays 9H -> omega_bots wins
  Trick  3: omega_bots leads AS, volt_x plays JS -> omega_bots wins
  Trick  4: omega_bots leads KC, volt_x plays 10D -> omega_bots wins
  Trick  5: omega_bots leads QC, volt_x plays JH -> omega_bots wins
  Trick  6: omega_bots leads 9C, volt_x plays QS -> omega_bots wins
  Trick  7: omega_bots leads 7H, volt_x plays QH -> volt_x wins
  Trick  8: volt_x leads QD, omega_bots plays 7D -> volt_x wins
  Trick  9: volt_x leads AD, omega_bots plays JD -> volt_x wins
  Trick 10: volt_x leads KS, omega_bots plays 10S -> volt_x wins
  Trick 11: volt_x leads KD, omega_bots plays 10C -> volt_x wins
  Trick 12: volt_x leads KH, omega_bots plays 8S -> volt_x wins
  Hand: omega_bots +14 / volt_x +7 (tricks 6-6)
  Match total: omega_bots 21 - 46 volt_x
Players: omega_bots vs volt_x
Dealer: omega_bots  |  Elder: volt_x
Match scores: 21 - 46
Talon (8): 10C JC KC 9D 10D JD 10S QS
omega_bots hand: 7C AC 8D QD KD AD 9H 10H JH 7S 8S KS
volt_x hand: 8C 9C QC 7D 7H 8H QH KH AH 9S JS AS
  Exchange volt_x: discard 8C 9C QC 7D 9S -> draw 9D 10D JD 10S QS (talon 3 left)
  Exchange omega_bots: discard 10H 7S 8S -> draw 10C JC KC (talon 0 left)

--- Phase: declare ---
  Declare point: omega_bots wins 5 pts (('point', 5, 'C'))
  Declare set: omega_bots wins 3 pts (('set', 3, 13))

--- Phase: tricks ---
  Trick  1: volt_x leads 7H, omega_bots plays 9H -> omega_bots wins
  Trick  2: omega_bots leads AD, volt_x plays 9D -> omega_bots wins
  Trick  3: omega_bots leads AC, volt_x plays 8H -> omega_bots wins
  Trick  4: omega_bots leads KS, volt_x plays AS -> volt_x wins
  Trick  5: volt_x leads QH, omega_bots plays JH -> volt_x wins
  Trick  6: volt_x leads 10S, omega_bots plays QD -> volt_x wins
  Trick  7: volt_x leads KH, omega_bots plays 8D -> volt_x wins
  Trick  8: volt_x leads JS, omega_bots plays 7C -> volt_x wins
  Trick  9: volt_x leads AH, omega_bots plays KD -> volt_x wins
  Trick 10: volt_x leads QS, omega_bots plays KC -> volt_x wins
  Trick 11: volt_x leads JD, omega_bots plays JC -> volt_x wins
  Trick 12: volt_x leads 10D, omega_bots plays 10C -> volt_x wins
  Hand: omega_bots +11 / volt_x +20 (tricks 3-9)
  Match total: omega_bots 32 - 66 volt_x
Players: omega_bots vs volt_x
Dealer: volt_x  |  Elder: omega_bots
Match scores: 32 - 66
Talon (8): 7C 10C 8D 7H 8H KH AH KS
omega_bots hand: JC QC 7D 10D QD 9H 10H QH 7S 8S 10S JS
volt_x hand: 8C 9C KC AC 9D JD KD AD JH 9S QS AS
  Exchange omega_bots: discard 7D 10D 7S 10S JS -> draw 10C 8D KH AH KS (talon 3 left)
  Exchange volt_x: discard 8C 9C 9S -> draw 7C 7H 8H (talon 0 left)

--- Phase: declare ---
  Declare point: omega_bots wins 5 pts (('point', 5, 'H'))
  Declare sequence: omega_bots wins 3 pts (('sequence', 3, 14, 'H'))
  Declare set: volt_x wins 3 pts (('set', 3, 14))

--- Phase: tricks ---
  Trick  1: omega_bots leads AH, volt_x plays 7H -> omega_bots wins
  Trick  2: omega_bots leads KH, volt_x plays 8H -> omega_bots wins
  Trick  3: omega_bots leads KS, volt_x plays AS -> volt_x wins
  Trick  4: volt_x leads 9D, omega_bots plays QD -> omega_bots wins
  Trick  5: omega_bots leads QH, volt_x plays JH -> omega_bots wins
  Trick  6: omega_bots leads 8S, volt_x plays QS -> volt_x wins
  Trick  7: volt_x leads JD, omega_bots plays 8D -> volt_x wins
  Trick  8: volt_x leads 7C, omega_bots plays QC -> omega_bots wins
  Trick  9: omega_bots leads 9H, volt_x plays KD -> omega_bots wins
  Trick 10: omega_bots leads 10H, volt_x plays KC -> omega_bots wins
  Trick 11: omega_bots leads JC, volt_x plays AC -> volt_x wins
  Trick 12: volt_x leads AD, omega_bots plays 10C -> volt_x wins
  Hand: omega_bots +25 / volt_x +9 (tricks 7-5)
  Match total: omega_bots 57 - 75 volt_x
Players: omega_bots vs volt_x
Dealer: omega_bots  |  Elder: volt_x
Match scores: 57 - 75
Talon (8): 7C QC KC QD 8H JH KH 8S
omega_bots hand: 8C 9C 10C AC 8D 9D JD AD 10H QH 10S JS
volt_x hand: JC 7D 10D KD 7H 9H AH 7S 9S QS KS AS
  Exchange volt_x: discard JC 7D 10D 7H 9H -> draw QC KC QD 8H KH (talon 3 left)
  Exchange omega_bots: discard 8D 9D -> draw 7C JH (talon 1 left)

--- Phase: declare ---
  Declare point: volt_x wins 5 pts (('point', 5, 'S'))
  Declare sequence: omega_bots wins 4 pts (('sequence', 4, 10, 'C'))
  Declare set: volt_x wins 14 pts (('set', 4, 13))

--- Phase: tricks ---
  Trick  1: volt_x leads 7S, omega_bots plays 10S -> omega_bots wins
  Trick  2: omega_bots leads AC, volt_x plays QC -> omega_bots wins
  Trick  3: omega_bots leads AD, volt_x plays QD -> omega_bots wins
  Trick  4: omega_bots leads QH, volt_x plays KH -> volt_x wins
  Trick  5: volt_x leads 9S, omega_bots plays JS -> omega_bots wins
  Trick  6: omega_bots leads 10C, volt_x plays KC -> volt_x wins
  Trick  7: volt_x leads QS, omega_bots plays 10H -> volt_x wins
  Trick  8: volt_x leads KS, omega_bots plays 8C -> volt_x wins
  Trick  9: volt_x leads AS, omega_bots plays JD -> volt_x wins
  Trick 10: volt_x leads AH, omega_bots plays JH -> volt_x wins
  Trick 11: volt_x leads KD, omega_bots plays 9C -> volt_x wins
  Trick 12: volt_x leads 8H, omega_bots plays 7C -> volt_x wins
  Hand: omega_bots +8 / volt_x +38 (tricks 4-8)
  Match total: omega_bots 65 - 113 volt_x
  Final: omega_bots 65 - 113 volt_x
  Winner: volt_x

============================================================
Game 68
============================================================
Players: volt_x vs omega_bots
Dealer: volt_x  |  Elder: omega_bots
Match scores: 0 - 0
Talon (8): 7C JC JD AD 9H JH 8S AS
volt_x hand: 8C 9C 10C KC AC 7D 9D KD 7H KH JS KS
omega_bots hand: QC 8D 10D QD 8H 10H QH AH 7S 9S 10S QS
  Exchange omega_bots: discard 10D 7S 9S 10S -> draw 7C JH 8S AS (talon 4 left)
  Exchange volt_x: discard 7D 9D 7H JS -> draw JC JD AD 9H (talon 0 left)

--- Phase: declare ---
  Declare point: volt_x wins 6 pts (('point', 6, 'C'))
  Declare sequence: volt_x wins 4 pts (('sequence', 4, 11, 'C'))
  Declare set: volt_x wins 14 pts (('set', 4, 13))

--- Phase: tricks ---
  Trick  1: omega_bots leads AH, volt_x plays 9H -> omega_bots wins
  Trick  2: omega_bots leads AS, volt_x plays KS -> omega_bots wins
  Trick  3: omega_bots leads QD, volt_x plays KD -> volt_x wins
  Trick  4: volt_x leads 8C, omega_bots plays QC -> omega_bots wins
  Trick  5: omega_bots leads QS, volt_x plays 9C -> omega_bots wins
  Trick  6: omega_bots leads 8H, volt_x plays KH -> volt_x wins
  Trick  7: volt_x leads 10C, omega_bots plays 7C -> volt_x wins
  Trick  8: volt_x leads JC, omega_bots plays 10H -> volt_x wins
  Trick  9: volt_x leads AC, omega_bots plays 8D -> volt_x wins
  Trick 10: volt_x leads AD, omega_bots plays QH -> volt_x wins
  Trick 11: volt_x leads KC, omega_bots plays JH -> volt_x wins
  Trick 12: volt_x leads JD, omega_bots plays 8S -> volt_x wins
  Hand: volt_x +43 / omega_bots +4 (tricks 8-4)
  Match total: volt_x 43 - 4 omega_bots
Players: volt_x vs omega_bots
Dealer: omega_bots  |  Elder: volt_x
Match scores: 43 - 4
Talon (8): 10C 8D 10D AD 10H KH 9S JS
volt_x hand: 7C 8C JC QC AC JD QD KD JH AH 7S AS
omega_bots hand: 9C KC 7D 9D 7H 8H 9H QH 8S 10S QS KS
  Exchange volt_x: discard 7C 8C QC JH 7S -> draw 8D 10D AD 10H JS (talon 3 left)
  Exchange omega_bots: discard 9C 8S 10S -> draw 10C KH 9S (talon 0 left)

--- Phase: declare ---
  Declare point: volt_x wins 6 pts (('point', 6, 'D'))
  Declare sequence: volt_x wins 10 pts (('sequence', 5, 14, 'D'))
  Declare set: volt_x wins 14 pts (('set', 4, 14))

--- Phase: tricks ---
  Trick  1: volt_x leads 8D, omega_bots plays 9D -> omega_bots wins
  Trick  2: omega_bots leads KC, volt_x plays AC -> volt_x wins
  Trick  3: volt_x leads 10D, omega_bots plays 7D -> volt_x wins
  Trick  4: volt_x leads JD, omega_bots plays 7H -> volt_x wins
  Trick  5: volt_x leads QD, omega_bots plays 8H -> volt_x wins
  Trick  6: volt_x leads KD, omega_bots plays QS -> volt_x wins
  Trick  7: volt_x leads JS, omega_bots plays 9S -> volt_x wins
  Trick  8: volt_x leads 10H, omega_bots plays 9H -> volt_x wins
  Trick  9: volt_x leads AS, omega_bots plays KS -> volt_x wins
  Trick 10: volt_x leads AH, omega_bots plays QH -> volt_x wins
  Trick 11: volt_x leads AD, omega_bots plays KH -> volt_x wins
  Trick 12: volt_x leads JC, omega_bots plays 10C -> volt_x wins
  Hand: volt_x +112 / omega_bots +1 (tricks 11-1)
  Match total: volt_x 155 - 5 omega_bots
  Final: volt_x 155 - 5 omega_bots
  Winner: volt_x

============================================================
Game 69
============================================================
Players: omega_bots vs volt_x
Dealer: omega_bots  |  Elder: volt_x
Match scores: 0 - 0
Talon (8): 7C KC 9H JH AH 7S 8S 9S
omega_bots hand: 8C JC QC AC KD AD 7H 10H KH QS KS AS
volt_x hand: 9C 10C 7D 8D 9D 10D JD QD 8H QH 10S JS
  Exchange volt_x: discard 9C 10C 8H QH JS -> draw 7C KC 9H 7S 8S (talon 3 left)
  Exchange omega_bots: discard 8C 7H 10H -> draw JH AH 9S (talon 0 left)

--- Phase: declare ---
  Declare point: volt_x wins 6 pts (('point', 6, 'D'))
  Declare sequence: volt_x wins 11 pts (('sequence', 6, 12, 'D'))
  Declare set: omega_bots wins 14 pts (('set', 4, 14))

--- Phase: tricks ---
  Trick  1: volt_x leads 7D, omega_bots plays KD -> omega_bots wins
  Trick  2: omega_bots leads AS, volt_x plays 7S -> omega_bots wins
  Trick  3: omega_bots leads AD, volt_x plays 8D -> omega_bots wins
  Trick  4: omega_bots leads AC, volt_x plays 7C -> omega_bots wins
  Trick  5: omega_bots leads AH, volt_x plays 9H -> omega_bots wins
  Trick  6: omega_bots leads QC, volt_x plays KC -> volt_x wins
  Trick  7: volt_x leads 9D, omega_bots plays KH -> volt_x wins
  Trick  8: volt_x leads 10D, omega_bots plays JC -> volt_x wins
  Trick  9: volt_x leads QD, omega_bots plays QS -> volt_x wins
  Trick 10: volt_x leads JD, omega_bots plays KS -> volt_x wins
  Trick 11: volt_x leads 10S, omega_bots plays 9S -> volt_x wins
  Trick 12: volt_x leads 8S, omega_bots plays JH -> volt_x wins
  Hand: omega_bots +19 / volt_x +35 (tricks 5-7)
  Match total: omega_bots 19 - 35 volt_x
Players: omega_bots vs volt_x
Dealer: volt_x  |  Elder: omega_bots
Match scores: 19 - 35
Talon (8): 9C 9D KD AD 9H QH 9S JS
omega_bots hand: 7C 8C QC AC 10D JD 7H 8H JH 7S 10S QS
volt_x hand: 10C JC KC 7D 8D QD 10H KH AH 8S KS AS
  Exchange omega_bots: discard 7C 8C 7H 8H 7S -> draw 9C 9D QH 9S JS (talon 3 left)
  Exchange volt_x: discard 7D 8D 8S -> draw KD AD 9H (talon 0 left)

--- Phase: declare ---
  Declare point: volt_x wins 4 pts (('point', 4, 'H'))
  Declare sequence: omega_bots wins 4 pts (('sequence', 4, 12, 'S'))
  Declare set: volt_x wins 3 pts (('set', 3, 14))

--- Phase: tricks ---
  Trick  1: omega_bots leads AC, volt_x plays 10C -> omega_bots wins
  Trick  2: omega_bots leads QC, volt_x plays KC -> volt_x wins
  Trick  3: volt_x leads 9H, omega_bots plays JH -> omega_bots wins
  Trick  4: omega_bots leads QS, volt_x plays KS -> volt_x wins
  Trick  5: volt_x leads 10H, omega_bots plays QH -> omega_bots wins
  Trick  6: omega_bots leads JD, volt_x plays QD -> volt_x wins
  Trick  7: volt_x leads KH, omega_bots plays 10S -> volt_x wins
  Trick  8: volt_x leads KD, omega_bots plays 10D -> volt_x wins
  Trick  9: volt_x leads AS, omega_bots plays JS -> volt_x wins
  Trick 10: volt_x leads AH, omega_bots plays 9C -> volt_x wins
  Trick 11: volt_x leads AD, omega_bots plays 9D -> volt_x wins
  Trick 12: volt_x leads JC, omega_bots plays 9S -> volt_x wins
  Hand: omega_bots +7 / volt_x +27 (tricks 3-9)
  Match total: omega_bots 26 - 62 volt_x
Players: omega_bots vs volt_x
Dealer: omega_bots  |  Elder: volt_x
Match scores: 26 - 62
Talon (8): 8D 9D 10D JD QD 8H 8S JS
omega_bots hand: 10C KC KD AD 7H 10H QH KH 9S 10S KS AS
volt_x hand: 7C 8C 9C JC QC AC 7D 9H JH AH 7S QS
  Exchange volt_x: discard 7D 9H JH 7S QS -> draw 8D 9D JD QD 8H (talon 3 left)
  Exchange omega_bots: discard 10C 7H -> draw 10D JS (talon 1 left)

--- Phase: declare ---
  Declare point: volt_x wins 6 pts (('point', 6, 'C'))
  Declare sequence: omega_bots wins 3 pts (('sequence', 3, 11, 'S'))
  Declare set: omega_bots wins 14 pts (('set', 4, 13))

--- Phase: tricks ---
  Trick  1: volt_x leads 7C, omega_bots plays KC -> omega_bots wins
  Trick  2: omega_bots leads AS, volt_x plays 8C -> omega_bots wins
  Trick  3: omega_bots leads AD, volt_x plays 8D -> omega_bots wins
  Trick  4: omega_bots leads KS, volt_x plays 8H -> omega_bots wins
  Trick  5: omega_bots leads KD, volt_x plays 9D -> omega_bots wins
  Trick  6: omega_bots leads 10H, volt_x plays AH -> volt_x wins
  Trick  7: volt_x leads 9C, omega_bots plays 9S -> volt_x wins
  Trick  8: volt_x leads JC, omega_bots plays 10S -> volt_x wins
  Trick  9: volt_x leads AC, omega_bots plays QH -> volt_x wins
  Trick 10: volt_x leads QC, omega_bots plays KH -> volt_x wins
  Trick 11: volt_x leads QD, omega_bots plays 10D -> volt_x wins
  Trick 12: volt_x leads JD, omega_bots plays JS -> volt_x wins
  Hand: omega_bots +22 / volt_x +24 (tricks 5-7)
  Match total: omega_bots 48 - 86 volt_x
Players: omega_bots vs volt_x
Dealer: volt_x  |  Elder: omega_bots
Match scores: 48 - 86
Talon (8): JC AC 7D 7H QH KH 8S JS
omega_bots hand: 10C KC 8D 10D JD QD KD AD 8H JH 7S 9S
volt_x hand: 7C 8C 9C QC 9D 9H 10H AH 10S QS KS AS
  Exchange omega_bots: discard 10C 8D 8H JH 9S -> draw JC 7H QH KH 8S (talon 3 left)
  Exchange volt_x: discard 7C 8C 9H -> draw AC 7D JS (talon 0 left)

--- Phase: declare ---
  Declare set: volt_x wins 3 pts (('set', 3, 14))

--- Phase: tricks ---
  Trick  1: omega_bots leads AD, volt_x plays 7D -> omega_bots wins
  Trick  2: omega_bots leads KD, volt_x plays 9D -> omega_bots wins
  Trick  3: omega_bots leads KC, volt_x plays AC -> volt_x wins
  Trick  4: volt_x leads 10S, omega_bots plays 7S -> volt_x wins
  Trick  5: volt_x leads JS, omega_bots plays 8S -> volt_x wins
  Trick  6: volt_x leads QS, omega_bots plays JD -> volt_x wins
  Trick  7: volt_x leads 9C, omega_bots plays JC -> omega_bots wins
  Trick  8: omega_bots leads 10D, volt_x plays 10H -> omega_bots wins
  Trick  9: omega_bots leads QD, volt_x plays QC -> omega_bots wins
  Trick 10: omega_bots leads 7H, volt_x plays AH -> volt_x wins
  Trick 11: volt_x leads AS, omega_bots plays KH -> volt_x wins
  Trick 12: volt_x leads KS, omega_bots plays QH -> volt_x wins
  Hand: omega_bots +5 / volt_x +21 (tricks 5-7)
  Match total: omega_bots 53 - 107 volt_x
  Final: omega_bots 53 - 107 volt_x
  Winner: volt_x

============================================================
Game 70
============================================================
Players: volt_x vs omega_bots
Dealer: volt_x  |  Elder: omega_bots
Match scores: 0 - 0
Talon (8): 10C 8D 8H 9H QH AH JS QS
volt_x hand: 7C 8C JC QC KC AC 10D JD AD 10H KH AS
omega_bots hand: 9C 7D 9D QD KD 7H JH 7S 8S 9S 10S KS
  Exchange omega_bots: discard 9C 7D KD 7H JH -> draw 10C 8H 9H AH JS (talon 3 left)
  Exchange volt_x: discard 10D JD 10H -> draw 8D QH QS (talon 0 left)

--- Phase: declare ---
  Declare point: volt_x wins 6 pts (('point', 6, 'C'))
  Declare sequence: omega_bots wins 10 pts (('sequence', 5, 11, 'S'))
  Declare set: volt_x wins 3 pts (('set', 3, 14))

--- Phase: tricks ---
  Trick  1: omega_bots leads AH, volt_x plays QH -> omega_bots wins
  Trick  2: omega_bots leads KS, volt_x plays AS -> volt_x wins
  Trick  3: volt_x leads 7C, omega_bots plays 10C -> omega_bots wins
  Trick  4: omega_bots leads QD, volt_x plays AD -> volt_x wins
  Trick  5: volt_x leads 8C, omega_bots plays 7S -> volt_x wins
  Trick  6: volt_x leads JC, omega_bots plays 8S -> volt_x wins
  Trick  7: volt_x leads QC, omega_bots plays 10S -> volt_x wins
  Trick  8: volt_x leads KC, omega_bots plays 9D -> volt_x wins
  Trick  9: volt_x leads AC, omega_bots plays 9S -> volt_x wins
  Trick 10: volt_x leads KH, omega_bots plays 9H -> volt_x wins
  Trick 11: volt_x leads QS, omega_bots plays JS -> volt_x wins
  Trick 12: volt_x leads 8D, omega_bots plays 8H -> volt_x wins
  Hand: volt_x +30 / omega_bots +12 (tricks 10-2)
  Match total: volt_x 30 - 12 omega_bots
Players: volt_x vs omega_bots
Dealer: omega_bots  |  Elder: volt_x
Match scores: 30 - 12
Talon (8): 8C JC 9D 10D AD 10H 8S 9S
volt_x hand: 9C KC 7D 8D JD QD 7H JH AH 7S JS QS
omega_bots hand: 7C 10C QC AC KD 8H 9H QH KH 10S KS AS
  Exchange volt_x: discard 9C KC 7H 7S QS -> draw 8C 9D AD 8S 9S (talon 3 left)
  Exchange omega_bots: discard 7C 8H 9H -> draw JC 10D 10H (talon 0 left)

--- Phase: declare ---
  Declare point: volt_x wins 6 pts (('point', 6, 'D'))
  Declare sequence: omega_bots wins 3 pts (('sequence', 3, 12, 'C'))
  Declare set: omega_bots wins 3 pts (('set', 3, 13))

--- Phase: tricks ---
  Trick  1: volt_x leads 7D, omega_bots plays 10D -> omega_bots wins
  Trick  2: omega_bots leads AS, volt_x plays 8S -> omega_bots wins
  Trick  3: omega_bots leads AC, volt_x plays 8C -> omega_bots wins
  Trick  4: omega_bots leads KH, volt_x plays AH -> volt_x wins
  Trick  5: volt_x leads 8D, omega_bots plays KD -> omega_bots wins
  Trick  6: omega_bots leads 10C, volt_x plays 9S -> omega_bots wins
  Trick  7: omega_bots leads QH, volt_x plays JH -> omega_bots wins
  Trick  8: omega_bots leads KS, volt_x plays JS -> omega_bots wins
  Trick  9: omega_bots leads 10S, volt_x plays 9D -> omega_bots wins
  Trick 10: omega_bots leads QC, volt_x plays JD -> omega_bots wins
  Trick 11: omega_bots leads JC, volt_x plays QD -> omega_bots wins
  Trick 12: omega_bots leads 10H, volt_x plays AD -> omega_bots wins
  Hand: volt_x +7 / omega_bots +28 (tricks 1-11)
  Match total: volt_x 37 - 40 omega_bots
Players: volt_x vs omega_bots
Dealer: volt_x  |  Elder: omega_bots
Match scores: 37 - 40
Talon (8): 7C 8D 9D QD JH 9S KS AS
volt_x hand: 9C 10C JC QC KC 10D JD KD 8H 10H AH 8S
omega_bots hand: 8C AC 7D AD 7H 9H QH KH 7S 10S JS QS
  Exchange omega_bots: discard 8C 7D KH 7S -> draw 7C 8D 9D 9S (talon 4 left)
  Exchange volt_x: discard JD KD 8H 8S -> draw QD JH KS AS (talon 0 left)

--- Phase: declare ---
  Declare point: volt_x wins 5 pts (('point', 5, 'C'))
  Declare sequence: volt_x wins 10 pts (('sequence', 5, 13, 'C'))
  Declare set: volt_x wins 3 pts (('set', 3, 10))

--- Phase: tricks ---
  Trick  1: omega_bots leads AD, volt_x plays 10D -> omega_bots wins
  Trick  2: omega_bots leads AC, volt_x plays 9C -> omega_bots wins
  Trick  3: omega_bots leads QS, volt_x plays KS -> volt_x wins
  Trick  4: volt_x leads 10C, omega_bots plays 7C -> volt_x wins
  Trick  5: volt_x leads JC, omega_bots plays 7H -> volt_x wins
  Trick  6: volt_x leads 10H, omega_bots plays 9H -> volt_x wins
  Trick  7: volt_x leads QC, omega_bots plays 10S -> volt_x wins
  Trick  8: volt_x leads JH, omega_bots plays QH -> omega_bots wins
  Trick  9: omega_bots leads JS, volt_x plays AS -> volt_x wins
  Trick 10: volt_x leads AH, omega_bots plays 8D -> volt_x wins
  Trick 11: volt_x leads KC, omega_bots plays 9S -> volt_x wins
  Trick 12: volt_x leads QD, omega_bots plays 9D -> volt_x wins
  Hand: volt_x +38 / omega_bots +3 (tricks 9-3)
  Match total: volt_x 75 - 43 omega_bots
Players: volt_x vs omega_bots
Dealer: omega_bots  |  Elder: volt_x
Match scores: 75 - 43
Talon (8): 8C JC QC 7D 10D AD 9H QH
volt_x hand: 7C 10C KC 8D JD 10H KH AH 7S 8S KS AS
omega_bots hand: 9C AC 9D QD KD 7H 8H JH 9S 10S JS QS
  Exchange volt_x: discard 7C 10C 8D JD 10H -> draw 8C 7D 10D AD 9H (talon 3 left)
  Exchange omega_bots: discard 9C 9D 7H -> draw JC QC QH (talon 0 left)

--- Phase: declare ---
  Declare point: omega_bots wins 4 pts (('point', 4, 'S'))
  Declare sequence: omega_bots wins 4 pts (('sequence', 4, 12, 'S'))
  Declare set: volt_x wins 3 pts (('set', 3, 14))

--- Phase: tricks ---
  Trick  1: volt_x leads 7S, omega_bots plays 9S -> omega_bots wins
  Trick  2: omega_bots leads AC, volt_x plays 8C -> omega_bots wins
  Trick  3: omega_bots leads KD, volt_x plays AD -> volt_x wins
  Trick  4: volt_x leads 9H, omega_bots plays JH -> omega_bots wins
  Trick  5: omega_bots leads QD, volt_x plays 7D -> omega_bots wins
  Trick  6: omega_bots leads 8H, volt_x plays KH -> volt_x wins
  Trick  7: volt_x leads 8S, omega_bots plays 10S -> omega_bots wins
  Trick  8: omega_bots leads JS, volt_x plays KS -> volt_x wins
  Trick  9: volt_x leads AH, omega_bots plays QH -> volt_x wins
  Trick 10: volt_x leads AS, omega_bots plays QS -> volt_x wins
  Trick 11: volt_x leads KC, omega_bots plays JC -> volt_x wins
  Trick 12: volt_x leads 10D, omega_bots plays QC -> volt_x wins
  Hand: volt_x +21 / omega_bots +13 (tricks 7-5)
  Match total: volt_x 96 - 56 omega_bots
Players: volt_x vs omega_bots
Dealer: volt_x  |  Elder: omega_bots
Match scores: 96 - 56
Talon (8): AC 8D JD JH 8S 9S QS KS
volt_x hand: 7C 9C 10C JC QC QD 7H 9H QH KH 10S AS
omega_bots hand: 8C KC 7D 9D 10D KD AD 8H 10H AH 7S JS
  Exchange omega_bots: discard 8C 7D 10H 7S JS -> draw AC 8D 9S QS KS (talon 3 left)
  Exchange volt_x: discard 7H 9H 10S -> draw JD JH 8S (talon 0 left)

--- Phase: declare ---
  Declare point: omega_bots wins 5 pts (('point', 5, 'D'))
  Declare sequence: volt_x wins 4 pts (('sequence', 4, 12, 'C'))
  Declare set: omega_bots wins 3 pts (('set', 3, 14))

--- Phase: tricks ---
  Trick  1: omega_bots leads AD, volt_x plays JD -> omega_bots wins
  Trick  2: omega_bots leads AH, volt_x plays JH -> omega_bots wins
  Trick  3: omega_bots leads AC, volt_x plays 7C -> omega_bots wins
  Trick  4: omega_bots leads KC, volt_x plays 9C -> omega_bots wins
  Trick  5: omega_bots leads KD, volt_x plays QD -> omega_bots wins
  Trick  6: omega_bots leads 9D, volt_x plays 8S -> omega_bots wins
  Trick  7: omega_bots leads 10D, volt_x plays 10C -> omega_bots wins
  Trick  8: omega_bots leads 8H, volt_x plays QH -> volt_x wins
  Trick  9: volt_x leads AS, omega_bots plays QS -> volt_x wins
  Trick 10: volt_x leads KH, omega_bots plays 8D -> volt_x wins
  Trick 11: volt_x leads QC, omega_bots plays KS -> volt_x wins
  Trick 12: volt_x leads JC, omega_bots plays 9S -> volt_x wins
  Hand: volt_x +10 / omega_bots +25 (tricks 5-7)
  Match total: volt_x 106 - 81 omega_bots
  Final: volt_x 106 - 81 omega_bots
  Winner: volt_x

============================================================
Game 71
============================================================
Players: omega_bots vs volt_x
Dealer: omega_bots  |  Elder: volt_x
Match scores: 0 - 0
Talon (8): KC 7D 10D JD 8H AH QS KS
omega_bots hand: 7C JC QC 8D QD KD QH 7S 8S 9S JS AS
volt_x hand: 8C 9C 10C AC 9D AD 7H 9H 10H JH KH 10S
  Exchange volt_x: discard 8C 9C AC 9D AD -> draw JD 8H AH QS KS (talon 3 left)
  Exchange omega_bots: discard 7C JC 8D -> draw KC 7D 10D (talon 0 left)

--- Phase: declare ---
  Declare point: volt_x wins 7 pts (('point', 7, 'H'))
  Declare sequence: volt_x wins 10 pts (('sequence', 5, 11, 'H'))
  Declare set: omega_bots wins 3 pts (('set', 3, 12))

--- Phase: tricks ---
  Trick  1: volt_x leads 7H, omega_bots plays QH -> omega_bots wins
  Trick  2: omega_bots leads AS, volt_x plays 10S -> omega_bots wins
  Trick  3: omega_bots leads KD, volt_x plays JD -> omega_bots wins
  Trick  4: omega_bots leads KC, volt_x plays 10C -> omega_bots wins
  Trick  5: omega_bots leads QC, volt_x plays 8H -> omega_bots wins
  Trick  6: omega_bots leads JS, volt_x plays QS -> volt_x wins
  Trick  7: volt_x leads 9H, omega_bots plays QD -> volt_x wins
  Trick  8: volt_x leads 10H, omega_bots plays 7S -> volt_x wins
  Trick  9: volt_x leads AH, omega_bots plays 8S -> volt_x wins
  Trick 10: volt_x leads KH, omega_bots plays 9S -> volt_x wins
  Trick 11: volt_x leads KS, omega_bots plays 10D -> volt_x wins
  Trick 12: volt_x leads JH, omega_bots plays 7D -> volt_x wins
  Hand: omega_bots +8 / volt_x +35 (tricks 5-7)
  Match total: omega_bots 8 - 35 volt_x
Players: omega_bots vs volt_x
Dealer: volt_x  |  Elder: omega_bots
Match scores: 8 - 35
Talon (8): 8C 9C JC KC 7D KD QH JS
omega_bots hand: 7C QC AC 8D 10D AD 7H 10H 7S 10S QS AS
volt_x hand: 10C 9D JD QD 8H 9H JH KH AH 8S 9S KS
  Exchange omega_bots: discard 7C 7H 10H 7S 10S -> draw 8C 9C KC QH JS (talon 3 left)
  Exchange volt_x: discard 9D 8S 9S -> draw JC 7D KD (talon 0 left)

--- Phase: declare ---
  Declare sequence: omega_bots wins 3 pts (('sequence', 3, 14, 'C'))
  Declare set: omega_bots wins 3 pts (('set', 3, 14))

--- Phase: tricks ---
  Trick  1: omega_bots leads AD, volt_x plays 7D -> omega_bots wins
  Trick  2: omega_bots leads AS, volt_x plays KS -> omega_bots wins
  Trick  3: omega_bots leads AC, volt_x plays 10C -> omega_bots wins
  Trick  4: omega_bots leads KC, volt_x plays JC -> omega_bots wins
  Trick  5: omega_bots leads QS, volt_x plays 8H -> omega_bots wins
  Trick  6: omega_bots leads 10D, volt_x plays JD -> volt_x wins
  Trick  7: volt_x leads 9H, omega_bots plays QH -> omega_bots wins
  Trick  8: omega_bots leads QC, volt_x plays JH -> omega_bots wins
  Trick  9: omega_bots leads 8D, volt_x plays QD -> volt_x wins
  Trick 10: volt_x leads AH, omega_bots plays 8C -> volt_x wins
  Trick 11: volt_x leads KH, omega_bots plays 9C -> volt_x wins
  Trick 12: volt_x leads KD, omega_bots plays JS -> volt_x wins
  Hand: omega_bots +23 / volt_x +6 (tricks 7-5)
  Match total: omega_bots 31 - 41 volt_x
Players: omega_bots vs volt_x
Dealer: omega_bots  |  Elder: volt_x
Match scores: 31 - 41
Talon (8): 9C 7D 8D 9H JH 7S 8S JS
omega_bots hand: 7C JD KD AD 7H 8H 10H QH AH 9S 10S QS
volt_x hand: 8C 10C JC QC KC AC 9D 10D QD KH KS AS
  Exchange volt_x: discard 8C 9D 10D QD AS -> draw 9C 7D 8D JH 7S (talon 3 left)
  Exchange omega_bots: discard 7C JD 10H -> draw 9H 8S JS (talon 0 left)

--- Phase: declare ---
  Declare point: volt_x wins 6 pts (('point', 6, 'C'))
  Declare sequence: volt_x wins 11 pts (('sequence', 6, 14, 'C'))
  Declare set: volt_x wins 3 pts (('set', 3, 13))

--- Phase: tricks ---
  Trick  1: volt_x leads 9C, omega_bots plays 7H -> volt_x wins
  Trick  2: volt_x leads 10C, omega_bots plays 8H -> volt_x wins
  Trick  3: volt_x leads JC, omega_bots plays 8S -> volt_x wins
  Trick  4: volt_x leads QC, omega_bots plays 9S -> volt_x wins
  Trick  5: volt_x leads JH, omega_bots plays QH -> omega_bots wins
  Trick  6: omega_bots leads QS, volt_x plays KS -> volt_x wins
  Trick  7: volt_x leads KC, omega_bots plays AH -> volt_x wins
  Trick  8: volt_x leads 7D, omega_bots plays AD -> omega_bots wins
  Trick  9: omega_bots leads 10S, volt_x plays 7S -> omega_bots wins
  Trick 10: omega_bots leads KD, volt_x plays 8D -> omega_bots wins
  Trick 11: omega_bots leads 9H, volt_x plays KH -> volt_x wins
  Trick 12: volt_x leads AC, omega_bots plays JS -> volt_x wins
  Hand: omega_bots +4 / volt_x +39 (tricks 4-8)
  Match total: omega_bots 35 - 80 volt_x
Players: omega_bots vs volt_x
Dealer: volt_x  |  Elder: omega_bots
Match scores: 35 - 80
Talon (8): 7D JD KD 7H 8H 9H JS QS
omega_bots hand: 7C 9C 10C JC KC AC 9D 10D QD AD QH KS
volt_x hand: 8C QC 8D 10H JH KH AH 7S 8S 9S 10S AS
  Exchange omega_bots: discard 9D 10D QD KS -> draw 7D KD 7H QS (talon 4 left)
  Exchange volt_x: discard 8C QC 8D 10H -> draw JD 8H 9H JS (talon 0 left)

--- Phase: declare ---
  Declare point: omega_bots wins 6 pts (('point', 6, 'C'))
  Declare sequence: volt_x wins 10 pts (('sequence', 5, 11, 'S'))
  Declare set: volt_x wins 3 pts (('set', 3, 11))

--- Phase: tricks ---
  Trick  1: omega_bots leads AD, volt_x plays JD -> omega_bots wins
  Trick  2: omega_bots leads AC, volt_x plays 7S -> omega_bots wins
  Trick  3: omega_bots leads KC, volt_x plays 8S -> omega_bots wins
  Trick  4: omega_bots leads KD, volt_x plays 8H -> omega_bots wins
  Trick  5: omega_bots leads QH, volt_x plays KH -> volt_x wins
  Trick  6: volt_x leads 9S, omega_bots plays QS -> omega_bots wins
  Trick  7: omega_bots leads 10C, volt_x plays 9H -> omega_bots wins
  Trick  8: omega_bots leads 9C, volt_x plays 10S -> omega_bots wins
  Trick  9: omega_bots leads JC, volt_x plays JH -> omega_bots wins
  Trick 10: omega_bots leads 7C, volt_x plays JS -> omega_bots wins
  Trick 11: omega_bots leads 7D, volt_x plays AS -> omega_bots wins
  Trick 12: omega_bots leads 7H, volt_x plays AH -> volt_x wins
  Hand: omega_bots +26 / volt_x +16 (tricks 10-2)
  Match total: omega_bots 61 - 96 volt_x
Players: omega_bots vs volt_x
Dealer: omega_bots  |  Elder: volt_x
Match scores: 61 - 96
Talon (8): AC 8D 9D 8H 10H QH 10S QS
omega_bots hand: 7C 8C 10C JC QC KC 10D QD KD AH 8S 9S
volt_x hand: 9C 7D JD AD 7H 9H JH KH 7S JS KS AS
  Exchange volt_x: discard 9C 7D 7H 9H KH -> draw AC 9D 10H QH 10S (talon 3 left)
  Exchange omega_bots: discard 7C 8S 9S -> draw 8D 8H QS (talon 0 left)

--- Phase: declare ---
  Declare sequence: omega_bots wins 4 pts (('sequence', 4, 13, 'C'))
  Declare set: volt_x wins 3 pts (('set', 3, 14))

--- Phase: tricks ---
  Trick  1: volt_x leads 7S, omega_bots plays QS -> omega_bots wins
  Trick  2: omega_bots leads AH, volt_x plays 10H -> omega_bots wins
  Trick  3: omega_bots leads KC, volt_x plays AC -> volt_x wins
  Trick  4: volt_x leads 10S, omega_bots plays 8C -> volt_x wins
  Trick  5: volt_x leads 9D, omega_bots plays 10D -> omega_bots wins
  Trick  6: omega_bots leads QC, volt_x plays JD -> omega_bots wins
  Trick  7: omega_bots leads JC, volt_x plays JS -> omega_bots wins
  Trick  8: omega_bots leads 10C, volt_x plays JH -> omega_bots wins
  Trick  9: omega_bots leads QD, volt_x plays AD -> volt_x wins
  Trick 10: volt_x leads AS, omega_bots plays KD -> volt_x wins
  Trick 11: volt_x leads KS, omega_bots plays 8D -> volt_x wins
  Trick 12: volt_x leads QH, omega_bots plays 8H -> volt_x wins
  Hand: omega_bots +10 / volt_x +10 (tricks 6-6)
  Match total: omega_bots 71 - 106 volt_x
  Final: omega_bots 71 - 106 volt_x
  Winner: volt_x

============================================================
Game 72
============================================================
Players: volt_x vs omega_bots
Dealer: volt_x  |  Elder: omega_bots
Match scores: 0 - 0
Talon (8): 9C JC QC 7D 9D JD 7S QS
volt_x hand: 8C 10D QD KD 7H QH KH AH 9S 10S JS KS
omega_bots hand: 7C 10C KC AC 8D AD 8H 9H 10H JH 8S AS
  Exchange omega_bots: discard 8D 9H 10H JH 8S -> draw 9C 7D 9D JD QS (talon 3 left)
  Exchange volt_x: discard 8C QD 7H -> draw JC QC 7S (talon 0 left)

--- Phase: declare ---
  Declare point: omega_bots wins 5 pts (('point', 5, 'C'))
  Declare sequence: volt_x wins 3 pts (('sequence', 3, 14, 'H'))
  Declare set: omega_bots wins 3 pts (('set', 3, 14))

--- Phase: tricks ---
  Trick  1: omega_bots leads AS, volt_x plays 7S -> omega_bots wins
  Trick  2: omega_bots leads AC, volt_x plays JC -> omega_bots wins
  Trick  3: omega_bots leads AD, volt_x plays 10D -> omega_bots wins
  Trick  4: omega_bots leads KC, volt_x plays QC -> omega_bots wins
  Trick  5: omega_bots leads QS, volt_x plays KS -> volt_x wins
  Trick  6: volt_x leads QH, omega_bots plays 8H -> volt_x wins
  Trick  7: volt_x leads 9S, omega_bots plays 10C -> volt_x wins
  Trick  8: volt_x leads KH, omega_bots plays 7C -> volt_x wins
  Trick  9: volt_x leads AH, omega_bots plays 7D -> volt_x wins
  Trick 10: volt_x leads KD, omega_bots plays JD -> volt_x wins
  Trick 11: volt_x leads JS, omega_bots plays 9C -> volt_x wins
  Trick 12: volt_x leads 10S, omega_bots plays 9D -> volt_x wins
  Hand: volt_x +22 / omega_bots +12 (tricks 8-4)
  Match total: volt_x 22 - 12 omega_bots
Players: volt_x vs omega_bots
Dealer: omega_bots  |  Elder: volt_x
Match scores: 22 - 12
Talon (8): KC KD 8H QH KH 7S 8S QS
volt_x hand: 7C 8C 9C 10C AC 9D JD QD AD 10S KS AS
omega_bots hand: JC QC 7D 8D 10D 7H 9H 10H JH AH 9S JS
  Exchange volt_x: discard 9D JD QD 10S KS -> draw KD 8H 7S 8S QS (talon 3 left)
  Exchange omega_bots: discard 7D 8D 9S -> draw KC QH KH (talon 0 left)

--- Phase: declare ---
  Declare point: omega_bots wins 7 pts (('point', 7, 'H'))
  Declare sequence: omega_bots wins 11 pts (('sequence', 6, 14, 'H'))
  Declare set: volt_x wins 3 pts (('set', 3, 14))

--- Phase: tricks ---
  Trick  1: volt_x leads 7C, omega_bots plays JC -> omega_bots wins
  Trick  2: omega_bots leads AH, volt_x plays 8H -> omega_bots wins
  Trick  3: omega_bots leads KC, volt_x plays AC -> volt_x wins
  Trick  4: volt_x leads 7S, omega_bots plays JS -> omega_bots wins
  Trick  5: omega_bots leads KH, volt_x plays 8C -> omega_bots wins
  Trick  6: omega_bots leads 9H, volt_x plays 8S -> omega_bots wins
  Trick  7: omega_bots leads 10D, volt_x plays KD -> volt_x wins
  Trick  8: volt_x leads 9C, omega_bots plays QC -> omega_bots wins
  Trick  9: omega_bots leads 10H, volt_x plays 10C -> omega_bots wins
  Trick 10: omega_bots leads JH, volt_x plays QS -> omega_bots wins
  Trick 11: omega_bots leads 7H, volt_x plays AD -> omega_bots wins
  Trick 12: omega_bots leads QH, volt_x plays AS -> omega_bots wins
  Hand: volt_x +5 / omega_bots +39 (tricks 2-10)
  Match total: volt_x 27 - 51 omega_bots
Players: volt_x vs omega_bots
Dealer: volt_x  |  Elder: omega_bots
Match scores: 27 - 51
Talon (8): 7C 9C JC 9D JH QH KH 7S
volt_x hand: AC 8D JD QD 7H 8H 9H AH 9S JS QS KS
omega_bots hand: 8C 10C QC KC 7D 10D KD AD 10H 8S 10S AS
  Exchange omega_bots: discard 8C KC 8S -> draw 9D QH KH (talon 5 left)
  Exchange volt_x: discard 8D JD 7H 8H 9H -> draw 7C 9C JC JH 7S (talon 0 left)

--- Phase: declare ---
  Declare point: omega_bots wins 5 pts (('point', 5, 'D'))
  Declare sequence: volt_x wins 3 pts (('sequence', 3, 13, 'S'))
  Declare set: volt_x wins 3 pts (('set', 3, 11))

--- Phase: tricks ---
  Trick  1: omega_bots leads AD, volt_x plays QD -> omega_bots wins
  Trick  2: omega_bots leads AS, volt_x plays 7S -> omega_bots wins
  Trick  3: omega_bots leads KD, volt_x plays 7C -> omega_bots wins
  Trick  4: omega_bots leads KH, volt_x plays AH -> volt_x wins
  Trick  5: volt_x leads 9S, omega_bots plays 10S -> omega_bots wins
  Trick  6: omega_bots leads 10C, volt_x plays JC -> volt_x wins
  Trick  7: volt_x leads JS, omega_bots plays 10H -> volt_x wins
  Trick  8: volt_x leads QS, omega_bots plays 7D -> volt_x wins
  Trick  9: volt_x leads AC, omega_bots plays QC -> volt_x wins
  Trick 10: volt_x leads KS, omega_bots plays 10D -> volt_x wins
  Trick 11: volt_x leads JH, omega_bots plays QH -> omega_bots wins
  Trick 12: omega_bots leads 9D, volt_x plays 9C -> omega_bots wins
  Hand: volt_x +12 / omega_bots +12 (tricks 6-6)
  Match total: volt_x 39 - 63 omega_bots
Players: volt_x vs omega_bots
Dealer: omega_bots  |  Elder: volt_x
Match scores: 39 - 63
Talon (8): 7C 8D 10D AD AH JS QS AS
volt_x hand: JC AC 9D JD KD 7H 8H 9H 10H JH QH 7S
omega_bots hand: 8C 9C 10C QC KC 7D QD KH 8S 9S 10S KS
  Exchange volt_x: discard JC AC 9D KD 7S -> draw 7C AD AH JS QS (talon 3 left)
  Exchange omega_bots: discard QD 8S 10S -> draw 8D 10D AS (talon 0 left)

--- Phase: declare ---
  Declare point: volt_x wins 7 pts (('point', 7, 'H'))
  Declare sequence: volt_x wins 11 pts (('sequence', 6, 12, 'H'))
  Declare set: omega_bots wins 3 pts (('set', 3, 13))

--- Phase: tricks ---
  Trick  1: volt_x leads 7H, omega_bots plays KH -> omega_bots wins
  Trick  2: omega_bots leads AS, volt_x plays JS -> omega_bots wins
  Trick  3: omega_bots leads KS, volt_x plays QS -> omega_bots wins
  Trick  4: omega_bots leads KC, volt_x plays 7C -> omega_bots wins
  Trick  5: omega_bots leads QC, volt_x plays 8H -> omega_bots wins
  Trick  6: omega_bots leads 7D, volt_x plays JD -> volt_x wins
  Trick  7: volt_x leads 9H, omega_bots plays 10C -> volt_x wins
  Trick  8: volt_x leads 10H, omega_bots plays 9S -> volt_x wins
  Trick  9: volt_x leads AD, omega_bots plays 8D -> volt_x wins
  Trick 10: volt_x leads AH, omega_bots plays 9C -> volt_x wins
  Trick 11: volt_x leads QH, omega_bots plays 8C -> volt_x wins
  Trick 12: volt_x leads JH, omega_bots plays 10D -> volt_x wins
  Hand: volt_x +36 / omega_bots +8 (tricks 7-5)
  Match total: volt_x 75 - 71 omega_bots
Players: volt_x vs omega_bots
Dealer: volt_x  |  Elder: omega_bots
Match scores: 75 - 71
Talon (8): JC AC 8H 9H AH 7S 9S AS
volt_x hand: 8C 9C QC 7D 8D 9D 10D QD KD AD JH QS
omega_bots hand: 7C 10C KC JD 7H 10H QH KH 8S 10S JS KS
  Exchange omega_bots: discard 7C JD 7H 8S 10S -> draw 8H 9H AH 7S 9S (talon 3 left)
  Exchange volt_x: discard 8C 9C JH -> draw JC AC AS (talon 0 left)

--- Phase: declare ---
  Declare point: volt_x wins 7 pts (('point', 7, 'D'))
  Declare sequence: volt_x wins 4 pts (('sequence', 4, 10, 'D'))
  Declare set: volt_x wins 3 pts (('set', 3, 14))

--- Phase: tricks ---
  Trick  1: omega_bots leads AH, volt_x plays 7D -> omega_bots wins
  Trick  2: omega_bots leads KH, volt_x plays 8D -> omega_bots wins
  Trick  3: omega_bots leads KS, volt_x plays AS -> volt_x wins
  Trick  4: volt_x leads 9D, omega_bots plays 7S -> volt_x wins
  Trick  5: volt_x leads 10D, omega_bots plays 8H -> volt_x wins
  Trick  6: volt_x leads QD, omega_bots plays 10H -> volt_x wins
  Trick  7: volt_x leads JC, omega_bots plays 10C -> volt_x wins
  Trick  8: volt_x leads QC, omega_bots plays KC -> omega_bots wins
  Trick  9: omega_bots leads QH, volt_x plays QS -> omega_bots wins
  Trick 10: omega_bots leads JS, volt_x plays KD -> omega_bots wins
  Trick 11: omega_bots leads 9S, volt_x plays AD -> omega_bots wins
  Trick 12: omega_bots leads 9H, volt_x plays AC -> omega_bots wins
  Hand: volt_x +19 / omega_bots +18 (tricks 5-7)
  Match total: volt_x 94 - 89 omega_bots
Players: volt_x vs omega_bots
Dealer: omega_bots  |  Elder: volt_x
Match scores: 94 - 89
Talon (8): 8C AC JD QD AD 9H 7S KS
volt_x hand: 9C QC 9D 10D KD 7H JH KH 8S 10S QS AS
omega_bots hand: 7C 10C JC KC 7D 8D 8H 10H QH AH 9S JS
  Exchange volt_x: discard 9C 9D 10D 7H JH -> draw JD QD 9H 7S KS (talon 3 left)
  Exchange omega_bots: discard 7C 7D 9S -> draw 8C AC AD (talon 0 left)

--- Phase: declare ---
  Declare point: volt_x wins 6 pts (('point', 6, 'S'))
  Declare sequence: volt_x wins 3 pts (('sequence', 3, 14, 'S'))
  Declare set: omega_bots wins 3 pts (('set', 3, 14))

--- Phase: tricks ---
  Trick  1: volt_x leads 7S, omega_bots plays JS -> omega_bots wins
  Trick  2: omega_bots leads AH, volt_x plays 9H -> omega_bots wins
  Trick  3: omega_bots leads AD, volt_x plays JD -> omega_bots wins
  Trick  4: omega_bots leads AC, volt_x plays QC -> omega_bots wins
  Trick  5: omega_bots leads KC, volt_x plays 8S -> omega_bots wins
  Trick  6: omega_bots leads 10H, volt_x plays KH -> volt_x wins
  Trick  7: volt_x leads 10S, omega_bots plays 8D -> volt_x wins
  Trick  8: volt_x leads QS, omega_bots plays JC -> volt_x wins
  Trick  9: volt_x leads AS, omega_bots plays 8H -> volt_x wins
  Trick 10: volt_x leads KD, omega_bots plays QH -> volt_x wins
  Trick 11: volt_x leads KS, omega_bots plays 10C -> volt_x wins
  Trick 12: volt_x leads QD, omega_bots plays 8C -> volt_x wins
  Hand: volt_x +27 / omega_bots +8 (tricks 7-5)
  Match total: volt_x 121 - 97 omega_bots
  Final: volt_x 121 - 97 omega_bots
  Winner: volt_x

============================================================
Game 73
============================================================
Players: omega_bots vs volt_x
Dealer: omega_bots  |  Elder: volt_x
Match scores: 0 - 0
Talon (8): JD KD 7H JH QH 7S 8S 9S
omega_bots hand: 10C JC QC 8D 10D AD 9H 10H KH AH QS AS
volt_x hand: 7C 8C 9C KC AC 7D 9D QD 8H 10S JS KS
  Exchange volt_x: discard 7D 9D 8H 10S JS -> draw JD KD QH 7S 8S (talon 3 left)
  Exchange omega_bots: discard 8D 9H 10H -> draw 7H JH 9S (talon 0 left)

--- Phase: declare ---
  Declare point: volt_x wins 5 pts (('point', 5, 'C'))
  Declare sequence: volt_x wins 3 pts (('sequence', 3, 13, 'D'))
  Declare set: omega_bots wins 3 pts (('set', 3, 14))

--- Phase: tricks ---
  Trick  1: volt_x leads 7C, omega_bots plays 10C -> omega_bots wins
  Trick  2: omega_bots leads AD, volt_x plays JD -> omega_bots wins
  Trick  3: omega_bots leads AS, volt_x plays 7S -> omega_bots wins
  Trick  4: omega_bots leads AH, volt_x plays QH -> omega_bots wins
  Trick  5: omega_bots leads KH, volt_x plays 8C -> omega_bots wins
  Trick  6: omega_bots leads JC, volt_x plays KC -> volt_x wins
  Trick  7: volt_x leads 8S, omega_bots plays QS -> omega_bots wins
  Trick  8: omega_bots leads QC, volt_x plays AC -> volt_x wins
  Trick  9: volt_x leads KS, omega_bots plays 9S -> volt_x wins
  Trick 10: volt_x leads KD, omega_bots plays 10D -> volt_x wins
  Trick 11: volt_x leads QD, omega_bots plays 7H -> volt_x wins
  Trick 12: volt_x leads 9C, omega_bots plays JH -> volt_x wins
  Hand: omega_bots +9 / volt_x +15 (tricks 6-6)
  Match total: omega_bots 9 - 15 volt_x
Players: omega_bots vs volt_x
Dealer: volt_x  |  Elder: omega_bots
Match scores: 9 - 15
Talon (8): 7C 8C KC 10D JH 7S QS KS
omega_bots hand: 9C 10C AC 8D 9D JD 8H 10H QH 9S 10S AS
volt_x hand: JC QC 7D QD KD AD 7H 9H KH AH 8S JS
  Exchange omega_bots: discard 9C 8D 8H 9S -> draw 10D JH QS KS (talon 4 left)
  Exchange volt_x: discard JC 7H 9H 8S -> draw 7C 8C KC 7S (talon 0 left)

--- Phase: declare ---
  Declare point: omega_bots wins 4 pts (('point', 4, 'S'))
  Declare set: volt_x wins 3 pts (('set', 3, 13))

--- Phase: tricks ---
  Trick  1: omega_bots leads AC, volt_x plays 7C -> omega_bots wins
  Trick  2: omega_bots leads AS, volt_x plays 7S -> omega_bots wins
  Trick  3: omega_bots leads KS, volt_x plays JS -> omega_bots wins
  Trick  4: omega_bots leads QH, volt_x plays KH -> volt_x wins
  Trick  5: volt_x leads 7D, omega_bots plays 9D -> omega_bots wins
  Trick  6: omega_bots leads 10S, volt_x plays 8C -> omega_bots wins
  Trick  7: omega_bots leads 10H, volt_x plays AH -> volt_x wins
  Trick  8: volt_x leads QD, omega_bots plays JD -> volt_x wins
  Trick  9: volt_x leads AD, omega_bots plays 10D -> volt_x wins
  Trick 10: volt_x leads KD, omega_bots plays 10C -> volt_x wins
  Trick 11: volt_x leads KC, omega_bots plays QS -> volt_x wins
  Trick 12: volt_x leads QC, omega_bots plays JH -> volt_x wins
  Hand: omega_bots +9 / volt_x +21 (tricks 5-7)
  Match total: omega_bots 18 - 36 volt_x
Players: omega_bots vs volt_x
Dealer: omega_bots  |  Elder: volt_x
Match scores: 18 - 36
Talon (8): 7C JC 7H 8H 9H 8S 9S AS
omega_bots hand: 10C KC AC 8D KD AD 10H JH QH KH 10S QS
volt_x hand: 8C 9C QC 7D 9D 10D JD QD AH 7S JS KS
  Exchange volt_x: discard 8C 9C QC 7S JS -> draw 7C 8H 9H 8S 9S (talon 3 left)
  Exchange omega_bots: discard 10C 8D 10S -> draw JC 7H AS (talon 0 left)

--- Phase: declare ---
  Declare point: omega_bots wins 5 pts (('point', 5, 'H'))
  Declare sequence: omega_bots wins 4 pts (('sequence', 4, 13, 'H'))
  Declare set: omega_bots wins 3 pts (('set', 3, 14))

--- Phase: tricks ---
  Trick  1: volt_x leads 7D, omega_bots plays KD -> omega_bots wins
  Trick  2: omega_bots leads AD, volt_x plays 9D -> omega_bots wins
  Trick  3: omega_bots leads AC, volt_x plays 7C -> omega_bots wins
  Trick  4: omega_bots leads AS, volt_x plays 8S -> omega_bots wins
  Trick  5: omega_bots leads KH, volt_x plays AH -> volt_x wins
  Trick  6: volt_x leads 10D, omega_bots plays JH -> volt_x wins
  Trick  7: volt_x leads JD, omega_bots plays QS -> volt_x wins
  Trick  8: volt_x leads 9S, omega_bots plays 10H -> volt_x wins
  Trick  9: volt_x leads KS, omega_bots plays KC -> volt_x wins
  Trick 10: volt_x leads QD, omega_bots plays QH -> volt_x wins
  Trick 11: volt_x leads 9H, omega_bots plays 7H -> volt_x wins
  Trick 12: volt_x leads 8H, omega_bots plays JC -> volt_x wins
  Hand: omega_bots +16 / volt_x +19 (tricks 4-8)
  Match total: omega_bots 34 - 55 volt_x
Players: omega_bots vs volt_x
Dealer: volt_x  |  Elder: omega_bots
Match scores: 34 - 55
Talon (8): 7D 9D QD KD JH AH 9S JS
omega_bots hand: JC KC AC 10D JD 9H KH 7S 8S QS KS AS
volt_x hand: 7C 8C 9C 10C QC 8D AD 7H 8H 10H QH 10S
  Exchange omega_bots: discard 10D JD 9H KH 8S -> draw 7D QD JH AH JS (talon 3 left)
  Exchange volt_x: discard 8D 7H 8H -> draw 9D KD 9S (talon 0 left)

--- Phase: declare ---
  Declare point: omega_bots wins 5 pts (('point', 5, 'S'))
  Declare sequence: omega_bots wins 4 pts (('sequence', 4, 14, 'S'))
  Declare set: omega_bots wins 3 pts (('set', 3, 14))

--- Phase: tricks ---
  Trick  1: omega_bots leads AC, volt_x plays 7C -> omega_bots wins
  Trick  2: omega_bots leads AS, volt_x plays 9S -> omega_bots wins
  Trick  3: omega_bots leads AH, volt_x plays 10H -> omega_bots wins
  Trick  4: omega_bots leads KS, volt_x plays 10S -> omega_bots wins
  Trick  5: omega_bots leads KC, volt_x plays 8C -> omega_bots wins
  Trick  6: omega_bots leads QS, volt_x plays 9C -> omega_bots wins
  Trick  7: omega_bots leads JC, volt_x plays QC -> volt_x wins
  Trick  8: volt_x leads 9D, omega_bots plays 7D -> volt_x wins
  Trick  9: volt_x leads AD, omega_bots plays QD -> volt_x wins
  Trick 10: volt_x leads KD, omega_bots plays 7S -> volt_x wins
  Trick 11: volt_x leads QH, omega_bots plays JH -> volt_x wins
  Trick 12: volt_x leads 10C, omega_bots plays JS -> volt_x wins
  Hand: omega_bots +18 / volt_x +7 (tricks 6-6)
  Match total: omega_bots 52 - 62 volt_x
Players: omega_bots vs volt_x
Dealer: omega_bots  |  Elder: volt_x
Match scores: 52 - 62
Talon (8): JC QC KC 7D QD 9H JS QS
omega_bots hand: 7C 10C AC 8D 10D KD AD 8H 10H KH 8S KS
volt_x hand: 8C 9C 9D JD 7H JH QH AH 7S 9S 10S AS
  Exchange volt_x: discard 8C 9C 9D 7S 9S -> draw QC 7D QD 9H QS (talon 3 left)
  Exchange omega_bots: discard 8H 10H 8S -> draw JC KC JS (talon 0 left)

--- Phase: declare ---
  Declare point: omega_bots wins 5 pts (('point', 5, 'C'))
  Declare set: omega_bots wins 14 pts (('set', 4, 13))

--- Phase: tricks ---
  Trick  1: volt_x leads 7H, omega_bots plays KH -> omega_bots wins
  Trick  2: omega_bots leads AC, volt_x plays QC -> omega_bots wins
  Trick  3: omega_bots leads AD, volt_x plays 7D -> omega_bots wins
  Trick  4: omega_bots leads KS, volt_x plays AS -> volt_x wins
  Trick  5: volt_x leads 9H, omega_bots plays 7C -> volt_x wins
  Trick  6: volt_x leads JH, omega_bots plays 8D -> volt_x wins
  Trick  7: volt_x leads QH, omega_bots plays 10C -> volt_x wins
  Trick  8: volt_x leads JD, omega_bots plays 10D -> volt_x wins
  Trick  9: volt_x leads AH, omega_bots plays KD -> volt_x wins
  Trick 10: volt_x leads QD, omega_bots plays JS -> volt_x wins
  Trick 11: volt_x leads QS, omega_bots plays KC -> volt_x wins
  Trick 12: volt_x leads 10S, omega_bots plays JC -> volt_x wins
  Hand: omega_bots +22 / volt_x +20 (tricks 3-9)
  Match total: omega_bots 74 - 82 volt_x
Players: omega_bots vs volt_x
Dealer: volt_x  |  Elder: omega_bots
Match scores: 74 - 82
Talon (8): KC 10H JH KH AH 9S KS AS
omega_bots hand: 10C JC QC AC 7D 10D JD KD 9H QH 8S QS
volt_x hand: 7C 8C 9C 8D 9D QD AD 7H 8H 7S 10S JS
  Exchange omega_bots: discard 7D 10D JD KD 9H -> draw KC 10H KH AH KS (talon 3 left)
  Exchange volt_x: discard 7H 8H 7S -> draw JH 9S AS (talon 0 left)

--- Phase: declare ---
  Declare point: omega_bots wins 5 pts (('point', 5, 'C'))
  Declare sequence: omega_bots wins 10 pts (('sequence', 5, 14, 'C'))
  Declare set: omega_bots wins 3 pts (('set', 3, 13))

--- Phase: tricks ---
  Trick  1: omega_bots leads AC, volt_x plays 7C -> omega_bots wins
  Trick  2: omega_bots leads AH, volt_x plays JH -> omega_bots wins
  Trick  3: omega_bots leads KH, volt_x plays 8D -> omega_bots wins
  Trick  4: omega_bots leads KS, volt_x plays AS -> volt_x wins
  Trick  5: volt_x leads 9D, omega_bots plays 8S -> volt_x wins
  Trick  6: volt_x leads 9S, omega_bots plays QS -> omega_bots wins
  Trick  7: omega_bots leads JC, volt_x plays 8C -> omega_bots wins
  Trick  8: omega_bots leads QH, volt_x plays 9C -> omega_bots wins
  Trick  9: omega_bots leads 10C, volt_x plays 10S -> omega_bots wins
  Trick 10: omega_bots leads QC, volt_x plays JS -> omega_bots wins
  Trick 11: omega_bots leads 10H, volt_x plays QD -> omega_bots wins
  Trick 12: omega_bots leads KC, volt_x plays AD -> omega_bots wins
  Hand: omega_bots +39 / volt_x +2 (tricks 10-2)
  Match total: omega_bots 113 - 84 volt_x
  Final: omega_bots 113 - 84 volt_x
  Winner: omega_bots

============================================================
Game 74
============================================================
Players: volt_x vs omega_bots
Dealer: volt_x  |  Elder: omega_bots
Match scores: 0 - 0
Talon (8): 7C JD 7H 9H AH 8S 10S AS
volt_x hand: 9C 10C QC 9D QD KD AD 8H JH QH QS KS
omega_bots hand: 8C JC KC AC 7D 8D 10D 10H KH 7S 9S JS
  Exchange omega_bots: discard 7D 8D 7S 9S JS -> draw 7H 9H 8S 10S AS (talon 3 left)
  Exchange volt_x: discard 9C 8H JH -> draw 7C JD AH (talon 0 left)

--- Phase: declare ---
  Declare point: volt_x wins 5 pts (('point', 5, 'D'))
  Declare sequence: volt_x wins 4 pts (('sequence', 4, 14, 'D'))
  Declare set: volt_x wins 14 pts (('set', 4, 12))

--- Phase: tricks ---
  Trick  1: omega_bots leads AC, volt_x plays 7C -> omega_bots wins
  Trick  2: omega_bots leads AS, volt_x plays QS -> omega_bots wins
  Trick  3: omega_bots leads KH, volt_x plays AH -> volt_x wins
  Trick  4: volt_x leads 9D, omega_bots plays 10D -> omega_bots wins
  Trick  5: omega_bots leads KC, volt_x plays 10C -> omega_bots wins
  Trick  6: omega_bots leads 8C, volt_x plays QC -> volt_x wins
  Trick  7: volt_x leads JD, omega_bots plays JC -> volt_x wins
  Trick  8: volt_x leads QD, omega_bots plays 10H -> volt_x wins
  Trick  9: volt_x leads AD, omega_bots plays 9H -> volt_x wins
  Trick 10: volt_x leads KS, omega_bots plays 10S -> volt_x wins
  Trick 11: volt_x leads KD, omega_bots plays 7H -> volt_x wins
  Trick 12: volt_x leads QH, omega_bots plays 8S -> volt_x wins
  Hand: volt_x +42 / omega_bots +4 (tricks 8-4)
  Match total: volt_x 42 - 4 omega_bots
Players: volt_x vs omega_bots
Dealer: omega_bots  |  Elder: volt_x
Match scores: 42 - 4
Talon (8): 8C 9C AC QD AD JH 9S JS
volt_x hand: 10C JC KC JD 7H 8H 9H 10H QH AH 10S KS
omega_bots hand: 7C QC 7D 8D 9D 10D KD KH 7S 8S QS AS
  Exchange volt_x: discard JC KC JD QH KS -> draw AC QD AD JH 9S (talon 3 left)
  Exchange omega_bots: discard 7C 7S 8S -> draw 8C 9C JS (talon 0 left)

--- Phase: declare ---
  Declare point: volt_x wins 6 pts (('point', 6, 'H'))
  Declare sequence: volt_x wins 10 pts (('sequence', 5, 11, 'H'))
  Declare set: volt_x wins 3 pts (('set', 3, 14))

--- Phase: tricks ---
  Trick  1: volt_x leads 7H, omega_bots plays KH -> omega_bots wins
  Trick  2: omega_bots leads AS, volt_x plays 9S -> omega_bots wins
  Trick  3: omega_bots leads KD, volt_x plays AD -> volt_x wins
  Trick  4: volt_x leads 8H, omega_bots plays 7D -> volt_x wins
  Trick  5: volt_x leads 9H, omega_bots plays 8D -> volt_x wins
  Trick  6: volt_x leads 10H, omega_bots plays 9D -> volt_x wins
  Trick  7: volt_x leads 10C, omega_bots plays 8C -> volt_x wins
  Trick  8: volt_x leads JH, omega_bots plays 10D -> volt_x wins
  Trick  9: volt_x leads AH, omega_bots plays QC -> volt_x wins
  Trick 10: volt_x leads AC, omega_bots plays 9C -> volt_x wins
  Trick 11: volt_x leads QD, omega_bots plays QS -> volt_x wins
  Trick 12: volt_x leads 10S, omega_bots plays JS -> omega_bots wins
  Hand: volt_x +38 / omega_bots +4 (tricks 9-3)
  Match total: volt_x 80 - 8 omega_bots
Players: volt_x vs omega_bots
Dealer: volt_x  |  Elder: omega_bots
Match scores: 80 - 8
Talon (8): 10C QC KC AC AD JH KH AH
volt_x hand: 7C 9C 8D JD QD KD 7H 8H 7S 9S 10S KS
omega_bots hand: 8C JC 7D 9D 10D 9H 10H QH 8S JS QS AS
  Exchange omega_bots: discard 8C 9D 10D 9H 10H -> draw 10C QC AC AD JH (talon 3 left)
  Exchange volt_x: discard 7C 7H 7S -> draw KC KH AH (talon 0 left)

--- Phase: declare ---
  Declare point: omega_bots wins 4 pts (('point', 4, 'C'))
  Declare sequence: volt_x wins 3 pts (('sequence', 3, 13, 'D'))
  Declare set: omega_bots wins 3 pts (('set', 3, 14))

--- Phase: tricks ---
  Trick  1: omega_bots leads AS, volt_x plays 9S -> omega_bots wins
  Trick  2: omega_bots leads AC, volt_x plays 9C -> omega_bots wins
  Trick  3: omega_bots leads AD, volt_x plays 8D -> omega_bots wins
  Trick  4: omega_bots leads QH, volt_x plays KH -> volt_x wins
  Trick  5: volt_x leads JD, omega_bots plays 7D -> volt_x wins
  Trick  6: volt_x leads 10S, omega_bots plays 8S -> volt_x wins
  Trick  7: volt_x leads 8H, omega_bots plays JH -> omega_bots wins
  Trick  8: omega_bots leads JC, volt_x plays KC -> volt_x wins
  Trick  9: volt_x leads AH, omega_bots plays JS -> volt_x wins
  Trick 10: volt_x leads KS, omega_bots plays QS -> volt_x wins
  Trick 11: volt_x leads KD, omega_bots plays 10C -> volt_x wins
  Trick 12: volt_x leads QD, omega_bots plays QC -> volt_x wins
  Hand: volt_x +22 / omega_bots +11 (tricks 8-4)
  Match total: volt_x 102 - 19 omega_bots
  Final: volt_x 102 - 19 omega_bots
  Winner: volt_x

============================================================
Game 75
============================================================
Players: omega_bots vs volt_x
Dealer: omega_bots  |  Elder: volt_x
Match scores: 0 - 0
Talon (8): JC KC JD JH 8S 9S 10S JS
omega_bots hand: 7C 9C 10C 8D 9D QD 7H 8H 9H KH AH AS
volt_x hand: 8C QC AC 7D 10D KD AD 10H QH 7S QS KS
  Exchange volt_x: discard 8C AC 10H 7S KS -> draw JC KC JD JH JS (talon 3 left)
  Exchange omega_bots: discard 9C 10C 8D -> draw 8S 9S 10S (talon 0 left)

--- Phase: declare ---
  Declare point: volt_x wins 5 pts (('point', 5, 'D'))
  Declare sequence: volt_x wins 3 pts (('sequence', 3, 13, 'C'))
  Declare set: volt_x wins 3 pts (('set', 3, 12))

--- Phase: tricks ---
  Trick  1: volt_x leads 7D, omega_bots plays 9D -> omega_bots wins
  Trick  2: omega_bots leads AH, volt_x plays JH -> omega_bots wins
  Trick  3: omega_bots leads AS, volt_x plays JS -> omega_bots wins
  Trick  4: omega_bots leads KH, volt_x plays QH -> omega_bots wins
  Trick  5: omega_bots leads QD, volt_x plays KD -> volt_x wins
  Trick  6: volt_x leads 10D, omega_bots plays 7C -> volt_x wins
  Trick  7: volt_x leads JC, omega_bots plays 8H -> volt_x wins
  Trick  8: volt_x leads QC, omega_bots plays 7H -> volt_x wins
  Trick  9: volt_x leads AD, omega_bots plays 9H -> volt_x wins
  Trick 10: volt_x leads KC, omega_bots plays 8S -> volt_x wins
  Trick 11: volt_x leads QS, omega_bots plays 10S -> volt_x wins
  Trick 12: volt_x leads JD, omega_bots plays 9S -> volt_x wins
  Hand: omega_bots +4 / volt_x +30 (tricks 4-8)
  Match total: omega_bots 4 - 30 volt_x
Players: omega_bots vs volt_x
Dealer: volt_x  |  Elder: omega_bots
Match scores: 4 - 30
Talon (8): 7C 8C QC KC 7D 9D KH AS
omega_bots hand: 10C JC AC 8D QD AD 7H 8H JH 7S 9S JS
volt_x hand: 9C 10D JD KD 9H 10H QH AH 8S 10S QS KS
  Exchange omega_bots: discard 8D AD 7H 7S 9S -> draw QC KC 9D KH AS (talon 3 left)
  Exchange volt_x: discard 9C JD 8S -> draw 7C 8C 7D (talon 0 left)

--- Phase: declare ---
  Declare point: omega_bots wins 5 pts (('point', 5, 'C'))
  Declare sequence: omega_bots wins 10 pts (('sequence', 5, 14, 'C'))
  Declare set: omega_bots wins 3 pts (('set', 3, 11))

--- Phase: tricks ---
  Trick  1: omega_bots leads AC, volt_x plays 7C -> omega_bots wins
  Trick  2: omega_bots leads AS, volt_x plays 10S -> omega_bots wins
  Trick  3: omega_bots leads KC, volt_x plays 8C -> omega_bots wins
  Trick  4: omega_bots leads KH, volt_x plays AH -> volt_x wins
  Trick  5: volt_x leads 9H, omega_bots plays JH -> omega_bots wins
  Trick  6: omega_bots leads 8H, volt_x plays 10H -> volt_x wins
  Trick  7: volt_x leads 7D, omega_bots plays QD -> omega_bots wins
  Trick  8: omega_bots leads 10C, volt_x plays 10D -> omega_bots wins
  Trick  9: omega_bots leads JS, volt_x plays QS -> volt_x wins
  Trick 10: volt_x leads KD, omega_bots plays 9D -> volt_x wins
  Trick 11: volt_x leads KS, omega_bots plays JC -> volt_x wins
  Trick 12: volt_x leads QH, omega_bots plays QC -> volt_x wins
  Hand: omega_bots +24 / volt_x +7 (tricks 6-6)
  Match total: omega_bots 28 - 37 volt_x
Players: omega_bots vs volt_x
Dealer: omega_bots  |  Elder: volt_x
Match scores: 28 - 37
Talon (8): 7C JC 10D AD QH KH 10S AS
omega_bots hand: 8C 9C QC AC KD 7H 9H 10H JH AH 8S KS
volt_x hand: 10C KC 7D 8D 9D JD QD 8H 7S 9S JS QS
  Exchange volt_x: discard 8H 7S 9S JS QS -> draw 7C 10D AD QH AS (talon 3 left)
  Exchange omega_bots: discard 8C 9C 8S -> draw JC KH 10S (talon 0 left)

--- Phase: declare ---
  Declare point: volt_x wins 7 pts (('point', 7, 'D'))
  Declare sequence: volt_x wins 11 pts (('sequence', 6, 12, 'D'))
  Declare set: omega_bots wins 3 pts (('set', 3, 13))

--- Phase: tricks ---
  Trick  1: volt_x leads 7D, omega_bots plays KD -> omega_bots wins
  Trick  2: omega_bots leads AC, volt_x plays 7C -> omega_bots wins
  Trick  3: omega_bots leads AH, volt_x plays QH -> omega_bots wins
  Trick  4: omega_bots leads KS, volt_x plays AS -> volt_x wins
  Trick  5: volt_x leads 8D, omega_bots plays 7H -> volt_x wins
  Trick  6: volt_x leads 9D, omega_bots plays 10H -> volt_x wins
  Trick  7: volt_x leads 10D, omega_bots plays JH -> volt_x wins
  Trick  8: volt_x leads JD, omega_bots plays QC -> volt_x wins
  Trick  9: volt_x leads AD, omega_bots plays 9H -> volt_x wins
  Trick 10: volt_x leads KC, omega_bots plays JC -> volt_x wins
  Trick 11: volt_x leads QD, omega_bots plays KH -> volt_x wins
  Trick 12: volt_x leads 10C, omega_bots plays 10S -> volt_x wins
  Hand: omega_bots +6 / volt_x +38 (tricks 3-9)
  Match total: omega_bots 34 - 75 volt_x
Players: omega_bots vs volt_x
Dealer: volt_x  |  Elder: omega_bots
Match scores: 34 - 75
Talon (8): 7C 8C JC 8D 10H 7S 8S QS
omega_bots hand: 9C AC 7D 9D 10D JD AD 7H 9H JH KH 9S
volt_x hand: 10C QC KC QD KD 8H QH AH 10S JS KS AS
  Exchange omega_bots: discard 9C 7H 9H JH 9S -> draw 7C 8C 10H 7S 8S (talon 3 left)
  Exchange volt_x: discard QD 8H QH -> draw JC 8D QS (talon 0 left)

--- Phase: declare ---
  Declare point: volt_x wins 5 pts (('point', 5, 'S'))
  Declare sequence: volt_x wins 10 pts (('sequence', 5, 14, 'S'))
  Declare set: volt_x wins 3 pts (('set', 3, 13))

--- Phase: tricks ---
  Trick  1: omega_bots leads AD, volt_x plays 8D -> omega_bots wins
  Trick  2: omega_bots leads AC, volt_x plays 10C -> omega_bots wins
  Trick  3: omega_bots leads KH, volt_x plays AH -> volt_x wins
  Trick  4: volt_x leads 10S, omega_bots plays 7S -> volt_x wins
  Trick  5: volt_x leads JS, omega_bots plays 8S -> volt_x wins
  Trick  6: volt_x leads JC, omega_bots plays 7C -> volt_x wins
  Trick  7: volt_x leads QS, omega_bots plays 10D -> volt_x wins
  Trick  8: volt_x leads QC, omega_bots plays 8C -> volt_x wins
  Trick  9: volt_x leads AS, omega_bots plays 7D -> volt_x wins
  Trick 10: volt_x leads KD, omega_bots plays 9D -> volt_x wins
  Trick 11: volt_x leads KC, omega_bots plays JD -> volt_x wins
  Trick 12: volt_x leads KS, omega_bots plays 10H -> volt_x wins
  Hand: omega_bots +2 / volt_x +39 (tricks 2-10)
  Match total: omega_bots 36 - 114 volt_x
  Final: omega_bots 36 - 114 volt_x
  Winner: volt_x

============================================================
Game 76
============================================================
Players: volt_x vs omega_bots
Dealer: volt_x  |  Elder: omega_bots
Match scores: 0 - 0
Talon (8): JC KC 7H JH KH 10S JS AS
volt_x hand: 7C 8C 9C 10C 9D 10D QD KD AD 8H 9H 8S
omega_bots hand: QC AC 7D 8D JD 10H QH AH 7S 9S QS KS
  Exchange omega_bots: discard 7D 8D JD 7S 9S -> draw JC JH 10S JS AS (talon 3 left)
  Exchange volt_x: discard 8H 9H 8S -> draw KC 7H KH (talon 0 left)

--- Phase: declare ---
  Declare point: omega_bots wins 5 pts (('point', 5, 'S'))
  Declare sequence: omega_bots wins 10 pts (('sequence', 5, 14, 'S'))
  Declare set: omega_bots wins 3 pts (('set', 3, 14))

--- Phase: tricks ---
  Trick  1: omega_bots leads AH, volt_x plays 7H -> omega_bots wins
  Trick  2: omega_bots leads AC, volt_x plays 7C -> omega_bots wins
  Trick  3: omega_bots leads AS, volt_x plays 8C -> omega_bots wins
  Trick  4: omega_bots leads KS, volt_x plays 9D -> omega_bots wins
  Trick  5: omega_bots leads QH, volt_x plays KH -> volt_x wins
  Trick  6: volt_x leads 10D, omega_bots plays 10H -> volt_x wins
  Trick  7: volt_x leads 9C, omega_bots plays QC -> omega_bots wins
  Trick  8: omega_bots leads QS, volt_x plays 10C -> omega_bots wins
  Trick  9: omega_bots leads JH, volt_x plays QD -> omega_bots wins
  Trick 10: omega_bots leads JS, volt_x plays KD -> omega_bots wins
  Trick 11: omega_bots leads 10S, volt_x plays KC -> omega_bots wins
  Trick 12: omega_bots leads JC, volt_x plays AD -> omega_bots wins
  Hand: volt_x +2 / omega_bots +39 (tricks 2-10)
  Match total: volt_x 2 - 39 omega_bots
Players: volt_x vs omega_bots
Dealer: omega_bots  |  Elder: volt_x
Match scores: 2 - 39
Talon (8): 8C 9C 10C 7D 10D 7H 8S KS
volt_x hand: 7C KC 9D JD AD 8H 10H JH KH AH JS QS
omega_bots hand: JC QC AC 8D QD KD 9H QH 7S 9S 10S AS
  Exchange volt_x: discard 7C KC 9D AD QS -> draw 8C 10D 7H 8S KS (talon 3 left)
  Exchange omega_bots: discard 8D 9H 7S -> draw 9C 10C 7D (talon 0 left)

--- Phase: declare ---
  Declare point: volt_x wins 6 pts (('point', 6, 'H'))
  Declare sequence: omega_bots wins 4 pts (('sequence', 4, 12, 'C'))
  Declare set: omega_bots wins 3 pts (('set', 3, 12))

--- Phase: tricks ---
  Trick  1: volt_x leads 7H, omega_bots plays QH -> omega_bots wins
  Trick  2: omega_bots leads AS, volt_x plays 8S -> omega_bots wins
  Trick  3: omega_bots leads AC, volt_x plays 8C -> omega_bots wins
  Trick  4: omega_bots leads KD, volt_x plays 10D -> omega_bots wins
  Trick  5: omega_bots leads QD, volt_x plays JD -> omega_bots wins
  Trick  6: omega_bots leads 10S, volt_x plays JS -> volt_x wins
  Trick  7: volt_x leads 8H, omega_bots plays JC -> volt_x wins
  Trick  8: volt_x leads 10H, omega_bots plays 9S -> volt_x wins
  Trick  9: volt_x leads AH, omega_bots plays QC -> volt_x wins
  Trick 10: volt_x leads KH, omega_bots plays 9C -> volt_x wins
  Trick 11: volt_x leads KS, omega_bots plays 10C -> volt_x wins
  Trick 12: volt_x leads JH, omega_bots plays 7D -> volt_x wins
  Hand: volt_x +24 / omega_bots +12 (tricks 7-5)
  Match total: volt_x 26 - 51 omega_bots
Players: volt_x vs omega_bots
Dealer: volt_x  |  Elder: omega_bots
Match scores: 26 - 51
Talon (8): 9C 9D AD KH AH 8S 10S AS
volt_x hand: 7C 8C 10C KC 10D KD 7H 8H 9H 10H 7S QS
omega_bots hand: JC QC AC 7D 8D JD QD JH QH 9S JS KS
  Exchange omega_bots: discard JC 8D JH -> draw 8S 10S AS (talon 5 left)
  Exchange volt_x: discard 7C 8C KD 7S QS -> draw 9C 9D AD KH AH (talon 0 left)

--- Phase: declare ---
  Declare point: omega_bots wins 6 pts (('point', 6, 'S'))
  Declare sequence: omega_bots wins 4 pts (('sequence', 4, 11, 'S'))
  Declare set: omega_bots wins 3 pts (('set', 3, 12))

--- Phase: tricks ---
  Trick  1: omega_bots leads AC, volt_x plays 9C -> omega_bots wins
  Trick  2: omega_bots leads AS, volt_x plays 7H -> omega_bots wins
  Trick  3: omega_bots leads KS, volt_x plays 8H -> omega_bots wins
  Trick  4: omega_bots leads QD, volt_x plays AD -> volt_x wins
  Trick  5: volt_x leads 9H, omega_bots plays QH -> omega_bots wins
  Trick  6: omega_bots leads 9S, volt_x plays 9D -> omega_bots wins
  Trick  7: omega_bots leads JD, volt_x plays 10D -> omega_bots wins
  Trick  8: omega_bots leads QC, volt_x plays KC -> volt_x wins
  Trick  9: volt_x leads AH, omega_bots plays 7D -> volt_x wins
  Trick 10: volt_x leads KH, omega_bots plays JS -> volt_x wins
  Trick 11: volt_x leads 10H, omega_bots plays 8S -> volt_x wins
  Trick 12: volt_x leads 10C, omega_bots plays 10S -> volt_x wins
  Hand: volt_x +7 / omega_bots +19 (tricks 6-6)
  Match total: volt_x 33 - 70 omega_bots
Players: volt_x vs omega_bots
Dealer: omega_bots  |  Elder: volt_x
Match scores: 33 - 70
Talon (8): 8C KC 7D QD 10H QH 10S QS
volt_x hand: 9C JC 8D 10D KD 7H 9H JH AH 7S JS AS
omega_bots hand: 7C 10C QC AC 9D JD AD 8H KH 8S 9S KS
  Exchange volt_x: discard 9C 8D 10D KD 7S -> draw KC 7D QD 10H 10S (talon 3 left)
  Exchange omega_bots: discard 10C 9D 8H -> draw 8C QH QS (talon 0 left)

--- Phase: declare ---
  Declare point: volt_x wins 5 pts (('point', 5, 'H'))
  Declare sequence: volt_x wins 3 pts (('sequence', 3, 11, 'H'))
  Declare set: omega_bots wins 3 pts (('set', 3, 12))

--- Phase: tricks ---
  Trick  1: volt_x leads 7H, omega_bots plays QH -> omega_bots wins
  Trick  2: omega_bots leads AC, volt_x plays JC -> omega_bots wins
  Trick  3: omega_bots leads AD, volt_x plays 7D -> omega_bots wins
  Trick  4: omega_bots leads KH, volt_x plays AH -> volt_x wins
  Trick  5: volt_x leads 10S, omega_bots plays QS -> omega_bots wins
  Trick  6: omega_bots leads 7C, volt_x plays KC -> volt_x wins
  Trick  7: volt_x leads 9H, omega_bots plays QC -> volt_x wins
  Trick  8: volt_x leads JS, omega_bots plays 9S -> volt_x wins
  Trick  9: volt_x leads AS, omega_bots plays KS -> volt_x wins
  Trick 10: volt_x leads QD, omega_bots plays JD -> volt_x wins
  Trick 11: volt_x leads JH, omega_bots plays 8S -> volt_x wins
  Trick 12: volt_x leads 10H, omega_bots plays 8C -> volt_x wins
  Hand: volt_x +27 / omega_bots +7 (tricks 8-4)
  Match total: volt_x 60 - 77 omega_bots
Players: volt_x vs omega_bots
Dealer: volt_x  |  Elder: omega_bots
Match scores: 60 - 77
Talon (8): KC 9H JH 8S 10S JS QS KS
volt_x hand: JC QC 7D 8D KD 8H 10H KH AH 7S 9S AS
omega_bots hand: 7C 8C 9C 10C AC 9D 10D JD QD AD 7H QH
  Exchange omega_bots: discard 8C 9C 10C 7H -> draw JH 10S JS QS (talon 4 left)
  Exchange volt_x: discard 7D 8D 7S 9S -> draw KC 9H 8S KS (talon 0 left)

--- Phase: declare ---
  Declare point: omega_bots wins 5 pts (('point', 5, 'D'))
  Declare sequence: omega_bots wins 4 pts (('sequence', 4, 12, 'D'))
  Declare set: volt_x wins 14 pts (('set', 4, 13))

--- Phase: tricks ---
  Trick  1: omega_bots leads AD, volt_x plays KD -> omega_bots wins
  Trick  2: omega_bots leads AC, volt_x plays JC -> omega_bots wins
  Trick  3: omega_bots leads QD, volt_x plays 8H -> omega_bots wins
  Trick  4: omega_bots leads QH, volt_x plays KH -> volt_x wins
  Trick  5: volt_x leads 9H, omega_bots plays JH -> omega_bots wins
  Trick  6: omega_bots leads 7C, volt_x plays QC -> volt_x wins
  Trick  7: volt_x leads 8S, omega_bots plays QS -> omega_bots wins
  Trick  8: omega_bots leads 10D, volt_x plays 10H -> omega_bots wins
  Trick  9: omega_bots leads JD, volt_x plays KC -> omega_bots wins
  Trick 10: omega_bots leads 9D, volt_x plays KS -> omega_bots wins
  Trick 11: omega_bots leads JS, volt_x plays AS -> volt_x wins
  Trick 12: volt_x leads AH, omega_bots plays 10S -> volt_x wins
  Hand: volt_x +19 / omega_bots +27 (tricks 4-8)
  Match total: volt_x 79 - 104 omega_bots
  Final: volt_x 79 - 104 omega_bots
  Winner: omega_bots

============================================================
Game 77
============================================================
Players: omega_bots vs volt_x
Dealer: omega_bots  |  Elder: volt_x
Match scores: 0 - 0
Talon (8): 7C KC AC 10D AD QH 8S AS
omega_bots hand: 9C 10C 8D 9D JD KD 9H JH AH 7S JS KS
volt_x hand: 8C JC QC 7D QD 7H 8H 10H KH 9S 10S QS
  Exchange volt_x: discard 8C JC 7D 9S 10S -> draw 7C KC AC QH 8S (talon 3 left)
  Exchange omega_bots: discard 9C 9H 7S -> draw 10D AD AS (talon 0 left)

--- Phase: declare ---
  Declare point: omega_bots wins 6 pts (('point', 6, 'D'))
  Declare sequence: omega_bots wins 4 pts (('sequence', 4, 11, 'D'))
  Declare set: omega_bots wins 3 pts (('set', 3, 14))

--- Phase: tricks ---
  Trick  1: volt_x leads 7H, omega_bots plays JH -> omega_bots wins
  Trick  2: omega_bots leads AH, volt_x plays 8H -> omega_bots wins
  Trick  3: omega_bots leads AS, volt_x plays 8S -> omega_bots wins
  Trick  4: omega_bots leads AD, volt_x plays QD -> omega_bots wins
  Trick  5: omega_bots leads KS, volt_x plays QS -> omega_bots wins
  Trick  6: omega_bots leads 8D, volt_x plays 7C -> omega_bots wins
  Trick  7: omega_bots leads 10C, volt_x plays QC -> volt_x wins
  Trick  8: volt_x leads 10H, omega_bots plays JD -> volt_x wins
  Trick  9: volt_x leads AC, omega_bots plays KD -> volt_x wins
  Trick 10: volt_x leads KH, omega_bots plays JS -> volt_x wins
  Trick 11: volt_x leads KC, omega_bots plays 9D -> volt_x wins
  Trick 12: volt_x leads QH, omega_bots plays 10D -> volt_x wins
  Hand: omega_bots +19 / volt_x +7 (tricks 6-6)
  Match total: omega_bots 19 - 7 volt_x
Players: omega_bots vs volt_x
Dealer: volt_x  |  Elder: omega_bots
Match scores: 19 - 7
Talon (8): 7C 8C 9D KD 7H 8H 7S KS
omega_bots hand: 10C QC 8D JD QD QH KH AH 8S 10S JS QS
volt_x hand: 9C JC KC AC 7D 10D AD 9H 10H JH 9S AS
  Exchange omega_bots: discard 10C 8D JD 8S -> draw 9D KD 8H 7S (talon 4 left)
  Exchange volt_x: discard 9C 7D 10D 9S -> draw 7C 8C 7H KS (talon 0 left)

--- Phase: declare ---
  Declare point: volt_x wins 5 pts (('point', 5, 'C'))
  Declare sequence: omega_bots wins 3 pts (('sequence', 3, 14, 'H'))
  Declare set: volt_x wins 3 pts (('set', 3, 14))

--- Phase: tricks ---
  Trick  1: omega_bots leads AH, volt_x plays 7H -> omega_bots wins
  Trick  2: omega_bots leads KH, volt_x plays 9H -> omega_bots wins
  Trick  3: omega_bots leads KD, volt_x plays AD -> volt_x wins
  Trick  4: volt_x leads 7C, omega_bots plays QC -> omega_bots wins
  Trick  5: omega_bots leads QD, volt_x plays 8C -> omega_bots wins
  Trick  6: omega_bots leads QH, volt_x plays 10H -> omega_bots wins
  Trick  7: omega_bots leads 10S, volt_x plays KS -> volt_x wins
  Trick  8: volt_x leads JC, omega_bots plays JS -> volt_x wins
  Trick  9: volt_x leads AC, omega_bots plays QS -> volt_x wins
  Trick 10: volt_x leads AS, omega_bots plays 7S -> volt_x wins
  Trick 11: volt_x leads KC, omega_bots plays 8H -> volt_x wins
  Trick 12: volt_x leads JH, omega_bots plays 9D -> volt_x wins
  Hand: omega_bots +8 / volt_x +26 (tricks 5-7)
  Match total: omega_bots 27 - 33 volt_x
Players: omega_bots vs volt_x
Dealer: omega_bots  |  Elder: volt_x
Match scores: 27 - 33
Talon (8): 9C 10C JC QC KD 7H 10H JH
omega_bots hand: 8C AC 9D 10D JD QD AD 9H AH 9S JS KS
volt_x hand: 7C KC 7D 8D 8H QH KH 7S 8S 10S QS AS
  Exchange volt_x: discard 7C 7D 8D 8H QH -> draw 10C JC QC KD 7H (talon 3 left)
  Exchange omega_bots: discard 8C 9H 9S -> draw 9C 10H JH (talon 0 left)

--- Phase: declare ---
  Declare point: omega_bots wins 5 pts (('point', 5, 'D'))
  Declare sequence: volt_x wins 4 pts (('sequence', 4, 13, 'C'))
  Declare set: omega_bots wins 3 pts (('set', 3, 14))

--- Phase: tricks ---
  Trick  1: volt_x leads 7S, omega_bots plays JS -> omega_bots wins
  Trick  2: omega_bots leads AD, volt_x plays KD -> omega_bots wins
  Trick  3: omega_bots leads AC, volt_x plays 10C -> omega_bots wins
  Trick  4: omega_bots leads AH, volt_x plays 7H -> omega_bots wins
  Trick  5: omega_bots leads KS, volt_x plays AS -> volt_x wins
  Trick  6: volt_x leads 8S, omega_bots plays 9D -> volt_x wins
  Trick  7: volt_x leads JC, omega_bots plays 9C -> volt_x wins
  Trick  8: volt_x leads 10S, omega_bots plays JD -> volt_x wins
  Trick  9: volt_x leads KH, omega_bots plays JH -> volt_x wins
  Trick 10: volt_x leads KC, omega_bots plays QD -> volt_x wins
  Trick 11: volt_x leads QS, omega_bots plays 10D -> volt_x wins
  Trick 12: volt_x leads QC, omega_bots plays 10H -> volt_x wins
  Hand: omega_bots +12 / volt_x +23 (tricks 4-8)
  Match total: omega_bots 39 - 56 volt_x
Players: omega_bots vs volt_x
Dealer: volt_x  |  Elder: omega_bots
Match scores: 39 - 56
Talon (8): 10C QC 7D 10D JD AD 10H 9S
omega_bots hand: 8C AC 8D 7H KH AH 7S 8S 10S JS QS AS
volt_x hand: 7C 9C JC KC 9D QD KD 8H 9H JH QH KS
  Exchange omega_bots: discard 8C 7H KH -> draw 10C 10D 9S (talon 5 left)
  Exchange volt_x: discard 7C 9C JC 9D QD -> draw QC 7D JD AD 10H (talon 0 left)

--- Phase: declare ---
  Declare point: omega_bots wins 7 pts (('point', 7, 'S'))
  Declare sequence: omega_bots wins 11 pts (('sequence', 6, 12, 'S'))
  Declare set: omega_bots wins 3 pts (('set', 3, 14))

--- Phase: tricks ---
  Trick  1: omega_bots leads AC, volt_x plays QC -> omega_bots wins
  Trick  2: omega_bots leads AH, volt_x plays 8H -> omega_bots wins
  Trick  3: omega_bots leads AS, volt_x plays KS -> omega_bots wins
  Trick  4: omega_bots leads QS, volt_x plays 7D -> omega_bots wins
  Trick  5: omega_bots leads 10S, volt_x plays 9H -> omega_bots wins
  Trick  6: omega_bots leads 8D, volt_x plays JD -> volt_x wins
  Trick  7: volt_x leads 10H, omega_bots plays 8S -> volt_x wins
  Trick  8: volt_x leads JH, omega_bots plays JS -> volt_x wins
  Trick  9: volt_x leads AD, omega_bots plays 10D -> volt_x wins
  Trick 10: volt_x leads KD, omega_bots plays 7S -> volt_x wins
  Trick 11: volt_x leads KC, omega_bots plays 10C -> volt_x wins
  Trick 12: volt_x leads QH, omega_bots plays 9S -> volt_x wins
  Hand: omega_bots +26 / volt_x +18 (tricks 5-7)
  Match total: omega_bots 65 - 74 volt_x
Players: omega_bots vs volt_x
Dealer: omega_bots  |  Elder: volt_x
Match scores: 65 - 74
Talon (8): 7C 8D 9D JD 10H QH AH QS
omega_bots hand: 8C 9C KC 7D 10D QD AD 7H 9S 10S JS KS
volt_x hand: 10C JC QC AC KD 8H 9H JH KH 7S 8S AS
  Exchange volt_x: discard 8H 9H JH 7S 8S -> draw 7C 9D QH AH QS (talon 3 left)
  Exchange omega_bots: discard 8C 9C 7H -> draw 8D JD 10H (talon 0 left)

--- Phase: declare ---
  Declare point: omega_bots wins 6 pts (('point', 6, 'D'))
  Declare sequence: volt_x wins 3 pts (('sequence', 3, 14, 'H'))
  Declare set: volt_x wins 3 pts (('set', 3, 14))

--- Phase: tricks ---
  Trick  1: volt_x leads 7C, omega_bots plays KC -> omega_bots wins
  Trick  2: omega_bots leads AD, volt_x plays 9D -> omega_bots wins
  Trick  3: omega_bots leads KS, volt_x plays AS -> volt_x wins
  Trick  4: volt_x leads 10C, omega_bots plays 7D -> volt_x wins
  Trick  5: volt_x leads JC, omega_bots plays 8D -> volt_x wins
  Trick  6: volt_x leads QH, omega_bots plays 10H -> volt_x wins
  Trick  7: volt_x leads QC, omega_bots plays QD -> volt_x wins
  Trick  8: volt_x leads KH, omega_bots plays 10D -> volt_x wins
  Trick  9: volt_x leads AC, omega_bots plays 9S -> volt_x wins
  Trick 10: volt_x leads AH, omega_bots plays 10S -> volt_x wins
  Trick 11: volt_x leads KD, omega_bots plays JD -> volt_x wins
  Trick 12: volt_x leads QS, omega_bots plays JS -> volt_x wins
  Hand: omega_bots +8 / volt_x +27 (tricks 2-10)
  Match total: omega_bots 73 - 101 volt_x
  Final: omega_bots 73 - 101 volt_x
  Winner: volt_x

============================================================
Game 78
============================================================
Players: volt_x vs omega_bots
Dealer: volt_x  |  Elder: omega_bots
Match scores: 0 - 0
Talon (8): 8C 9D 10D AD 10H AH JS QS
volt_x hand: 7C 9C 10C QC 7D 8D QD 9H JH QH KH AS
omega_bots hand: JC KC AC JD KD 7H 8H 7S 8S 9S 10S KS
  Exchange omega_bots: discard JC JD 7H 8H -> draw 8C 10H JS QS (talon 4 left)
  Exchange volt_x: discard 7C 9C 7D 8D -> draw 9D 10D AD AH (talon 0 left)

--- Phase: declare ---
  Declare point: omega_bots wins 7 pts (('point', 7, 'S'))
  Declare sequence: omega_bots wins 12 pts (('sequence', 7, 13, 'S'))
  Declare set: volt_x wins 3 pts (('set', 3, 14))

--- Phase: tricks ---
  Trick  1: omega_bots leads AC, volt_x plays 10C -> omega_bots wins
  Trick  2: omega_bots leads KC, volt_x plays QC -> omega_bots wins
  Trick  3: omega_bots leads KD, volt_x plays AD -> volt_x wins
  Trick  4: volt_x leads 9H, omega_bots plays 10H -> omega_bots wins
  Trick  5: omega_bots leads KS, volt_x plays AS -> volt_x wins
  Trick  6: volt_x leads JH, omega_bots plays 7S -> volt_x wins
  Trick  7: volt_x leads QH, omega_bots plays 9S -> volt_x wins
  Trick  8: volt_x leads 9D, omega_bots plays 10S -> volt_x wins
  Trick  9: volt_x leads AH, omega_bots plays 8S -> volt_x wins
  Trick 10: volt_x leads KH, omega_bots plays JS -> volt_x wins
  Trick 11: volt_x leads QD, omega_bots plays 8C -> volt_x wins
  Trick 12: volt_x leads 10D, omega_bots plays QS -> volt_x wins
  Hand: volt_x +23 / omega_bots +22 (tricks 9-3)
  Match total: volt_x 23 - 22 omega_bots
Players: volt_x vs omega_bots
Dealer: omega_bots  |  Elder: volt_x
Match scores: 23 - 22
Talon (8): 7C 8C AC KD QH KH QS KS
volt_x hand: 9C 10C JC KC QD AD 7H 8H 10H JH 8S JS
omega_bots hand: QC 7D 8D 9D 10D JD 9H AH 7S 9S 10S AS
  Exchange volt_x: discard QD 7H 8H 10H 8S -> draw 8C AC QH KH KS (talon 3 left)
  Exchange omega_bots: discard 9H 7S 9S -> draw 7C KD QS (talon 0 left)

--- Phase: declare ---
  Declare point: volt_x wins 6 pts (('point', 6, 'C'))
  Declare sequence: omega_bots wins 10 pts (('sequence', 5, 11, 'D'))
  Declare set: volt_x wins 3 pts (('set', 3, 13))

--- Phase: tricks ---
  Trick  1: volt_x leads 8C, omega_bots plays QC -> omega_bots wins
  Trick  2: omega_bots leads AH, volt_x plays JH -> omega_bots wins
  Trick  3: omega_bots leads AS, volt_x plays JS -> omega_bots wins
  Trick  4: omega_bots leads KD, volt_x plays AD -> volt_x wins
  Trick  5: volt_x leads 9C, omega_bots plays 7C -> volt_x wins
  Trick  6: volt_x leads 10C, omega_bots plays 10D -> volt_x wins
  Trick  7: volt_x leads JC, omega_bots plays 7D -> volt_x wins
  Trick  8: volt_x leads KC, omega_bots plays JD -> volt_x wins
  Trick  9: volt_x leads AC, omega_bots plays 10S -> volt_x wins
  Trick 10: volt_x leads KS, omega_bots plays QS -> volt_x wins
  Trick 11: volt_x leads KH, omega_bots plays 8D -> volt_x wins
  Trick 12: volt_x leads QH, omega_bots plays 9D -> volt_x wins
  Hand: volt_x +29 / omega_bots +13 (tricks 9-3)
  Match total: volt_x 52 - 35 omega_bots
Players: volt_x vs omega_bots
Dealer: volt_x  |  Elder: omega_bots
Match scores: 52 - 35
Talon (8): 7C 10C QC 9D KD JH 7S KS
volt_x hand: 9C JC KC AC 10D JD QD 9H QH KH QS AS
omega_bots hand: 8C 7D 8D AD 7H 8H 10H AH 8S 9S 10S JS
  Exchange omega_bots: discard 7D 8D 7H 8H 10S -> draw 10C QC JH 7S KS (talon 3 left)
  Exchange volt_x: discard 9H KH AS -> draw 7C 9D KD (talon 0 left)

--- Phase: declare ---
  Declare point: volt_x wins 5 pts (('point', 5, 'D'))
  Declare sequence: volt_x wins 10 pts (('sequence', 5, 13, 'D'))
  Declare set: volt_x wins 3 pts (('set', 3, 12))

--- Phase: tricks ---
  Trick  1: omega_bots leads AD, volt_x plays 9D -> omega_bots wins
  Trick  2: omega_bots leads AH, volt_x plays QH -> omega_bots wins
  Trick  3: omega_bots leads KS, volt_x plays QS -> omega_bots wins
  Trick  4: omega_bots leads QC, volt_x plays KC -> volt_x wins
  Trick  5: volt_x leads 7C, omega_bots plays 8C -> omega_bots wins
  Trick  6: omega_bots leads JS, volt_x plays 9C -> omega_bots wins
  Trick  7: omega_bots leads 9S, volt_x plays 10D -> omega_bots wins
  Trick  8: omega_bots leads 8S, volt_x plays JD -> omega_bots wins
  Trick  9: omega_bots leads 10H, volt_x plays JC -> omega_bots wins
  Trick 10: omega_bots leads 10C, volt_x plays AC -> volt_x wins
  Trick 11: volt_x leads KD, omega_bots plays JH -> volt_x wins
  Trick 12: volt_x leads QD, omega_bots plays 7S -> volt_x wins
  Hand: volt_x +23 / omega_bots +18 (tricks 4-8)
  Match total: volt_x 75 - 53 omega_bots
Players: volt_x vs omega_bots
Dealer: omega_bots  |  Elder: volt_x
Match scores: 75 - 53
Talon (8): 8C 8D 9D KD 8H QH 7S KS
volt_x hand: 7C 10C JC KC AC 7H 9H 10H AH 9S JS QS
omega_bots hand: 9C QC 7D 10D JD QD AD JH KH 8S 10S AS
  Exchange volt_x: discard 7H 9H 10H 9S QS -> draw 9D 8H QH 7S KS (talon 3 left)
  Exchange omega_bots: discard 9C 8S 10S -> draw 8C 8D KD (talon 0 left)

--- Phase: declare ---
  Declare point: omega_bots wins 7 pts (('point', 7, 'D'))
  Declare sequence: omega_bots wins 10 pts (('sequence', 5, 14, 'D'))

--- Phase: tricks ---
  Trick  1: volt_x leads 7C, omega_bots plays 8C -> omega_bots wins
  Trick  2: omega_bots leads AS, volt_x plays 7S -> omega_bots wins
  Trick  3: omega_bots leads AD, volt_x plays 9D -> omega_bots wins
  Trick  4: omega_bots leads KH, volt_x plays AH -> volt_x wins
  Trick  5: volt_x leads 10C, omega_bots plays QC -> omega_bots wins
  Trick  6: omega_bots leads QD, volt_x plays 8H -> omega_bots wins
  Trick  7: omega_bots leads 7D, volt_x plays JS -> omega_bots wins
  Trick  8: omega_bots leads 10D, volt_x plays JC -> omega_bots wins
  Trick  9: omega_bots leads JH, volt_x plays QH -> volt_x wins
  Trick 10: volt_x leads AC, omega_bots plays JD -> volt_x wins
  Trick 11: volt_x leads KC, omega_bots plays 8D -> volt_x wins
  Trick 12: volt_x leads KS, omega_bots plays KD -> volt_x wins
  Hand: volt_x +6 / omega_bots +34 (tricks 5-7)
  Match total: volt_x 81 - 87 omega_bots
Players: volt_x vs omega_bots
Dealer: volt_x  |  Elder: omega_bots
Match scores: 81 - 87
Talon (8): 8C JC 7D 10H JH KH 9S QS
volt_x hand: 10C AC 8D 10D QD KD AD 7H 8H 8S KS AS
omega_bots hand: 7C 9C QC KC 9D JD 9H QH AH 7S 10S JS
  Exchange omega_bots: discard 9C JD 9H 7S JS -> draw 8C 7D 10H JH KH (talon 3 left)
  Exchange volt_x: discard 7H 8H 8S -> draw JC 9S QS (talon 0 left)

--- Phase: declare ---
  Declare point: omega_bots wins 5 pts (('point', 5, 'H'))
  Declare sequence: omega_bots wins 10 pts (('sequence', 5, 14, 'H'))
  Declare set: volt_x wins 3 pts (('set', 3, 14))

--- Phase: tricks ---
  Trick  1: omega_bots leads AH, volt_x plays 8D -> omega_bots wins
  Trick  2: omega_bots leads KC, volt_x plays AC -> volt_x wins
  Trick  3: volt_x leads 10D, omega_bots plays 7D -> volt_x wins
  Trick  4: volt_x leads 9S, omega_bots plays 10S -> omega_bots wins
  Trick  5: omega_bots leads KH, volt_x plays 10C -> omega_bots wins
  Trick  6: omega_bots leads 9D, volt_x plays QD -> volt_x wins
  Trick  7: volt_x leads QS, omega_bots plays QH -> volt_x wins
  Trick  8: volt_x leads KD, omega_bots plays QC -> volt_x wins
  Trick  9: volt_x leads AD, omega_bots plays 7C -> volt_x wins
  Trick 10: volt_x leads AS, omega_bots plays JH -> volt_x wins
  Trick 11: volt_x leads KS, omega_bots plays 8C -> volt_x wins
  Trick 12: volt_x leads JC, omega_bots plays 10H -> volt_x wins
  Hand: volt_x +23 / omega_bots +18 (tricks 9-3)
  Match total: volt_x 104 - 105 omega_bots
  Final: volt_x 104 - 105 omega_bots
  Winner: omega_bots

============================================================
Game 79
============================================================
Players: omega_bots vs volt_x
Dealer: omega_bots  |  Elder: volt_x
Match scores: 0 - 0
Talon (8): 8C AC 7D 7H 8H QH AH KS
omega_bots hand: 9C 10C JC QC 8D 9D 10D KD 10H KH 9S JS
volt_x hand: 7C KC JD QD AD 9H JH 7S 8S 10S QS AS
  Exchange volt_x: discard 7C JD QD 9H JH -> draw 8C AC 7D QH KS (talon 3 left)
  Exchange omega_bots: discard 9D 9S JS -> draw 7H 8H AH (talon 0 left)

--- Phase: declare ---
  Declare point: volt_x wins 6 pts (('point', 6, 'S'))
  Declare sequence: omega_bots wins 4 pts (('sequence', 4, 12, 'C'))
  Declare set: volt_x wins 3 pts (('set', 3, 14))

--- Phase: tricks ---
  Trick  1: volt_x leads 7S, omega_bots plays 7H -> volt_x wins
  Trick  2: volt_x leads 8S, omega_bots plays 8D -> volt_x wins
  Trick  3: volt_x leads 10S, omega_bots plays 8H -> volt_x wins
  Trick  4: volt_x leads QS, omega_bots plays 9C -> volt_x wins
  Trick  5: volt_x leads 8C, omega_bots plays 10C -> omega_bots wins
  Trick  6: omega_bots leads 10H, volt_x plays QH -> volt_x wins
  Trick  7: volt_x leads KS, omega_bots plays JC -> volt_x wins
  Trick  8: volt_x leads KC, omega_bots plays QC -> volt_x wins
  Trick  9: volt_x leads AS, omega_bots plays 10D -> volt_x wins
  Trick 10: volt_x leads AD, omega_bots plays KD -> volt_x wins
  Trick 11: volt_x leads AC, omega_bots plays KH -> volt_x wins
  Trick 12: volt_x leads 7D, omega_bots plays AH -> volt_x wins
  Hand: omega_bots +5 / volt_x +31 (tricks 1-11)
  Match total: omega_bots 5 - 31 volt_x
Players: omega_bots vs volt_x
Dealer: volt_x  |  Elder: omega_bots
Match scores: 5 - 31
Talon (8): 8C 8D KD AD 8H 9H 10H QS
omega_bots hand: 9C 10C JC KC 7D 7H KH AH 8S 9S 10S AS
volt_x hand: 7C QC AC 9D 10D JD QD JH QH 7S JS KS
  Exchange omega_bots: discard 7D 7H 8S 9S 10S -> draw 8C 8D 8H 9H QS (talon 3 left)
  Exchange volt_x: discard 7C 7S JS -> draw KD AD 10H (talon 0 left)

--- Phase: declare ---
  Declare point: volt_x wins 6 pts (('point', 6, 'D'))
  Declare sequence: volt_x wins 11 pts (('sequence', 6, 14, 'D'))
  Declare set: volt_x wins 3 pts (('set', 3, 12))

--- Phase: tricks ---
  Trick  1: omega_bots leads AS, volt_x plays KS -> omega_bots wins
  Trick  2: omega_bots leads AH, volt_x plays 10H -> omega_bots wins
  Trick  3: omega_bots leads KH, volt_x plays JH -> omega_bots wins
  Trick  4: omega_bots leads KC, volt_x plays AC -> volt_x wins
  Trick  5: volt_x leads 9D, omega_bots plays 8D -> volt_x wins
  Trick  6: volt_x leads 10D, omega_bots plays JC -> volt_x wins
  Trick  7: volt_x leads JD, omega_bots plays 9C -> volt_x wins
  Trick  8: volt_x leads QD, omega_bots plays 10C -> volt_x wins
  Trick  9: volt_x leads AD, omega_bots plays 8C -> volt_x wins
  Trick 10: volt_x leads KD, omega_bots plays QS -> volt_x wins
  Trick 11: volt_x leads QH, omega_bots plays 9H -> volt_x wins
  Trick 12: volt_x leads QC, omega_bots plays 8H -> volt_x wins
  Hand: omega_bots +3 / volt_x +40 (tricks 3-9)
  Match total: omega_bots 8 - 71 volt_x
Players: omega_bots vs volt_x
Dealer: omega_bots  |  Elder: volt_x
Match scores: 8 - 71
Talon (8): 7C JC 7D 8D 10D QD 10H QS
omega_bots hand: 9C 10C AC JD AD 8H 9H KH 7S 8S JS KS
volt_x hand: 8C QC KC 9D KD 7H JH QH AH 9S 10S AS
  Exchange volt_x: discard 8C QC 9D 9S 10S -> draw JC 7D 8D QD 10H (talon 3 left)
  Exchange omega_bots: discard 9C 10C 9H -> draw 7C 10D QS (talon 0 left)

--- Phase: declare ---
  Declare point: volt_x wins 5 pts (('point', 5, 'H'))
  Declare sequence: omega_bots wins 3 pts (('sequence', 3, 13, 'S'))

--- Phase: tricks ---
  Trick  1: volt_x leads 7H, omega_bots plays 8H -> omega_bots wins
  Trick  2: omega_bots leads AD, volt_x plays 7D -> omega_bots wins
  Trick  3: omega_bots leads AC, volt_x plays JC -> omega_bots wins
  Trick  4: omega_bots leads KS, volt_x plays AS -> volt_x wins
  Trick  5: volt_x leads 10H, omega_bots plays KH -> omega_bots wins
  Trick  6: omega_bots leads 8S, volt_x plays 8D -> omega_bots wins
  Trick  7: omega_bots leads JD, volt_x plays QD -> volt_x wins
  Trick  8: volt_x leads JH, omega_bots plays JS -> volt_x wins
  Trick  9: volt_x leads AH, omega_bots plays 7S -> volt_x wins
  Trick 10: volt_x leads KC, omega_bots plays 7C -> volt_x wins
  Trick 11: volt_x leads KD, omega_bots plays 10D -> volt_x wins
  Trick 12: volt_x leads QH, omega_bots plays QS -> volt_x wins
  Hand: omega_bots +8 / volt_x +23 (tricks 5-7)
  Match total: omega_bots 16 - 94 volt_x
Players: omega_bots vs volt_x
Dealer: volt_x  |  Elder: omega_bots
Match scores: 16 - 94
Talon (8): 10C QC QD 7H QH 8S 10S AS
omega_bots hand: 7C 9C AC 7D 9D 10D AD 9H 9S JS QS KS
volt_x hand: 8C JC KC 8D JD KD 8H 10H JH KH AH 7S
  Exchange omega_bots: discard 9C 7D 9D 10D 9H -> draw QC 7H QH 8S AS (talon 3 left)
  Exchange volt_x: discard 8C 8D 7S -> draw 10C QD 10S (talon 0 left)

--- Phase: declare ---
  Declare point: omega_bots wins 6 pts (('point', 6, 'S'))
  Declare sequence: omega_bots wins 4 pts (('sequence', 4, 14, 'S'))
  Declare set: omega_bots wins 3 pts (('set', 3, 14))

--- Phase: tricks ---
  Trick  1: omega_bots leads AD, volt_x plays JD -> omega_bots wins
  Trick  2: omega_bots leads AC, volt_x plays 10C -> omega_bots wins
  Trick  3: omega_bots leads AS, volt_x plays 10S -> omega_bots wins
  Trick  4: omega_bots leads KS, volt_x plays 8H -> omega_bots wins
  Trick  5: omega_bots leads QS, volt_x plays 10H -> omega_bots wins
  Trick  6: omega_bots leads 7C, volt_x plays JC -> volt_x wins
  Trick  7: volt_x leads JH, omega_bots plays 7H -> volt_x wins
  Trick  8: volt_x leads KH, omega_bots plays QH -> volt_x wins
  Trick  9: volt_x leads AH, omega_bots plays JS -> volt_x wins
  Trick 10: volt_x leads KC, omega_bots plays QC -> volt_x wins
  Trick 11: volt_x leads KD, omega_bots plays 9S -> volt_x wins
  Trick 12: volt_x leads QD, omega_bots plays 8S -> volt_x wins
  Hand: omega_bots +18 / volt_x +18 (tricks 5-7)
  Match total: omega_bots 34 - 112 volt_x
  Final: omega_bots 34 - 112 volt_x
  Winner: volt_x

============================================================
Game 80
============================================================
Players: volt_x vs omega_bots
Dealer: volt_x  |  Elder: omega_bots
Match scores: 0 - 0
Talon (8): 7C 9C AC 7D 8D JH 8S AS
volt_x hand: 10C JC KC 9D JD AD 8H QH AH 7S 10S QS
omega_bots hand: 8C QC 10D QD KD 7H 9H 10H KH 9S JS KS
  Exchange omega_bots: discard 8C QC 10D 7H 10H -> draw 7C 9C 8D JH 8S (talon 3 left)
  Exchange volt_x: discard 8H QH 7S -> draw AC 7D AS (talon 0 left)

--- Phase: declare ---
  Declare point: volt_x wins 4 pts (('point', 4, 'C'))
  Declare set: volt_x wins 14 pts (('set', 4, 14))

--- Phase: tricks ---
  Trick  1: omega_bots leads KD, volt_x plays AD -> volt_x wins
  Trick  2: volt_x leads 10C, omega_bots plays 7C -> volt_x wins
  Trick  3: volt_x leads 7D, omega_bots plays 8D -> omega_bots wins
  Trick  4: omega_bots leads KH, volt_x plays AH -> volt_x wins
  Trick  5: volt_x leads 10S, omega_bots plays JS -> omega_bots wins
  Trick  6: omega_bots leads QD, volt_x plays 9D -> omega_bots wins
  Trick  7: omega_bots leads 9S, volt_x plays QS -> volt_x wins
  Trick  8: volt_x leads JC, omega_bots plays 9C -> volt_x wins
  Trick  9: volt_x leads AS, omega_bots plays KS -> volt_x wins
  Trick 10: volt_x leads AC, omega_bots plays 9H -> volt_x wins
  Trick 11: volt_x leads KC, omega_bots plays JH -> volt_x wins
  Trick 12: volt_x leads JD, omega_bots plays 8S -> volt_x wins
  Hand: volt_x +38 / omega_bots +3 (tricks 9-3)
  Match total: volt_x 38 - 3 omega_bots
Players: volt_x vs omega_bots
Dealer: omega_bots  |  Elder: volt_x
Match scores: 38 - 3
Talon (8): 8C 10C KC 9D 9H KH 8S JS
volt_x hand: 9C JC AC 7D 8D JD 7H 8H QH AH 9S QS
omega_bots hand: 7C QC 10D QD KD AD 10H JH 7S 10S KS AS
  Exchange volt_x: discard 9C JC 7D 8D 9S -> draw 10C 9H KH 8S JS (talon 3 left)
  Exchange omega_bots: discard 7C JH 7S -> draw 8C KC 9D (talon 0 left)

--- Phase: declare ---
  Declare point: volt_x wins 6 pts (('point', 6, 'H'))
  Declare set: omega_bots wins 3 pts (('set', 3, 13))

--- Phase: tricks ---
  Trick  1: volt_x leads 7H, omega_bots plays 10H -> omega_bots wins
  Trick  2: omega_bots leads AD, volt_x plays JD -> omega_bots wins
  Trick  3: omega_bots leads AS, volt_x plays 8S -> omega_bots wins
  Trick  4: omega_bots leads KS, volt_x plays JS -> omega_bots wins
  Trick  5: omega_bots leads KD, volt_x plays 8H -> omega_bots wins
  Trick  6: omega_bots leads 10D, volt_x plays 9H -> omega_bots wins
  Trick  7: omega_bots leads QD, volt_x plays 10C -> omega_bots wins
  Trick  8: omega_bots leads 10S, volt_x plays QS -> volt_x wins
  Trick  9: volt_x leads AC, omega_bots plays QC -> volt_x wins
  Trick 10: volt_x leads AH, omega_bots plays 9D -> volt_x wins
  Trick 11: volt_x leads KH, omega_bots plays KC -> volt_x wins
  Trick 12: volt_x leads QH, omega_bots plays 8C -> volt_x wins
  Hand: volt_x +12 / omega_bots +20 (tricks 5-7)
  Match total: volt_x 50 - 23 omega_bots
Players: volt_x vs omega_bots
Dealer: volt_x  |  Elder: omega_bots
Match scores: 50 - 23
Talon (8): 9C KC 7D 10D AD KH JS QS
volt_x hand: 8C JC QC AC 9D JD KD 8H JH 8S KS AS
omega_bots hand: 7C 10C 8D QD 7H 9H 10H QH AH 7S 9S 10S
  Exchange omega_bots: discard 8D 9H 7S 9S -> draw 10D KH JS QS (talon 4 left)
  Exchange volt_x: discard 9D KD 8H 8S -> draw 9C KC 7D AD (talon 0 left)

--- Phase: declare ---
  Declare point: volt_x wins 6 pts (('point', 6, 'C'))
  Declare sequence: volt_x wins 4 pts (('sequence', 4, 14, 'C'))
  Declare set: volt_x wins 3 pts (('set', 3, 14))

--- Phase: tricks ---
  Trick  1: omega_bots leads AH, volt_x plays JH -> omega_bots wins
  Trick  2: omega_bots leads KH, volt_x plays 7D -> omega_bots wins
  Trick  3: omega_bots leads QD, volt_x plays AD -> volt_x wins
  Trick  4: volt_x leads 8C, omega_bots plays 10C -> omega_bots wins
  Trick  5: omega_bots leads QH, volt_x plays 9C -> omega_bots wins
  Trick  6: omega_bots leads 7H, volt_x plays JC -> omega_bots wins
  Trick  7: omega_bots leads 10S, volt_x plays KS -> volt_x wins
  Trick  8: volt_x leads QC, omega_bots plays 7C -> volt_x wins
  Trick  9: volt_x leads AC, omega_bots plays 10H -> volt_x wins
  Trick 10: volt_x leads AS, omega_bots plays JS -> volt_x wins
  Trick 11: volt_x leads KC, omega_bots plays 10D -> volt_x wins
  Trick 12: volt_x leads JD, omega_bots plays QS -> volt_x wins
  Hand: volt_x +31 / omega_bots +5 (tricks 7-5)
  Match total: volt_x 81 - 28 omega_bots
Players: volt_x vs omega_bots
Dealer: omega_bots  |  Elder: volt_x
Match scores: 81 - 28
Talon (8): QC AC 8D KD 8H 10H KH JS
volt_x hand: 9C KC 7D 9D JD QD AD AH 7S 8S QS AS
omega_bots hand: 7C 8C 10C JC 10D 7H 9H JH QH 9S 10S KS
  Exchange volt_x: discard 9C KC 7S 8S QS -> draw QC 8D KD 8H KH (talon 3 left)
  Exchange omega_bots: discard 7H JH 9S -> draw AC 10H JS (talon 0 left)

--- Phase: declare ---
  Declare point: volt_x wins 7 pts (('point', 7, 'D'))
  Declare sequence: volt_x wins 4 pts (('sequence', 4, 14, 'D'))
  Declare set: volt_x wins 3 pts (('set', 3, 14))

--- Phase: tricks ---
  Trick  1: volt_x leads 7D, omega_bots plays 10D -> omega_bots wins
  Trick  2: omega_bots leads AC, volt_x plays QC -> omega_bots wins
  Trick  3: omega_bots leads KS, volt_x plays AS -> volt_x wins
  Trick  4: volt_x leads 8D, omega_bots plays 7C -> volt_x wins
  Trick  5: volt_x leads 9D, omega_bots plays 8C -> volt_x wins
  Trick  6: volt_x leads JD, omega_bots plays JC -> volt_x wins
  Trick  7: volt_x leads 8H, omega_bots plays QH -> omega_bots wins
  Trick  8: omega_bots leads 10S, volt_x plays QD -> omega_bots wins
  Trick  9: omega_bots leads 10C, volt_x plays KH -> omega_bots wins
  Trick 10: omega_bots leads 9H, volt_x plays AH -> volt_x wins
  Trick 11: volt_x leads AD, omega_bots plays 10H -> volt_x wins
  Trick 12: volt_x leads KD, omega_bots plays JS -> volt_x wins
  Hand: volt_x +32 / omega_bots +5 (tricks 7-5)
  Match total: volt_x 113 - 33 omega_bots
  Final: volt_x 113 - 33 omega_bots
  Winner: volt_x

============================================================
Game 81
============================================================
Players: omega_bots vs volt_x
Dealer: omega_bots  |  Elder: volt_x
Match scores: 0 - 0
Talon (8): AC KD 7H 9H 10H AH 7S QS
omega_bots hand: 7C 9C 10C KC 7D 9D QD 8H QH 8S JS KS
volt_x hand: 8C JC QC 8D 10D JD AD JH KH 9S 10S AS
  Exchange volt_x: discard 8C QC KH 9S 10S -> draw AC KD 7H 9H 7S (talon 3 left)
  Exchange omega_bots: discard 7C 8H 8S -> draw 10H AH QS (talon 0 left)

--- Phase: declare ---
  Declare point: volt_x wins 5 pts (('point', 5, 'D'))
  Declare sequence: omega_bots wins 3 pts (('sequence', 3, 13, 'S'))
  Declare set: volt_x wins 3 pts (('set', 3, 14))

--- Phase: tricks ---
  Trick  1: volt_x leads 8D, omega_bots plays 9D -> omega_bots wins
  Trick  2: omega_bots leads AH, volt_x plays 7H -> omega_bots wins
  Trick  3: omega_bots leads KC, volt_x plays AC -> volt_x wins
  Trick  4: volt_x leads 10D, omega_bots plays QD -> omega_bots wins
  Trick  5: omega_bots leads KS, volt_x plays AS -> volt_x wins
  Trick  6: volt_x leads JD, omega_bots plays 7D -> volt_x wins
  Trick  7: volt_x leads 9H, omega_bots plays QH -> omega_bots wins
  Trick  8: omega_bots leads 10C, volt_x plays JC -> volt_x wins
  Trick  9: volt_x leads AD, omega_bots plays JS -> volt_x wins
  Trick 10: volt_x leads KD, omega_bots plays 9C -> volt_x wins
  Trick 11: volt_x leads JH, omega_bots plays 10H -> volt_x wins
  Trick 12: volt_x leads 7S, omega_bots plays QS -> omega_bots wins
  Hand: omega_bots +9 / volt_x +25 (tricks 5-7)
  Match total: omega_bots 9 - 25 volt_x
Players: omega_bots vs volt_x
Dealer: volt_x  |  Elder: omega_bots
Match scores: 9 - 25
Talon (8): 7C JC QC AD 8H AH 9S 10S
omega_bots hand: 8C 9C 10C KC 10D JD 9H 10H JH KH 8S KS
volt_x hand: AC 7D 8D 9D QD KD 7H QH 7S JS QS AS
  Exchange omega_bots: discard 8C 9C JD 8S -> draw JC AH 9S 10S (talon 4 left)
  Exchange volt_x: discard 7H 7S JS AS -> draw 7C QC AD 8H (talon 0 left)

--- Phase: declare ---
  Declare point: volt_x wins 6 pts (('point', 6, 'D'))
  Declare sequence: volt_x wins 3 pts (('sequence', 3, 14, 'D'))
  Declare set: omega_bots wins 3 pts (('set', 3, 13))

--- Phase: tricks ---
  Trick  1: omega_bots leads AH, volt_x plays 8H -> omega_bots wins
  Trick  2: omega_bots leads KC, volt_x plays AC -> volt_x wins
  Trick  3: volt_x leads 7D, omega_bots plays 10D -> omega_bots wins
  Trick  4: omega_bots leads KS, volt_x plays QS -> omega_bots wins
  Trick  5: omega_bots leads KH, volt_x plays QH -> omega_bots wins
  Trick  6: omega_bots leads 9H, volt_x plays 7C -> omega_bots wins
  Trick  7: omega_bots leads 10C, volt_x plays QC -> volt_x wins
  Trick  8: volt_x leads 8D, omega_bots plays JH -> volt_x wins
  Trick  9: volt_x leads AD, omega_bots plays 10H -> volt_x wins
  Trick 10: volt_x leads KD, omega_bots plays JC -> volt_x wins
  Trick 11: volt_x leads QD, omega_bots plays 9S -> volt_x wins
  Trick 12: volt_x leads 9D, omega_bots plays 10S -> volt_x wins
  Hand: omega_bots +8 / volt_x +27 (tricks 5-7)
  Match total: omega_bots 17 - 52 volt_x
Players: omega_bots vs volt_x
Dealer: omega_bots  |  Elder: volt_x
Match scores: 17 - 52
Talon (8): 9C JC KC 8D 9D AD AH 10S
omega_bots hand: 8C QC AC 7D KD 10H JH KH 7S 8S 9S KS
volt_x hand: 7C 10C 10D JD QD 7H 8H 9H QH JS QS AS
  Exchange volt_x: discard 7C 10C 7H JS AS -> draw 9C JC KC AD AH (talon 3 left)
  Exchange omega_bots: discard 7D 10H JH -> draw 8D 9D 10S (talon 0 left)

--- Phase: declare ---
  Declare point: omega_bots wins 5 pts (('point', 5, 'S'))
  Declare sequence: omega_bots wins 4 pts (('sequence', 4, 10, 'S'))
  Declare set: omega_bots wins 3 pts (('set', 3, 13))

--- Phase: tricks ---
  Trick  1: volt_x leads 8H, omega_bots plays KH -> omega_bots wins
  Trick  2: omega_bots leads AC, volt_x plays 9C -> omega_bots wins
  Trick  3: omega_bots leads KD, volt_x plays AD -> volt_x wins
  Trick  4: volt_x leads 9H, omega_bots plays 7S -> volt_x wins
  Trick  5: volt_x leads 10D, omega_bots plays 8D -> volt_x wins
  Trick  6: volt_x leads JD, omega_bots plays 9D -> volt_x wins
  Trick  7: volt_x leads QH, omega_bots plays 9S -> volt_x wins
  Trick  8: volt_x leads JC, omega_bots plays 8C -> volt_x wins
  Trick  9: volt_x leads AH, omega_bots plays 8S -> volt_x wins
  Trick 10: volt_x leads KC, omega_bots plays QC -> volt_x wins
  Trick 11: volt_x leads QS, omega_bots plays 10S -> volt_x wins
  Trick 12: volt_x leads QD, omega_bots plays KS -> volt_x wins
  Hand: omega_bots +14 / volt_x +21 (tricks 2-10)
  Match total: omega_bots 31 - 73 volt_x
Players: omega_bots vs volt_x
Dealer: volt_x  |  Elder: omega_bots
Match scores: 31 - 73
Talon (8): 7C JC 7D 8D KD JH 9S QS
omega_bots hand: 9C QC KC 10D JD AD 7H 8H 9H 10H 8S JS
volt_x hand: 8C 10C AC 9D QD QH KH AH 7S 10S KS AS
  Exchange omega_bots: discard 9C KC 10D 8S JS -> draw 7D 8D KD 9S QS (talon 3 left)
  Exchange volt_x: discard 8C 9D QD -> draw 7C JC JH (talon 0 left)

--- Phase: declare ---
  Declare point: omega_bots wins 5 pts (('point', 5, 'D'))
  Declare sequence: volt_x wins 4 pts (('sequence', 4, 14, 'H'))
  Declare set: volt_x wins 3 pts (('set', 3, 14))

--- Phase: tricks ---
  Trick  1: omega_bots leads AD, volt_x plays 7S -> omega_bots wins
  Trick  2: omega_bots leads KD, volt_x plays 7C -> omega_bots wins
  Trick  3: omega_bots leads QC, volt_x plays AC -> volt_x wins
  Trick  4: volt_x leads JH, omega_bots plays 7H -> volt_x wins
  Trick  5: volt_x leads 10S, omega_bots plays QS -> omega_bots wins
  Trick  6: omega_bots leads 9H, volt_x plays QH -> volt_x wins
  Trick  7: volt_x leads KS, omega_bots plays 9S -> volt_x wins
  Trick  8: volt_x leads KH, omega_bots plays 10H -> volt_x wins
  Trick  9: volt_x leads AS, omega_bots plays 8H -> volt_x wins
  Trick 10: volt_x leads AH, omega_bots plays JD -> volt_x wins
  Trick 11: volt_x leads JC, omega_bots plays 7D -> volt_x wins
  Trick 12: volt_x leads 10C, omega_bots plays 8D -> volt_x wins
  Hand: omega_bots +8 / volt_x +27 (tricks 3-9)
  Match total: omega_bots 39 - 100 volt_x
  Final: omega_bots 39 - 100 volt_x
  Winner: volt_x

============================================================
Game 82
============================================================
Players: volt_x vs omega_bots
Dealer: volt_x  |  Elder: omega_bots
Match scores: 0 - 0
Talon (8): 9D JD KD JH QH 7S 10S QS
volt_x hand: 7C 8C JC KC AC 8D 10D 8H 9H 10H AH KS
omega_bots hand: 9C 10C QC 7D QD AD 7H KH 8S 9S JS AS
  Exchange omega_bots: discard 7D QD 8S 9S JS -> draw JD KD JH QH 10S (talon 3 left)
  Exchange volt_x: discard 8D 10D KS -> draw 9D 7S QS (talon 0 left)

--- Phase: declare ---
  Declare point: volt_x wins 5 pts (('point', 5, 'C'))
  Declare sequence: omega_bots wins 3 pts (('sequence', 3, 13, 'H'))

--- Phase: tricks ---
  Trick  1: omega_bots leads AS, volt_x plays 7S -> omega_bots wins
  Trick  2: omega_bots leads AD, volt_x plays 9D -> omega_bots wins
  Trick  3: omega_bots leads KH, volt_x plays AH -> volt_x wins
  Trick  4: volt_x leads 7C, omega_bots plays 9C -> omega_bots wins
  Trick  5: omega_bots leads KD, volt_x plays 8H -> omega_bots wins
  Trick  6: omega_bots leads QC, volt_x plays KC -> volt_x wins
  Trick  7: volt_x leads 8C, omega_bots plays 10C -> omega_bots wins
  Trick  8: omega_bots leads 7H, volt_x plays 9H -> volt_x wins
  Trick  9: volt_x leads AC, omega_bots plays JH -> volt_x wins
  Trick 10: volt_x leads QS, omega_bots plays 10S -> volt_x wins
  Trick 11: volt_x leads JC, omega_bots plays QH -> volt_x wins
  Trick 12: volt_x leads 10H, omega_bots plays JD -> volt_x wins
  Hand: volt_x +23 / omega_bots +8 (tricks 7-5)
  Match total: volt_x 23 - 8 omega_bots
Players: volt_x vs omega_bots
Dealer: omega_bots  |  Elder: volt_x
Match scores: 23 - 8
Talon (8): KC 7D JD QD AD 7H 9H AH
volt_x hand: 8C JC AC 8D JH QH KH 7S 9S QS KS AS
omega_bots hand: 7C 9C 10C QC 9D 10D KD 8H 10H 8S 10S JS
  Exchange volt_x: discard 8C JC 8D JH QH -> draw 7D JD AD 7H 9H (talon 3 left)
  Exchange omega_bots: discard 9D 8H JS -> draw KC QD AH (talon 0 left)

--- Phase: declare ---
  Declare point: volt_x wins 5 pts (('point', 5, 'S'))
  Declare sequence: volt_x wins 3 pts (('sequence', 3, 14, 'S'))
  Declare set: volt_x wins 3 pts (('set', 3, 14))

--- Phase: tricks ---
  Trick  1: volt_x leads 7S, omega_bots plays 8S -> omega_bots wins
  Trick  2: omega_bots leads AH, volt_x plays 7H -> omega_bots wins
  Trick  3: omega_bots leads KD, volt_x plays AD -> volt_x wins
  Trick  4: volt_x leads 9S, omega_bots plays 10S -> omega_bots wins
  Trick  5: omega_bots leads KC, volt_x plays AC -> volt_x wins
  Trick  6: volt_x leads QS, omega_bots plays QC -> volt_x wins
  Trick  7: volt_x leads KS, omega_bots plays 9C -> volt_x wins
  Trick  8: volt_x leads 9H, omega_bots plays 10H -> omega_bots wins
  Trick  9: omega_bots leads 10C, volt_x plays 7D -> omega_bots wins
  Trick 10: omega_bots leads 7C, volt_x plays JD -> omega_bots wins
  Trick 11: omega_bots leads 10D, volt_x plays KH -> omega_bots wins
  Trick 12: omega_bots leads QD, volt_x plays AS -> omega_bots wins
  Hand: volt_x +15 / omega_bots +19 (tricks 4-8)
  Match total: volt_x 38 - 27 omega_bots
Players: volt_x vs omega_bots
Dealer: volt_x  |  Elder: omega_bots
Match scores: 38 - 27
Talon (8): 8D 7H 9H 10H JH 7S 9S 10S
volt_x hand: 7C 8C JC QC KC 7D 9D 8H KH AH QS AS
omega_bots hand: 9C 10C AC 10D JD QD KD AD QH 8S JS KS
  Exchange omega_bots: discard 10C 8S JS -> draw 7H 10H 7S (talon 5 left)
  Exchange volt_x: discard 7D 9D 8H KH QS -> draw 8D 9H JH 9S 10S (talon 0 left)

--- Phase: declare ---
  Declare point: omega_bots wins 5 pts (('point', 5, 'D'))
  Declare sequence: omega_bots wins 10 pts (('sequence', 5, 14, 'D'))

--- Phase: tricks ---
  Trick  1: omega_bots leads AD, volt_x plays 8D -> omega_bots wins
  Trick  2: omega_bots leads AC, volt_x plays 7C -> omega_bots wins
  Trick  3: omega_bots leads KD, volt_x plays 8C -> omega_bots wins
  Trick  4: omega_bots leads KS, volt_x plays AS -> volt_x wins
  Trick  5: volt_x leads JC, omega_bots plays 9C -> volt_x wins
  Trick  6: volt_x leads 9H, omega_bots plays 7H -> volt_x wins
  Trick  7: volt_x leads QC, omega_bots plays 10D -> volt_x wins
  Trick  8: volt_x leads JH, omega_bots plays 10H -> volt_x wins
  Trick  9: volt_x leads AH, omega_bots plays QH -> volt_x wins
  Trick 10: volt_x leads KC, omega_bots plays JD -> volt_x wins
  Trick 11: volt_x leads 10S, omega_bots plays 7S -> volt_x wins
  Trick 12: volt_x leads 9S, omega_bots plays QD -> volt_x wins
  Hand: volt_x +20 / omega_bots +18 (tricks 9-3)
  Match total: volt_x 58 - 45 omega_bots
Players: volt_x vs omega_bots
Dealer: omega_bots  |  Elder: volt_x
Match scores: 58 - 45
Talon (8): 8C JC AC 8D 10D 7H 10H JS
volt_x hand: 7C 10C QC QD AD 9H QH KH AH 7S 10S QS
omega_bots hand: 9C KC 7D 9D JD KD 8H JH 8S 9S KS AS
  Exchange volt_x: discard 7C 10C AD 7S 10S -> draw 8D 10D 7H 10H JS (talon 3 left)
  Exchange omega_bots: discard 9C 7D 9D -> draw 8C JC AC (talon 0 left)

--- Phase: declare ---
  Declare point: volt_x wins 6 pts (('point', 6, 'H'))
  Declare sequence: volt_x wins 3 pts (('sequence', 3, 14, 'H'))
  Declare set: omega_bots wins 3 pts (('set', 3, 13))

--- Phase: tricks ---
  Trick  1: volt_x leads 7H, omega_bots plays 8H -> omega_bots wins
  Trick  2: omega_bots leads AS, volt_x plays JS -> omega_bots wins
  Trick  3: omega_bots leads AC, volt_x plays QC -> omega_bots wins
  Trick  4: omega_bots leads KC, volt_x plays 8D -> omega_bots wins
  Trick  5: omega_bots leads KD, volt_x plays 10D -> omega_bots wins
  Trick  6: omega_bots leads 8S, volt_x plays QS -> volt_x wins
  Trick  7: volt_x leads 9H, omega_bots plays JH -> omega_bots wins
  Trick  8: omega_bots leads 9S, volt_x plays 10H -> omega_bots wins
  Trick  9: omega_bots leads KS, volt_x plays QD -> omega_bots wins
  Trick 10: omega_bots leads JD, volt_x plays QH -> omega_bots wins
  Trick 11: omega_bots leads 8C, volt_x plays KH -> omega_bots wins
  Trick 12: omega_bots leads JC, volt_x plays AH -> omega_bots wins
  Hand: volt_x +10 / omega_bots +25 (tricks 1-11)
  Match total: volt_x 68 - 70 omega_bots
Players: volt_x vs omega_bots
Dealer: volt_x  |  Elder: omega_bots
Match scores: 68 - 70
Talon (8): 7C 10C JC QC JD KH 9S JS
volt_x hand: 8C KC 9D 10D QD KD 7H 8H 9H 10H JH AS
omega_bots hand: 9C AC 7D 8D AD QH AH 7S 8S 10S QS KS
  Exchange omega_bots: discard 9C 7D 8D 7S 10S -> draw 10C JC QC KH 9S (talon 3 left)
  Exchange volt_x: discard 8C 9D 10D -> draw 7C JD JS (talon 0 left)

--- Phase: declare ---
  Declare point: volt_x wins 5 pts (('point', 5, 'H'))
  Declare sequence: volt_x wins 10 pts (('sequence', 5, 11, 'H'))
  Declare set: omega_bots wins 3 pts (('set', 3, 14))

--- Phase: tricks ---
  Trick  1: omega_bots leads AD, volt_x plays JD -> omega_bots wins
  Trick  2: omega_bots leads AH, volt_x plays 7H -> omega_bots wins
  Trick  3: omega_bots leads AC, volt_x plays 7C -> omega_bots wins
  Trick  4: omega_bots leads KS, volt_x plays AS -> volt_x wins
  Trick  5: volt_x leads 8H, omega_bots plays QH -> omega_bots wins
  Trick  6: omega_bots leads 8S, volt_x plays JS -> volt_x wins
  Trick  7: volt_x leads 9H, omega_bots plays KH -> omega_bots wins
  Trick  8: omega_bots leads QS, volt_x plays 10H -> omega_bots wins
  Trick  9: omega_bots leads 9S, volt_x plays JH -> omega_bots wins
  Trick 10: omega_bots leads JC, volt_x plays KC -> volt_x wins
  Trick 11: volt_x leads KD, omega_bots plays 10C -> volt_x wins
  Trick 12: volt_x leads QD, omega_bots plays QC -> volt_x wins
  Hand: volt_x +21 / omega_bots +20 (tricks 5-7)
  Match total: volt_x 89 - 90 omega_bots
Players: volt_x vs omega_bots
Dealer: omega_bots  |  Elder: volt_x
Match scores: 89 - 90
Talon (8): 9C 10C QC 9D JD 7H AH KS
volt_x hand: AC 7D KD 8H 9H 10H JH KH 9S 10S JS QS
omega_bots hand: 7C 8C JC KC 8D 10D QD AD QH 7S 8S AS
  Exchange volt_x: discard AC 7D KD 8H 9H -> draw 9C QC 9D JD 7H (talon 3 left)
  Exchange omega_bots: discard 8D 7S 8S -> draw 10C AH KS (talon 0 left)

--- Phase: declare ---
  Declare point: omega_bots wins 5 pts (('point', 5, 'C'))
  Declare sequence: volt_x wins 4 pts (('sequence', 4, 12, 'S'))
  Declare set: omega_bots wins 3 pts (('set', 3, 14))

--- Phase: tricks ---
  Trick  1: volt_x leads 9S, omega_bots plays KS -> omega_bots wins
  Trick  2: omega_bots leads AS, volt_x plays 10S -> omega_bots wins
  Trick  3: omega_bots leads AD, volt_x plays 9D -> omega_bots wins
  Trick  4: omega_bots leads AH, volt_x plays 7H -> omega_bots wins
  Trick  5: omega_bots leads KC, volt_x plays 9C -> omega_bots wins
  Trick  6: omega_bots leads JC, volt_x plays QC -> volt_x wins
  Trick  7: volt_x leads 10H, omega_bots plays QH -> omega_bots wins
  Trick  8: omega_bots leads 7C, volt_x plays JS -> omega_bots wins
  Trick  9: omega_bots leads 10D, volt_x plays JD -> volt_x wins
  Trick 10: volt_x leads KH, omega_bots plays QD -> volt_x wins
  Trick 11: volt_x leads QS, omega_bots plays 8C -> volt_x wins
  Trick 12: volt_x leads JH, omega_bots plays 10C -> volt_x wins
  Hand: volt_x +10 / omega_bots +25 (tricks 5-7)
  Match total: volt_x 99 - 115 omega_bots
  Final: volt_x 99 - 115 omega_bots
  Winner: omega_bots

============================================================
Game 83
============================================================
Players: omega_bots vs volt_x
Dealer: omega_bots  |  Elder: volt_x
Match scores: 0 - 0
Talon (8): 10C 9D 10D QD 8H KH 8S AS
omega_bots hand: 8C 9C JC QC KC JD KD QH 7S 10S QS KS
volt_x hand: 7C AC 7D 8D AD 7H 9H 10H JH AH 9S JS
  Exchange volt_x: discard 7C 7D 8D 9S JS -> draw 10D QD 8H KH 8S (talon 3 left)
  Exchange omega_bots: discard 7S 10S QS -> draw 10C 9D AS (talon 0 left)

--- Phase: declare ---
  Declare point: volt_x wins 7 pts (('point', 7, 'H'))
  Declare sequence: omega_bots wins 11 pts (('sequence', 6, 13, 'C'))
  Declare set: volt_x wins 3 pts (('set', 3, 14))

--- Phase: tricks ---
  Trick  1: volt_x leads 7H, omega_bots plays QH -> omega_bots wins
  Trick  2: omega_bots leads AS, volt_x plays 8S -> omega_bots wins
  Trick  3: omega_bots leads KD, volt_x plays AD -> volt_x wins
  Trick  4: volt_x leads 8H, omega_bots plays 8C -> volt_x wins
  Trick  5: volt_x leads 9H, omega_bots plays 9C -> volt_x wins
  Trick  6: volt_x leads 10H, omega_bots plays QC -> volt_x wins
  Trick  7: volt_x leads JH, omega_bots plays JC -> volt_x wins
  Trick  8: volt_x leads KH, omega_bots plays KC -> volt_x wins
  Trick  9: volt_x leads AH, omega_bots plays KS -> volt_x wins
  Trick 10: volt_x leads AC, omega_bots plays 10C -> volt_x wins
  Trick 11: volt_x leads QD, omega_bots plays JD -> volt_x wins
  Trick 12: volt_x leads 10D, omega_bots plays 9D -> volt_x wins
  Hand: omega_bots +13 / volt_x +31 (tricks 2-10)
  Match total: omega_bots 13 - 31 volt_x
Players: omega_bots vs volt_x
Dealer: volt_x  |  Elder: omega_bots
Match scores: 13 - 31
Talon (8): AC JD AD 10H QH 8S KS AS
omega_bots hand: 7C 10C 7D 8D 9D 10D 9H JH AH 9S JS QS
volt_x hand: 8C 9C JC QC KC QD KD 7H 8H KH 7S 10S
  Exchange omega_bots: discard 7C 9H JH 9S JS -> draw JD AD 10H KS AS (talon 3 left)
  Exchange volt_x: discard 7H 8H 7S -> draw AC QH 8S (talon 0 left)

--- Phase: declare ---
  Declare point: volt_x wins 6 pts (('point', 6, 'C'))
  Declare sequence: omega_bots wins 10 pts (('sequence', 5, 11, 'D'))
  Declare set: omega_bots wins 3 pts (('set', 3, 14))

--- Phase: tricks ---
  Trick  1: omega_bots leads AH, volt_x plays QH -> omega_bots wins
  Trick  2: omega_bots leads AS, volt_x plays 8S -> omega_bots wins
  Trick  3: omega_bots leads AD, volt_x plays QD -> omega_bots wins
  Trick  4: omega_bots leads KS, volt_x plays 10S -> omega_bots wins
  Trick  5: omega_bots leads QS, volt_x plays 8C -> omega_bots wins
  Trick  6: omega_bots leads 9D, volt_x plays KD -> volt_x wins
  Trick  7: volt_x leads 9C, omega_bots plays 10C -> omega_bots wins
  Trick  8: omega_bots leads 8D, volt_x plays JC -> omega_bots wins
  Trick  9: omega_bots leads 7D, volt_x plays QC -> omega_bots wins
  Trick 10: omega_bots leads 10D, volt_x plays KH -> omega_bots wins
  Trick 11: omega_bots leads 10H, volt_x plays KC -> omega_bots wins
  Trick 12: omega_bots leads JD, volt_x plays AC -> omega_bots wins
  Hand: omega_bots +35 / volt_x +7 (tricks 11-1)
  Match total: omega_bots 48 - 38 volt_x
Players: omega_bots vs volt_x
Dealer: omega_bots  |  Elder: volt_x
Match scores: 48 - 38
Talon (8): 9C 10C QC 9D JD AD 10S QS
omega_bots hand: 7C 7D 8D KD 8H 9H 10H QH AH 7S 9S KS
volt_x hand: 8C JC KC AC 10D QD 7H JH KH 8S JS AS
  Exchange volt_x: discard 10D QD 7H KH 8S -> draw 10C QC 9D AD 10S (talon 3 left)
  Exchange omega_bots: discard 7C 7S 9S -> draw 9C JD QS (talon 0 left)

--- Phase: declare ---
  Declare point: volt_x wins 6 pts (('point', 6, 'C'))
  Declare sequence: volt_x wins 10 pts (('sequence', 5, 14, 'C'))
  Declare set: volt_x wins 3 pts (('set', 3, 14))

--- Phase: tricks ---
  Trick  1: volt_x leads 8C, omega_bots plays 9C -> omega_bots wins
  Trick  2: omega_bots leads AH, volt_x plays JH -> omega_bots wins
  Trick  3: omega_bots leads KD, volt_x plays AD -> volt_x wins
  Trick  4: volt_x leads 10C, omega_bots plays 7D -> volt_x wins
  Trick  5: volt_x leads JC, omega_bots plays 8D -> volt_x wins
  Trick  6: volt_x leads QC, omega_bots plays 9H -> volt_x wins
  Trick  7: volt_x leads 10S, omega_bots plays KS -> omega_bots wins
  Trick  8: omega_bots leads QH, volt_x plays 9D -> omega_bots wins
  Trick  9: omega_bots leads 10H, volt_x plays JS -> omega_bots wins
  Trick 10: omega_bots leads 8H, volt_x plays KC -> omega_bots wins
  Trick 11: omega_bots leads JD, volt_x plays AC -> omega_bots wins
  Trick 12: omega_bots leads QS, volt_x plays AS -> volt_x wins
  Hand: omega_bots +17 / volt_x +25 (tricks 7-5)
  Match total: omega_bots 65 - 63 volt_x
Players: omega_bots vs volt_x
Dealer: volt_x  |  Elder: omega_bots
Match scores: 65 - 63
Talon (8): 9C JC JD KD 8H JH QS KS
omega_bots hand: 10C AC 7D 8D AD 9H QH KH AH 10S JS AS
volt_x hand: 7C 8C QC KC 9D 10D QD 7H 10H 7S 8S 9S
  Exchange omega_bots: discard 10C 7D 8D 10S JS -> draw JD KD JH QS KS (talon 3 left)
  Exchange volt_x: discard 9D 10D 7H -> draw 9C JC 8H (talon 0 left)

--- Phase: declare ---
  Declare point: volt_x wins 6 pts (('point', 6, 'C'))
  Declare sequence: omega_bots wins 4 pts (('sequence', 4, 14, 'H'))
  Declare set: omega_bots wins 14 pts (('set', 4, 14))

--- Phase: tricks ---
  Trick  1: omega_bots leads AC, volt_x plays 7C -> omega_bots wins
  Trick  2: omega_bots leads AH, volt_x plays 8H -> omega_bots wins
  Trick  3: omega_bots leads AD, volt_x plays QD -> omega_bots wins
  Trick  4: omega_bots leads AS, volt_x plays 7S -> omega_bots wins
  Trick  5: omega_bots leads KH, volt_x plays 10H -> omega_bots wins
  Trick  6: omega_bots leads 9H, volt_x plays 8C -> omega_bots wins
  Trick  7: omega_bots leads QH, volt_x plays 8S -> omega_bots wins
  Trick  8: omega_bots leads KD, volt_x plays 9S -> omega_bots wins
  Trick  9: omega_bots leads JD, volt_x plays 9C -> omega_bots wins
  Trick 10: omega_bots leads JH, volt_x plays JC -> omega_bots wins
  Trick 11: omega_bots leads KS, volt_x plays QC -> omega_bots wins
  Trick 12: omega_bots leads QS, volt_x plays KC -> omega_bots wins
  Hand: omega_bots +101 / volt_x +6 (tricks 12-0)
  Match total: omega_bots 166 - 69 volt_x
  Final: omega_bots 166 - 69 volt_x
  Winner: omega_bots

============================================================
Game 84
============================================================
Players: volt_x vs omega_bots
Dealer: volt_x  |  Elder: omega_bots
Match scores: 0 - 0
Talon (8): 8C JC KC AC AD QH 10S AS
volt_x hand: 10C QC 9D JD KD AH 7S 8S 9S JS QS KS
omega_bots hand: 7C 9C 7D 8D 10D QD 7H 8H 9H 10H JH KH
  Exchange omega_bots: discard 7C 9C 7D 8D QD -> draw 8C AC AD 10S AS (talon 3 left)
  Exchange volt_x: discard 10C QC 9D -> draw JC KC QH (talon 0 left)

--- Phase: declare ---
  Declare sequence: omega_bots wins 10 pts (('sequence', 5, 11, 'H'))
  Declare set: omega_bots wins 3 pts (('set', 3, 14))

--- Phase: tricks ---
  Trick  1: omega_bots leads AC, volt_x plays JC -> omega_bots wins
  Trick  2: omega_bots leads AS, volt_x plays 7S -> omega_bots wins
  Trick  3: omega_bots leads AD, volt_x plays JD -> omega_bots wins
  Trick  4: omega_bots leads KH, volt_x plays AH -> volt_x wins
  Trick  5: volt_x leads 8S, omega_bots plays 10S -> omega_bots wins
  Trick  6: omega_bots leads 10H, volt_x plays QH -> volt_x wins
  Trick  7: volt_x leads 9S, omega_bots plays 9H -> volt_x wins
  Trick  8: volt_x leads JS, omega_bots plays 8H -> volt_x wins
  Trick  9: volt_x leads KD, omega_bots plays 10D -> volt_x wins
  Trick 10: volt_x leads KS, omega_bots plays JH -> volt_x wins
  Trick 11: volt_x leads KC, omega_bots plays 8C -> volt_x wins
  Trick 12: volt_x leads QS, omega_bots plays 7H -> volt_x wins
  Hand: volt_x +19 / omega_bots +17 (tricks 8-4)
  Match total: volt_x 19 - 17 omega_bots
Players: volt_x vs omega_bots
Dealer: omega_bots  |  Elder: volt_x
Match scores: 19 - 17
Talon (8): 7D 8D JD AD 9H JH 7S JS
volt_x hand: 8C 9C JC QC AC 9D 7H 8H AH 9S QS KS
omega_bots hand: 7C 10C KC 10D QD KD 10H QH KH 8S 10S AS
  Exchange volt_x: discard 9D 7H 8H 9S QS -> draw 7D 8D JD 9H JS (talon 3 left)
  Exchange omega_bots: discard 10D 10H 8S -> draw AD JH 7S (talon 0 left)

--- Phase: declare ---
  Declare point: volt_x wins 5 pts (('point', 5, 'C'))
  Declare sequence: omega_bots wins 3 pts (('sequence', 3, 14, 'D'))
  Declare set: omega_bots wins 3 pts (('set', 3, 13))

--- Phase: tricks ---
  Trick  1: volt_x leads 8C, omega_bots plays 10C -> omega_bots wins
  Trick  2: omega_bots leads AS, volt_x plays JS -> omega_bots wins
  Trick  3: omega_bots leads AD, volt_x plays 7D -> omega_bots wins
  Trick  4: omega_bots leads KD, volt_x plays 8D -> omega_bots wins
  Trick  5: omega_bots leads KC, volt_x plays AC -> volt_x wins
  Trick  6: volt_x leads 9C, omega_bots plays 7C -> volt_x wins
  Trick  7: volt_x leads JC, omega_bots plays QH -> volt_x wins
  Trick  8: volt_x leads 9H, omega_bots plays KH -> omega_bots wins
  Trick  9: omega_bots leads 10S, volt_x plays KS -> volt_x wins
  Trick 10: volt_x leads AH, omega_bots plays JH -> volt_x wins
  Trick 11: volt_x leads QC, omega_bots plays QD -> volt_x wins
  Trick 12: volt_x leads JD, omega_bots plays 7S -> volt_x wins
  Hand: volt_x +23 / omega_bots +11 (tricks 7-5)
  Match total: volt_x 42 - 28 omega_bots
Players: volt_x vs omega_bots
Dealer: volt_x  |  Elder: omega_bots
Match scores: 42 - 28
Talon (8): 8C QD 7H QH KH 8S JS QS
volt_x hand: 9C 10C QC AC 7D 8D JD 9H AH 10S KS AS
omega_bots hand: 7C JC KC 9D 10D KD AD 8H 10H JH 7S 9S
  Exchange omega_bots: discard JC 8H 10H 7S 9S -> draw 8C QD QH 8S JS (talon 3 left)
  Exchange volt_x: discard 7D 8D 9H -> draw 7H KH QS (talon 0 left)

--- Phase: declare ---
  Declare point: omega_bots wins 5 pts (('point', 5, 'D'))
  Declare set: volt_x wins 3 pts (('set', 3, 14))

--- Phase: tricks ---
  Trick  1: omega_bots leads AD, volt_x plays JD -> omega_bots wins
  Trick  2: omega_bots leads KC, volt_x plays AC -> volt_x wins
  Trick  3: volt_x leads 10S, omega_bots plays JS -> omega_bots wins
  Trick  4: omega_bots leads KD, volt_x plays 7H -> omega_bots wins
  Trick  5: omega_bots leads QH, volt_x plays KH -> volt_x wins
  Trick  6: volt_x leads 9C, omega_bots plays 7C -> volt_x wins
  Trick  7: volt_x leads QS, omega_bots plays 8S -> volt_x wins
  Trick  8: volt_x leads KS, omega_bots plays JH -> volt_x wins
  Trick  9: volt_x leads AH, omega_bots plays 9D -> volt_x wins
  Trick 10: volt_x leads AS, omega_bots plays 10D -> volt_x wins
  Trick 11: volt_x leads QC, omega_bots plays 8C -> volt_x wins
  Trick 12: volt_x leads 10C, omega_bots plays QD -> volt_x wins
  Hand: volt_x +23 / omega_bots +8 (tricks 9-3)
  Match total: volt_x 65 - 36 omega_bots
Players: volt_x vs omega_bots
Dealer: omega_bots  |  Elder: volt_x
Match scores: 65 - 36
Talon (8): 7C 9D 10D QD KD 9S 10S JS
volt_x hand: 8C QC KC AC JD AD 10H QH KH AH QS AS
omega_bots hand: 9C 10C JC 7D 8D 7H 8H 9H JH 7S 8S KS
  Exchange volt_x: discard 8C JD 10H QH QS -> draw 7C 10D QD KD 9S (talon 3 left)
  Exchange omega_bots: discard 7D 7S 8S -> draw 9D 10S JS (talon 0 left)

--- Phase: declare ---
  Declare point: volt_x wins 4 pts (('point', 4, 'D'))
  Declare sequence: volt_x wins 3 pts (('sequence', 3, 14, 'D'))
  Declare set: volt_x wins 14 pts (('set', 4, 14))

--- Phase: tricks ---
  Trick  1: volt_x leads 7C, omega_bots plays 9C -> omega_bots wins
  Trick  2: omega_bots leads KS, volt_x plays AS -> volt_x wins
  Trick  3: volt_x leads 10D, omega_bots plays 8D -> volt_x wins
  Trick  4: volt_x leads QC, omega_bots plays 10C -> volt_x wins
  Trick  5: volt_x leads QD, omega_bots plays 9D -> volt_x wins
  Trick  6: volt_x leads KH, omega_bots plays 7H -> volt_x wins
  Trick  7: volt_x leads KC, omega_bots plays JC -> volt_x wins
  Trick  8: volt_x leads KD, omega_bots plays 8H -> volt_x wins
  Trick  9: volt_x leads AC, omega_bots plays JH -> volt_x wins
  Trick 10: volt_x leads AH, omega_bots plays 9H -> volt_x wins
  Trick 11: volt_x leads AD, omega_bots plays 10S -> volt_x wins
  Trick 12: volt_x leads 9S, omega_bots plays JS -> omega_bots wins
  Hand: volt_x +41 / omega_bots +3 (tricks 10-2)
  Match total: volt_x 106 - 39 omega_bots
  Final: volt_x 106 - 39 omega_bots
  Winner: volt_x

============================================================
Game 85
============================================================
Players: omega_bots vs volt_x
Dealer: omega_bots  |  Elder: volt_x
Match scores: 0 - 0
Talon (8): 7C QC 7D 8D 10D 7H 9H JH
omega_bots hand: 8C 9C JC 9D KD AD KH AH 7S JS QS AS
volt_x hand: 10C KC AC JD QD 8H 10H QH 8S 9S 10S KS
  Exchange volt_x: discard KC JD QD 8H QH -> draw 7C QC 7D 10D 9H (talon 3 left)
  Exchange omega_bots: discard 9C 9D 7S -> draw 8D 7H JH (talon 0 left)

--- Phase: declare ---
  Declare sequence: volt_x wins 3 pts (('sequence', 3, 10, 'S'))
  Declare set: omega_bots wins 3 pts (('set', 3, 14))

--- Phase: tricks ---
  Trick  1: volt_x leads 8S, omega_bots plays JS -> omega_bots wins
  Trick  2: omega_bots leads AH, volt_x plays 9H -> omega_bots wins
  Trick  3: omega_bots leads AD, volt_x plays 7D -> omega_bots wins
  Trick  4: omega_bots leads AS, volt_x plays 9S -> omega_bots wins
  Trick  5: omega_bots leads KH, volt_x plays 10H -> omega_bots wins
  Trick  6: omega_bots leads QS, volt_x plays KS -> volt_x wins
  Trick  7: volt_x leads 7C, omega_bots plays JC -> omega_bots wins
  Trick  8: omega_bots leads KD, volt_x plays 10D -> omega_bots wins
  Trick  9: omega_bots leads 8C, volt_x plays 10C -> volt_x wins
  Trick 10: volt_x leads AC, omega_bots plays JH -> volt_x wins
  Trick 11: volt_x leads QC, omega_bots plays 8D -> volt_x wins
  Trick 12: volt_x leads 10S, omega_bots plays 7H -> volt_x wins
  Hand: omega_bots +20 / volt_x +9 (tricks 7-5)
  Match total: omega_bots 20 - 9 volt_x
Players: omega_bots vs volt_x
Dealer: volt_x  |  Elder: omega_bots
Match scores: 20 - 9
Talon (8): 7C 9C JC KC 8D AH KS AS
omega_bots hand: 10C AC 7D JD KD 7H 9H KH 7S 9S 10S JS
volt_x hand: 8C QC 9D 10D QD AD 8H 10H JH QH 8S QS
  Exchange omega_bots: discard 7D JD KD 7H 9H -> draw JC KC 8D AH AS (talon 3 left)
  Exchange volt_x: discard 8C 8H 8S -> draw 7C 9C KS (talon 0 left)

--- Phase: declare ---
  Declare point: omega_bots wins 5 pts (('point', 5, 'S'))
  Declare sequence: volt_x wins 3 pts (('sequence', 3, 12, 'H'))
  Declare set: omega_bots wins 3 pts (('set', 3, 14))

--- Phase: tricks ---
  Trick  1: omega_bots leads AC, volt_x plays 7C -> omega_bots wins
  Trick  2: omega_bots leads AH, volt_x plays 10H -> omega_bots wins
  Trick  3: omega_bots leads AS, volt_x plays QS -> omega_bots wins
  Trick  4: omega_bots leads KH, volt_x plays JH -> omega_bots wins
  Trick  5: omega_bots leads KC, volt_x plays 9C -> omega_bots wins
  Trick  6: omega_bots leads 10S, volt_x plays KS -> volt_x wins
  Trick  7: volt_x leads 9D, omega_bots plays 8D -> volt_x wins
  Trick  8: volt_x leads 10D, omega_bots plays 10C -> volt_x wins
  Trick  9: volt_x leads AD, omega_bots plays JS -> volt_x wins
  Trick 10: volt_x leads QH, omega_bots plays 7S -> volt_x wins
  Trick 11: volt_x leads QD, omega_bots plays 9S -> volt_x wins
  Trick 12: volt_x leads QC, omega_bots plays JC -> volt_x wins
  Hand: omega_bots +13 / volt_x +21 (tricks 5-7)
  Match total: omega_bots 33 - 30 volt_x
Players: omega_bots vs volt_x
Dealer: omega_bots  |  Elder: volt_x
Match scores: 33 - 30
Talon (8): 8C QC 10D QD 9H JH 8S 9S
omega_bots hand: 10C JC AC 7D 9D KD AD 8H AH 7S 10S KS
volt_x hand: 7C 9C KC 8D JD 7H 10H QH KH JS QS AS
  Exchange volt_x: discard 7C 9C 8D JD JS -> draw 8C QC 10D 9H JH (talon 3 left)
  Exchange omega_bots: discard JC 8H 10S -> draw QD 8S 9S (talon 0 left)

--- Phase: declare ---
  Declare point: volt_x wins 6 pts (('point', 6, 'H'))
  Declare sequence: volt_x wins 10 pts (('sequence', 5, 13, 'H'))
  Declare set: omega_bots wins 3 pts (('set', 3, 14))

--- Phase: tricks ---
  Trick  1: volt_x leads 7H, omega_bots plays AH -> omega_bots wins
  Trick  2: omega_bots leads AD, volt_x plays 10D -> omega_bots wins
  Trick  3: omega_bots leads AC, volt_x plays 8C -> omega_bots wins
  Trick  4: omega_bots leads KS, volt_x plays AS -> volt_x wins
  Trick  5: volt_x leads 9H, omega_bots plays 7D -> volt_x wins
  Trick  6: volt_x leads 10H, omega_bots plays 9D -> volt_x wins
  Trick  7: volt_x leads JH, omega_bots plays KD -> volt_x wins
  Trick  8: volt_x leads QH, omega_bots plays 7S -> volt_x wins
  Trick  9: volt_x leads KH, omega_bots plays 10C -> volt_x wins
  Trick 10: volt_x leads KC, omega_bots plays 8S -> volt_x wins
  Trick 11: volt_x leads QS, omega_bots plays 9S -> volt_x wins
  Trick 12: volt_x leads QC, omega_bots plays QD -> volt_x wins
  Hand: omega_bots +6 / volt_x +36 (tricks 3-9)
  Match total: omega_bots 39 - 66 volt_x
Players: omega_bots vs volt_x
Dealer: volt_x  |  Elder: omega_bots
Match scores: 39 - 66
Talon (8): JC QC AC 8D 10D QD QH KH
omega_bots hand: 9C 10C 7D 9D JD KD 7H 8H 7S 8S 10S KS
volt_x hand: 7C 8C KC AD 9H 10H JH AH 9S JS QS AS
  Exchange omega_bots: discard 9C 10C 7S 8S 10S -> draw JC AC 8D 10D QH (talon 3 left)
  Exchange volt_x: discard 7C 8C 9S -> draw QC QD KH (talon 0 left)

--- Phase: declare ---
  Declare point: omega_bots wins 6 pts (('point', 6, 'D'))
  Declare sequence: omega_bots wins 10 pts (('sequence', 5, 11, 'D'))
  Declare set: volt_x wins 3 pts (('set', 3, 14))

--- Phase: tricks ---
  Trick  1: omega_bots leads AC, volt_x plays QC -> omega_bots wins
  Trick  2: omega_bots leads KS, volt_x plays AS -> volt_x wins
  Trick  3: volt_x leads 9H, omega_bots plays QH -> omega_bots wins
  Trick  4: omega_bots leads KD, volt_x plays AD -> volt_x wins
  Trick  5: volt_x leads 10H, omega_bots plays 7H -> volt_x wins
  Trick  6: volt_x leads JH, omega_bots plays 8H -> volt_x wins
  Trick  7: volt_x leads KH, omega_bots plays 7D -> volt_x wins
  Trick  8: volt_x leads JS, omega_bots plays 9D -> volt_x wins
  Trick  9: volt_x leads AH, omega_bots plays JD -> volt_x wins
  Trick 10: volt_x leads KC, omega_bots plays JC -> volt_x wins
  Trick 11: volt_x leads QS, omega_bots plays 10D -> volt_x wins
  Trick 12: volt_x leads QD, omega_bots plays 8D -> volt_x wins
  Hand: omega_bots +18 / volt_x +24 (tricks 2-10)
  Match total: omega_bots 57 - 90 volt_x
Players: omega_bots vs volt_x
Dealer: omega_bots  |  Elder: volt_x
Match scores: 57 - 90
Talon (8): 7C JC 9D 10D KD QH 7S 10S
omega_bots hand: 8C 9C 10C QC AC 7D 9H 10H AH 9S JS KS
volt_x hand: KC 8D JD QD AD 7H 8H JH KH 8S QS AS
  Exchange volt_x: discard 7H 8H JH 8S QS -> draw 7C JC QH 7S 10S (talon 3 left)
  Exchange omega_bots: discard 7D 9H 9S -> draw 9D 10D KD (talon 0 left)

--- Phase: declare ---
  Declare point: omega_bots wins 5 pts (('point', 5, 'C'))
  Declare sequence: omega_bots wins 3 pts (('sequence', 3, 10, 'C'))
  Declare set: omega_bots wins 3 pts (('set', 3, 10))

--- Phase: tricks ---
  Trick  1: volt_x leads 8D, omega_bots plays 9D -> omega_bots wins
  Trick  2: omega_bots leads AH, volt_x plays QH -> omega_bots wins
  Trick  3: omega_bots leads AC, volt_x plays 7C -> omega_bots wins
  Trick  4: omega_bots leads KS, volt_x plays AS -> volt_x wins
  Trick  5: volt_x leads JD, omega_bots plays KD -> omega_bots wins
  Trick  6: omega_bots leads QC, volt_x plays KC -> volt_x wins
  Trick  7: volt_x leads QD, omega_bots plays 10D -> volt_x wins
  Trick  8: volt_x leads 7S, omega_bots plays JS -> omega_bots wins
  Trick  9: omega_bots leads 10C, volt_x plays JC -> volt_x wins
  Trick 10: volt_x leads AD, omega_bots plays 9C -> volt_x wins
  Trick 11: volt_x leads KH, omega_bots plays 10H -> volt_x wins
  Trick 12: volt_x leads 10S, omega_bots plays 8C -> volt_x wins
  Hand: omega_bots +16 / volt_x +18 (tricks 5-7)
  Match total: omega_bots 73 - 108 volt_x
  Final: omega_bots 73 - 108 volt_x
  Winner: volt_x

============================================================
Game 86
============================================================
Players: volt_x vs omega_bots
Dealer: volt_x  |  Elder: omega_bots
Match scores: 0 - 0
Talon (8): KC 10D JD AH 7S 8S 10S JS
volt_x hand: 9C JC QC AC 8D 9D QD 9H JH QH QS AS
omega_bots hand: 7C 8C 10C 7D KD AD 7H 8H 10H KH 9S KS
  Exchange omega_bots: discard 8C 10C 7H 10H 9S -> draw 10D JD AH 7S 8S (talon 3 left)
  Exchange volt_x: discard 8D 9D 9H -> draw KC 10S JS (talon 0 left)

--- Phase: declare ---
  Declare point: volt_x wins 5 pts (('point', 5, 'C'))
  Declare sequence: volt_x wins 4 pts (('sequence', 4, 14, 'C'))
  Declare set: omega_bots wins 3 pts (('set', 3, 13))

--- Phase: tricks ---
  Trick  1: omega_bots leads AD, volt_x plays QD -> omega_bots wins
  Trick  2: omega_bots leads AH, volt_x plays JH -> omega_bots wins
  Trick  3: omega_bots leads KH, volt_x plays QH -> omega_bots wins
  Trick  4: omega_bots leads KD, volt_x plays 9C -> omega_bots wins
  Trick  5: omega_bots leads KS, volt_x plays AS -> volt_x wins
  Trick  6: volt_x leads JC, omega_bots plays 7C -> volt_x wins
  Trick  7: volt_x leads QC, omega_bots plays 7D -> volt_x wins
  Trick  8: volt_x leads 10S, omega_bots plays 7S -> volt_x wins
  Trick  9: volt_x leads AC, omega_bots plays 8H -> volt_x wins
  Trick 10: volt_x leads KC, omega_bots plays JD -> volt_x wins
  Trick 11: volt_x leads QS, omega_bots plays 8S -> volt_x wins
  Trick 12: volt_x leads JS, omega_bots plays 10D -> volt_x wins
  Hand: volt_x +28 / omega_bots +7 (tricks 8-4)
  Match total: volt_x 28 - 7 omega_bots
Players: volt_x vs omega_bots
Dealer: omega_bots  |  Elder: volt_x
Match scores: 28 - 7
Talon (8): JC 7D 10D AD KH AH 8S JS
volt_x hand: 9C 10C QD 7H 8H 10H JH QH 7S QS KS AS
omega_bots hand: 7C 8C QC KC AC 8D 9D JD KD 9H 9S 10S
  Exchange volt_x: discard 9C 10C 7H 8H 7S -> draw 7D 10D AD KH JS (talon 3 left)
  Exchange omega_bots: discard 8D 9D 10S -> draw JC AH 8S (talon 0 left)

--- Phase: declare ---
  Declare point: omega_bots wins 6 pts (('point', 6, 'C'))
  Declare set: volt_x wins 3 pts (('set', 3, 12))

--- Phase: tricks ---
  Trick  1: volt_x leads 10H, omega_bots plays AH -> omega_bots wins
  Trick  2: omega_bots leads AC, volt_x plays 7D -> omega_bots wins
  Trick  3: omega_bots leads KC, volt_x plays 10D -> omega_bots wins
  Trick  4: omega_bots leads KD, volt_x plays AD -> volt_x wins
  Trick  5: volt_x leads JS, omega_bots plays 8S -> volt_x wins
  Trick  6: volt_x leads QS, omega_bots plays 9S -> volt_x wins
  Trick  7: volt_x leads JH, omega_bots plays 9H -> volt_x wins
  Trick  8: volt_x leads KS, omega_bots plays 8C -> volt_x wins
  Trick  9: volt_x leads AS, omega_bots plays 7C -> volt_x wins
  Trick 10: volt_x leads KH, omega_bots plays QC -> volt_x wins
  Trick 11: volt_x leads QH, omega_bots plays JD -> volt_x wins
  Trick 12: volt_x leads QD, omega_bots plays JC -> volt_x wins
  Hand: volt_x +23 / omega_bots +9 (tricks 9-3)
  Match total: volt_x 51 - 16 omega_bots
Players: volt_x vs omega_bots
Dealer: volt_x  |  Elder: omega_bots
Match scores: 51 - 16
Talon (8): 9C 10C 7D 10D QD KD 8S JS
volt_x hand: 7C QC 8D JD 8H 9H 10H JH QH 9S 10S KS
omega_bots hand: 8C JC KC AC 9D AD 7H KH AH 7S QS AS
  Exchange omega_bots: discard 8C 9D 7H 7S -> draw 7D 10D 8S JS (talon 4 left)
  Exchange volt_x: discard 7C 8D 9S 10S -> draw 9C 10C QD KD (talon 0 left)

--- Phase: declare ---
  Declare point: volt_x wins 5 pts (('point', 5, 'H'))
  Declare sequence: volt_x wins 10 pts (('sequence', 5, 12, 'H'))
  Declare set: omega_bots wins 14 pts (('set', 4, 14))

--- Phase: tricks ---
  Trick  1: omega_bots leads AD, volt_x plays JD -> omega_bots wins
  Trick  2: omega_bots leads AS, volt_x plays KS -> omega_bots wins
  Trick  3: omega_bots leads AH, volt_x plays 8H -> omega_bots wins
  Trick  4: omega_bots leads AC, volt_x plays 9C -> omega_bots wins
  Trick  5: omega_bots leads KH, volt_x plays 9H -> omega_bots wins
  Trick  6: omega_bots leads KC, volt_x plays 10C -> omega_bots wins
  Trick  7: omega_bots leads QS, volt_x plays 10H -> omega_bots wins
  Trick  8: omega_bots leads JC, volt_x plays QC -> volt_x wins
  Trick  9: volt_x leads KD, omega_bots plays 7D -> volt_x wins
  Trick 10: volt_x leads QH, omega_bots plays JS -> volt_x wins
  Trick 11: volt_x leads QD, omega_bots plays 10D -> volt_x wins
  Trick 12: volt_x leads JH, omega_bots plays 8S -> volt_x wins
  Hand: volt_x +21 / omega_bots +31 (tricks 5-7)
  Match total: volt_x 72 - 47 omega_bots
Players: volt_x vs omega_bots
Dealer: omega_bots  |  Elder: volt_x
Match scores: 72 - 47
Talon (8): 8C KC 7D 9D AD 9H AH 7S
volt_x hand: AC 8D JD 10H JH QH KH 8S 10S QS KS AS
omega_bots hand: 7C 9C 10C JC QC 10D QD KD 7H 8H 9S JS
  Exchange volt_x: discard AC 8D JD 8S 10S -> draw 8C 9D AD 9H AH (talon 3 left)
  Exchange omega_bots: discard 8H 9S JS -> draw KC 7D 7S (talon 0 left)

--- Phase: declare ---
  Declare point: volt_x wins 6 pts (('point', 6, 'H'))
  Declare sequence: volt_x wins 11 pts (('sequence', 6, 14, 'H'))
  Declare set: volt_x wins 3 pts (('set', 3, 14))

--- Phase: tricks ---
  Trick  1: volt_x leads 9H, omega_bots plays 7H -> volt_x wins
  Trick  2: volt_x leads 10H, omega_bots plays 7C -> volt_x wins
  Trick  3: volt_x leads JH, omega_bots plays 7D -> volt_x wins
  Trick  4: volt_x leads QH, omega_bots plays 7S -> volt_x wins
  Trick  5: volt_x leads QS, omega_bots plays 9C -> volt_x wins
  Trick  6: volt_x leads KS, omega_bots plays QC -> volt_x wins
  Trick  7: volt_x leads KH, omega_bots plays 10C -> volt_x wins
  Trick  8: volt_x leads 9D, omega_bots plays KD -> omega_bots wins
  Trick  9: omega_bots leads JC, volt_x plays 8C -> omega_bots wins
  Trick 10: omega_bots leads QD, volt_x plays AD -> volt_x wins
  Trick 11: volt_x leads AS, omega_bots plays 10D -> volt_x wins
  Trick 12: volt_x leads AH, omega_bots plays KC -> volt_x wins
  Hand: volt_x +41 / omega_bots +2 (tricks 10-2)
  Match total: volt_x 113 - 49 omega_bots
  Final: volt_x 113 - 49 omega_bots
  Winner: volt_x

============================================================
Game 87
============================================================
Players: omega_bots vs volt_x
Dealer: omega_bots  |  Elder: volt_x
Match scores: 0 - 0
Talon (8): 7D 8D QH AH 7S 8S 9S AS
omega_bots hand: 7C 10C JC KC AC JD QD AD 7H 8H JH KS
volt_x hand: 8C 9C QC 9D 10D KD 9H 10H KH 10S JS QS
  Exchange volt_x: discard 8C 9C QC 9D 9H -> draw 7D 8D QH 8S AS (talon 3 left)
  Exchange omega_bots: discard 7C 10C 7H -> draw AH 7S 9S (talon 0 left)

--- Phase: declare ---
  Declare point: volt_x wins 5 pts (('point', 5, 'S'))
  Declare sequence: volt_x wins 3 pts (('sequence', 3, 12, 'S'))
  Declare set: omega_bots wins 3 pts (('set', 3, 14))

--- Phase: tricks ---
  Trick  1: volt_x leads 8S, omega_bots plays 9S -> omega_bots wins
  Trick  2: omega_bots leads AC, volt_x plays 7D -> omega_bots wins
  Trick  3: omega_bots leads AD, volt_x plays 8D -> omega_bots wins
  Trick  4: omega_bots leads AH, volt_x plays 10H -> omega_bots wins
  Trick  5: omega_bots leads KC, volt_x plays 10S -> omega_bots wins
  Trick  6: omega_bots leads 8H, volt_x plays QH -> volt_x wins
  Trick  7: volt_x leads JS, omega_bots plays 7S -> volt_x wins
  Trick  8: volt_x leads 10D, omega_bots plays JD -> omega_bots wins
  Trick  9: omega_bots leads JH, volt_x plays KH -> volt_x wins
  Trick 10: volt_x leads AS, omega_bots plays KS -> volt_x wins
  Trick 11: volt_x leads KD, omega_bots plays QD -> volt_x wins
  Trick 12: volt_x leads QS, omega_bots plays JC -> volt_x wins
  Hand: omega_bots +9 / volt_x +15 (tricks 6-6)
  Match total: omega_bots 9 - 15 volt_x
Players: omega_bots vs volt_x
Dealer: volt_x  |  Elder: omega_bots
Match scores: 9 - 15
Talon (8): 9C KC 7D 8H 9H 10H AH JS
omega_bots hand: 7C JC 8D JD QD AD KH 7S 8S QS KS AS
volt_x hand: 8C 10C QC AC 9D 10D KD 7H JH QH 9S 10S
  Exchange omega_bots: discard JC 8D JD 7S 8S -> draw 9C 8H 9H 10H AH (talon 3 left)
  Exchange volt_x: discard 9D 7H 9S -> draw KC 7D JS (talon 0 left)

--- Phase: declare ---
  Declare point: volt_x wins 5 pts (('point', 5, 'C'))
  Declare set: omega_bots wins 3 pts (('set', 3, 14))

--- Phase: tricks ---
  Trick  1: omega_bots leads AS, volt_x plays 10S -> omega_bots wins
  Trick  2: omega_bots leads AD, volt_x plays 7D -> omega_bots wins
  Trick  3: omega_bots leads AH, volt_x plays JH -> omega_bots wins
  Trick  4: omega_bots leads KH, volt_x plays QH -> omega_bots wins
  Trick  5: omega_bots leads KS, volt_x plays JS -> omega_bots wins
  Trick  6: omega_bots leads 7C, volt_x plays 8C -> volt_x wins
  Trick  7: volt_x leads 10C, omega_bots plays 9C -> volt_x wins
  Trick  8: volt_x leads QC, omega_bots plays QD -> volt_x wins
  Trick  9: volt_x leads AC, omega_bots plays QS -> volt_x wins
  Trick 10: volt_x leads KD, omega_bots plays 10H -> volt_x wins
  Trick 11: volt_x leads KC, omega_bots plays 9H -> volt_x wins
  Trick 12: volt_x leads 10D, omega_bots plays 8H -> volt_x wins
  Hand: omega_bots +8 / volt_x +23 (tricks 5-7)
  Match total: omega_bots 17 - 38 volt_x
Players: omega_bots vs volt_x
Dealer: omega_bots  |  Elder: volt_x
Match scores: 17 - 38
Talon (8): 8C 9C AC 8D JD 8H 10H QS
omega_bots hand: JC KC 7D QD 9H JH QH KH 9S 10S JS AS
volt_x hand: 7C 10C QC 9D 10D KD AD 7H AH 7S 8S KS
  Exchange volt_x: discard 7C QC 7H 7S 8S -> draw 8C 9C AC 8H QS (talon 3 left)
  Exchange omega_bots: discard 7D 9H 9S -> draw 8D JD 10H (talon 0 left)

--- Phase: declare ---
  Declare sequence: omega_bots wins 4 pts (('sequence', 4, 13, 'H'))
  Declare set: volt_x wins 3 pts (('set', 3, 14))

--- Phase: tricks ---
  Trick  1: volt_x leads 9D, omega_bots plays JD -> omega_bots wins
  Trick  2: omega_bots leads AS, volt_x plays QS -> omega_bots wins
  Trick  3: omega_bots leads KH, volt_x plays AH -> volt_x wins
  Trick  4: volt_x leads 8C, omega_bots plays JC -> omega_bots wins
  Trick  5: omega_bots leads KC, volt_x plays AC -> volt_x wins
  Trick  6: volt_x leads 10D, omega_bots plays 8D -> volt_x wins
  Trick  7: volt_x leads KD, omega_bots plays QD -> volt_x wins
  Trick  8: volt_x leads 9C, omega_bots plays JH -> volt_x wins
  Trick  9: volt_x leads AD, omega_bots plays 10S -> volt_x wins
  Trick 10: volt_x leads KS, omega_bots plays JS -> volt_x wins
  Trick 11: volt_x leads 10C, omega_bots plays QH -> volt_x wins
  Trick 12: volt_x leads 8H, omega_bots plays 10H -> omega_bots wins
  Hand: omega_bots +9 / volt_x +21 (tricks 4-8)
  Match total: omega_bots 26 - 59 volt_x
Players: omega_bots vs volt_x
Dealer: volt_x  |  Elder: omega_bots
Match scores: 26 - 59
Talon (8): 7C 8C 9C KC 9D JH AH 7S
omega_bots hand: QC 10D JD KD AD 7H KH 8S 9S JS QS KS
volt_x hand: 10C JC AC 7D 8D QD 8H 9H 10H QH 10S AS
  Exchange omega_bots: discard QC 10D JD AD 7H -> draw 8C 9C 9D JH 7S (talon 3 left)
  Exchange volt_x: discard JC 7D 8D -> draw 7C KC AH (talon 0 left)

--- Phase: declare ---
  Declare point: omega_bots wins 6 pts (('point', 6, 'S'))
  Declare sequence: omega_bots wins 3 pts (('sequence', 3, 13, 'S'))
  Declare set: volt_x wins 3 pts (('set', 3, 14))

--- Phase: tricks ---
  Trick  1: omega_bots leads KH, volt_x plays AH -> volt_x wins
  Trick  2: volt_x leads 8H, omega_bots plays JH -> omega_bots wins
  Trick  3: omega_bots leads KD, volt_x plays QD -> omega_bots wins
  Trick  4: omega_bots leads KS, volt_x plays AS -> volt_x wins
  Trick  5: volt_x leads 7C, omega_bots plays 8C -> omega_bots wins
  Trick  6: omega_bots leads 9S, volt_x plays 10S -> volt_x wins
  Trick  7: volt_x leads 9H, omega_bots plays QS -> volt_x wins
  Trick  8: volt_x leads 10C, omega_bots plays 9C -> volt_x wins
  Trick  9: volt_x leads AC, omega_bots plays 8S -> volt_x wins
  Trick 10: volt_x leads KC, omega_bots plays JS -> volt_x wins
  Trick 11: volt_x leads QH, omega_bots plays 9D -> volt_x wins
  Trick 12: volt_x leads 10H, omega_bots plays 7S -> volt_x wins
  Hand: omega_bots +12 / volt_x +23 (tricks 3-9)
  Match total: omega_bots 38 - 82 volt_x
Players: omega_bots vs volt_x
Dealer: omega_bots  |  Elder: volt_x
Match scores: 38 - 82
Talon (8): 9C QC KC AD JH AH JS AS
omega_bots hand: 7C 8C AC 8D 10D JD 7H KH 8S 9S QS KS
volt_x hand: 10C JC 7D 9D QD KD 8H 9H 10H QH 7S 10S
  Exchange volt_x: discard JC 7D 9D QD 7S -> draw 9C KC AD JH AH (talon 3 left)
  Exchange omega_bots: discard 7C 8D 10D -> draw QC JS AS (talon 0 left)

--- Phase: declare ---
  Declare sequence: volt_x wins 10 pts (('sequence', 5, 12, 'H'))
  Declare set: volt_x wins 3 pts (('set', 3, 10))

--- Phase: tricks ---
  Trick  1: volt_x leads 8H, omega_bots plays KH -> omega_bots wins
  Trick  2: omega_bots leads AC, volt_x plays 9C -> omega_bots wins
  Trick  3: omega_bots leads AS, volt_x plays 10S -> omega_bots wins
  Trick  4: omega_bots leads KS, volt_x plays 9H -> omega_bots wins
  Trick  5: omega_bots leads QS, volt_x plays 10C -> omega_bots wins
  Trick  6: omega_bots leads 7H, volt_x plays 10H -> volt_x wins
  Trick  7: volt_x leads JH, omega_bots plays 8S -> volt_x wins
  Trick  8: volt_x leads KD, omega_bots plays JD -> volt_x wins
  Trick  9: volt_x leads AH, omega_bots plays 9S -> volt_x wins
  Trick 10: volt_x leads AD, omega_bots plays 8C -> volt_x wins
  Trick 11: volt_x leads KC, omega_bots plays QC -> volt_x wins
  Trick 12: volt_x leads QH, omega_bots plays JS -> volt_x wins
  Hand: omega_bots +5 / volt_x +31 (tricks 5-7)
  Match total: omega_bots 43 - 113 volt_x
  Final: omega_bots 43 - 113 volt_x
  Winner: volt_x

============================================================
Game 88
============================================================
Players: volt_x vs omega_bots
Dealer: volt_x  |  Elder: omega_bots
Match scores: 0 - 0
Talon (8): 7C 9C 10C AC 10D 10H QH QS
volt_x hand: 8C JC QC 7D 8D JD 8H 9H KH 7S 8S 9S
omega_bots hand: KC 9D QD KD AD 7H JH AH 10S JS KS AS
  Exchange omega_bots: discard 9D 7H -> draw 7C 9C (talon 6 left)
  Exchange volt_x: discard 7D 8D JD 8H 9H KH -> draw 10C AC 10D 10H QH QS (talon 0 left)

--- Phase: declare ---
  Declare point: volt_x wins 5 pts (('point', 5, 'C'))
  Declare sequence: omega_bots wins 3 pts (('sequence', 3, 14, 'D'))
  Declare set: omega_bots wins 3 pts (('set', 3, 14))

--- Phase: tricks ---
  Trick  1: omega_bots leads AS, volt_x plays 7S -> omega_bots wins
  Trick  2: omega_bots leads AD, volt_x plays 10D -> omega_bots wins
  Trick  3: omega_bots leads AH, volt_x plays 10H -> omega_bots wins
  Trick  4: omega_bots leads KC, volt_x plays AC -> volt_x wins
  Trick  5: volt_x leads 8C, omega_bots plays 9C -> omega_bots wins
  Trick  6: omega_bots leads 10S, volt_x plays QS -> volt_x wins
  Trick  7: volt_x leads 10C, omega_bots plays 7C -> volt_x wins
  Trick  8: volt_x leads JC, omega_bots plays JS -> volt_x wins
  Trick  9: volt_x leads QC, omega_bots plays KS -> volt_x wins
  Trick 10: volt_x leads QH, omega_bots plays JH -> volt_x wins
  Trick 11: volt_x leads 9S, omega_bots plays KD -> volt_x wins
  Trick 12: volt_x leads 8S, omega_bots plays QD -> volt_x wins
  Hand: volt_x +24 / omega_bots +10 (tricks 8-4)
  Match total: volt_x 24 - 10 omega_bots
Players: volt_x vs omega_bots
Dealer: omega_bots  |  Elder: volt_x
Match scores: 24 - 10
Talon (8): 8C AC AD 7H 10H KH 9S AS
volt_x hand: 7C 9C JC QC 10D QD AH 7S 8S 10S JS KS
omega_bots hand: 10C KC 7D 8D 9D JD KD 8H 9H JH QH QS
  Exchange volt_x: discard 7C 9C JC 10D QD -> draw AC 7H KH 9S AS (talon 3 left)
  Exchange omega_bots: discard 8H 9H JH -> draw 8C AD 10H (talon 0 left)

--- Phase: declare ---
  Declare point: volt_x wins 7 pts (('point', 7, 'S'))
  Declare sequence: volt_x wins 10 pts (('sequence', 5, 11, 'S'))
  Declare set: volt_x wins 3 pts (('set', 3, 14))

--- Phase: tricks ---
  Trick  1: volt_x leads 7S, omega_bots plays QS -> omega_bots wins
  Trick  2: omega_bots leads AD, volt_x plays 7H -> omega_bots wins
  Trick  3: omega_bots leads KD, volt_x plays 8S -> omega_bots wins
  Trick  4: omega_bots leads KC, volt_x plays AC -> volt_x wins
  Trick  5: volt_x leads 9S, omega_bots plays 7D -> volt_x wins
  Trick  6: volt_x leads 10S, omega_bots plays 8D -> volt_x wins
  Trick  7: volt_x leads JS, omega_bots plays JD -> volt_x wins
  Trick  8: volt_x leads KH, omega_bots plays QH -> volt_x wins
  Trick  9: volt_x leads AH, omega_bots plays 10H -> volt_x wins
  Trick 10: volt_x leads AS, omega_bots plays 9D -> volt_x wins
  Trick 11: volt_x leads KS, omega_bots plays 10C -> volt_x wins
  Trick 12: volt_x leads QC, omega_bots plays 8C -> volt_x wins
  Hand: volt_x +40 / omega_bots +3 (tricks 9-3)
  Match total: volt_x 64 - 13 omega_bots
Players: volt_x vs omega_bots
Dealer: volt_x  |  Elder: omega_bots
Match scores: 64 - 13
Talon (8): 9C 10C QC JD AD 9H JH 8S
volt_x hand: 8C KC AC 8D 10D 8H QH AH 9S 10S QS AS
omega_bots hand: 7C JC 7D 9D QD KD 7H 10H KH 7S JS KS
  Exchange omega_bots: discard 7C JC 10H 7S JS -> draw 9C 10C JD AD 9H (talon 3 left)
  Exchange volt_x: discard 8C 8D 8H -> draw QC JH 8S (talon 0 left)

--- Phase: declare ---
  Declare point: omega_bots wins 6 pts (('point', 6, 'D'))
  Declare sequence: omega_bots wins 4 pts (('sequence', 4, 14, 'D'))
  Declare set: volt_x wins 3 pts (('set', 3, 14))

--- Phase: tricks ---
  Trick  1: omega_bots leads AD, volt_x plays 10D -> omega_bots wins
  Trick  2: omega_bots leads KS, volt_x plays AS -> volt_x wins
  Trick  3: volt_x leads 8S, omega_bots plays 7H -> volt_x wins
  Trick  4: volt_x leads JH, omega_bots plays KH -> omega_bots wins
  Trick  5: omega_bots leads KD, volt_x plays 9S -> omega_bots wins
  Trick  6: omega_bots leads 9D, volt_x plays 10S -> omega_bots wins
  Trick  7: omega_bots leads QD, volt_x plays QS -> omega_bots wins
  Trick  8: omega_bots leads 7D, volt_x plays QH -> omega_bots wins
  Trick  9: omega_bots leads 9H, volt_x plays AH -> volt_x wins
  Trick 10: volt_x leads AC, omega_bots plays 10C -> volt_x wins
  Trick 11: volt_x leads KC, omega_bots plays 9C -> volt_x wins
  Trick 12: volt_x leads QC, omega_bots plays JD -> volt_x wins
  Hand: volt_x +10 / omega_bots +16 (tricks 6-6)
  Match total: volt_x 74 - 29 omega_bots
Players: volt_x vs omega_bots
Dealer: omega_bots  |  Elder: volt_x
Match scores: 74 - 29
Talon (8): 10C 7D QD AD 7S 8S 10S AS
volt_x hand: JC QC KC 9D JD 7H 8H 9H QH 9S JS KS
omega_bots hand: 7C 8C 9C AC 8D 10D KD 10H JH KH AH QS
  Exchange volt_x: discard 9D 7H 8H 9S KS -> draw 10C 7D QD 8S AS (talon 3 left)
  Exchange omega_bots: discard 8D 10D 10H -> draw AD 7S 10S (talon 0 left)

--- Phase: declare ---
  Declare point: volt_x wins 4 pts (('point', 4, 'C'))
  Declare sequence: volt_x wins 4 pts (('sequence', 4, 13, 'C'))
  Declare set: omega_bots wins 3 pts (('set', 3, 14))

--- Phase: tricks ---
  Trick  1: volt_x leads 10C, omega_bots plays AC -> omega_bots wins
  Trick  2: omega_bots leads AH, volt_x plays 9H -> omega_bots wins
  Trick  3: omega_bots leads AD, volt_x plays 7D -> omega_bots wins
  Trick  4: omega_bots leads KD, volt_x plays JD -> omega_bots wins
  Trick  5: omega_bots leads KH, volt_x plays QH -> omega_bots wins
  Trick  6: omega_bots leads 7C, volt_x plays JC -> volt_x wins
  Trick  7: volt_x leads 8S, omega_bots plays 7S -> volt_x wins
  Trick  8: volt_x leads QC, omega_bots plays 9C -> volt_x wins
  Trick  9: volt_x leads AS, omega_bots plays QS -> volt_x wins
  Trick 10: volt_x leads KC, omega_bots plays 8C -> volt_x wins
  Trick 11: volt_x leads QD, omega_bots plays JH -> volt_x wins
  Trick 12: volt_x leads JS, omega_bots plays 10S -> volt_x wins
  Hand: volt_x +26 / omega_bots +8 (tricks 7-5)
  Match total: volt_x 100 - 37 omega_bots
  Final: volt_x 100 - 37 omega_bots
  Winner: volt_x

============================================================
Game 89
============================================================
Players: omega_bots vs volt_x
Dealer: omega_bots  |  Elder: volt_x
Match scores: 0 - 0
Talon (8): 7C JC KC QD 9H QH 9S AS
omega_bots hand: 9C QC AC 7D 9D JD KD AD 8H KH 8S JS
volt_x hand: 8C 10C 8D 10D 7H 10H JH AH 7S 10S QS KS
  Exchange volt_x: discard 8C 8D 7S QS KS -> draw 7C KC 9H QH AS (talon 3 left)
  Exchange omega_bots: discard 9C QC 8S -> draw JC QD 9S (talon 0 left)

--- Phase: declare ---
  Declare sequence: omega_bots wins 4 pts (('sequence', 4, 14, 'D'))
  Declare set: omega_bots wins 3 pts (('set', 3, 11))

--- Phase: tricks ---
  Trick  1: volt_x leads 7H, omega_bots plays 8H -> omega_bots wins
  Trick  2: omega_bots leads AD, volt_x plays 10D -> omega_bots wins
  Trick  3: omega_bots leads AC, volt_x plays 7C -> omega_bots wins
  Trick  4: omega_bots leads KH, volt_x plays AH -> volt_x wins
  Trick  5: volt_x leads 9H, omega_bots plays 7D -> volt_x wins
  Trick  6: volt_x leads 10H, omega_bots plays JS -> volt_x wins
  Trick  7: volt_x leads 10C, omega_bots plays JC -> omega_bots wins
  Trick  8: omega_bots leads KD, volt_x plays 10S -> omega_bots wins
  Trick  9: omega_bots leads JD, volt_x plays JH -> omega_bots wins
  Trick 10: omega_bots leads 9D, volt_x plays QH -> omega_bots wins
  Trick 11: omega_bots leads 9S, volt_x plays AS -> volt_x wins
  Trick 12: volt_x leads KC, omega_bots plays QD -> volt_x wins
  Hand: omega_bots +24 / volt_x +6 (tricks 7-5)
  Match total: omega_bots 24 - 6 volt_x
Players: omega_bots vs volt_x
Dealer: volt_x  |  Elder: omega_bots
Match scores: 24 - 6
Talon (8): 9D JD 9H 10H QH 8S QS KS
omega_bots hand: 7C 9C 10C QC AC 8D 10D QD AD 7H KH AS
volt_x hand: 8C JC KC 7D KD 8H JH AH 7S 9S 10S JS
  Exchange omega_bots: discard 7C 9C 8D 10D 7H -> draw 9D 10H QH 8S QS (talon 3 left)
  Exchange volt_x: discard 8C 7D 8H -> draw JD 9H KS (talon 0 left)

--- Phase: declare ---
  Declare point: volt_x wins 5 pts (('point', 5, 'S'))
  Declare sequence: volt_x wins 3 pts (('sequence', 3, 11, 'S'))
  Declare set: omega_bots wins 3 pts (('set', 3, 14))

--- Phase: tricks ---
  Trick  1: omega_bots leads AC, volt_x plays JC -> omega_bots wins
  Trick  2: omega_bots leads AS, volt_x plays 7S -> omega_bots wins
  Trick  3: omega_bots leads AD, volt_x plays JD -> omega_bots wins
  Trick  4: omega_bots leads KH, volt_x plays AH -> volt_x wins
  Trick  5: volt_x leads 9S, omega_bots plays QS -> omega_bots wins
  Trick  6: omega_bots leads 10C, volt_x plays KC -> volt_x wins
  Trick  7: volt_x leads 10S, omega_bots plays 8S -> volt_x wins
  Trick  8: volt_x leads 9H, omega_bots plays 10H -> omega_bots wins
  Trick  9: omega_bots leads QD, volt_x plays KD -> volt_x wins
  Trick 10: volt_x leads KS, omega_bots plays QC -> volt_x wins
  Trick 11: volt_x leads JH, omega_bots plays QH -> omega_bots wins
  Trick 12: omega_bots leads 9D, volt_x plays JS -> omega_bots wins
  Hand: omega_bots +21 / volt_x +13 (tricks 7-5)
  Match total: omega_bots 45 - 19 volt_x
Players: omega_bots vs volt_x
Dealer: omega_bots  |  Elder: volt_x
Match scores: 45 - 19
Talon (8): QC AC JD AD KH AH 7S 8S
omega_bots hand: 10C 8D 9D 7H 9H JH QH 9S 10S JS QS KS
volt_x hand: 7C 8C 9C JC KC 7D 10D QD KD 8H 10H AS
  Exchange volt_x: discard 7D 10D QD 8H 10H -> draw AC AD AH 7S 8S (talon 3 left)
  Exchange omega_bots: discard 8D 9D 7H -> draw QC JD KH (talon 0 left)

--- Phase: declare ---
  Declare point: volt_x wins 6 pts (('point', 6, 'C'))
  Declare sequence: omega_bots wins 10 pts (('sequence', 5, 13, 'S'))
  Declare set: volt_x wins 14 pts (('set', 4, 14))

--- Phase: tricks ---
  Trick  1: volt_x leads 7C, omega_bots plays 10C -> omega_bots wins
  Trick  2: omega_bots leads KS, volt_x plays AS -> volt_x wins
  Trick  3: volt_x leads 8C, omega_bots plays QC -> omega_bots wins
  Trick  4: omega_bots leads KH, volt_x plays AH -> volt_x wins
  Trick  5: volt_x leads 9C, omega_bots plays 9H -> volt_x wins
  Trick  6: volt_x leads JC, omega_bots plays JS -> volt_x wins
  Trick  7: volt_x leads KC, omega_bots plays 10S -> volt_x wins
  Trick  8: volt_x leads KD, omega_bots plays JD -> volt_x wins
  Trick  9: volt_x leads AD, omega_bots plays JH -> volt_x wins
  Trick 10: volt_x leads AC, omega_bots plays QS -> volt_x wins
  Trick 11: volt_x leads 8S, omega_bots plays 9S -> omega_bots wins
  Trick 12: omega_bots leads QH, volt_x plays 7S -> omega_bots wins
  Hand: omega_bots +15 / volt_x +38 (tricks 4-8)
  Match total: omega_bots 60 - 57 volt_x
Players: omega_bots vs volt_x
Dealer: volt_x  |  Elder: omega_bots
Match scores: 60 - 57
Talon (8): 7C QC KC AC KD 7H 8S JS
omega_bots hand: 8C JC 8D JD QD AD JH AH 9S 10S KS AS
volt_x hand: 9C 10C 7D 9D 10D 8H 9H 10H QH KH 7S QS
  Exchange omega_bots: discard 8C JC 8D 9S 10S -> draw 7C QC KC AC 7H (talon 3 left)
  Exchange volt_x: discard 7D 9D 7S -> draw KD 8S JS (talon 0 left)

--- Phase: declare ---
  Declare point: volt_x wins 5 pts (('point', 5, 'H'))
  Declare sequence: omega_bots wins 3 pts (('sequence', 3, 14, 'C'))
  Declare set: omega_bots wins 14 pts (('set', 4, 14))

--- Phase: tricks ---
  Trick  1: omega_bots leads AH, volt_x plays 8H -> omega_bots wins
  Trick  2: omega_bots leads AD, volt_x plays 10D -> omega_bots wins
  Trick  3: omega_bots leads AS, volt_x plays 8S -> omega_bots wins
  Trick  4: omega_bots leads AC, volt_x plays 9C -> omega_bots wins
  Trick  5: omega_bots leads KS, volt_x plays JS -> omega_bots wins
  Trick  6: omega_bots leads JD, volt_x plays KD -> volt_x wins
  Trick  7: volt_x leads 9H, omega_bots plays 7H -> volt_x wins
  Trick  8: volt_x leads 10H, omega_bots plays JH -> omega_bots wins
  Trick  9: omega_bots leads QD, volt_x plays 10C -> omega_bots wins
  Trick 10: omega_bots leads QC, volt_x plays QS -> omega_bots wins
  Trick 11: omega_bots leads KC, volt_x plays QH -> omega_bots wins
  Trick 12: omega_bots leads 7C, volt_x plays KH -> omega_bots wins
  Hand: omega_bots +38 / volt_x +7 (tricks 10-2)
  Match total: omega_bots 98 - 64 volt_x
Players: omega_bots vs volt_x
Dealer: omega_bots  |  Elder: volt_x
Match scores: 98 - 64
Talon (8): 8C JD QD 9H AH 7S 8S AS
omega_bots hand: 7C 9C 8D 9D 10D AD 7H 8H JH 9S QS KS
volt_x hand: 10C JC QC KC AC 7D KD 10H QH KH 10S JS
  Exchange volt_x: discard 7D 10H QH 10S JS -> draw 8C QD 9H 7S AS (talon 3 left)
  Exchange omega_bots: discard 9C 7H 8H -> draw JD AH 8S (talon 0 left)

--- Phase: declare ---
  Declare point: volt_x wins 6 pts (('point', 6, 'C'))
  Declare sequence: volt_x wins 10 pts (('sequence', 5, 14, 'C'))
  Declare set: volt_x wins 3 pts (('set', 3, 13))

--- Phase: tricks ---
  Trick  1: volt_x leads 8C, omega_bots plays 7C -> volt_x wins
  Trick  2: volt_x leads 10C, omega_bots plays 8D -> volt_x wins
  Trick  3: volt_x leads JC, omega_bots plays 8S -> volt_x wins
  Trick  4: volt_x leads QC, omega_bots plays 9S -> volt_x wins
  Trick  5: volt_x leads KC, omega_bots plays 9D -> volt_x wins
  Trick  6: volt_x leads 9H, omega_bots plays JH -> omega_bots wins
  Trick  7: omega_bots leads AD, volt_x plays QD -> omega_bots wins
  Trick  8: omega_bots leads 10D, volt_x plays KD -> volt_x wins
  Trick  9: volt_x leads AC, omega_bots plays QS -> volt_x wins
  Trick 10: volt_x leads AS, omega_bots plays KS -> volt_x wins
  Trick 11: volt_x leads KH, omega_bots plays AH -> omega_bots wins
  Trick 12: omega_bots leads JD, volt_x plays 7S -> omega_bots wins
  Hand: omega_bots +5 / volt_x +37 (tricks 4-8)
  Match total: omega_bots 103 - 101 volt_x
  Final: omega_bots 103 - 101 volt_x
  Winner: omega_bots

============================================================
Game 90
============================================================
Players: volt_x vs omega_bots
Dealer: volt_x  |  Elder: omega_bots
Match scores: 0 - 0
Talon (8): 9C QC KD 7H 7S 8S JS KS
volt_x hand: 7C 10C AC 7D 10D 9H QH KH AH 9S 10S AS
omega_bots hand: 8C JC KC 8D 9D JD QD AD 8H 10H JH QS
  Exchange omega_bots: discard 8C KC 8H 10H -> draw QC 7S 8S KS (talon 4 left)
  Exchange volt_x: discard 7C 10C 7D 9S -> draw 9C KD 7H JS (talon 0 left)

--- Phase: declare ---
  Declare point: omega_bots wins 5 pts (('point', 5, 'D'))
  Declare sequence: volt_x wins 3 pts (('sequence', 3, 14, 'H'))
  Declare set: volt_x wins 3 pts (('set', 3, 14))

--- Phase: tricks ---
  Trick  1: omega_bots leads AD, volt_x plays 10D -> omega_bots wins
  Trick  2: omega_bots leads KS, volt_x plays AS -> volt_x wins
  Trick  3: volt_x leads 7H, omega_bots plays JH -> omega_bots wins
  Trick  4: omega_bots leads QD, volt_x plays KD -> volt_x wins
  Trick  5: volt_x leads 9H, omega_bots plays 7S -> volt_x wins
  Trick  6: volt_x leads QH, omega_bots plays 8D -> volt_x wins
  Trick  7: volt_x leads 9C, omega_bots plays JC -> omega_bots wins
  Trick  8: omega_bots leads 9D, volt_x plays 10S -> omega_bots wins
  Trick  9: omega_bots leads JD, volt_x plays JS -> omega_bots wins
  Trick 10: omega_bots leads QS, volt_x plays KH -> omega_bots wins
  Trick 11: omega_bots leads 8S, volt_x plays AC -> omega_bots wins
  Trick 12: omega_bots leads QC, volt_x plays AH -> omega_bots wins
  Hand: volt_x +10 / omega_bots +24 (tricks 4-8)
  Match total: volt_x 10 - 24 omega_bots
Players: volt_x vs omega_bots
Dealer: omega_bots  |  Elder: volt_x
Match scores: 10 - 24
Talon (8): 7C KD 8H 10H JH QH 7S AS
volt_x hand: 9C QC AC 9D 10D QD 9H AH 8S JS QS KS
omega_bots hand: 8C 10C JC KC 7D 8D JD AD 7H KH 9S 10S
  Exchange volt_x: discard 9C AC 9D 10D 9H -> draw 7C KD 10H QH AS (talon 3 left)
  Exchange omega_bots: discard 8C 7H 10S -> draw 8H JH 7S (talon 0 left)

--- Phase: declare ---
  Declare point: volt_x wins 5 pts (('point', 5, 'S'))
  Declare sequence: volt_x wins 4 pts (('sequence', 4, 14, 'S'))
  Declare set: volt_x wins 14 pts (('set', 4, 12))

--- Phase: tricks ---
  Trick  1: volt_x leads 8S, omega_bots plays 9S -> omega_bots wins
  Trick  2: omega_bots leads AD, volt_x plays QD -> omega_bots wins
  Trick  3: omega_bots leads KC, volt_x plays 7C -> omega_bots wins
  Trick  4: omega_bots leads KH, volt_x plays AH -> volt_x wins
  Trick  5: volt_x leads JS, omega_bots plays 7S -> volt_x wins
  Trick  6: volt_x leads QS, omega_bots plays 7D -> volt_x wins
  Trick  7: volt_x leads KS, omega_bots plays JD -> volt_x wins
  Trick  8: volt_x leads 10H, omega_bots plays 8H -> volt_x wins
  Trick  9: volt_x leads AS, omega_bots plays JC -> volt_x wins
  Trick 10: volt_x leads KD, omega_bots plays 8D -> volt_x wins
  Trick 11: volt_x leads QC, omega_bots plays 10C -> volt_x wins
  Trick 12: volt_x leads QH, omega_bots plays JH -> volt_x wins
  Hand: volt_x +43 / omega_bots +3 (tricks 9-3)
  Match total: volt_x 53 - 27 omega_bots
Players: volt_x vs omega_bots
Dealer: volt_x  |  Elder: omega_bots
Match scores: 53 - 27
Talon (8): 7C 9C QC KC 7D 7H QH 7S
volt_x hand: 8C 10C 9D 10D QD 8H JH AH 9S JS QS AS
omega_bots hand: JC AC 8D JD KD AD 9H 10H KH 8S 10S KS
  Exchange omega_bots: discard JC 8D 10H 8S 10S -> draw 9C KC 7H QH 7S (talon 3 left)
  Exchange volt_x: discard 8C 9D 8H -> draw 7C QC 7D (talon 0 left)

--- Phase: declare ---
  Declare point: volt_x wins 4 pts (('point', 4, 'S'))
  Declare set: omega_bots wins 14 pts (('set', 4, 13))

--- Phase: tricks ---
  Trick  1: omega_bots leads AD, volt_x plays 7D -> omega_bots wins
  Trick  2: omega_bots leads AC, volt_x plays 7C -> omega_bots wins
  Trick  3: omega_bots leads KS, volt_x plays AS -> volt_x wins
  Trick  4: volt_x leads 9S, omega_bots plays 7S -> volt_x wins
  Trick  5: volt_x leads 10D, omega_bots plays JD -> omega_bots wins
  Trick  6: omega_bots leads 9H, volt_x plays JH -> volt_x wins
  Trick  7: volt_x leads JS, omega_bots plays KD -> volt_x wins
  Trick  8: volt_x leads 10C, omega_bots plays 9C -> volt_x wins
  Trick  9: volt_x leads AH, omega_bots plays KH -> volt_x wins
  Trick 10: volt_x leads QD, omega_bots plays KC -> volt_x wins
  Trick 11: volt_x leads QS, omega_bots plays QH -> volt_x wins
  Trick 12: volt_x leads QC, omega_bots plays 7H -> volt_x wins
  Hand: volt_x +24 / omega_bots +17 (tricks 9-3)
  Match total: volt_x 77 - 44 omega_bots
Players: volt_x vs omega_bots
Dealer: omega_bots  |  Elder: volt_x
Match scores: 77 - 44
Talon (8): JC AC 8H 10H JH KH AH 9S
volt_x hand: 9C 10C 10D AD 7H 9H QH 7S 8S QS KS AS
omega_bots hand: 7C 8C QC KC 7D 8D 9D JD QD KD 10S JS
  Exchange volt_x: discard 9C 10D 7H 9H QH -> draw JC 8H JH KH 9S (talon 3 left)
  Exchange omega_bots: discard 7C 8C 10S -> draw AC 10H AH (talon 0 left)

--- Phase: declare ---
  Declare point: volt_x wins 6 pts (('point', 6, 'S'))

--- Phase: tricks ---
  Trick  1: volt_x leads 7S, omega_bots plays JS -> omega_bots wins
  Trick  2: omega_bots leads AH, volt_x plays 8H -> omega_bots wins
  Trick  3: omega_bots leads AC, volt_x plays 10C -> omega_bots wins
  Trick  4: omega_bots leads KC, volt_x plays JC -> omega_bots wins
  Trick  5: omega_bots leads KD, volt_x plays AD -> volt_x wins
  Trick  6: volt_x leads 8S, omega_bots plays 9D -> volt_x wins
  Trick  7: volt_x leads 9S, omega_bots plays 7D -> volt_x wins
  Trick  8: volt_x leads QS, omega_bots plays QD -> volt_x wins
  Trick  9: volt_x leads AS, omega_bots plays JD -> volt_x wins
  Trick 10: volt_x leads KS, omega_bots plays 8D -> volt_x wins
  Trick 11: volt_x leads KH, omega_bots plays 10H -> volt_x wins
  Trick 12: volt_x leads JH, omega_bots plays QC -> volt_x wins
  Hand: volt_x +25 / omega_bots +4 (tricks 8-4)
  Match total: volt_x 102 - 48 omega_bots
  Final: volt_x 102 - 48 omega_bots
  Winner: volt_x

============================================================
Game 91
============================================================
Players: omega_bots vs volt_x
Dealer: omega_bots  |  Elder: volt_x
Match scores: 0 - 0
Talon (8): 8D JD QD JH QH 7S QS KS
omega_bots hand: 8C JC QC AC 7D 9D KD 8H 10H KH 9S 10S
volt_x hand: 7C 9C 10C KC 10D AD 7H 9H AH 8S JS AS
  Exchange volt_x: discard 10D 7H 9H 8S JS -> draw 8D QD JH QH KS (talon 3 left)
  Exchange omega_bots: discard 7D 9S 10S -> draw JD 7S QS (talon 0 left)

--- Phase: declare ---
  Declare point: omega_bots wins 4 pts (('point', 4, 'C'))
  Declare set: volt_x wins 3 pts (('set', 3, 14))

--- Phase: tricks ---
  Trick  1: volt_x leads 7C, omega_bots plays 8C -> omega_bots wins
  Trick  2: omega_bots leads AC, volt_x plays 9C -> omega_bots wins
  Trick  3: omega_bots leads KD, volt_x plays AD -> volt_x wins
  Trick  4: volt_x leads JH, omega_bots plays KH -> omega_bots wins
  Trick  5: omega_bots leads QC, volt_x plays KC -> volt_x wins
  Trick  6: volt_x leads QH, omega_bots plays 10H -> volt_x wins
  Trick  7: volt_x leads KS, omega_bots plays QS -> volt_x wins
  Trick  8: volt_x leads 8D, omega_bots plays 9D -> omega_bots wins
  Trick  9: omega_bots leads 8H, volt_x plays AH -> volt_x wins
  Trick 10: volt_x leads AS, omega_bots plays 7S -> volt_x wins
  Trick 11: volt_x leads QD, omega_bots plays JD -> volt_x wins
  Trick 12: volt_x leads 10C, omega_bots plays JC -> omega_bots wins
  Hand: omega_bots +10 / volt_x +20 (tricks 5-7)
  Match total: omega_bots 10 - 20 volt_x
Players: omega_bots vs volt_x
Dealer: volt_x  |  Elder: omega_bots
Match scores: 10 - 20
Talon (8): 10C JC JD 7H QH AH 7S 10S
omega_bots hand: 9C 7D 8D 9D QD KD AD KH 8S QS KS AS
volt_x hand: 7C 8C QC KC AC 10D 8H 9H 10H JH 9S JS
  Exchange omega_bots: discard 9C 7D 9D 8S -> draw JC JD AH 7S (talon 4 left)
  Exchange volt_x: discard 7C 10D 9S JS -> draw 10C 7H QH 10S (talon 0 left)

--- Phase: declare ---
  Declare point: volt_x wins 6 pts (('point', 6, 'H'))
  Declare sequence: volt_x wins 11 pts (('sequence', 6, 12, 'H'))
  Declare set: omega_bots wins 3 pts (('set', 3, 14))

--- Phase: tricks ---
  Trick  1: omega_bots leads AS, volt_x plays 10S -> omega_bots wins
  Trick  2: omega_bots leads AD, volt_x plays 7H -> omega_bots wins
  Trick  3: omega_bots leads AH, volt_x plays 8H -> omega_bots wins
  Trick  4: omega_bots leads KD, volt_x plays 8C -> omega_bots wins
  Trick  5: omega_bots leads KH, volt_x plays 9H -> omega_bots wins
  Trick  6: omega_bots leads QD, volt_x plays 10H -> omega_bots wins
  Trick  7: omega_bots leads QS, volt_x plays 10C -> omega_bots wins
  Trick  8: omega_bots leads KS, volt_x plays JH -> omega_bots wins
  Trick  9: omega_bots leads 8D, volt_x plays QC -> omega_bots wins
  Trick 10: omega_bots leads 7S, volt_x plays QH -> omega_bots wins
  Trick 11: omega_bots leads JC, volt_x plays KC -> volt_x wins
  Trick 12: volt_x leads AC, omega_bots plays JD -> volt_x wins
  Hand: omega_bots +23 / volt_x +20 (tricks 10-2)
  Match total: omega_bots 33 - 40 volt_x
Players: omega_bots vs volt_x
Dealer: omega_bots  |  Elder: volt_x
Match scores: 33 - 40
Talon (8): QC AC 8D 9D 10D JD QH JS
omega_bots hand: 9C 10C KC KD 7H KH AH 8S 9S QS KS AS
volt_x hand: 7C 8C JC 7D QD AD 8H 9H 10H JH 7S 10S
  Exchange volt_x: discard 7C 8C 7D QD 7S -> draw QC 9D 10D QH JS (talon 3 left)
  Exchange omega_bots: discard 9C 10C 7H -> draw AC 8D JD (talon 0 left)

--- Phase: declare ---
  Declare point: omega_bots wins 5 pts (('point', 5, 'S'))
  Declare sequence: volt_x wins 10 pts (('sequence', 5, 12, 'H'))
  Declare set: omega_bots wins 3 pts (('set', 3, 14))

--- Phase: tricks ---
  Trick  1: volt_x leads 8H, omega_bots plays KH -> omega_bots wins
  Trick  2: omega_bots leads AH, volt_x plays 9H -> omega_bots wins
  Trick  3: omega_bots leads AS, volt_x plays 10S -> omega_bots wins
  Trick  4: omega_bots leads AC, volt_x plays JC -> omega_bots wins
  Trick  5: omega_bots leads KC, volt_x plays QC -> omega_bots wins
  Trick  6: omega_bots leads 9S, volt_x plays JS -> volt_x wins
  Trick  7: volt_x leads 10H, omega_bots plays KD -> volt_x wins
  Trick  8: volt_x leads 9D, omega_bots plays 8D -> volt_x wins
  Trick  9: volt_x leads AD, omega_bots plays JD -> volt_x wins
  Trick 10: volt_x leads QH, omega_bots plays 8S -> volt_x wins
  Trick 11: volt_x leads JH, omega_bots plays QS -> volt_x wins
  Trick 12: volt_x leads 10D, omega_bots plays KS -> volt_x wins
  Hand: omega_bots +13 / volt_x +28 (tricks 5-7)
  Match total: omega_bots 46 - 68 volt_x
Players: omega_bots vs volt_x
Dealer: volt_x  |  Elder: omega_bots
Match scores: 46 - 68
Talon (8): 8D 9D QD 7H 8H QH KH JS
omega_bots hand: 7C 8C JC QC 7D 10D JD 9H 10H 7S 8S AS
volt_x hand: 9C 10C KC AC KD AD JH AH 9S 10S QS KS
  Exchange omega_bots: discard 7D 10D JD 9H 7S -> draw 8D 7H 8H KH JS (talon 3 left)
  Exchange volt_x: discard JH 9S 10S -> draw 9D QD QH (talon 0 left)

--- Phase: declare ---
  Declare point: volt_x wins 4 pts (('point', 4, 'D'))
  Declare sequence: volt_x wins 3 pts (('sequence', 3, 14, 'D'))
  Declare set: volt_x wins 3 pts (('set', 3, 14))

--- Phase: tricks ---
  Trick  1: omega_bots leads AS, volt_x plays QS -> omega_bots wins
  Trick  2: omega_bots leads KH, volt_x plays AH -> volt_x wins
  Trick  3: volt_x leads 9D, omega_bots plays 8D -> volt_x wins
  Trick  4: volt_x leads 9C, omega_bots plays JC -> omega_bots wins
  Trick  5: omega_bots leads QC, volt_x plays KC -> volt_x wins
  Trick  6: volt_x leads QD, omega_bots plays 8C -> volt_x wins
  Trick  7: volt_x leads KD, omega_bots plays 8S -> volt_x wins
  Trick  8: volt_x leads 10C, omega_bots plays 7C -> volt_x wins
  Trick  9: volt_x leads AD, omega_bots plays 10H -> volt_x wins
  Trick 10: volt_x leads AC, omega_bots plays 8H -> volt_x wins
  Trick 11: volt_x leads KS, omega_bots plays JS -> volt_x wins
  Trick 12: volt_x leads QH, omega_bots plays 7H -> volt_x wins
  Hand: omega_bots +2 / volt_x +31 (tricks 2-10)
  Match total: omega_bots 48 - 99 volt_x
Players: omega_bots vs volt_x
Dealer: omega_bots  |  Elder: volt_x
Match scores: 48 - 99
Talon (8): 7D 8D 10D KD 9H QH KH KS
omega_bots hand: 7C 8C 9C AC 9D QD 10H 9S 10S JS QS AS
volt_x hand: 10C JC QC KC JD AD 7H 8H JH AH 7S 8S
  Exchange volt_x: discard 7H 8H AH 7S 8S -> draw 7D 8D 9H QH KH (talon 3 left)
  Exchange omega_bots: discard 7C 9C 9D -> draw 10D KD KS (talon 0 left)

--- Phase: declare ---
  Declare point: omega_bots wins 6 pts (('point', 6, 'S'))
  Declare sequence: omega_bots wins 11 pts (('sequence', 6, 14, 'S'))
  Declare set: volt_x wins 3 pts (('set', 3, 11))

--- Phase: tricks ---
  Trick  1: volt_x leads 10C, omega_bots plays AC -> omega_bots wins
  Trick  2: omega_bots leads AS, volt_x plays 7D -> omega_bots wins
  Trick  3: omega_bots leads KS, volt_x plays 8D -> omega_bots wins
  Trick  4: omega_bots leads KD, volt_x plays AD -> volt_x wins
  Trick  5: volt_x leads 9H, omega_bots plays 10H -> omega_bots wins
  Trick  6: omega_bots leads QS, volt_x plays JH -> omega_bots wins
  Trick  7: omega_bots leads 10S, volt_x plays JD -> omega_bots wins
  Trick  8: omega_bots leads QD, volt_x plays JC -> omega_bots wins
  Trick  9: omega_bots leads JS, volt_x plays QC -> omega_bots wins
  Trick 10: omega_bots leads 9S, volt_x plays QH -> omega_bots wins
  Trick 11: omega_bots leads 8C, volt_x plays KC -> volt_x wins
  Trick 12: volt_x leads KH, omega_bots plays 10D -> volt_x wins
  Hand: omega_bots +36 / volt_x +7 (tricks 9-3)
  Match total: omega_bots 84 - 106 volt_x
  Final: omega_bots 84 - 106 volt_x
  Winner: volt_x

============================================================
Game 92
============================================================
Players: volt_x vs omega_bots
Dealer: volt_x  |  Elder: omega_bots
Match scores: 0 - 0
Talon (8): 7C QC KC KD 7H 8H 10S JS
volt_x hand: 8C 9C 10C JC 8D JD QD AD 9H AH QS KS
omega_bots hand: AC 7D 9D 10D 10H JH QH KH 7S 8S 9S AS
  Exchange omega_bots: discard 7D 9D 7S 8S -> draw 7C QC KC 8H (talon 4 left)
  Exchange volt_x: discard 9H AH QS KS -> draw KD 7H 10S JS (talon 0 left)

--- Phase: declare ---
  Declare point: volt_x wins 5 pts (('point', 5, 'D'))
  Declare sequence: volt_x wins 4 pts (('sequence', 4, 14, 'D'))
  Declare set: volt_x wins 3 pts (('set', 3, 11))

--- Phase: tricks ---
  Trick  1: omega_bots leads AS, volt_x plays 10S -> omega_bots wins
  Trick  2: omega_bots leads AC, volt_x plays 8C -> omega_bots wins
  Trick  3: omega_bots leads KH, volt_x plays 7H -> omega_bots wins
  Trick  4: omega_bots leads KC, volt_x plays 9C -> omega_bots wins
  Trick  5: omega_bots leads QH, volt_x plays 8D -> omega_bots wins
  Trick  6: omega_bots leads 10D, volt_x plays JD -> volt_x wins
  Trick  7: volt_x leads QD, omega_bots plays JH -> volt_x wins
  Trick  8: volt_x leads 10C, omega_bots plays 7C -> volt_x wins
  Trick  9: volt_x leads AD, omega_bots plays 10H -> volt_x wins
  Trick 10: volt_x leads KD, omega_bots plays 9S -> volt_x wins
  Trick 11: volt_x leads JC, omega_bots plays QC -> omega_bots wins
  Trick 12: omega_bots leads 8H, volt_x plays JS -> omega_bots wins
  Hand: volt_x +17 / omega_bots +18 (tricks 5-7)
  Match total: volt_x 17 - 18 omega_bots
Players: volt_x vs omega_bots
Dealer: omega_bots  |  Elder: volt_x
Match scores: 17 - 18
Talon (8): 7C 8C QC AC 7D 9H KH KS
volt_x hand: 9C 8D 10D JD QD 7H 10H JH 8S 10S JS QS
omega_bots hand: 10C JC KC 9D KD AD 8H QH AH 7S 9S AS
  Exchange volt_x: discard 9C 7H 10H 8S QS -> draw 8C QC AC 9H KS (talon 3 left)
  Exchange omega_bots: discard JC 7S 9S -> draw 7C 7D KH (talon 0 left)

--- Phase: declare ---
  Declare point: omega_bots wins 4 pts (('point', 4, 'H'))
  Declare sequence: omega_bots wins 3 pts (('sequence', 3, 14, 'H'))
  Declare set: omega_bots wins 3 pts (('set', 3, 14))

--- Phase: tricks ---
  Trick  1: volt_x leads 8D, omega_bots plays 9D -> omega_bots wins
  Trick  2: omega_bots leads AS, volt_x plays 10S -> omega_bots wins
  Trick  3: omega_bots leads AD, volt_x plays 10D -> omega_bots wins
  Trick  4: omega_bots leads AH, volt_x plays 9H -> omega_bots wins
  Trick  5: omega_bots leads KC, volt_x plays AC -> volt_x wins
  Trick  6: volt_x leads JS, omega_bots plays 10C -> volt_x wins
  Trick  7: volt_x leads JD, omega_bots plays 7D -> volt_x wins
  Trick  8: volt_x leads 8C, omega_bots plays 7C -> volt_x wins
  Trick  9: volt_x leads KS, omega_bots plays 8H -> volt_x wins
  Trick 10: volt_x leads QD, omega_bots plays KD -> omega_bots wins
  Trick 11: omega_bots leads QH, volt_x plays JH -> omega_bots wins
  Trick 12: omega_bots leads KH, volt_x plays QC -> omega_bots wins
  Hand: volt_x +5 / omega_bots +28 (tricks 5-7)
  Match total: volt_x 22 - 46 omega_bots
Players: volt_x vs omega_bots
Dealer: volt_x  |  Elder: omega_bots
Match scores: 22 - 46
Talon (8): 7C AD 7H QH AH 7S 9S QS
volt_x hand: 9C QC 7D 8D 9D 10D KD 8H KH 8S 10S JS
omega_bots hand: 8C 10C JC KC AC JD QD 9H 10H JH KS AS
  Exchange omega_bots: discard 8C 9H 10H KS -> draw AD QH 7S QS (talon 4 left)
  Exchange volt_x: discard 9C 8H 8S JS -> draw 7C 7H AH 9S (talon 0 left)

--- Phase: declare ---
  Declare point: volt_x wins 5 pts (('point', 5, 'D'))
  Declare sequence: volt_x wins 4 pts (('sequence', 4, 10, 'D'))
  Declare set: omega_bots wins 3 pts (('set', 3, 14))

--- Phase: tricks ---
  Trick  1: omega_bots leads AC, volt_x plays 7C -> omega_bots wins
  Trick  2: omega_bots leads AS, volt_x plays 9S -> omega_bots wins
  Trick  3: omega_bots leads AD, volt_x plays 7D -> omega_bots wins
  Trick  4: omega_bots leads KC, volt_x plays QC -> omega_bots wins
  Trick  5: omega_bots leads QD, volt_x plays KD -> volt_x wins
  Trick  6: volt_x leads 8D, omega_bots plays JD -> omega_bots wins
  Trick  7: omega_bots leads JC, volt_x plays 7H -> omega_bots wins
  Trick  8: omega_bots leads 10C, volt_x plays 9D -> omega_bots wins
  Trick  9: omega_bots leads JH, volt_x plays KH -> volt_x wins
  Trick 10: volt_x leads AH, omega_bots plays QH -> volt_x wins
  Trick 11: volt_x leads 10D, omega_bots plays 7S -> volt_x wins
  Trick 12: volt_x leads 10S, omega_bots plays QS -> omega_bots wins
  Hand: volt_x +13 / omega_bots +22 (tricks 4-8)
  Match total: volt_x 35 - 68 omega_bots
Players: volt_x vs omega_bots
Dealer: omega_bots  |  Elder: volt_x
Match scores: 35 - 68
Talon (8): 7C 9C 7D QD JH AH KS AS
volt_x hand: 8C 10C 8D 9D 10D KD AD 8H 9H 7S 8S JS
omega_bots hand: JC QC KC AC JD 7H 10H QH KH 9S 10S QS
  Exchange volt_x: discard 8C 8H 9H 7S 8S -> draw 9C QD JH KS AS (talon 3 left)
  Exchange omega_bots: discard 7H 9S 10S -> draw 7C 7D AH (talon 0 left)

--- Phase: declare ---
  Declare point: volt_x wins 6 pts (('point', 6, 'D'))
  Declare sequence: omega_bots wins 4 pts (('sequence', 4, 14, 'C'))
  Declare set: omega_bots wins 3 pts (('set', 3, 12))

--- Phase: tricks ---
  Trick  1: volt_x leads 8D, omega_bots plays JD -> omega_bots wins
  Trick  2: omega_bots leads AC, volt_x plays 9C -> omega_bots wins
  Trick  3: omega_bots leads AH, volt_x plays JH -> omega_bots wins
  Trick  4: omega_bots leads KC, volt_x plays 10C -> omega_bots wins
  Trick  5: omega_bots leads KH, volt_x plays 9D -> omega_bots wins
  Trick  6: omega_bots leads QC, volt_x plays 10D -> omega_bots wins
  Trick  7: omega_bots leads 10H, volt_x plays JS -> omega_bots wins
  Trick  8: omega_bots leads QS, volt_x plays KS -> volt_x wins
  Trick  9: volt_x leads AD, omega_bots plays 7D -> volt_x wins
  Trick 10: volt_x leads AS, omega_bots plays QH -> volt_x wins
  Trick 11: volt_x leads KD, omega_bots plays JC -> volt_x wins
  Trick 12: volt_x leads QD, omega_bots plays 7C -> volt_x wins
  Hand: volt_x +12 / omega_bots +24 (tricks 5-7)
  Match total: volt_x 47 - 92 omega_bots
Players: volt_x vs omega_bots
Dealer: volt_x  |  Elder: omega_bots
Match scores: 47 - 92
Talon (8): QC 8D 10D KD JH KH AH QS
volt_x hand: 9C AC 9D QD AD 7H 8H 9H 10H QH 7S 8S
omega_bots hand: 7C 8C 10C JC KC 7D JD 9S 10S JS KS AS
  Exchange omega_bots: discard 7C 8C 10C 7D JD -> draw 8D 10D KD KH QS (talon 3 left)
  Exchange volt_x: discard 9D 7S 8S -> draw QC JH AH (talon 0 left)

--- Phase: declare ---
  Declare point: volt_x wins 7 pts (('point', 7, 'H'))
  Declare sequence: omega_bots wins 11 pts (('sequence', 6, 14, 'S'))
  Declare set: volt_x wins 3 pts (('set', 3, 14))

--- Phase: tricks ---
  Trick  1: omega_bots leads AS, volt_x plays 7H -> omega_bots wins
  Trick  2: omega_bots leads KC, volt_x plays AC -> volt_x wins
  Trick  3: volt_x leads 8H, omega_bots plays KH -> omega_bots wins
  Trick  4: omega_bots leads KS, volt_x plays 9H -> omega_bots wins
  Trick  5: omega_bots leads KD, volt_x plays AD -> volt_x wins
  Trick  6: volt_x leads 10H, omega_bots plays 9S -> volt_x wins
  Trick  7: volt_x leads JH, omega_bots plays JC -> volt_x wins
  Trick  8: volt_x leads QH, omega_bots plays 10S -> volt_x wins
  Trick  9: volt_x leads AH, omega_bots plays JS -> volt_x wins
  Trick 10: volt_x leads QD, omega_bots plays 10D -> volt_x wins
  Trick 11: volt_x leads QC, omega_bots plays QS -> volt_x wins
  Trick 12: volt_x leads 9C, omega_bots plays 8D -> volt_x wins
  Hand: volt_x +30 / omega_bots +14 (tricks 9-3)
  Match total: volt_x 77 - 106 omega_bots
  Final: volt_x 77 - 106 omega_bots
  Winner: omega_bots

============================================================
Game 93
============================================================
Players: omega_bots vs volt_x
Dealer: omega_bots  |  Elder: volt_x
Match scores: 0 - 0
Talon (8): 7C 10C JC KC 9D JD QD 8H
omega_bots hand: 8C 9C 8D KD 9H KH AH 7S 8S 9S 10S JS
volt_x hand: QC AC 7D 10D AD 7H 10H JH QH QS KS AS
  Exchange volt_x: discard QC 7D 10D 7H QH -> draw JC KC 9D QD 8H (talon 3 left)
  Exchange omega_bots: discard 8C 9C 9H -> draw 7C 10C JD (talon 0 left)

--- Phase: declare ---
  Declare point: omega_bots wins 5 pts (('point', 5, 'S'))
  Declare sequence: omega_bots wins 10 pts (('sequence', 5, 11, 'S'))
  Declare set: volt_x wins 3 pts (('set', 3, 14))

--- Phase: tricks ---
  Trick  1: volt_x leads 9D, omega_bots plays JD -> omega_bots wins
  Trick  2: omega_bots leads AH, volt_x plays 8H -> omega_bots wins
  Trick  3: omega_bots leads KD, volt_x plays AD -> volt_x wins
  Trick  4: volt_x leads QS, omega_bots plays 7S -> volt_x wins
  Trick  5: volt_x leads JC, omega_bots plays 7C -> volt_x wins
  Trick  6: volt_x leads KS, omega_bots plays JS -> volt_x wins
  Trick  7: volt_x leads 10H, omega_bots plays KH -> omega_bots wins
  Trick  8: omega_bots leads 10S, volt_x plays AS -> volt_x wins
  Trick  9: volt_x leads AC, omega_bots plays 10C -> volt_x wins
  Trick 10: volt_x leads KC, omega_bots plays 9S -> volt_x wins
  Trick 11: volt_x leads QD, omega_bots plays 8D -> volt_x wins
  Trick 12: volt_x leads JH, omega_bots plays 8S -> volt_x wins
  Hand: omega_bots +18 / volt_x +23 (tricks 3-9)
  Match total: omega_bots 18 - 23 volt_x
Players: omega_bots vs volt_x
Dealer: volt_x  |  Elder: omega_bots
Match scores: 18 - 23
Talon (8): 7C 8C AC 9D 10D AD 10S AS
omega_bots hand: 9C 10C JC 8D JD QD 7H 9H 10H QH KH JS
volt_x hand: QC KC 7D KD 8H JH AH 7S 8S 9S QS KS
  Exchange omega_bots: discard 10C 8D 7H 9H 10H -> draw 8C AC 9D 10D AD (talon 3 left)
  Exchange volt_x: discard 7D 8H JH -> draw 7C 10S AS (talon 0 left)

--- Phase: declare ---
  Declare point: volt_x wins 7 pts (('point', 7, 'S'))
  Declare sequence: omega_bots wins 4 pts (('sequence', 4, 12, 'D'))
  Declare set: volt_x wins 3 pts (('set', 3, 13))

--- Phase: tricks ---
  Trick  1: omega_bots leads AD, volt_x plays KD -> omega_bots wins
  Trick  2: omega_bots leads AC, volt_x plays 7C -> omega_bots wins
  Trick  3: omega_bots leads KH, volt_x plays AH -> volt_x wins
  Trick  4: volt_x leads 7S, omega_bots plays JS -> omega_bots wins
  Trick  5: omega_bots leads QD, volt_x plays 8S -> omega_bots wins
  Trick  6: omega_bots leads JD, volt_x plays 9S -> omega_bots wins
  Trick  7: omega_bots leads JC, volt_x plays QC -> volt_x wins
  Trick  8: volt_x leads 10S, omega_bots plays 9C -> volt_x wins
  Trick  9: volt_x leads AS, omega_bots plays QH -> volt_x wins
  Trick 10: volt_x leads KC, omega_bots plays 8C -> volt_x wins
  Trick 11: volt_x leads KS, omega_bots plays 10D -> volt_x wins
  Trick 12: volt_x leads QS, omega_bots plays 9D -> volt_x wins
  Hand: omega_bots +9 / volt_x +28 (tricks 5-7)
  Match total: omega_bots 27 - 51 volt_x
Players: omega_bots vs volt_x
Dealer: omega_bots  |  Elder: volt_x
Match scores: 27 - 51
Talon (8): 8C AC 9D QD KD 7H 10H QH
omega_bots hand: JC QC 7D 10D JD AD 8H JH 10S JS KS AS
volt_x hand: 7C 9C 10C KC 8D 9H KH AH 7S 8S 9S QS
  Exchange volt_x: discard 8D 9H KH AH QS -> draw 8C 9D KD 7H 10H (talon 3 left)
  Exchange omega_bots: discard QC 7D 10D -> draw AC QD QH (talon 0 left)

--- Phase: declare ---
  Declare point: volt_x wins 5 pts (('point', 5, 'C'))
  Declare sequence: volt_x wins 4 pts (('sequence', 4, 10, 'C'))
  Declare set: omega_bots wins 3 pts (('set', 3, 14))

--- Phase: tricks ---
  Trick  1: volt_x leads 7C, omega_bots plays JC -> omega_bots wins
  Trick  2: omega_bots leads AD, volt_x plays 9D -> omega_bots wins
  Trick  3: omega_bots leads AS, volt_x plays 7S -> omega_bots wins
  Trick  4: omega_bots leads AC, volt_x plays 8C -> omega_bots wins
  Trick  5: omega_bots leads KS, volt_x plays 8S -> omega_bots wins
  Trick  6: omega_bots leads 8H, volt_x plays 10H -> volt_x wins
  Trick  7: volt_x leads 9C, omega_bots plays JS -> volt_x wins
  Trick  8: volt_x leads 10C, omega_bots plays 10S -> volt_x wins
  Trick  9: volt_x leads KC, omega_bots plays JD -> volt_x wins
  Trick 10: volt_x leads KD, omega_bots plays QD -> volt_x wins
  Trick 11: volt_x leads 9S, omega_bots plays JH -> volt_x wins
  Trick 12: volt_x leads 7H, omega_bots plays QH -> omega_bots wins
  Hand: omega_bots +10 / volt_x +15 (tricks 6-6)
  Match total: omega_bots 37 - 66 volt_x
Players: omega_bots vs volt_x
Dealer: volt_x  |  Elder: omega_bots
Match scores: 37 - 66
Talon (8): JC 7D 9D JD KD 7H QH QS
omega_bots hand: 7C 8C 10C KC AC 8D 8H KH 7S 9S JS AS
volt_x hand: 9C QC 10D QD AD 9H 10H JH AH 8S 10S KS
  Exchange omega_bots: discard 10C 8D 8H 7S 9S -> draw JC 9D KD QH QS (talon 3 left)
  Exchange volt_x: discard 9C QD 8S -> draw 7D JD 7H (talon 0 left)

--- Phase: declare ---
  Declare point: volt_x wins 5 pts (('point', 5, 'H'))
  Declare sequence: volt_x wins 3 pts (('sequence', 3, 11, 'H'))
  Declare set: omega_bots wins 3 pts (('set', 3, 13))

--- Phase: tricks ---
  Trick  1: omega_bots leads AC, volt_x plays QC -> omega_bots wins
  Trick  2: omega_bots leads AS, volt_x plays 10S -> omega_bots wins
  Trick  3: omega_bots leads KC, volt_x plays 7D -> omega_bots wins
  Trick  4: omega_bots leads KH, volt_x plays AH -> volt_x wins
  Trick  5: volt_x leads 7H, omega_bots plays QH -> omega_bots wins
  Trick  6: omega_bots leads JS, volt_x plays KS -> volt_x wins
  Trick  7: volt_x leads 10D, omega_bots plays 9D -> volt_x wins
  Trick  8: volt_x leads 9H, omega_bots plays 7C -> volt_x wins
  Trick  9: volt_x leads AD, omega_bots plays KD -> volt_x wins
  Trick 10: volt_x leads JH, omega_bots plays 8C -> volt_x wins
  Trick 11: volt_x leads JD, omega_bots plays QS -> volt_x wins
  Trick 12: volt_x leads 10H, omega_bots plays JC -> volt_x wins
  Hand: omega_bots +7 / volt_x +27 (tricks 4-8)
  Match total: omega_bots 44 - 93 volt_x
Players: omega_bots vs volt_x
Dealer: omega_bots  |  Elder: volt_x
Match scores: 44 - 93
Talon (8): 7C JC 8D AD 8H 10H AH AS
omega_bots hand: 10C AC JD KD 7H 9H JH KH 8S 9S QS KS
volt_x hand: 8C 9C QC KC 7D 9D 10D QD QH 7S 10S JS
  Exchange volt_x: discard 7D 9D 7S 10S JS -> draw 7C JC AD AH AS (talon 3 left)
  Exchange omega_bots: discard JD 7H 9H -> draw 8D 8H 10H (talon 0 left)

--- Phase: declare ---
  Declare point: volt_x wins 6 pts (('point', 6, 'C'))
  Declare sequence: volt_x wins 3 pts (('sequence', 3, 13, 'C'))
  Declare set: volt_x wins 3 pts (('set', 3, 14))

--- Phase: tricks ---
  Trick  1: volt_x leads 7C, omega_bots plays 10C -> omega_bots wins
  Trick  2: omega_bots leads AC, volt_x plays 8C -> omega_bots wins
  Trick  3: omega_bots leads KD, volt_x plays AD -> volt_x wins
  Trick  4: volt_x leads 9C, omega_bots plays 8S -> volt_x wins
  Trick  5: volt_x leads JC, omega_bots plays 8H -> volt_x wins
  Trick  6: volt_x leads QH, omega_bots plays JH -> volt_x wins
  Trick  7: volt_x leads 10D, omega_bots plays 8D -> volt_x wins
  Trick  8: volt_x leads QC, omega_bots plays KH -> volt_x wins
  Trick  9: volt_x leads AH, omega_bots plays 10H -> volt_x wins
  Trick 10: volt_x leads AS, omega_bots plays QS -> volt_x wins
  Trick 11: volt_x leads KC, omega_bots plays 9S -> volt_x wins
  Trick 12: volt_x leads QD, omega_bots plays KS -> volt_x wins
  Hand: omega_bots +2 / volt_x +33 (tricks 2-10)
  Match total: omega_bots 46 - 126 volt_x
  Final: omega_bots 46 - 126 volt_x
  Winner: volt_x

============================================================
Game 94
============================================================
Players: volt_x vs omega_bots
Dealer: volt_x  |  Elder: omega_bots
Match scores: 0 - 0
Talon (8): 8C JC 8D KD AD KH AH KS
volt_x hand: 10C 9D 10D 7H 8H JH QH 7S 8S 9S JS QS
omega_bots hand: 7C 9C QC KC AC 7D JD QD 9H 10H 10S AS
  Exchange omega_bots: discard 7C 7D 9H 10H 10S -> draw 8C 8D KD AD KS (talon 3 left)
  Exchange volt_x: discard 9D 7H 8H -> draw JC KH AH (talon 0 left)

--- Phase: declare ---
  Declare point: omega_bots wins 5 pts (('point', 5, 'D'))
  Declare set: omega_bots wins 3 pts (('set', 3, 14))

--- Phase: tricks ---
  Trick  1: omega_bots leads AS, volt_x plays 7S -> omega_bots wins
  Trick  2: omega_bots leads AC, volt_x plays 10C -> omega_bots wins
  Trick  3: omega_bots leads AD, volt_x plays 10D -> omega_bots wins
  Trick  4: omega_bots leads KC, volt_x plays JC -> omega_bots wins
  Trick  5: omega_bots leads KS, volt_x plays 8S -> omega_bots wins
  Trick  6: omega_bots leads 9C, volt_x plays 9S -> omega_bots wins
  Trick  7: omega_bots leads QC, volt_x plays JH -> omega_bots wins
  Trick  8: omega_bots leads QD, volt_x plays JS -> omega_bots wins
  Trick  9: omega_bots leads JD, volt_x plays QH -> omega_bots wins
  Trick 10: omega_bots leads 8D, volt_x plays QS -> omega_bots wins
  Trick 11: omega_bots leads 8C, volt_x plays KH -> omega_bots wins
  Trick 12: omega_bots leads KD, volt_x plays AH -> omega_bots wins
  Hand: volt_x +0 / omega_bots +91 (tricks 0-12)
  Match total: volt_x 0 - 91 omega_bots
Players: volt_x vs omega_bots
Dealer: omega_bots  |  Elder: volt_x
Match scores: 0 - 91
Talon (8): 7C 8C AC 7D 10H JH 8S JS
volt_x hand: 9C JC KC 10D JD QD 7H KH AH 9S KS AS
omega_bots hand: 10C QC 8D 9D KD AD 8H 9H QH 7S 10S QS
  Exchange volt_x: discard 9C JC 7H AH 9S -> draw 7C 8C AC 7D JH (talon 3 left)
  Exchange omega_bots: discard 9D 8H 9H -> draw 10H 8S JS (talon 0 left)

--- Phase: declare ---
  Declare point: omega_bots wins 5 pts (('point', 5, 'S'))
  Declare set: volt_x wins 3 pts (('set', 3, 13))

--- Phase: tricks ---
  Trick  1: volt_x leads 7C, omega_bots plays 10C -> omega_bots wins
  Trick  2: omega_bots leads AD, volt_x plays 7D -> omega_bots wins
  Trick  3: omega_bots leads KD, volt_x plays 10D -> omega_bots wins
  Trick  4: omega_bots leads QC, volt_x plays KC -> volt_x wins
  Trick  5: volt_x leads KS, omega_bots plays 7S -> volt_x wins
  Trick  6: volt_x leads JD, omega_bots plays 8D -> volt_x wins
  Trick  7: volt_x leads JH, omega_bots plays 10H -> volt_x wins
  Trick  8: volt_x leads 8C, omega_bots plays 10S -> volt_x wins
  Trick  9: volt_x leads AS, omega_bots plays QS -> volt_x wins
  Trick 10: volt_x leads AC, omega_bots plays QH -> volt_x wins
  Trick 11: volt_x leads KH, omega_bots plays JS -> volt_x wins
  Trick 12: volt_x leads QD, omega_bots plays 8S -> volt_x wins
  Hand: volt_x +23 / omega_bots +8 (tricks 9-3)
  Match total: volt_x 23 - 99 omega_bots
Players: volt_x vs omega_bots
Dealer: volt_x  |  Elder: omega_bots
Match scores: 23 - 99
Talon (8): KC 8D JD KD QH KH 10S QS
volt_x hand: 7C 8C 9C QC AC QD AD 9H 10H JH AH KS
omega_bots hand: 10C JC 7D 9D 10D 7H 8H 7S 8S 9S JS AS
  Exchange omega_bots: discard 10C 7D 9D 7H 8H -> draw KC JD KD QH 10S (talon 3 left)
  Exchange volt_x: discard 7C QD KS -> draw 8D KH QS (talon 0 left)

--- Phase: declare ---
  Declare point: omega_bots wins 6 pts (('point', 6, 'S'))
  Declare sequence: omega_bots wins 10 pts (('sequence', 5, 11, 'S'))
  Declare set: volt_x wins 3 pts (('set', 3, 14))

--- Phase: tricks ---
  Trick  1: omega_bots leads AS, volt_x plays QS -> omega_bots wins
  Trick  2: omega_bots leads KC, volt_x plays AC -> volt_x wins
  Trick  3: volt_x leads 9H, omega_bots plays QH -> omega_bots wins
  Trick  4: omega_bots leads KD, volt_x plays AD -> volt_x wins
  Trick  5: volt_x leads 10H, omega_bots plays 7S -> volt_x wins
  Trick  6: volt_x leads 8C, omega_bots plays JC -> omega_bots wins
  Trick  7: omega_bots leads 10D, volt_x plays 8D -> omega_bots wins
  Trick  8: omega_bots leads JS, volt_x plays 9C -> omega_bots wins
  Trick  9: omega_bots leads 8S, volt_x plays JH -> omega_bots wins
  Trick 10: omega_bots leads 9S, volt_x plays QC -> omega_bots wins
  Trick 11: omega_bots leads 10S, volt_x plays KH -> omega_bots wins
  Trick 12: omega_bots leads JD, volt_x plays AH -> omega_bots wins
  Hand: volt_x +6 / omega_bots +36 (tricks 3-9)
  Match total: volt_x 29 - 135 omega_bots
  Final: volt_x 29 - 135 omega_bots
  Winner: omega_bots

============================================================
Game 95
============================================================
Players: omega_bots vs volt_x
Dealer: omega_bots  |  Elder: volt_x
Match scores: 0 - 0
Talon (8): 7C AC 7D QD 7H 8H JH 10S
omega_bots hand: 8C 9C JC QC 8D 10D JD 9H KH JS QS AS
volt_x hand: 10C KC 9D KD AD 10H QH AH 7S 8S 9S KS
  Exchange volt_x: discard 10C 9D 10H QH AH -> draw 7D QD 8H JH 10S (talon 3 left)
  Exchange omega_bots: discard 8D 10D 9H -> draw 7C AC 7H (talon 0 left)

--- Phase: declare ---
  Declare point: omega_bots wins 6 pts (('point', 6, 'C'))
  Declare sequence: volt_x wins 4 pts (('sequence', 4, 10, 'S'))
  Declare set: volt_x wins 3 pts (('set', 3, 13))

--- Phase: tricks ---
  Trick  1: volt_x leads 7S, omega_bots plays JS -> omega_bots wins
  Trick  2: omega_bots leads AS, volt_x plays 8S -> omega_bots wins
  Trick  3: omega_bots leads AC, volt_x plays KC -> omega_bots wins
  Trick  4: omega_bots leads KH, volt_x plays 8H -> omega_bots wins
  Trick  5: omega_bots leads QC, volt_x plays 7D -> omega_bots wins
  Trick  6: omega_bots leads JC, volt_x plays 9S -> omega_bots wins
  Trick  7: omega_bots leads JD, volt_x plays QD -> volt_x wins
  Trick  8: volt_x leads KD, omega_bots plays QS -> volt_x wins
  Trick  9: volt_x leads AD, omega_bots plays 9C -> volt_x wins
  Trick 10: volt_x leads KS, omega_bots plays 8C -> volt_x wins
  Trick 11: volt_x leads JH, omega_bots plays 7H -> volt_x wins
  Trick 12: volt_x leads 10S, omega_bots plays 7C -> volt_x wins
  Hand: omega_bots +12 / volt_x +14 (tricks 6-6)
  Match total: omega_bots 12 - 14 volt_x
Players: omega_bots vs volt_x
Dealer: volt_x  |  Elder: omega_bots
Match scores: 12 - 14
Talon (8): 9C 10C 7D KD AD 8H 9S QS
omega_bots hand: 7C 8C QC 9D 10D 7H 10H KH AH 7S 10S JS
volt_x hand: JC KC AC 8D JD QD 9H JH QH 8S KS AS
  Exchange omega_bots: discard 7C 8C 9D 7H 7S -> draw KD AD 8H 9S QS (talon 3 left)
  Exchange volt_x: discard 8D 9H 8S -> draw 9C 10C 7D (talon 0 left)

--- Phase: declare ---
  Declare point: volt_x wins 5 pts (('point', 5, 'C'))
  Declare sequence: omega_bots wins 4 pts (('sequence', 4, 12, 'S'))
  Declare set: volt_x wins 3 pts (('set', 3, 11))

--- Phase: tricks ---
  Trick  1: omega_bots leads AH, volt_x plays JH -> omega_bots wins
  Trick  2: omega_bots leads AD, volt_x plays 7D -> omega_bots wins
  Trick  3: omega_bots leads KH, volt_x plays QH -> omega_bots wins
  Trick  4: omega_bots leads KD, volt_x plays JD -> omega_bots wins
  Trick  5: omega_bots leads QC, volt_x plays KC -> volt_x wins
  Trick  6: volt_x leads 9C, omega_bots plays JS -> volt_x wins
  Trick  7: volt_x leads 10C, omega_bots plays 10D -> volt_x wins
  Trick  8: volt_x leads JC, omega_bots plays 10S -> volt_x wins
  Trick  9: volt_x leads AC, omega_bots plays 10H -> volt_x wins
  Trick 10: volt_x leads AS, omega_bots plays 9S -> volt_x wins
  Trick 11: volt_x leads KS, omega_bots plays QS -> volt_x wins
  Trick 12: volt_x leads QD, omega_bots plays 8H -> volt_x wins
  Hand: omega_bots +8 / volt_x +27 (tricks 4-8)
  Match total: omega_bots 20 - 41 volt_x
Players: omega_bots vs volt_x
Dealer: omega_bots  |  Elder: volt_x
Match scores: 20 - 41
Talon (8): 8C JC QC KD AD 10H 10S KS
omega_bots hand: 10C AC 7D 8D JD QD 7H 8H AH 7S QS AS
volt_x hand: 7C 9C KC 9D 10D 9H JH QH KH 8S 9S JS
  Exchange volt_x: discard 7C 9C 9D 8S 9S -> draw JC KD 10H 10S KS (talon 3 left)
  Exchange omega_bots: discard 10C 7H 8H -> draw 8C QC AD (talon 0 left)

--- Phase: declare ---
  Declare point: volt_x wins 5 pts (('point', 5, 'H'))
  Declare sequence: volt_x wins 10 pts (('sequence', 5, 13, 'H'))
  Declare set: omega_bots wins 14 pts (('set', 4, 14))

--- Phase: tricks ---
  Trick  1: volt_x leads 9H, omega_bots plays AH -> omega_bots wins
  Trick  2: omega_bots leads AC, volt_x plays JC -> omega_bots wins
  Trick  3: omega_bots leads AS, volt_x plays 10S -> omega_bots wins
  Trick  4: omega_bots leads AD, volt_x plays 10D -> omega_bots wins
  Trick  5: omega_bots leads QD, volt_x plays KD -> volt_x wins
  Trick  6: volt_x leads 10H, omega_bots plays 7D -> volt_x wins
  Trick  7: volt_x leads JH, omega_bots plays 8D -> volt_x wins
  Trick  8: volt_x leads JS, omega_bots plays 7S -> volt_x wins
  Trick  9: volt_x leads KH, omega_bots plays JD -> volt_x wins
  Trick 10: volt_x leads KC, omega_bots plays 8C -> volt_x wins
  Trick 11: volt_x leads KS, omega_bots plays QS -> volt_x wins
  Trick 12: volt_x leads QH, omega_bots plays QC -> volt_x wins
  Hand: omega_bots +18 / volt_x +34 (tricks 4-8)
  Match total: omega_bots 38 - 75 volt_x
Players: omega_bots vs volt_x
Dealer: volt_x  |  Elder: omega_bots
Match scores: 38 - 75
Talon (8): 8C 10C KC QD 9H AH 9S QS
omega_bots hand: JC QC AC 7D KD AD 7H JH KH 8S KS AS
volt_x hand: 7C 9C 8D 9D 10D JD 8H 10H QH 7S 10S JS
  Exchange omega_bots: discard 7D KD 7H JH 8S -> draw 8C 10C KC QD QS (talon 3 left)
  Exchange volt_x: discard 7C 8H 7S -> draw 9H AH 9S (talon 0 left)

--- Phase: declare ---
  Declare point: omega_bots wins 6 pts (('point', 6, 'C'))
  Declare sequence: omega_bots wins 10 pts (('sequence', 5, 14, 'C'))
  Declare set: omega_bots wins 3 pts (('set', 3, 14))

--- Phase: tricks ---
  Trick  1: omega_bots leads AD, volt_x plays 8D -> omega_bots wins
  Trick  2: omega_bots leads AS, volt_x plays 9S -> omega_bots wins
  Trick  3: omega_bots leads AC, volt_x plays 9C -> omega_bots wins
  Trick  4: omega_bots leads KH, volt_x plays AH -> volt_x wins
  Trick  5: volt_x leads 9D, omega_bots plays QD -> omega_bots wins
  Trick  6: omega_bots leads QC, volt_x plays 9H -> omega_bots wins
  Trick  7: omega_bots leads JC, volt_x plays 10S -> omega_bots wins
  Trick  8: omega_bots leads KS, volt_x plays JS -> omega_bots wins
  Trick  9: omega_bots leads KC, volt_x plays 10D -> omega_bots wins
  Trick 10: omega_bots leads 8C, volt_x plays 10H -> omega_bots wins
  Trick 11: omega_bots leads QS, volt_x plays JD -> omega_bots wins
  Trick 12: omega_bots leads 10C, volt_x plays QH -> omega_bots wins
  Hand: omega_bots +41 / volt_x +1 (tricks 11-1)
  Match total: omega_bots 79 - 76 volt_x
Players: omega_bots vs volt_x
Dealer: omega_bots  |  Elder: volt_x
Match scores: 79 - 76
Talon (8): 10C KC QD KD JH 7S JS QS
omega_bots hand: 7C 8C 9C AC 9D AD 8H 8S 9S 10S KS AS
volt_x hand: JC QC 7D 8D 10D JD 7H 9H 10H QH KH AH
  Exchange volt_x: discard JC QC 7D 8D 10D -> draw 10C KC QD KD 7S (talon 3 left)
  Exchange omega_bots: discard 7C 9C 9D -> draw JH JS QS (talon 0 left)

--- Phase: declare ---
  Declare point: omega_bots wins 7 pts (('point', 7, 'S'))
  Declare sequence: omega_bots wins 12 pts (('sequence', 7, 14, 'S'))
  Declare set: omega_bots wins 3 pts (('set', 3, 14))

--- Phase: tricks ---
  Trick  1: volt_x leads 7H, omega_bots plays 8H -> omega_bots wins
  Trick  2: omega_bots leads AD, volt_x plays JD -> omega_bots wins
  Trick  3: omega_bots leads AS, volt_x plays 7S -> omega_bots wins
  Trick  4: omega_bots leads AC, volt_x plays 10C -> omega_bots wins
  Trick  5: omega_bots leads KS, volt_x plays 9H -> omega_bots wins
  Trick  6: omega_bots leads 8C, volt_x plays KC -> volt_x wins
  Trick  7: volt_x leads 10H, omega_bots plays JH -> omega_bots wins
  Trick  8: omega_bots leads 10S, volt_x plays QH -> omega_bots wins
  Trick  9: omega_bots leads 8S, volt_x plays QD -> omega_bots wins
  Trick 10: omega_bots leads 9S, volt_x plays KH -> omega_bots wins
  Trick 11: omega_bots leads QS, volt_x plays KD -> omega_bots wins
  Trick 12: omega_bots leads JS, volt_x plays AH -> omega_bots wins
  Hand: omega_bots +44 / volt_x +1 (tricks 11-1)
  Match total: omega_bots 123 - 77 volt_x
  Final: omega_bots 123 - 77 volt_x
  Winner: omega_bots

============================================================
Game 96
============================================================
Players: volt_x vs omega_bots
Dealer: volt_x  |  Elder: omega_bots
Match scores: 0 - 0
Talon (8): 8C 10D AD 9H 9S 10S KS AS
volt_x hand: 7C 10C KC 9D KD 7H 8H 10H JH AH 7S 8S
omega_bots hand: 9C JC QC AC 7D 8D JD QD QH KH JS QS
  Exchange omega_bots: discard 7D 8D JD KH JS -> draw 10D 9H 9S 10S KS (talon 3 left)
  Exchange volt_x: discard 7C 7S 8S -> draw 8C AD AS (talon 0 left)

--- Phase: declare ---
  Declare point: volt_x wins 5 pts (('point', 5, 'H'))
  Declare set: volt_x wins 3 pts (('set', 3, 14))

--- Phase: tricks ---
  Trick  1: omega_bots leads AC, volt_x plays 8C -> omega_bots wins
  Trick  2: omega_bots leads KS, volt_x plays AS -> volt_x wins
  Trick  3: volt_x leads 7H, omega_bots plays 9H -> omega_bots wins
  Trick  4: omega_bots leads QS, volt_x plays 8H -> omega_bots wins
  Trick  5: omega_bots leads QH, volt_x plays AH -> volt_x wins
  Trick  6: volt_x leads 9D, omega_bots plays QD -> omega_bots wins
  Trick  7: omega_bots leads 9C, volt_x plays 10C -> volt_x wins
  Trick  8: volt_x leads KD, omega_bots plays 10D -> volt_x wins
  Trick  9: volt_x leads AD, omega_bots plays QC -> volt_x wins
  Trick 10: volt_x leads KC, omega_bots plays JC -> volt_x wins
  Trick 11: volt_x leads JH, omega_bots plays 9S -> volt_x wins
  Trick 12: volt_x leads 10H, omega_bots plays 10S -> volt_x wins
  Hand: volt_x +27 / omega_bots +4 (tricks 8-4)
  Match total: volt_x 27 - 4 omega_bots
Players: volt_x vs omega_bots
Dealer: omega_bots  |  Elder: volt_x
Match scores: 27 - 4
Talon (8): 9D 10D QD KD KH 8S 9S AS
volt_x hand: 7C 10C QC JD 7H 8H 10H QH AH 10S JS KS
omega_bots hand: 8C 9C JC KC AC 7D 8D AD 9H JH 7S QS
  Exchange volt_x: discard 7C QC JD JS KS -> draw 10D KH 8S 9S AS (talon 3 left)
  Exchange omega_bots: discard 7D 8D 7S -> draw 9D QD KD (talon 0 left)

--- Phase: declare ---
  Declare point: volt_x wins 6 pts (('point', 6, 'H'))
  Declare set: volt_x wins 14 pts (('set', 4, 10))

--- Phase: tricks ---
  Trick  1: volt_x leads 7H, omega_bots plays 9H -> omega_bots wins
  Trick  2: omega_bots leads AD, volt_x plays 10D -> omega_bots wins
  Trick  3: omega_bots leads AC, volt_x plays 10C -> omega_bots wins
  Trick  4: omega_bots leads KC, volt_x plays 8H -> omega_bots wins
  Trick  5: omega_bots leads KD, volt_x plays 8S -> omega_bots wins
  Trick  6: omega_bots leads 8C, volt_x plays 9S -> omega_bots wins
  Trick  7: omega_bots leads JH, volt_x plays QH -> volt_x wins
  Trick  8: volt_x leads 10H, omega_bots plays QS -> volt_x wins
  Trick  9: volt_x leads AH, omega_bots plays JC -> volt_x wins
  Trick 10: volt_x leads AS, omega_bots plays 9C -> volt_x wins
  Trick 11: volt_x leads KH, omega_bots plays QD -> volt_x wins
  Trick 12: volt_x leads 10S, omega_bots plays 9D -> volt_x wins
  Hand: volt_x +27 / omega_bots +6 (tricks 6-6)
  Match total: volt_x 54 - 10 omega_bots
Players: volt_x vs omega_bots
Dealer: volt_x  |  Elder: omega_bots
Match scores: 54 - 10
Talon (8): JC KD AD 9H 10H AH 7S 8S
volt_x hand: 7C 8C 10C AC 9D QH KH 10S JS QS KS AS
omega_bots hand: 9C QC KC 7D 8D 10D JD QD 7H 8H JH 9S
  Exchange omega_bots: discard 9C QC 7H 8H JH -> draw JC KD AD 10H AH (talon 3 left)
  Exchange volt_x: discard 7C 8C 9D -> draw 9H 7S 8S (talon 0 left)

--- Phase: declare ---

--- Phase: tricks ---
  Trick  1: omega_bots leads AD, volt_x plays 7S -> omega_bots wins
  Trick  2: omega_bots leads AH, volt_x plays 9H -> omega_bots wins
  Trick  3: omega_bots leads KC, volt_x plays AC -> volt_x wins
  Trick  4: volt_x leads 8S, omega_bots plays 9S -> omega_bots wins
  Trick  5: omega_bots leads KD, volt_x plays 10C -> omega_bots wins
  Trick  6: omega_bots leads JD, volt_x plays 10S -> omega_bots wins
  Trick  7: omega_bots leads 7D, volt_x plays JS -> omega_bots wins
  Trick  8: omega_bots leads 8D, volt_x plays QS -> omega_bots wins
  Trick  9: omega_bots leads 10D, volt_x plays QH -> omega_bots wins
  Trick 10: omega_bots leads QD, volt_x plays KS -> omega_bots wins
  Trick 11: omega_bots leads 10H, volt_x plays KH -> volt_x wins
  Trick 12: volt_x leads AS, omega_bots plays JC -> volt_x wins
  Hand: volt_x +4 / omega_bots +19 (tricks 3-9)
  Match total: volt_x 58 - 29 omega_bots
Players: volt_x vs omega_bots
Dealer: omega_bots  |  Elder: volt_x
Match scores: 58 - 29
Talon (8): 7C 10C 9D KD AD 9S QS KS
volt_x hand: 9C JC KC AC 7D JD JH QH AH 7S 10S AS
omega_bots hand: 8C QC 8D 10D QD 7H 8H 9H 10H KH 8S JS
  Exchange volt_x: discard 7D JD QH 7S 10S -> draw 10C 9D KD AD KS (talon 3 left)
  Exchange omega_bots: discard 8C 8D 8S -> draw 7C 9S QS (talon 0 left)

--- Phase: declare ---
  Declare point: volt_x wins 5 pts (('point', 5, 'C'))
  Declare sequence: omega_bots wins 4 pts (('sequence', 4, 10, 'H'))
  Declare set: volt_x wins 14 pts (('set', 4, 14))

--- Phase: tricks ---
  Trick  1: volt_x leads 9C, omega_bots plays QC -> omega_bots wins
  Trick  2: omega_bots leads KH, volt_x plays AH -> volt_x wins
  Trick  3: volt_x leads 10C, omega_bots plays 7C -> volt_x wins
  Trick  4: volt_x leads JC, omega_bots plays 7H -> volt_x wins
  Trick  5: volt_x leads 9D, omega_bots plays 10D -> omega_bots wins
  Trick  6: omega_bots leads JS, volt_x plays KS -> volt_x wins
  Trick  7: volt_x leads KC, omega_bots plays 9H -> volt_x wins
  Trick  8: volt_x leads KD, omega_bots plays QD -> volt_x wins
  Trick  9: volt_x leads AC, omega_bots plays 8H -> volt_x wins
  Trick 10: volt_x leads AS, omega_bots plays QS -> volt_x wins
  Trick 11: volt_x leads AD, omega_bots plays 10H -> volt_x wins
  Trick 12: volt_x leads JH, omega_bots plays 9S -> volt_x wins
  Hand: volt_x +40 / omega_bots +6 (tricks 10-2)
  Match total: volt_x 98 - 35 omega_bots
Players: volt_x vs omega_bots
Dealer: volt_x  |  Elder: omega_bots
Match scores: 98 - 35
Talon (8): QC AC 8D JD KD JH AH JS
volt_x hand: 7C JC KC 7D 9D QD AD 7H 9S 10S QS KS
omega_bots hand: 8C 9C 10C 10D 8H 9H 10H QH KH 7S 8S AS
  Exchange omega_bots: discard 8C 9C 10D 7S 8S -> draw QC 8D JD KD JH (talon 3 left)
  Exchange volt_x: discard 7C 7D 7H -> draw AC AH JS (talon 0 left)

--- Phase: declare ---
  Declare point: omega_bots wins 6 pts (('point', 6, 'H'))
  Declare sequence: omega_bots wins 11 pts (('sequence', 6, 13, 'H'))
  Declare set: volt_x wins 3 pts (('set', 3, 14))

--- Phase: tricks ---
  Trick  1: omega_bots leads AS, volt_x plays 9S -> omega_bots wins
  Trick  2: omega_bots leads KH, volt_x plays AH -> volt_x wins
  Trick  3: volt_x leads 10S, omega_bots plays 8H -> volt_x wins
  Trick  4: volt_x leads JS, omega_bots plays 8D -> volt_x wins
  Trick  5: volt_x leads 9D, omega_bots plays JD -> omega_bots wins
  Trick  6: omega_bots leads QH, volt_x plays JC -> omega_bots wins
  Trick  7: omega_bots leads 10H, volt_x plays QS -> omega_bots wins
  Trick  8: omega_bots leads 9H, volt_x plays QD -> omega_bots wins
  Trick  9: omega_bots leads 10C, volt_x plays KC -> volt_x wins
  Trick 10: volt_x leads AD, omega_bots plays KD -> volt_x wins
  Trick 11: volt_x leads AC, omega_bots plays QC -> volt_x wins
  Trick 12: volt_x leads KS, omega_bots plays JH -> volt_x wins
  Hand: volt_x +21 / omega_bots +22 (tricks 7-5)
  Match total: volt_x 119 - 57 omega_bots
  Final: volt_x 119 - 57 omega_bots
  Winner: volt_x

============================================================
Game 97
============================================================
Players: omega_bots vs volt_x
Dealer: omega_bots  |  Elder: volt_x
Match scores: 0 - 0
Talon (8): 7C AC 8D JD AD 9H QH JS
omega_bots hand: 9C QC KC 7D 9D 10D KD 7H 10H KH 7S 9S
volt_x hand: 8C 10C JC QD 8H JH AH 8S 10S QS KS AS
  Exchange volt_x: discard 8C 10C JC QD 8H -> draw 7C AC JD AD 9H (talon 3 left)
  Exchange omega_bots: discard 10H 7S 9S -> draw 8D QH JS (talon 0 left)

--- Phase: declare ---
  Declare point: volt_x wins 5 pts (('point', 5, 'S'))
  Declare sequence: omega_bots wins 4 pts (('sequence', 4, 10, 'D'))
  Declare set: volt_x wins 14 pts (('set', 4, 14))

--- Phase: tricks ---
  Trick  1: volt_x leads 8S, omega_bots plays JS -> omega_bots wins
  Trick  2: omega_bots leads KD, volt_x plays AD -> volt_x wins
  Trick  3: volt_x leads 10S, omega_bots plays 7H -> volt_x wins
  Trick  4: volt_x leads QS, omega_bots plays 7D -> volt_x wins
  Trick  5: volt_x leads 9H, omega_bots plays QH -> omega_bots wins
  Trick  6: omega_bots leads KH, volt_x plays AH -> volt_x wins
  Trick  7: volt_x leads KS, omega_bots plays KC -> volt_x wins
  Trick  8: volt_x leads 7C, omega_bots plays 9C -> omega_bots wins
  Trick  9: omega_bots leads 9D, volt_x plays JD -> volt_x wins
  Trick 10: volt_x leads AS, omega_bots plays 10D -> volt_x wins
  Trick 11: volt_x leads AC, omega_bots plays QC -> volt_x wins
  Trick 12: volt_x leads JH, omega_bots plays 8D -> volt_x wins
  Hand: omega_bots +7 / volt_x +39 (tricks 3-9)
  Match total: omega_bots 7 - 39 volt_x
Players: omega_bots vs volt_x
Dealer: volt_x  |  Elder: omega_bots
Match scores: 7 - 39
Talon (8): 8C KC 7D 8D 10H QH 8S 9S
omega_bots hand: 7C 9C 9D AD 7H 9H JH KH AH 10S QS KS
volt_x hand: 10C JC QC AC 10D JD QD KD 8H 7S JS AS
  Exchange omega_bots: discard 7C 9C 9D 7H QS -> draw 8C 7D 10H QH 9S (talon 3 left)
  Exchange volt_x: discard 8H 7S AS -> draw KC 8D 8S (talon 0 left)

--- Phase: declare ---
  Declare point: omega_bots wins 6 pts (('point', 6, 'H'))
  Declare sequence: omega_bots wins 11 pts (('sequence', 6, 14, 'H'))
  Declare set: volt_x wins 3 pts (('set', 3, 11))

--- Phase: tricks ---
  Trick  1: omega_bots leads AD, volt_x plays 8D -> omega_bots wins
  Trick  2: omega_bots leads AH, volt_x plays 8S -> omega_bots wins
  Trick  3: omega_bots leads KS, volt_x plays JS -> omega_bots wins
  Trick  4: omega_bots leads KH, volt_x plays 10C -> omega_bots wins
  Trick  5: omega_bots leads QH, volt_x plays 10D -> omega_bots wins
  Trick  6: omega_bots leads JH, volt_x plays JD -> omega_bots wins
  Trick  7: omega_bots leads 9H, volt_x plays JC -> omega_bots wins
  Trick  8: omega_bots leads 10S, volt_x plays QC -> omega_bots wins
  Trick  9: omega_bots leads 9S, volt_x plays QD -> omega_bots wins
  Trick 10: omega_bots leads 10H, volt_x plays KD -> omega_bots wins
  Trick 11: omega_bots leads 7D, volt_x plays KC -> omega_bots wins
  Trick 12: omega_bots leads 8C, volt_x plays AC -> volt_x wins
  Hand: omega_bots +38 / volt_x +5 (tricks 11-1)
  Match total: omega_bots 45 - 44 volt_x
Players: omega_bots vs volt_x
Dealer: omega_bots  |  Elder: volt_x
Match scores: 45 - 44
Talon (8): 10C AC AD 8H 10H JH JS QS
omega_bots hand: 8C 9C QC KC 7D 9D JD QD KD 9H AH AS
volt_x hand: 7C JC 8D 10D 7H QH KH 7S 8S 9S 10S KS
  Exchange volt_x: discard 7C JC 8D 7H QH -> draw AC 8H 10H JH QS (talon 3 left)
  Exchange omega_bots: discard 8C 9C 9H -> draw 10C AD JS (talon 0 left)

--- Phase: declare ---
  Declare point: omega_bots wins 6 pts (('point', 6, 'D'))
  Declare sequence: omega_bots wins 4 pts (('sequence', 4, 14, 'D'))
  Declare set: omega_bots wins 3 pts (('set', 3, 14))

--- Phase: tricks ---
  Trick  1: volt_x leads 7S, omega_bots plays JS -> omega_bots wins
  Trick  2: omega_bots leads AS, volt_x plays 8S -> omega_bots wins
  Trick  3: omega_bots leads AH, volt_x plays 8H -> omega_bots wins
  Trick  4: omega_bots leads AD, volt_x plays 10D -> omega_bots wins
  Trick  5: omega_bots leads KD, volt_x plays 9S -> omega_bots wins
  Trick  6: omega_bots leads JD, volt_x plays 10S -> omega_bots wins
  Trick  7: omega_bots leads QC, volt_x plays AC -> volt_x wins
  Trick  8: volt_x leads 10H, omega_bots plays 7D -> volt_x wins
  Trick  9: volt_x leads KH, omega_bots plays KC -> volt_x wins
  Trick 10: volt_x leads KS, omega_bots plays QD -> volt_x wins
  Trick 11: volt_x leads QS, omega_bots plays 9D -> volt_x wins
  Trick 12: volt_x leads JH, omega_bots plays 10C -> volt_x wins
  Hand: omega_bots +19 / volt_x +7 (tricks 6-6)
  Match total: omega_bots 64 - 51 volt_x
Players: omega_bots vs volt_x
Dealer: volt_x  |  Elder: omega_bots
Match scores: 64 - 51
Talon (8): 8D QD 10H JH QH 7S QS AS
omega_bots hand: 7C 8C 9C JC QC KC 9D 10D JD 8H 9H AH
volt_x hand: 10C AC 7D KD AD 7H KH 8S 9S 10S JS KS
  Exchange omega_bots: discard 8C 9D 10D 8H 9H -> draw 10H JH QH 7S QS (talon 3 left)
  Exchange volt_x: discard 10C 7D 7H -> draw 8D QD AS (talon 0 left)

--- Phase: declare ---
  Declare point: volt_x wins 6 pts (('point', 6, 'S'))
  Declare sequence: volt_x wins 4 pts (('sequence', 4, 11, 'S'))
  Declare set: volt_x wins 3 pts (('set', 3, 14))

--- Phase: tricks ---
  Trick  1: omega_bots leads AH, volt_x plays KH -> omega_bots wins
  Trick  2: omega_bots leads KC, volt_x plays AC -> volt_x wins
  Trick  3: volt_x leads 8S, omega_bots plays QS -> omega_bots wins
  Trick  4: omega_bots leads QC, volt_x plays 8D -> omega_bots wins
  Trick  5: omega_bots leads QH, volt_x plays 9S -> omega_bots wins
  Trick  6: omega_bots leads 7C, volt_x plays 10S -> omega_bots wins
  Trick  7: omega_bots leads JC, volt_x plays JS -> omega_bots wins
  Trick  8: omega_bots leads JD, volt_x plays QD -> volt_x wins
  Trick  9: volt_x leads AD, omega_bots plays 9C -> volt_x wins
  Trick 10: volt_x leads AS, omega_bots plays 7S -> volt_x wins
  Trick 11: volt_x leads KD, omega_bots plays JH -> volt_x wins
  Trick 12: volt_x leads KS, omega_bots plays 10H -> volt_x wins
  Hand: omega_bots +6 / volt_x +20 (tricks 6-6)
  Match total: omega_bots 70 - 71 volt_x
Players: omega_bots vs volt_x
Dealer: omega_bots  |  Elder: volt_x
Match scores: 70 - 71
Talon (8): 10C JC 9D JD 8H JH QH 10S
omega_bots hand: 7C 8C 9C AC 10D 9H 10H AH 7S 9S KS AS
volt_x hand: QC KC 7D 8D QD KD AD 7H KH 8S JS QS
  Exchange volt_x: discard QC 7H 8S JS QS -> draw JC 9D JD JH 10S (talon 3 left)
  Exchange omega_bots: discard 9H 10H 7S -> draw 10C 8H QH (talon 0 left)

--- Phase: declare ---
  Declare point: volt_x wins 7 pts (('point', 7, 'D'))
  Declare sequence: volt_x wins 4 pts (('sequence', 4, 14, 'D'))
  Declare set: omega_bots wins 3 pts (('set', 3, 14))

--- Phase: tricks ---
  Trick  1: volt_x leads 7D, omega_bots plays 10D -> omega_bots wins
  Trick  2: omega_bots leads AC, volt_x plays JC -> omega_bots wins
  Trick  3: omega_bots leads AS, volt_x plays 10S -> omega_bots wins
  Trick  4: omega_bots leads AH, volt_x plays JH -> omega_bots wins
  Trick  5: omega_bots leads KS, volt_x plays 8D -> omega_bots wins
  Trick  6: omega_bots leads 7C, volt_x plays KC -> volt_x wins
  Trick  7: volt_x leads 9D, omega_bots plays 8C -> volt_x wins
  Trick  8: volt_x leads JD, omega_bots plays 9C -> volt_x wins
  Trick  9: volt_x leads AD, omega_bots plays 9S -> volt_x wins
  Trick 10: volt_x leads KH, omega_bots plays QH -> volt_x wins
  Trick 11: volt_x leads KD, omega_bots plays 10C -> volt_x wins
  Trick 12: volt_x leads QD, omega_bots plays 8H -> volt_x wins
  Hand: omega_bots +8 / volt_x +29 (tricks 5-7)
  Match total: omega_bots 78 - 100 volt_x
  Final: omega_bots 78 - 100 volt_x
  Winner: volt_x

============================================================
Game 98
============================================================
Players: volt_x vs omega_bots
Dealer: volt_x  |  Elder: omega_bots
Match scores: 0 - 0
Talon (8): 10C KC 9D 10D KD 10H QH JS
volt_x hand: 7C JC AC JD AD 9H KH 7S 8S 10S KS AS
omega_bots hand: 8C 9C QC 7D 8D QD 7H 8H JH AH 9S QS
  Exchange omega_bots: discard 8C 9C 7D 7H 9S -> draw 10C 9D 10D QH JS (talon 3 left)
  Exchange volt_x: discard 7C JC 9H -> draw KC KD 10H (talon 0 left)

--- Phase: declare ---
  Declare point: volt_x wins 5 pts (('point', 5, 'S'))
  Declare sequence: omega_bots wins 3 pts (('sequence', 3, 10, 'D'))
  Declare set: volt_x wins 3 pts (('set', 3, 14))

--- Phase: tricks ---
  Trick  1: omega_bots leads AH, volt_x plays 10H -> omega_bots wins
  Trick  2: omega_bots leads QC, volt_x plays KC -> volt_x wins
  Trick  3: volt_x leads 7S, omega_bots plays JS -> omega_bots wins
  Trick  4: omega_bots leads QS, volt_x plays KS -> volt_x wins
  Trick  5: volt_x leads 8S, omega_bots plays 8H -> volt_x wins
  Trick  6: volt_x leads JD, omega_bots plays 8D -> volt_x wins
  Trick  7: volt_x leads 10S, omega_bots plays JH -> volt_x wins
  Trick  8: volt_x leads KD, omega_bots plays QD -> volt_x wins
  Trick  9: volt_x leads AS, omega_bots plays 10D -> volt_x wins
  Trick 10: volt_x leads AD, omega_bots plays 9D -> volt_x wins
  Trick 11: volt_x leads AC, omega_bots plays 10C -> volt_x wins
  Trick 12: volt_x leads KH, omega_bots plays QH -> volt_x wins
  Hand: volt_x +29 / omega_bots +5 (tricks 10-2)
  Match total: volt_x 29 - 5 omega_bots
Players: volt_x vs omega_bots
Dealer: omega_bots  |  Elder: volt_x
Match scores: 29 - 5
Talon (8): JC 10D JD QD KD QH 8S JS
volt_x hand: 8C 9C QC KC 9D 8H 9H JH AH 10S QS AS
omega_bots hand: 7C 10C AC 7D 8D AD 7H 10H KH 7S 9S KS
  Exchange volt_x: discard 8C 9C QC 9D 10S -> draw JC JD QD KD QH (talon 3 left)
  Exchange omega_bots: discard 7D 8D 10H -> draw 10D 8S JS (talon 0 left)

--- Phase: declare ---
  Declare point: volt_x wins 5 pts (('point', 5, 'H'))
  Declare sequence: volt_x wins 3 pts (('sequence', 3, 13, 'D'))
  Declare set: volt_x wins 3 pts (('set', 3, 12))

--- Phase: tricks ---
  Trick  1: volt_x leads 8H, omega_bots plays KH -> omega_bots wins
  Trick  2: omega_bots leads AD, volt_x plays JD -> omega_bots wins
  Trick  3: omega_bots leads AC, volt_x plays JC -> omega_bots wins
  Trick  4: omega_bots leads KS, volt_x plays AS -> volt_x wins
  Trick  5: volt_x leads 9H, omega_bots plays 7H -> volt_x wins
  Trick  6: volt_x leads JH, omega_bots plays 7S -> volt_x wins
  Trick  7: volt_x leads QH, omega_bots plays 10C -> volt_x wins
  Trick  8: volt_x leads QD, omega_bots plays 10D -> volt_x wins
  Trick  9: volt_x leads AH, omega_bots plays 7C -> volt_x wins
  Trick 10: volt_x leads KC, omega_bots plays 9S -> volt_x wins
  Trick 11: volt_x leads KD, omega_bots plays 8S -> volt_x wins
  Trick 12: volt_x leads QS, omega_bots plays JS -> volt_x wins
  Hand: volt_x +31 / omega_bots +3 (tricks 9-3)
  Match total: volt_x 60 - 8 omega_bots
Players: volt_x vs omega_bots
Dealer: volt_x  |  Elder: omega_bots
Match scores: 60 - 8
Talon (8): 7C 7D 10D QD AH 9S 10S KS
volt_x hand: 10C JC QC AC 9H 10H JH QH KH 7S 8S JS
omega_bots hand: 8C 9C KC 8D 9D JD KD AD 7H 8H QS AS
  Exchange omega_bots: discard 8C 9C 8D 7H QS -> draw 7C 7D 10D AH 9S (talon 3 left)
  Exchange volt_x: discard 10C 7S 8S -> draw QD 10S KS (talon 0 left)

--- Phase: declare ---
  Declare point: omega_bots wins 6 pts (('point', 6, 'D'))
  Declare sequence: volt_x wins 10 pts (('sequence', 5, 13, 'H'))
  Declare set: omega_bots wins 3 pts (('set', 3, 14))

--- Phase: tricks ---
  Trick  1: omega_bots leads AD, volt_x plays QD -> omega_bots wins
  Trick  2: omega_bots leads AS, volt_x plays 10S -> omega_bots wins
  Trick  3: omega_bots leads AH, volt_x plays 9H -> omega_bots wins
  Trick  4: omega_bots leads KC, volt_x plays AC -> volt_x wins
  Trick  5: volt_x leads 10H, omega_bots plays 8H -> volt_x wins
  Trick  6: volt_x leads JH, omega_bots plays JD -> volt_x wins
  Trick  7: volt_x leads JC, omega_bots plays 7C -> volt_x wins
  Trick  8: volt_x leads QH, omega_bots plays 9D -> volt_x wins
  Trick  9: volt_x leads KH, omega_bots plays KD -> volt_x wins
  Trick 10: volt_x leads KS, omega_bots plays 9S -> volt_x wins
  Trick 11: volt_x leads QC, omega_bots plays 10D -> volt_x wins
  Trick 12: volt_x leads JS, omega_bots plays 7D -> volt_x wins
  Hand: volt_x +30 / omega_bots +12 (tricks 9-3)
  Match total: volt_x 90 - 20 omega_bots
Players: volt_x vs omega_bots
Dealer: omega_bots  |  Elder: volt_x
Match scores: 90 - 20
Talon (8): 7C 8C KC 7D 9H QH KH AH
volt_x hand: 9C JC AC 9D JD KD 7H 10H JH 7S 9S KS
omega_bots hand: 10C QC 8D 10D QD AD 8H 8S 10S JS QS AS
  Exchange volt_x: discard 9D 7H 10H 7S 9S -> draw 8C KC 9H QH KH (talon 3 left)
  Exchange omega_bots: discard 10C 8D 10D -> draw 7C 7D AH (talon 0 left)

--- Phase: declare ---
  Declare point: omega_bots wins 5 pts (('point', 5, 'S'))
  Declare sequence: volt_x wins 3 pts (('sequence', 3, 13, 'H'))
  Declare set: omega_bots wins 3 pts (('set', 3, 14))

--- Phase: tricks ---
  Trick  1: volt_x leads 8C, omega_bots plays QC -> omega_bots wins
  Trick  2: omega_bots leads AD, volt_x plays JD -> omega_bots wins
  Trick  3: omega_bots leads AS, volt_x plays KS -> omega_bots wins
  Trick  4: omega_bots leads AH, volt_x plays 9H -> omega_bots wins
  Trick  5: omega_bots leads QS, volt_x plays 9C -> omega_bots wins
  Trick  6: omega_bots leads JS, volt_x plays JC -> omega_bots wins
  Trick  7: omega_bots leads 8S, volt_x plays JH -> omega_bots wins
  Trick  8: omega_bots leads QD, volt_x plays KD -> volt_x wins
  Trick  9: volt_x leads AC, omega_bots plays 7C -> volt_x wins
  Trick 10: volt_x leads KC, omega_bots plays 10S -> volt_x wins
  Trick 11: volt_x leads KH, omega_bots plays 8H -> volt_x wins
  Trick 12: volt_x leads QH, omega_bots plays 7D -> volt_x wins
  Hand: volt_x +9 / omega_bots +25 (tricks 5-7)
  Match total: volt_x 99 - 45 omega_bots
Players: volt_x vs omega_bots
Dealer: volt_x  |  Elder: omega_bots
Match scores: 99 - 45
Talon (8): 8C KC KD 7H KH 7S JS AS
volt_x hand: 7C 10C JC 9D 10D JD 8H 9H AH 10S QS KS
omega_bots hand: 9C QC AC 7D 8D QD AD 10H JH QH 8S 9S
  Exchange omega_bots: discard 9C 7D 8D 9S -> draw KD KH 7S JS (talon 4 left)
  Exchange volt_x: discard 7C JC 8H 9H -> draw 8C KC 7H AS (talon 0 left)

--- Phase: declare ---
  Declare point: volt_x wins 4 pts (('point', 4, 'S'))
  Declare sequence: omega_bots wins 4 pts (('sequence', 4, 13, 'H'))
  Declare set: omega_bots wins 3 pts (('set', 3, 12))

--- Phase: tricks ---
  Trick  1: omega_bots leads AD, volt_x plays 9D -> omega_bots wins
  Trick  2: omega_bots leads AC, volt_x plays 8C -> omega_bots wins
  Trick  3: omega_bots leads KD, volt_x plays 10D -> omega_bots wins
  Trick  4: omega_bots leads KH, volt_x plays AH -> volt_x wins
  Trick  5: volt_x leads 10S, omega_bots plays JS -> omega_bots wins
  Trick  6: omega_bots leads QD, volt_x plays JD -> omega_bots wins
  Trick  7: omega_bots leads JH, volt_x plays 7H -> omega_bots wins
  Trick  8: omega_bots leads QH, volt_x plays 10C -> omega_bots wins
  Trick  9: omega_bots leads 10H, volt_x plays QS -> omega_bots wins
  Trick 10: omega_bots leads QC, volt_x plays KC -> volt_x wins
  Trick 11: volt_x leads AS, omega_bots plays 8S -> volt_x wins
  Trick 12: volt_x leads KS, omega_bots plays 7S -> volt_x wins
  Hand: volt_x +9 / omega_bots +25 (tricks 4-8)
  Match total: volt_x 108 - 70 omega_bots
  Final: volt_x 108 - 70 omega_bots
  Winner: volt_x

============================================================
Game 99
============================================================
Players: omega_bots vs volt_x
Dealer: omega_bots  |  Elder: volt_x
Match scores: 0 - 0
Talon (8): 7C JC KC 7D AD 8H AH JS
omega_bots hand: 8D 10D JD KD 10H JH QH KH 7S 8S 10S QS
volt_x hand: 8C 9C 10C QC AC 9D QD 7H 9H 9S KS AS
  Exchange volt_x: discard 9D QD 7H 9H 9S -> draw 7C 7D 8H AH JS (talon 3 left)
  Exchange omega_bots: discard 8D 7S 8S -> draw JC KC AD (talon 0 left)

--- Phase: declare ---
  Declare point: volt_x wins 6 pts (('point', 6, 'C'))
  Declare sequence: omega_bots wins 4 pts (('sequence', 4, 13, 'H'))
  Declare set: volt_x wins 3 pts (('set', 3, 14))

--- Phase: tricks ---
  Trick  1: volt_x leads 7C, omega_bots plays JC -> omega_bots wins
  Trick  2: omega_bots leads AD, volt_x plays 7D -> omega_bots wins
  Trick  3: omega_bots leads KH, volt_x plays AH -> volt_x wins
  Trick  4: volt_x leads 8C, omega_bots plays KC -> omega_bots wins
  Trick  5: omega_bots leads KD, volt_x plays 8H -> omega_bots wins
  Trick  6: omega_bots leads 10S, volt_x plays JS -> volt_x wins
  Trick  7: volt_x leads 9C, omega_bots plays QH -> volt_x wins
  Trick  8: volt_x leads 10C, omega_bots plays QS -> volt_x wins
  Trick  9: volt_x leads AS, omega_bots plays 10H -> volt_x wins
  Trick 10: volt_x leads AC, omega_bots plays JD -> volt_x wins
  Trick 11: volt_x leads KS, omega_bots plays JH -> volt_x wins
  Trick 12: volt_x leads QC, omega_bots plays 10D -> volt_x wins
  Hand: omega_bots +8 / volt_x +28 (tricks 4-8)
  Match total: omega_bots 8 - 28 volt_x
Players: omega_bots vs volt_x
Dealer: volt_x  |  Elder: omega_bots
Match scores: 8 - 28
Talon (8): 10C JC KC 8D 7H KH KS AS
omega_bots hand: 7C 8C 9C QC 9D JD KD 10H AH 8S 9S JS
volt_x hand: AC 7D 10D QD AD 8H 9H JH QH 7S 10S QS
  Exchange omega_bots: discard 9D 10H AH 8S 9S -> draw 10C JC 8D 7H KS (talon 3 left)
  Exchange volt_x: discard 8H 9H 7S -> draw KC KH AS (talon 0 left)

--- Phase: declare ---
  Declare point: omega_bots wins 6 pts (('point', 6, 'C'))
  Declare sequence: omega_bots wins 11 pts (('sequence', 6, 12, 'C'))
  Declare set: volt_x wins 3 pts (('set', 3, 14))

--- Phase: tricks ---
  Trick  1: omega_bots leads KD, volt_x plays AD -> volt_x wins
  Trick  2: volt_x leads JH, omega_bots plays 7H -> volt_x wins
  Trick  3: volt_x leads 7D, omega_bots plays 8D -> omega_bots wins
  Trick  4: omega_bots leads KS, volt_x plays AS -> volt_x wins
  Trick  5: volt_x leads QH, omega_bots plays 7C -> volt_x wins
  Trick  6: volt_x leads 10D, omega_bots plays JD -> omega_bots wins
  Trick  7: omega_bots leads 9C, volt_x plays KC -> volt_x wins
  Trick  8: volt_x leads 10S, omega_bots plays JS -> omega_bots wins
  Trick  9: omega_bots leads QC, volt_x plays AC -> volt_x wins
  Trick 10: volt_x leads KH, omega_bots plays 8C -> volt_x wins
  Trick 11: volt_x leads QD, omega_bots plays JC -> volt_x wins
  Trick 12: volt_x leads QS, omega_bots plays 10C -> volt_x wins
  Hand: omega_bots +20 / volt_x +23 (tricks 3-9)
  Match total: omega_bots 28 - 51 volt_x
Players: omega_bots vs volt_x
Dealer: omega_bots  |  Elder: volt_x
Match scores: 28 - 51
Talon (8): 7C JC 8D QD KD 7H 10H 7S
omega_bots hand: 8C QC KC 7D 10D AD 8H 9H QH KH QS AS
volt_x hand: 9C 10C AC 9D JD JH AH 8S 9S 10S JS KS
  Exchange volt_x: discard 9C 10C AC 9D AH -> draw JC 8D KD 7H 10H (talon 3 left)
  Exchange omega_bots: discard 8C 10D 9H -> draw 7C QD 7S (talon 0 left)

--- Phase: declare ---
  Declare point: volt_x wins 5 pts (('point', 5, 'S'))
  Declare sequence: volt_x wins 4 pts (('sequence', 4, 11, 'S'))
  Declare set: omega_bots wins 14 pts (('set', 4, 12))

--- Phase: tricks ---
  Trick  1: volt_x leads 8S, omega_bots plays QS -> omega_bots wins
  Trick  2: omega_bots leads AD, volt_x plays 8D -> omega_bots wins
  Trick  3: omega_bots leads AS, volt_x plays 9S -> omega_bots wins
  Trick  4: omega_bots leads KH, volt_x plays 7H -> omega_bots wins
  Trick  5: omega_bots leads KC, volt_x plays JC -> omega_bots wins
  Trick  6: omega_bots leads QC, volt_x plays 10S -> omega_bots wins
  Trick  7: omega_bots leads QH, volt_x plays 10H -> omega_bots wins
  Trick  8: omega_bots leads 7D, volt_x plays JD -> volt_x wins
  Trick  9: volt_x leads KS, omega_bots plays 7S -> volt_x wins
  Trick 10: volt_x leads KD, omega_bots plays QD -> volt_x wins
  Trick 11: volt_x leads JS, omega_bots plays 8H -> volt_x wins
  Trick 12: volt_x leads JH, omega_bots plays 7C -> volt_x wins
  Hand: omega_bots +31 / volt_x +15 (tricks 7-5)
  Match total: omega_bots 59 - 66 volt_x
Players: omega_bots vs volt_x
Dealer: volt_x  |  Elder: omega_bots
Match scores: 59 - 66
Talon (8): 10C AC 7H 10H JH QH 7S QS
omega_bots hand: 7C 8C QC KC 10D JD QD KD 8H AH 10S AS
volt_x hand: 9C JC 7D 8D 9D AD 9H KH 8S 9S JS KS
  Exchange omega_bots: discard 7C 8C KC 10S -> draw 10C 7H QH QS (talon 4 left)
  Exchange volt_x: discard 9C JC 9H KH -> draw AC 10H JH 7S (talon 0 left)

--- Phase: declare ---
  Declare point: volt_x wins 5 pts (('point', 5, 'S'))
  Declare sequence: omega_bots wins 4 pts (('sequence', 4, 13, 'D'))
  Declare set: omega_bots wins 14 pts (('set', 4, 12))

--- Phase: tricks ---
  Trick  1: omega_bots leads AH, volt_x plays 10H -> omega_bots wins
  Trick  2: omega_bots leads AS, volt_x plays 7S -> omega_bots wins
  Trick  3: omega_bots leads KD, volt_x plays AD -> volt_x wins
  Trick  4: volt_x leads 8S, omega_bots plays QS -> omega_bots wins
  Trick  5: omega_bots leads QC, volt_x plays AC -> volt_x wins
  Trick  6: volt_x leads 7D, omega_bots plays 10D -> omega_bots wins
  Trick  7: omega_bots leads QD, volt_x plays 8D -> omega_bots wins
  Trick  8: omega_bots leads 8H, volt_x plays JH -> volt_x wins
  Trick  9: volt_x leads KS, omega_bots plays JD -> volt_x wins
  Trick 10: volt_x leads JS, omega_bots plays QH -> volt_x wins
  Trick 11: volt_x leads 9S, omega_bots plays 10C -> volt_x wins
  Trick 12: volt_x leads 9D, omega_bots plays 7H -> volt_x wins
  Hand: omega_bots +23 / volt_x +23 (tricks 5-7)
  Match total: omega_bots 82 - 89 volt_x
Players: omega_bots vs volt_x
Dealer: omega_bots  |  Elder: volt_x
Match scores: 82 - 89
Talon (8): 7C 10C QC 7D 8D JH KH JS
omega_bots hand: 9C JC KC 10D KD 7H 9H AH 9S QS KS AS
volt_x hand: 8C AC 9D JD QD AD 8H 10H QH 7S 8S 10S
  Exchange volt_x: discard 8C 8H 10H 7S 8S -> draw 7C 10C QC 7D JH (talon 3 left)
  Exchange omega_bots: discard JC 7H 9H -> draw 8D KH JS (talon 0 left)

--- Phase: declare ---
  Declare point: omega_bots wins 5 pts (('point', 5, 'S'))
  Declare sequence: omega_bots wins 4 pts (('sequence', 4, 14, 'S'))
  Declare set: omega_bots wins 14 pts (('set', 4, 13))

--- Phase: tricks ---
  Trick  1: volt_x leads 7D, omega_bots plays 8D -> omega_bots wins
  Trick  2: omega_bots leads AS, volt_x plays 10S -> omega_bots wins
  Trick  3: omega_bots leads AH, volt_x plays JH -> omega_bots wins
  Trick  4: omega_bots leads KD, volt_x plays AD -> volt_x wins
  Trick  5: volt_x leads 7C, omega_bots plays 9C -> omega_bots wins
  Trick  6: omega_bots leads 10D, volt_x plays JD -> volt_x wins
  Trick  7: volt_x leads 10C, omega_bots plays KC -> omega_bots wins
  Trick  8: omega_bots leads QS, volt_x plays 9D -> omega_bots wins
  Trick  9: omega_bots leads 9S, volt_x plays QD -> omega_bots wins
  Trick 10: omega_bots leads KS, volt_x plays QH -> omega_bots wins
  Trick 11: omega_bots leads JS, volt_x plays QC -> omega_bots wins
  Trick 12: omega_bots leads KH, volt_x plays AC -> omega_bots wins
  Hand: omega_bots +44 / volt_x +2 (tricks 10-2)
  Match total: omega_bots 126 - 91 volt_x
  Final: omega_bots 126 - 91 volt_x
  Winner: omega_bots

============================================================
Game 100
============================================================
Players: volt_x vs omega_bots
Dealer: volt_x  |  Elder: omega_bots
Match scores: 0 - 0
Talon (8): 8C QC KC 7D 7H QH 7S 8S
volt_x hand: 9C 10C JC AC JD QD 8H 9H 10H AH 10S AS
omega_bots hand: 7C 8D 9D 10D KD AD JH KH 9S JS QS KS
  Exchange omega_bots: discard 7C 8D 9D JH JS -> draw 8C KC 7H QH 7S (talon 3 left)
  Exchange volt_x: discard QD 8H 9H -> draw QC 7D 8S (talon 0 left)

--- Phase: declare ---
  Declare point: volt_x wins 5 pts (('point', 5, 'C'))
  Declare sequence: volt_x wins 4 pts (('sequence', 4, 12, 'C'))
  Declare set: volt_x wins 3 pts (('set', 3, 14))

--- Phase: tricks ---
  Trick  1: omega_bots leads AD, volt_x plays 7D -> omega_bots wins
  Trick  2: omega_bots leads KD, volt_x plays JD -> omega_bots wins
  Trick  3: omega_bots leads KH, volt_x plays AH -> volt_x wins
  Trick  4: volt_x leads 9C, omega_bots plays KC -> omega_bots wins
  Trick  5: omega_bots leads KS, volt_x plays AS -> volt_x wins
  Trick  6: volt_x leads 10C, omega_bots plays 8C -> volt_x wins
  Trick  7: volt_x leads JC, omega_bots plays 9S -> volt_x wins
  Trick  8: volt_x leads QC, omega_bots plays QS -> volt_x wins
  Trick  9: volt_x leads AC, omega_bots plays 10D -> volt_x wins
  Trick 10: volt_x leads 10S, omega_bots plays 7S -> volt_x wins
  Trick 11: volt_x leads 10H, omega_bots plays 7H -> volt_x wins
  Trick 12: volt_x leads 8S, omega_bots plays QH -> volt_x wins
  Hand: volt_x +32 / omega_bots +3 (tricks 9-3)
  Match total: volt_x 32 - 3 omega_bots
Players: volt_x vs omega_bots
Dealer: omega_bots  |  Elder: volt_x
Match scores: 32 - 3
Talon (8): 7C 9D JD QD 8H 7S QS AS
volt_x hand: 9C JC 7D 8D 10D 9H JH QH AH 10S JS KS
omega_bots hand: 8C 10C QC KC AC KD AD 7H 10H KH 8S 9S
  Exchange volt_x: discard 9C 7D 8D 10D 10S -> draw JD QD 7S QS AS (talon 3 left)
  Exchange omega_bots: discard 7H 10H 9S -> draw 7C 9D 8H (talon 0 left)

--- Phase: declare ---
  Declare point: omega_bots wins 6 pts (('point', 6, 'C'))
  Declare sequence: volt_x wins 4 pts (('sequence', 4, 14, 'S'))
  Declare set: omega_bots wins 3 pts (('set', 3, 13))

--- Phase: tricks ---
  Trick  1: volt_x leads 7S, omega_bots plays 8S -> omega_bots wins
  Trick  2: omega_bots leads AC, volt_x plays JC -> omega_bots wins
  Trick  3: omega_bots leads AD, volt_x plays JD -> omega_bots wins
  Trick  4: omega_bots leads KC, volt_x plays 9H -> omega_bots wins
  Trick  5: omega_bots leads KH, volt_x plays AH -> volt_x wins
  Trick  6: volt_x leads JS, omega_bots plays QC -> volt_x wins
  Trick  7: volt_x leads QS, omega_bots plays 10C -> volt_x wins
  Trick  8: volt_x leads JH, omega_bots plays 8H -> volt_x wins
  Trick  9: volt_x leads AS, omega_bots plays 8C -> volt_x wins
  Trick 10: volt_x leads KS, omega_bots plays KD -> volt_x wins
  Trick 11: volt_x leads QH, omega_bots plays 9D -> volt_x wins
  Trick 12: volt_x leads QD, omega_bots plays 7C -> volt_x wins
  Hand: volt_x +23 / omega_bots +13 (tricks 8-4)
  Match total: volt_x 55 - 16 omega_bots
Players: volt_x vs omega_bots
Dealer: volt_x  |  Elder: omega_bots
Match scores: 55 - 16
Talon (8): 8C 10C JC JD 8H JH KH 8S
volt_x hand: 9C QC AC 8D QD 7H 9H 7S 9S 10S JS KS
omega_bots hand: 7C KC 7D 9D 10D KD AD 10H QH AH QS AS
  Exchange omega_bots: discard 7C 10D QH QS -> draw 8C JD 8H JH (talon 4 left)
  Exchange volt_x: discard 9C 8D 7H 9H -> draw 10C JC KH 8S (talon 0 left)

--- Phase: declare ---
  Declare point: volt_x wins 6 pts (('point', 6, 'S'))
  Declare sequence: volt_x wins 10 pts (('sequence', 5, 11, 'S'))
  Declare set: omega_bots wins 3 pts (('set', 3, 14))

--- Phase: tricks ---
  Trick  1: omega_bots leads AH, volt_x plays KH -> omega_bots wins
  Trick  2: omega_bots leads AS, volt_x plays 7S -> omega_bots wins
  Trick  3: omega_bots leads AD, volt_x plays QD -> omega_bots wins
  Trick  4: omega_bots leads KD, volt_x plays 8S -> omega_bots wins
  Trick  5: omega_bots leads KC, volt_x plays AC -> volt_x wins
  Trick  6: volt_x leads 9S, omega_bots plays 9D -> volt_x wins
  Trick  7: volt_x leads 10S, omega_bots plays 10H -> volt_x wins
  Trick  8: volt_x leads 10C, omega_bots plays 8C -> volt_x wins
  Trick  9: volt_x leads KS, omega_bots plays 7D -> volt_x wins
  Trick 10: volt_x leads QC, omega_bots plays JD -> volt_x wins
  Trick 11: volt_x leads JS, omega_bots plays JH -> volt_x wins
  Trick 12: volt_x leads JC, omega_bots plays 8H -> volt_x wins
  Hand: volt_x +35 / omega_bots +7 (tricks 8-4)
  Match total: volt_x 90 - 23 omega_bots
Players: volt_x vs omega_bots
Dealer: omega_bots  |  Elder: volt_x
Match scores: 90 - 23
Talon (8): JC QC 10D 7H JH 10S JS AS
volt_x hand: 8C 9C KC 7D 8D QD AD 8H 10H AH QS KS
omega_bots hand: 7C 10C AC 9D JD KD 9H QH KH 7S 8S 9S
  Exchange volt_x: discard 8C 9C 8H 10H QS -> draw QC 10D 7H JH AS (talon 3 left)
  Exchange omega_bots: discard 7C 10C 9D -> draw JC 10S JS (talon 0 left)

--- Phase: declare ---
  Declare point: volt_x wins 5 pts (('point', 5, 'D'))
  Declare sequence: omega_bots wins 10 pts (('sequence', 5, 11, 'S'))
  Declare set: volt_x wins 3 pts (('set', 3, 14))

--- Phase: tricks ---
  Trick  1: volt_x leads 7D, omega_bots plays JD -> omega_bots wins
  Trick  2: omega_bots leads AC, volt_x plays QC -> omega_bots wins
  Trick  3: omega_bots leads KH, volt_x plays AH -> volt_x wins
  Trick  4: volt_x leads 8D, omega_bots plays KD -> omega_bots wins
  Trick  5: omega_bots leads QH, volt_x plays 7H -> omega_bots wins
  Trick  6: omega_bots leads 7S, volt_x plays KS -> volt_x wins
  Trick  7: volt_x leads 10D, omega_bots plays 9S -> volt_x wins
  Trick  8: volt_x leads QD, omega_bots plays 8S -> volt_x wins
  Trick  9: volt_x leads AD, omega_bots plays 9H -> volt_x wins
  Trick 10: volt_x leads AS, omega_bots plays 10S -> volt_x wins
  Trick 11: volt_x leads KC, omega_bots plays JC -> volt_x wins
  Trick 12: volt_x leads JH, omega_bots plays JS -> volt_x wins
  Hand: volt_x +27 / omega_bots +14 (tricks 8-4)
  Match total: volt_x 117 - 37 omega_bots
  Final: volt_x 117 - 37 omega_bots
  Winner: volt_x
