
============================================================
Game 1
============================================================
Players: r2_d2 vs rootbotz
Dealer: r2_d2  |  Elder: rootbotz
Match scores: 0 - 0
Talon (8): 7C AC 9D 8H 10H AH 8S QS
r2_d2 hand: 8C 10C QC QD 7H 9H JH KH 7S 10S KS AS
rootbotz hand: 9C JC KC 7D 8D 10D JD KD AD QH 9S JS
  Exchange rootbotz: discard 9C KC QH 9S -> draw 7C 8H AH 8S (talon 4 left)
  Exchange r2_d2: discard 8C 10C 7H 9H -> draw AC 9D 10H QS (talon 0 left)

--- Phase: declare ---
  Declare point: rootbotz wins 6 pts (('point', 6, 'D'))
  Declare sequence: r2_d2 wins 3 pts (('sequence', 3, 14, 'S'))
  Declare set: r2_d2 wins 3 pts (('set', 3, 12))

--- Phase: tricks ---
  Trick  1: rootbotz leads AH, r2_d2 plays 10H -> rootbotz wins
  Trick  2: rootbotz leads AD, r2_d2 plays 9D -> rootbotz wins
  Trick  3: rootbotz leads KD, r2_d2 plays QD -> rootbotz wins
  Trick  4: rootbotz leads 10D, r2_d2 plays 7S -> rootbotz wins
  Trick  5: rootbotz leads JD, r2_d2 plays 10S -> rootbotz wins
  Trick  6: rootbotz leads 7D, r2_d2 plays JH -> rootbotz wins
  Trick  7: rootbotz leads 8D, r2_d2 plays QC -> rootbotz wins
  Trick  8: rootbotz leads JC, r2_d2 plays AC -> r2_d2 wins
  Trick  9: r2_d2 leads AS, rootbotz plays 8S -> r2_d2 wins
  Trick 10: r2_d2 leads KS, rootbotz plays JS -> r2_d2 wins
  Trick 11: r2_d2 leads KH, rootbotz plays 8H -> r2_d2 wins
  Trick 12: r2_d2 leads QS, rootbotz plays 7C -> r2_d2 wins
  Hand: r2_d2 +12 / rootbotz +23 (tricks 5-7)
  Match total: r2_d2 12 - 23 rootbotz
Players: r2_d2 vs rootbotz
Dealer: rootbotz  |  Elder: r2_d2
Match scores: 12 - 23
Talon (8): 8C 10C KC AC 8D JD 10H AH
r2_d2 hand: 9C QC KD AD 9H JH QH 7S 10S JS QS KS
rootbotz hand: 7C JC 7D 9D 10D QD 7H 8H KH 8S 9S AS
  Exchange r2_d2: discard 9C 9H JH -> draw 10C 8D AH (talon 5 left)
  Exchange rootbotz: discard 7C JC 7H 8H 9S -> draw 8C KC AC JD 10H (talon 0 left)

--- Phase: declare ---
  Declare point: r2_d2 wins 5 pts (('point', 5, 'S'))
  Declare sequence: r2_d2 wins 4 pts (('sequence', 4, 13, 'S'))
  Declare set: r2_d2 wins 3 pts (('set', 3, 12))

--- Phase: tricks ---
  Trick  1: r2_d2 leads AD, rootbotz plays 7D -> r2_d2 wins
  Trick  2: r2_d2 leads AH, rootbotz plays 10H -> r2_d2 wins
  Trick  3: r2_d2 leads KD, rootbotz plays 9D -> r2_d2 wins
  Trick  4: r2_d2 leads KS, rootbotz plays AS -> rootbotz wins
  Trick  5: rootbotz leads AC, r2_d2 plays 10C -> rootbotz wins
  Trick  6: rootbotz leads 10D, r2_d2 plays 8D -> rootbotz wins
  Trick  7: rootbotz leads JD, r2_d2 plays 7S -> rootbotz wins
  Trick  8: rootbotz leads QD, r2_d2 plays 10S -> rootbotz wins
  Trick  9: rootbotz leads KH, r2_d2 plays QH -> rootbotz wins
  Trick 10: rootbotz leads KC, r2_d2 plays QC -> rootbotz wins
  Trick 11: rootbotz leads 8C, r2_d2 plays JS -> rootbotz wins
  Trick 12: rootbotz leads 8S, r2_d2 plays QS -> r2_d2 wins
  Hand: r2_d2 +17 / rootbotz +18 (tricks 4-8)
  Match total: r2_d2 29 - 41 rootbotz
Players: r2_d2 vs rootbotz
Dealer: r2_d2  |  Elder: rootbotz
Match scores: 29 - 41
Talon (8): AC 8D AD 7H 10H QH 8S 10S
r2_d2 hand: 9C JC QC KC 7D 9D 10D QD KD AH 7S 9S
rootbotz hand: 7C 8C 10C JD 8H 9H JH KH JS QS KS AS
  Exchange rootbotz: discard 7C 10C 8H 9H KH -> draw AC 8D AD QH 8S (talon 3 left)
  Exchange r2_d2: discard 9C 7S 9S -> draw 7H 10H 10S (talon 0 left)

--- Phase: declare ---
  Declare point: rootbotz wins 5 pts (('point', 5, 'S'))
  Declare sequence: rootbotz wins 4 pts (('sequence', 4, 14, 'S'))
  Declare set: rootbotz wins 3 pts (('set', 3, 14))

--- Phase: tricks ---
  Trick  1: rootbotz leads AS, r2_d2 plays 10S -> rootbotz wins
  Trick  2: rootbotz leads AD, r2_d2 plays 7D -> rootbotz wins
  Trick  3: rootbotz leads AC, r2_d2 plays JC -> rootbotz wins
  Trick  4: rootbotz leads JS, r2_d2 plays 7H -> rootbotz wins
  Trick  5: rootbotz leads QS, r2_d2 plays 9D -> rootbotz wins
  Trick  6: rootbotz leads KS, r2_d2 plays 10H -> rootbotz wins
  Trick  7: rootbotz leads JH, r2_d2 plays AH -> r2_d2 wins
  Trick  8: r2_d2 leads KD, rootbotz plays 8D -> r2_d2 wins
  Trick  9: r2_d2 leads KC, rootbotz plays 8C -> r2_d2 wins
  Trick 10: r2_d2 leads QD, rootbotz plays JD -> r2_d2 wins
  Trick 11: r2_d2 leads QC, rootbotz plays 8S -> r2_d2 wins
  Trick 12: r2_d2 leads 10D, rootbotz plays QH -> r2_d2 wins
  Hand: r2_d2 +7 / rootbotz +18 (tricks 6-6)
  Match total: r2_d2 36 - 59 rootbotz
Players: r2_d2 vs rootbotz
Dealer: rootbotz  |  Elder: r2_d2
Match scores: 36 - 59
Talon (8): 9C 10C QC 8D KD 7H 7S KS
r2_d2 hand: 7C AC 10D JD 8H 9H JH KH AH 9S QS AS
rootbotz hand: 8C JC KC 7D 9D QD AD 10H QH 8S 10S JS
  Exchange r2_d2: discard 7C 10D JD 9S QS -> draw 9C 10C 8D 7H 7S (talon 3 left)
  Exchange rootbotz: discard 8C 7D 8S -> draw QC KD KS (talon 0 left)

--- Phase: declare ---
  Declare point: r2_d2 wins 6 pts (('point', 6, 'H'))
  Declare sequence: rootbotz wins 3 pts (('sequence', 3, 14, 'D'))
  Declare set: r2_d2 wins 3 pts (('set', 3, 14))

--- Phase: tricks ---
  Trick  1: r2_d2 leads AH, rootbotz plays 10H -> r2_d2 wins
  Trick  2: r2_d2 leads AC, rootbotz plays JC -> r2_d2 wins
  Trick  3: r2_d2 leads AS, rootbotz plays 10S -> r2_d2 wins
  Trick  4: r2_d2 leads KH, rootbotz plays QH -> r2_d2 wins
  Trick  5: r2_d2 leads JH, rootbotz plays 9D -> r2_d2 wins
  Trick  6: r2_d2 leads 9H, rootbotz plays JS -> r2_d2 wins
  Trick  7: r2_d2 leads 10C, rootbotz plays QC -> rootbotz wins
  Trick  8: rootbotz leads AD, r2_d2 plays 8D -> rootbotz wins
  Trick  9: rootbotz leads QD, r2_d2 plays 7S -> rootbotz wins
  Trick 10: rootbotz leads KD, r2_d2 plays 7H -> rootbotz wins
  Trick 11: rootbotz leads KS, r2_d2 plays 8H -> rootbotz wins
  Trick 12: rootbotz leads KC, r2_d2 plays 9C -> rootbotz wins
  Hand: r2_d2 +15 / rootbotz +10 (tricks 6-6)
  Match total: r2_d2 51 - 69 rootbotz
Players: r2_d2 vs rootbotz
Dealer: r2_d2  |  Elder: rootbotz
Match scores: 51 - 69
Talon (8): 8C 10C 7H JH 7S JS QS KS
r2_d2 hand: 9C QC KC 10D KD AD 8H 10H KH AH 8S 10S
rootbotz hand: 7C JC AC 7D 8D 9D JD QD 9H QH 9S AS
  Exchange rootbotz: discard 7C JC 9H QH 9S -> draw 10C JH 7S JS QS (talon 3 left)
  Exchange r2_d2: discard 9C QC 8S -> draw 8C 7H KS (talon 0 left)

--- Phase: declare ---
  Declare point: r2_d2 wins 5 pts (('point', 5, 'H'))
  Declare sequence: rootbotz wins 3 pts (('sequence', 3, 9, 'D'))
  Declare set: r2_d2 wins 14 pts (('set', 4, 13))

--- Phase: tricks ---
  Trick  1: rootbotz leads AS, r2_d2 plays 10S -> rootbotz wins
  Trick  2: rootbotz leads AC, r2_d2 plays 8C -> rootbotz wins
  Trick  3: rootbotz leads JS, r2_d2 plays KS -> r2_d2 wins
  Trick  4: r2_d2 leads AH, rootbotz plays JH -> r2_d2 wins
  Trick  5: r2_d2 leads AD, rootbotz plays 7D -> r2_d2 wins
  Trick  6: r2_d2 leads KH, rootbotz plays 7S -> r2_d2 wins
  Trick  7: r2_d2 leads KD, rootbotz plays 8D -> r2_d2 wins
  Trick  8: r2_d2 leads KC, rootbotz plays 10C -> r2_d2 wins
  Trick  9: r2_d2 leads 10H, rootbotz plays 9D -> r2_d2 wins
  Trick 10: r2_d2 leads 8H, rootbotz plays JD -> r2_d2 wins
  Trick 11: r2_d2 leads 10D, rootbotz plays QD -> rootbotz wins
  Trick 12: rootbotz leads QS, r2_d2 plays 7H -> rootbotz wins
  Hand: r2_d2 +37 / rootbotz +8 (tricks 8-4)
  Match total: r2_d2 88 - 77 rootbotz
Players: r2_d2 vs rootbotz
Dealer: rootbotz  |  Elder: r2_d2
Match scores: 88 - 77
Talon (8): QC KC 8D 9D 10D 8H JS QS
r2_d2 hand: 7C 10C 7D JD 9H 10H JH QH 7S 10S KS AS
rootbotz hand: 8C 9C JC AC QD KD AD 7H KH AH 8S 9S
  Exchange r2_d2: discard 7C 7D JD 7S -> draw QC 9D 10D JS (talon 4 left)
  Exchange rootbotz: discard 8C 9C 7H 8S -> draw KC 8D 8H QS (talon 0 left)

--- Phase: declare ---
  Declare point: r2_d2 wins 4 pts (('point', 4, 'S'))
  Declare sequence: r2_d2 wins 4 pts (('sequence', 4, 12, 'H'))
  Declare set: rootbotz wins 3 pts (('set', 3, 14))

--- Phase: tricks ---
  Trick  1: r2_d2 leads AS, rootbotz plays 9S -> r2_d2 wins
  Trick  2: r2_d2 leads KS, rootbotz plays QS -> r2_d2 wins
  Trick  3: r2_d2 leads QH, rootbotz plays KH -> rootbotz wins
  Trick  4: rootbotz leads AH, r2_d2 plays 9H -> rootbotz wins
  Trick  5: rootbotz leads AD, r2_d2 plays 9D -> rootbotz wins
  Trick  6: rootbotz leads AC, r2_d2 plays 10C -> rootbotz wins
  Trick  7: rootbotz leads JC, r2_d2 plays QC -> r2_d2 wins
  Trick  8: r2_d2 leads JH, rootbotz plays 8H -> r2_d2 wins
  Trick  9: r2_d2 leads JS, rootbotz plays 8D -> r2_d2 wins
  Trick 10: r2_d2 leads 10H, rootbotz plays QD -> r2_d2 wins
  Trick 11: r2_d2 leads 10D, rootbotz plays KD -> rootbotz wins
  Trick 12: rootbotz leads KC, r2_d2 plays 10S -> rootbotz wins
  Hand: r2_d2 +14 / rootbotz +10 (tricks 6-6)
  Match total: r2_d2 102 - 87 rootbotz
  Final: r2_d2 102 - 87 rootbotz
  Winner: r2_d2

============================================================
Game 2
============================================================
Players: rootbotz vs r2_d2
Dealer: rootbotz  |  Elder: r2_d2
Match scores: 0 - 0
Talon (8): QC KC AC 8D 10D KD AH JS
rootbotz hand: 7C 10C JD 7H 9H QH KH 9S 10S QS KS AS
r2_d2 hand: 8C 9C JC 7D 9D QD AD 8H 10H JH 7S 8S
  Exchange r2_d2: discard 8C 9C 8H 7S 8S -> draw KC AC 8D KD AH (talon 3 left)
  Exchange rootbotz: discard 7C 7H 9H -> draw QC 10D JS (talon 0 left)

--- Phase: declare ---
  Declare point: rootbotz wins 6 pts (('point', 6, 'S'))
  Declare sequence: rootbotz wins 11 pts (('sequence', 6, 14, 'S'))
  Declare set: r2_d2 wins 3 pts (('set', 3, 14))

--- Phase: tricks ---
  Trick  1: r2_d2 leads AD, rootbotz plays 10D -> r2_d2 wins
  Trick  2: r2_d2 leads AC, rootbotz plays 10C -> r2_d2 wins
  Trick  3: r2_d2 leads AH, rootbotz plays QH -> r2_d2 wins
  Trick  4: r2_d2 leads KD, rootbotz plays JD -> r2_d2 wins
  Trick  5: r2_d2 leads QD, rootbotz plays 9S -> r2_d2 wins
  Trick  6: r2_d2 leads KC, rootbotz plays QC -> r2_d2 wins
  Trick  7: r2_d2 leads 9D, rootbotz plays 10S -> r2_d2 wins
  Trick  8: r2_d2 leads JH, rootbotz plays KH -> rootbotz wins
  Trick  9: rootbotz leads AS, r2_d2 plays 7D -> rootbotz wins
  Trick 10: rootbotz leads JS, r2_d2 plays 8D -> rootbotz wins
  Trick 11: rootbotz leads QS, r2_d2 plays 10H -> rootbotz wins
  Trick 12: rootbotz leads KS, r2_d2 plays JC -> rootbotz wins
  Hand: rootbotz +23 / r2_d2 +20 (tricks 5-7)
  Match total: rootbotz 23 - 20 r2_d2
Players: rootbotz vs r2_d2
Dealer: r2_d2  |  Elder: rootbotz
Match scores: 23 - 20
Talon (8): 8C JC 7D KD KH 7S 9S 10S
rootbotz hand: 9C 10C KC AC 9D AD 7H 8H 10H JS QS AS
r2_d2 hand: 7C QC 8D 10D JD QD 9H JH QH AH 8S KS
  Exchange rootbotz: discard 7H 8H 10H JS QS -> draw 8C JC 7D KD 7S (talon 3 left)
  Exchange r2_d2: discard 7C 8D 8S -> draw KH 9S 10S (talon 0 left)

--- Phase: declare ---
  Declare point: rootbotz wins 6 pts (('point', 6, 'C'))
  Declare sequence: r2_d2 wins 4 pts (('sequence', 4, 14, 'H'))
  Declare set: rootbotz wins 3 pts (('set', 3, 14))

--- Phase: tricks ---
  Trick  1: rootbotz leads AS, r2_d2 plays 9S -> rootbotz wins
  Trick  2: rootbotz leads AD, r2_d2 plays 10D -> rootbotz wins
  Trick  3: rootbotz leads AC, r2_d2 plays QC -> rootbotz wins
  Trick  4: rootbotz leads KD, r2_d2 plays JD -> rootbotz wins
  Trick  5: rootbotz leads KC, r2_d2 plays 9H -> rootbotz wins
  Trick  6: rootbotz leads 8C, r2_d2 plays 10S -> rootbotz wins
  Trick  7: rootbotz leads 9C, r2_d2 plays JH -> rootbotz wins
  Trick  8: rootbotz leads 10C, r2_d2 plays QD -> rootbotz wins
  Trick  9: rootbotz leads 7S, r2_d2 plays KS -> r2_d2 wins
  Trick 10: r2_d2 leads AH, rootbotz plays 7D -> r2_d2 wins
  Trick 11: r2_d2 leads KH, rootbotz plays 9D -> r2_d2 wins
  Trick 12: r2_d2 leads QH, rootbotz plays JC -> r2_d2 wins
  Hand: rootbotz +27 / r2_d2 +9 (tricks 8-4)
  Match total: rootbotz 50 - 29 r2_d2
Players: rootbotz vs r2_d2
Dealer: rootbotz  |  Elder: r2_d2
Match scores: 50 - 29
Talon (8): 7C 8C 9C 10C QC AC 8D KS
rootbotz hand: 7D 10D KD 9H JH QH AH 8S 10S JS QS AS
r2_d2 hand: JC KC 9D JD QD AD 7H 8H 10H KH 7S 9S
  Exchange r2_d2: discard 7H 8H 10H 7S 9S -> draw 8C 9C 10C AC KS (talon 3 left)
  Exchange rootbotz: discard 7D 10D 9H -> draw 7C QC 8D (talon 0 left)

--- Phase: declare ---
  Declare point: r2_d2 wins 6 pts (('point', 6, 'C'))
  Declare sequence: r2_d2 wins 4 pts (('sequence', 4, 11, 'C'))
  Declare set: r2_d2 wins 3 pts (('set', 3, 13))

--- Phase: tricks ---
  Trick  1: r2_d2 leads AC, rootbotz plays 7C -> r2_d2 wins
  Trick  2: r2_d2 leads AD, rootbotz plays 8D -> r2_d2 wins
  Trick  3: r2_d2 leads KC, rootbotz plays QC -> r2_d2 wins
  Trick  4: r2_d2 leads JC, rootbotz plays 8S -> r2_d2 wins
  Trick  5: r2_d2 leads QD, rootbotz plays KD -> rootbotz wins
  Trick  6: rootbotz leads AS, r2_d2 plays KS -> rootbotz wins
  Trick  7: rootbotz leads AH, r2_d2 plays KH -> rootbotz wins
  Trick  8: rootbotz leads 10S, r2_d2 plays 8C -> rootbotz wins
  Trick  9: rootbotz leads JS, r2_d2 plays 9C -> rootbotz wins
  Trick 10: rootbotz leads JH, r2_d2 plays 9D -> rootbotz wins
  Trick 11: rootbotz leads QS, r2_d2 plays 10C -> rootbotz wins
  Trick 12: rootbotz leads QH, r2_d2 plays JD -> rootbotz wins
  Hand: rootbotz +19 / r2_d2 +17 (tricks 8-4)
  Match total: rootbotz 69 - 46 r2_d2
Players: rootbotz vs r2_d2
Dealer: r2_d2  |  Elder: rootbotz
Match scores: 69 - 46
Talon (8): KC AC 9D 10D JD KD QH KH
rootbotz hand: 8C 9C JC 7D AD 7H AH 7S 8S 9S 10S QS
r2_d2 hand: 7C 10C QC 8D QD 8H 9H 10H JH JS KS AS
  Exchange rootbotz: discard 8C 9C JC 7D 7H -> draw KC 10D JD KD QH (talon 3 left)
  Exchange r2_d2: discard 7C 10C 8D -> draw AC 9D KH (talon 0 left)

--- Phase: declare ---
  Declare point: r2_d2 wins 5 pts (('point', 5, 'H'))
  Declare sequence: r2_d2 wins 4 pts (('sequence', 4, 11, 'H'))

--- Phase: tricks ---
  Trick  1: rootbotz leads AH, r2_d2 plays 8H -> rootbotz wins
  Trick  2: rootbotz leads AD, r2_d2 plays 9D -> rootbotz wins
  Trick  3: rootbotz leads KD, r2_d2 plays QD -> rootbotz wins
  Trick  4: rootbotz leads 10D, r2_d2 plays 9H -> rootbotz wins
  Trick  5: rootbotz leads JD, r2_d2 plays 10H -> rootbotz wins
  Trick  6: rootbotz leads QH, r2_d2 plays KH -> r2_d2 wins
  Trick  7: r2_d2 leads AS, rootbotz plays 7S -> r2_d2 wins
  Trick  8: r2_d2 leads AC, rootbotz plays KC -> r2_d2 wins
  Trick  9: r2_d2 leads KS, rootbotz plays 8S -> r2_d2 wins
  Trick 10: r2_d2 leads QC, rootbotz plays 9S -> r2_d2 wins
  Trick 11: r2_d2 leads JH, rootbotz plays 10S -> r2_d2 wins
  Trick 12: r2_d2 leads JS, rootbotz plays QS -> rootbotz wins
  Hand: rootbotz +7 / r2_d2 +15 (tricks 6-6)
  Match total: rootbotz 76 - 61 r2_d2
Players: rootbotz vs r2_d2
Dealer: rootbotz  |  Elder: r2_d2
Match scores: 76 - 61
Talon (8): JC 10D JD AD 10H QH 10S KS
rootbotz hand: 7C 9C QC KC 8D QD 7H 8H AH 8S JS QS
r2_d2 hand: 8C 10C AC 7D 9D KD 9H JH KH 7S 9S AS
  Exchange r2_d2: discard 8C 7D 9D 7S 9S -> draw JC JD AD 10H QH (talon 3 left)
  Exchange rootbotz: discard 8D 7H 8H -> draw 10D 10S KS (talon 0 left)

--- Phase: declare ---
  Declare point: r2_d2 wins 5 pts (('point', 5, 'H'))
  Declare sequence: r2_d2 wins 10 pts (('sequence', 5, 13, 'H'))
  Declare set: r2_d2 wins 3 pts (('set', 3, 14))

--- Phase: tricks ---
  Trick  1: r2_d2 leads AC, rootbotz plays 7C -> r2_d2 wins
  Trick  2: r2_d2 leads AD, rootbotz plays 10D -> r2_d2 wins
  Trick  3: r2_d2 leads AS, rootbotz plays 8S -> r2_d2 wins
  Trick  4: r2_d2 leads KD, rootbotz plays QD -> r2_d2 wins
  Trick  5: r2_d2 leads KH, rootbotz plays AH -> rootbotz wins
  Trick  6: rootbotz leads 9C, r2_d2 plays 10C -> r2_d2 wins
  Trick  7: r2_d2 leads QH, rootbotz plays 10S -> r2_d2 wins
  Trick  8: r2_d2 leads JH, rootbotz plays JS -> r2_d2 wins
  Trick  9: r2_d2 leads 10H, rootbotz plays QS -> r2_d2 wins
  Trick 10: r2_d2 leads JD, rootbotz plays QC -> r2_d2 wins
  Trick 11: r2_d2 leads JC, rootbotz plays KC -> rootbotz wins
  Trick 12: rootbotz leads KS, r2_d2 plays 9H -> rootbotz wins
  Hand: rootbotz +4 / r2_d2 +37 (tricks 3-9)
  Match total: rootbotz 80 - 98 r2_d2
Players: rootbotz vs r2_d2
Dealer: r2_d2  |  Elder: rootbotz
Match scores: 80 - 98
Talon (8): JC 9D 10D 8H QH AH 7S KS
rootbotz hand: 7C KC 7D 8D QD KD 7H 9H JH 10S JS QS
r2_d2 hand: 8C 9C 10C QC AC JD AD 10H KH 8S 9S AS
  Exchange rootbotz: discard 7C 7D 8D 7H 9H -> draw 9D QH AH 7S KS (talon 3 left)
  Exchange r2_d2: discard 10H 8S 9S -> draw JC 10D 8H (talon 0 left)

--- Phase: declare ---
  Declare point: r2_d2 wins 6 pts (('point', 6, 'C'))
  Declare sequence: r2_d2 wins 10 pts (('sequence', 5, 12, 'C'))
  Declare set: r2_d2 wins 3 pts (('set', 3, 14))

--- Phase: tricks ---
  Trick  1: rootbotz leads AH, r2_d2 plays 8H -> rootbotz wins
  Trick  2: rootbotz leads JH, r2_d2 plays KH -> r2_d2 wins
  Trick  3: r2_d2 leads AC, rootbotz plays KC -> r2_d2 wins
  Trick  4: r2_d2 leads AD, rootbotz plays 9D -> r2_d2 wins
  Trick  5: r2_d2 leads AS, rootbotz plays 7S -> r2_d2 wins
  Trick  6: r2_d2 leads QC, rootbotz plays 10S -> r2_d2 wins
  Trick  7: r2_d2 leads JC, rootbotz plays JS -> r2_d2 wins
  Trick  8: r2_d2 leads 10C, rootbotz plays QH -> r2_d2 wins
  Trick  9: r2_d2 leads JD, rootbotz plays QD -> rootbotz wins
  Trick 10: rootbotz leads QS, r2_d2 plays 8C -> rootbotz wins
  Trick 11: rootbotz leads KS, r2_d2 plays 9C -> rootbotz wins
  Trick 12: rootbotz leads KD, r2_d2 plays 10D -> rootbotz wins
  Hand: rootbotz +6 / r2_d2 +36 (tricks 5-7)
  Match total: rootbotz 86 - 134 r2_d2
  Final: rootbotz 86 - 134 r2_d2
  Winner: r2_d2

============================================================
Game 3
============================================================
Players: r2_d2 vs rootbotz
Dealer: r2_d2  |  Elder: rootbotz
Match scores: 0 - 0
Talon (8): 8C 10C JC 7D 7H JH AH AS
r2_d2 hand: 7C KC AC JD QD KD AD 9H QH 9S JS QS
rootbotz hand: 9C QC 8D 9D 10D 8H 10H KH 7S 8S 10S KS
  Exchange rootbotz: discard 9C QC 8H 8S -> draw JC 7D 7H AH (talon 4 left)
  Exchange r2_d2: discard 7C 9H 9S JS -> draw 8C 10C JH AS (talon 0 left)

--- Phase: declare ---
  Declare point: r2_d2 wins 4 pts (('point', 4, 'D'))
  Declare sequence: r2_d2 wins 4 pts (('sequence', 4, 14, 'D'))
  Declare set: r2_d2 wins 3 pts (('set', 3, 14))

--- Phase: tricks ---
  Trick  1: rootbotz leads AH, r2_d2 plays JH -> rootbotz wins
  Trick  2: rootbotz leads KH, r2_d2 plays QH -> rootbotz wins
  Trick  3: rootbotz leads 10H, r2_d2 plays 8C -> rootbotz wins
  Trick  4: rootbotz leads 7H, r2_d2 plays 10C -> rootbotz wins
  Trick  5: rootbotz leads 7D, r2_d2 plays JD -> r2_d2 wins
  Trick  6: r2_d2 leads AD, rootbotz plays 8D -> r2_d2 wins
  Trick  7: r2_d2 leads AC, rootbotz plays JC -> r2_d2 wins
  Trick  8: r2_d2 leads AS, rootbotz plays 7S -> r2_d2 wins
  Trick  9: r2_d2 leads KD, rootbotz plays 9D -> r2_d2 wins
  Trick 10: r2_d2 leads KC, rootbotz plays 10D -> r2_d2 wins
  Trick 11: r2_d2 leads QD, rootbotz plays 10S -> r2_d2 wins
  Trick 12: r2_d2 leads QS, rootbotz plays KS -> rootbotz wins
  Hand: r2_d2 +28 / rootbotz +6 (tricks 7-5)
  Match total: r2_d2 28 - 6 rootbotz
Players: r2_d2 vs rootbotz
Dealer: rootbotz  |  Elder: r2_d2
Match scores: 28 - 6
Talon (8): 9C KC AC 8D 10H QS KS AS
r2_d2 hand: 10C 7D 9D 10D JD 8H 9H QH KH AH 7S 8S
rootbotz hand: 7C 8C JC QC QD KD AD 7H JH 9S 10S JS
  Exchange r2_d2: discard 10C 7D 7S 8S -> draw 10H QS KS AS (talon 4 left)
  Exchange rootbotz: discard 7C 7H 9S 10S -> draw 9C KC AC 8D (talon 0 left)

--- Phase: declare ---
  Declare sequence: rootbotz wins 4 pts (('sequence', 4, 14, 'C'))
  Declare set: rootbotz wins 3 pts (('set', 3, 11))

--- Phase: tricks ---
  Trick  1: r2_d2 leads AH, rootbotz plays JH -> r2_d2 wins
  Trick  2: r2_d2 leads AS, rootbotz plays JS -> r2_d2 wins
  Trick  3: r2_d2 leads KH, rootbotz plays 8D -> r2_d2 wins
  Trick  4: r2_d2 leads QH, rootbotz plays 8C -> r2_d2 wins
  Trick  5: r2_d2 leads KS, rootbotz plays 9C -> r2_d2 wins
  Trick  6: r2_d2 leads QS, rootbotz plays JC -> r2_d2 wins
  Trick  7: r2_d2 leads JD, rootbotz plays QD -> rootbotz wins
  Trick  8: rootbotz leads AD, r2_d2 plays 9D -> rootbotz wins
  Trick  9: rootbotz leads AC, r2_d2 plays 8H -> rootbotz wins
  Trick 10: rootbotz leads QC, r2_d2 plays 9H -> rootbotz wins
  Trick 11: rootbotz leads KD, r2_d2 plays 10D -> rootbotz wins
  Trick 12: rootbotz leads KC, r2_d2 plays 10H -> rootbotz wins
  Hand: r2_d2 +6 / rootbotz +14 (tricks 6-6)
  Match total: r2_d2 34 - 20 rootbotz
Players: r2_d2 vs rootbotz
Dealer: r2_d2  |  Elder: rootbotz
Match scores: 34 - 20
Talon (8): 7C 8C JC 9D JD 7H KH 10S
r2_d2 hand: 9C 10C KD AD 8H 9H 10H JH 8S JS KS AS
rootbotz hand: QC KC AC 7D 8D 10D QD QH AH 7S 9S QS
  Exchange rootbotz: discard 7D 8D 10D AH 7S -> draw 7C 8C 9D 7H KH (talon 3 left)
  Exchange r2_d2: discard 9C 10C -> draw JD 10S (talon 1 left)

--- Phase: declare ---
  Declare point: r2_d2 wins 5 pts (('point', 5, 'S'))
  Declare sequence: r2_d2 wins 4 pts (('sequence', 4, 11, 'H'))
  Declare set: rootbotz wins 14 pts (('set', 4, 12))

--- Phase: tricks ---
  Trick  1: rootbotz leads AC, r2_d2 plays 8H -> rootbotz wins
  Trick  2: rootbotz leads QH, r2_d2 plays 9H -> rootbotz wins
  Trick  3: rootbotz leads QC, r2_d2 plays 8S -> rootbotz wins
  Trick  4: rootbotz leads KH, r2_d2 plays 10H -> rootbotz wins
  Trick  5: rootbotz leads KC, r2_d2 plays 10S -> rootbotz wins
  Trick  6: rootbotz leads QS, r2_d2 plays KS -> r2_d2 wins
  Trick  7: r2_d2 leads AD, rootbotz plays 9D -> r2_d2 wins
  Trick  8: r2_d2 leads AS, rootbotz plays 9S -> r2_d2 wins
  Trick  9: r2_d2 leads KD, rootbotz plays QD -> r2_d2 wins
  Trick 10: r2_d2 leads JH, rootbotz plays 7H -> r2_d2 wins
  Trick 11: r2_d2 leads JD, rootbotz plays 7C -> r2_d2 wins
  Trick 12: r2_d2 leads JS, rootbotz plays 8C -> r2_d2 wins
  Hand: r2_d2 +27 / rootbotz +19 (tricks 7-5)
  Match total: r2_d2 61 - 39 rootbotz
Players: r2_d2 vs rootbotz
Dealer: rootbotz  |  Elder: r2_d2
Match scores: 61 - 39
Talon (8): 7C 10C JC 9D QD 7H AH 9S
r2_d2 hand: 8C KC 7D JD KD 8H 9H 10H JH 7S 10S AS
rootbotz hand: 9C QC AC 8D 10D AD QH KH 8S JS QS KS
  Exchange r2_d2: discard 8C 7D JD 7S 10S -> draw 7C 9D QD 7H 9S (talon 3 left)
  Exchange rootbotz: discard 8D 10D 8S -> draw 10C JC AH (talon 0 left)

--- Phase: declare ---
  Declare point: rootbotz wins 5 pts (('point', 5, 'C'))
  Declare sequence: r2_d2 wins 10 pts (('sequence', 5, 11, 'H'))
  Declare set: rootbotz wins 3 pts (('set', 3, 14))

--- Phase: tricks ---
  Trick  1: r2_d2 leads AS, rootbotz plays JS -> r2_d2 wins
  Trick  2: r2_d2 leads JH, rootbotz plays QH -> rootbotz wins
  Trick  3: rootbotz leads AD, r2_d2 plays 9D -> rootbotz wins
  Trick  4: rootbotz leads AC, r2_d2 plays 7C -> rootbotz wins
  Trick  5: rootbotz leads AH, r2_d2 plays 7H -> rootbotz wins
  Trick  6: rootbotz leads QS, r2_d2 plays 9S -> rootbotz wins
  Trick  7: rootbotz leads KS, r2_d2 plays 8H -> rootbotz wins
  Trick  8: rootbotz leads 9C, r2_d2 plays KC -> r2_d2 wins
  Trick  9: r2_d2 leads KD, rootbotz plays 10C -> r2_d2 wins
  Trick 10: r2_d2 leads QD, rootbotz plays JC -> r2_d2 wins
  Trick 11: r2_d2 leads 10H, rootbotz plays KH -> rootbotz wins
  Trick 12: rootbotz leads QC, r2_d2 plays 9H -> rootbotz wins
  Hand: r2_d2 +14 / rootbotz +27 (tricks 4-8)
  Match total: r2_d2 75 - 66 rootbotz
Players: r2_d2 vs rootbotz
Dealer: r2_d2  |  Elder: rootbotz
Match scores: 75 - 66
Talon (8): 7C JD AD 10H AH 7S 8S QS
r2_d2 hand: 9C JC KC 10D QD KD 8H 9H JH QH JS KS
rootbotz hand: 8C 10C QC AC 7D 8D 9D 7H KH 9S 10S AS
  Exchange rootbotz: discard 8C 10C QC 7H 9S -> draw JD AD AH 7S 8S (talon 3 left)
  Exchange r2_d2: discard 9C 10D QD -> draw 7C 10H QS (talon 0 left)

--- Phase: declare ---
  Declare point: r2_d2 wins 5 pts (('point', 5, 'H'))
  Declare sequence: r2_d2 wins 10 pts (('sequence', 5, 12, 'H'))
  Declare set: rootbotz wins 14 pts (('set', 4, 14))

--- Phase: tricks ---
  Trick  1: rootbotz leads AS, r2_d2 plays JS -> rootbotz wins
  Trick  2: rootbotz leads AH, r2_d2 plays 8H -> rootbotz wins
  Trick  3: rootbotz leads AD, r2_d2 plays KD -> rootbotz wins
  Trick  4: rootbotz leads AC, r2_d2 plays 7C -> rootbotz wins
  Trick  5: rootbotz leads KH, r2_d2 plays 9H -> rootbotz wins
  Trick  6: rootbotz leads JD, r2_d2 plays 10H -> rootbotz wins
  Trick  7: rootbotz leads 7S, r2_d2 plays QS -> r2_d2 wins
  Trick  8: r2_d2 leads KC, rootbotz plays 7D -> r2_d2 wins
  Trick  9: r2_d2 leads QH, rootbotz plays 8D -> r2_d2 wins
  Trick 10: r2_d2 leads KS, rootbotz plays 8S -> r2_d2 wins
  Trick 11: r2_d2 leads JH, rootbotz plays 9D -> r2_d2 wins
  Trick 12: r2_d2 leads JC, rootbotz plays 10S -> r2_d2 wins
  Hand: r2_d2 +22 / rootbotz +20 (tricks 6-6)
  Match total: r2_d2 97 - 86 rootbotz
Players: r2_d2 vs rootbotz
Dealer: rootbotz  |  Elder: r2_d2
Match scores: 97 - 86
Talon (8): 8C JC AC 8D 9D QH KH QS
r2_d2 hand: 7C 9C 10C QC 7D JD KD 10H AH 8S 10S JS
rootbotz hand: KC 10D QD AD 7H 8H 9H JH 7S 9S KS AS
  Exchange r2_d2: discard 7D JD 8S JS -> draw 8C QH KH QS (talon 4 left)
  Exchange rootbotz: discard 10D QD 7S 9S -> draw JC AC 8D 9D (talon 0 left)

--- Phase: declare ---
  Declare point: r2_d2 wins 5 pts (('point', 5, 'C'))
  Declare sequence: r2_d2 wins 4 pts (('sequence', 4, 10, 'C'))
  Declare set: rootbotz wins 3 pts (('set', 3, 14))

--- Phase: tricks ---
  Trick  1: r2_d2 leads AH, rootbotz plays 7H -> r2_d2 wins
  Trick  2: r2_d2 leads KH, rootbotz plays 8H -> r2_d2 wins
  Trick  3: r2_d2 leads QH, rootbotz plays 9H -> r2_d2 wins
  Trick  4: r2_d2 leads QC, rootbotz plays KC -> rootbotz wins
  Trick  5: rootbotz leads AS, r2_d2 plays 10S -> rootbotz wins
  Trick  6: rootbotz leads AD, r2_d2 plays KD -> rootbotz wins
  Trick  7: rootbotz leads AC, r2_d2 plays 7C -> rootbotz wins
  Trick  8: rootbotz leads JH, r2_d2 plays 10H -> rootbotz wins
  Trick  9: rootbotz leads 8D, r2_d2 plays 8C -> rootbotz wins
  Trick 10: rootbotz leads 9D, r2_d2 plays 9C -> rootbotz wins
  Trick 11: rootbotz leads KS, r2_d2 plays QS -> rootbotz wins
  Trick 12: rootbotz leads JC, r2_d2 plays 10C -> rootbotz wins
  Hand: r2_d2 +12 / rootbotz +23 (tricks 3-9)
  Match total: r2_d2 109 - 109 rootbotz
  Final: r2_d2 109 - 109 rootbotz
  Draw

============================================================
Game 4
============================================================
Players: rootbotz vs r2_d2
Dealer: rootbotz  |  Elder: r2_d2
Match scores: 0 - 0
Talon (8): QC KC AC QD 8H AH 9S KS
rootbotz hand: 7C 8D 9D 10D 7H 9H 10H JH QH 10S JS QS
r2_d2 hand: 8C 9C 10C JC 7D JD KD AD KH 7S 8S AS
  Exchange r2_d2: discard 7D JD 7S 8S -> draw QC AC QD KS (talon 4 left)
  Exchange rootbotz: discard 7C 8D 9D JS -> draw KC 8H AH 9S (talon 0 left)

--- Phase: declare ---
  Declare point: rootbotz wins 7 pts (('point', 7, 'H'))
  Declare sequence: rootbotz wins 11 pts (('sequence', 6, 12, 'H'))
  Declare set: r2_d2 wins 3 pts (('set', 3, 14))

--- Phase: tricks ---
  Trick  1: r2_d2 leads AC, rootbotz plays KC -> r2_d2 wins
  Trick  2: r2_d2 leads AD, rootbotz plays 10D -> r2_d2 wins
  Trick  3: r2_d2 leads AS, rootbotz plays 9S -> r2_d2 wins
  Trick  4: r2_d2 leads KD, rootbotz plays 7H -> r2_d2 wins
  Trick  5: r2_d2 leads KS, rootbotz plays 10S -> r2_d2 wins
  Trick  6: r2_d2 leads QD, rootbotz plays 8H -> r2_d2 wins
  Trick  7: r2_d2 leads QC, rootbotz plays 9H -> r2_d2 wins
  Trick  8: r2_d2 leads JC, rootbotz plays 10H -> r2_d2 wins
  Trick  9: r2_d2 leads 10C, rootbotz plays JH -> r2_d2 wins
  Trick 10: r2_d2 leads 9C, rootbotz plays QS -> r2_d2 wins
  Trick 11: r2_d2 leads KH, rootbotz plays AH -> rootbotz wins
  Trick 12: rootbotz leads QH, r2_d2 plays 8C -> rootbotz wins
  Hand: rootbotz +21 / r2_d2 +23 (tricks 2-10)
  Match total: rootbotz 21 - 23 r2_d2
Players: rootbotz vs r2_d2
Dealer: r2_d2  |  Elder: rootbotz
Match scores: 21 - 23
Talon (8): 9C 10C QC 9D 7H QH 7S AS
rootbotz hand: 7C 8C JC AC 7D 10D KD 8H 10S JS QS KS
r2_d2 hand: KC 8D JD QD AD 9H 10H JH KH AH 8S 9S
  Exchange rootbotz: discard 7C 8C JC 7D 8H -> draw 9C 10C 9D 7S AS (talon 3 left)
  Exchange r2_d2: discard 8D 8S 9S -> draw QC 7H QH (talon 0 left)

--- Phase: declare ---
  Declare point: r2_d2 wins 7 pts (('point', 7, 'H'))
  Declare sequence: r2_d2 wins 11 pts (('sequence', 6, 14, 'H'))
  Declare set: r2_d2 wins 3 pts (('set', 3, 12))

--- Phase: tricks ---
  Trick  1: rootbotz leads AS, r2_d2 plays 7H -> rootbotz wins
  Trick  2: rootbotz leads AC, r2_d2 plays QC -> rootbotz wins
  Trick  3: rootbotz leads 10S, r2_d2 plays 9H -> rootbotz wins
  Trick  4: rootbotz leads JS, r2_d2 plays 10H -> rootbotz wins
  Trick  5: rootbotz leads 7S, r2_d2 plays JD -> rootbotz wins
  Trick  6: rootbotz leads QS, r2_d2 plays JH -> rootbotz wins
  Trick  7: rootbotz leads KS, r2_d2 plays QD -> rootbotz wins
  Trick  8: rootbotz leads KD, r2_d2 plays AD -> r2_d2 wins
  Trick  9: r2_d2 leads AH, rootbotz plays 9C -> r2_d2 wins
  Trick 10: r2_d2 leads KH, rootbotz plays 9D -> r2_d2 wins
  Trick 11: r2_d2 leads KC, rootbotz plays 10C -> r2_d2 wins
  Trick 12: r2_d2 leads QH, rootbotz plays 10D -> r2_d2 wins
  Hand: rootbotz +17 / r2_d2 +27 (tricks 7-5)
  Match total: rootbotz 38 - 50 r2_d2
Players: rootbotz vs r2_d2
Dealer: rootbotz  |  Elder: r2_d2
Match scores: 38 - 50
Talon (8): KC QD 9H 8S 9S JS QS KS
rootbotz hand: 10C JC AC 8D 9D 10D AD 10H JH QH AH 7S
r2_d2 hand: 7C 8C 9C QC 7D JD KD 7H 8H KH 10S AS
  Exchange r2_d2: discard 7D JD 7H 8H 10S -> draw QD 9H 8S JS QS (talon 3 left)
  Exchange rootbotz: discard 8D 9D 7S -> draw KC 9S KS (talon 0 left)

--- Phase: declare ---
  Declare point: rootbotz wins 4 pts (('point', 4, 'H'))
  Declare sequence: rootbotz wins 3 pts (('sequence', 3, 12, 'H'))
  Declare set: rootbotz wins 3 pts (('set', 3, 14))

--- Phase: tricks ---
  Trick  1: r2_d2 leads AS, rootbotz plays 9S -> r2_d2 wins
  Trick  2: r2_d2 leads QC, rootbotz plays KC -> rootbotz wins
  Trick  3: rootbotz leads AH, r2_d2 plays 9H -> rootbotz wins
  Trick  4: rootbotz leads AD, r2_d2 plays QD -> rootbotz wins
  Trick  5: rootbotz leads AC, r2_d2 plays 7C -> rootbotz wins
  Trick  6: rootbotz leads 10C, r2_d2 plays 8C -> rootbotz wins
  Trick  7: rootbotz leads JC, r2_d2 plays 9C -> rootbotz wins
  Trick  8: rootbotz leads 10H, r2_d2 plays KH -> r2_d2 wins
  Trick  9: r2_d2 leads KD, rootbotz plays 10D -> r2_d2 wins
  Trick 10: r2_d2 leads QS, rootbotz plays KS -> rootbotz wins
  Trick 11: rootbotz leads JH, r2_d2 plays 8S -> rootbotz wins
  Trick 12: rootbotz leads QH, r2_d2 plays JS -> rootbotz wins
  Hand: rootbotz +30 / r2_d2 +3 (tricks 9-3)
  Match total: rootbotz 68 - 53 r2_d2
Players: rootbotz vs r2_d2
Dealer: r2_d2  |  Elder: rootbotz
Match scores: 68 - 53
Talon (8): KC JD AD 7H 9H QH 7S KS
rootbotz hand: 9C 10C QC AC 7D 9D 10H KH AH 8S JS QS
r2_d2 hand: 7C 8C JC 8D 10D QD KD 8H JH 9S 10S AS
  Exchange rootbotz: discard 7D 9D 8S JS QS -> draw KC JD 7H 9H QH (talon 3 left)
  Exchange r2_d2: discard 7C 8C 8H -> draw AD 7S KS (talon 0 left)

--- Phase: declare ---
  Declare point: rootbotz wins 6 pts (('point', 6, 'H'))

--- Phase: tricks ---
  Trick  1: rootbotz leads AH, r2_d2 plays JH -> rootbotz wins
  Trick  2: rootbotz leads AC, r2_d2 plays JC -> rootbotz wins
  Trick  3: rootbotz leads QH, r2_d2 plays 7S -> rootbotz wins
  Trick  4: rootbotz leads QC, r2_d2 plays 8D -> rootbotz wins
  Trick  5: rootbotz leads KH, r2_d2 plays 9S -> rootbotz wins
  Trick  6: rootbotz leads KC, r2_d2 plays 10S -> rootbotz wins
  Trick  7: rootbotz leads 9H, r2_d2 plays 10D -> rootbotz wins
  Trick  8: rootbotz leads 9C, r2_d2 plays QD -> rootbotz wins
  Trick  9: rootbotz leads 10H, r2_d2 plays KD -> rootbotz wins
  Trick 10: rootbotz leads 10C, r2_d2 plays KS -> rootbotz wins
  Trick 11: rootbotz leads 7H, r2_d2 plays AS -> rootbotz wins
  Trick 12: rootbotz leads JD, r2_d2 plays AD -> r2_d2 wins
  Hand: rootbotz +27 / r2_d2 +2 (tricks 11-1)
  Match total: rootbotz 95 - 55 r2_d2
Players: rootbotz vs r2_d2
Dealer: rootbotz  |  Elder: r2_d2
Match scores: 95 - 55
Talon (8): 8C QC KC 8D KD 10H QH QS
rootbotz hand: 9C JC 7D 9D JD AD JH KH 7S 10S JS KS
r2_d2 hand: 7C 10C AC 10D QD 7H 8H 9H AH 8S 9S AS
  Exchange r2_d2: discard 7C 10C 10D 8S 9S -> draw QC 8D 10H QH QS (talon 3 left)
  Exchange rootbotz: discard 7D 7S KS -> draw 8C KC KD (talon 0 left)

--- Phase: declare ---
  Declare point: r2_d2 wins 6 pts (('point', 6, 'H'))
  Declare sequence: r2_d2 wins 4 pts (('sequence', 4, 10, 'H'))
  Declare set: r2_d2 wins 3 pts (('set', 3, 14))

--- Phase: tricks ---
  Trick  1: r2_d2 leads AH, rootbotz plays JH -> r2_d2 wins
  Trick  2: r2_d2 leads AC, rootbotz plays 8C -> r2_d2 wins
  Trick  3: r2_d2 leads AS, rootbotz plays 10S -> r2_d2 wins
  Trick  4: r2_d2 leads QH, rootbotz plays KH -> rootbotz wins
  Trick  5: rootbotz leads AD, r2_d2 plays 8D -> rootbotz wins
  Trick  6: rootbotz leads 9D, r2_d2 plays QD -> r2_d2 wins
  Trick  7: r2_d2 leads 10H, rootbotz plays 9C -> r2_d2 wins
  Trick  8: r2_d2 leads 9H, rootbotz plays JS -> r2_d2 wins
  Trick  9: r2_d2 leads 8H, rootbotz plays JD -> r2_d2 wins
  Trick 10: r2_d2 leads QC, rootbotz plays KC -> rootbotz wins
  Trick 11: rootbotz leads KD, r2_d2 plays 7H -> rootbotz wins
  Trick 12: rootbotz leads JC, r2_d2 plays QS -> rootbotz wins
  Hand: rootbotz +6 / r2_d2 +30 (tricks 5-7)
  Match total: rootbotz 101 - 85 r2_d2
  Final: rootbotz 101 - 85 r2_d2
  Winner: rootbotz

============================================================
Game 5
============================================================
Players: r2_d2 vs rootbotz
Dealer: r2_d2  |  Elder: rootbotz
Match scores: 0 - 0
Talon (8): 10C QC QD AD 9S 10S QS AS
r2_d2 hand: 7C 8C JC AC 7D 8D 10D JD JH KH 7S 8S
rootbotz hand: 9C KC 9D KD 7H 8H 9H 10H QH AH JS KS
  Exchange rootbotz: discard 9C 9D QH JS -> draw QD AD 9S 10S (talon 4 left)
  Exchange r2_d2: discard 7D 8D 7S 8S -> draw 10C QC QS AS (talon 0 left)

--- Phase: declare ---
  Declare point: r2_d2 wins 6 pts (('point', 6, 'C'))
  Declare sequence: rootbotz wins 4 pts (('sequence', 4, 10, 'H'))
  Declare set: rootbotz wins 3 pts (('set', 3, 13))

--- Phase: tricks ---
  Trick  1: rootbotz leads AH, r2_d2 plays JH -> rootbotz wins
  Trick  2: rootbotz leads AD, r2_d2 plays 10D -> rootbotz wins
  Trick  3: rootbotz leads QD, r2_d2 plays JD -> rootbotz wins
  Trick  4: rootbotz leads KD, r2_d2 plays 7C -> rootbotz wins
  Trick  5: rootbotz leads KS, r2_d2 plays AS -> r2_d2 wins
  Trick  6: r2_d2 leads AC, rootbotz plays KC -> r2_d2 wins
  Trick  7: r2_d2 leads KH, rootbotz plays 7H -> r2_d2 wins
  Trick  8: r2_d2 leads QS, rootbotz plays 9S -> r2_d2 wins
  Trick  9: r2_d2 leads QC, rootbotz plays 8H -> r2_d2 wins
  Trick 10: r2_d2 leads JC, rootbotz plays 9H -> r2_d2 wins
  Trick 11: r2_d2 leads 10C, rootbotz plays 10H -> r2_d2 wins
  Trick 12: r2_d2 leads 8C, rootbotz plays 10S -> r2_d2 wins
  Hand: r2_d2 +25 / rootbotz +11 (tricks 8-4)
  Match total: r2_d2 25 - 11 rootbotz
Players: r2_d2 vs rootbotz
Dealer: rootbotz  |  Elder: r2_d2
Match scores: 25 - 11
Talon (8): 7C 10C KC 8D 9D 10D AD 8S
r2_d2 hand: 9C JC QC 7H 9H 10H JH KH AH 7S 9S KS
rootbotz hand: 8C AC 7D JD QD KD 8H QH 10S JS QS AS
  Exchange r2_d2: discard 9C JC QC 7S 9S -> draw 7C 8D 9D AD 8S (talon 3 left)
  Exchange rootbotz: discard 8C AC 8H -> draw 10C KC 10D (talon 0 left)

--- Phase: declare ---
  Declare point: r2_d2 wins 6 pts (('point', 6, 'H'))
  Declare sequence: rootbotz wins 4 pts (('sequence', 4, 13, 'D'))
  Declare set: rootbotz wins 3 pts (('set', 3, 12))

--- Phase: tricks ---
  Trick  1: r2_d2 leads AH, rootbotz plays QH -> r2_d2 wins
  Trick  2: r2_d2 leads AD, rootbotz plays 7D -> r2_d2 wins
  Trick  3: r2_d2 leads KH, rootbotz plays 10C -> r2_d2 wins
  Trick  4: r2_d2 leads JH, rootbotz plays 10S -> r2_d2 wins
  Trick  5: r2_d2 leads 10H, rootbotz plays 10D -> r2_d2 wins
  Trick  6: r2_d2 leads KS, rootbotz plays AS -> rootbotz wins
  Trick  7: rootbotz leads JS, r2_d2 plays 8S -> rootbotz wins
  Trick  8: rootbotz leads JD, r2_d2 plays 8D -> rootbotz wins
  Trick  9: rootbotz leads QS, r2_d2 plays 7C -> rootbotz wins
  Trick 10: rootbotz leads QD, r2_d2 plays 9D -> rootbotz wins
  Trick 11: rootbotz leads KD, r2_d2 plays 7H -> rootbotz wins
  Trick 12: rootbotz leads KC, r2_d2 plays 9H -> rootbotz wins
  Hand: r2_d2 +11 / rootbotz +25 (tricks 5-7)
  Match total: r2_d2 36 - 36 rootbotz
Players: r2_d2 vs rootbotz
Dealer: r2_d2  |  Elder: rootbotz
Match scores: 36 - 36
Talon (8): 7C QC 9D 10D 7H AH 8S AS
r2_d2 hand: 9C 10C KC AC JD QD AD JH KH 10S QS KS
rootbotz hand: 8C JC 7D 8D KD 8H 9H 10H QH 7S 9S JS
  Exchange rootbotz: discard 8C 7D 8D 7S 9S -> draw 9D 7H AH 8S AS (talon 3 left)
  Exchange r2_d2: discard JD JH 10S -> draw 7C QC 10D (talon 0 left)

--- Phase: declare ---
  Declare point: r2_d2 wins 6 pts (('point', 6, 'C'))
  Declare sequence: rootbotz wins 4 pts (('sequence', 4, 10, 'H'))
  Declare set: r2_d2 wins 3 pts (('set', 3, 13))

--- Phase: tricks ---
  Trick  1: rootbotz leads AS, r2_d2 plays QS -> rootbotz wins
  Trick  2: rootbotz leads AH, r2_d2 plays KH -> rootbotz wins
  Trick  3: rootbotz leads KD, r2_d2 plays AD -> r2_d2 wins
  Trick  4: r2_d2 leads AC, rootbotz plays JC -> r2_d2 wins
  Trick  5: r2_d2 leads KC, rootbotz plays 7H -> r2_d2 wins
  Trick  6: r2_d2 leads QC, rootbotz plays 8S -> r2_d2 wins
  Trick  7: r2_d2 leads QD, rootbotz plays 9D -> r2_d2 wins
  Trick  8: r2_d2 leads KS, rootbotz plays JS -> r2_d2 wins
  Trick  9: r2_d2 leads 10C, rootbotz plays 8H -> r2_d2 wins
  Trick 10: r2_d2 leads 9C, rootbotz plays 9H -> r2_d2 wins
  Trick 11: r2_d2 leads 10D, rootbotz plays 10H -> r2_d2 wins
  Trick 12: r2_d2 leads 7C, rootbotz plays QH -> r2_d2 wins
  Hand: r2_d2 +30 / rootbotz +6 (tricks 10-2)
  Match total: r2_d2 66 - 42 rootbotz
Players: r2_d2 vs rootbotz
Dealer: rootbotz  |  Elder: r2_d2
Match scores: 66 - 42
Talon (8): JC AC QD AD 7H KH AH 8S
r2_d2 hand: 8C KC 7D 10D JD 8H 9H JH 10S JS QS AS
rootbotz hand: 7C 9C 10C QC 8D 9D KD 10H QH 7S 9S KS
  Exchange r2_d2: discard 8C 7D 10D 8H 9H -> draw QD AD 7H AH 8S (talon 3 left)
  Exchange rootbotz: discard 7C 7S 9S -> draw JC AC KH (talon 0 left)

--- Phase: declare ---
  Declare point: rootbotz wins 5 pts (('point', 5, 'C'))
  Declare sequence: rootbotz wins 4 pts (('sequence', 4, 12, 'C'))
  Declare set: r2_d2 wins 3 pts (('set', 3, 14))

--- Phase: tricks ---
  Trick  1: r2_d2 leads AS, rootbotz plays KS -> r2_d2 wins
  Trick  2: r2_d2 leads AH, rootbotz plays 10H -> r2_d2 wins
  Trick  3: r2_d2 leads AD, rootbotz plays 8D -> r2_d2 wins
  Trick  4: r2_d2 leads QS, rootbotz plays 9D -> r2_d2 wins
  Trick  5: r2_d2 leads JS, rootbotz plays 9C -> r2_d2 wins
  Trick  6: r2_d2 leads QD, rootbotz plays KD -> rootbotz wins
  Trick  7: rootbotz leads AC, r2_d2 plays KC -> rootbotz wins
  Trick  8: rootbotz leads 10C, r2_d2 plays 7H -> rootbotz wins
  Trick  9: rootbotz leads JC, r2_d2 plays 8S -> rootbotz wins
  Trick 10: rootbotz leads QC, r2_d2 plays 10S -> rootbotz wins
  Trick 11: rootbotz leads QH, r2_d2 plays JH -> rootbotz wins
  Trick 12: rootbotz leads KH, r2_d2 plays JD -> rootbotz wins
  Hand: r2_d2 +8 / rootbotz +27 (tricks 5-7)
  Match total: r2_d2 74 - 69 rootbotz
Players: r2_d2 vs rootbotz
Dealer: r2_d2  |  Elder: rootbotz
Match scores: 74 - 69
Talon (8): KC 9D 10D KD 10H 9S 10S KS
r2_d2 hand: 8C QC 8D JD QD AD 7H 9H KH 7S JS AS
rootbotz hand: 7C 9C 10C JC AC 7D 8H JH QH AH 8S QS
  Exchange rootbotz: discard 7D 8H JH QH 8S -> draw KC 9D KD 10H 10S (talon 3 left)
  Exchange r2_d2: discard 8C 7H 7S -> draw 10D 9S KS (talon 0 left)

--- Phase: declare ---
  Declare point: rootbotz wins 6 pts (('point', 6, 'C'))
  Declare sequence: r2_d2 wins 3 pts (('sequence', 3, 12, 'D'))
  Declare set: rootbotz wins 3 pts (('set', 3, 10))

--- Phase: tricks ---
  Trick  1: rootbotz leads AH, r2_d2 plays 9H -> rootbotz wins
  Trick  2: rootbotz leads AC, r2_d2 plays QC -> rootbotz wins
  Trick  3: rootbotz leads KC, r2_d2 plays 8D -> rootbotz wins
  Trick  4: rootbotz leads 9C, r2_d2 plays 9S -> rootbotz wins
  Trick  5: rootbotz leads 10H, r2_d2 plays KH -> r2_d2 wins
  Trick  6: r2_d2 leads AD, rootbotz plays 9D -> r2_d2 wins
  Trick  7: r2_d2 leads AS, rootbotz plays 10S -> r2_d2 wins
  Trick  8: r2_d2 leads KS, rootbotz plays QS -> r2_d2 wins
  Trick  9: r2_d2 leads QD, rootbotz plays KD -> rootbotz wins
  Trick 10: rootbotz leads 7C, r2_d2 plays 10D -> rootbotz wins
  Trick 11: rootbotz leads 10C, r2_d2 plays JD -> rootbotz wins
  Trick 12: rootbotz leads JC, r2_d2 plays JS -> rootbotz wins
  Hand: r2_d2 +7 / rootbotz +28 (tricks 4-8)
  Match total: r2_d2 81 - 97 rootbotz
Players: r2_d2 vs rootbotz
Dealer: rootbotz  |  Elder: r2_d2
Match scores: 81 - 97
Talon (8): 10C JC 8H 9H KH 7S 9S JS
r2_d2 hand: 8C QC AC 7D 10D JD QD KD AD 7H 8S KS
rootbotz hand: 7C 9C KC 8D 9D 10H JH QH AH 10S QS AS
  Exchange r2_d2: discard 8C QC 7H 8S -> draw JC 9H KH 7S (talon 4 left)
  Exchange rootbotz: discard 7C 9C 8D 9D -> draw 10C 8H 9S JS (talon 0 left)

--- Phase: declare ---
  Declare point: r2_d2 wins 6 pts (('point', 6, 'D'))
  Declare sequence: r2_d2 wins 10 pts (('sequence', 5, 14, 'D'))
  Declare set: r2_d2 wins 3 pts (('set', 3, 13))

--- Phase: tricks ---
  Trick  1: r2_d2 leads AD, rootbotz plays 8H -> r2_d2 wins
  Trick  2: r2_d2 leads AC, rootbotz plays 10C -> r2_d2 wins
  Trick  3: r2_d2 leads KD, rootbotz plays 9S -> r2_d2 wins
  Trick  4: r2_d2 leads QD, rootbotz plays 10H -> r2_d2 wins
  Trick  5: r2_d2 leads JD, rootbotz plays 10S -> r2_d2 wins
  Trick  6: r2_d2 leads KH, rootbotz plays AH -> rootbotz wins
  Trick  7: rootbotz leads AS, r2_d2 plays 7S -> rootbotz wins
  Trick  8: rootbotz leads KC, r2_d2 plays JC -> rootbotz wins
  Trick  9: rootbotz leads JS, r2_d2 plays KS -> r2_d2 wins
  Trick 10: r2_d2 leads 10D, rootbotz plays JH -> r2_d2 wins
  Trick 11: r2_d2 leads 9H, rootbotz plays QH -> rootbotz wins
  Trick 12: rootbotz leads QS, r2_d2 plays 7D -> rootbotz wins
  Hand: r2_d2 +36 / rootbotz +6 (tricks 7-5)
  Match total: r2_d2 117 - 103 rootbotz
  Final: r2_d2 117 - 103 rootbotz
  Winner: r2_d2

============================================================
Game 6
============================================================
Players: rootbotz vs r2_d2
Dealer: rootbotz  |  Elder: r2_d2
Match scores: 0 - 0
Talon (8): 9D JD AD 9H JH QH AH 8S
rootbotz hand: 7C JC 10D QD KD 8H 10H 7S 9S 10S QS AS
r2_d2 hand: 8C 9C 10C QC KC AC 7D 8D 7H KH JS KS
  Exchange r2_d2: discard 7D 8D 7H JS -> draw 9D AD QH 8S (talon 4 left)
  Exchange rootbotz: discard 7C JC 8H 7S -> draw JD 9H JH AH (talon 0 left)

--- Phase: declare ---
  Declare point: r2_d2 wins 6 pts (('point', 6, 'C'))
  Declare sequence: rootbotz wins 4 pts (('sequence', 4, 13, 'D'))
  Declare set: r2_d2 wins 3 pts (('set', 3, 13))

--- Phase: tricks ---
  Trick  1: r2_d2 leads AC, rootbotz plays 9S -> r2_d2 wins
  Trick  2: r2_d2 leads AD, rootbotz plays 10D -> r2_d2 wins
  Trick  3: r2_d2 leads KC, rootbotz plays 9H -> r2_d2 wins
  Trick  4: r2_d2 leads QC, rootbotz plays 10S -> r2_d2 wins
  Trick  5: r2_d2 leads 10C, rootbotz plays 10H -> r2_d2 wins
  Trick  6: r2_d2 leads KH, rootbotz plays AH -> rootbotz wins
  Trick  7: rootbotz leads AS, r2_d2 plays 8S -> rootbotz wins
  Trick  8: rootbotz leads JD, r2_d2 plays 9D -> rootbotz wins
  Trick  9: rootbotz leads QD, r2_d2 plays 8C -> rootbotz wins
  Trick 10: rootbotz leads KD, r2_d2 plays 9C -> rootbotz wins
  Trick 11: rootbotz leads JH, r2_d2 plays QH -> r2_d2 wins
  Trick 12: r2_d2 leads KS, rootbotz plays QS -> r2_d2 wins
  Hand: rootbotz +9 / r2_d2 +27 (tricks 5-7)
  Match total: rootbotz 9 - 27 r2_d2
Players: rootbotz vs r2_d2
Dealer: r2_d2  |  Elder: rootbotz
Match scores: 9 - 27
Talon (8): JC 7D 10D JD 8H 9H 10H AS
rootbotz hand: 9C QC KC 8D 9D QD AD 7H QH AH 10S KS
r2_d2 hand: 7C 8C 10C AC KD JH KH 7S 8S 9S JS QS
  Exchange rootbotz: discard 9C KC 7H 10S KS -> draw JC 7D 10D JD 8H (talon 3 left)
  Exchange r2_d2: discard 7C 8C 10C -> draw 9H 10H AS (talon 0 left)

--- Phase: declare ---
  Declare point: rootbotz wins 7 pts (('point', 7, 'D'))
  Declare sequence: rootbotz wins 11 pts (('sequence', 6, 12, 'D'))
  Declare set: rootbotz wins 3 pts (('set', 3, 12))

--- Phase: tricks ---
  Trick  1: rootbotz leads AH, r2_d2 plays 9H -> rootbotz wins
  Trick  2: rootbotz leads AD, r2_d2 plays KD -> rootbotz wins
  Trick  3: rootbotz leads 7D, r2_d2 plays 7S -> rootbotz wins
  Trick  4: rootbotz leads 8D, r2_d2 plays 8S -> rootbotz wins
  Trick  5: rootbotz leads 9D, r2_d2 plays 9S -> rootbotz wins
  Trick  6: rootbotz leads 10D, r2_d2 plays 10H -> rootbotz wins
  Trick  7: rootbotz leads JD, r2_d2 plays JH -> rootbotz wins
  Trick  8: rootbotz leads JC, r2_d2 plays AC -> r2_d2 wins
  Trick  9: r2_d2 leads AS, rootbotz plays 8H -> r2_d2 wins
  Trick 10: r2_d2 leads KH, rootbotz plays QH -> r2_d2 wins
  Trick 11: r2_d2 leads QS, rootbotz plays QC -> r2_d2 wins
  Trick 12: r2_d2 leads JS, rootbotz plays QD -> r2_d2 wins
  Hand: rootbotz +38 / r2_d2 +6 (tricks 7-5)
  Match total: rootbotz 47 - 33 r2_d2
Players: rootbotz vs r2_d2
Dealer: rootbotz  |  Elder: r2_d2
Match scores: 47 - 33
Talon (8): 7C 10D QD AD 9H QS KS AS
rootbotz hand: 8C 9C QC KC AC 8D JD AH 8S 9S 10S JS
r2_d2 hand: 10C JC 7D 9D KD 7H 8H 10H JH QH KH 7S
  Exchange r2_d2: discard 10C JC 7D 9D 7S -> draw 7C QD AD 9H AS (talon 3 left)
  Exchange rootbotz: discard 8C 9C 8D -> draw 10D QS KS (talon 0 left)

--- Phase: declare ---
  Declare point: r2_d2 wins 7 pts (('point', 7, 'H'))
  Declare sequence: r2_d2 wins 12 pts (('sequence', 7, 13, 'H'))

--- Phase: tricks ---
  Trick  1: r2_d2 leads AD, rootbotz plays 10D -> r2_d2 wins
  Trick  2: r2_d2 leads AS, rootbotz plays 8S -> r2_d2 wins
  Trick  3: r2_d2 leads KD, rootbotz plays JD -> r2_d2 wins
  Trick  4: r2_d2 leads QD, rootbotz plays 9S -> r2_d2 wins
  Trick  5: r2_d2 leads KH, rootbotz plays AH -> rootbotz wins
  Trick  6: rootbotz leads AC, r2_d2 plays 7C -> rootbotz wins
  Trick  7: rootbotz leads 10S, r2_d2 plays 7H -> rootbotz wins
  Trick  8: rootbotz leads JS, r2_d2 plays 8H -> rootbotz wins
  Trick  9: rootbotz leads QS, r2_d2 plays 9H -> rootbotz wins
  Trick 10: rootbotz leads QC, r2_d2 plays 10H -> rootbotz wins
  Trick 11: rootbotz leads KS, r2_d2 plays JH -> rootbotz wins
  Trick 12: rootbotz leads KC, r2_d2 plays QH -> rootbotz wins
  Hand: rootbotz +19 / r2_d2 +23 (tricks 8-4)
  Match total: rootbotz 66 - 56 r2_d2
Players: rootbotz vs r2_d2
Dealer: r2_d2  |  Elder: rootbotz
Match scores: 66 - 56
Talon (8): JC AC 8D JD JH QH 8S KS
rootbotz hand: 8C 9C KC 7D 10D QD KD 8H 10H KH 7S 9S
r2_d2 hand: 7C 10C QC 9D AD 7H 9H AH 10S JS QS AS
  Exchange rootbotz: discard 8C 9C 10H 7S 9S -> draw JC AC 8D 8S KS (talon 3 left)
  Exchange r2_d2: discard 7C 7H 9H -> draw JD JH QH (talon 0 left)

--- Phase: declare ---
  Declare point: rootbotz wins 5 pts (('point', 5, 'D'))
  Declare sequence: r2_d2 wins 3 pts (('sequence', 3, 12, 'S'))
  Declare set: r2_d2 wins 3 pts (('set', 3, 14))

--- Phase: tricks ---
  Trick  1: rootbotz leads AC, r2_d2 plays 10C -> rootbotz wins
  Trick  2: rootbotz leads KC, r2_d2 plays QC -> rootbotz wins
  Trick  3: rootbotz leads JC, r2_d2 plays 9D -> rootbotz wins
  Trick  4: rootbotz leads 8S, r2_d2 plays 10S -> r2_d2 wins
  Trick  5: r2_d2 leads AS, rootbotz plays KS -> r2_d2 wins
  Trick  6: r2_d2 leads AH, rootbotz plays 8H -> r2_d2 wins
  Trick  7: r2_d2 leads AD, rootbotz plays 7D -> r2_d2 wins
  Trick  8: r2_d2 leads QH, rootbotz plays KH -> rootbotz wins
  Trick  9: rootbotz leads QD, r2_d2 plays JD -> rootbotz wins
  Trick 10: rootbotz leads 8D, r2_d2 plays JH -> rootbotz wins
  Trick 11: rootbotz leads 10D, r2_d2 plays JS -> rootbotz wins
  Trick 12: rootbotz leads KD, r2_d2 plays QS -> rootbotz wins
  Hand: rootbotz +24 / r2_d2 +10 (tricks 8-4)
  Match total: rootbotz 90 - 66 r2_d2
Players: rootbotz vs r2_d2
Dealer: rootbotz  |  Elder: r2_d2
Match scores: 90 - 66
Talon (8): 9C 7D KD 7H JH KH 8S KS
rootbotz hand: 10C JC QC KC 10D QD AD 9H 7S 9S QS AS
r2_d2 hand: 7C 8C AC 8D 9D JD 8H 10H QH AH 10S JS
  Exchange r2_d2: discard 7C 8C 8D 9D 10S -> draw 9C KD 7H KH KS (talon 3 left)
  Exchange rootbotz: discard 9H 7S 9S -> draw 7D JH 8S (talon 0 left)

--- Phase: declare ---
  Declare point: r2_d2 wins 6 pts (('point', 6, 'H'))
  Declare sequence: rootbotz wins 4 pts (('sequence', 4, 13, 'C'))
  Declare set: r2_d2 wins 3 pts (('set', 3, 13))

--- Phase: tricks ---
  Trick  1: r2_d2 leads AH, rootbotz plays JH -> r2_d2 wins
  Trick  2: r2_d2 leads AC, rootbotz plays 10C -> r2_d2 wins
  Trick  3: r2_d2 leads KH, rootbotz plays 7D -> r2_d2 wins
  Trick  4: r2_d2 leads QH, rootbotz plays 8S -> r2_d2 wins
  Trick  5: r2_d2 leads 10H, rootbotz plays 10D -> r2_d2 wins
  Trick  6: r2_d2 leads KD, rootbotz plays AD -> rootbotz wins
  Trick  7: rootbotz leads AS, r2_d2 plays JS -> rootbotz wins
  Trick  8: rootbotz leads JC, r2_d2 plays 9C -> rootbotz wins
  Trick  9: rootbotz leads QC, r2_d2 plays 7H -> rootbotz wins
  Trick 10: rootbotz leads KC, r2_d2 plays 8H -> rootbotz wins
  Trick 11: rootbotz leads QS, r2_d2 plays KS -> r2_d2 wins
  Trick 12: r2_d2 leads JD, rootbotz plays QD -> rootbotz wins
  Hand: rootbotz +11 / r2_d2 +15 (tricks 6-6)
  Match total: rootbotz 101 - 81 r2_d2
  Final: rootbotz 101 - 81 r2_d2
  Winner: rootbotz

============================================================
Game 7
============================================================
Players: r2_d2 vs rootbotz
Dealer: r2_d2  |  Elder: rootbotz
Match scores: 0 - 0
Talon (8): 8C KC 10D KH AH 8S QS AS
r2_d2 hand: 7C 9C 10C AC 8D 9D QD AD 7H QH 9S KS
rootbotz hand: JC QC 7D JD KD 8H 9H 10H JH 7S 10S JS
  Exchange rootbotz: discard QC 7D KD 7S 10S -> draw 8C KH AH 8S AS (talon 3 left)
  Exchange r2_d2: discard 7H QH 9S -> draw KC 10D QS (talon 0 left)

--- Phase: declare ---
  Declare point: rootbotz wins 6 pts (('point', 6, 'H'))
  Declare sequence: rootbotz wins 4 pts (('sequence', 4, 11, 'H'))
  Declare set: rootbotz wins 14 pts (('set', 4, 11))

--- Phase: tricks ---
  Trick  1: rootbotz leads AS, r2_d2 plays QS -> rootbotz wins
  Trick  2: rootbotz leads AH, r2_d2 plays 7C -> rootbotz wins
  Trick  3: rootbotz leads KH, r2_d2 plays 8D -> rootbotz wins
  Trick  4: rootbotz leads 8H, r2_d2 plays 9C -> rootbotz wins
  Trick  5: rootbotz leads 9H, r2_d2 plays 9D -> rootbotz wins
  Trick  6: rootbotz leads 10H, r2_d2 plays 10C -> rootbotz wins
  Trick  7: rootbotz leads JH, r2_d2 plays 10D -> rootbotz wins
  Trick  8: rootbotz leads JS, r2_d2 plays KS -> r2_d2 wins
  Trick  9: r2_d2 leads AD, rootbotz plays JD -> r2_d2 wins
  Trick 10: r2_d2 leads AC, rootbotz plays 8C -> r2_d2 wins
  Trick 11: r2_d2 leads KC, rootbotz plays JC -> r2_d2 wins
  Trick 12: r2_d2 leads QD, rootbotz plays 8S -> r2_d2 wins
  Hand: r2_d2 +6 / rootbotz +41 (tricks 5-7)
  Match total: r2_d2 6 - 41 rootbotz
Players: r2_d2 vs rootbotz
Dealer: rootbotz  |  Elder: r2_d2
Match scores: 6 - 41
Talon (8): 8C JC 10D 10H KH AH JS QS
r2_d2 hand: 7C 9C KC AC JD QD KD AD 9H JH 9S KS
rootbotz hand: 10C QC 7D 8D 9D 7H 8H QH 7S 8S 10S AS
  Exchange r2_d2: discard 7C 9C 9H JH 9S -> draw 10H KH AH JS QS (talon 3 left)
  Exchange rootbotz: discard 7H 7S 8S -> draw 8C JC 10D (talon 0 left)

--- Phase: declare ---
  Declare point: r2_d2 wins 4 pts (('point', 4, 'D'))
  Declare sequence: r2_d2 wins 4 pts (('sequence', 4, 14, 'D'))
  Declare set: r2_d2 wins 3 pts (('set', 3, 14))

--- Phase: tricks ---
  Trick  1: r2_d2 leads AD, rootbotz plays 7D -> r2_d2 wins
  Trick  2: r2_d2 leads AH, rootbotz plays 8H -> r2_d2 wins
  Trick  3: r2_d2 leads AC, rootbotz plays 8C -> r2_d2 wins
  Trick  4: r2_d2 leads KD, rootbotz plays 8D -> r2_d2 wins
  Trick  5: r2_d2 leads KH, rootbotz plays QH -> r2_d2 wins
  Trick  6: r2_d2 leads QD, rootbotz plays 9D -> r2_d2 wins
  Trick  7: r2_d2 leads KC, rootbotz plays 10C -> r2_d2 wins
  Trick  8: r2_d2 leads KS, rootbotz plays AS -> rootbotz wins
  Trick  9: rootbotz leads 10S, r2_d2 plays JS -> r2_d2 wins
  Trick 10: r2_d2 leads QS, rootbotz plays 10D -> r2_d2 wins
  Trick 11: r2_d2 leads JD, rootbotz plays JC -> r2_d2 wins
  Trick 12: r2_d2 leads 10H, rootbotz plays QC -> r2_d2 wins
  Hand: r2_d2 +33 / rootbotz +1 (tricks 11-1)
  Match total: r2_d2 39 - 42 rootbotz
Players: r2_d2 vs rootbotz
Dealer: r2_d2  |  Elder: rootbotz
Match scores: 39 - 42
Talon (8): 8C 9D AD 7H QH 7S QS KS
r2_d2 hand: 7C 9C JC QC KC 7D JD QD JH KH 10S AS
rootbotz hand: 10C AC 8D 10D KD 8H 9H 10H AH 8S 9S JS
  Exchange rootbotz: discard 8D 8S 9S JS -> draw 9D AD QH KS (talon 4 left)
  Exchange r2_d2: discard 7D QD 10S -> draw 8C 7S QS (talon 1 left)

--- Phase: declare ---
  Declare point: r2_d2 wins 6 pts (('point', 6, 'C'))
  Declare sequence: r2_d2 wins 3 pts (('sequence', 3, 13, 'C'))
  Declare set: rootbotz wins 3 pts (('set', 3, 14))

--- Phase: tricks ---
  Trick  1: rootbotz leads AH, r2_d2 plays JH -> rootbotz wins
  Trick  2: rootbotz leads AD, r2_d2 plays JD -> rootbotz wins
  Trick  3: rootbotz leads AC, r2_d2 plays 7C -> rootbotz wins
  Trick  4: rootbotz leads KD, r2_d2 plays 7S -> rootbotz wins
  Trick  5: rootbotz leads QH, r2_d2 plays KH -> r2_d2 wins
  Trick  6: r2_d2 leads AS, rootbotz plays KS -> r2_d2 wins
  Trick  7: r2_d2 leads KC, rootbotz plays 10C -> r2_d2 wins
  Trick  8: r2_d2 leads QC, rootbotz plays 8H -> r2_d2 wins
  Trick  9: r2_d2 leads JC, rootbotz plays 9H -> r2_d2 wins
  Trick 10: r2_d2 leads 9C, rootbotz plays 9D -> r2_d2 wins
  Trick 11: r2_d2 leads QS, rootbotz plays 10D -> r2_d2 wins
  Trick 12: r2_d2 leads 8C, rootbotz plays 10H -> r2_d2 wins
  Hand: r2_d2 +28 / rootbotz +7 (tricks 8-4)
  Match total: r2_d2 67 - 49 rootbotz
Players: r2_d2 vs rootbotz
Dealer: rootbotz  |  Elder: r2_d2
Match scores: 67 - 49
Talon (8): 8C JC QC 10D AD AH 10S JS
r2_d2 hand: 7C 10C KC 7D 8D 9D JD 7H 9H JH QH 7S
rootbotz hand: 9C AC QD KD 8H 10H KH 8S 9S QS KS AS
  Exchange r2_d2: discard 7C 10C 7H 9H 7S -> draw JC QC AD AH 10S (talon 3 left)
  Exchange rootbotz: discard 8H 10H -> draw 10D JS (talon 1 left)

--- Phase: declare ---
  Declare point: rootbotz wins 6 pts (('point', 6, 'S'))
  Declare sequence: rootbotz wins 4 pts (('sequence', 4, 14, 'S'))
  Declare set: rootbotz wins 3 pts (('set', 3, 13))

--- Phase: tricks ---
  Trick  1: r2_d2 leads AD, rootbotz plays 10D -> r2_d2 wins
  Trick  2: r2_d2 leads AH, rootbotz plays KH -> r2_d2 wins
  Trick  3: r2_d2 leads JD, rootbotz plays QD -> rootbotz wins
  Trick  4: rootbotz leads AS, r2_d2 plays 10S -> rootbotz wins
  Trick  5: rootbotz leads AC, r2_d2 plays JC -> rootbotz wins
  Trick  6: rootbotz leads JS, r2_d2 plays 7D -> rootbotz wins
  Trick  7: rootbotz leads QS, r2_d2 plays 8D -> rootbotz wins
  Trick  8: rootbotz leads KS, r2_d2 plays 9D -> rootbotz wins
  Trick  9: rootbotz leads 8S, r2_d2 plays JH -> rootbotz wins
  Trick 10: rootbotz leads 9S, r2_d2 plays QH -> rootbotz wins
  Trick 11: rootbotz leads KD, r2_d2 plays QC -> rootbotz wins
  Trick 12: rootbotz leads 9C, r2_d2 plays KC -> r2_d2 wins
  Hand: r2_d2 +4 / rootbotz +32 (tricks 3-9)
  Match total: r2_d2 71 - 81 rootbotz
Players: r2_d2 vs rootbotz
Dealer: r2_d2  |  Elder: rootbotz
Match scores: 71 - 81
Talon (8): 7C 8C QC 10D 10H JH AH QS
r2_d2 hand: 9C 10C KC AC 8D QD KD AD 7H 9H 9S 10S
rootbotz hand: JC 7D 9D JD 8H QH KH 7S 8S JS KS AS
  Exchange rootbotz: discard 7D 9D 8H QH KH -> draw 10D 10H JH AH QS (talon 3 left)
  Exchange r2_d2: discard 7H 9H 9S -> draw 7C 8C QC (talon 0 left)

--- Phase: declare ---
  Declare point: r2_d2 wins 7 pts (('point', 7, 'C'))
  Declare sequence: rootbotz wins 4 pts (('sequence', 4, 14, 'S'))
  Declare set: rootbotz wins 14 pts (('set', 4, 11))

--- Phase: tricks ---
  Trick  1: rootbotz leads AS, r2_d2 plays 10S -> rootbotz wins
  Trick  2: rootbotz leads AH, r2_d2 plays 7C -> rootbotz wins
  Trick  3: rootbotz leads 10H, r2_d2 plays 8D -> rootbotz wins
  Trick  4: rootbotz leads JS, r2_d2 plays 8C -> rootbotz wins
  Trick  5: rootbotz leads JH, r2_d2 plays 9C -> rootbotz wins
  Trick  6: rootbotz leads QS, r2_d2 plays 10C -> rootbotz wins
  Trick  7: rootbotz leads KS, r2_d2 plays QC -> rootbotz wins
  Trick  8: rootbotz leads 7S, r2_d2 plays QD -> rootbotz wins
  Trick  9: rootbotz leads 8S, r2_d2 plays KC -> rootbotz wins
  Trick 10: rootbotz leads 10D, r2_d2 plays KD -> r2_d2 wins
  Trick 11: r2_d2 leads AC, rootbotz plays JC -> r2_d2 wins
  Trick 12: r2_d2 leads AD, rootbotz plays JD -> r2_d2 wins
  Hand: r2_d2 +11 / rootbotz +37 (tricks 3-9)
  Match total: r2_d2 82 - 118 rootbotz
  Final: r2_d2 82 - 118 rootbotz
  Winner: rootbotz

============================================================
Game 8
============================================================
Players: rootbotz vs r2_d2
Dealer: rootbotz  |  Elder: r2_d2
Match scores: 0 - 0
Talon (8): 9C JC QC KC KD 7H QH KS
rootbotz hand: 7C 8C AC 8D 9D QD AD JH AH 7S 8S QS
r2_d2 hand: 10C 7D 10D JD 8H 9H 10H KH 9S 10S JS AS
  Exchange r2_d2: discard 7D JD -> draw KC KD (talon 6 left)
  Exchange rootbotz: discard 7C JH 7S 8S QS -> draw JC QC 7H QH KS (talon 1 left)

--- Phase: declare ---
  Declare point: r2_d2 wins 4 pts (('point', 4, 'S'))
  Declare sequence: r2_d2 wins 3 pts (('sequence', 3, 11, 'S'))
  Declare set: rootbotz wins 3 pts (('set', 3, 14))

--- Phase: tricks ---
  Trick  1: r2_d2 leads AS, rootbotz plays KS -> r2_d2 wins
  Trick  2: r2_d2 leads KH, rootbotz plays AH -> rootbotz wins
  Trick  3: rootbotz leads AD, r2_d2 plays 10D -> rootbotz wins
  Trick  4: rootbotz leads AC, r2_d2 plays 10C -> rootbotz wins
  Trick  5: rootbotz leads QH, r2_d2 plays 8H -> rootbotz wins
  Trick  6: rootbotz leads 7H, r2_d2 plays 9H -> r2_d2 wins
  Trick  7: r2_d2 leads KD, rootbotz plays 8D -> r2_d2 wins
  Trick  8: r2_d2 leads KC, rootbotz plays 8C -> r2_d2 wins
  Trick  9: r2_d2 leads JS, rootbotz plays 9D -> r2_d2 wins
  Trick 10: r2_d2 leads 10S, rootbotz plays JC -> r2_d2 wins
  Trick 11: r2_d2 leads 10H, rootbotz plays QD -> r2_d2 wins
  Trick 12: r2_d2 leads 9S, rootbotz plays QC -> r2_d2 wins
  Hand: rootbotz +7 / r2_d2 +26 (tricks 4-8)
  Match total: rootbotz 7 - 26 r2_d2
Players: rootbotz vs r2_d2
Dealer: r2_d2  |  Elder: rootbotz
Match scores: 7 - 26
Talon (8): 8C 10C KC 7D KD 8H 9S 10S
rootbotz hand: QC 8D 9D JD AD 7H 9H 10H QH 8S JS QS
r2_d2 hand: 7C 9C JC AC 10D QD JH KH AH 7S KS AS
  Exchange rootbotz: discard 8D 9D JD 8S JS -> draw 8C 10C KC 7D 10S (talon 3 left)
  Exchange r2_d2: discard 10D JH 7S -> draw KD 8H 9S (talon 0 left)

--- Phase: declare ---
  Declare point: rootbotz wins 4 pts (('point', 4, 'C'))
  Declare set: r2_d2 wins 3 pts (('set', 3, 14))

--- Phase: tricks ---
  Trick  1: rootbotz leads AD, r2_d2 plays QD -> rootbotz wins
  Trick  2: rootbotz leads QC, r2_d2 plays AC -> r2_d2 wins
  Trick  3: r2_d2 leads AS, rootbotz plays 10S -> r2_d2 wins
  Trick  4: r2_d2 leads AH, rootbotz plays 7H -> r2_d2 wins
  Trick  5: r2_d2 leads KH, rootbotz plays 9H -> r2_d2 wins
  Trick  6: r2_d2 leads KS, rootbotz plays QS -> r2_d2 wins
  Trick  7: r2_d2 leads KD, rootbotz plays 7D -> r2_d2 wins
  Trick  8: r2_d2 leads JC, rootbotz plays KC -> rootbotz wins
  Trick  9: rootbotz leads QH, r2_d2 plays 8H -> rootbotz wins
  Trick 10: rootbotz leads 10H, r2_d2 plays 7C -> rootbotz wins
  Trick 11: rootbotz leads 8C, r2_d2 plays 9C -> r2_d2 wins
  Trick 12: r2_d2 leads 9S, rootbotz plays 10C -> r2_d2 wins
  Hand: rootbotz +8 / r2_d2 +22 (tricks 4-8)
  Match total: rootbotz 15 - 48 r2_d2
Players: rootbotz vs r2_d2
Dealer: rootbotz  |  Elder: r2_d2
Match scores: 15 - 48
Talon (8): 7C 8C JC QC KD KH JS QS
rootbotz hand: 10C AC 7D JD AD 8H 9H JH QH AH 9S 10S
r2_d2 hand: 9C KC 8D 9D 10D QD 7H 10H 7S 8S KS AS
  Exchange r2_d2: discard 9C 7H 10H 7S 8S -> draw 8C JC QC KD QS (talon 3 left)
  Exchange rootbotz: discard 10C 7D 9S -> draw 7C KH JS (talon 0 left)

--- Phase: declare ---
  Declare point: rootbotz wins 6 pts (('point', 6, 'H'))
  Declare sequence: rootbotz wins 4 pts (('sequence', 4, 14, 'H'))
  Declare set: rootbotz wins 3 pts (('set', 3, 14))

--- Phase: tricks ---
  Trick  1: r2_d2 leads AS, rootbotz plays 10S -> r2_d2 wins
  Trick  2: r2_d2 leads KS, rootbotz plays JS -> r2_d2 wins
  Trick  3: r2_d2 leads QS, rootbotz plays 7C -> r2_d2 wins
  Trick  4: r2_d2 leads KD, rootbotz plays AD -> rootbotz wins
  Trick  5: rootbotz leads AH, r2_d2 plays 8C -> rootbotz wins
  Trick  6: rootbotz leads AC, r2_d2 plays JC -> rootbotz wins
  Trick  7: rootbotz leads JH, r2_d2 plays 8D -> rootbotz wins
  Trick  8: rootbotz leads QH, r2_d2 plays 9D -> rootbotz wins
  Trick  9: rootbotz leads KH, r2_d2 plays 10D -> rootbotz wins
  Trick 10: rootbotz leads 8H, r2_d2 plays QD -> rootbotz wins
  Trick 11: rootbotz leads 9H, r2_d2 plays QC -> rootbotz wins
  Trick 12: rootbotz leads JD, r2_d2 plays KC -> rootbotz wins
  Hand: rootbotz +33 / r2_d2 +3 (tricks 9-3)
  Match total: rootbotz 48 - 51 r2_d2
Players: rootbotz vs r2_d2
Dealer: r2_d2  |  Elder: rootbotz
Match scores: 48 - 51
Talon (8): 7C JC 7D 8D JD 10H QH JS
rootbotz hand: QC KC 9D 10D KD AD JH KH 7S 8S 9S QS
r2_d2 hand: 8C 9C 10C AC QD 7H 8H 9H AH 10S KS AS
  Exchange rootbotz: discard QC 9D 10D JH QS -> draw JC 7D 10H QH JS (talon 3 left)
  Exchange r2_d2: discard QD 10S -> draw 7C JD (talon 1 left)

--- Phase: declare ---
  Declare point: r2_d2 wins 5 pts (('point', 5, 'C'))
  Declare sequence: r2_d2 wins 4 pts (('sequence', 4, 10, 'C'))
  Declare set: r2_d2 wins 3 pts (('set', 3, 14))

--- Phase: tricks ---
  Trick  1: rootbotz leads AD, r2_d2 plays JD -> rootbotz wins
  Trick  2: rootbotz leads KD, r2_d2 plays 7H -> rootbotz wins
  Trick  3: rootbotz leads 7D, r2_d2 plays 7C -> rootbotz wins
  Trick  4: rootbotz leads 10H, r2_d2 plays AH -> r2_d2 wins
  Trick  5: r2_d2 leads AC, rootbotz plays JC -> r2_d2 wins
  Trick  6: r2_d2 leads AS, rootbotz plays 7S -> r2_d2 wins
  Trick  7: r2_d2 leads KS, rootbotz plays 8S -> r2_d2 wins
  Trick  8: r2_d2 leads 10C, rootbotz plays KC -> rootbotz wins
  Trick  9: rootbotz leads 9S, r2_d2 plays 8C -> rootbotz wins
  Trick 10: rootbotz leads JS, r2_d2 plays 8H -> rootbotz wins
  Trick 11: rootbotz leads QH, r2_d2 plays 9H -> rootbotz wins
  Trick 12: rootbotz leads KH, r2_d2 plays 9C -> rootbotz wins
  Hand: rootbotz +19 / r2_d2 +16 (tricks 8-4)
  Match total: rootbotz 67 - 67 r2_d2
Players: rootbotz vs r2_d2
Dealer: rootbotz  |  Elder: r2_d2
Match scores: 67 - 67
Talon (8): 10C QC KC 7H 8H QH 10S KS
rootbotz hand: JC 9D 10D JD AD 9H JH KH 7S 8S QS AS
r2_d2 hand: 7C 8C 9C AC 7D 8D QD KD 10H AH 9S JS
  Exchange r2_d2: discard 7D 8D 10H 9S JS -> draw 10C QC 7H 8H QH (talon 3 left)
  Exchange rootbotz: discard 9H 7S 8S -> draw KC 10S KS (talon 0 left)

--- Phase: declare ---
  Declare point: r2_d2 wins 6 pts (('point', 6, 'C'))
  Declare sequence: r2_d2 wins 4 pts (('sequence', 4, 10, 'C'))
  Declare set: rootbotz wins 3 pts (('set', 3, 13))

--- Phase: tricks ---
  Trick  1: r2_d2 leads AC, rootbotz plays JC -> r2_d2 wins
  Trick  2: r2_d2 leads AH, rootbotz plays JH -> r2_d2 wins
  Trick  3: r2_d2 leads QC, rootbotz plays KC -> rootbotz wins
  Trick  4: rootbotz leads AS, r2_d2 plays 7H -> rootbotz wins
  Trick  5: rootbotz leads AD, r2_d2 plays QD -> rootbotz wins
  Trick  6: rootbotz leads QS, r2_d2 plays 7C -> rootbotz wins
  Trick  7: rootbotz leads 10S, r2_d2 plays 8H -> rootbotz wins
  Trick  8: rootbotz leads KS, r2_d2 plays 8C -> rootbotz wins
  Trick  9: rootbotz leads KH, r2_d2 plays QH -> rootbotz wins
  Trick 10: rootbotz leads 9D, r2_d2 plays KD -> r2_d2 wins
  Trick 11: r2_d2 leads 10C, rootbotz plays 10D -> r2_d2 wins
  Trick 12: r2_d2 leads 9C, rootbotz plays JD -> r2_d2 wins
  Hand: rootbotz +20 / r2_d2 +16 (tricks 7-5)
  Match total: rootbotz 87 - 83 r2_d2
Players: rootbotz vs r2_d2
Dealer: r2_d2  |  Elder: rootbotz
Match scores: 87 - 83
Talon (8): 8C 7D QD 8H JH QH AH 10S
rootbotz hand: 10C QC KC 9D 10D KD 9H KH 8S QS KS AS
r2_d2 hand: 7C 9C JC AC 8D JD AD 7H 10H 7S 9S JS
  Exchange rootbotz: discard 9D 9H 8S -> draw 7D QD AH (talon 5 left)
  Exchange r2_d2: discard 8D 7H 10H 7S 9S -> draw 8C 8H JH QH 10S (talon 0 left)

--- Phase: declare ---
  Declare point: r2_d2 wins 5 pts (('point', 5, 'C'))
  Declare sequence: rootbotz wins 3 pts (('sequence', 3, 14, 'S'))
  Declare set: rootbotz wins 14 pts (('set', 4, 13))

--- Phase: tricks ---
  Trick  1: rootbotz leads AS, r2_d2 plays 10S -> rootbotz wins
  Trick  2: rootbotz leads AH, r2_d2 plays 8H -> rootbotz wins
  Trick  3: rootbotz leads QS, r2_d2 plays JS -> rootbotz wins
  Trick  4: rootbotz leads KS, r2_d2 plays 7C -> rootbotz wins
  Trick  5: rootbotz leads KH, r2_d2 plays JH -> rootbotz wins
  Trick  6: rootbotz leads QD, r2_d2 plays AD -> r2_d2 wins
  Trick  7: r2_d2 leads AC, rootbotz plays 10C -> r2_d2 wins
  Trick  8: r2_d2 leads QH, rootbotz plays 7D -> r2_d2 wins
  Trick  9: r2_d2 leads JC, rootbotz plays QC -> rootbotz wins
  Trick 10: rootbotz leads KC, r2_d2 plays 8C -> rootbotz wins
  Trick 11: rootbotz leads KD, r2_d2 plays JD -> rootbotz wins
  Trick 12: rootbotz leads 10D, r2_d2 plays 9C -> rootbotz wins
  Hand: rootbotz +37 / r2_d2 +8 (tricks 9-3)
  Match total: rootbotz 124 - 91 r2_d2
  Final: rootbotz 124 - 91 r2_d2
  Winner: rootbotz

============================================================
Game 9
============================================================
Players: r2_d2 vs rootbotz
Dealer: r2_d2  |  Elder: rootbotz
Match scores: 0 - 0
Talon (8): 8C QC 7D JD KH 8S QS KS
r2_d2 hand: 7C KC AC 9D QD 8H 9H JH AH 7S 9S JS
rootbotz hand: 9C 10C JC 8D 10D KD AD 7H 10H QH 10S AS
  Exchange rootbotz: discard 7H QH AS -> draw 8C 7D 8S (talon 5 left)
  Exchange r2_d2: discard 7C 9D 7S 9S JS -> draw QC JD KH QS KS (talon 0 left)

--- Phase: declare ---
  Declare point: r2_d2 wins 5 pts (('point', 5, 'H'))
  Declare sequence: rootbotz wins 4 pts (('sequence', 4, 11, 'C'))
  Declare set: r2_d2 wins 3 pts (('set', 3, 13))

--- Phase: tricks ---
  Trick  1: rootbotz leads AD, r2_d2 plays JD -> rootbotz wins
  Trick  2: rootbotz leads KD, r2_d2 plays QD -> rootbotz wins
  Trick  3: rootbotz leads 10D, r2_d2 plays 8H -> rootbotz wins
  Trick  4: rootbotz leads 7D, r2_d2 plays 9H -> rootbotz wins
  Trick  5: rootbotz leads 8D, r2_d2 plays JH -> rootbotz wins
  Trick  6: rootbotz leads 8C, r2_d2 plays QC -> r2_d2 wins
  Trick  7: r2_d2 leads AH, rootbotz plays 10H -> r2_d2 wins
  Trick  8: r2_d2 leads AC, rootbotz plays 9C -> r2_d2 wins
  Trick  9: r2_d2 leads KC, rootbotz plays 10C -> r2_d2 wins
  Trick 10: r2_d2 leads KH, rootbotz plays 8S -> r2_d2 wins
  Trick 11: r2_d2 leads KS, rootbotz plays 10S -> r2_d2 wins
  Trick 12: r2_d2 leads QS, rootbotz plays JC -> r2_d2 wins
  Hand: r2_d2 +26 / rootbotz +9 (tricks 7-5)
  Match total: r2_d2 26 - 9 rootbotz
Players: r2_d2 vs rootbotz
Dealer: rootbotz  |  Elder: r2_d2
Match scores: 26 - 9
Talon (8): 8C 8D 9D QD 7H 8S JS KS
r2_d2 hand: 7C 10C KC AC 7D 10D KD 9H 10H KH 9S QS
rootbotz hand: 9C JC QC JD AD 8H JH QH AH 7S 10S AS
  Exchange r2_d2: discard 7D 9H 9S QS -> draw 9D 7H 8S KS (talon 4 left)
  Exchange rootbotz: discard 9C 8H 7S 10S -> draw 8C 8D QD JS (talon 0 left)

--- Phase: declare ---
  Declare point: rootbotz wins 4 pts (('point', 4, 'D'))
  Declare set: rootbotz wins 3 pts (('set', 3, 14))

--- Phase: tricks ---
  Trick  1: r2_d2 leads AC, rootbotz plays 8C -> r2_d2 wins
  Trick  2: r2_d2 leads KC, rootbotz plays JC -> r2_d2 wins
  Trick  3: r2_d2 leads KH, rootbotz plays AH -> rootbotz wins
  Trick  4: rootbotz leads AS, r2_d2 plays 8S -> rootbotz wins
  Trick  5: rootbotz leads AD, r2_d2 plays 9D -> rootbotz wins
  Trick  6: rootbotz leads JH, r2_d2 plays 7H -> rootbotz wins
  Trick  7: rootbotz leads QH, r2_d2 plays 10H -> rootbotz wins
  Trick  8: rootbotz leads QC, r2_d2 plays 7C -> rootbotz wins
  Trick  9: rootbotz leads JD, r2_d2 plays KD -> r2_d2 wins
  Trick 10: r2_d2 leads KS, rootbotz plays JS -> r2_d2 wins
  Trick 11: r2_d2 leads 10D, rootbotz plays QD -> rootbotz wins
  Trick 12: rootbotz leads 8D, r2_d2 plays 10C -> rootbotz wins
  Hand: r2_d2 +4 / rootbotz +26 (tricks 4-8)
  Match total: r2_d2 30 - 35 rootbotz
Players: r2_d2 vs rootbotz
Dealer: r2_d2  |  Elder: rootbotz
Match scores: 30 - 35
Talon (8): 7C 9C QC AC 8H 8S QS KS
r2_d2 hand: JC KC 7D 8D 10D QD 9H QH KH 7S JS AS
rootbotz hand: 8C 10C 9D JD KD AD 7H 10H JH AH 9S 10S
  Exchange rootbotz: discard 8C 9D JD 7H 9S -> draw 7C AC 8H 8S QS (talon 3 left)
  Exchange r2_d2: discard JC 9H 7S -> draw 9C QC KS (talon 0 left)

--- Phase: declare ---
  Declare point: rootbotz wins 4 pts (('point', 4, 'H'))
  Declare set: rootbotz wins 3 pts (('set', 3, 14))

--- Phase: tricks ---
  Trick  1: rootbotz leads AH, r2_d2 plays QH -> rootbotz wins
  Trick  2: rootbotz leads AD, r2_d2 plays 7D -> rootbotz wins
  Trick  3: rootbotz leads AC, r2_d2 plays 9C -> rootbotz wins
  Trick  4: rootbotz leads KD, r2_d2 plays 8D -> rootbotz wins
  Trick  5: rootbotz leads 10H, r2_d2 plays KH -> r2_d2 wins
  Trick  6: r2_d2 leads AS, rootbotz plays 8S -> r2_d2 wins
  Trick  7: r2_d2 leads KC, rootbotz plays 7C -> r2_d2 wins
  Trick  8: r2_d2 leads KS, rootbotz plays 10S -> r2_d2 wins
  Trick  9: r2_d2 leads QD, rootbotz plays 8H -> r2_d2 wins
  Trick 10: r2_d2 leads QC, rootbotz plays 10C -> r2_d2 wins
  Trick 11: r2_d2 leads JS, rootbotz plays QS -> rootbotz wins
  Trick 12: rootbotz leads JH, r2_d2 plays 10D -> rootbotz wins
  Hand: r2_d2 +6 / rootbotz +14 (tricks 6-6)
  Match total: r2_d2 36 - 49 rootbotz
Players: r2_d2 vs rootbotz
Dealer: rootbotz  |  Elder: r2_d2
Match scores: 36 - 49
Talon (8): 10C QC 7H 10H QH 10S JS AS
r2_d2 hand: 9C JC KC AC 10D KD AD 9H JH KH AH 8S
rootbotz hand: 7C 8C 7D 8D 9D JD QD 8H 7S 9S QS KS
  Exchange r2_d2: discard 10D 9H JH 8S -> draw QC 7H QH JS (talon 4 left)
  Exchange rootbotz: discard 7C 8C 8H 7S -> draw 10C 10H 10S AS (talon 0 left)

--- Phase: declare ---
  Declare sequence: r2_d2 wins 4 pts (('sequence', 4, 14, 'C'))
  Declare set: r2_d2 wins 3 pts (('set', 3, 14))

--- Phase: tricks ---
  Trick  1: r2_d2 leads AC, rootbotz plays 10C -> r2_d2 wins
  Trick  2: r2_d2 leads AH, rootbotz plays 10H -> r2_d2 wins
  Trick  3: r2_d2 leads AD, rootbotz plays 7D -> r2_d2 wins
  Trick  4: r2_d2 leads KC, rootbotz plays 8D -> r2_d2 wins
  Trick  5: r2_d2 leads KH, rootbotz plays 9D -> r2_d2 wins
  Trick  6: r2_d2 leads QC, rootbotz plays 9S -> r2_d2 wins
  Trick  7: r2_d2 leads QH, rootbotz plays 10S -> r2_d2 wins
  Trick  8: r2_d2 leads KD, rootbotz plays JD -> r2_d2 wins
  Trick  9: r2_d2 leads JC, rootbotz plays QD -> r2_d2 wins
  Trick 10: r2_d2 leads JS, rootbotz plays QS -> rootbotz wins
  Trick 11: rootbotz leads AS, r2_d2 plays 7H -> rootbotz wins
  Trick 12: rootbotz leads KS, r2_d2 plays 9C -> rootbotz wins
  Hand: r2_d2 +26 / rootbotz +4 (tricks 9-3)
  Match total: r2_d2 62 - 53 rootbotz
Players: r2_d2 vs rootbotz
Dealer: r2_d2  |  Elder: rootbotz
Match scores: 62 - 53
Talon (8): 8D 9D KD 8H 10H 8S QS AS
r2_d2 hand: 7C 9C JC KC AC 10D QD JH AH 7S 10S JS
rootbotz hand: 8C 10C QC 7D JD AD 7H 9H QH KH 9S KS
  Exchange rootbotz: discard 8C 10C 7D 7H 9S -> draw 8D 9D KD 8S QS (talon 3 left)
  Exchange r2_d2: discard 10D 7S 10S -> draw 8H 10H AS (talon 0 left)

--- Phase: declare ---
  Declare point: rootbotz wins 5 pts (('point', 5, 'D'))
  Declare set: r2_d2 wins 3 pts (('set', 3, 14))

--- Phase: tricks ---
  Trick  1: rootbotz leads AD, r2_d2 plays QD -> rootbotz wins
  Trick  2: rootbotz leads KD, r2_d2 plays 7C -> rootbotz wins
  Trick  3: rootbotz leads JD, r2_d2 plays 8H -> rootbotz wins
  Trick  4: rootbotz leads 8D, r2_d2 plays 9C -> rootbotz wins
  Trick  5: rootbotz leads 9D, r2_d2 plays 10H -> rootbotz wins
  Trick  6: rootbotz leads QS, r2_d2 plays AS -> r2_d2 wins
  Trick  7: r2_d2 leads AC, rootbotz plays QC -> r2_d2 wins
  Trick  8: r2_d2 leads AH, rootbotz plays 9H -> r2_d2 wins
  Trick  9: r2_d2 leads KC, rootbotz plays 8S -> r2_d2 wins
  Trick 10: r2_d2 leads JH, rootbotz plays QH -> rootbotz wins
  Trick 11: rootbotz leads KH, r2_d2 plays JC -> rootbotz wins
  Trick 12: rootbotz leads KS, r2_d2 plays JS -> rootbotz wins
  Hand: r2_d2 +7 / rootbotz +24 (tricks 4-8)
  Match total: r2_d2 69 - 77 rootbotz
Players: r2_d2 vs rootbotz
Dealer: rootbotz  |  Elder: r2_d2
Match scores: 69 - 77
Talon (8): 8C 10C KC JH 9S JS KS AS
r2_d2 hand: JC QC 8D 9D 10D JD KD 8H 9H QH KH QS
rootbotz hand: 7C 9C AC 7D QD AD 7H 10H AH 7S 8S 10S
  Exchange r2_d2: discard JC 8H 9H -> draw 8C JH KS (talon 5 left)
  Exchange rootbotz: discard 7C 9C 7D 7H 10H -> draw 10C KC 9S JS AS (talon 0 left)

--- Phase: declare ---
  Declare point: rootbotz wins 6 pts (('point', 6, 'S'))
  Declare sequence: rootbotz wins 10 pts (('sequence', 5, 11, 'S'))
  Declare set: rootbotz wins 14 pts (('set', 4, 14))

--- Phase: tricks ---
  Trick  1: r2_d2 leads KD, rootbotz plays AD -> rootbotz wins
  Trick  2: rootbotz leads AS, r2_d2 plays QS -> rootbotz wins
  Trick  3: rootbotz leads AH, r2_d2 plays JH -> rootbotz wins
  Trick  4: rootbotz leads AC, r2_d2 plays 8C -> rootbotz wins
  Trick  5: rootbotz leads KC, r2_d2 plays QC -> rootbotz wins
  Trick  6: rootbotz leads QD, r2_d2 plays 8D -> rootbotz wins
  Trick  7: rootbotz leads 10C, r2_d2 plays 9D -> rootbotz wins
  Trick  8: rootbotz leads 7S, r2_d2 plays KS -> r2_d2 wins
  Trick  9: r2_d2 leads KH, rootbotz plays 8S -> r2_d2 wins
  Trick 10: r2_d2 leads QH, rootbotz plays 9S -> r2_d2 wins
  Trick 11: r2_d2 leads JD, rootbotz plays 10S -> r2_d2 wins
  Trick 12: r2_d2 leads 10D, rootbotz plays JS -> r2_d2 wins
  Hand: r2_d2 +6 / rootbotz +107 (tricks 5-7)
  Match total: r2_d2 75 - 184 rootbotz
  Final: r2_d2 75 - 184 rootbotz
  Winner: rootbotz

============================================================
Game 10
============================================================
Players: rootbotz vs r2_d2
Dealer: rootbotz  |  Elder: r2_d2
Match scores: 0 - 0
Talon (8): 8C 10C QC 10D KD AH 9S JS
rootbotz hand: 7C JC AC 7D 9D AD 7H 9H 7S 8S KS AS
r2_d2 hand: 9C KC 8D JD QD 8H 10H JH QH KH 10S QS
  Exchange r2_d2: discard 9C 8D JD 10S -> draw QC 10D AH JS (talon 4 left)
  Exchange rootbotz: discard 7D 9D 7H 9H -> draw 8C 10C KD 9S (talon 0 left)

--- Phase: declare ---
  Declare point: r2_d2 wins 6 pts (('point', 6, 'H'))
  Declare sequence: r2_d2 wins 10 pts (('sequence', 5, 14, 'H'))
  Declare set: rootbotz wins 3 pts (('set', 3, 14))

--- Phase: tricks ---
  Trick  1: r2_d2 leads AH, rootbotz plays 7C -> r2_d2 wins
  Trick  2: r2_d2 leads KH, rootbotz plays 7S -> r2_d2 wins
  Trick  3: r2_d2 leads QH, rootbotz plays 8S -> r2_d2 wins
  Trick  4: r2_d2 leads JH, rootbotz plays 8C -> r2_d2 wins
  Trick  5: r2_d2 leads KC, rootbotz plays AC -> rootbotz wins
  Trick  6: rootbotz leads AS, r2_d2 plays JS -> rootbotz wins
  Trick  7: rootbotz leads AD, r2_d2 plays 10D -> rootbotz wins
  Trick  8: rootbotz leads KS, r2_d2 plays QS -> rootbotz wins
  Trick  9: rootbotz leads KD, r2_d2 plays QD -> rootbotz wins
  Trick 10: rootbotz leads 9S, r2_d2 plays 8H -> rootbotz wins
  Trick 11: rootbotz leads 10C, r2_d2 plays QC -> r2_d2 wins
  Trick 12: r2_d2 leads 10H, rootbotz plays JC -> r2_d2 wins
  Hand: rootbotz +9 / r2_d2 +23 (tricks 6-6)
  Match total: rootbotz 9 - 23 r2_d2
Players: rootbotz vs r2_d2
Dealer: r2_d2  |  Elder: rootbotz
Match scores: 9 - 23
Talon (8): 7C 9C QD KD 8H QH 7S JS
rootbotz hand: 8C 10C JC 8D 9D 10D JD AD 9H 8S 9S KS
r2_d2 hand: QC KC AC 7D 7H 10H JH KH AH 10S QS AS
  Exchange rootbotz: discard 8C 10C 9H 8S 9S -> draw 7C 9C QD 8H 7S (talon 3 left)
  Exchange r2_d2: discard 7D 10S QS -> draw KD QH JS (talon 0 left)

--- Phase: declare ---
  Declare sequence: r2_d2 wins 10 pts (('sequence', 5, 14, 'H'))
  Declare set: r2_d2 wins 3 pts (('set', 3, 14))

--- Phase: tricks ---
  Trick  1: rootbotz leads AD, r2_d2 plays KD -> rootbotz wins
  Trick  2: rootbotz leads 8D, r2_d2 plays 7H -> rootbotz wins
  Trick  3: rootbotz leads 9D, r2_d2 plays 10H -> rootbotz wins
  Trick  4: rootbotz leads 10D, r2_d2 plays JS -> rootbotz wins
  Trick  5: rootbotz leads JD, r2_d2 plays JH -> rootbotz wins
  Trick  6: rootbotz leads QD, r2_d2 plays QC -> rootbotz wins
  Trick  7: rootbotz leads 7S, r2_d2 plays AS -> r2_d2 wins
  Trick  8: r2_d2 leads AH, rootbotz plays 8H -> r2_d2 wins
  Trick  9: r2_d2 leads AC, rootbotz plays 7C -> r2_d2 wins
  Trick 10: r2_d2 leads KH, rootbotz plays 9C -> r2_d2 wins
  Trick 11: r2_d2 leads KC, rootbotz plays JC -> r2_d2 wins
  Trick 12: r2_d2 leads QH, rootbotz plays KS -> r2_d2 wins
  Hand: rootbotz +6 / r2_d2 +20 (tricks 6-6)
  Match total: rootbotz 15 - 43 r2_d2
Players: rootbotz vs r2_d2
Dealer: rootbotz  |  Elder: r2_d2
Match scores: 15 - 43
Talon (8): 7C 8C JC QC KC KD 8H 8S
rootbotz hand: 9C 10C 7D 8D JD QD AD 9H JH KH 9S AS
r2_d2 hand: AC 9D 10D 7H 10H QH AH 7S 10S JS QS KS
  Exchange r2_d2: discard 9D 10D 7H 10H QH -> draw 7C 8C KD 8H 8S (talon 3 left)
  Exchange rootbotz: discard 10C 7D 9H -> draw JC QC KC (talon 0 left)

--- Phase: declare ---
  Declare point: r2_d2 wins 6 pts (('point', 6, 'S'))
  Declare sequence: r2_d2 wins 4 pts (('sequence', 4, 13, 'S'))
  Declare set: rootbotz wins 3 pts (('set', 3, 11))

--- Phase: tricks ---
  Trick  1: r2_d2 leads AC, rootbotz plays 9C -> r2_d2 wins
  Trick  2: r2_d2 leads AH, rootbotz plays JH -> r2_d2 wins
  Trick  3: r2_d2 leads KS, rootbotz plays AS -> rootbotz wins
  Trick  4: rootbotz leads AD, r2_d2 plays KD -> rootbotz wins
  Trick  5: rootbotz leads JC, r2_d2 plays 7C -> rootbotz wins
  Trick  6: rootbotz leads QC, r2_d2 plays 8C -> rootbotz wins
  Trick  7: rootbotz leads KH, r2_d2 plays 8H -> rootbotz wins
  Trick  8: rootbotz leads KC, r2_d2 plays 7S -> rootbotz wins
  Trick  9: rootbotz leads 8D, r2_d2 plays 8S -> rootbotz wins
  Trick 10: rootbotz leads JD, r2_d2 plays 10S -> rootbotz wins
  Trick 11: rootbotz leads QD, r2_d2 plays JS -> rootbotz wins
  Trick 12: rootbotz leads 9S, r2_d2 plays QS -> r2_d2 wins
  Hand: rootbotz +22 / r2_d2 +14 (tricks 9-3)
  Match total: rootbotz 37 - 57 r2_d2
Players: rootbotz vs r2_d2
Dealer: r2_d2  |  Elder: rootbotz
Match scores: 37 - 57
Talon (8): 8D 10D AD 7H AH 7S 9S JS
rootbotz hand: 7C 10C JD 8H 9H 10H JH QH KH 8S QS AS
r2_d2 hand: 8C 9C JC QC KC AC 7D 9D QD KD 10S KS
  Exchange rootbotz: discard 7C 10C 8S -> draw 8D 10D JS (talon 5 left)
  Exchange r2_d2: discard 7D 9D QD 10S -> draw AD AH 7S 9S (talon 1 left)

--- Phase: declare ---
  Declare point: r2_d2 wins 6 pts (('point', 6, 'C'))
  Declare sequence: rootbotz wins 11 pts (('sequence', 6, 13, 'H'))
  Declare set: r2_d2 wins 3 pts (('set', 3, 14))

--- Phase: tricks ---
  Trick  1: rootbotz leads AS, r2_d2 plays 7S -> rootbotz wins
  Trick  2: rootbotz leads JS, r2_d2 plays KS -> r2_d2 wins
  Trick  3: r2_d2 leads AC, rootbotz plays 8D -> r2_d2 wins
  Trick  4: r2_d2 leads AD, rootbotz plays 10D -> r2_d2 wins
  Trick  5: r2_d2 leads AH, rootbotz plays 8H -> r2_d2 wins
  Trick  6: r2_d2 leads KC, rootbotz plays 9H -> r2_d2 wins
  Trick  7: r2_d2 leads QC, rootbotz plays 10H -> r2_d2 wins
  Trick  8: r2_d2 leads KD, rootbotz plays JD -> r2_d2 wins
  Trick  9: r2_d2 leads JC, rootbotz plays JH -> r2_d2 wins
  Trick 10: r2_d2 leads 9C, rootbotz plays QS -> r2_d2 wins
  Trick 11: r2_d2 leads 9S, rootbotz plays QH -> r2_d2 wins
  Trick 12: r2_d2 leads 8C, rootbotz plays KH -> r2_d2 wins
  Hand: rootbotz +12 / r2_d2 +31 (tricks 1-11)
  Match total: rootbotz 49 - 88 r2_d2
Players: rootbotz vs r2_d2
Dealer: rootbotz  |  Elder: r2_d2
Match scores: 49 - 88
Talon (8): 7D 9D AD 8H 9H AH KS AS
rootbotz hand: 7C 8C 9C 10C QC 8D 7H QH 8S 9S JS QS
r2_d2 hand: JC KC AC 10D JD QD KD 10H JH KH 7S 10S
  Exchange r2_d2: discard 10H 7S 10S -> draw 7D AH AS (talon 5 left)
  Exchange rootbotz: discard 8D 7H 8S 9S JS -> draw 9D AD 8H 9H KS (talon 0 left)

--- Phase: declare ---
  Declare point: r2_d2 wins 5 pts (('point', 5, 'D'))
  Declare sequence: r2_d2 wins 4 pts (('sequence', 4, 13, 'D'))
  Declare set: r2_d2 wins 3 pts (('set', 3, 14))

--- Phase: tricks ---
  Trick  1: r2_d2 leads AC, rootbotz plays 7C -> r2_d2 wins
  Trick  2: r2_d2 leads AH, rootbotz plays 8H -> r2_d2 wins
  Trick  3: r2_d2 leads AS, rootbotz plays QS -> r2_d2 wins
  Trick  4: r2_d2 leads KC, rootbotz plays 8C -> r2_d2 wins
  Trick  5: r2_d2 leads KH, rootbotz plays 9H -> r2_d2 wins
  Trick  6: r2_d2 leads KD, rootbotz plays AD -> rootbotz wins
  Trick  7: rootbotz leads 9C, r2_d2 plays JC -> r2_d2 wins
  Trick  8: r2_d2 leads QD, rootbotz plays 9D -> r2_d2 wins
  Trick  9: r2_d2 leads JD, rootbotz plays 10C -> r2_d2 wins
  Trick 10: r2_d2 leads 10D, rootbotz plays QH -> r2_d2 wins
  Trick 11: r2_d2 leads JH, rootbotz plays QC -> r2_d2 wins
  Trick 12: r2_d2 leads 7D, rootbotz plays KS -> r2_d2 wins
  Hand: rootbotz +1 / r2_d2 +34 (tricks 1-11)
  Match total: rootbotz 50 - 122 r2_d2
  Final: rootbotz 50 - 122 r2_d2
  Winner: r2_d2

============================================================
Game 11
============================================================
Players: r2_d2 vs rootbotz
Dealer: r2_d2  |  Elder: rootbotz
Match scores: 0 - 0
Talon (8): KC 9D AD 9H 7S 9S KS AS
r2_d2 hand: 7C 9C JC QC 7D QD KD 7H 10H QH 10S QS
rootbotz hand: 8C 10C AC 8D 10D JD 8H JH KH AH 8S JS
  Exchange rootbotz: discard 8C 10C 8D 8H 8S -> draw 9D 9H 7S 9S KS (talon 3 left)
  Exchange r2_d2: discard 7D 7H 10S -> draw KC AD AS (talon 0 left)

--- Phase: declare ---
  Declare point: r2_d2 wins 5 pts (('point', 5, 'C'))
  Declare sequence: r2_d2 wins 3 pts (('sequence', 3, 14, 'D'))
  Declare set: r2_d2 wins 14 pts (('set', 4, 12))

--- Phase: tricks ---
  Trick  1: rootbotz leads AH, r2_d2 plays 10H -> rootbotz wins
  Trick  2: rootbotz leads AC, r2_d2 plays 7C -> rootbotz wins
  Trick  3: rootbotz leads KH, r2_d2 plays QH -> rootbotz wins
  Trick  4: rootbotz leads KS, r2_d2 plays AS -> r2_d2 wins
  Trick  5: r2_d2 leads AD, rootbotz plays 9D -> r2_d2 wins
  Trick  6: r2_d2 leads KC, rootbotz plays 7S -> r2_d2 wins
  Trick  7: r2_d2 leads QC, rootbotz plays 9H -> r2_d2 wins
  Trick  8: r2_d2 leads KD, rootbotz plays 10D -> r2_d2 wins
  Trick  9: r2_d2 leads QS, rootbotz plays 9S -> r2_d2 wins
  Trick 10: r2_d2 leads QD, rootbotz plays JD -> r2_d2 wins
  Trick 11: r2_d2 leads JC, rootbotz plays JH -> r2_d2 wins
  Trick 12: r2_d2 leads 9C, rootbotz plays JS -> r2_d2 wins
  Hand: r2_d2 +42 / rootbotz +3 (tricks 9-3)
  Match total: r2_d2 42 - 3 rootbotz
Players: r2_d2 vs rootbotz
Dealer: rootbotz  |  Elder: r2_d2
Match scores: 42 - 3
Talon (8): 7C 8C 9H 7S 9S 10S QS KS
r2_d2 hand: 9C JC KC 10D QD AD 8H 10H JH AH 8S AS
rootbotz hand: 10C QC AC 7D 8D 9D JD KD 7H QH KH JS
  Exchange r2_d2: discard 9C JC 10D QD 8S -> draw 7C 8C 9H 10S KS (talon 3 left)
  Exchange rootbotz: discard QC 7H KH -> draw 7S 9S QS (talon 0 left)

--- Phase: declare ---
  Declare point: r2_d2 wins 5 pts (('point', 5, 'H'))
  Declare sequence: r2_d2 wins 4 pts (('sequence', 4, 11, 'H'))
  Declare set: r2_d2 wins 3 pts (('set', 3, 14))

--- Phase: tricks ---
  Trick  1: r2_d2 leads AH, rootbotz plays QH -> r2_d2 wins
  Trick  2: r2_d2 leads AS, rootbotz plays 7S -> r2_d2 wins
  Trick  3: r2_d2 leads AD, rootbotz plays 7D -> r2_d2 wins
  Trick  4: r2_d2 leads KS, rootbotz plays 9S -> r2_d2 wins
  Trick  5: r2_d2 leads JH, rootbotz plays 8D -> r2_d2 wins
  Trick  6: r2_d2 leads KC, rootbotz plays AC -> rootbotz wins
  Trick  7: rootbotz leads 10C, r2_d2 plays 7C -> rootbotz wins
  Trick  8: rootbotz leads 9D, r2_d2 plays 8C -> rootbotz wins
  Trick  9: rootbotz leads JS, r2_d2 plays 10S -> rootbotz wins
  Trick 10: rootbotz leads JD, r2_d2 plays 8H -> rootbotz wins
  Trick 11: rootbotz leads QS, r2_d2 plays 9H -> rootbotz wins
  Trick 12: rootbotz leads KD, r2_d2 plays 10H -> rootbotz wins
  Hand: r2_d2 +17 / rootbotz +18 (tricks 5-7)
  Match total: r2_d2 59 - 21 rootbotz
Players: r2_d2 vs rootbotz
Dealer: r2_d2  |  Elder: rootbotz
Match scores: 59 - 21
Talon (8): 10C 7D AD 8H 9H 10H KH 7S
r2_d2 hand: 8C KC AC 8D 9D KD JH AH 10S JS QS AS
rootbotz hand: 7C 9C JC QC 10D JD QD 7H QH 8S 9S KS
  Exchange rootbotz: discard 7C JC 7H 9S -> draw 10C 7D AD 10H (talon 4 left)
  Exchange r2_d2: discard 8C 8D 9D JH -> draw 8H 9H KH 7S (talon 0 left)

--- Phase: declare ---
  Declare set: r2_d2 wins 3 pts (('set', 3, 14))

--- Phase: tricks ---
  Trick  1: rootbotz leads AD, r2_d2 plays KD -> rootbotz wins
  Trick  2: rootbotz leads 10D, r2_d2 plays 7S -> rootbotz wins
  Trick  3: rootbotz leads JD, r2_d2 plays 8H -> rootbotz wins
  Trick  4: rootbotz leads QD, r2_d2 plays 9H -> rootbotz wins
  Trick  5: rootbotz leads 7D, r2_d2 plays 10S -> rootbotz wins
  Trick  6: rootbotz leads 9C, r2_d2 plays KC -> r2_d2 wins
  Trick  7: r2_d2 leads AS, rootbotz plays 8S -> r2_d2 wins
  Trick  8: r2_d2 leads AH, rootbotz plays 10H -> r2_d2 wins
  Trick  9: r2_d2 leads AC, rootbotz plays 10C -> r2_d2 wins
  Trick 10: r2_d2 leads KH, rootbotz plays QH -> r2_d2 wins
  Trick 11: r2_d2 leads QS, rootbotz plays KS -> rootbotz wins
  Trick 12: rootbotz leads QC, r2_d2 plays JS -> rootbotz wins
  Hand: r2_d2 +8 / rootbotz +18 (tricks 5-7)
  Match total: r2_d2 67 - 39 rootbotz
Players: r2_d2 vs rootbotz
Dealer: rootbotz  |  Elder: r2_d2
Match scores: 67 - 39
Talon (8): 7C 7D 9D KD 8H KH 7S 8S
r2_d2 hand: 8C 10C AC 10D JD QD 9H 10H JH AH JS AS
rootbotz hand: 9C JC QC KC 8D AD 7H QH 9S 10S QS KS
  Exchange r2_d2: discard 8C -> draw 8H (talon 7 left)
  Exchange rootbotz: discard 8D 7H 9S 10S KS -> draw 7D 9D KD KH 7S (talon 2 left)

--- Phase: declare ---
  Declare point: r2_d2 wins 5 pts (('point', 5, 'H'))
  Declare sequence: r2_d2 wins 4 pts (('sequence', 4, 11, 'H'))
  Declare set: r2_d2 wins 3 pts (('set', 3, 14))

--- Phase: tricks ---
  Trick  1: r2_d2 leads AH, rootbotz plays QH -> r2_d2 wins
  Trick  2: r2_d2 leads AS, rootbotz plays 7S -> r2_d2 wins
  Trick  3: r2_d2 leads AC, rootbotz plays 9C -> r2_d2 wins
  Trick  4: r2_d2 leads JH, rootbotz plays KH -> rootbotz wins
  Trick  5: rootbotz leads AD, r2_d2 plays 10D -> rootbotz wins
  Trick  6: rootbotz leads 7D, r2_d2 plays JD -> r2_d2 wins
  Trick  7: r2_d2 leads 10H, rootbotz plays 9D -> r2_d2 wins
  Trick  8: r2_d2 leads 9H, rootbotz plays JC -> r2_d2 wins
  Trick  9: r2_d2 leads QD, rootbotz plays KD -> rootbotz wins
  Trick 10: rootbotz leads QS, r2_d2 plays JS -> rootbotz wins
  Trick 11: rootbotz leads QC, r2_d2 plays 10C -> rootbotz wins
  Trick 12: rootbotz leads KC, r2_d2 plays 8H -> rootbotz wins
  Hand: r2_d2 +18 / rootbotz +7 (tricks 6-6)
  Match total: r2_d2 85 - 46 rootbotz
Players: r2_d2 vs rootbotz
Dealer: r2_d2  |  Elder: rootbotz
Match scores: 85 - 46
Talon (8): JC QD 7H 8H 9H 9S 10S QS
r2_d2 hand: 9C QC KC 8D 10D JD AD JH QH AH KS AS
rootbotz hand: 7C 8C 10C AC 7D 9D KD 10H KH 7S 8S JS
  Exchange rootbotz: discard 7D 9D 7S 8S JS -> draw JC 7H 8H 9S QS (talon 3 left)
  Exchange r2_d2: discard 9C JH QH -> draw QD 9H 10S (talon 0 left)

--- Phase: declare ---
  Declare point: r2_d2 wins 5 pts (('point', 5, 'D'))
  Declare sequence: r2_d2 wins 3 pts (('sequence', 3, 12, 'D'))
  Declare set: r2_d2 wins 3 pts (('set', 3, 14))

--- Phase: tricks ---
  Trick  1: rootbotz leads AC, r2_d2 plays QC -> rootbotz wins
  Trick  2: rootbotz leads 10C, r2_d2 plays KC -> r2_d2 wins
  Trick  3: r2_d2 leads AD, rootbotz plays KD -> r2_d2 wins
  Trick  4: r2_d2 leads AS, rootbotz plays 9S -> r2_d2 wins
  Trick  5: r2_d2 leads AH, rootbotz plays 7H -> r2_d2 wins
  Trick  6: r2_d2 leads KS, rootbotz plays QS -> r2_d2 wins
  Trick  7: r2_d2 leads QD, rootbotz plays 7C -> r2_d2 wins
  Trick  8: r2_d2 leads JD, rootbotz plays 8C -> r2_d2 wins
  Trick  9: r2_d2 leads 10D, rootbotz plays 8H -> r2_d2 wins
  Trick 10: r2_d2 leads 10S, rootbotz plays 10H -> r2_d2 wins
  Trick 11: r2_d2 leads 9H, rootbotz plays KH -> rootbotz wins
  Trick 12: rootbotz leads JC, r2_d2 plays 8D -> rootbotz wins
  Hand: r2_d2 +30 / rootbotz +4 (tricks 9-3)
  Match total: r2_d2 115 - 50 rootbotz
  Final: r2_d2 115 - 50 rootbotz
  Winner: r2_d2

============================================================
Game 12
============================================================
Players: rootbotz vs r2_d2
Dealer: rootbotz  |  Elder: r2_d2
Match scores: 0 - 0
Talon (8): 8C KC AC 8D 10D 7H 7S JS
rootbotz hand: 9C 10C 9D JD KD 8H 9H 10H JH 9S QS AS
r2_d2 hand: 7C JC QC 7D QD AD QH KH AH 8S 10S KS
  Exchange r2_d2: discard 7C JC 7D 8S 10S -> draw 8C KC AC 7H 7S (talon 3 left)
  Exchange rootbotz: discard 9D 9S QS -> draw 8D 10D JS (talon 0 left)

--- Phase: declare ---
  Declare point: r2_d2 wins 4 pts (('point', 4, 'C'))
  Declare sequence: rootbotz wins 4 pts (('sequence', 4, 11, 'H'))
  Declare set: r2_d2 wins 3 pts (('set', 3, 14))

--- Phase: tricks ---
  Trick  1: r2_d2 leads AH, rootbotz plays 8H -> r2_d2 wins
  Trick  2: r2_d2 leads AC, rootbotz plays 9C -> r2_d2 wins
  Trick  3: r2_d2 leads AD, rootbotz plays 8D -> r2_d2 wins
  Trick  4: r2_d2 leads KC, rootbotz plays 10C -> r2_d2 wins
  Trick  5: r2_d2 leads KH, rootbotz plays 9H -> r2_d2 wins
  Trick  6: r2_d2 leads QC, rootbotz plays 10H -> r2_d2 wins
  Trick  7: r2_d2 leads QH, rootbotz plays JH -> r2_d2 wins
  Trick  8: r2_d2 leads KS, rootbotz plays AS -> rootbotz wins
  Trick  9: rootbotz leads JS, r2_d2 plays 7S -> rootbotz wins
  Trick 10: rootbotz leads 10D, r2_d2 plays QD -> r2_d2 wins
  Trick 11: r2_d2 leads 8C, rootbotz plays JD -> r2_d2 wins
  Trick 12: r2_d2 leads 7H, rootbotz plays KD -> r2_d2 wins
  Hand: rootbotz +6 / r2_d2 +28 (tricks 2-10)
  Match total: rootbotz 6 - 28 r2_d2
Players: rootbotz vs r2_d2
Dealer: r2_d2  |  Elder: rootbotz
Match scores: 6 - 28
Talon (8): 7C 10C 10D QD JH AH KS AS
rootbotz hand: 8C 9C JC QC 8D 9D 7H 9H KH 7S JS QS
r2_d2 hand: KC AC 7D JD KD AD 8H 10H QH 8S 9S 10S
  Exchange rootbotz: discard 8D 9D 7H 9H 7S -> draw 7C 10D QD KS AS (talon 3 left)
  Exchange r2_d2: discard 8H 10H QH -> draw 10C JH AH (talon 0 left)

--- Phase: declare ---
  Declare point: rootbotz wins 5 pts (('point', 5, 'C'))
  Declare sequence: rootbotz wins 4 pts (('sequence', 4, 14, 'S'))
  Declare set: r2_d2 wins 3 pts (('set', 3, 14))

--- Phase: tricks ---
  Trick  1: rootbotz leads AS, r2_d2 plays 8S -> rootbotz wins
  Trick  2: rootbotz leads JS, r2_d2 plays 9S -> rootbotz wins
  Trick  3: rootbotz leads QS, r2_d2 plays 10S -> rootbotz wins
  Trick  4: rootbotz leads KS, r2_d2 plays 7D -> rootbotz wins
  Trick  5: rootbotz leads KH, r2_d2 plays AH -> r2_d2 wins
  Trick  6: r2_d2 leads AD, rootbotz plays 10D -> r2_d2 wins
  Trick  7: r2_d2 leads AC, rootbotz plays 7C -> r2_d2 wins
  Trick  8: r2_d2 leads KD, rootbotz plays QD -> r2_d2 wins
  Trick  9: r2_d2 leads KC, rootbotz plays 8C -> r2_d2 wins
  Trick 10: r2_d2 leads JH, rootbotz plays 9C -> r2_d2 wins
  Trick 11: r2_d2 leads JD, rootbotz plays JC -> r2_d2 wins
  Trick 12: r2_d2 leads 10C, rootbotz plays QC -> rootbotz wins
  Hand: rootbotz +15 / r2_d2 +20 (tricks 5-7)
  Match total: rootbotz 21 - 48 r2_d2
Players: rootbotz vs r2_d2
Dealer: rootbotz  |  Elder: r2_d2
Match scores: 21 - 48
Talon (8): 10C KC 9D JD QD 7H 9H JH
rootbotz hand: 8C AC 8D 10D AD 8H 10H QH AH 7S 9S AS
r2_d2 hand: 7C 9C JC QC 7D KD KH 8S 10S JS QS KS
  Exchange r2_d2: discard 7C 9C JC QC 7D -> draw KC 9D QD 7H JH (talon 3 left)
  Exchange rootbotz: discard 8D 7S 9S -> draw 10C JD 9H (talon 0 left)

--- Phase: declare ---
  Declare sequence: r2_d2 wins 4 pts (('sequence', 4, 13, 'S'))
  Declare set: rootbotz wins 14 pts (('set', 4, 14))

--- Phase: tricks ---
  Trick  1: r2_d2 leads KS, rootbotz plays AS -> rootbotz wins
  Trick  2: rootbotz leads AH, r2_d2 plays 7H -> rootbotz wins
  Trick  3: rootbotz leads AD, r2_d2 plays 9D -> rootbotz wins
  Trick  4: rootbotz leads AC, r2_d2 plays KC -> rootbotz wins
  Trick  5: rootbotz leads 8H, r2_d2 plays JH -> r2_d2 wins
  Trick  6: r2_d2 leads KD, rootbotz plays 10D -> r2_d2 wins
  Trick  7: r2_d2 leads KH, rootbotz plays 9H -> r2_d2 wins
  Trick  8: r2_d2 leads QD, rootbotz plays JD -> r2_d2 wins
  Trick  9: r2_d2 leads QS, rootbotz plays 8C -> r2_d2 wins
  Trick 10: r2_d2 leads JS, rootbotz plays 10C -> r2_d2 wins
  Trick 11: r2_d2 leads 10S, rootbotz plays 10H -> r2_d2 wins
  Trick 12: r2_d2 leads 8S, rootbotz plays QH -> r2_d2 wins
  Hand: rootbotz +18 / r2_d2 +23 (tricks 4-8)
  Match total: rootbotz 39 - 71 r2_d2
Players: rootbotz vs r2_d2
Dealer: r2_d2  |  Elder: rootbotz
Match scores: 39 - 71
Talon (8): 7D 8D QD KD AD 10H QH AH
rootbotz hand: 7C 8C 9C QC JD 7H 9H JH 7S 8S 10S KS
r2_d2 hand: 10C JC KC AC 9D 10D 8H KH 9S JS QS AS
  Exchange rootbotz: discard JD 7H 9H JH 7S -> draw 7D KD AD 10H AH (talon 3 left)
  Exchange r2_d2: discard 9D 10D 8H -> draw 8D QD QH (talon 0 left)

--- Phase: declare ---
  Declare point: r2_d2 wins 4 pts (('point', 4, 'C'))
  Declare sequence: rootbotz wins 3 pts (('sequence', 3, 9, 'C'))
  Declare set: r2_d2 wins 3 pts (('set', 3, 12))

--- Phase: tricks ---
  Trick  1: rootbotz leads AH, r2_d2 plays QH -> rootbotz wins
  Trick  2: rootbotz leads AD, r2_d2 plays 8D -> rootbotz wins
  Trick  3: rootbotz leads KD, r2_d2 plays QD -> rootbotz wins
  Trick  4: rootbotz leads KS, r2_d2 plays AS -> r2_d2 wins
  Trick  5: r2_d2 leads AC, rootbotz plays 7C -> r2_d2 wins
  Trick  6: r2_d2 leads KC, rootbotz plays 8C -> r2_d2 wins
  Trick  7: r2_d2 leads QS, rootbotz plays 8S -> r2_d2 wins
  Trick  8: r2_d2 leads KH, rootbotz plays 10H -> r2_d2 wins
  Trick  9: r2_d2 leads JC, rootbotz plays QC -> rootbotz wins
  Trick 10: rootbotz leads 9C, r2_d2 plays 10C -> r2_d2 wins
  Trick 11: r2_d2 leads JS, rootbotz plays 10S -> r2_d2 wins
  Trick 12: r2_d2 leads 9S, rootbotz plays 7D -> r2_d2 wins
  Hand: rootbotz +7 / r2_d2 +26 (tricks 4-8)
  Match total: rootbotz 46 - 97 r2_d2
Players: rootbotz vs r2_d2
Dealer: rootbotz  |  Elder: r2_d2
Match scores: 46 - 97
Talon (8): 7C JC AC 8D JD KD 10H AS
rootbotz hand: 9C 10C 7D 10D QD 7H 8H 9H AH 9S JS QS
r2_d2 hand: 8C QC KC 9D AD JH QH KH 7S 8S 10S KS
  Exchange r2_d2: discard 8C QC 9D -> draw 8D KD 10H (talon 5 left)
  Exchange rootbotz: discard 9C 10C 7D 10D 9S -> draw 7C JC AC JD AS (talon 0 left)

--- Phase: declare ---
  Declare point: r2_d2 wins 4 pts (('point', 4, 'H'))
  Declare sequence: r2_d2 wins 4 pts (('sequence', 4, 13, 'H'))
  Declare set: rootbotz wins 3 pts (('set', 3, 14))

--- Phase: tricks ---
  Trick  1: r2_d2 leads AD, rootbotz plays JD -> r2_d2 wins
  Trick  2: r2_d2 leads KD, rootbotz plays QD -> r2_d2 wins
  Trick  3: r2_d2 leads KH, rootbotz plays AH -> rootbotz wins
  Trick  4: rootbotz leads AS, r2_d2 plays 7S -> rootbotz wins
  Trick  5: rootbotz leads AC, r2_d2 plays KC -> rootbotz wins
  Trick  6: rootbotz leads 7H, r2_d2 plays 10H -> r2_d2 wins
  Trick  7: r2_d2 leads KS, rootbotz plays JS -> r2_d2 wins
  Trick  8: r2_d2 leads QH, rootbotz plays 8H -> r2_d2 wins
  Trick  9: r2_d2 leads 10S, rootbotz plays QS -> rootbotz wins
  Trick 10: rootbotz leads 7C, r2_d2 plays 8D -> rootbotz wins
  Trick 11: rootbotz leads 9H, r2_d2 plays JH -> r2_d2 wins
  Trick 12: r2_d2 leads 8S, rootbotz plays JC -> r2_d2 wins
  Hand: rootbotz +8 / r2_d2 +26 (tricks 5-7)
  Match total: rootbotz 54 - 123 r2_d2
  Final: rootbotz 54 - 123 r2_d2
  Winner: r2_d2

============================================================
Game 13
============================================================
Players: r2_d2 vs rootbotz
Dealer: r2_d2  |  Elder: rootbotz
Match scores: 0 - 0
Talon (8): KC JD QD 10H AH 9S QS KS
r2_d2 hand: 7C 8C 10C JC AC 7D 8D 9D 10D 7H QH JS
rootbotz hand: 9C QC KD AD 8H 9H JH KH 7S 8S 10S AS
  Exchange rootbotz: discard 9C QC 7S 8S 10S -> draw KC JD AH 9S QS (talon 3 left)
  Exchange r2_d2: discard 7H QH JS -> draw QD 10H KS (talon 0 left)

--- Phase: declare ---
  Declare point: rootbotz wins 5 pts (('point', 5, 'H'))
  Declare sequence: r2_d2 wins 4 pts (('sequence', 4, 10, 'D'))
  Declare set: rootbotz wins 3 pts (('set', 3, 14))

--- Phase: tricks ---
  Trick  1: rootbotz leads AS, r2_d2 plays KS -> rootbotz wins
  Trick  2: rootbotz leads AH, r2_d2 plays 10H -> rootbotz wins
  Trick  3: rootbotz leads AD, r2_d2 plays 7D -> rootbotz wins
  Trick  4: rootbotz leads KH, r2_d2 plays 7C -> rootbotz wins
  Trick  5: rootbotz leads KD, r2_d2 plays 8D -> rootbotz wins
  Trick  6: rootbotz leads JH, r2_d2 plays 8C -> rootbotz wins
  Trick  7: rootbotz leads JD, r2_d2 plays QD -> r2_d2 wins
  Trick  8: r2_d2 leads AC, rootbotz plays KC -> r2_d2 wins
  Trick  9: r2_d2 leads JC, rootbotz plays 8H -> r2_d2 wins
  Trick 10: r2_d2 leads 10D, rootbotz plays 9H -> r2_d2 wins
  Trick 11: r2_d2 leads 10C, rootbotz plays 9S -> r2_d2 wins
  Trick 12: r2_d2 leads 9D, rootbotz plays QS -> r2_d2 wins
  Hand: r2_d2 +11 / rootbotz +14 (tricks 6-6)
  Match total: r2_d2 11 - 14 rootbotz
Players: r2_d2 vs rootbotz
Dealer: rootbotz  |  Elder: r2_d2
Match scores: 11 - 14
Talon (8): AC 8D 9D 8H 9H 8S KS AS
r2_d2 hand: 7C 8C 9C KC 7D 10D JD KD AD 10H QH 9S
rootbotz hand: 10C JC QC QD 7H JH KH AH 7S 10S JS QS
  Exchange r2_d2: discard 7C 8C 9C 10H 9S -> draw 9D 8H 9H KS AS (talon 3 left)
  Exchange rootbotz: discard 10C 7H 7S -> draw AC 8D 8S (talon 0 left)

--- Phase: declare ---
  Declare point: r2_d2 wins 6 pts (('point', 6, 'D'))
  Declare sequence: rootbotz wins 3 pts (('sequence', 3, 12, 'S'))
  Declare set: r2_d2 wins 3 pts (('set', 3, 13))

--- Phase: tricks ---
  Trick  1: r2_d2 leads AD, rootbotz plays 8D -> r2_d2 wins
  Trick  2: r2_d2 leads AS, rootbotz plays 8S -> r2_d2 wins
  Trick  3: r2_d2 leads KD, rootbotz plays QD -> r2_d2 wins
  Trick  4: r2_d2 leads KS, rootbotz plays 10S -> r2_d2 wins
  Trick  5: r2_d2 leads JD, rootbotz plays JS -> r2_d2 wins
  Trick  6: r2_d2 leads QH, rootbotz plays KH -> rootbotz wins
  Trick  7: rootbotz leads AH, r2_d2 plays 8H -> rootbotz wins
  Trick  8: rootbotz leads AC, r2_d2 plays KC -> rootbotz wins
  Trick  9: rootbotz leads JH, r2_d2 plays 9H -> rootbotz wins
  Trick 10: rootbotz leads JC, r2_d2 plays 7D -> rootbotz wins
  Trick 11: rootbotz leads QS, r2_d2 plays 9D -> rootbotz wins
  Trick 12: rootbotz leads QC, r2_d2 plays 10D -> rootbotz wins
  Hand: r2_d2 +14 / rootbotz +21 (tricks 5-7)
  Match total: r2_d2 25 - 35 rootbotz
Players: r2_d2 vs rootbotz
Dealer: r2_d2  |  Elder: rootbotz
Match scores: 25 - 35
Talon (8): AC 7D QD 9H QH KH 8S AS
r2_d2 hand: 7C 8C 9C 10C JD KD AD 10H JH 7S 10S JS
rootbotz hand: JC QC KC 8D 9D 10D 7H 8H AH 9S QS KS
  Exchange rootbotz: discard 8D 9D 10D 7H 8H -> draw AC 7D QD 9H QH (talon 3 left)
  Exchange r2_d2: discard 7S -> draw AS (talon 2 left)

--- Phase: declare ---
  Declare point: rootbotz wins 4 pts (('point', 4, 'C'))
  Declare sequence: rootbotz wins 4 pts (('sequence', 4, 14, 'C'))
  Declare set: rootbotz wins 14 pts (('set', 4, 12))

--- Phase: tricks ---
  Trick  1: rootbotz leads AH, r2_d2 plays 10H -> rootbotz wins
  Trick  2: rootbotz leads AC, r2_d2 plays 7C -> rootbotz wins
  Trick  3: rootbotz leads JC, r2_d2 plays 8C -> rootbotz wins
  Trick  4: rootbotz leads QC, r2_d2 plays 9C -> rootbotz wins
  Trick  5: rootbotz leads KC, r2_d2 plays 10C -> rootbotz wins
  Trick  6: rootbotz leads QS, r2_d2 plays AS -> r2_d2 wins
  Trick  7: r2_d2 leads AD, rootbotz plays 7D -> r2_d2 wins
  Trick  8: r2_d2 leads KD, rootbotz plays QD -> r2_d2 wins
  Trick  9: r2_d2 leads JS, rootbotz plays KS -> rootbotz wins
  Trick 10: rootbotz leads QH, r2_d2 plays JH -> rootbotz wins
  Trick 11: rootbotz leads 9S, r2_d2 plays 10S -> r2_d2 wins
  Trick 12: r2_d2 leads JD, rootbotz plays 9H -> r2_d2 wins
  Hand: r2_d2 +6 / rootbotz +39 (tricks 5-7)
  Match total: r2_d2 31 - 74 rootbotz
Players: r2_d2 vs rootbotz
Dealer: rootbotz  |  Elder: r2_d2
Match scores: 31 - 74
Talon (8): KC AC 7D 8D 9D QD 10S KS
r2_d2 hand: JC QC JD 7H 9H 10H QH AH 7S 8S 9S AS
rootbotz hand: 7C 8C 9C 10C 10D KD AD 8H JH KH JS QS
  Exchange r2_d2: discard JC JD 7S 8S 9S -> draw AC 7D 8D QD KS (talon 3 left)
  Exchange rootbotz: discard 8H JH QS -> draw KC 9D 10S (talon 0 left)

--- Phase: declare ---
  Declare point: r2_d2 wins 5 pts (('point', 5, 'H'))
  Declare sequence: rootbotz wins 4 pts (('sequence', 4, 10, 'C'))
  Declare set: r2_d2 wins 3 pts (('set', 3, 14))

--- Phase: tricks ---
  Trick  1: r2_d2 leads AH, rootbotz plays KH -> r2_d2 wins
  Trick  2: r2_d2 leads AS, rootbotz plays 10S -> r2_d2 wins
  Trick  3: r2_d2 leads AC, rootbotz plays 7C -> r2_d2 wins
  Trick  4: r2_d2 leads KS, rootbotz plays JS -> r2_d2 wins
  Trick  5: r2_d2 leads QH, rootbotz plays 8C -> r2_d2 wins
  Trick  6: r2_d2 leads QD, rootbotz plays KD -> rootbotz wins
  Trick  7: rootbotz leads AD, r2_d2 plays 7D -> rootbotz wins
  Trick  8: rootbotz leads 9D, r2_d2 plays 8D -> rootbotz wins
  Trick  9: rootbotz leads 10D, r2_d2 plays 7H -> rootbotz wins
  Trick 10: rootbotz leads 9C, r2_d2 plays QC -> r2_d2 wins
  Trick 11: r2_d2 leads 10H, rootbotz plays 10C -> r2_d2 wins
  Trick 12: r2_d2 leads 9H, rootbotz plays KC -> r2_d2 wins
  Hand: r2_d2 +27 / rootbotz +8 (tricks 8-4)
  Match total: r2_d2 58 - 82 rootbotz
Players: r2_d2 vs rootbotz
Dealer: r2_d2  |  Elder: rootbotz
Match scores: 58 - 82
Talon (8): 8C 9D 9H JH 7S 8S 9S JS
r2_d2 hand: 7C 9C QC 7D 8D KD 8H 10H QH AH QS AS
rootbotz hand: 10C JC KC AC 10D JD QD AD 7H KH 10S KS
  Exchange rootbotz: discard 10C JC 7H 10S -> draw 8C 9D 7S 9S (talon 4 left)
  Exchange r2_d2: discard 7C 9C 7D 8D -> draw 9H JH 8S JS (talon 0 left)

--- Phase: declare ---
  Declare point: r2_d2 wins 6 pts (('point', 6, 'H'))
  Declare sequence: r2_d2 wins 10 pts (('sequence', 5, 12, 'H'))
  Declare set: rootbotz wins 3 pts (('set', 3, 13))

--- Phase: tricks ---
  Trick  1: rootbotz leads AD, r2_d2 plays KD -> rootbotz wins
  Trick  2: rootbotz leads AC, r2_d2 plays QC -> rootbotz wins
  Trick  3: rootbotz leads KC, r2_d2 plays 8S -> rootbotz wins
  Trick  4: rootbotz leads 9D, r2_d2 plays 8H -> rootbotz wins
  Trick  5: rootbotz leads 10D, r2_d2 plays 9H -> rootbotz wins
  Trick  6: rootbotz leads JD, r2_d2 plays 10H -> rootbotz wins
  Trick  7: rootbotz leads QD, r2_d2 plays JH -> rootbotz wins
  Trick  8: rootbotz leads 7S, r2_d2 plays JS -> r2_d2 wins
  Trick  9: r2_d2 leads AS, rootbotz plays 9S -> r2_d2 wins
  Trick 10: r2_d2 leads AH, rootbotz plays KH -> r2_d2 wins
  Trick 11: r2_d2 leads QH, rootbotz plays 8C -> r2_d2 wins
  Trick 12: r2_d2 leads QS, rootbotz plays KS -> rootbotz wins
  Hand: r2_d2 +20 / rootbotz +22 (tricks 4-8)
  Match total: r2_d2 78 - 104 rootbotz
  Final: r2_d2 78 - 104 rootbotz
  Winner: rootbotz

============================================================
Game 14
============================================================
Players: rootbotz vs r2_d2
Dealer: rootbotz  |  Elder: r2_d2
Match scores: 0 - 0
Talon (8): KC 9D 7H 9H 10H 10S QS AS
rootbotz hand: 10C JC JD KD AD JH QH 7S 8S 9S JS KS
r2_d2 hand: 7C 8C 9C QC AC 7D 8D 10D QD 8H KH AH
  Exchange r2_d2: discard 7D 8D 10D QD 8H -> draw KC 9D 9H 10H 10S (talon 3 left)
  Exchange rootbotz: discard 10C KD QH -> draw 7H QS AS (talon 0 left)

--- Phase: declare ---
  Declare point: rootbotz wins 7 pts (('point', 7, 'S'))
  Declare sequence: rootbotz wins 4 pts (('sequence', 4, 14, 'S'))
  Declare set: rootbotz wins 14 pts (('set', 4, 11))

--- Phase: tricks ---
  Trick  1: r2_d2 leads AC, rootbotz plays JC -> r2_d2 wins
  Trick  2: r2_d2 leads AH, rootbotz plays 7H -> r2_d2 wins
  Trick  3: r2_d2 leads KC, rootbotz plays 7S -> r2_d2 wins
  Trick  4: r2_d2 leads QC, rootbotz plays 8S -> r2_d2 wins
  Trick  5: r2_d2 leads KH, rootbotz plays JH -> r2_d2 wins
  Trick  6: r2_d2 leads 9C, rootbotz plays 9S -> r2_d2 wins
  Trick  7: r2_d2 leads 10H, rootbotz plays JD -> r2_d2 wins
  Trick  8: r2_d2 leads 8C, rootbotz plays JS -> r2_d2 wins
  Trick  9: r2_d2 leads 10S, rootbotz plays QS -> rootbotz wins
  Trick 10: rootbotz leads AS, r2_d2 plays 7C -> rootbotz wins
  Trick 11: rootbotz leads AD, r2_d2 plays 9D -> rootbotz wins
  Trick 12: rootbotz leads KS, r2_d2 plays 9H -> rootbotz wins
  Hand: rootbotz +30 / r2_d2 +18 (tricks 4-8)
  Match total: rootbotz 30 - 18 r2_d2
Players: rootbotz vs r2_d2
Dealer: r2_d2  |  Elder: rootbotz
Match scores: 30 - 18
Talon (8): 7C AD 10H JH 7S 8S 10S AS
rootbotz hand: JC AC 8D 9D 10D JD KD 9H AH JS QS KS
r2_d2 hand: 8C 9C 10C QC KC 7D QD 7H 8H QH KH 9S
  Exchange rootbotz: discard 9H AH QS KS -> draw 10H JH 8S AS (talon 4 left)
  Exchange r2_d2: discard 7D 7H 8H 9S -> draw 7C AD 7S 10S (talon 0 left)

--- Phase: declare ---
  Declare point: r2_d2 wins 6 pts (('point', 6, 'C'))
  Declare sequence: rootbotz wins 4 pts (('sequence', 4, 11, 'D'))
  Declare set: r2_d2 wins 3 pts (('set', 3, 12))

--- Phase: tricks ---
  Trick  1: rootbotz leads AS, r2_d2 plays 7S -> rootbotz wins
  Trick  2: rootbotz leads AC, r2_d2 plays 7C -> rootbotz wins
  Trick  3: rootbotz leads JS, r2_d2 plays 10S -> rootbotz wins
  Trick  4: rootbotz leads KD, r2_d2 plays AD -> r2_d2 wins
  Trick  5: r2_d2 leads KC, rootbotz plays JC -> r2_d2 wins
  Trick  6: r2_d2 leads QC, rootbotz plays 8S -> r2_d2 wins
  Trick  7: r2_d2 leads QD, rootbotz plays 8D -> r2_d2 wins
  Trick  8: r2_d2 leads 10C, rootbotz plays 9D -> r2_d2 wins
  Trick  9: r2_d2 leads KH, rootbotz plays 10H -> r2_d2 wins
  Trick 10: r2_d2 leads 9C, rootbotz plays 10D -> r2_d2 wins
  Trick 11: r2_d2 leads QH, rootbotz plays JH -> r2_d2 wins
  Trick 12: r2_d2 leads 8C, rootbotz plays JD -> r2_d2 wins
  Hand: rootbotz +7 / r2_d2 +29 (tricks 3-9)
  Match total: rootbotz 37 - 47 r2_d2
Players: rootbotz vs r2_d2
Dealer: rootbotz  |  Elder: r2_d2
Match scores: 37 - 47
Talon (8): 8C 7D 8D 9D KD 7H 8H 9S
rootbotz hand: 7C 9C JC QC KC AC 10D 10H JH QH 8S 10S
r2_d2 hand: 10C JD QD AD 9H KH AH 7S JS QS KS AS
  Exchange r2_d2: discard 10C JD QD 9H -> draw 7D 8D 8H 9S (talon 4 left)
  Exchange rootbotz: discard 7C 9C JH QH -> draw 8C 9D KD 7H (talon 0 left)

--- Phase: declare ---
  Declare point: r2_d2 wins 6 pts (('point', 6, 'S'))
  Declare set: r2_d2 wins 3 pts (('set', 3, 14))

--- Phase: tricks ---
  Trick  1: r2_d2 leads AS, rootbotz plays 8S -> r2_d2 wins
  Trick  2: r2_d2 leads AD, rootbotz plays 9D -> r2_d2 wins
  Trick  3: r2_d2 leads AH, rootbotz plays 7H -> r2_d2 wins
  Trick  4: r2_d2 leads KS, rootbotz plays 10S -> r2_d2 wins
  Trick  5: r2_d2 leads QS, rootbotz plays 8C -> r2_d2 wins
  Trick  6: r2_d2 leads KH, rootbotz plays 10H -> r2_d2 wins
  Trick  7: r2_d2 leads JS, rootbotz plays 10D -> r2_d2 wins
  Trick  8: r2_d2 leads 9S, rootbotz plays JC -> r2_d2 wins
  Trick  9: r2_d2 leads 8D, rootbotz plays KD -> rootbotz wins
  Trick 10: rootbotz leads AC, r2_d2 plays 7D -> rootbotz wins
  Trick 11: rootbotz leads QC, r2_d2 plays 7S -> rootbotz wins
  Trick 12: rootbotz leads KC, r2_d2 plays 8H -> rootbotz wins
  Hand: rootbotz +5 / r2_d2 +27 (tricks 4-8)
  Match total: rootbotz 42 - 74 r2_d2
Players: rootbotz vs r2_d2
Dealer: r2_d2  |  Elder: rootbotz
Match scores: 42 - 74
Talon (8): 8C 10D KD 8H QH AH 10S KS
rootbotz hand: 10C 8D 9D QD 7H 9H JH KH 7S 9S JS AS
r2_d2 hand: 7C 9C JC QC KC AC 7D JD AD 10H 8S QS
  Exchange rootbotz: discard 10C 8D 9D 7S 9S -> draw 8C 10D 8H AH 10S (talon 3 left)
  Exchange r2_d2: discard 7D 10H 8S -> draw KD QH KS (talon 0 left)

--- Phase: declare ---
  Declare point: r2_d2 wins 6 pts (('point', 6, 'C'))
  Declare sequence: r2_d2 wins 4 pts (('sequence', 4, 14, 'C'))
  Declare set: r2_d2 wins 3 pts (('set', 3, 13))

--- Phase: tricks ---
  Trick  1: rootbotz leads AS, r2_d2 plays QS -> rootbotz wins
  Trick  2: rootbotz leads AH, r2_d2 plays QH -> rootbotz wins
  Trick  3: rootbotz leads KH, r2_d2 plays 7C -> rootbotz wins
  Trick  4: rootbotz leads JH, r2_d2 plays 9C -> rootbotz wins
  Trick  5: rootbotz leads 7H, r2_d2 plays JD -> rootbotz wins
  Trick  6: rootbotz leads 8H, r2_d2 plays JC -> rootbotz wins
  Trick  7: rootbotz leads 9H, r2_d2 plays QC -> rootbotz wins
  Trick  8: rootbotz leads 8C, r2_d2 plays KC -> r2_d2 wins
  Trick  9: r2_d2 leads AD, rootbotz plays 10D -> r2_d2 wins
  Trick 10: r2_d2 leads AC, rootbotz plays 10S -> r2_d2 wins
  Trick 11: r2_d2 leads KD, rootbotz plays QD -> r2_d2 wins
  Trick 12: r2_d2 leads KS, rootbotz plays JS -> r2_d2 wins
  Hand: rootbotz +17 / r2_d2 +19 (tricks 7-5)
  Match total: rootbotz 59 - 93 r2_d2
Players: rootbotz vs r2_d2
Dealer: rootbotz  |  Elder: r2_d2
Match scores: 59 - 93
Talon (8): 7C 9C KC 9D AD AH 8S JS
rootbotz hand: QC AC 8D JD QD 7H 8H 9H 10H JH 10S KS
r2_d2 hand: 8C 10C JC 7D 10D KD QH KH 7S 9S QS AS
  Exchange r2_d2: discard 8C 10C JC 7D 10D -> draw 7C 9C 9D AH JS (talon 3 left)
  Exchange rootbotz: discard QC 8D QD -> draw KC AD 8S (talon 0 left)

--- Phase: declare ---
  Declare point: r2_d2 wins 5 pts (('point', 5, 'S'))
  Declare sequence: rootbotz wins 10 pts (('sequence', 5, 11, 'H'))

--- Phase: tricks ---
  Trick  1: r2_d2 leads AS, rootbotz plays 8S -> r2_d2 wins
  Trick  2: r2_d2 leads AH, rootbotz plays 7H -> r2_d2 wins
  Trick  3: r2_d2 leads KH, rootbotz plays 8H -> r2_d2 wins
  Trick  4: r2_d2 leads QH, rootbotz plays 9H -> r2_d2 wins
  Trick  5: r2_d2 leads QS, rootbotz plays KS -> rootbotz wins
  Trick  6: rootbotz leads AD, r2_d2 plays 9D -> rootbotz wins
  Trick  7: rootbotz leads AC, r2_d2 plays 7C -> rootbotz wins
  Trick  8: rootbotz leads 10H, r2_d2 plays 7S -> rootbotz wins
  Trick  9: rootbotz leads JH, r2_d2 plays 9C -> rootbotz wins
  Trick 10: rootbotz leads KC, r2_d2 plays 9S -> rootbotz wins
  Trick 11: rootbotz leads JD, r2_d2 plays KD -> r2_d2 wins
  Trick 12: r2_d2 leads JS, rootbotz plays 10S -> r2_d2 wins
  Hand: rootbotz +16 / r2_d2 +12 (tricks 6-6)
  Match total: rootbotz 75 - 105 r2_d2
  Final: rootbotz 75 - 105 r2_d2
  Winner: r2_d2

============================================================
Game 15
============================================================
Players: r2_d2 vs rootbotz
Dealer: r2_d2  |  Elder: rootbotz
Match scores: 0 - 0
Talon (8): 8C KC 7D QD 10H KH 7S 9S
r2_d2 hand: 7C QC AC 8D 10D KD 7H 8H QH 10S QS KS
rootbotz hand: 9C 10C JC 9D JD AD 9H JH AH 8S JS AS
  Exchange rootbotz: discard 9D AD 9H AH 8S -> draw 7D QD KH 7S 9S (talon 3 left)
  Exchange r2_d2: discard 7C 8D 7H -> draw 8C KC 10H (talon 0 left)

--- Phase: declare ---
  Declare point: r2_d2 wins 4 pts (('point', 4, 'C'))
  Declare sequence: r2_d2 wins 3 pts (('sequence', 3, 14, 'C'))
  Declare set: r2_d2 wins 3 pts (('set', 3, 13))

--- Phase: tricks ---
  Trick  1: rootbotz leads AS, r2_d2 plays 10S -> rootbotz wins
  Trick  2: rootbotz leads KH, r2_d2 plays 8H -> rootbotz wins
  Trick  3: rootbotz leads JH, r2_d2 plays QH -> r2_d2 wins
  Trick  4: r2_d2 leads AC, rootbotz plays 9C -> r2_d2 wins
  Trick  5: r2_d2 leads KC, rootbotz plays 10C -> r2_d2 wins
  Trick  6: r2_d2 leads KS, rootbotz plays 7S -> r2_d2 wins
  Trick  7: r2_d2 leads QC, rootbotz plays JC -> r2_d2 wins
  Trick  8: r2_d2 leads QS, rootbotz plays 9S -> r2_d2 wins
  Trick  9: r2_d2 leads KD, rootbotz plays 7D -> r2_d2 wins
  Trick 10: r2_d2 leads 10H, rootbotz plays JS -> r2_d2 wins
  Trick 11: r2_d2 leads 10D, rootbotz plays JD -> rootbotz wins
  Trick 12: rootbotz leads QD, r2_d2 plays 8C -> rootbotz wins
  Hand: r2_d2 +28 / rootbotz +5 (tricks 8-4)
  Match total: r2_d2 28 - 5 rootbotz
Players: r2_d2 vs rootbotz
Dealer: rootbotz  |  Elder: r2_d2
Match scores: 28 - 5
Talon (8): 9C 10C 7D 7H 9H AH 10S JS
r2_d2 hand: 8C KC 10D JD QD AD JH QH KH 8S 9S QS
rootbotz hand: 7C JC QC AC 8D 9D KD 8H 10H 7S KS AS
  Exchange r2_d2: discard 8C 8S 9S -> draw 7D 7H 9H (talon 5 left)
  Exchange rootbotz: discard 7C 8D 9D 8H 10H -> draw 9C 10C AH 10S JS (talon 0 left)

--- Phase: declare ---
  Declare point: rootbotz wins 5 pts (('point', 5, 'C'))
  Declare sequence: rootbotz wins 4 pts (('sequence', 4, 12, 'C'))
  Declare set: rootbotz wins 3 pts (('set', 3, 14))

--- Phase: tricks ---
  Trick  1: r2_d2 leads AD, rootbotz plays KD -> r2_d2 wins
  Trick  2: r2_d2 leads KH, rootbotz plays AH -> rootbotz wins
  Trick  3: rootbotz leads AS, r2_d2 plays QS -> rootbotz wins
  Trick  4: rootbotz leads AC, r2_d2 plays KC -> rootbotz wins
  Trick  5: rootbotz leads KS, r2_d2 plays 7D -> rootbotz wins
  Trick  6: rootbotz leads 9C, r2_d2 plays 7H -> rootbotz wins
  Trick  7: rootbotz leads 10C, r2_d2 plays 9H -> rootbotz wins
  Trick  8: rootbotz leads JC, r2_d2 plays 10D -> rootbotz wins
  Trick  9: rootbotz leads QC, r2_d2 plays JD -> rootbotz wins
  Trick 10: rootbotz leads 7S, r2_d2 plays JH -> rootbotz wins
  Trick 11: rootbotz leads 10S, r2_d2 plays QD -> rootbotz wins
  Trick 12: rootbotz leads JS, r2_d2 plays QH -> rootbotz wins
  Hand: r2_d2 +1 / rootbotz +34 (tricks 1-11)
  Match total: r2_d2 29 - 39 rootbotz
Players: r2_d2 vs rootbotz
Dealer: r2_d2  |  Elder: rootbotz
Match scores: 29 - 39
Talon (8): JC AC 10D QD AD 7H 9H 8S
r2_d2 hand: 7C 8C 10C 7D KD 8H 10H JH 7S 9S 10S QS
rootbotz hand: 9C QC KC 8D 9D JD QH KH AH JS KS AS
  Exchange rootbotz: discard 9C QC 8D 9D JD -> draw JC AC 10D QD 9H (talon 3 left)
  Exchange r2_d2: discard 7C 7D 8H -> draw AD 7H 8S (talon 0 left)

--- Phase: declare ---
  Declare point: r2_d2 wins 5 pts (('point', 5, 'S'))
  Declare sequence: r2_d2 wins 4 pts (('sequence', 4, 10, 'S'))
  Declare set: rootbotz wins 3 pts (('set', 3, 14))

--- Phase: tricks ---
  Trick  1: rootbotz leads AS, r2_d2 plays 7S -> rootbotz wins
  Trick  2: rootbotz leads AH, r2_d2 plays 7H -> rootbotz wins
  Trick  3: rootbotz leads AC, r2_d2 plays 8C -> rootbotz wins
  Trick  4: rootbotz leads JC, r2_d2 plays 10C -> rootbotz wins
  Trick  5: rootbotz leads QH, r2_d2 plays 10H -> rootbotz wins
  Trick  6: rootbotz leads KS, r2_d2 plays 8S -> rootbotz wins
  Trick  7: rootbotz leads KH, r2_d2 plays JH -> rootbotz wins
  Trick  8: rootbotz leads KC, r2_d2 plays 9S -> rootbotz wins
  Trick  9: rootbotz leads 9H, r2_d2 plays 10S -> rootbotz wins
  Trick 10: rootbotz leads 10D, r2_d2 plays KD -> r2_d2 wins
  Trick 11: r2_d2 leads AD, rootbotz plays QD -> r2_d2 wins
  Trick 12: r2_d2 leads QS, rootbotz plays JS -> r2_d2 wins
  Hand: r2_d2 +13 / rootbotz +22 (tricks 3-9)
  Match total: r2_d2 42 - 61 rootbotz
Players: r2_d2 vs rootbotz
Dealer: rootbotz  |  Elder: r2_d2
Match scores: 42 - 61
Talon (8): 7C AC 9D 10H JH 7S 9S 10S
r2_d2 hand: 9C KC 7D 8D 10D QD KD AD 8H QH JS AS
rootbotz hand: 8C 10C JC QC JD 7H 9H KH AH 8S QS KS
  Exchange r2_d2: discard 9C 8H QH JS -> draw AC 7S 9S 10S (talon 4 left)
  Exchange rootbotz: discard 7H 9H 8S QS -> draw 7C 9D 10H JH (talon 0 left)

--- Phase: declare ---
  Declare point: r2_d2 wins 6 pts (('point', 6, 'D'))
  Declare sequence: r2_d2 wins 3 pts (('sequence', 3, 14, 'D'))
  Declare set: r2_d2 wins 3 pts (('set', 3, 14))

--- Phase: tricks ---
  Trick  1: r2_d2 leads AD, rootbotz plays 9D -> r2_d2 wins
  Trick  2: r2_d2 leads AS, rootbotz plays KS -> r2_d2 wins
  Trick  3: r2_d2 leads AC, rootbotz plays 7C -> r2_d2 wins
  Trick  4: r2_d2 leads KD, rootbotz plays JD -> r2_d2 wins
  Trick  5: r2_d2 leads QD, rootbotz plays 8C -> r2_d2 wins
  Trick  6: r2_d2 leads KC, rootbotz plays 10C -> r2_d2 wins
  Trick  7: r2_d2 leads 10D, rootbotz plays 10H -> r2_d2 wins
  Trick  8: r2_d2 leads 10S, rootbotz plays JC -> r2_d2 wins
  Trick  9: r2_d2 leads 9S, rootbotz plays JH -> r2_d2 wins
  Trick 10: r2_d2 leads 8D, rootbotz plays QC -> r2_d2 wins
  Trick 11: r2_d2 leads 7D, rootbotz plays KH -> r2_d2 wins
  Trick 12: r2_d2 leads 7S, rootbotz plays AH -> r2_d2 wins
  Hand: r2_d2 +95 / rootbotz +0 (tricks 12-0)
  Match total: r2_d2 137 - 61 rootbotz
  Final: r2_d2 137 - 61 rootbotz
  Winner: r2_d2

============================================================
Game 16
============================================================
Players: rootbotz vs r2_d2
Dealer: rootbotz  |  Elder: r2_d2
Match scores: 0 - 0
Talon (8): QC AC KD KH AH 7S JS AS
rootbotz hand: 7C 8C 9C KC 8D JD QD 8H JH 8S 10S KS
r2_d2 hand: 10C JC 7D 9D 10D AD 7H 9H 10H QH 9S QS
  Exchange r2_d2: discard JC 7H 9H 9S QS -> draw QC AH 7S JS AS (talon 3 left)
  Exchange rootbotz: discard 8D 8H 10S -> draw AC KD KH (talon 0 left)

--- Phase: declare ---
  Declare point: rootbotz wins 5 pts (('point', 5, 'C'))
  Declare sequence: rootbotz wins 3 pts (('sequence', 3, 13, 'D'))
  Declare set: r2_d2 wins 3 pts (('set', 3, 14))

--- Phase: tricks ---
  Trick  1: r2_d2 leads AD, rootbotz plays JD -> r2_d2 wins
  Trick  2: r2_d2 leads AH, rootbotz plays JH -> r2_d2 wins
  Trick  3: r2_d2 leads AS, rootbotz plays 8S -> r2_d2 wins
  Trick  4: r2_d2 leads 10D, rootbotz plays QD -> rootbotz wins
  Trick  5: rootbotz leads AC, r2_d2 plays 10C -> rootbotz wins
  Trick  6: rootbotz leads KC, r2_d2 plays QC -> rootbotz wins
  Trick  7: rootbotz leads 7C, r2_d2 plays 7D -> rootbotz wins
  Trick  8: rootbotz leads 8C, r2_d2 plays 7S -> rootbotz wins
  Trick  9: rootbotz leads 9C, r2_d2 plays 9D -> rootbotz wins
  Trick 10: rootbotz leads KS, r2_d2 plays JS -> rootbotz wins
  Trick 11: rootbotz leads KH, r2_d2 plays 10H -> rootbotz wins
  Trick 12: rootbotz leads KD, r2_d2 plays QH -> rootbotz wins
  Hand: rootbotz +28 / r2_d2 +6 (tricks 9-3)
  Match total: rootbotz 28 - 6 r2_d2
Players: rootbotz vs r2_d2
Dealer: r2_d2  |  Elder: rootbotz
Match scores: 28 - 6
Talon (8): 9D KD 7H 8H 8S QS KS AS
rootbotz hand: 7C 10C JC QC AC 7D 8D 10D JD AD KH 7S
r2_d2 hand: 8C 9C KC QD 9H 10H JH QH AH 9S 10S JS
  Exchange rootbotz: discard 7C 7D 8D 10D 7S -> draw KD 7H 8H QS AS (talon 3 left)
  Exchange r2_d2: discard 8C 9C QD -> draw 9D 8S KS (talon 0 left)

--- Phase: declare ---
  Declare point: r2_d2 wins 5 pts (('point', 5, 'H'))
  Declare sequence: r2_d2 wins 4 pts (('sequence', 4, 12, 'H'))
  Declare set: rootbotz wins 3 pts (('set', 3, 14))

--- Phase: tricks ---
  Trick  1: rootbotz leads AS, r2_d2 plays 8S -> rootbotz wins
  Trick  2: rootbotz leads AD, r2_d2 plays 9D -> rootbotz wins
  Trick  3: rootbotz leads AC, r2_d2 plays KC -> rootbotz wins
  Trick  4: rootbotz leads KD, r2_d2 plays 9S -> rootbotz wins
  Trick  5: rootbotz leads 10C, r2_d2 plays 9H -> rootbotz wins
  Trick  6: rootbotz leads JD, r2_d2 plays 10S -> rootbotz wins
  Trick  7: rootbotz leads JC, r2_d2 plays 10H -> rootbotz wins
  Trick  8: rootbotz leads QS, r2_d2 plays KS -> r2_d2 wins
  Trick  9: r2_d2 leads AH, rootbotz plays 7H -> r2_d2 wins
  Trick 10: r2_d2 leads QH, rootbotz plays KH -> rootbotz wins
  Trick 11: rootbotz leads QC, r2_d2 plays JH -> rootbotz wins
  Trick 12: rootbotz leads 8H, r2_d2 plays JS -> rootbotz wins
  Hand: rootbotz +24 / r2_d2 +11 (tricks 10-2)
  Match total: rootbotz 52 - 17 r2_d2
Players: rootbotz vs r2_d2
Dealer: rootbotz  |  Elder: r2_d2
Match scores: 52 - 17
Talon (8): QC KC 8D KD AD 8H JH JS
rootbotz hand: 7C 9C 9D QD 10H QH KH 7S 8S 9S QS KS
r2_d2 hand: 8C 10C JC AC 7D 10D JD 7H 9H AH 10S AS
  Exchange r2_d2: discard 7D JD 7H 9H -> draw KC 8D AD JH (talon 4 left)
  Exchange rootbotz: discard 7C 9C 9D 10H -> draw QC KD 8H JS (talon 0 left)

--- Phase: declare ---
  Declare point: rootbotz wins 6 pts (('point', 6, 'S'))
  Declare sequence: rootbotz wins 3 pts (('sequence', 3, 13, 'S'))
  Declare set: r2_d2 wins 14 pts (('set', 4, 14))

--- Phase: tricks ---
  Trick  1: r2_d2 leads AC, rootbotz plays QC -> r2_d2 wins
  Trick  2: r2_d2 leads AD, rootbotz plays QD -> r2_d2 wins
  Trick  3: r2_d2 leads AH, rootbotz plays 8H -> r2_d2 wins
  Trick  4: r2_d2 leads AS, rootbotz plays 7S -> r2_d2 wins
  Trick  5: r2_d2 leads KC, rootbotz plays 8S -> r2_d2 wins
  Trick  6: r2_d2 leads JC, rootbotz plays 9S -> r2_d2 wins
  Trick  7: r2_d2 leads 10D, rootbotz plays KD -> rootbotz wins
  Trick  8: rootbotz leads JS, r2_d2 plays 10S -> rootbotz wins
  Trick  9: rootbotz leads QS, r2_d2 plays 8D -> rootbotz wins
  Trick 10: rootbotz leads QH, r2_d2 plays JH -> rootbotz wins
  Trick 11: rootbotz leads KS, r2_d2 plays 8C -> rootbotz wins
  Trick 12: rootbotz leads KH, r2_d2 plays 10C -> rootbotz wins
  Hand: rootbotz +16 / r2_d2 +20 (tricks 6-6)
  Match total: rootbotz 68 - 37 r2_d2
Players: rootbotz vs r2_d2
Dealer: r2_d2  |  Elder: rootbotz
Match scores: 68 - 37
Talon (8): 8C 9D JD KD AD JH 8S JS
rootbotz hand: 7C 9C 10C JC QC KC AC 9H QH KH AH 9S
r2_d2 hand: 7D 8D 10D QD 7H 8H 10H 7S 10S QS KS AS
  Exchange rootbotz: discard 7C 9H QH AH 9S -> draw 8C 9D AD JH JS (talon 3 left)
  Exchange r2_d2: discard 7D 8D 7H -> draw JD KD 8S (talon 0 left)

--- Phase: declare ---
  Declare point: rootbotz wins 7 pts (('point', 7, 'C'))
  Declare sequence: rootbotz wins 12 pts (('sequence', 7, 14, 'C'))
  Declare set: rootbotz wins 3 pts (('set', 3, 11))

--- Phase: tricks ---
  Trick  1: rootbotz leads AD, r2_d2 plays 10D -> rootbotz wins
  Trick  2: rootbotz leads AC, r2_d2 plays 7S -> rootbotz wins
  Trick  3: rootbotz leads 8C, r2_d2 plays 8H -> rootbotz wins
  Trick  4: rootbotz leads 9C, r2_d2 plays 8S -> rootbotz wins
  Trick  5: rootbotz leads 10C, r2_d2 plays 10H -> rootbotz wins
  Trick  6: rootbotz leads JH, r2_d2 plays 10S -> rootbotz wins
  Trick  7: rootbotz leads JC, r2_d2 plays JD -> rootbotz wins
  Trick  8: rootbotz leads QC, r2_d2 plays QD -> rootbotz wins
  Trick  9: rootbotz leads KH, r2_d2 plays QS -> rootbotz wins
  Trick 10: rootbotz leads KC, r2_d2 plays KD -> rootbotz wins
  Trick 11: rootbotz leads JS, r2_d2 plays KS -> r2_d2 wins
  Trick 12: r2_d2 leads AS, rootbotz plays 9D -> r2_d2 wins
  Hand: rootbotz +42 / r2_d2 +3 (tricks 10-2)
  Match total: rootbotz 110 - 40 r2_d2
  Final: rootbotz 110 - 40 r2_d2
  Winner: rootbotz

============================================================
Game 17
============================================================
Players: r2_d2 vs rootbotz
Dealer: r2_d2  |  Elder: rootbotz
Match scores: 0 - 0
Talon (8): 7D JD QD AD KH 8S KS AS
r2_d2 hand: 7C KC AC 9D 10D 7H 10H JH QH AH 7S 9S
rootbotz hand: 8C 9C 10C JC QC 8D KD 8H 9H 10S JS QS
  Exchange rootbotz: discard 8D 8H 9H 10S JS -> draw QD AD 8S KS AS (talon 3 left)
  Exchange r2_d2: discard 7C 7S 9S -> draw 7D JD KH (talon 0 left)

--- Phase: declare ---
  Declare point: r2_d2 wins 6 pts (('point', 6, 'H'))
  Declare sequence: r2_d2 wins 10 pts (('sequence', 5, 14, 'H'))
  Declare set: rootbotz wins 3 pts (('set', 3, 12))

--- Phase: tricks ---
  Trick  1: rootbotz leads AS, r2_d2 plays 7D -> rootbotz wins
  Trick  2: rootbotz leads AD, r2_d2 plays 9D -> rootbotz wins
  Trick  3: rootbotz leads QS, r2_d2 plays 7H -> rootbotz wins
  Trick  4: rootbotz leads QD, r2_d2 plays 10D -> rootbotz wins
  Trick  5: rootbotz leads KS, r2_d2 plays 10H -> rootbotz wins
  Trick  6: rootbotz leads KD, r2_d2 plays JD -> rootbotz wins
  Trick  7: rootbotz leads 8S, r2_d2 plays JH -> rootbotz wins
  Trick  8: rootbotz leads 8C, r2_d2 plays KC -> r2_d2 wins
  Trick  9: r2_d2 leads AH, rootbotz plays 9C -> r2_d2 wins
  Trick 10: r2_d2 leads AC, rootbotz plays 10C -> r2_d2 wins
  Trick 11: r2_d2 leads KH, rootbotz plays JC -> r2_d2 wins
  Trick 12: r2_d2 leads QH, rootbotz plays QC -> r2_d2 wins
  Hand: r2_d2 +22 / rootbotz +20 (tricks 5-7)
  Match total: r2_d2 22 - 20 rootbotz
Players: r2_d2 vs rootbotz
Dealer: rootbotz  |  Elder: r2_d2
Match scores: 22 - 20
Talon (8): 9C 10D KD JH KH 10S QS KS
r2_d2 hand: 10C AC 8D 9D JD 7H 8H QH 7S 8S JS AS
rootbotz hand: 7C 8C JC QC KC 7D QD AD 9H 10H AH 9S
  Exchange r2_d2: discard 10C 8D 9D 7H 8H -> draw 10D KD KH 10S KS (talon 3 left)
  Exchange rootbotz: discard 7D 10H 9S -> draw 9C JH QS (talon 0 left)

--- Phase: declare ---
  Declare point: r2_d2 wins 6 pts (('point', 6, 'S'))
  Declare sequence: rootbotz wins 3 pts (('sequence', 3, 13, 'C'))
  Declare set: r2_d2 wins 3 pts (('set', 3, 13))

--- Phase: tricks ---
  Trick  1: r2_d2 leads AS, rootbotz plays QS -> r2_d2 wins
  Trick  2: r2_d2 leads AC, rootbotz plays 7C -> r2_d2 wins
  Trick  3: r2_d2 leads KS, rootbotz plays 8C -> r2_d2 wins
  Trick  4: r2_d2 leads JS, rootbotz plays 9H -> r2_d2 wins
  Trick  5: r2_d2 leads KD, rootbotz plays AD -> rootbotz wins
  Trick  6: rootbotz leads AH, r2_d2 plays QH -> rootbotz wins
  Trick  7: rootbotz leads JC, r2_d2 plays 7S -> rootbotz wins
  Trick  8: rootbotz leads QC, r2_d2 plays 8S -> rootbotz wins
  Trick  9: rootbotz leads KC, r2_d2 plays 10S -> rootbotz wins
  Trick 10: rootbotz leads 9C, r2_d2 plays 10D -> rootbotz wins
  Trick 11: rootbotz leads JH, r2_d2 plays KH -> r2_d2 wins
  Trick 12: r2_d2 leads JD, rootbotz plays QD -> rootbotz wins
  Hand: r2_d2 +14 / rootbotz +21 (tricks 5-7)
  Match total: r2_d2 36 - 41 rootbotz
Players: r2_d2 vs rootbotz
Dealer: r2_d2  |  Elder: rootbotz
Match scores: 36 - 41
Talon (8): 10C JC QC 7D KD 8H 9S 10S
r2_d2 hand: 7C KC 8D 9D JD QD AD 10H JH QH 7S JS
rootbotz hand: 8C 9C AC 10D 7H 9H KH AH 8S QS KS AS
  Exchange rootbotz: discard 8C 9C 7H 9H 8S -> draw 10C QC KD 8H 10S (talon 3 left)
  Exchange r2_d2: discard 7C 7S -> draw 7D 9S (talon 1 left)

--- Phase: declare ---
  Declare point: r2_d2 wins 6 pts (('point', 6, 'D'))
  Declare sequence: rootbotz wins 3 pts (('sequence', 3, 14, 'S'))
  Declare set: rootbotz wins 3 pts (('set', 3, 14))

--- Phase: tricks ---
  Trick  1: rootbotz leads AS, r2_d2 plays 9S -> rootbotz wins
  Trick  2: rootbotz leads AH, r2_d2 plays 10H -> rootbotz wins
  Trick  3: rootbotz leads AC, r2_d2 plays KC -> rootbotz wins
  Trick  4: rootbotz leads QS, r2_d2 plays JS -> rootbotz wins
  Trick  5: rootbotz leads KS, r2_d2 plays 7D -> rootbotz wins
  Trick  6: rootbotz leads KH, r2_d2 plays JH -> rootbotz wins
  Trick  7: rootbotz leads 10S, r2_d2 plays 8D -> rootbotz wins
  Trick  8: rootbotz leads QC, r2_d2 plays 9D -> rootbotz wins
  Trick  9: rootbotz leads KD, r2_d2 plays AD -> r2_d2 wins
  Trick 10: r2_d2 leads QD, rootbotz plays 10D -> r2_d2 wins
  Trick 11: r2_d2 leads QH, rootbotz plays 8H -> r2_d2 wins
  Trick 12: r2_d2 leads JD, rootbotz plays 10C -> r2_d2 wins
  Hand: r2_d2 +11 / rootbotz +24 (tricks 4-8)
  Match total: r2_d2 47 - 65 rootbotz
Players: r2_d2 vs rootbotz
Dealer: rootbotz  |  Elder: r2_d2
Match scores: 47 - 65
Talon (8): JC 7D 8D AD 7H KH AH 7S
r2_d2 hand: 7C 9C 10C QC 10D JD KD JH QH 8S 9S KS
rootbotz hand: 8C KC AC 9D QD 8H 9H 10H 10S JS QS AS
  Exchange r2_d2: discard 10D JD JH 8S 9S -> draw 7D 8D 7H KH 7S (talon 3 left)
  Exchange rootbotz: discard 8C 9D 9H -> draw JC AD AH (talon 0 left)

--- Phase: declare ---
  Declare point: rootbotz wins 4 pts (('point', 4, 'S'))
  Declare sequence: rootbotz wins 3 pts (('sequence', 3, 12, 'S'))
  Declare set: rootbotz wins 14 pts (('set', 4, 14))

--- Phase: tricks ---
  Trick  1: r2_d2 leads QC, rootbotz plays KC -> rootbotz wins
  Trick  2: rootbotz leads AS, r2_d2 plays 7S -> rootbotz wins
  Trick  3: rootbotz leads AH, r2_d2 plays 7H -> rootbotz wins
  Trick  4: rootbotz leads AD, r2_d2 plays 7D -> rootbotz wins
  Trick  5: rootbotz leads AC, r2_d2 plays 7C -> rootbotz wins
  Trick  6: rootbotz leads JC, r2_d2 plays 9C -> rootbotz wins
  Trick  7: rootbotz leads 10S, r2_d2 plays KS -> r2_d2 wins
  Trick  8: r2_d2 leads KD, rootbotz plays QD -> r2_d2 wins
  Trick  9: r2_d2 leads KH, rootbotz plays 8H -> r2_d2 wins
  Trick 10: r2_d2 leads QH, rootbotz plays 10H -> r2_d2 wins
  Trick 11: r2_d2 leads 10C, rootbotz plays JS -> r2_d2 wins
  Trick 12: r2_d2 leads 8D, rootbotz plays QS -> r2_d2 wins
  Hand: r2_d2 +7 / rootbotz +27 (tricks 6-6)
  Match total: r2_d2 54 - 92 rootbotz
Players: r2_d2 vs rootbotz
Dealer: r2_d2  |  Elder: rootbotz
Match scores: 54 - 92
Talon (8): 9C 8D 10D AD 8H QH KH KS
r2_d2 hand: 7C 8C 10C KC AC 7D 7H JH 7S 9S 10S QS
rootbotz hand: JC QC 9D JD QD KD 9H 10H AH 8S JS AS
  Exchange rootbotz: discard QC 9H 10H 8S AS -> draw 9C 8D 8H KH KS (talon 3 left)
  Exchange r2_d2: discard 7D 7H 7S -> draw 10D AD QH (talon 0 left)

--- Phase: declare ---
  Declare point: rootbotz wins 5 pts (('point', 5, 'D'))
  Declare sequence: rootbotz wins 3 pts (('sequence', 3, 13, 'D'))
  Declare set: rootbotz wins 3 pts (('set', 3, 13))

--- Phase: tricks ---
  Trick  1: rootbotz leads AH, r2_d2 plays JH -> rootbotz wins
  Trick  2: rootbotz leads KS, r2_d2 plays 9S -> rootbotz wins
  Trick  3: rootbotz leads KH, r2_d2 plays QH -> rootbotz wins
  Trick  4: rootbotz leads JS, r2_d2 plays QS -> r2_d2 wins
  Trick  5: r2_d2 leads AC, rootbotz plays 9C -> r2_d2 wins
  Trick  6: r2_d2 leads AD, rootbotz plays 8D -> r2_d2 wins
  Trick  7: r2_d2 leads KC, rootbotz plays JC -> r2_d2 wins
  Trick  8: r2_d2 leads 10C, rootbotz plays 8H -> r2_d2 wins
  Trick  9: r2_d2 leads 8C, rootbotz plays 9D -> r2_d2 wins
  Trick 10: r2_d2 leads 10D, rootbotz plays JD -> rootbotz wins
  Trick 11: rootbotz leads QD, r2_d2 plays 7C -> rootbotz wins
  Trick 12: rootbotz leads KD, r2_d2 plays 10S -> rootbotz wins
  Hand: r2_d2 +6 / rootbotz +18 (tricks 6-6)
  Match total: r2_d2 60 - 110 rootbotz
  Final: r2_d2 60 - 110 rootbotz
  Winner: rootbotz

============================================================
Game 18
============================================================
Players: rootbotz vs r2_d2
Dealer: rootbotz  |  Elder: r2_d2
Match scores: 0 - 0
Talon (8): 10C 9D 10D KD 10H QH KH AH
rootbotz hand: 7C QC KC AC 8D QD 7S 8S 10S JS KS AS
r2_d2 hand: 8C 9C JC 7D JD AD 7H 8H 9H JH 9S QS
  Exchange r2_d2: discard 8C 9C 7D 9S QS -> draw 9D 10D KD KH AH (talon 3 left)
  Exchange rootbotz: discard 7C 8D 7S -> draw 10C 10H QH (talon 0 left)

--- Phase: declare ---
  Declare point: r2_d2 wins 6 pts (('point', 6, 'H'))
  Declare sequence: rootbotz wins 3 pts (('sequence', 3, 14, 'C'))
  Declare set: rootbotz wins 3 pts (('set', 3, 12))

--- Phase: tricks ---
  Trick  1: r2_d2 leads AH, rootbotz plays 10H -> r2_d2 wins
  Trick  2: r2_d2 leads AD, rootbotz plays QD -> r2_d2 wins
  Trick  3: r2_d2 leads KH, rootbotz plays QH -> r2_d2 wins
  Trick  4: r2_d2 leads KD, rootbotz plays 8S -> r2_d2 wins
  Trick  5: r2_d2 leads JH, rootbotz plays 10S -> r2_d2 wins
  Trick  6: r2_d2 leads JD, rootbotz plays 10C -> r2_d2 wins
  Trick  7: r2_d2 leads 9H, rootbotz plays JS -> r2_d2 wins
  Trick  8: r2_d2 leads 10D, rootbotz plays QC -> r2_d2 wins
  Trick  9: r2_d2 leads 8H, rootbotz plays KS -> r2_d2 wins
  Trick 10: r2_d2 leads JC, rootbotz plays KC -> rootbotz wins
  Trick 11: rootbotz leads AS, r2_d2 plays 7H -> rootbotz wins
  Trick 12: rootbotz leads AC, r2_d2 plays 9D -> rootbotz wins
  Hand: rootbotz +10 / r2_d2 +25 (tricks 3-9)
  Match total: rootbotz 10 - 25 r2_d2
Players: rootbotz vs r2_d2
Dealer: r2_d2  |  Elder: rootbotz
Match scores: 10 - 25
Talon (8): KC AC 10H QH KH 9S JS AS
rootbotz hand: 7C 8C 10C JC 7D JD QD 7H 7S 8S QS KS
r2_d2 hand: 9C QC 8D 9D 10D KD AD 8H 9H JH AH 10S
  Exchange rootbotz: discard 7D 7H 7S 8S QS -> draw KC AC QH 9S JS (talon 3 left)
  Exchange r2_d2: discard 9C 8H 10S -> draw 10H KH AS (talon 0 left)

--- Phase: declare ---
  Declare point: rootbotz wins 6 pts (('point', 6, 'C'))
  Declare sequence: r2_d2 wins 3 pts (('sequence', 3, 11, 'H'))
  Declare set: r2_d2 wins 3 pts (('set', 3, 14))

--- Phase: tricks ---
  Trick  1: rootbotz leads AC, r2_d2 plays QC -> rootbotz wins
  Trick  2: rootbotz leads KC, r2_d2 plays 8D -> rootbotz wins
  Trick  3: rootbotz leads 10C, r2_d2 plays 9D -> rootbotz wins
  Trick  4: rootbotz leads JC, r2_d2 plays 9H -> rootbotz wins
  Trick  5: rootbotz leads 7C, r2_d2 plays 10D -> rootbotz wins
  Trick  6: rootbotz leads 8C, r2_d2 plays 10H -> rootbotz wins
  Trick  7: rootbotz leads 9S, r2_d2 plays AS -> r2_d2 wins
  Trick  8: r2_d2 leads AH, rootbotz plays QH -> r2_d2 wins
  Trick  9: r2_d2 leads AD, rootbotz plays JD -> r2_d2 wins
  Trick 10: r2_d2 leads KH, rootbotz plays JS -> r2_d2 wins
  Trick 11: r2_d2 leads KD, rootbotz plays QD -> r2_d2 wins
  Trick 12: r2_d2 leads JH, rootbotz plays KS -> r2_d2 wins
  Hand: rootbotz +12 / r2_d2 +13 (tricks 6-6)
  Match total: rootbotz 22 - 38 r2_d2
Players: rootbotz vs r2_d2
Dealer: rootbotz  |  Elder: r2_d2
Match scores: 22 - 38
Talon (8): 9C QC 10D KD 9H JH QH 9S
rootbotz hand: 7C 8C 10C KC 8D 9D JD 10H KH 7S QS AS
r2_d2 hand: JC AC 7D QD AD 7H 8H AH 8S 10S JS KS
  Exchange r2_d2: discard JC 7D QD 7H 8H -> draw 10D KD JH QH 9S (talon 3 left)
  Exchange rootbotz: discard 9D JD 7S -> draw 9C QC 9H (talon 0 left)

--- Phase: declare ---
  Declare point: rootbotz wins 6 pts (('point', 6, 'C'))
  Declare sequence: r2_d2 wins 4 pts (('sequence', 4, 11, 'S'))
  Declare set: r2_d2 wins 3 pts (('set', 3, 14))

--- Phase: tricks ---
  Trick  1: r2_d2 leads AD, rootbotz plays 8D -> r2_d2 wins
  Trick  2: r2_d2 leads AH, rootbotz plays 9H -> r2_d2 wins
  Trick  3: r2_d2 leads AC, rootbotz plays 7C -> r2_d2 wins
  Trick  4: r2_d2 leads KD, rootbotz plays 8C -> r2_d2 wins
  Trick  5: r2_d2 leads KS, rootbotz plays AS -> rootbotz wins
  Trick  6: rootbotz leads QS, r2_d2 plays 8S -> rootbotz wins
  Trick  7: rootbotz leads 9C, r2_d2 plays 9S -> rootbotz wins
  Trick  8: rootbotz leads 10H, r2_d2 plays JH -> r2_d2 wins
  Trick  9: r2_d2 leads JS, rootbotz plays 10C -> r2_d2 wins
  Trick 10: r2_d2 leads QH, rootbotz plays KH -> rootbotz wins
  Trick 11: rootbotz leads QC, r2_d2 plays 10D -> rootbotz wins
  Trick 12: rootbotz leads KC, r2_d2 plays 10S -> rootbotz wins
  Hand: rootbotz +13 / r2_d2 +13 (tricks 6-6)
  Match total: rootbotz 35 - 51 r2_d2
Players: rootbotz vs r2_d2
Dealer: r2_d2  |  Elder: rootbotz
Match scores: 35 - 51
Talon (8): 10C AC 8D 9D KH 8S JS AS
rootbotz hand: 8C 9C JC KC 7D QD AD 8H JH AH 9S 10S
r2_d2 hand: 7C QC 10D JD KD 7H 9H 10H QH 7S QS KS
  Exchange rootbotz: discard 8C 7D 8H 9S 10S -> draw 10C AC 8D KH 8S (talon 3 left)
  Exchange r2_d2: discard 7C 10D 7S -> draw 9D JS AS (talon 0 left)

--- Phase: declare ---
  Declare point: rootbotz wins 5 pts (('point', 5, 'C'))
  Declare sequence: r2_d2 wins 4 pts (('sequence', 4, 14, 'S'))
  Declare set: rootbotz wins 3 pts (('set', 3, 14))

--- Phase: tricks ---
  Trick  1: rootbotz leads AH, r2_d2 plays 7H -> rootbotz wins
  Trick  2: rootbotz leads AD, r2_d2 plays 9D -> rootbotz wins
  Trick  3: rootbotz leads AC, r2_d2 plays QC -> rootbotz wins
  Trick  4: rootbotz leads KH, r2_d2 plays 9H -> rootbotz wins
  Trick  5: rootbotz leads KC, r2_d2 plays 10H -> rootbotz wins
  Trick  6: rootbotz leads 9C, r2_d2 plays JD -> rootbotz wins
  Trick  7: rootbotz leads 10C, r2_d2 plays JS -> rootbotz wins
  Trick  8: rootbotz leads JH, r2_d2 plays QH -> r2_d2 wins
  Trick  9: r2_d2 leads AS, rootbotz plays 8S -> r2_d2 wins
  Trick 10: r2_d2 leads KS, rootbotz plays 8D -> r2_d2 wins
  Trick 11: r2_d2 leads KD, rootbotz plays QD -> r2_d2 wins
  Trick 12: r2_d2 leads QS, rootbotz plays JC -> r2_d2 wins
  Hand: rootbotz +25 / r2_d2 +10 (tricks 7-5)
  Match total: rootbotz 60 - 61 r2_d2
Players: rootbotz vs r2_d2
Dealer: rootbotz  |  Elder: r2_d2
Match scores: 60 - 61
Talon (8): 9C JC AC 7D JD 10S KS AS
rootbotz hand: 8C QC 8D 10D KD AD 7H 9H 7S 8S JS QS
r2_d2 hand: 7C 10C KC 9D QD 8H 10H JH QH KH AH 9S
  Exchange r2_d2: discard 7C 10C 9D QD 9S -> draw 9C JC AC JD AS (talon 3 left)
  Exchange rootbotz: discard 8C 7H 9H -> draw 7D 10S KS (talon 0 left)

--- Phase: declare ---
  Declare point: r2_d2 wins 6 pts (('point', 6, 'H'))
  Declare sequence: r2_d2 wins 10 pts (('sequence', 5, 14, 'H'))
  Declare set: r2_d2 wins 3 pts (('set', 3, 14))

--- Phase: tricks ---
  Trick  1: r2_d2 leads AH, rootbotz plays 7D -> r2_d2 wins
  Trick  2: r2_d2 leads AC, rootbotz plays QC -> r2_d2 wins
  Trick  3: r2_d2 leads AS, rootbotz plays 7S -> r2_d2 wins
  Trick  4: r2_d2 leads KH, rootbotz plays 8D -> r2_d2 wins
  Trick  5: r2_d2 leads QH, rootbotz plays 8S -> r2_d2 wins
  Trick  6: r2_d2 leads KC, rootbotz plays 10D -> r2_d2 wins
  Trick  7: r2_d2 leads JH, rootbotz plays 10S -> r2_d2 wins
  Trick  8: r2_d2 leads JC, rootbotz plays JS -> r2_d2 wins
  Trick  9: r2_d2 leads 10H, rootbotz plays QS -> r2_d2 wins
  Trick 10: r2_d2 leads JD, rootbotz plays KD -> rootbotz wins
  Trick 11: rootbotz leads AD, r2_d2 plays 8H -> rootbotz wins
  Trick 12: rootbotz leads KS, r2_d2 plays 9C -> rootbotz wins
  Hand: rootbotz +4 / r2_d2 +38 (tricks 3-9)
  Match total: rootbotz 64 - 99 r2_d2
Players: rootbotz vs r2_d2
Dealer: r2_d2  |  Elder: rootbotz
Match scores: 64 - 99
Talon (8): 8C 9D 10H QH 8S 9S QS KS
rootbotz hand: 7C 9C 10C QC 7D 8D JD KD 8H 9H 10S JS
r2_d2 hand: JC KC AC 10D QD AD 7H JH KH AH 7S AS
  Exchange rootbotz: discard 7D 8D JD 8H 9H -> draw 8C 9D 10H 9S KS (talon 3 left)
  Exchange r2_d2: discard JC 10D 7S -> draw QH 8S QS (talon 0 left)

--- Phase: declare ---
  Declare point: r2_d2 wins 5 pts (('point', 5, 'H'))
  Declare sequence: r2_d2 wins 4 pts (('sequence', 4, 14, 'H'))
  Declare set: r2_d2 wins 14 pts (('set', 4, 14))

--- Phase: tricks ---
  Trick  1: rootbotz leads 10H, r2_d2 plays JH -> r2_d2 wins
  Trick  2: r2_d2 leads AH, rootbotz plays 7C -> r2_d2 wins
  Trick  3: r2_d2 leads AS, rootbotz plays 9S -> r2_d2 wins
  Trick  4: r2_d2 leads AD, rootbotz plays 9D -> r2_d2 wins
  Trick  5: r2_d2 leads AC, rootbotz plays 8C -> r2_d2 wins
  Trick  6: r2_d2 leads KH, rootbotz plays 9C -> r2_d2 wins
  Trick  7: r2_d2 leads QH, rootbotz plays 10C -> r2_d2 wins
  Trick  8: r2_d2 leads KC, rootbotz plays QC -> r2_d2 wins
  Trick  9: r2_d2 leads QS, rootbotz plays KS -> rootbotz wins
  Trick 10: rootbotz leads 10S, r2_d2 plays 8S -> rootbotz wins
  Trick 11: rootbotz leads JS, r2_d2 plays 7H -> rootbotz wins
  Trick 12: rootbotz leads KD, r2_d2 plays QD -> rootbotz wins
  Hand: rootbotz +5 / r2_d2 +41 (tricks 4-8)
  Match total: rootbotz 69 - 140 r2_d2
  Final: rootbotz 69 - 140 r2_d2
  Winner: r2_d2

============================================================
Game 19
============================================================
Players: r2_d2 vs rootbotz
Dealer: r2_d2  |  Elder: rootbotz
Match scores: 0 - 0
Talon (8): 8C 10C QC 8D AD 7H 8H QH
r2_d2 hand: 9C JC 9D JD QD KD 9H 10H JH 10S QS KS
rootbotz hand: 7C KC AC 7D 10D KH AH 7S 8S 9S JS AS
  Exchange rootbotz: discard 7C 7D 10D KH -> draw QC 8D AD 7H (talon 4 left)
  Exchange r2_d2: discard 9C 10S QS -> draw 10C 8H QH (talon 1 left)

--- Phase: declare ---
  Declare point: r2_d2 wins 5 pts (('point', 5, 'H'))
  Declare sequence: r2_d2 wins 10 pts (('sequence', 5, 12, 'H'))
  Declare set: rootbotz wins 14 pts (('set', 4, 14))

--- Phase: tricks ---
  Trick  1: rootbotz leads AS, r2_d2 plays KS -> rootbotz wins
  Trick  2: rootbotz leads AH, r2_d2 plays 8H -> rootbotz wins
  Trick  3: rootbotz leads AD, r2_d2 plays 9D -> rootbotz wins
  Trick  4: rootbotz leads AC, r2_d2 plays 10C -> rootbotz wins
  Trick  5: rootbotz leads QC, r2_d2 plays JC -> rootbotz wins
  Trick  6: rootbotz leads KC, r2_d2 plays 9H -> rootbotz wins
  Trick  7: rootbotz leads JS, r2_d2 plays 10H -> rootbotz wins
  Trick  8: rootbotz leads 7S, r2_d2 plays JH -> rootbotz wins
  Trick  9: rootbotz leads 8S, r2_d2 plays JD -> rootbotz wins
  Trick 10: rootbotz leads 8D, r2_d2 plays QD -> r2_d2 wins
  Trick 11: r2_d2 leads KD, rootbotz plays 7H -> r2_d2 wins
  Trick 12: r2_d2 leads QH, rootbotz plays 9S -> r2_d2 wins
  Hand: r2_d2 +19 / rootbotz +33 (tricks 3-9)
  Match total: r2_d2 19 - 33 rootbotz
Players: r2_d2 vs rootbotz
Dealer: rootbotz  |  Elder: r2_d2
Match scores: 19 - 33
Talon (8): 7C 9C 10C 10D JD QD KH KS
r2_d2 hand: QC KC AC 7D 9D AD 10H QH AH 9S 10S AS
rootbotz hand: 8C JC 8D KD 7H 8H 9H JH 7S 8S JS QS
  Exchange r2_d2: discard 7D 9D 10H 9S 10S -> draw 9C 10C 10D JD KH (talon 3 left)
  Exchange rootbotz: discard 8C 7S 8S -> draw 7C QD KS (talon 0 left)

--- Phase: declare ---
  Declare point: r2_d2 wins 5 pts (('point', 5, 'C'))
  Declare sequence: r2_d2 wins 3 pts (('sequence', 3, 14, 'H'))
  Declare set: r2_d2 wins 14 pts (('set', 4, 14))

--- Phase: tricks ---
  Trick  1: r2_d2 leads AC, rootbotz plays 7C -> r2_d2 wins
  Trick  2: r2_d2 leads AD, rootbotz plays 8D -> r2_d2 wins
  Trick  3: r2_d2 leads AH, rootbotz plays 7H -> r2_d2 wins
  Trick  4: r2_d2 leads AS, rootbotz plays JS -> r2_d2 wins
  Trick  5: r2_d2 leads KC, rootbotz plays JC -> r2_d2 wins
  Trick  6: r2_d2 leads QC, rootbotz plays 8H -> r2_d2 wins
  Trick  7: r2_d2 leads KH, rootbotz plays 9H -> r2_d2 wins
  Trick  8: r2_d2 leads QH, rootbotz plays JH -> r2_d2 wins
  Trick  9: r2_d2 leads JD, rootbotz plays QD -> rootbotz wins
  Trick 10: rootbotz leads QS, r2_d2 plays 9C -> rootbotz wins
  Trick 11: rootbotz leads KS, r2_d2 plays 10C -> rootbotz wins
  Trick 12: rootbotz leads KD, r2_d2 plays 10D -> rootbotz wins
  Hand: r2_d2 +40 / rootbotz +5 (tricks 8-4)
  Match total: r2_d2 59 - 38 rootbotz
Players: r2_d2 vs rootbotz
Dealer: r2_d2  |  Elder: rootbotz
Match scores: 59 - 38
Talon (8): 9C 10C KC 7H 8H JH QS KS
r2_d2 hand: 7C 8C QC 7D 8D 10D AD AH 8S 9S 10S AS
rootbotz hand: JC AC 9D JD QD KD 9H 10H QH KH 7S JS
  Exchange rootbotz: discard 9H 10H QH KH 7S -> draw 10C KC 8H JH KS (talon 3 left)
  Exchange r2_d2: discard 7C 8C QC -> draw 9C 7H QS (talon 0 left)

--- Phase: declare ---
  Declare point: r2_d2 wins 5 pts (('point', 5, 'S'))
  Declare sequence: rootbotz wins 3 pts (('sequence', 3, 13, 'D'))
  Declare set: r2_d2 wins 3 pts (('set', 3, 14))

--- Phase: tricks ---
  Trick  1: rootbotz leads AC, r2_d2 plays 9C -> rootbotz wins
  Trick  2: rootbotz leads KC, r2_d2 plays 7H -> rootbotz wins
  Trick  3: rootbotz leads 10C, r2_d2 plays 7D -> rootbotz wins
  Trick  4: rootbotz leads JC, r2_d2 plays 8D -> rootbotz wins
  Trick  5: rootbotz leads 8H, r2_d2 plays AH -> r2_d2 wins
  Trick  6: r2_d2 leads AS, rootbotz plays JS -> r2_d2 wins
  Trick  7: r2_d2 leads AD, rootbotz plays 9D -> r2_d2 wins
  Trick  8: r2_d2 leads QS, rootbotz plays KS -> rootbotz wins
  Trick  9: rootbotz leads JD, r2_d2 plays 10D -> rootbotz wins
  Trick 10: rootbotz leads QD, r2_d2 plays 8S -> rootbotz wins
  Trick 11: rootbotz leads KD, r2_d2 plays 9S -> rootbotz wins
  Trick 12: rootbotz leads JH, r2_d2 plays 10S -> rootbotz wins
  Hand: r2_d2 +11 / rootbotz +23 (tricks 3-9)
  Match total: r2_d2 70 - 61 rootbotz
Players: r2_d2 vs rootbotz
Dealer: rootbotz  |  Elder: r2_d2
Match scores: 70 - 61
Talon (8): 7C JC 7D KH AH 8S QS AS
r2_d2 hand: 9C KC 8D 9D JD QD KD 8H 10H JH QH 10S
rootbotz hand: 8C 10C QC AC 10D AD 7H 9H 7S 9S JS KS
  Exchange r2_d2: discard 9C 8H 10S -> draw 7C AH QS (talon 5 left)
  Exchange rootbotz: discard 8C 10C 10D 7H 9H -> draw JC 7D KH 8S AS (talon 0 left)

--- Phase: declare ---
  Declare point: rootbotz wins 6 pts (('point', 6, 'S'))
  Declare sequence: r2_d2 wins 3 pts (('sequence', 3, 13, 'D'))
  Declare set: rootbotz wins 3 pts (('set', 3, 14))

--- Phase: tricks ---
  Trick  1: r2_d2 leads AH, rootbotz plays KH -> r2_d2 wins
  Trick  2: r2_d2 leads KD, rootbotz plays AD -> rootbotz wins
  Trick  3: rootbotz leads AS, r2_d2 plays QS -> rootbotz wins
  Trick  4: rootbotz leads AC, r2_d2 plays 7C -> rootbotz wins
  Trick  5: rootbotz leads KS, r2_d2 plays 8D -> rootbotz wins
  Trick  6: rootbotz leads JC, r2_d2 plays KC -> r2_d2 wins
  Trick  7: r2_d2 leads QH, rootbotz plays 7D -> r2_d2 wins
  Trick  8: r2_d2 leads QD, rootbotz plays 7S -> r2_d2 wins
  Trick  9: r2_d2 leads JH, rootbotz plays 8S -> r2_d2 wins
  Trick 10: r2_d2 leads JD, rootbotz plays 9S -> r2_d2 wins
  Trick 11: r2_d2 leads 10H, rootbotz plays JS -> r2_d2 wins
  Trick 12: r2_d2 leads 9D, rootbotz plays QC -> r2_d2 wins
  Hand: r2_d2 +22 / rootbotz +13 (tricks 8-4)
  Match total: r2_d2 92 - 74 rootbotz
Players: r2_d2 vs rootbotz
Dealer: r2_d2  |  Elder: rootbotz
Match scores: 92 - 74
Talon (8): JC 7D JD 10H JH 7S 10S JS
r2_d2 hand: 7C 8C 9C QC AC 9D 10D 7H 9H QH KS AS
rootbotz hand: 10C KC 8D QD KD AD 8H KH AH 8S 9S QS
  Exchange rootbotz: discard 10C 8H 8S 9S QS -> draw JC JD 10H 7S 10S (talon 3 left)
  Exchange r2_d2: discard 9D 10D 7H -> draw 7D JH JS (talon 0 left)

--- Phase: declare ---
  Declare point: rootbotz wins 5 pts (('point', 5, 'D'))
  Declare sequence: rootbotz wins 4 pts (('sequence', 4, 14, 'D'))
  Declare set: rootbotz wins 3 pts (('set', 3, 13))

--- Phase: tricks ---
  Trick  1: rootbotz leads AH, r2_d2 plays 9H -> rootbotz wins
  Trick  2: rootbotz leads AD, r2_d2 plays 7D -> rootbotz wins
  Trick  3: rootbotz leads JD, r2_d2 plays 7C -> rootbotz wins
  Trick  4: rootbotz leads QD, r2_d2 plays 8C -> rootbotz wins
  Trick  5: rootbotz leads KH, r2_d2 plays JH -> rootbotz wins
  Trick  6: rootbotz leads KD, r2_d2 plays 9C -> rootbotz wins
  Trick  7: rootbotz leads KC, r2_d2 plays AC -> r2_d2 wins
  Trick  8: r2_d2 leads AS, rootbotz plays 7S -> r2_d2 wins
  Trick  9: r2_d2 leads KS, rootbotz plays 10S -> r2_d2 wins
  Trick 10: r2_d2 leads QC, rootbotz plays JC -> r2_d2 wins
  Trick 11: r2_d2 leads QH, rootbotz plays 10H -> r2_d2 wins
  Trick 12: r2_d2 leads JS, rootbotz plays 8D -> r2_d2 wins
  Hand: r2_d2 +7 / rootbotz +18 (tricks 6-6)
  Match total: r2_d2 99 - 92 rootbotz
Players: r2_d2 vs rootbotz
Dealer: rootbotz  |  Elder: r2_d2
Match scores: 99 - 92
Talon (8): 9C 10D KD QH AH 7S KS AS
r2_d2 hand: 10C JC 8D 9D AD 10H KH 8S 9S 10S JS QS
rootbotz hand: 7C 8C QC KC AC 7D JD QD 7H 8H 9H JH
  Exchange r2_d2: discard 10C JC 8D 9D 10H -> draw 9C 10D QH KS AS (talon 3 left)
  Exchange rootbotz: discard 7D 7H 9H -> draw KD AH 7S (talon 0 left)

--- Phase: declare ---
  Declare point: r2_d2 wins 7 pts (('point', 7, 'S'))
  Declare sequence: r2_d2 wins 12 pts (('sequence', 7, 14, 'S'))

--- Phase: tricks ---
  Trick  1: r2_d2 leads AS, rootbotz plays 7S -> r2_d2 wins
  Trick  2: r2_d2 leads AD, rootbotz plays JD -> r2_d2 wins
  Trick  3: r2_d2 leads KS, rootbotz plays 7C -> r2_d2 wins
  Trick  4: r2_d2 leads QS, rootbotz plays 8H -> r2_d2 wins
  Trick  5: r2_d2 leads JS, rootbotz plays 8C -> r2_d2 wins
  Trick  6: r2_d2 leads 10S, rootbotz plays JH -> r2_d2 wins
  Trick  7: r2_d2 leads KH, rootbotz plays AH -> rootbotz wins
  Trick  8: rootbotz leads AC, r2_d2 plays 9C -> rootbotz wins
  Trick  9: rootbotz leads QD, r2_d2 plays 10D -> rootbotz wins
  Trick 10: rootbotz leads QC, r2_d2 plays 8S -> rootbotz wins
  Trick 11: rootbotz leads KD, r2_d2 plays 9S -> rootbotz wins
  Trick 12: rootbotz leads KC, r2_d2 plays QH -> rootbotz wins
  Hand: r2_d2 +25 / rootbotz +7 (tricks 6-6)
  Match total: r2_d2 124 - 99 rootbotz
  Final: r2_d2 124 - 99 rootbotz
  Winner: r2_d2

============================================================
Game 20
============================================================
Players: rootbotz vs r2_d2
Dealer: rootbotz  |  Elder: r2_d2
Match scores: 0 - 0
Talon (8): QC AC QD 9H 10H KH 9S 10S
rootbotz hand: 7C 10C JC KC 10D AD 7H QH 8S JS QS AS
r2_d2 hand: 8C 9C 7D 8D 9D JD KD 8H JH AH 7S KS
  Exchange r2_d2: discard 8C 9C 8H JH 7S -> draw QC AC 9H KH 10S (talon 3 left)
  Exchange rootbotz: discard 7C 10D 7H -> draw QD 10H 9S (talon 0 left)

--- Phase: declare ---
  Declare point: rootbotz wins 5 pts (('point', 5, 'S'))
  Declare sequence: r2_d2 wins 3 pts (('sequence', 3, 9, 'D'))
  Declare set: r2_d2 wins 3 pts (('set', 3, 13))

--- Phase: tricks ---
  Trick  1: r2_d2 leads AH, rootbotz plays 10H -> r2_d2 wins
  Trick  2: r2_d2 leads AC, rootbotz plays 10C -> r2_d2 wins
  Trick  3: r2_d2 leads KH, rootbotz plays QH -> r2_d2 wins
  Trick  4: r2_d2 leads KD, rootbotz plays AD -> rootbotz wins
  Trick  5: rootbotz leads AS, r2_d2 plays 10S -> rootbotz wins
  Trick  6: rootbotz leads KC, r2_d2 plays QC -> rootbotz wins
  Trick  7: rootbotz leads JC, r2_d2 plays 7D -> rootbotz wins
  Trick  8: rootbotz leads 8S, r2_d2 plays KS -> r2_d2 wins
  Trick  9: r2_d2 leads JD, rootbotz plays QD -> rootbotz wins
  Trick 10: rootbotz leads 9S, r2_d2 plays 8D -> rootbotz wins
  Trick 11: rootbotz leads JS, r2_d2 plays 9D -> rootbotz wins
  Trick 12: rootbotz leads QS, r2_d2 plays 9H -> rootbotz wins
  Hand: rootbotz +24 / r2_d2 +10 (tricks 8-4)
  Match total: rootbotz 24 - 10 r2_d2
Players: rootbotz vs r2_d2
Dealer: r2_d2  |  Elder: rootbotz
Match scores: 24 - 10
Talon (8): 8C 10C QC AC KD QH QS AS
rootbotz hand: JC KC 7D 9D 7H 9H 10H KH AH 8S 9S JS
r2_d2 hand: 7C 9C 8D 10D JD QD AD 8H JH 7S 10S KS
  Exchange rootbotz: discard 7D 9D 8S 9S -> draw 8C 10C AC QH (talon 4 left)
  Exchange r2_d2: discard 7C 9C 8H 7S -> draw QC KD QS AS (talon 0 left)

--- Phase: declare ---
  Declare point: r2_d2 wins 6 pts (('point', 6, 'D'))
  Declare sequence: r2_d2 wins 10 pts (('sequence', 5, 14, 'D'))
  Declare set: r2_d2 wins 3 pts (('set', 3, 12))

--- Phase: tricks ---
  Trick  1: rootbotz leads AH, r2_d2 plays JH -> rootbotz wins
  Trick  2: rootbotz leads AC, r2_d2 plays QC -> rootbotz wins
  Trick  3: rootbotz leads QH, r2_d2 plays 8D -> rootbotz wins
  Trick  4: rootbotz leads KH, r2_d2 plays 10S -> rootbotz wins
  Trick  5: rootbotz leads KC, r2_d2 plays 10D -> rootbotz wins
  Trick  6: rootbotz leads 7H, r2_d2 plays JD -> rootbotz wins
  Trick  7: rootbotz leads 9H, r2_d2 plays QD -> rootbotz wins
  Trick  8: rootbotz leads 10H, r2_d2 plays QS -> rootbotz wins
  Trick  9: rootbotz leads 8C, r2_d2 plays KS -> rootbotz wins
  Trick 10: rootbotz leads 10C, r2_d2 plays KD -> rootbotz wins
  Trick 11: rootbotz leads JS, r2_d2 plays AS -> r2_d2 wins
  Trick 12: r2_d2 leads AD, rootbotz plays JC -> r2_d2 wins
  Hand: rootbotz +20 / r2_d2 +22 (tricks 10-2)
  Match total: rootbotz 44 - 32 r2_d2
Players: rootbotz vs r2_d2
Dealer: rootbotz  |  Elder: r2_d2
Match scores: 44 - 32
Talon (8): 8C 10C JC QC 8D 9H JH 7S
rootbotz hand: 7C 9C KC 10D AD 10H QH AH 8S 10S JS KS
r2_d2 hand: AC 7D 9D JD QD KD 7H 8H KH 9S QS AS
  Exchange r2_d2: discard 7H 8H 9S QS -> draw QC 8D JH 7S (talon 4 left)
  Exchange rootbotz: discard 7C 9C KC 8S -> draw 8C 10C JC 9H (talon 0 left)

--- Phase: declare ---
  Declare point: r2_d2 wins 6 pts (('point', 6, 'D'))
  Declare sequence: r2_d2 wins 3 pts (('sequence', 3, 13, 'D'))
  Declare set: rootbotz wins 14 pts (('set', 4, 10))

--- Phase: tricks ---
  Trick  1: r2_d2 leads AC, rootbotz plays 8C -> r2_d2 wins
  Trick  2: r2_d2 leads AS, rootbotz plays 10S -> r2_d2 wins
  Trick  3: r2_d2 leads KD, rootbotz plays AD -> rootbotz wins
  Trick  4: rootbotz leads AH, r2_d2 plays JH -> rootbotz wins
  Trick  5: rootbotz leads KS, r2_d2 plays 7S -> rootbotz wins
  Trick  6: rootbotz leads 10C, r2_d2 plays QC -> r2_d2 wins
  Trick  7: r2_d2 leads KH, rootbotz plays 9H -> r2_d2 wins
  Trick  8: r2_d2 leads QD, rootbotz plays 10D -> r2_d2 wins
  Trick  9: r2_d2 leads JD, rootbotz plays 10H -> r2_d2 wins
  Trick 10: r2_d2 leads 9D, rootbotz plays JS -> r2_d2 wins
  Trick 11: r2_d2 leads 8D, rootbotz plays JC -> r2_d2 wins
  Trick 12: r2_d2 leads 7D, rootbotz plays QH -> r2_d2 wins
  Hand: rootbotz +17 / r2_d2 +29 (tricks 3-9)
  Match total: rootbotz 61 - 61 r2_d2
Players: rootbotz vs r2_d2
Dealer: r2_d2  |  Elder: rootbotz
Match scores: 61 - 61
Talon (8): 7D 8D KD QH 7S 8S 10S QS
rootbotz hand: 8C 9C 10C AC 10D QD AD JH AH 9S KS AS
r2_d2 hand: 7C JC QC KC 9D JD 7H 8H 9H 10H KH JS
  Exchange rootbotz: discard 10D QD JH 9S KS -> draw 8D QH 7S 8S 10S (talon 3 left)
  Exchange r2_d2: discard 7C 9D -> draw 7D QS (talon 1 left)

--- Phase: declare ---
  Declare point: r2_d2 wins 5 pts (('point', 5, 'H'))
  Declare sequence: r2_d2 wins 4 pts (('sequence', 4, 10, 'H'))
  Declare set: rootbotz wins 14 pts (('set', 4, 14))

--- Phase: tricks ---
  Trick  1: rootbotz leads AS, r2_d2 plays JS -> rootbotz wins
  Trick  2: rootbotz leads AH, r2_d2 plays 7H -> rootbotz wins
  Trick  3: rootbotz leads AD, r2_d2 plays 7D -> rootbotz wins
  Trick  4: rootbotz leads AC, r2_d2 plays JC -> rootbotz wins
  Trick  5: rootbotz leads QH, r2_d2 plays KH -> r2_d2 wins
  Trick  6: r2_d2 leads KC, rootbotz plays 8C -> r2_d2 wins
  Trick  7: r2_d2 leads QC, rootbotz plays 9C -> r2_d2 wins
  Trick  8: r2_d2 leads 10H, rootbotz plays 7S -> r2_d2 wins
  Trick  9: r2_d2 leads 9H, rootbotz plays 8D -> r2_d2 wins
  Trick 10: r2_d2 leads QS, rootbotz plays 8S -> r2_d2 wins
  Trick 11: r2_d2 leads JD, rootbotz plays 10C -> r2_d2 wins
  Trick 12: r2_d2 leads 8H, rootbotz plays 10S -> r2_d2 wins
  Hand: rootbotz +18 / r2_d2 +28 (tricks 4-8)
  Match total: rootbotz 79 - 89 r2_d2
Players: rootbotz vs r2_d2
Dealer: rootbotz  |  Elder: r2_d2
Match scores: 79 - 89
Talon (8): 7C JC QD 7H 8H JH KH AH
rootbotz hand: 9C QC KC AC 7D 8D 9D 10D KD 9H 10H KS
r2_d2 hand: 8C 10C JD AD QH 7S 8S 9S 10S JS QS AS
  Exchange r2_d2: discard 8C 10C JD QH -> draw 7C 7H 8H KH (talon 4 left)
  Exchange rootbotz: discard 9C QC 9H 10H -> draw JC QD JH AH (talon 0 left)

--- Phase: declare ---
  Declare point: r2_d2 wins 7 pts (('point', 7, 'S'))
  Declare sequence: r2_d2 wins 11 pts (('sequence', 6, 12, 'S'))
  Declare set: rootbotz wins 3 pts (('set', 3, 13))

--- Phase: tricks ---
  Trick  1: r2_d2 leads AS, rootbotz plays KS -> r2_d2 wins
  Trick  2: r2_d2 leads AD, rootbotz plays 7D -> r2_d2 wins
  Trick  3: r2_d2 leads QS, rootbotz plays 8D -> r2_d2 wins
  Trick  4: r2_d2 leads JS, rootbotz plays 9D -> r2_d2 wins
  Trick  5: r2_d2 leads 10S, rootbotz plays 10D -> r2_d2 wins
  Trick  6: r2_d2 leads KH, rootbotz plays AH -> rootbotz wins
  Trick  7: rootbotz leads AC, r2_d2 plays 7C -> rootbotz wins
  Trick  8: rootbotz leads JH, r2_d2 plays 7H -> rootbotz wins
  Trick  9: rootbotz leads JC, r2_d2 plays 7S -> rootbotz wins
  Trick 10: rootbotz leads QD, r2_d2 plays 8H -> rootbotz wins
  Trick 11: rootbotz leads KD, r2_d2 plays 8S -> rootbotz wins
  Trick 12: rootbotz leads KC, r2_d2 plays 9S -> rootbotz wins
  Hand: rootbotz +21 / r2_d2 +23 (tricks 7-5)
  Match total: rootbotz 100 - 112 r2_d2
  Final: rootbotz 100 - 112 r2_d2
  Winner: r2_d2

============================================================
Game 21
============================================================
Players: r2_d2 vs rootbotz
Dealer: r2_d2  |  Elder: rootbotz
Match scores: 0 - 0
Talon (8): 10C KC 8D 9D KD 8H JS AS
r2_d2 hand: 7C 9C 10D JD QD AD JH QH AH 8S 9S KS
rootbotz hand: 8C JC QC AC 7D 7H 9H 10H KH 7S 10S QS
  Exchange rootbotz: discard 7D 7H 9H 7S QS -> draw 10C 8D 9D 8H AS (talon 3 left)
  Exchange r2_d2: discard 7C 9C 8S -> draw KC KD JS (talon 0 left)

--- Phase: declare ---
  Declare point: r2_d2 wins 5 pts (('point', 5, 'D'))
  Declare sequence: r2_d2 wins 10 pts (('sequence', 5, 14, 'D'))
  Declare set: r2_d2 wins 3 pts (('set', 3, 13))

--- Phase: tricks ---
  Trick  1: rootbotz leads AS, r2_d2 plays 9S -> rootbotz wins
  Trick  2: rootbotz leads AC, r2_d2 plays KC -> rootbotz wins
  Trick  3: rootbotz leads KH, r2_d2 plays AH -> r2_d2 wins
  Trick  4: r2_d2 leads AD, rootbotz plays 8D -> r2_d2 wins
  Trick  5: r2_d2 leads KD, rootbotz plays 9D -> r2_d2 wins
  Trick  6: r2_d2 leads QD, rootbotz plays 8H -> r2_d2 wins
  Trick  7: r2_d2 leads KS, rootbotz plays 10S -> r2_d2 wins
  Trick  8: r2_d2 leads QH, rootbotz plays 10H -> r2_d2 wins
  Trick  9: r2_d2 leads JD, rootbotz plays 8C -> r2_d2 wins
  Trick 10: r2_d2 leads JH, rootbotz plays 10C -> r2_d2 wins
  Trick 11: r2_d2 leads JS, rootbotz plays JC -> r2_d2 wins
  Trick 12: r2_d2 leads 10D, rootbotz plays QC -> r2_d2 wins
  Hand: r2_d2 +39 / rootbotz +2 (tricks 10-2)
  Match total: r2_d2 39 - 2 rootbotz
Players: r2_d2 vs rootbotz
Dealer: rootbotz  |  Elder: r2_d2
Match scores: 39 - 2
Talon (8): 9C KC 8D 9D QD 7H 10H KH
r2_d2 hand: 7C 8C JC 7D 10D AD 9H JH QH 7S 8S AS
rootbotz hand: 10C QC AC JD KD 8H AH 9S 10S JS QS KS
  Exchange r2_d2: discard 7C 8C 7D 7S 8S -> draw 9C KC 8D QD 7H (talon 3 left)
  Exchange rootbotz: discard JD KD 8H -> draw 9D 10H KH (talon 0 left)

--- Phase: declare ---
  Declare point: rootbotz wins 5 pts (('point', 5, 'S'))
  Declare sequence: rootbotz wins 10 pts (('sequence', 5, 13, 'S'))
  Declare set: rootbotz wins 3 pts (('set', 3, 10))

--- Phase: tricks ---
  Trick  1: r2_d2 leads AD, rootbotz plays 9D -> r2_d2 wins
  Trick  2: r2_d2 leads AS, rootbotz plays 9S -> r2_d2 wins
  Trick  3: r2_d2 leads QH, rootbotz plays KH -> rootbotz wins
  Trick  4: rootbotz leads AH, r2_d2 plays 7H -> rootbotz wins
  Trick  5: rootbotz leads AC, r2_d2 plays 9C -> rootbotz wins
  Trick  6: rootbotz leads 10S, r2_d2 plays 8D -> rootbotz wins
  Trick  7: rootbotz leads JS, r2_d2 plays 9H -> rootbotz wins
  Trick  8: rootbotz leads QS, r2_d2 plays 10D -> rootbotz wins
  Trick  9: rootbotz leads KS, r2_d2 plays JH -> rootbotz wins
  Trick 10: rootbotz leads 10H, r2_d2 plays JC -> rootbotz wins
  Trick 11: rootbotz leads QC, r2_d2 plays KC -> r2_d2 wins
  Trick 12: r2_d2 leads QD, rootbotz plays 10C -> r2_d2 wins
  Hand: r2_d2 +5 / rootbotz +36 (tricks 4-8)
  Match total: r2_d2 44 - 38 rootbotz
Players: r2_d2 vs rootbotz
Dealer: r2_d2  |  Elder: rootbotz
Match scores: 44 - 38
Talon (8): JC 8D JD 7H 9H 10H 9S AS
r2_d2 hand: 7C 8C 9C 10C QC AC 7D KD KH 7S 10S QS
rootbotz hand: KC 9D 10D QD AD 8H JH QH AH 8S JS KS
  Exchange rootbotz: discard 8H JH QH 8S JS -> draw 8D 7H 10H 9S AS (talon 3 left)
  Exchange r2_d2: discard 7D 7S 10S -> draw JC JD 9H (talon 0 left)

--- Phase: declare ---
  Declare point: r2_d2 wins 7 pts (('point', 7, 'C'))
  Declare sequence: r2_d2 wins 11 pts (('sequence', 6, 12, 'C'))
  Declare set: rootbotz wins 3 pts (('set', 3, 14))

--- Phase: tricks ---
  Trick  1: rootbotz leads AS, r2_d2 plays QS -> rootbotz wins
  Trick  2: rootbotz leads AH, r2_d2 plays 9H -> rootbotz wins
  Trick  3: rootbotz leads AD, r2_d2 plays JD -> rootbotz wins
  Trick  4: rootbotz leads KS, r2_d2 plays 7C -> rootbotz wins
  Trick  5: rootbotz leads 10H, r2_d2 plays KH -> r2_d2 wins
  Trick  6: r2_d2 leads AC, rootbotz plays KC -> r2_d2 wins
  Trick  7: r2_d2 leads KD, rootbotz plays 8D -> r2_d2 wins
  Trick  8: r2_d2 leads QC, rootbotz plays 7H -> r2_d2 wins
  Trick  9: r2_d2 leads JC, rootbotz plays 9S -> r2_d2 wins
  Trick 10: r2_d2 leads 10C, rootbotz plays 9D -> r2_d2 wins
  Trick 11: r2_d2 leads 9C, rootbotz plays 10D -> r2_d2 wins
  Trick 12: r2_d2 leads 8C, rootbotz plays QD -> r2_d2 wins
  Hand: r2_d2 +37 / rootbotz +7 (tricks 8-4)
  Match total: r2_d2 81 - 45 rootbotz
Players: r2_d2 vs rootbotz
Dealer: rootbotz  |  Elder: r2_d2
Match scores: 81 - 45
Talon (8): 7C 9C AC JD 7H 8H 10H KS
r2_d2 hand: 8C JC 10D QD AD JH KH 7S 9S 10S JS AS
rootbotz hand: 10C QC KC 7D 8D 9D KD 9H QH AH 8S QS
  Exchange r2_d2: discard 8C 10D QD -> draw 7C AC 7H (talon 5 left)
  Exchange rootbotz: discard 10C 9H 8S -> draw 9C JD 10H (talon 2 left)

--- Phase: declare ---
  Declare point: r2_d2 wins 5 pts (('point', 5, 'S'))
  Declare sequence: r2_d2 wins 3 pts (('sequence', 3, 11, 'S'))
  Declare set: r2_d2 wins 3 pts (('set', 3, 14))

--- Phase: tricks ---
  Trick  1: r2_d2 leads AS, rootbotz plays QS -> r2_d2 wins
  Trick  2: r2_d2 leads AC, rootbotz plays 9C -> r2_d2 wins
  Trick  3: r2_d2 leads AD, rootbotz plays 7D -> r2_d2 wins
  Trick  4: r2_d2 leads JS, rootbotz plays 8D -> r2_d2 wins
  Trick  5: r2_d2 leads KH, rootbotz plays AH -> rootbotz wins
  Trick  6: rootbotz leads QH, r2_d2 plays 7H -> rootbotz wins
  Trick  7: rootbotz leads 10H, r2_d2 plays JH -> r2_d2 wins
  Trick  8: r2_d2 leads 10S, rootbotz plays 9D -> r2_d2 wins
  Trick  9: r2_d2 leads JC, rootbotz plays QC -> rootbotz wins
  Trick 10: rootbotz leads JD, r2_d2 plays 7C -> rootbotz wins
  Trick 11: rootbotz leads KD, r2_d2 plays 7S -> rootbotz wins
  Trick 12: rootbotz leads KC, r2_d2 plays 9S -> rootbotz wins
  Hand: r2_d2 +17 / rootbotz +7 (tricks 6-6)
  Match total: r2_d2 98 - 52 rootbotz
Players: r2_d2 vs rootbotz
Dealer: r2_d2  |  Elder: rootbotz
Match scores: 98 - 52
Talon (8): 8C KD AD 7H 8S JS QS AS
r2_d2 hand: 7C 9C 10C QC 8D 9D 10D 10H KH AH 9S 10S
rootbotz hand: JC KC AC 7D JD QD 8H 9H JH QH 7S KS
  Exchange rootbotz: discard 7D QD 7S KS -> draw KD AD QS AS (talon 4 left)
  Exchange r2_d2: discard 9S -> draw 8C (talon 3 left)

--- Phase: declare ---
  Declare point: r2_d2 wins 5 pts (('point', 5, 'C'))
  Declare sequence: r2_d2 wins 4 pts (('sequence', 4, 10, 'C'))
  Declare set: rootbotz wins 3 pts (('set', 3, 14))

--- Phase: tricks ---
  Trick  1: rootbotz leads AS, r2_d2 plays 10S -> rootbotz wins
  Trick  2: rootbotz leads AD, r2_d2 plays 8D -> rootbotz wins
  Trick  3: rootbotz leads AC, r2_d2 plays 7C -> rootbotz wins
  Trick  4: rootbotz leads JD, r2_d2 plays 9D -> rootbotz wins
  Trick  5: rootbotz leads QS, r2_d2 plays 8C -> rootbotz wins
  Trick  6: rootbotz leads KD, r2_d2 plays 10D -> rootbotz wins
  Trick  7: rootbotz leads KC, r2_d2 plays 9C -> rootbotz wins
  Trick  8: rootbotz leads JC, r2_d2 plays QC -> r2_d2 wins
  Trick  9: r2_d2 leads AH, rootbotz plays 8H -> r2_d2 wins
  Trick 10: r2_d2 leads KH, rootbotz plays 9H -> r2_d2 wins
  Trick 11: r2_d2 leads 10H, rootbotz plays JH -> rootbotz wins
  Trick 12: rootbotz leads QH, r2_d2 plays 10C -> rootbotz wins
  Hand: r2_d2 +12 / rootbotz +23 (tricks 3-9)
  Match total: r2_d2 110 - 75 rootbotz
  Final: r2_d2 110 - 75 rootbotz
  Winner: r2_d2

============================================================
Game 22
============================================================
Players: rootbotz vs r2_d2
Dealer: rootbotz  |  Elder: r2_d2
Match scores: 0 - 0
Talon (8): 10C 8D 9D QD 8H KH 7S AS
rootbotz hand: 7C 9C KC KD 9H 10H JH QH AH 8S 10S KS
r2_d2 hand: 8C JC QC AC 7D 10D JD AD 7H 9S JS QS
  Exchange r2_d2: discard 7D 10D 7H 9S QS -> draw 10C 8D 9D KH AS (talon 3 left)
  Exchange rootbotz: discard 7C 9C 10S -> draw QD 8H 7S (talon 0 left)

--- Phase: declare ---
  Declare point: rootbotz wins 6 pts (('point', 6, 'H'))
  Declare sequence: rootbotz wins 10 pts (('sequence', 5, 12, 'H'))
  Declare set: r2_d2 wins 3 pts (('set', 3, 14))

--- Phase: tricks ---
  Trick  1: r2_d2 leads AC, rootbotz plays KC -> r2_d2 wins
  Trick  2: r2_d2 leads AD, rootbotz plays QD -> r2_d2 wins
  Trick  3: r2_d2 leads AS, rootbotz plays 7S -> r2_d2 wins
  Trick  4: r2_d2 leads QC, rootbotz plays 8S -> r2_d2 wins
  Trick  5: r2_d2 leads JD, rootbotz plays KD -> rootbotz wins
  Trick  6: rootbotz leads AH, r2_d2 plays KH -> rootbotz wins
  Trick  7: rootbotz leads 8H, r2_d2 plays 8D -> rootbotz wins
  Trick  8: rootbotz leads 9H, r2_d2 plays 8C -> rootbotz wins
  Trick  9: rootbotz leads 10H, r2_d2 plays 9D -> rootbotz wins
  Trick 10: rootbotz leads JH, r2_d2 plays 10C -> rootbotz wins
  Trick 11: rootbotz leads QH, r2_d2 plays JC -> rootbotz wins
  Trick 12: rootbotz leads KS, r2_d2 plays JS -> rootbotz wins
  Hand: rootbotz +35 / r2_d2 +7 (tricks 8-4)
  Match total: rootbotz 35 - 7 r2_d2
Players: rootbotz vs r2_d2
Dealer: r2_d2  |  Elder: rootbotz
Match scores: 35 - 7
Talon (8): JC QC KD AD QH QS KS AS
rootbotz hand: 7C 8C 9C 10C KC 10D 7H 10H JH KH AH 7S
r2_d2 hand: AC 7D 8D 9D JD QD 8H 9H 8S 9S 10S JS
  Exchange rootbotz: discard 7H JH KH AH 7S -> draw QC AD QH QS KS (talon 3 left)
  Exchange r2_d2: discard 8H 9H -> draw JC KD (talon 1 left)

--- Phase: declare ---
  Declare sequence: r2_d2 wins 4 pts (('sequence', 4, 11, 'S'))
  Declare set: rootbotz wins 3 pts (('set', 3, 12))

--- Phase: tricks ---
  Trick  1: rootbotz leads AD, r2_d2 plays 7D -> rootbotz wins
  Trick  2: rootbotz leads 10H, r2_d2 plays 8S -> rootbotz wins
  Trick  3: rootbotz leads QH, r2_d2 plays 8D -> rootbotz wins
  Trick  4: rootbotz leads QS, r2_d2 plays 9S -> rootbotz wins
  Trick  5: rootbotz leads QC, r2_d2 plays AC -> r2_d2 wins
  Trick  6: r2_d2 leads KD, rootbotz plays 10D -> r2_d2 wins
  Trick  7: r2_d2 leads QD, rootbotz plays 7C -> r2_d2 wins
  Trick  8: r2_d2 leads JD, rootbotz plays 8C -> r2_d2 wins
  Trick  9: r2_d2 leads JS, rootbotz plays KS -> rootbotz wins
  Trick 10: rootbotz leads 9C, r2_d2 plays JC -> r2_d2 wins
  Trick 11: r2_d2 leads 10S, rootbotz plays 10C -> r2_d2 wins
  Trick 12: r2_d2 leads 9D, rootbotz plays KC -> r2_d2 wins
  Hand: rootbotz +8 / r2_d2 +22 (tricks 5-7)
  Match total: rootbotz 43 - 29 r2_d2
Players: rootbotz vs r2_d2
Dealer: rootbotz  |  Elder: r2_d2
Match scores: 43 - 29
Talon (8): 8C QC KC QD 9H QH 8S AS
rootbotz hand: 10C 7D 8D 9D JD AD 7H 8H 10H JH 7S JS
r2_d2 hand: 7C 9C JC AC 10D KD KH AH 9S 10S QS KS
  Exchange r2_d2: discard 7C 9C JC 10D -> draw QC KC 9H 8S (talon 4 left)
  Exchange rootbotz: discard 10C 7H 8H 7S -> draw 8C QD QH AS (talon 0 left)

--- Phase: declare ---
  Declare point: rootbotz wins 6 pts (('point', 6, 'D'))
  Declare sequence: r2_d2 wins 3 pts (('sequence', 3, 14, 'C'))
  Declare set: r2_d2 wins 14 pts (('set', 4, 13))

--- Phase: tricks ---
  Trick  1: r2_d2 leads AC, rootbotz plays 8C -> r2_d2 wins
  Trick  2: r2_d2 leads AH, rootbotz plays 10H -> r2_d2 wins
  Trick  3: r2_d2 leads KH, rootbotz plays JH -> r2_d2 wins
  Trick  4: r2_d2 leads KC, rootbotz plays 7D -> r2_d2 wins
  Trick  5: r2_d2 leads QC, rootbotz plays 8D -> r2_d2 wins
  Trick  6: r2_d2 leads KS, rootbotz plays AS -> rootbotz wins
  Trick  7: rootbotz leads AD, r2_d2 plays KD -> rootbotz wins
  Trick  8: rootbotz leads 9D, r2_d2 plays 8S -> rootbotz wins
  Trick  9: rootbotz leads JD, r2_d2 plays 9H -> rootbotz wins
  Trick 10: rootbotz leads QH, r2_d2 plays 9S -> rootbotz wins
  Trick 11: rootbotz leads QD, r2_d2 plays 10S -> rootbotz wins
  Trick 12: rootbotz leads JS, r2_d2 plays QS -> r2_d2 wins
  Hand: rootbotz +12 / r2_d2 +24 (tricks 6-6)
  Match total: rootbotz 55 - 53 r2_d2
Players: rootbotz vs r2_d2
Dealer: r2_d2  |  Elder: rootbotz
Match scores: 55 - 53
Talon (8): 9C 7D 9H 10H 7S 8S 10S AS
rootbotz hand: 7C 8C JC 9D QD AD 7H JH KH 9S QS KS
r2_d2 hand: 10C QC KC AC 8D 10D JD KD 8H QH AH JS
  Exchange rootbotz: discard 7C 8C 9D QD 7H -> draw 7D 9H 7S 8S 10S (talon 3 left)
  Exchange r2_d2: discard 8H QH JS -> draw 9C 10H AS (talon 0 left)

--- Phase: declare ---
  Declare point: rootbotz wins 6 pts (('point', 6, 'S'))
  Declare sequence: rootbotz wins 4 pts (('sequence', 4, 10, 'S'))
  Declare set: r2_d2 wins 3 pts (('set', 3, 14))

--- Phase: tricks ---
  Trick  1: rootbotz leads AD, r2_d2 plays 8D -> rootbotz wins
  Trick  2: rootbotz leads QS, r2_d2 plays AS -> r2_d2 wins
  Trick  3: r2_d2 leads AC, rootbotz plays JC -> r2_d2 wins
  Trick  4: r2_d2 leads AH, rootbotz plays 9H -> r2_d2 wins
  Trick  5: r2_d2 leads KC, rootbotz plays 7D -> r2_d2 wins
  Trick  6: r2_d2 leads KD, rootbotz plays 7S -> r2_d2 wins
  Trick  7: r2_d2 leads QC, rootbotz plays 8S -> r2_d2 wins
  Trick  8: r2_d2 leads JD, rootbotz plays 9S -> r2_d2 wins
  Trick  9: r2_d2 leads 10C, rootbotz plays 10S -> r2_d2 wins
  Trick 10: r2_d2 leads 10H, rootbotz plays JH -> rootbotz wins
  Trick 11: rootbotz leads KH, r2_d2 plays 9C -> rootbotz wins
  Trick 12: rootbotz leads KS, r2_d2 plays 10D -> rootbotz wins
  Hand: rootbotz +15 / r2_d2 +21 (tricks 4-8)
  Match total: rootbotz 70 - 74 r2_d2
Players: rootbotz vs r2_d2
Dealer: rootbotz  |  Elder: r2_d2
Match scores: 70 - 74
Talon (8): 8C QC KC AC KD 8H 9S JS
rootbotz hand: 7C 9C 10C JC 8D 9D JD QD AD 7H 8S QS
r2_d2 hand: 7D 10D 9H 10H JH QH KH AH 7S 10S KS AS
  Exchange r2_d2: discard 7D 10D 7S 10S -> draw 8C KC AC KD (talon 4 left)
  Exchange rootbotz: discard 8D 7H 8S QS -> draw QC 8H 9S JS (talon 0 left)

--- Phase: declare ---
  Declare point: r2_d2 wins 6 pts (('point', 6, 'H'))
  Declare sequence: r2_d2 wins 11 pts (('sequence', 6, 14, 'H'))
  Declare set: r2_d2 wins 3 pts (('set', 3, 14))

--- Phase: tricks ---
  Trick  1: r2_d2 leads AH, rootbotz plays 8H -> r2_d2 wins
  Trick  2: r2_d2 leads AC, rootbotz plays 7C -> r2_d2 wins
  Trick  3: r2_d2 leads AS, rootbotz plays 9S -> r2_d2 wins
  Trick  4: r2_d2 leads KH, rootbotz plays 9C -> r2_d2 wins
  Trick  5: r2_d2 leads QH, rootbotz plays 9D -> r2_d2 wins
  Trick  6: r2_d2 leads KC, rootbotz plays 10C -> r2_d2 wins
  Trick  7: r2_d2 leads KS, rootbotz plays JS -> r2_d2 wins
  Trick  8: r2_d2 leads JH, rootbotz plays JC -> r2_d2 wins
  Trick  9: r2_d2 leads 10H, rootbotz plays JD -> r2_d2 wins
  Trick 10: r2_d2 leads KD, rootbotz plays AD -> rootbotz wins
  Trick 11: rootbotz leads QD, r2_d2 plays 8C -> rootbotz wins
  Trick 12: rootbotz leads QC, r2_d2 plays 9H -> rootbotz wins
  Hand: rootbotz +4 / r2_d2 +39 (tricks 3-9)
  Match total: rootbotz 74 - 113 r2_d2
  Final: rootbotz 74 - 113 r2_d2
  Winner: r2_d2

============================================================
Game 23
============================================================
Players: r2_d2 vs rootbotz
Dealer: r2_d2  |  Elder: rootbotz
Match scores: 0 - 0
Talon (8): 8D KD 7H 9H 10H 8S 10S QS
r2_d2 hand: 7C 8C QC KC 7D 9D 10D JD QH JS KS AS
rootbotz hand: 9C 10C JC AC QD AD 8H JH KH AH 7S 9S
  Exchange rootbotz: discard QD 8H 7S 9S -> draw KD 8S 10S QS (talon 4 left)
  Exchange r2_d2: discard 7C 8C QH JS -> draw 8D 7H 9H 10H (talon 0 left)

--- Phase: declare ---
  Declare point: r2_d2 wins 5 pts (('point', 5, 'D'))
  Declare sequence: r2_d2 wins 10 pts (('sequence', 5, 11, 'D'))
  Declare set: rootbotz wins 3 pts (('set', 3, 14))

--- Phase: tricks ---
  Trick  1: rootbotz leads AH, r2_d2 plays 7H -> rootbotz wins
  Trick  2: rootbotz leads AD, r2_d2 plays 7D -> rootbotz wins
  Trick  3: rootbotz leads AC, r2_d2 plays QC -> rootbotz wins
  Trick  4: rootbotz leads KH, r2_d2 plays 9H -> rootbotz wins
  Trick  5: rootbotz leads KD, r2_d2 plays 8D -> rootbotz wins
  Trick  6: rootbotz leads JH, r2_d2 plays 10H -> rootbotz wins
  Trick  7: rootbotz leads 9C, r2_d2 plays KC -> r2_d2 wins
  Trick  8: r2_d2 leads AS, rootbotz plays 8S -> r2_d2 wins
  Trick  9: r2_d2 leads KS, rootbotz plays 10S -> r2_d2 wins
  Trick 10: r2_d2 leads JD, rootbotz plays 10C -> r2_d2 wins
  Trick 11: r2_d2 leads 10D, rootbotz plays JC -> r2_d2 wins
  Trick 12: r2_d2 leads 9D, rootbotz plays QS -> r2_d2 wins
  Hand: r2_d2 +22 / rootbotz +9 (tricks 6-6)
  Match total: r2_d2 22 - 9 rootbotz
Players: r2_d2 vs rootbotz
Dealer: rootbotz  |  Elder: r2_d2
Match scores: 22 - 9
Talon (8): 7C KC 8D JD 9H 8S 9S QS
r2_d2 hand: 8C JC QC 7D 10D KD 7H 8H JH AH 7S KS
rootbotz hand: 9C 10C AC 9D QD AD 10H QH KH 10S JS AS
  Exchange r2_d2: discard 8C JC 7D 10D 7S -> draw 7C 8D 9H 8S QS (talon 3 left)
  Exchange rootbotz: discard 9C 9D 10H -> draw KC JD 9S (talon 0 left)

--- Phase: declare ---
  Declare point: r2_d2 wins 5 pts (('point', 5, 'H'))
  Declare sequence: rootbotz wins 3 pts (('sequence', 3, 11, 'S'))
  Declare set: rootbotz wins 3 pts (('set', 3, 14))

--- Phase: tricks ---
  Trick  1: r2_d2 leads AH, rootbotz plays QH -> r2_d2 wins
  Trick  2: r2_d2 leads JH, rootbotz plays KH -> rootbotz wins
  Trick  3: rootbotz leads AS, r2_d2 plays 8S -> rootbotz wins
  Trick  4: rootbotz leads AD, r2_d2 plays 8D -> rootbotz wins
  Trick  5: rootbotz leads AC, r2_d2 plays 7C -> rootbotz wins
  Trick  6: rootbotz leads KC, r2_d2 plays QC -> rootbotz wins
  Trick  7: rootbotz leads JD, r2_d2 plays KD -> r2_d2 wins
  Trick  8: r2_d2 leads KS, rootbotz plays 9S -> r2_d2 wins
  Trick  9: r2_d2 leads QS, rootbotz plays 10S -> r2_d2 wins
  Trick 10: r2_d2 leads 9H, rootbotz plays 10C -> r2_d2 wins
  Trick 11: r2_d2 leads 8H, rootbotz plays JS -> r2_d2 wins
  Trick 12: r2_d2 leads 7H, rootbotz plays QD -> r2_d2 wins
  Hand: r2_d2 +23 / rootbotz +11 (tricks 7-5)
  Match total: r2_d2 45 - 20 rootbotz
Players: r2_d2 vs rootbotz
Dealer: r2_d2  |  Elder: rootbotz
Match scores: 45 - 20
Talon (8): 8C JC QC 9D 8H 10H QH JS
r2_d2 hand: 7C 10C KC AC 8D QD AD JH 7S 8S 10S QS
rootbotz hand: 9C 7D 10D JD KD 7H 9H KH AH 9S KS AS
  Exchange rootbotz: discard 9C 7D 7H 9H 9S -> draw 8C JC QC 8H 10H (talon 3 left)
  Exchange r2_d2: discard 8D 7S 8S -> draw 9D QH JS (talon 0 left)

--- Phase: declare ---
  Declare point: rootbotz wins 4 pts (('point', 4, 'H'))
  Declare sequence: r2_d2 wins 3 pts (('sequence', 3, 12, 'S'))
  Declare set: rootbotz wins 3 pts (('set', 3, 13))

--- Phase: tricks ---
  Trick  1: rootbotz leads AS, r2_d2 plays 10S -> rootbotz wins
  Trick  2: rootbotz leads AH, r2_d2 plays JH -> rootbotz wins
  Trick  3: rootbotz leads KS, r2_d2 plays JS -> rootbotz wins
  Trick  4: rootbotz leads KH, r2_d2 plays QH -> rootbotz wins
  Trick  5: rootbotz leads KD, r2_d2 plays AD -> r2_d2 wins
  Trick  6: r2_d2 leads AC, rootbotz plays 8C -> r2_d2 wins
  Trick  7: r2_d2 leads KC, rootbotz plays JC -> r2_d2 wins
  Trick  8: r2_d2 leads QD, rootbotz plays 10D -> r2_d2 wins
  Trick  9: r2_d2 leads QS, rootbotz plays 8H -> r2_d2 wins
  Trick 10: r2_d2 leads 10C, rootbotz plays QC -> rootbotz wins
  Trick 11: rootbotz leads 10H, r2_d2 plays 7C -> rootbotz wins
  Trick 12: rootbotz leads JD, r2_d2 plays 9D -> rootbotz wins
  Hand: r2_d2 +8 / rootbotz +25 (tricks 5-7)
  Match total: r2_d2 53 - 45 rootbotz
Players: r2_d2 vs rootbotz
Dealer: rootbotz  |  Elder: r2_d2
Match scores: 53 - 45
Talon (8): 8C 9C KC KD 9H KH 10S JS
r2_d2 hand: 7C 10C 9D 10D AD 7H 8H 10H AH 8S QS KS
rootbotz hand: JC QC AC 7D 8D JD QD JH QH 7S 9S AS
  Exchange r2_d2: discard 7C 9D 8S QS -> draw 9C KD KH JS (talon 4 left)
  Exchange rootbotz: discard 7D JH 7S 9S -> draw 8C KC 9H 10S (talon 0 left)

--- Phase: declare ---
  Declare point: rootbotz wins 5 pts (('point', 5, 'C'))
  Declare sequence: rootbotz wins 4 pts (('sequence', 4, 14, 'C'))
  Declare set: r2_d2 wins 3 pts (('set', 3, 13))

--- Phase: tricks ---
  Trick  1: r2_d2 leads AH, rootbotz plays 9H -> r2_d2 wins
  Trick  2: r2_d2 leads AD, rootbotz plays 8D -> r2_d2 wins
  Trick  3: r2_d2 leads KH, rootbotz plays QH -> r2_d2 wins
  Trick  4: r2_d2 leads KD, rootbotz plays JD -> r2_d2 wins
  Trick  5: r2_d2 leads 10H, rootbotz plays 8C -> r2_d2 wins
  Trick  6: r2_d2 leads KS, rootbotz plays AS -> rootbotz wins
  Trick  7: rootbotz leads AC, r2_d2 plays 9C -> rootbotz wins
  Trick  8: rootbotz leads JC, r2_d2 plays 10C -> rootbotz wins
  Trick  9: rootbotz leads QC, r2_d2 plays 7H -> rootbotz wins
  Trick 10: rootbotz leads KC, r2_d2 plays 8H -> rootbotz wins
  Trick 11: rootbotz leads 10S, r2_d2 plays JS -> r2_d2 wins
  Trick 12: r2_d2 leads 10D, rootbotz plays QD -> rootbotz wins
  Hand: r2_d2 +9 / rootbotz +16 (tricks 6-6)
  Match total: r2_d2 62 - 61 rootbotz
Players: r2_d2 vs rootbotz
Dealer: r2_d2  |  Elder: rootbotz
Match scores: 62 - 61
Talon (8): QC 9D 7H 8H JH KH 7S 10S
r2_d2 hand: 7C 9C KC 7D 8D KD AD 9H QH 8S 9S JS
rootbotz hand: 8C 10C JC AC 10D JD QD 10H AH QS KS AS
  Exchange rootbotz: discard 8C 10C JC 10H -> draw QC 9D JH 7S (talon 4 left)
  Exchange r2_d2: discard 7C 9H 8S 9S -> draw 7H 8H KH 10S (talon 0 left)

--- Phase: declare ---
  Declare point: rootbotz wins 4 pts (('point', 4, 'D'))
  Declare sequence: rootbotz wins 4 pts (('sequence', 4, 12, 'D'))
  Declare set: rootbotz wins 3 pts (('set', 3, 14))

--- Phase: tricks ---
  Trick  1: rootbotz leads AS, r2_d2 plays 10S -> rootbotz wins
  Trick  2: rootbotz leads AH, r2_d2 plays 7H -> rootbotz wins
  Trick  3: rootbotz leads AC, r2_d2 plays 9C -> rootbotz wins
  Trick  4: rootbotz leads QS, r2_d2 plays JS -> rootbotz wins
  Trick  5: rootbotz leads KS, r2_d2 plays 7D -> rootbotz wins
  Trick  6: rootbotz leads QC, r2_d2 plays KC -> r2_d2 wins
  Trick  7: r2_d2 leads AD, rootbotz plays 9D -> r2_d2 wins
  Trick  8: r2_d2 leads KH, rootbotz plays JH -> r2_d2 wins
  Trick  9: r2_d2 leads KD, rootbotz plays 10D -> r2_d2 wins
  Trick 10: r2_d2 leads QH, rootbotz plays 7S -> r2_d2 wins
  Trick 11: r2_d2 leads 8H, rootbotz plays JD -> r2_d2 wins
  Trick 12: r2_d2 leads 8D, rootbotz plays QD -> rootbotz wins
  Hand: r2_d2 +6 / rootbotz +18 (tricks 6-6)
  Match total: r2_d2 68 - 79 rootbotz
Players: r2_d2 vs rootbotz
Dealer: rootbotz  |  Elder: r2_d2
Match scores: 68 - 79
Talon (8): 10C KC 10D KH 7S 10S QS AS
r2_d2 hand: 7C 8C 9C 7D 8D KD AD 7H 9H QH AH KS
rootbotz hand: JC QC AC 9D JD QD 8H 10H JH 8S 9S JS
  Exchange r2_d2: discard 7C 8C 9C 7D 8D -> draw 10C 10D 7S QS AS (talon 3 left)
  Exchange rootbotz: discard QC 8H 10H -> draw KC KH 10S (talon 0 left)

--- Phase: declare ---
  Declare point: r2_d2 wins 4 pts (('point', 4, 'S'))
  Declare sequence: rootbotz wins 4 pts (('sequence', 4, 11, 'S'))
  Declare set: r2_d2 wins 3 pts (('set', 3, 14))

--- Phase: tricks ---
  Trick  1: r2_d2 leads AH, rootbotz plays JH -> r2_d2 wins
  Trick  2: r2_d2 leads AS, rootbotz plays 8S -> r2_d2 wins
  Trick  3: r2_d2 leads AD, rootbotz plays 9D -> r2_d2 wins
  Trick  4: r2_d2 leads KS, rootbotz plays 9S -> r2_d2 wins
  Trick  5: r2_d2 leads KD, rootbotz plays JD -> r2_d2 wins
  Trick  6: r2_d2 leads QS, rootbotz plays 10S -> r2_d2 wins
  Trick  7: r2_d2 leads QH, rootbotz plays KH -> rootbotz wins
  Trick  8: rootbotz leads AC, r2_d2 plays 10C -> rootbotz wins
  Trick  9: rootbotz leads JC, r2_d2 plays 7S -> rootbotz wins
  Trick 10: rootbotz leads KC, r2_d2 plays 7H -> rootbotz wins
  Trick 11: rootbotz leads JS, r2_d2 plays 9H -> rootbotz wins
  Trick 12: rootbotz leads QD, r2_d2 plays 10D -> rootbotz wins
  Hand: r2_d2 +13 / rootbotz +11 (tricks 6-6)
  Match total: r2_d2 81 - 90 rootbotz
Players: r2_d2 vs rootbotz
Dealer: r2_d2  |  Elder: rootbotz
Match scores: 81 - 90
Talon (8): 9C QC KD 7H 9H QH JS QS
r2_d2 hand: 10C KC AC 7D 8D JD QD 10H KH 7S 10S AS
rootbotz hand: 7C 8C JC 9D 10D AD 8H JH AH 8S 9S KS
  Exchange rootbotz: discard 7C 8C 8H JH 8S -> draw QC KD 7H 9H QS (talon 3 left)
  Exchange r2_d2: discard 7S -> draw 9C (talon 2 left)

--- Phase: declare ---
  Declare set: r2_d2 wins 3 pts (('set', 3, 10))

--- Phase: tricks ---
  Trick  1: rootbotz leads AH, r2_d2 plays 10H -> rootbotz wins
  Trick  2: rootbotz leads AD, r2_d2 plays 7D -> rootbotz wins
  Trick  3: rootbotz leads KD, r2_d2 plays 8D -> rootbotz wins
  Trick  4: rootbotz leads QS, r2_d2 plays AS -> r2_d2 wins
  Trick  5: r2_d2 leads AC, rootbotz plays JC -> r2_d2 wins
  Trick  6: r2_d2 leads KC, rootbotz plays QC -> r2_d2 wins
  Trick  7: r2_d2 leads QD, rootbotz plays 9D -> r2_d2 wins
  Trick  8: r2_d2 leads KH, rootbotz plays 7H -> r2_d2 wins
  Trick  9: r2_d2 leads 10C, rootbotz plays 9H -> r2_d2 wins
  Trick 10: r2_d2 leads JD, rootbotz plays 10D -> r2_d2 wins
  Trick 11: r2_d2 leads 10S, rootbotz plays KS -> rootbotz wins
  Trick 12: rootbotz leads 9S, r2_d2 plays 9C -> rootbotz wins
  Hand: r2_d2 +20 / rootbotz +6 (tricks 7-5)
  Match total: r2_d2 101 - 96 rootbotz
  Final: r2_d2 101 - 96 rootbotz
  Winner: r2_d2

============================================================
Game 24
============================================================
Players: rootbotz vs r2_d2
Dealer: rootbotz  |  Elder: r2_d2
Match scores: 0 - 0
Talon (8): 7C 8C 10C AC 9D QD 9H JS
rootbotz hand: JC QC 7D 8D KD 10H JH QH AH 8S KS AS
r2_d2 hand: 9C KC 10D JD AD 7H 8H KH 7S 9S 10S QS
  Exchange r2_d2: discard 9C 10D JD 7H 8H -> draw 7C 8C AC 9D JS (talon 3 left)
  Exchange rootbotz: discard QC 7D 8D -> draw 10C QD 9H (talon 0 left)

--- Phase: declare ---
  Declare point: rootbotz wins 5 pts (('point', 5, 'H'))

--- Phase: tricks ---
  Trick  1: r2_d2 leads AC, rootbotz plays 10C -> r2_d2 wins
  Trick  2: r2_d2 leads AD, rootbotz plays QD -> r2_d2 wins
  Trick  3: r2_d2 leads KC, rootbotz plays JC -> r2_d2 wins
  Trick  4: r2_d2 leads QS, rootbotz plays KS -> rootbotz wins
  Trick  5: rootbotz leads AH, r2_d2 plays KH -> rootbotz wins
  Trick  6: rootbotz leads AS, r2_d2 plays 7S -> rootbotz wins
  Trick  7: rootbotz leads KD, r2_d2 plays 9D -> rootbotz wins
  Trick  8: rootbotz leads 9H, r2_d2 plays 7C -> rootbotz wins
  Trick  9: rootbotz leads 10H, r2_d2 plays 8C -> rootbotz wins
  Trick 10: rootbotz leads JH, r2_d2 plays 9S -> rootbotz wins
  Trick 11: rootbotz leads QH, r2_d2 plays 10S -> rootbotz wins
  Trick 12: rootbotz leads 8S, r2_d2 plays JS -> r2_d2 wins
  Hand: rootbotz +23 / r2_d2 +5 (tricks 8-4)
  Match total: rootbotz 23 - 5 r2_d2
Players: rootbotz vs r2_d2
Dealer: r2_d2  |  Elder: rootbotz
Match scores: 23 - 5
Talon (8): 7C 9C AC 7D QD 8S 10S KS
rootbotz hand: 10C JC 8D 10D JD AD 7H 8H 9H KH 7S QS
r2_d2 hand: 8C QC KC 9D KD 10H JH QH AH 9S JS AS
  Exchange rootbotz: discard 10C 8D 10D JD 7S -> draw 7C 7D QD 8S 10S (talon 3 left)
  Exchange r2_d2: discard 8C 9D 9S -> draw 9C AC KS (talon 0 left)

--- Phase: declare ---
  Declare point: r2_d2 wins 4 pts (('point', 4, 'H'))
  Declare sequence: r2_d2 wins 3 pts (('sequence', 3, 14, 'C'))
  Declare set: r2_d2 wins 3 pts (('set', 3, 14))

--- Phase: tricks ---
  Trick  1: rootbotz leads AD, r2_d2 plays KD -> rootbotz wins
  Trick  2: rootbotz leads QD, r2_d2 plays 9C -> rootbotz wins
  Trick  3: rootbotz leads 7D, r2_d2 plays 10H -> rootbotz wins
  Trick  4: rootbotz leads JC, r2_d2 plays QC -> r2_d2 wins
  Trick  5: r2_d2 leads AH, rootbotz plays 7H -> r2_d2 wins
  Trick  6: r2_d2 leads AS, rootbotz plays 8S -> r2_d2 wins
  Trick  7: r2_d2 leads AC, rootbotz plays 7C -> r2_d2 wins
  Trick  8: r2_d2 leads KS, rootbotz plays 10S -> r2_d2 wins
  Trick  9: r2_d2 leads KC, rootbotz plays 8H -> r2_d2 wins
  Trick 10: r2_d2 leads QH, rootbotz plays KH -> rootbotz wins
  Trick 11: rootbotz leads 9H, r2_d2 plays JH -> r2_d2 wins
  Trick 12: r2_d2 leads JS, rootbotz plays QS -> rootbotz wins
  Hand: rootbotz +6 / r2_d2 +27 (tricks 5-7)
  Match total: rootbotz 29 - 32 r2_d2
Players: rootbotz vs r2_d2
Dealer: rootbotz  |  Elder: r2_d2
Match scores: 29 - 32
Talon (8): 7C 8C KC 7D JD 7H 10S QS
rootbotz hand: 9C 10C JC 10D QD KD 9H 10H 8S 9S JS KS
r2_d2 hand: QC AC 8D 9D AD 8H JH QH KH AH 7S AS
  Exchange r2_d2: discard QC 8D 9D 7S -> draw KC JD 7H QS (talon 4 left)
  Exchange rootbotz: discard 9H 8S 9S JS -> draw 7C 8C 7D 10S (talon 0 left)

--- Phase: declare ---
  Declare point: r2_d2 wins 6 pts (('point', 6, 'H'))
  Declare sequence: rootbotz wins 10 pts (('sequence', 5, 11, 'C'))
  Declare set: r2_d2 wins 14 pts (('set', 4, 14))

--- Phase: tricks ---
  Trick  1: r2_d2 leads AH, rootbotz plays 10H -> r2_d2 wins
  Trick  2: r2_d2 leads AS, rootbotz plays 10S -> r2_d2 wins
  Trick  3: r2_d2 leads AC, rootbotz plays 7C -> r2_d2 wins
  Trick  4: r2_d2 leads AD, rootbotz plays 7D -> r2_d2 wins
  Trick  5: r2_d2 leads KH, rootbotz plays 8C -> r2_d2 wins
  Trick  6: r2_d2 leads QH, rootbotz plays 9C -> r2_d2 wins
  Trick  7: r2_d2 leads KC, rootbotz plays 10C -> r2_d2 wins
  Trick  8: r2_d2 leads JH, rootbotz plays 10D -> r2_d2 wins
  Trick  9: r2_d2 leads 8H, rootbotz plays JC -> r2_d2 wins
  Trick 10: r2_d2 leads QS, rootbotz plays KS -> rootbotz wins
  Trick 11: rootbotz leads QD, r2_d2 plays JD -> rootbotz wins
  Trick 12: rootbotz leads KD, r2_d2 plays 7H -> rootbotz wins
  Hand: rootbotz +14 / r2_d2 +39 (tricks 3-9)
  Match total: rootbotz 43 - 71 r2_d2
Players: rootbotz vs r2_d2
Dealer: r2_d2  |  Elder: rootbotz
Match scores: 43 - 71
Talon (8): 7C 8C 10C QD QH 9S JS QS
rootbotz hand: 9C JC AC 8D KD AD 7H 8H AH 7S KS AS
r2_d2 hand: QC KC 7D 9D 10D JD 9H 10H JH KH 8S 10S
  Exchange rootbotz: discard JC 8D 7H 8H 7S -> draw 8C 10C 9S JS QS (talon 3 left)
  Exchange r2_d2: discard QC 7D 8S -> draw 7C QD QH (talon 0 left)

--- Phase: declare ---
  Declare point: rootbotz wins 5 pts (('point', 5, 'S'))
  Declare sequence: r2_d2 wins 10 pts (('sequence', 5, 13, 'H'))
  Declare set: rootbotz wins 14 pts (('set', 4, 14))

--- Phase: tricks ---
  Trick  1: rootbotz leads AS, r2_d2 plays 10S -> rootbotz wins
  Trick  2: rootbotz leads AH, r2_d2 plays 9H -> rootbotz wins
  Trick  3: rootbotz leads AD, r2_d2 plays 9D -> rootbotz wins
  Trick  4: rootbotz leads AC, r2_d2 plays 7C -> rootbotz wins
  Trick  5: rootbotz leads JS, r2_d2 plays 10D -> rootbotz wins
  Trick  6: rootbotz leads QS, r2_d2 plays 10H -> rootbotz wins
  Trick  7: rootbotz leads KS, r2_d2 plays JD -> rootbotz wins
  Trick  8: rootbotz leads 8C, r2_d2 plays KC -> r2_d2 wins
  Trick  9: r2_d2 leads KH, rootbotz plays 9S -> r2_d2 wins
  Trick 10: r2_d2 leads QH, rootbotz plays 9C -> r2_d2 wins
  Trick 11: r2_d2 leads QD, rootbotz plays KD -> rootbotz wins
  Trick 12: rootbotz leads 10C, r2_d2 plays JH -> rootbotz wins
  Hand: rootbotz +39 / r2_d2 +13 (tricks 9-3)
  Match total: rootbotz 82 - 84 r2_d2
Players: rootbotz vs r2_d2
Dealer: rootbotz  |  Elder: r2_d2
Match scores: 82 - 84
Talon (8): 7C 10C KC 10D QD 10H 8S AS
rootbotz hand: AC 7D 9D KD 7H 8H JH QH 7S 10S JS QS
r2_d2 hand: 8C 9C JC QC 8D JD AD 9H KH AH 9S KS
  Exchange r2_d2: discard 8D JD 9H 9S -> draw 7C 10C 8S AS (talon 4 left)
  Exchange rootbotz: discard 7D KD 7H 8H -> draw KC 10D QD 10H (talon 0 left)

--- Phase: declare ---
  Declare point: r2_d2 wins 6 pts (('point', 6, 'C'))
  Declare sequence: r2_d2 wins 11 pts (('sequence', 6, 12, 'C'))
  Declare set: r2_d2 wins 3 pts (('set', 3, 14))

--- Phase: tricks ---
  Trick  1: r2_d2 leads AS, rootbotz plays 7S -> r2_d2 wins
  Trick  2: r2_d2 leads AH, rootbotz plays 10H -> r2_d2 wins
  Trick  3: r2_d2 leads AD, rootbotz plays 9D -> r2_d2 wins
  Trick  4: r2_d2 leads KS, rootbotz plays 10S -> r2_d2 wins
  Trick  5: r2_d2 leads KH, rootbotz plays JH -> r2_d2 wins
  Trick  6: r2_d2 leads QC, rootbotz plays KC -> rootbotz wins
  Trick  7: rootbotz leads AC, r2_d2 plays 7C -> rootbotz wins
  Trick  8: rootbotz leads 10D, r2_d2 plays 8S -> rootbotz wins
  Trick  9: rootbotz leads JS, r2_d2 plays 8C -> rootbotz wins
  Trick 10: rootbotz leads QS, r2_d2 plays 9C -> rootbotz wins
  Trick 11: rootbotz leads QH, r2_d2 plays 10C -> rootbotz wins
  Trick 12: rootbotz leads QD, r2_d2 plays JC -> rootbotz wins
  Hand: rootbotz +18 / r2_d2 +25 (tricks 7-5)
  Match total: rootbotz 100 - 109 r2_d2
  Final: rootbotz 100 - 109 r2_d2
  Winner: r2_d2

============================================================
Game 25
============================================================
Players: r2_d2 vs rootbotz
Dealer: r2_d2  |  Elder: rootbotz
Match scores: 0 - 0
Talon (8): 7C QC KC 10D 8H KH 7S QS
r2_d2 hand: 10C JC AC KD 7H 9H 10H AH 10S JS KS AS
rootbotz hand: 8C 9C 7D 8D 9D JD QD AD JH QH 8S 9S
  Exchange rootbotz: discard 8C 9C QH 8S 9S -> draw QC KC 10D 8H 7S (talon 3 left)
  Exchange r2_d2: discard JC 7H 9H -> draw 7C KH QS (talon 0 left)

--- Phase: declare ---
  Declare point: rootbotz wins 7 pts (('point', 7, 'D'))
  Declare sequence: rootbotz wins 11 pts (('sequence', 6, 12, 'D'))
  Declare set: r2_d2 wins 3 pts (('set', 3, 14))

--- Phase: tricks ---
  Trick  1: rootbotz leads AD, r2_d2 plays KD -> rootbotz wins
  Trick  2: rootbotz leads 7D, r2_d2 plays 7C -> rootbotz wins
  Trick  3: rootbotz leads 8D, r2_d2 plays 10C -> rootbotz wins
  Trick  4: rootbotz leads 9D, r2_d2 plays 10H -> rootbotz wins
  Trick  5: rootbotz leads 10D, r2_d2 plays 10S -> rootbotz wins
  Trick  6: rootbotz leads JD, r2_d2 plays JS -> rootbotz wins
  Trick  7: rootbotz leads QD, r2_d2 plays QS -> rootbotz wins
  Trick  8: rootbotz leads QC, r2_d2 plays AC -> r2_d2 wins
  Trick  9: r2_d2 leads AH, rootbotz plays 8H -> r2_d2 wins
  Trick 10: r2_d2 leads AS, rootbotz plays 7S -> r2_d2 wins
  Trick 11: r2_d2 leads KS, rootbotz plays JH -> r2_d2 wins
  Trick 12: r2_d2 leads KH, rootbotz plays KC -> r2_d2 wins
  Hand: r2_d2 +9 / rootbotz +35 (tricks 5-7)
  Match total: r2_d2 9 - 35 rootbotz
Players: r2_d2 vs rootbotz
Dealer: rootbotz  |  Elder: r2_d2
Match scores: 9 - 35
Talon (8): KD 8H 7S 8S 9S QS KS AS
r2_d2 hand: 8C 9C 10C QC KC 9D JD 7H 9H KH 10S JS
rootbotz hand: 7C JC AC 7D 8D 10D QD AD 10H JH QH AH
  Exchange r2_d2: discard 9D JD 7H 9H 10S -> draw KD 8H 7S 8S 9S (talon 3 left)
  Exchange rootbotz: discard 7C JC 8D -> draw QS KS AS (talon 0 left)

--- Phase: declare ---
  Declare point: r2_d2 wins 5 pts (('point', 5, 'C'))
  Declare sequence: rootbotz wins 3 pts (('sequence', 3, 14, 'S'))
  Declare set: rootbotz wins 14 pts (('set', 4, 14))

--- Phase: tricks ---
  Trick  1: r2_d2 leads KC, rootbotz plays AC -> rootbotz wins
  Trick  2: rootbotz leads AS, r2_d2 plays 7S -> rootbotz wins
  Trick  3: rootbotz leads AH, r2_d2 plays 8H -> rootbotz wins
  Trick  4: rootbotz leads AD, r2_d2 plays KD -> rootbotz wins
  Trick  5: rootbotz leads QS, r2_d2 plays 8S -> rootbotz wins
  Trick  6: rootbotz leads KS, r2_d2 plays 9S -> rootbotz wins
  Trick  7: rootbotz leads 7D, r2_d2 plays 8C -> rootbotz wins
  Trick  8: rootbotz leads 10H, r2_d2 plays KH -> r2_d2 wins
  Trick  9: r2_d2 leads QC, rootbotz plays 10D -> r2_d2 wins
  Trick 10: r2_d2 leads 10C, rootbotz plays JH -> r2_d2 wins
  Trick 11: r2_d2 leads JS, rootbotz plays QD -> r2_d2 wins
  Trick 12: r2_d2 leads 9C, rootbotz plays QH -> r2_d2 wins
  Hand: r2_d2 +11 / rootbotz +34 (tricks 5-7)
  Match total: r2_d2 20 - 69 rootbotz
Players: r2_d2 vs rootbotz
Dealer: r2_d2  |  Elder: rootbotz
Match scores: 20 - 69
Talon (8): 7C QC 7D 8D AD 8S QS AS
r2_d2 hand: 8C 9C 10C KC AC 8H 9H KH AH 9S JS KS
rootbotz hand: JC 9D 10D JD QD KD 7H 10H JH QH 7S 10S
  Exchange rootbotz: discard 7H 10H QH 7S 10S -> draw 7C QC 7D 8D AD (talon 3 left)
  Exchange r2_d2: discard 8H 9H 9S -> draw 8S QS AS (talon 0 left)

--- Phase: declare ---
  Declare point: rootbotz wins 8 pts (('point', 8, 'D'))
  Declare sequence: rootbotz wins 13 pts (('sequence', 8, 14, 'D'))
  Declare set: r2_d2 wins 3 pts (('set', 3, 14))

--- Phase: tricks ---
  Trick  1: rootbotz leads AD, r2_d2 plays 8C -> rootbotz wins
  Trick  2: rootbotz leads 7D, r2_d2 plays 8S -> rootbotz wins
  Trick  3: rootbotz leads 8D, r2_d2 plays 9C -> rootbotz wins
  Trick  4: rootbotz leads 9D, r2_d2 plays 10C -> rootbotz wins
  Trick  5: rootbotz leads 10D, r2_d2 plays JS -> rootbotz wins
  Trick  6: rootbotz leads JD, r2_d2 plays QS -> rootbotz wins
  Trick  7: rootbotz leads QD, r2_d2 plays KS -> rootbotz wins
  Trick  8: rootbotz leads KD, r2_d2 plays KC -> rootbotz wins
  Trick  9: rootbotz leads 7C, r2_d2 plays AC -> r2_d2 wins
  Trick 10: r2_d2 leads AH, rootbotz plays JH -> r2_d2 wins
  Trick 11: r2_d2 leads AS, rootbotz plays JC -> r2_d2 wins
  Trick 12: r2_d2 leads KH, rootbotz plays QC -> r2_d2 wins
  Hand: r2_d2 +8 / rootbotz +39 (tricks 4-8)
  Match total: r2_d2 28 - 108 rootbotz
  Final: r2_d2 28 - 108 rootbotz
  Winner: rootbotz

============================================================
Game 26
============================================================
Players: rootbotz vs r2_d2
Dealer: rootbotz  |  Elder: r2_d2
Match scores: 0 - 0
Talon (8): 7C 8C 9C AD 7H 8H QS AS
rootbotz hand: 10C JC 7D JD KD 9H 10H 7S 8S 9S 10S JS
r2_d2 hand: QC KC AC 8D 9D 10D QD JH QH KH AH KS
  Exchange r2_d2: discard 8D 9D 10D -> draw 7C 8C 8H (talon 5 left)
  Exchange rootbotz: discard 10C 7D KD 9H 10H -> draw 9C AD 7H QS AS (talon 0 left)

--- Phase: declare ---
  Declare point: rootbotz wins 7 pts (('point', 7, 'S'))
  Declare sequence: rootbotz wins 11 pts (('sequence', 6, 12, 'S'))
  Declare set: r2_d2 wins 3 pts (('set', 3, 13))

--- Phase: tricks ---
  Trick  1: r2_d2 leads AH, rootbotz plays 7H -> r2_d2 wins
  Trick  2: r2_d2 leads AC, rootbotz plays 9C -> r2_d2 wins
  Trick  3: r2_d2 leads KC, rootbotz plays JC -> r2_d2 wins
  Trick  4: r2_d2 leads KH, rootbotz plays 7S -> r2_d2 wins
  Trick  5: r2_d2 leads QC, rootbotz plays 8S -> r2_d2 wins
  Trick  6: r2_d2 leads QH, rootbotz plays 9S -> r2_d2 wins
  Trick  7: r2_d2 leads JH, rootbotz plays 10S -> r2_d2 wins
  Trick  8: r2_d2 leads 8C, rootbotz plays JD -> r2_d2 wins
  Trick  9: r2_d2 leads KS, rootbotz plays AS -> rootbotz wins
  Trick 10: rootbotz leads AD, r2_d2 plays QD -> rootbotz wins
  Trick 11: rootbotz leads JS, r2_d2 plays 7C -> rootbotz wins
  Trick 12: rootbotz leads QS, r2_d2 plays 8H -> rootbotz wins
  Hand: rootbotz +23 / r2_d2 +21 (tricks 4-8)
  Match total: rootbotz 23 - 21 r2_d2
Players: rootbotz vs r2_d2
Dealer: r2_d2  |  Elder: rootbotz
Match scores: 23 - 21
Talon (8): AC 9D 10D AD 7H 8H 9H KH
rootbotz hand: 7C 8C 9C QC KC 8D JD QD JH 9S 10S AS
r2_d2 hand: 10C JC 7D KD 10H QH AH 7S 8S JS QS KS
  Exchange rootbotz: discard 8D JD JH 9S 10S -> draw AC 9D 10D AD KH (talon 3 left)
  Exchange r2_d2: discard 10C 7D 10H -> draw 7H 8H 9H (talon 0 left)

--- Phase: declare ---
  Declare point: rootbotz wins 6 pts (('point', 6, 'C'))
  Declare sequence: rootbotz wins 3 pts (('sequence', 3, 14, 'C'))
  Declare set: rootbotz wins 3 pts (('set', 3, 14))

--- Phase: tricks ---
  Trick  1: rootbotz leads AS, r2_d2 plays 7S -> rootbotz wins
  Trick  2: rootbotz leads AD, r2_d2 plays KD -> rootbotz wins
  Trick  3: rootbotz leads AC, r2_d2 plays JC -> rootbotz wins
  Trick  4: rootbotz leads QC, r2_d2 plays 7H -> rootbotz wins
  Trick  5: rootbotz leads KC, r2_d2 plays 8H -> rootbotz wins
  Trick  6: rootbotz leads 9D, r2_d2 plays 8S -> rootbotz wins
  Trick  7: rootbotz leads 10D, r2_d2 plays 9H -> rootbotz wins
  Trick  8: rootbotz leads QD, r2_d2 plays JS -> rootbotz wins
  Trick  9: rootbotz leads KH, r2_d2 plays AH -> r2_d2 wins
  Trick 10: r2_d2 leads KS, rootbotz plays 7C -> r2_d2 wins
  Trick 11: r2_d2 leads QH, rootbotz plays 8C -> r2_d2 wins
  Trick 12: r2_d2 leads QS, rootbotz plays 9C -> r2_d2 wins
  Hand: rootbotz +30 / r2_d2 +5 (tricks 8-4)
  Match total: rootbotz 53 - 26 r2_d2
Players: rootbotz vs r2_d2
Dealer: rootbotz  |  Elder: r2_d2
Match scores: 53 - 26
Talon (8): 9C AC 8H JH AH 8S 9S JS
rootbotz hand: 7C 10C JC QC KC 7D 10D AD 7H QS KS AS
r2_d2 hand: 8C 8D 9D JD QD KD 9H 10H QH KH 7S 10S
  Exchange r2_d2: discard 8C 9H 10H 7S 10S -> draw AC 8H JH AH 9S (talon 3 left)
  Exchange rootbotz: discard 7C 7D 7H -> draw 9C 8S JS (talon 0 left)

--- Phase: declare ---
  Declare sequence: rootbotz wins 10 pts (('sequence', 5, 13, 'C'))

--- Phase: tricks ---
  Trick  1: r2_d2 leads AH, rootbotz plays 8S -> r2_d2 wins
  Trick  2: r2_d2 leads AC, rootbotz plays 9C -> r2_d2 wins
  Trick  3: r2_d2 leads KH, rootbotz plays 10D -> r2_d2 wins
  Trick  4: r2_d2 leads QH, rootbotz plays 10C -> r2_d2 wins
  Trick  5: r2_d2 leads KD, rootbotz plays AD -> rootbotz wins
  Trick  6: rootbotz leads AS, r2_d2 plays 9S -> rootbotz wins
  Trick  7: rootbotz leads JS, r2_d2 plays 8H -> rootbotz wins
  Trick  8: rootbotz leads JC, r2_d2 plays 8D -> rootbotz wins
  Trick  9: rootbotz leads QS, r2_d2 plays 9D -> rootbotz wins
  Trick 10: rootbotz leads QC, r2_d2 plays JH -> rootbotz wins
  Trick 11: rootbotz leads KS, r2_d2 plays JD -> rootbotz wins
  Trick 12: rootbotz leads KC, r2_d2 plays QD -> rootbotz wins
  Hand: rootbotz +29 / r2_d2 +4 (tricks 8-4)
  Match total: rootbotz 82 - 30 r2_d2
Players: rootbotz vs r2_d2
Dealer: r2_d2  |  Elder: rootbotz
Match scores: 82 - 30
Talon (8): 9C KC QD 9H JH 10S QS KS
rootbotz hand: JC QC AC JD 7H 10H QH KH AH 9S JS AS
r2_d2 hand: 7C 8C 10C 7D 8D 9D 10D KD AD 8H 7S 8S
  Exchange rootbotz: discard JD 7H 9S JS -> draw 9C KC QD QS (talon 4 left)
  Exchange r2_d2: discard 7C 8H 7S 8S -> draw 9H JH 10S KS (talon 0 left)

--- Phase: declare ---
  Declare point: r2_d2 wins 6 pts (('point', 6, 'D'))
  Declare sequence: rootbotz wins 4 pts (('sequence', 4, 14, 'C'))
  Declare set: rootbotz wins 3 pts (('set', 3, 14))

--- Phase: tricks ---
  Trick  1: rootbotz leads AS, r2_d2 plays 10S -> rootbotz wins
  Trick  2: rootbotz leads AH, r2_d2 plays 9H -> rootbotz wins
  Trick  3: rootbotz leads AC, r2_d2 plays 8C -> rootbotz wins
  Trick  4: rootbotz leads JC, r2_d2 plays 10C -> rootbotz wins
  Trick  5: rootbotz leads QH, r2_d2 plays JH -> rootbotz wins
  Trick  6: rootbotz leads QC, r2_d2 plays 7D -> rootbotz wins
  Trick  7: rootbotz leads KH, r2_d2 plays 8D -> rootbotz wins
  Trick  8: rootbotz leads KC, r2_d2 plays 9D -> rootbotz wins
  Trick  9: rootbotz leads 9C, r2_d2 plays 10D -> rootbotz wins
  Trick 10: rootbotz leads 10H, r2_d2 plays KS -> rootbotz wins
  Trick 11: rootbotz leads QS, r2_d2 plays KD -> rootbotz wins
  Trick 12: rootbotz leads QD, r2_d2 plays AD -> r2_d2 wins
  Hand: rootbotz +28 / r2_d2 +8 (tricks 11-1)
  Match total: rootbotz 110 - 38 r2_d2
  Final: rootbotz 110 - 38 r2_d2
  Winner: rootbotz

============================================================
Game 27
============================================================
Players: r2_d2 vs rootbotz
Dealer: r2_d2  |  Elder: rootbotz
Match scores: 0 - 0
Talon (8): 7C 10D QD KD 9H JH QH JS
r2_d2 hand: 8C 9C 10C JC QC KC AC AD 7H 10H KH AH
rootbotz hand: 7D 8D 9D JD 8H 7S 8S 9S 10S QS KS AS
  Exchange rootbotz: discard 7D 8D 9D JD 8H -> draw 7C QD 9H JH JS (talon 3 left)
  Exchange r2_d2: discard 7H 10H -> draw 10D QH (talon 1 left)

--- Phase: declare ---
  Declare point: rootbotz wins 8 pts (('point', 8, 'S'))
  Declare sequence: rootbotz wins 13 pts (('sequence', 8, 14, 'S'))
  Declare set: r2_d2 wins 3 pts (('set', 3, 14))

--- Phase: tricks ---
  Trick  1: rootbotz leads AS, r2_d2 plays 8C -> rootbotz wins
  Trick  2: rootbotz leads 7S, r2_d2 plays 9C -> rootbotz wins
  Trick  3: rootbotz leads 8S, r2_d2 plays 10D -> rootbotz wins
  Trick  4: rootbotz leads 9S, r2_d2 plays 10C -> rootbotz wins
  Trick  5: rootbotz leads 10S, r2_d2 plays JC -> rootbotz wins
  Trick  6: rootbotz leads JS, r2_d2 plays QC -> rootbotz wins
  Trick  7: rootbotz leads QS, r2_d2 plays QH -> rootbotz wins
  Trick  8: rootbotz leads KS, r2_d2 plays KH -> rootbotz wins
  Trick  9: rootbotz leads 9H, r2_d2 plays AH -> r2_d2 wins
  Trick 10: r2_d2 leads AC, rootbotz plays 7C -> r2_d2 wins
  Trick 11: r2_d2 leads AD, rootbotz plays QD -> r2_d2 wins
  Trick 12: r2_d2 leads KC, rootbotz plays JH -> r2_d2 wins
  Hand: r2_d2 +8 / rootbotz +39 (tricks 4-8)
  Match total: r2_d2 8 - 39 rootbotz
Players: r2_d2 vs rootbotz
Dealer: rootbotz  |  Elder: r2_d2
Match scores: 8 - 39
Talon (8): JD QD KD 7H 9H AH 8S KS
r2_d2 hand: 9C 10C JC KC 7D AD 8H 10H QH 7S 10S JS
rootbotz hand: 7C 8C QC AC 8D 9D 10D JH KH 9S QS AS
  Exchange r2_d2: discard 7D 8H 7S JS -> draw JD QD KD KS (talon 4 left)
  Exchange rootbotz: discard 7C 8C JH 9S -> draw 7H 9H AH 8S (talon 0 left)

--- Phase: declare ---
  Declare point: r2_d2 wins 4 pts (('point', 4, 'D'))
  Declare sequence: r2_d2 wins 4 pts (('sequence', 4, 14, 'D'))
  Declare set: rootbotz wins 3 pts (('set', 3, 14))

--- Phase: tricks ---
  Trick  1: r2_d2 leads AD, rootbotz plays 8D -> r2_d2 wins
  Trick  2: r2_d2 leads KD, rootbotz plays 9D -> r2_d2 wins
  Trick  3: r2_d2 leads QD, rootbotz plays 10D -> r2_d2 wins
  Trick  4: r2_d2 leads KC, rootbotz plays AC -> rootbotz wins
  Trick  5: rootbotz leads AS, r2_d2 plays 10S -> rootbotz wins
  Trick  6: rootbotz leads AH, r2_d2 plays 10H -> rootbotz wins
  Trick  7: rootbotz leads QC, r2_d2 plays 9C -> rootbotz wins
  Trick  8: rootbotz leads 7H, r2_d2 plays QH -> r2_d2 wins
  Trick  9: r2_d2 leads KS, rootbotz plays 8S -> r2_d2 wins
  Trick 10: r2_d2 leads JC, rootbotz plays 9H -> r2_d2 wins
  Trick 11: r2_d2 leads JD, rootbotz plays QS -> r2_d2 wins
  Trick 12: r2_d2 leads 10C, rootbotz plays KH -> r2_d2 wins
  Hand: r2_d2 +27 / rootbotz +7 (tricks 8-4)
  Match total: r2_d2 35 - 46 rootbotz
Players: r2_d2 vs rootbotz
Dealer: r2_d2  |  Elder: rootbotz
Match scores: 35 - 46
Talon (8): JC KC AC 9D JD KD 10S AS
r2_d2 hand: 8C 9C 10C QD AD 7H 8H 10H JH AH JS QS
rootbotz hand: 7C QC 7D 8D 10D 9H QH KH 7S 8S 9S KS
  Exchange rootbotz: discard 7C 7D 8D 10D 9H -> draw JC KC AC 9D AS (talon 3 left)
  Exchange r2_d2: discard QD JS QS -> draw JD KD 10S (talon 0 left)

--- Phase: declare ---
  Declare point: r2_d2 wins 5 pts (('point', 5, 'H'))
  Declare sequence: rootbotz wins 4 pts (('sequence', 4, 14, 'C'))
  Declare set: rootbotz wins 3 pts (('set', 3, 13))

--- Phase: tricks ---
  Trick  1: rootbotz leads AS, r2_d2 plays 10S -> rootbotz wins
  Trick  2: rootbotz leads AC, r2_d2 plays 8C -> rootbotz wins
  Trick  3: rootbotz leads JC, r2_d2 plays 9C -> rootbotz wins
  Trick  4: rootbotz leads QC, r2_d2 plays 10C -> rootbotz wins
  Trick  5: rootbotz leads KS, r2_d2 plays 7H -> rootbotz wins
  Trick  6: rootbotz leads KC, r2_d2 plays 8H -> rootbotz wins
  Trick  7: rootbotz leads QH, r2_d2 plays AH -> r2_d2 wins
  Trick  8: r2_d2 leads AD, rootbotz plays 9D -> r2_d2 wins
  Trick  9: r2_d2 leads KD, rootbotz plays 7S -> r2_d2 wins
  Trick 10: r2_d2 leads JH, rootbotz plays KH -> rootbotz wins
  Trick 11: rootbotz leads 8S, r2_d2 plays 10H -> rootbotz wins
  Trick 12: rootbotz leads 9S, r2_d2 plays JD -> rootbotz wins
  Hand: r2_d2 +8 / rootbotz +27 (tricks 3-9)
  Match total: r2_d2 43 - 73 rootbotz
Players: r2_d2 vs rootbotz
Dealer: rootbotz  |  Elder: r2_d2
Match scores: 43 - 73
Talon (8): 7C 10C 7D JD 8H KH 7S 10S
r2_d2 hand: 8C AC 8D 10D KD AD 9H JH AH 8S KS AS
rootbotz hand: 9C JC QC KC 9D QD 7H 10H QH 9S JS QS
  Exchange r2_d2: discard 8C 9H JH 8S -> draw 10C 7D KH 7S (talon 4 left)
  Exchange rootbotz: discard 9D 7H 10H 9S -> draw 7C JD 8H 10S (talon 0 left)

--- Phase: declare ---
  Declare sequence: rootbotz wins 3 pts (('sequence', 3, 13, 'C'))
  Declare set: r2_d2 wins 14 pts (('set', 4, 14))

--- Phase: tricks ---
  Trick  1: r2_d2 leads AD, rootbotz plays JD -> r2_d2 wins
  Trick  2: r2_d2 leads AS, rootbotz plays 10S -> r2_d2 wins
  Trick  3: r2_d2 leads AH, rootbotz plays 8H -> r2_d2 wins
  Trick  4: r2_d2 leads AC, rootbotz plays 7C -> r2_d2 wins
  Trick  5: r2_d2 leads KD, rootbotz plays QD -> r2_d2 wins
  Trick  6: r2_d2 leads KS, rootbotz plays JS -> r2_d2 wins
  Trick  7: r2_d2 leads KH, rootbotz plays QH -> r2_d2 wins
  Trick  8: r2_d2 leads 10D, rootbotz plays 9C -> r2_d2 wins
  Trick  9: r2_d2 leads 8D, rootbotz plays JC -> r2_d2 wins
  Trick 10: r2_d2 leads 10C, rootbotz plays QC -> rootbotz wins
  Trick 11: rootbotz leads QS, r2_d2 plays 7S -> rootbotz wins
  Trick 12: rootbotz leads KC, r2_d2 plays 7D -> rootbotz wins
  Hand: r2_d2 +33 / rootbotz +7 (tricks 9-3)
  Match total: r2_d2 76 - 80 rootbotz
Players: r2_d2 vs rootbotz
Dealer: r2_d2  |  Elder: rootbotz
Match scores: 76 - 80
Talon (8): QC KC 7D 10D KD JH 9S KS
r2_d2 hand: 8C 10C JC 8D 9D JD QD AD 7H 9H KH 8S
rootbotz hand: 7C 9C AC 8H 10H QH AH 7S 10S JS QS AS
  Exchange rootbotz: discard 7C 9C 8H QH 7S -> draw 7D 10D KD JH KS (talon 3 left)
  Exchange r2_d2: discard 8C 7H 8S -> draw QC KC 9S (talon 0 left)

--- Phase: declare ---
  Declare point: rootbotz wins 5 pts (('point', 5, 'S'))
  Declare sequence: rootbotz wins 10 pts (('sequence', 5, 14, 'S'))
  Declare set: rootbotz wins 3 pts (('set', 3, 14))

--- Phase: tricks ---
  Trick  1: rootbotz leads AS, r2_d2 plays 9S -> rootbotz wins
  Trick  2: rootbotz leads AH, r2_d2 plays 9H -> rootbotz wins
  Trick  3: rootbotz leads AC, r2_d2 plays 10C -> rootbotz wins
  Trick  4: rootbotz leads 10S, r2_d2 plays 8D -> rootbotz wins
  Trick  5: rootbotz leads JS, r2_d2 plays 9D -> rootbotz wins
  Trick  6: rootbotz leads QS, r2_d2 plays JC -> rootbotz wins
  Trick  7: rootbotz leads KS, r2_d2 plays JD -> rootbotz wins
  Trick  8: rootbotz leads 10H, r2_d2 plays KH -> r2_d2 wins
  Trick  9: r2_d2 leads AD, rootbotz plays 7D -> r2_d2 wins
  Trick 10: r2_d2 leads KC, rootbotz plays 10D -> r2_d2 wins
  Trick 11: r2_d2 leads QC, rootbotz plays JH -> r2_d2 wins
  Trick 12: r2_d2 leads QD, rootbotz plays KD -> rootbotz wins
  Hand: r2_d2 +4 / rootbotz +37 (tricks 4-8)
  Match total: r2_d2 80 - 117 rootbotz
  Final: r2_d2 80 - 117 rootbotz
  Winner: rootbotz

============================================================
Game 28
============================================================
Players: rootbotz vs r2_d2
Dealer: rootbotz  |  Elder: r2_d2
Match scores: 0 - 0
Talon (8): QC KC 9D QD KD AD 9S JS
rootbotz hand: 7C 8C 10C 7D 10D JD 7H 9H 10H 7S 10S AS
r2_d2 hand: 9C JC AC 8D 8H JH QH KH AH 8S QS KS
  Exchange r2_d2: discard 9C JC 8D 8S QS -> draw KC 9D KD AD 9S (talon 3 left)
  Exchange rootbotz: discard 7D JD 7S -> draw QC QD JS (talon 0 left)

--- Phase: declare ---
  Declare point: r2_d2 wins 5 pts (('point', 5, 'H'))
  Declare sequence: r2_d2 wins 4 pts (('sequence', 4, 14, 'H'))
  Declare set: r2_d2 wins 3 pts (('set', 3, 14))

--- Phase: tricks ---
  Trick  1: r2_d2 leads AH, rootbotz plays 7H -> r2_d2 wins
  Trick  2: r2_d2 leads AD, rootbotz plays 10D -> r2_d2 wins
  Trick  3: r2_d2 leads AC, rootbotz plays 7C -> r2_d2 wins
  Trick  4: r2_d2 leads KH, rootbotz plays 9H -> r2_d2 wins
  Trick  5: r2_d2 leads QH, rootbotz plays 10H -> r2_d2 wins
  Trick  6: r2_d2 leads KD, rootbotz plays QD -> r2_d2 wins
  Trick  7: r2_d2 leads KC, rootbotz plays 8C -> r2_d2 wins
  Trick  8: r2_d2 leads KS, rootbotz plays AS -> rootbotz wins
  Trick  9: rootbotz leads 10S, r2_d2 plays 9S -> rootbotz wins
  Trick 10: rootbotz leads JS, r2_d2 plays 8H -> rootbotz wins
  Trick 11: rootbotz leads 10C, r2_d2 plays 9D -> rootbotz wins
  Trick 12: rootbotz leads QC, r2_d2 plays JH -> rootbotz wins
  Hand: rootbotz +6 / r2_d2 +29 (tricks 5-7)
  Match total: rootbotz 6 - 29 r2_d2
Players: rootbotz vs r2_d2
Dealer: r2_d2  |  Elder: rootbotz
Match scores: 6 - 29
Talon (8): 8D 9D AD 7S 9S 10S JS QS
rootbotz hand: 7C 8C 9C 10C QC 7D QD KD QH AH 8S AS
r2_d2 hand: JC KC AC 10D JD 7H 8H 9H 10H JH KH KS
  Exchange rootbotz: discard 7D KD 8S -> draw 9S 10S QS (talon 5 left)
  Exchange r2_d2: discard 10D -> draw 8D (talon 4 left)

--- Phase: declare ---
  Declare point: r2_d2 wins 6 pts (('point', 6, 'H'))
  Declare sequence: r2_d2 wins 10 pts (('sequence', 5, 11, 'H'))
  Declare set: r2_d2 wins 3 pts (('set', 3, 13))

--- Phase: tricks ---
  Trick  1: rootbotz leads AS, r2_d2 plays KS -> rootbotz wins
  Trick  2: rootbotz leads AH, r2_d2 plays 7H -> rootbotz wins
  Trick  3: rootbotz leads QS, r2_d2 plays 8D -> rootbotz wins
  Trick  4: rootbotz leads QH, r2_d2 plays KH -> r2_d2 wins
  Trick  5: r2_d2 leads AC, rootbotz plays 7C -> r2_d2 wins
  Trick  6: r2_d2 leads KC, rootbotz plays 8C -> r2_d2 wins
  Trick  7: r2_d2 leads JH, rootbotz plays 9S -> r2_d2 wins
  Trick  8: r2_d2 leads 10H, rootbotz plays 9C -> r2_d2 wins
  Trick  9: r2_d2 leads 9H, rootbotz plays 10S -> r2_d2 wins
  Trick 10: r2_d2 leads JD, rootbotz plays QD -> rootbotz wins
  Trick 11: rootbotz leads 10C, r2_d2 plays JC -> r2_d2 wins
  Trick 12: r2_d2 leads 8H, rootbotz plays QC -> r2_d2 wins
  Hand: rootbotz +4 / r2_d2 +38 (tricks 4-8)
  Match total: rootbotz 10 - 67 r2_d2
Players: rootbotz vs r2_d2
Dealer: rootbotz  |  Elder: r2_d2
Match scores: 10 - 67
Talon (8): KC KD AD 8H KH AH 7S 8S
rootbotz hand: 7C 8C JC 7D 10D QD 7H 9H QH 9S JS KS
r2_d2 hand: 9C 10C QC AC 8D 9D JD 10H JH 10S QS AS
  Exchange r2_d2: discard 8D 9D JD JH QS -> draw KD 8H AH 7S 8S (talon 3 left)
  Exchange rootbotz: discard 7C 8C 7D -> draw KC AD KH (talon 0 left)

--- Phase: declare ---
  Declare point: r2_d2 wins 4 pts (('point', 4, 'C'))
  Declare set: r2_d2 wins 3 pts (('set', 3, 14))

--- Phase: tricks ---
  Trick  1: r2_d2 leads AS, rootbotz plays 9S -> r2_d2 wins
  Trick  2: r2_d2 leads AC, rootbotz plays JC -> r2_d2 wins
  Trick  3: r2_d2 leads AH, rootbotz plays 7H -> r2_d2 wins
  Trick  4: r2_d2 leads QC, rootbotz plays KC -> rootbotz wins
  Trick  5: rootbotz leads AD, r2_d2 plays KD -> rootbotz wins
  Trick  6: rootbotz leads QD, r2_d2 plays 7S -> rootbotz wins
  Trick  7: rootbotz leads 10D, r2_d2 plays 8H -> rootbotz wins
  Trick  8: rootbotz leads QH, r2_d2 plays 10H -> rootbotz wins
  Trick  9: rootbotz leads 9H, r2_d2 plays 8S -> rootbotz wins
  Trick 10: rootbotz leads JS, r2_d2 plays 10S -> rootbotz wins
  Trick 11: rootbotz leads KS, r2_d2 plays 9C -> rootbotz wins
  Trick 12: rootbotz leads KH, r2_d2 plays 10C -> rootbotz wins
  Hand: rootbotz +20 / r2_d2 +10 (tricks 9-3)
  Match total: rootbotz 30 - 77 r2_d2
Players: rootbotz vs r2_d2
Dealer: r2_d2  |  Elder: rootbotz
Match scores: 30 - 77
Talon (8): JC 10D AD 7H JH QH KH QS
rootbotz hand: 10C KC 7D 8D JD 8H 9H 10H 8S 9S 10S AS
r2_d2 hand: 7C 8C 9C QC AC 9D QD KD AH 7S JS KS
  Exchange rootbotz: discard 7D 8D JD 8H 9H -> draw JC 10D 7H JH KH (talon 3 left)
  Exchange r2_d2: discard 9D 7S JS -> draw AD QH QS (talon 0 left)

--- Phase: declare ---
  Declare point: r2_d2 wins 5 pts (('point', 5, 'C'))
  Declare sequence: r2_d2 wins 3 pts (('sequence', 3, 14, 'D'))
  Declare set: r2_d2 wins 3 pts (('set', 3, 14))

--- Phase: tricks ---
  Trick  1: rootbotz leads AS, r2_d2 plays QS -> rootbotz wins
  Trick  2: rootbotz leads 10D, r2_d2 plays QD -> r2_d2 wins
  Trick  3: r2_d2 leads AC, rootbotz plays 10C -> r2_d2 wins
  Trick  4: r2_d2 leads AH, rootbotz plays 7H -> r2_d2 wins
  Trick  5: r2_d2 leads AD, rootbotz plays 8S -> r2_d2 wins
  Trick  6: r2_d2 leads KD, rootbotz plays 9S -> r2_d2 wins
  Trick  7: r2_d2 leads KS, rootbotz plays 10S -> r2_d2 wins
  Trick  8: r2_d2 leads QC, rootbotz plays KC -> rootbotz wins
  Trick  9: rootbotz leads JC, r2_d2 plays 7C -> rootbotz wins
  Trick 10: rootbotz leads 10H, r2_d2 plays QH -> r2_d2 wins
  Trick 11: r2_d2 leads 9C, rootbotz plays JH -> r2_d2 wins
  Trick 12: r2_d2 leads 8C, rootbotz plays KH -> r2_d2 wins
  Hand: rootbotz +3 / r2_d2 +31 (tricks 3-9)
  Match total: rootbotz 33 - 108 r2_d2
  Final: rootbotz 33 - 108 r2_d2
  Winner: r2_d2

============================================================
Game 29
============================================================
Players: r2_d2 vs rootbotz
Dealer: r2_d2  |  Elder: rootbotz
Match scores: 0 - 0
Talon (8): 8C JC 10D JD KD AD AH JS
r2_d2 hand: 9C AC 8D 9D 7H 8H 9H 7S 8S 10S QS KS
rootbotz hand: 7C 10C QC KC 7D QD 10H JH QH KH 9S AS
  Exchange rootbotz: discard 7C 10C KC 7D 9S -> draw JC 10D JD AD AH (talon 3 left)
  Exchange r2_d2: discard 9C 8D 9D -> draw 8C KD JS (talon 0 left)

--- Phase: declare ---
  Declare point: r2_d2 wins 6 pts (('point', 6, 'S'))
  Declare sequence: rootbotz wins 10 pts (('sequence', 5, 14, 'H'))
  Declare set: rootbotz wins 3 pts (('set', 3, 14))

--- Phase: tricks ---
  Trick  1: rootbotz leads AS, r2_d2 plays 7S -> rootbotz wins
  Trick  2: rootbotz leads AH, r2_d2 plays 7H -> rootbotz wins
  Trick  3: rootbotz leads AD, r2_d2 plays KD -> rootbotz wins
  Trick  4: rootbotz leads 10H, r2_d2 plays 8H -> rootbotz wins
  Trick  5: rootbotz leads JH, r2_d2 plays 9H -> rootbotz wins
  Trick  6: rootbotz leads QH, r2_d2 plays 8C -> rootbotz wins
  Trick  7: rootbotz leads KH, r2_d2 plays 8S -> rootbotz wins
  Trick  8: rootbotz leads 10D, r2_d2 plays 10S -> rootbotz wins
  Trick  9: rootbotz leads JD, r2_d2 plays JS -> rootbotz wins
  Trick 10: rootbotz leads JC, r2_d2 plays AC -> r2_d2 wins
  Trick 11: r2_d2 leads KS, rootbotz plays QD -> r2_d2 wins
  Trick 12: r2_d2 leads QS, rootbotz plays QC -> r2_d2 wins
  Hand: r2_d2 +10 / rootbotz +32 (tricks 3-9)
  Match total: r2_d2 10 - 32 rootbotz
Players: r2_d2 vs rootbotz
Dealer: rootbotz  |  Elder: r2_d2
Match scores: 10 - 32
Talon (8): 9C JC QC 7D KD 7H 10H AS
r2_d2 hand: 7C 8C 10C KC 8D 10D JD AD 9H QH KH KS
rootbotz hand: AC 9D QD 8H JH AH 7S 8S 9S 10S JS QS
  Exchange r2_d2: discard 7C 8C 10C 9H QH -> draw 9C QC 7D 10H AS (talon 3 left)
  Exchange rootbotz: discard 9D 8H -> draw KD 7H (talon 1 left)

--- Phase: declare ---
  Declare point: rootbotz wins 6 pts (('point', 6, 'S'))
  Declare sequence: rootbotz wins 11 pts (('sequence', 6, 12, 'S'))
  Declare set: r2_d2 wins 3 pts (('set', 3, 13))

--- Phase: tricks ---
  Trick  1: r2_d2 leads AD, rootbotz plays QD -> r2_d2 wins
  Trick  2: r2_d2 leads AS, rootbotz plays 7S -> r2_d2 wins
  Trick  3: r2_d2 leads KS, rootbotz plays 8S -> r2_d2 wins
  Trick  4: r2_d2 leads JD, rootbotz plays KD -> rootbotz wins
  Trick  5: rootbotz leads AH, r2_d2 plays 10H -> rootbotz wins
  Trick  6: rootbotz leads AC, r2_d2 plays 9C -> rootbotz wins
  Trick  7: rootbotz leads 9S, r2_d2 plays 7D -> rootbotz wins
  Trick  8: rootbotz leads 10S, r2_d2 plays 8D -> rootbotz wins
  Trick  9: rootbotz leads 7H, r2_d2 plays KH -> r2_d2 wins
  Trick 10: r2_d2 leads KC, rootbotz plays JH -> r2_d2 wins
  Trick 11: r2_d2 leads QC, rootbotz plays JS -> r2_d2 wins
  Trick 12: r2_d2 leads 10D, rootbotz plays QS -> r2_d2 wins
  Hand: r2_d2 +21 / rootbotz +22 (tricks 7-5)
  Match total: r2_d2 31 - 54 rootbotz
Players: r2_d2 vs rootbotz
Dealer: r2_d2  |  Elder: rootbotz
Match scores: 31 - 54
Talon (8): 7C JC QD KD 10H AH 10S AS
r2_d2 hand: 8C 9C QC 7D 8D 8H 9H QH 7S 8S 9S KS
rootbotz hand: 10C KC AC 9D 10D JD AD 7H JH KH JS QS
  Exchange rootbotz: discard 10C KC AC 7H -> draw 7C JC QD AS (talon 4 left)
  Exchange r2_d2: discard 8C 7D 8D 8H -> draw KD 10H AH 10S (talon 0 left)

--- Phase: declare ---
  Declare point: rootbotz wins 5 pts (('point', 5, 'D'))
  Declare sequence: rootbotz wins 4 pts (('sequence', 4, 12, 'D'))
  Declare set: rootbotz wins 14 pts (('set', 4, 11))

--- Phase: tricks ---
  Trick  1: rootbotz leads AS, r2_d2 plays 7S -> rootbotz wins
  Trick  2: rootbotz leads AD, r2_d2 plays KD -> rootbotz wins
  Trick  3: rootbotz leads 9D, r2_d2 plays 8S -> rootbotz wins
  Trick  4: rootbotz leads 10D, r2_d2 plays 9C -> rootbotz wins
  Trick  5: rootbotz leads JS, r2_d2 plays KS -> r2_d2 wins
  Trick  6: r2_d2 leads AH, rootbotz plays JH -> r2_d2 wins
  Trick  7: r2_d2 leads QH, rootbotz plays KH -> rootbotz wins
  Trick  8: rootbotz leads JD, r2_d2 plays 9H -> rootbotz wins
  Trick  9: rootbotz leads JC, r2_d2 plays QC -> r2_d2 wins
  Trick 10: r2_d2 leads 10S, rootbotz plays QS -> rootbotz wins
  Trick 11: rootbotz leads QD, r2_d2 plays 9S -> rootbotz wins
  Trick 12: rootbotz leads 7C, r2_d2 plays 10H -> rootbotz wins
  Hand: r2_d2 +3 / rootbotz +43 (tricks 3-9)
  Match total: r2_d2 34 - 97 rootbotz
Players: r2_d2 vs rootbotz
Dealer: rootbotz  |  Elder: r2_d2
Match scores: 34 - 97
Talon (8): 8C 10C KC AC QD AD KH AH
r2_d2 hand: 9C QC 7D 8D 9D JD 7H 9H JH QH JS AS
rootbotz hand: 7C JC 10D KD 8H 10H 7S 8S 9S 10S QS KS
  Exchange r2_d2: discard 9C QC 7H 9H QH -> draw 8C QD AD KH AH (talon 3 left)
  Exchange rootbotz: discard 7C JC KS -> draw 10C KC AC (talon 0 left)

--- Phase: declare ---
  Declare point: r2_d2 wins 6 pts (('point', 6, 'D'))
  Declare sequence: rootbotz wins 4 pts (('sequence', 4, 10, 'S'))
  Declare set: r2_d2 wins 3 pts (('set', 3, 14))

--- Phase: tricks ---
  Trick  1: r2_d2 leads AD, rootbotz plays 10D -> r2_d2 wins
  Trick  2: r2_d2 leads AH, rootbotz plays 8H -> r2_d2 wins
  Trick  3: r2_d2 leads AS, rootbotz plays 7S -> r2_d2 wins
  Trick  4: r2_d2 leads KH, rootbotz plays 10H -> r2_d2 wins
  Trick  5: r2_d2 leads QD, rootbotz plays KD -> rootbotz wins
  Trick  6: rootbotz leads AC, r2_d2 plays 8C -> rootbotz wins
  Trick  7: rootbotz leads 10C, r2_d2 plays 7D -> rootbotz wins
  Trick  8: rootbotz leads KC, r2_d2 plays 8D -> rootbotz wins
  Trick  9: rootbotz leads 8S, r2_d2 plays JS -> r2_d2 wins
  Trick 10: r2_d2 leads JD, rootbotz plays 9S -> r2_d2 wins
  Trick 11: r2_d2 leads JH, rootbotz plays 10S -> r2_d2 wins
  Trick 12: r2_d2 leads 9D, rootbotz plays QS -> r2_d2 wins
  Hand: r2_d2 +28 / rootbotz +8 (tricks 8-4)
  Match total: r2_d2 62 - 105 rootbotz
  Final: r2_d2 62 - 105 rootbotz
  Winner: rootbotz

============================================================
Game 30
============================================================
Players: rootbotz vs r2_d2
Dealer: rootbotz  |  Elder: r2_d2
Match scores: 0 - 0
Talon (8): 8C KC 9D AD 7H JH JS KS
rootbotz hand: 10C QC AC 8D 10D QD 8H 9H AH 8S 10S QS
r2_d2 hand: 7C 9C JC 7D JD KD 10H QH KH 7S 9S AS
  Exchange r2_d2: discard 7C 9C 7D 7S 9S -> draw KC AD 7H JS KS (talon 3 left)
  Exchange rootbotz: discard 8D 10D 8H -> draw 8C 9D JH (talon 0 left)

--- Phase: declare ---
  Declare point: rootbotz wins 4 pts (('point', 4, 'C'))
  Declare set: r2_d2 wins 14 pts (('set', 4, 13))

--- Phase: tricks ---
  Trick  1: r2_d2 leads AS, rootbotz plays 8S -> r2_d2 wins
  Trick  2: r2_d2 leads AD, rootbotz plays 9D -> r2_d2 wins
  Trick  3: r2_d2 leads KD, rootbotz plays QD -> r2_d2 wins
  Trick  4: r2_d2 leads KS, rootbotz plays 10S -> r2_d2 wins
  Trick  5: r2_d2 leads KH, rootbotz plays AH -> rootbotz wins
  Trick  6: rootbotz leads AC, r2_d2 plays JC -> rootbotz wins
  Trick  7: rootbotz leads 8C, r2_d2 plays KC -> r2_d2 wins
  Trick  8: r2_d2 leads QH, rootbotz plays 9H -> r2_d2 wins
  Trick  9: r2_d2 leads 10H, rootbotz plays JH -> rootbotz wins
  Trick 10: rootbotz leads 10C, r2_d2 plays 7H -> rootbotz wins
  Trick 11: rootbotz leads QS, r2_d2 plays JS -> rootbotz wins
  Trick 12: rootbotz leads QC, r2_d2 plays JD -> rootbotz wins
  Hand: rootbotz +11 / r2_d2 +20 (tricks 6-6)
  Match total: rootbotz 11 - 20 r2_d2
Players: rootbotz vs r2_d2
Dealer: r2_d2  |  Elder: rootbotz
Match scores: 11 - 20
Talon (8): 8C QC 10D AD 7H 8H 10H KS
rootbotz hand: 7C 9C JC KC AC 9D KD KH AH 7S JS QS
r2_d2 hand: 10C 7D 8D JD QD 9H JH QH 8S 9S 10S AS
  Exchange rootbotz: discard 7C 9D 7S JS QS -> draw QC 10D AD 7H 8H (talon 3 left)
  Exchange r2_d2: discard 10C 9H JH -> draw 8C 10H KS (talon 0 left)

--- Phase: declare ---
  Declare point: rootbotz wins 5 pts (('point', 5, 'C'))
  Declare sequence: rootbotz wins 4 pts (('sequence', 4, 14, 'C'))
  Declare set: rootbotz wins 3 pts (('set', 3, 14))

--- Phase: tricks ---
  Trick  1: rootbotz leads AH, r2_d2 plays 10H -> rootbotz wins
  Trick  2: rootbotz leads AD, r2_d2 plays 7D -> rootbotz wins
  Trick  3: rootbotz leads AC, r2_d2 plays 8C -> rootbotz wins
  Trick  4: rootbotz leads JC, r2_d2 plays 8D -> rootbotz wins
  Trick  5: rootbotz leads QC, r2_d2 plays 8S -> rootbotz wins
  Trick  6: rootbotz leads KH, r2_d2 plays QH -> rootbotz wins
  Trick  7: rootbotz leads KD, r2_d2 plays JD -> rootbotz wins
  Trick  8: rootbotz leads KC, r2_d2 plays 9S -> rootbotz wins
  Trick  9: rootbotz leads 9C, r2_d2 plays 10S -> rootbotz wins
  Trick 10: rootbotz leads 10D, r2_d2 plays QD -> r2_d2 wins
  Trick 11: r2_d2 leads AS, rootbotz plays 7H -> r2_d2 wins
  Trick 12: r2_d2 leads KS, rootbotz plays 8H -> r2_d2 wins
  Hand: rootbotz +31 / r2_d2 +4 (tricks 9-3)
  Match total: rootbotz 42 - 24 r2_d2
Players: rootbotz vs r2_d2
Dealer: rootbotz  |  Elder: r2_d2
Match scores: 42 - 24
Talon (8): 7C JC KC AC 7D QS KS AS
rootbotz hand: 10C JD KD AD 7H 8H 10H JH QH KH 7S 9S
r2_d2 hand: 8C 9C QC 8D 9D 10D QD 9H AH 8S 10S JS
  Exchange r2_d2: discard 8C 9C 9H 8S 10S -> draw JC AC 7D KS AS (talon 3 left)
  Exchange rootbotz: discard 10C 7S 9S -> draw 7C KC QS (talon 0 left)

--- Phase: declare ---
  Declare point: rootbotz wins 6 pts (('point', 6, 'H'))
  Declare sequence: rootbotz wins 4 pts (('sequence', 4, 13, 'H'))
  Declare set: r2_d2 wins 3 pts (('set', 3, 14))

--- Phase: tricks ---
  Trick  1: r2_d2 leads AS, rootbotz plays QS -> r2_d2 wins
  Trick  2: r2_d2 leads AC, rootbotz plays 7C -> r2_d2 wins
  Trick  3: r2_d2 leads AH, rootbotz plays 7H -> r2_d2 wins
  Trick  4: r2_d2 leads KS, rootbotz plays 8H -> r2_d2 wins
  Trick  5: r2_d2 leads QD, rootbotz plays KD -> rootbotz wins
  Trick  6: rootbotz leads AD, r2_d2 plays 7D -> rootbotz wins
  Trick  7: rootbotz leads JD, r2_d2 plays 8D -> rootbotz wins
  Trick  8: rootbotz leads 10H, r2_d2 plays 9D -> rootbotz wins
  Trick  9: rootbotz leads JH, r2_d2 plays 10D -> rootbotz wins
  Trick 10: rootbotz leads QH, r2_d2 plays JS -> rootbotz wins
  Trick 11: rootbotz leads KH, r2_d2 plays JC -> rootbotz wins
  Trick 12: rootbotz leads KC, r2_d2 plays QC -> rootbotz wins
  Hand: rootbotz +29 / r2_d2 +7 (tricks 8-4)
  Match total: rootbotz 71 - 31 r2_d2
Players: rootbotz vs r2_d2
Dealer: r2_d2  |  Elder: rootbotz
Match scores: 71 - 31
Talon (8): JC AC 9D 9H AH 9S QS AS
rootbotz hand: 7C 8C 10C 7D JD KD 7H JH QH 8S 10S KS
r2_d2 hand: 9C QC KC 8D 10D QD AD 8H 10H KH 7S JS
  Exchange rootbotz: discard 7C 8C 10C 7D 8S -> draw AC 9D 9S QS AS (talon 3 left)
  Exchange r2_d2: discard 9C 8H 7S -> draw JC 9H AH (talon 0 left)

--- Phase: declare ---
  Declare point: rootbotz wins 5 pts (('point', 5, 'S'))
  Declare sequence: rootbotz wins 3 pts (('sequence', 3, 14, 'S'))

--- Phase: tricks ---
  Trick  1: rootbotz leads AS, r2_d2 plays JS -> rootbotz wins
  Trick  2: rootbotz leads AC, r2_d2 plays JC -> rootbotz wins
  Trick  3: rootbotz leads QS, r2_d2 plays 8D -> rootbotz wins
  Trick  4: rootbotz leads KS, r2_d2 plays 9H -> rootbotz wins
  Trick  5: rootbotz leads 9S, r2_d2 plays 10D -> rootbotz wins
  Trick  6: rootbotz leads 10S, r2_d2 plays 10H -> rootbotz wins
  Trick  7: rootbotz leads KD, r2_d2 plays AD -> r2_d2 wins
  Trick  8: r2_d2 leads AH, rootbotz plays 7H -> r2_d2 wins
  Trick  9: r2_d2 leads KC, rootbotz plays 9D -> r2_d2 wins
  Trick 10: r2_d2 leads KH, rootbotz plays JH -> r2_d2 wins
  Trick 11: r2_d2 leads QC, rootbotz plays JD -> r2_d2 wins
  Trick 12: r2_d2 leads QD, rootbotz plays QH -> r2_d2 wins
  Hand: rootbotz +14 / r2_d2 +7 (tricks 6-6)
  Match total: rootbotz 85 - 38 r2_d2
Players: rootbotz vs r2_d2
Dealer: rootbotz  |  Elder: r2_d2
Match scores: 85 - 38
Talon (8): 9C 7D 8H JH AH 9S 10S QS
rootbotz hand: 7C JC AC QD KD AD 7H 9H 10H 8S JS AS
r2_d2 hand: 8C 10C QC KC 8D 9D 10D JD QH KH 7S KS
  Exchange r2_d2: discard 8C 10C QC QH 7S -> draw 7D 8H JH 9S QS (talon 3 left)
  Exchange rootbotz: discard 7C 8S JS -> draw 9C AH 10S (talon 0 left)

--- Phase: declare ---
  Declare point: r2_d2 wins 5 pts (('point', 5, 'D'))
  Declare sequence: r2_d2 wins 10 pts (('sequence', 5, 11, 'D'))
  Declare set: rootbotz wins 14 pts (('set', 4, 14))

--- Phase: tricks ---
  Trick  1: r2_d2 leads JD, rootbotz plays QD -> rootbotz wins
  Trick  2: rootbotz leads AS, r2_d2 plays 9S -> rootbotz wins
  Trick  3: rootbotz leads AH, r2_d2 plays 8H -> rootbotz wins
  Trick  4: rootbotz leads AC, r2_d2 plays KC -> rootbotz wins
  Trick  5: rootbotz leads AD, r2_d2 plays 7D -> rootbotz wins
  Trick  6: rootbotz leads KD, r2_d2 plays 8D -> rootbotz wins
  Trick  7: rootbotz leads 7H, r2_d2 plays JH -> r2_d2 wins
  Trick  8: r2_d2 leads KS, rootbotz plays 10S -> r2_d2 wins
  Trick  9: r2_d2 leads KH, rootbotz plays 9H -> r2_d2 wins
  Trick 10: r2_d2 leads QS, rootbotz plays 9C -> r2_d2 wins
  Trick 11: r2_d2 leads 10D, rootbotz plays 10H -> r2_d2 wins
  Trick 12: r2_d2 leads 9D, rootbotz plays JC -> r2_d2 wins
  Hand: rootbotz +20 / r2_d2 +22 (tricks 6-6)
  Match total: rootbotz 105 - 60 r2_d2
  Final: rootbotz 105 - 60 r2_d2
  Winner: rootbotz

============================================================
Game 31
============================================================
Players: r2_d2 vs rootbotz
Dealer: r2_d2  |  Elder: rootbotz
Match scores: 0 - 0
Talon (8): 10C JC 9D 10D QH 7S 8S 9S
r2_d2 hand: 7C 9C KD 9H 10H JH KH AH 10S QS KS AS
rootbotz hand: 8C QC KC AC 7D 8D JD QD AD 7H 8H JS
  Exchange rootbotz: discard 8D JD 7H 8H JS -> draw JC 9D 10D QH 7S (talon 3 left)
  Exchange r2_d2: discard 7C 9C 10S -> draw 10C 8S 9S (talon 0 left)

--- Phase: declare ---
  Declare point: r2_d2 wins 5 pts (('point', 5, 'H'))
  Declare sequence: rootbotz wins 4 pts (('sequence', 4, 14, 'C'))
  Declare set: r2_d2 wins 3 pts (('set', 3, 13))

--- Phase: tricks ---
  Trick  1: rootbotz leads AD, r2_d2 plays KD -> rootbotz wins
  Trick  2: rootbotz leads AC, r2_d2 plays 10C -> rootbotz wins
  Trick  3: rootbotz leads JC, r2_d2 plays 8S -> rootbotz wins
  Trick  4: rootbotz leads QC, r2_d2 plays 9S -> rootbotz wins
  Trick  5: rootbotz leads KC, r2_d2 plays 9H -> rootbotz wins
  Trick  6: rootbotz leads 8C, r2_d2 plays 10H -> rootbotz wins
  Trick  7: rootbotz leads 7D, r2_d2 plays JH -> rootbotz wins
  Trick  8: rootbotz leads 9D, r2_d2 plays QS -> rootbotz wins
  Trick  9: rootbotz leads 10D, r2_d2 plays KH -> rootbotz wins
  Trick 10: rootbotz leads 7S, r2_d2 plays KS -> r2_d2 wins
  Trick 11: r2_d2 leads AS, rootbotz plays QD -> r2_d2 wins
  Trick 12: r2_d2 leads AH, rootbotz plays QH -> r2_d2 wins
  Hand: r2_d2 +12 / rootbotz +23 (tricks 3-9)
  Match total: r2_d2 12 - 23 rootbotz
Players: r2_d2 vs rootbotz
Dealer: rootbotz  |  Elder: r2_d2
Match scores: 12 - 23
Talon (8): 8C JC 7D 10H QH 9S 10S QS
r2_d2 hand: 7C 10C QC AC KD 7H 8H 9H AH 7S 8S KS
rootbotz hand: 9C KC 8D 9D 10D JD QD AD JH KH JS AS
  Exchange r2_d2: discard 7C 10C QC 7S 8S -> draw 8C JC 10H QH 10S (talon 3 left)
  Exchange rootbotz: discard 9C KC KH -> draw 7D 9S QS (talon 0 left)

--- Phase: declare ---
  Declare point: rootbotz wins 7 pts (('point', 7, 'D'))
  Declare sequence: rootbotz wins 11 pts (('sequence', 6, 12, 'D'))
  Declare set: rootbotz wins 3 pts (('set', 3, 11))

--- Phase: tricks ---
  Trick  1: r2_d2 leads AH, rootbotz plays JH -> r2_d2 wins
  Trick  2: r2_d2 leads AC, rootbotz plays 7D -> r2_d2 wins
  Trick  3: r2_d2 leads QH, rootbotz plays 8D -> r2_d2 wins
  Trick  4: r2_d2 leads 10H, rootbotz plays 9S -> r2_d2 wins
  Trick  5: r2_d2 leads 9H, rootbotz plays 9D -> r2_d2 wins
  Trick  6: r2_d2 leads KS, rootbotz plays AS -> rootbotz wins
  Trick  7: rootbotz leads AD, r2_d2 plays KD -> rootbotz wins
  Trick  8: rootbotz leads JS, r2_d2 plays 10S -> rootbotz wins
  Trick  9: rootbotz leads QS, r2_d2 plays 7H -> rootbotz wins
  Trick 10: rootbotz leads 10D, r2_d2 plays 8H -> rootbotz wins
  Trick 11: rootbotz leads JD, r2_d2 plays 8C -> rootbotz wins
  Trick 12: rootbotz leads QD, r2_d2 plays JC -> rootbotz wins
  Hand: r2_d2 +5 / rootbotz +39 (tricks 5-7)
  Match total: r2_d2 17 - 62 rootbotz
Players: r2_d2 vs rootbotz
Dealer: r2_d2  |  Elder: rootbotz
Match scores: 17 - 62
Talon (8): 10C 8D AD JH AH 7S 9S KS
r2_d2 hand: 7C 8C 9C KC 10D JD QD KD 7H QH KH QS
rootbotz hand: JC QC AC 7D 9D 8H 9H 10H 8S 10S JS AS
  Exchange rootbotz: discard QC 7D 9D 8S 10S -> draw 10C AD JH 9S KS (talon 3 left)
  Exchange r2_d2: discard 7H -> draw 8D (talon 2 left)

--- Phase: declare ---
  Declare point: r2_d2 wins 5 pts (('point', 5, 'D'))
  Declare sequence: r2_d2 wins 4 pts (('sequence', 4, 13, 'D'))
  Declare set: rootbotz wins 3 pts (('set', 3, 14))

--- Phase: tricks ---
  Trick  1: rootbotz leads AS, r2_d2 plays QS -> rootbotz wins
  Trick  2: rootbotz leads AD, r2_d2 plays 8D -> rootbotz wins
  Trick  3: rootbotz leads AC, r2_d2 plays 7C -> rootbotz wins
  Trick  4: rootbotz leads KS, r2_d2 plays 8C -> rootbotz wins
  Trick  5: rootbotz leads 9S, r2_d2 plays 9C -> rootbotz wins
  Trick  6: rootbotz leads 10C, r2_d2 plays KC -> r2_d2 wins
  Trick  7: r2_d2 leads KD, rootbotz plays 8H -> r2_d2 wins
  Trick  8: r2_d2 leads QD, rootbotz plays 9H -> r2_d2 wins
  Trick  9: r2_d2 leads KH, rootbotz plays 10H -> r2_d2 wins
  Trick 10: r2_d2 leads JD, rootbotz plays JS -> r2_d2 wins
  Trick 11: r2_d2 leads QH, rootbotz plays JH -> r2_d2 wins
  Trick 12: r2_d2 leads 10D, rootbotz plays JC -> r2_d2 wins
  Hand: r2_d2 +27 / rootbotz +8 (tricks 7-5)
  Match total: r2_d2 44 - 70 rootbotz
Players: r2_d2 vs rootbotz
Dealer: rootbotz  |  Elder: r2_d2
Match scores: 44 - 70
Talon (8): 8C JC 9D AD 8H JH AH JS
r2_d2 hand: 9C 10C AC 10D JD KD 7H QH 7S 8S 9S 10S
rootbotz hand: 7C QC KC 7D 8D QD 9H 10H KH QS KS AS
  Exchange r2_d2: discard 9C JD 7H QH -> draw 8C AD 8H JS (talon 4 left)
  Exchange rootbotz: discard 7D 8D QD 9H -> draw JC 9D JH AH (talon 0 left)

--- Phase: declare ---
  Declare point: r2_d2 wins 5 pts (('point', 5, 'S'))
  Declare sequence: r2_d2 wins 10 pts (('sequence', 5, 11, 'S'))
  Declare set: rootbotz wins 3 pts (('set', 3, 13))

--- Phase: tricks ---
  Trick  1: r2_d2 leads AC, rootbotz plays 7C -> r2_d2 wins
  Trick  2: r2_d2 leads AD, rootbotz plays 9D -> r2_d2 wins
  Trick  3: r2_d2 leads KD, rootbotz plays 10H -> r2_d2 wins
  Trick  4: r2_d2 leads JS, rootbotz plays QS -> rootbotz wins
  Trick  5: rootbotz leads AH, r2_d2 plays 8H -> rootbotz wins
  Trick  6: rootbotz leads AS, r2_d2 plays 7S -> rootbotz wins
  Trick  7: rootbotz leads JH, r2_d2 plays 8C -> rootbotz wins
  Trick  8: rootbotz leads JC, r2_d2 plays 10C -> rootbotz wins
  Trick  9: rootbotz leads QC, r2_d2 plays 8S -> rootbotz wins
  Trick 10: rootbotz leads KH, r2_d2 plays 9S -> rootbotz wins
  Trick 11: rootbotz leads KC, r2_d2 plays 10D -> rootbotz wins
  Trick 12: rootbotz leads KS, r2_d2 plays 10S -> rootbotz wins
  Hand: r2_d2 +18 / rootbotz +23 (tricks 3-9)
  Match total: r2_d2 62 - 93 rootbotz
Players: r2_d2 vs rootbotz
Dealer: r2_d2  |  Elder: rootbotz
Match scores: 62 - 93
Talon (8): 7C JC 9D QD KD AD JH QH
r2_d2 hand: QC KC AC JD 7H 8H 9H AH 9S QS KS AS
rootbotz hand: 8C 9C 10C 7D 8D 10D 10H KH 7S 8S 10S JS
  Exchange rootbotz: discard 8D KH 7S 8S JS -> draw JC 9D QD KD AD (talon 3 left)
  Exchange r2_d2: discard JD -> draw QH (talon 2 left)

--- Phase: declare ---
  Declare point: rootbotz wins 6 pts (('point', 6, 'D'))
  Declare sequence: rootbotz wins 4 pts (('sequence', 4, 11, 'C'))
  Declare set: r2_d2 wins 3 pts (('set', 3, 14))

--- Phase: tricks ---
  Trick  1: rootbotz leads AD, r2_d2 plays 7H -> rootbotz wins
  Trick  2: rootbotz leads QD, r2_d2 plays 8H -> rootbotz wins
  Trick  3: rootbotz leads KD, r2_d2 plays 9H -> rootbotz wins
  Trick  4: rootbotz leads 7D, r2_d2 plays 9S -> rootbotz wins
  Trick  5: rootbotz leads 9D, r2_d2 plays QH -> rootbotz wins
  Trick  6: rootbotz leads 10D, r2_d2 plays QC -> rootbotz wins
  Trick  7: rootbotz leads 8C, r2_d2 plays KC -> r2_d2 wins
  Trick  8: r2_d2 leads AS, rootbotz plays 10S -> r2_d2 wins
  Trick  9: r2_d2 leads AC, rootbotz plays 9C -> r2_d2 wins
  Trick 10: r2_d2 leads AH, rootbotz plays 10H -> r2_d2 wins
  Trick 11: r2_d2 leads KS, rootbotz plays 10C -> r2_d2 wins
  Trick 12: r2_d2 leads QS, rootbotz plays JC -> r2_d2 wins
  Hand: r2_d2 +10 / rootbotz +16 (tricks 6-6)
  Match total: r2_d2 72 - 109 rootbotz
  Final: r2_d2 72 - 109 rootbotz
  Winner: rootbotz

============================================================
Game 32
============================================================
Players: rootbotz vs r2_d2
Dealer: rootbotz  |  Elder: r2_d2
Match scores: 0 - 0
Talon (8): 10D JD 9H QH AH 8S 9S AS
rootbotz hand: 7C 9C 10C 7D 8D QD AD 7H KH 7S 10S QS
r2_d2 hand: 8C JC QC KC AC 9D KD 8H 10H JH JS KS
  Exchange r2_d2: discard 9D 8H 10H -> draw 10D 8S AS (talon 5 left)
  Exchange rootbotz: discard 7C 9C 10C 7H 7S -> draw JD 9H QH AH 9S (talon 0 left)

--- Phase: declare ---
  Declare point: r2_d2 wins 5 pts (('point', 5, 'C'))
  Declare sequence: r2_d2 wins 4 pts (('sequence', 4, 14, 'C'))
  Declare set: r2_d2 wins 3 pts (('set', 3, 13))

--- Phase: tricks ---
  Trick  1: r2_d2 leads AC, rootbotz plays 7D -> r2_d2 wins
  Trick  2: r2_d2 leads AS, rootbotz plays 9S -> r2_d2 wins
  Trick  3: r2_d2 leads KC, rootbotz plays 8D -> r2_d2 wins
  Trick  4: r2_d2 leads KS, rootbotz plays 10S -> r2_d2 wins
  Trick  5: r2_d2 leads QC, rootbotz plays 9H -> r2_d2 wins
  Trick  6: r2_d2 leads KD, rootbotz plays AD -> rootbotz wins
  Trick  7: rootbotz leads AH, r2_d2 plays JH -> rootbotz wins
  Trick  8: rootbotz leads QH, r2_d2 plays 8C -> rootbotz wins
  Trick  9: rootbotz leads KH, r2_d2 plays 8S -> rootbotz wins
  Trick 10: rootbotz leads JD, r2_d2 plays 10D -> rootbotz wins
  Trick 11: rootbotz leads QS, r2_d2 plays JS -> rootbotz wins
  Trick 12: rootbotz leads QD, r2_d2 plays JC -> rootbotz wins
  Hand: rootbotz +18 / r2_d2 +17 (tricks 7-5)
  Match total: rootbotz 18 - 17 r2_d2
Players: rootbotz vs r2_d2
Dealer: r2_d2  |  Elder: rootbotz
Match scores: 18 - 17
Talon (8): QC JD QD AD 8H 9H 7S JS
rootbotz hand: 7C 8C 9C JC 10D JH QH AH 9S 10S KS AS
r2_d2 hand: 10C KC AC 7D 8D 9D KD 7H 10H KH 8S QS
  Exchange rootbotz: discard 10D 9S 10S KS -> draw QD 9H 7S JS (talon 4 left)
  Exchange r2_d2: discard 10C 7H 10H 8S -> draw QC JD AD 8H (talon 0 left)

--- Phase: declare ---
  Declare point: r2_d2 wins 6 pts (('point', 6, 'D'))
  Declare sequence: r2_d2 wins 3 pts (('sequence', 3, 14, 'C'))
  Declare set: r2_d2 wins 3 pts (('set', 3, 13))

--- Phase: tricks ---
  Trick  1: rootbotz leads AS, r2_d2 plays QS -> rootbotz wins
  Trick  2: rootbotz leads AH, r2_d2 plays 8H -> rootbotz wins
  Trick  3: rootbotz leads JS, r2_d2 plays 7D -> rootbotz wins
  Trick  4: rootbotz leads JH, r2_d2 plays KH -> r2_d2 wins
  Trick  5: r2_d2 leads AD, rootbotz plays QD -> r2_d2 wins
  Trick  6: r2_d2 leads AC, rootbotz plays 7C -> r2_d2 wins
  Trick  7: r2_d2 leads KD, rootbotz plays 7S -> r2_d2 wins
  Trick  8: r2_d2 leads KC, rootbotz plays 8C -> r2_d2 wins
  Trick  9: r2_d2 leads QC, rootbotz plays 9C -> r2_d2 wins
  Trick 10: r2_d2 leads JD, rootbotz plays 9H -> r2_d2 wins
  Trick 11: r2_d2 leads 9D, rootbotz plays JC -> r2_d2 wins
  Trick 12: r2_d2 leads 8D, rootbotz plays QH -> r2_d2 wins
  Hand: rootbotz +3 / r2_d2 +32 (tricks 3-9)
  Match total: rootbotz 21 - 49 r2_d2
Players: rootbotz vs r2_d2
Dealer: rootbotz  |  Elder: r2_d2
Match scores: 21 - 49
Talon (8): 7C 9C QC 10D 9H JH AH 7S
rootbotz hand: 8C 10C JC 9D JD QD AD 7H 8H 10H QH KS
r2_d2 hand: KC AC 7D 8D KD KH 8S 9S 10S JS QS AS
  Exchange r2_d2: discard 7D 8D -> draw JH 7S (talon 6 left)
  Exchange rootbotz: discard 8C 10C 7H 8H 10H QH -> draw 7C 9C QC 10D 9H AH (talon 0 left)

--- Phase: declare ---
  Declare point: r2_d2 wins 7 pts (('point', 7, 'S'))
  Declare sequence: r2_d2 wins 11 pts (('sequence', 6, 12, 'S'))
  Declare set: r2_d2 wins 3 pts (('set', 3, 13))

--- Phase: tricks ---
  Trick  1: r2_d2 leads AS, rootbotz plays KS -> r2_d2 wins
  Trick  2: r2_d2 leads AC, rootbotz plays 7C -> r2_d2 wins
  Trick  3: r2_d2 leads KC, rootbotz plays 9C -> r2_d2 wins
  Trick  4: r2_d2 leads QS, rootbotz plays 9H -> r2_d2 wins
  Trick  5: r2_d2 leads JS, rootbotz plays 9D -> r2_d2 wins
  Trick  6: r2_d2 leads 10S, rootbotz plays 10D -> r2_d2 wins
  Trick  7: r2_d2 leads 9S, rootbotz plays JC -> r2_d2 wins
  Trick  8: r2_d2 leads KH, rootbotz plays AH -> rootbotz wins
  Trick  9: rootbotz leads AD, r2_d2 plays KD -> rootbotz wins
  Trick 10: rootbotz leads QC, r2_d2 plays 7S -> rootbotz wins
  Trick 11: rootbotz leads JD, r2_d2 plays 8S -> rootbotz wins
  Trick 12: rootbotz leads QD, r2_d2 plays JH -> rootbotz wins
  Hand: rootbotz +6 / r2_d2 +38 (tricks 5-7)
  Match total: rootbotz 27 - 87 r2_d2
Players: rootbotz vs r2_d2
Dealer: r2_d2  |  Elder: rootbotz
Match scores: 27 - 87
Talon (8): 7C JC QC AC 8D JD KH 8S
rootbotz hand: KC 9D AD 8H 9H JH QH AH 7S JS QS KS
r2_d2 hand: 8C 9C 10C 7D 10D QD KD 7H 10H 9S 10S AS
  Exchange rootbotz: discard 9D 8H 9H JH 7S -> draw JC AC 8D KH 8S (talon 3 left)
  Exchange r2_d2: discard 7H 9S -> draw 7C QC (talon 1 left)

--- Phase: declare ---
  Declare point: r2_d2 wins 5 pts (('point', 5, 'C'))
  Declare sequence: r2_d2 wins 4 pts (('sequence', 4, 10, 'C'))
  Declare set: rootbotz wins 3 pts (('set', 3, 14))

--- Phase: tricks ---
  Trick  1: rootbotz leads AH, r2_d2 plays 10H -> rootbotz wins
  Trick  2: rootbotz leads AD, r2_d2 plays 7D -> rootbotz wins
  Trick  3: rootbotz leads AC, r2_d2 plays 7C -> rootbotz wins
  Trick  4: rootbotz leads QH, r2_d2 plays 8C -> rootbotz wins
  Trick  5: rootbotz leads KH, r2_d2 plays 9C -> rootbotz wins
  Trick  6: rootbotz leads KC, r2_d2 plays 10C -> rootbotz wins
  Trick  7: rootbotz leads JS, r2_d2 plays AS -> r2_d2 wins
  Trick  8: r2_d2 leads KD, rootbotz plays 8D -> r2_d2 wins
  Trick  9: r2_d2 leads QD, rootbotz plays 8S -> r2_d2 wins
  Trick 10: r2_d2 leads QC, rootbotz plays JC -> r2_d2 wins
  Trick 11: r2_d2 leads 10D, rootbotz plays QS -> r2_d2 wins
  Trick 12: r2_d2 leads 10S, rootbotz plays KS -> rootbotz wins
  Hand: rootbotz +21 / r2_d2 +14 (tricks 7-5)
  Match total: rootbotz 48 - 101 r2_d2
  Final: rootbotz 48 - 101 r2_d2
  Winner: r2_d2

============================================================
Game 33
============================================================
Players: r2_d2 vs rootbotz
Dealer: r2_d2  |  Elder: rootbotz
Match scores: 0 - 0
Talon (8): 8C JC QH 7S 9S JS KS AS
r2_d2 hand: AC 7D 8D 9D 10D QD 7H 9H 10H JH AH QS
rootbotz hand: 7C 9C 10C QC KC JD KD AD 8H KH 8S 10S
  Exchange rootbotz: discard 7C JD 8H 8S 10S -> draw 8C QH 9S KS AS (talon 3 left)
  Exchange r2_d2: discard QS -> draw JS (talon 2 left)

--- Phase: declare ---
  Declare sequence: r2_d2 wins 4 pts (('sequence', 4, 10, 'D'))
  Declare set: rootbotz wins 14 pts (('set', 4, 13))

--- Phase: tricks ---
  Trick  1: rootbotz leads AS, r2_d2 plays JS -> rootbotz wins
  Trick  2: rootbotz leads AD, r2_d2 plays 7D -> rootbotz wins
  Trick  3: rootbotz leads KS, r2_d2 plays 7H -> rootbotz wins
  Trick  4: rootbotz leads KD, r2_d2 plays 8D -> rootbotz wins
  Trick  5: rootbotz leads QH, r2_d2 plays AH -> r2_d2 wins
  Trick  6: r2_d2 leads AC, rootbotz plays 8C -> r2_d2 wins
  Trick  7: r2_d2 leads QD, rootbotz plays 9S -> r2_d2 wins
  Trick  8: r2_d2 leads JH, rootbotz plays KH -> rootbotz wins
  Trick  9: rootbotz leads 9C, r2_d2 plays 9D -> rootbotz wins
  Trick 10: rootbotz leads 10C, r2_d2 plays 9H -> rootbotz wins
  Trick 11: rootbotz leads QC, r2_d2 plays 10D -> rootbotz wins
  Trick 12: rootbotz leads KC, r2_d2 plays 10H -> rootbotz wins
  Hand: r2_d2 +7 / rootbotz +34 (tricks 3-9)
  Match total: r2_d2 7 - 34 rootbotz
Players: r2_d2 vs rootbotz
Dealer: rootbotz  |  Elder: r2_d2
Match scores: 7 - 34
Talon (8): 8D 9D JD AD 8H QH 10S JS
r2_d2 hand: 8C 9C JC QC QD KD 10H JH 7S 8S 9S KS
rootbotz hand: 7C 10C KC AC 7D 10D 7H 9H KH AH QS AS
  Exchange r2_d2: discard 8C 9C JC 10H JH -> draw 9D JD AD QH 10S (talon 3 left)
  Exchange rootbotz: discard 7C 7D 7H -> draw 8D 8H JS (talon 0 left)

--- Phase: declare ---
  Declare point: r2_d2 wins 5 pts (('point', 5, 'D'))
  Declare sequence: r2_d2 wins 4 pts (('sequence', 4, 14, 'D'))
  Declare set: rootbotz wins 3 pts (('set', 3, 14))

--- Phase: tricks ---
  Trick  1: r2_d2 leads AD, rootbotz plays 8D -> r2_d2 wins
  Trick  2: r2_d2 leads KD, rootbotz plays 10D -> r2_d2 wins
  Trick  3: r2_d2 leads QD, rootbotz plays 8H -> r2_d2 wins
  Trick  4: r2_d2 leads KS, rootbotz plays AS -> rootbotz wins
  Trick  5: rootbotz leads AH, r2_d2 plays QH -> rootbotz wins
  Trick  6: rootbotz leads AC, r2_d2 plays QC -> rootbotz wins
  Trick  7: rootbotz leads JS, r2_d2 plays 7S -> rootbotz wins
  Trick  8: rootbotz leads QS, r2_d2 plays 8S -> rootbotz wins
  Trick  9: rootbotz leads KH, r2_d2 plays 9D -> rootbotz wins
  Trick 10: rootbotz leads KC, r2_d2 plays 9S -> rootbotz wins
  Trick 11: rootbotz leads 9H, r2_d2 plays 10S -> rootbotz wins
  Trick 12: rootbotz leads 10C, r2_d2 plays JD -> rootbotz wins
  Hand: r2_d2 +12 / rootbotz +23 (tricks 3-9)
  Match total: r2_d2 19 - 57 rootbotz
Players: r2_d2 vs rootbotz
Dealer: r2_d2  |  Elder: rootbotz
Match scores: 19 - 57
Talon (8): 8C JC QC KC 10D 7S 8S KS
r2_d2 hand: 7C 9C AC QD AD 7H 9H JH KH AH 9S 10S
rootbotz hand: 10C 7D 8D 9D JD KD 8H 10H QH JS QS AS
  Exchange rootbotz: discard 10C 8H 10H QH QS -> draw QC KC 10D 7S 8S (talon 3 left)
  Exchange r2_d2: discard 7C 9S 10S -> draw 8C JC KS (talon 0 left)

--- Phase: declare ---
  Declare point: rootbotz wins 6 pts (('point', 6, 'D'))
  Declare sequence: rootbotz wins 10 pts (('sequence', 5, 11, 'D'))
  Declare set: r2_d2 wins 3 pts (('set', 3, 14))

--- Phase: tricks ---
  Trick  1: rootbotz leads AS, r2_d2 plays KS -> rootbotz wins
  Trick  2: rootbotz leads JS, r2_d2 plays 7H -> rootbotz wins
  Trick  3: rootbotz leads QC, r2_d2 plays AC -> r2_d2 wins
  Trick  4: r2_d2 leads AH, rootbotz plays 7S -> r2_d2 wins
  Trick  5: r2_d2 leads AD, rootbotz plays 7D -> r2_d2 wins
  Trick  6: r2_d2 leads KH, rootbotz plays 8S -> r2_d2 wins
  Trick  7: r2_d2 leads JC, rootbotz plays KC -> rootbotz wins
  Trick  8: rootbotz leads KD, r2_d2 plays QD -> rootbotz wins
  Trick  9: rootbotz leads 8D, r2_d2 plays 8C -> rootbotz wins
  Trick 10: rootbotz leads 9D, r2_d2 plays 9C -> rootbotz wins
  Trick 11: rootbotz leads 10D, r2_d2 plays 9H -> rootbotz wins
  Trick 12: rootbotz leads JD, r2_d2 plays JH -> rootbotz wins
  Hand: r2_d2 +7 / rootbotz +35 (tricks 4-8)
  Match total: r2_d2 26 - 92 rootbotz
Players: r2_d2 vs rootbotz
Dealer: rootbotz  |  Elder: r2_d2
Match scores: 26 - 92
Talon (8): 7C 9C 9D AD 10H JH QH KS
r2_d2 hand: 10C JC QC KC AC QD 8H 9H AH 9S 10S AS
rootbotz hand: 8C 7D 8D 10D JD KD 7H KH 7S 8S JS QS
  Exchange r2_d2: discard QD 8H 9H 9S 10S -> draw 7C AD 10H JH QH (talon 3 left)
  Exchange rootbotz: discard 7H 7S 8S -> draw 9C 9D KS (talon 0 left)

--- Phase: declare ---
  Declare point: r2_d2 wins 6 pts (('point', 6, 'C'))
  Declare sequence: r2_d2 wins 10 pts (('sequence', 5, 14, 'C'))
  Declare set: r2_d2 wins 14 pts (('set', 4, 14))

--- Phase: tricks ---
  Trick  1: r2_d2 leads AC, rootbotz plays 8C -> r2_d2 wins
  Trick  2: r2_d2 leads AH, rootbotz plays KH -> r2_d2 wins
  Trick  3: r2_d2 leads AS, rootbotz plays JS -> r2_d2 wins
  Trick  4: r2_d2 leads AD, rootbotz plays 7D -> r2_d2 wins
  Trick  5: r2_d2 leads KC, rootbotz plays 9C -> r2_d2 wins
  Trick  6: r2_d2 leads QC, rootbotz plays 8D -> r2_d2 wins
  Trick  7: r2_d2 leads QH, rootbotz plays 9D -> r2_d2 wins
  Trick  8: r2_d2 leads JC, rootbotz plays 10D -> r2_d2 wins
  Trick  9: r2_d2 leads JH, rootbotz plays JD -> r2_d2 wins
  Trick 10: r2_d2 leads 10C, rootbotz plays QS -> r2_d2 wins
  Trick 11: r2_d2 leads 10H, rootbotz plays KD -> r2_d2 wins
  Trick 12: r2_d2 leads 7C, rootbotz plays KS -> r2_d2 wins
  Hand: r2_d2 +173 / rootbotz +0 (tricks 12-0)
  Match total: r2_d2 199 - 92 rootbotz
  Final: r2_d2 199 - 92 rootbotz
  Winner: r2_d2

============================================================
Game 34
============================================================
Players: rootbotz vs r2_d2
Dealer: rootbotz  |  Elder: r2_d2
Match scores: 0 - 0
Talon (8): 9C KC 10D QD KH 9S JS QS
rootbotz hand: 7C 8C JC AC KD AD 8H JH QH 8S KS AS
r2_d2 hand: 10C QC 7D 8D 9D JD 7H 9H 10H AH 7S 10S
  Exchange r2_d2: discard 7D 8D 9D JD 7S -> draw 9C KC KH JS QS (talon 3 left)
  Exchange rootbotz: discard 7C JC 8S -> draw 10D QD 9S (talon 0 left)

--- Phase: declare ---
  Declare point: r2_d2 wins 5 pts (('point', 5, 'H'))
  Declare sequence: rootbotz wins 3 pts (('sequence', 3, 14, 'D'))
  Declare set: rootbotz wins 3 pts (('set', 3, 14))

--- Phase: tricks ---
  Trick  1: r2_d2 leads AH, rootbotz plays 8H -> r2_d2 wins
  Trick  2: r2_d2 leads KH, rootbotz plays JH -> r2_d2 wins
  Trick  3: r2_d2 leads KC, rootbotz plays AC -> rootbotz wins
  Trick  4: rootbotz leads AS, r2_d2 plays 10S -> rootbotz wins
  Trick  5: rootbotz leads AD, r2_d2 plays 7H -> rootbotz wins
  Trick  6: rootbotz leads QD, r2_d2 plays 9H -> rootbotz wins
  Trick  7: rootbotz leads KS, r2_d2 plays JS -> rootbotz wins
  Trick  8: rootbotz leads 10D, r2_d2 plays 9C -> rootbotz wins
  Trick  9: rootbotz leads KD, r2_d2 plays 10H -> rootbotz wins
  Trick 10: rootbotz leads QH, r2_d2 plays 10C -> rootbotz wins
  Trick 11: rootbotz leads 8C, r2_d2 plays QC -> r2_d2 wins
  Trick 12: r2_d2 leads QS, rootbotz plays 9S -> r2_d2 wins
  Hand: rootbotz +24 / r2_d2 +10 (tricks 8-4)
  Match total: rootbotz 24 - 10 r2_d2
Players: rootbotz vs r2_d2
Dealer: r2_d2  |  Elder: rootbotz
Match scores: 24 - 10
Talon (8): 9C JC QC 10D QD 7H 9H 8S
rootbotz hand: 7C 8C AC 7D JD AD 10H JH 7S 9S KS AS
r2_d2 hand: 10C KC 8D 9D KD 8H QH KH AH 10S JS QS
  Exchange rootbotz: discard 7C 8C 7D 10H 7S -> draw JC QC 7H 9H 8S (talon 3 left)
  Exchange r2_d2: discard 10C 8D 9D -> draw 9C 10D QD (talon 0 left)

--- Phase: declare ---
  Declare point: r2_d2 wins 4 pts (('point', 4, 'H'))
  Declare sequence: r2_d2 wins 3 pts (('sequence', 3, 14, 'H'))
  Declare set: rootbotz wins 3 pts (('set', 3, 14))

--- Phase: tricks ---
  Trick  1: rootbotz leads AS, r2_d2 plays 10S -> rootbotz wins
  Trick  2: rootbotz leads AD, r2_d2 plays 10D -> rootbotz wins
  Trick  3: rootbotz leads AC, r2_d2 plays 9C -> rootbotz wins
  Trick  4: rootbotz leads KS, r2_d2 plays JS -> rootbotz wins
  Trick  5: rootbotz leads JC, r2_d2 plays KC -> r2_d2 wins
  Trick  6: r2_d2 leads AH, rootbotz plays 7H -> r2_d2 wins
  Trick  7: r2_d2 leads KH, rootbotz plays 9H -> r2_d2 wins
  Trick  8: r2_d2 leads KD, rootbotz plays JD -> r2_d2 wins
  Trick  9: r2_d2 leads QH, rootbotz plays JH -> r2_d2 wins
  Trick 10: r2_d2 leads QS, rootbotz plays 8S -> r2_d2 wins
  Trick 11: r2_d2 leads QD, rootbotz plays 9S -> r2_d2 wins
  Trick 12: r2_d2 leads 8H, rootbotz plays QC -> r2_d2 wins
  Hand: rootbotz +7 / r2_d2 +26 (tricks 4-8)
  Match total: rootbotz 31 - 36 r2_d2
Players: rootbotz vs r2_d2
Dealer: rootbotz  |  Elder: r2_d2
Match scores: 31 - 36
Talon (8): 7C 9C 7D JD 8H 10H AH AS
rootbotz hand: JC KC 8D 10D QD KD AD 7H 9H QH 8S KS
r2_d2 hand: 8C 10C QC AC 9D JH KH 7S 9S 10S JS QS
  Exchange r2_d2: discard 8C 10C QC 9D JH -> draw 9C JD 8H 10H AH (talon 3 left)
  Exchange rootbotz: discard JC 7H QH -> draw 7C 7D AS (talon 0 left)

--- Phase: declare ---
  Declare point: rootbotz wins 6 pts (('point', 6, 'D'))
  Declare sequence: r2_d2 wins 4 pts (('sequence', 4, 12, 'S'))
  Declare set: rootbotz wins 3 pts (('set', 3, 13))

--- Phase: tricks ---
  Trick  1: r2_d2 leads AH, rootbotz plays 9H -> r2_d2 wins
  Trick  2: r2_d2 leads AC, rootbotz plays 7C -> r2_d2 wins
  Trick  3: r2_d2 leads KH, rootbotz plays 7D -> r2_d2 wins
  Trick  4: r2_d2 leads QS, rootbotz plays KS -> rootbotz wins
  Trick  5: rootbotz leads AD, r2_d2 plays JD -> rootbotz wins
  Trick  6: rootbotz leads AS, r2_d2 plays 7S -> rootbotz wins
  Trick  7: rootbotz leads QD, r2_d2 plays 8H -> rootbotz wins
  Trick  8: rootbotz leads KD, r2_d2 plays 9C -> rootbotz wins
  Trick  9: rootbotz leads 8D, r2_d2 plays 9S -> rootbotz wins
  Trick 10: rootbotz leads 10D, r2_d2 plays 10H -> rootbotz wins
  Trick 11: rootbotz leads KC, r2_d2 plays 10S -> rootbotz wins
  Trick 12: rootbotz leads 8S, r2_d2 plays JS -> r2_d2 wins
  Hand: rootbotz +27 / r2_d2 +9 (tricks 8-4)
  Match total: rootbotz 58 - 45 r2_d2
Players: rootbotz vs r2_d2
Dealer: r2_d2  |  Elder: rootbotz
Match scores: 58 - 45
Talon (8): JC KC AC 9D 7H KH 10S KS
rootbotz hand: 9C 7D 8D JD QD KD AD 10H JH 7S 8S QS
r2_d2 hand: 7C 8C 10C QC 10D 8H 9H QH AH 9S JS AS
  Exchange rootbotz: discard 9C 10H JH 7S 8S -> draw JC KC AC KH KS (talon 3 left)
  Exchange r2_d2: discard 10D 9S JS -> draw 9D 7H 10S (talon 0 left)

--- Phase: declare ---
  Declare point: rootbotz wins 6 pts (('point', 6, 'D'))
  Declare sequence: rootbotz wins 4 pts (('sequence', 4, 14, 'D'))
  Declare set: rootbotz wins 14 pts (('set', 4, 13))

--- Phase: tricks ---
  Trick  1: rootbotz leads AD, r2_d2 plays 9D -> rootbotz wins
  Trick  2: rootbotz leads AC, r2_d2 plays 7C -> rootbotz wins
  Trick  3: rootbotz leads JD, r2_d2 plays 7H -> rootbotz wins
  Trick  4: rootbotz leads QD, r2_d2 plays 8C -> rootbotz wins
  Trick  5: rootbotz leads KD, r2_d2 plays 8H -> rootbotz wins
  Trick  6: rootbotz leads KC, r2_d2 plays 10C -> rootbotz wins
  Trick  7: rootbotz leads JC, r2_d2 plays QC -> r2_d2 wins
  Trick  8: r2_d2 leads AH, rootbotz plays KH -> r2_d2 wins
  Trick  9: r2_d2 leads AS, rootbotz plays QS -> r2_d2 wins
  Trick 10: r2_d2 leads QH, rootbotz plays 7D -> r2_d2 wins
  Trick 11: r2_d2 leads 10S, rootbotz plays KS -> rootbotz wins
  Trick 12: rootbotz leads 8D, r2_d2 plays 9H -> rootbotz wins
  Hand: rootbotz +43 / r2_d2 +4 (tricks 8-4)
  Match total: rootbotz 101 - 49 r2_d2
  Final: rootbotz 101 - 49 r2_d2
  Winner: rootbotz

============================================================
Game 35
============================================================
Players: r2_d2 vs rootbotz
Dealer: r2_d2  |  Elder: rootbotz
Match scores: 0 - 0
Talon (8): JC QC KC 9H JH QH KH JS
r2_d2 hand: 7C 8C 9C 10C 8D QD KD AD 8H 10H 7S QS
rootbotz hand: AC 7D 9D 10D JD 7H AH 8S 9S 10S KS AS
  Exchange rootbotz: discard 7D 9D 10D JD 7H -> draw KC 9H QH KH JS (talon 3 left)
  Exchange r2_d2: discard 8H 10H 7S -> draw JC QC JH (talon 0 left)

--- Phase: declare ---
  Declare point: rootbotz wins 6 pts (('point', 6, 'S'))
  Declare sequence: r2_d2 wins 11 pts (('sequence', 6, 12, 'C'))
  Declare set: rootbotz wins 3 pts (('set', 3, 14))

--- Phase: tricks ---
  Trick  1: rootbotz leads AS, r2_d2 plays QS -> rootbotz wins
  Trick  2: rootbotz leads AH, r2_d2 plays JH -> rootbotz wins
  Trick  3: rootbotz leads AC, r2_d2 plays 7C -> rootbotz wins
  Trick  4: rootbotz leads QH, r2_d2 plays 8D -> rootbotz wins
  Trick  5: rootbotz leads KS, r2_d2 plays 8C -> rootbotz wins
  Trick  6: rootbotz leads KH, r2_d2 plays 9C -> rootbotz wins
  Trick  7: rootbotz leads 8S, r2_d2 plays 10C -> rootbotz wins
  Trick  8: rootbotz leads 9S, r2_d2 plays JC -> rootbotz wins
  Trick  9: rootbotz leads 9H, r2_d2 plays QC -> rootbotz wins
  Trick 10: rootbotz leads 10S, r2_d2 plays QD -> rootbotz wins
  Trick 11: rootbotz leads JS, r2_d2 plays KD -> rootbotz wins
  Trick 12: rootbotz leads KC, r2_d2 plays AD -> rootbotz wins
  Hand: r2_d2 +11 / rootbotz +92 (tricks 0-12)
  Match total: r2_d2 11 - 92 rootbotz
Players: r2_d2 vs rootbotz
Dealer: rootbotz  |  Elder: r2_d2
Match scores: 11 - 92
Talon (8): AC 10D 7H 8H 10H AH 8S KS
r2_d2 hand: 7C 9C 10C JC QC KC AD 9H JH 7S 10S JS
rootbotz hand: 8C 7D 8D 9D JD QD KD QH KH 9S QS AS
  Exchange r2_d2: discard 9H 7S 10S -> draw AC AH KS (talon 5 left)
  Exchange rootbotz: discard 8C 7D 8D KH 9S -> draw 10D 7H 8H 10H 8S (talon 0 left)

--- Phase: declare ---
  Declare point: r2_d2 wins 7 pts (('point', 7, 'C'))
  Declare sequence: r2_d2 wins 11 pts (('sequence', 6, 14, 'C'))
  Declare set: r2_d2 wins 3 pts (('set', 3, 14))

--- Phase: tricks ---
  Trick  1: r2_d2 leads AC, rootbotz plays 7H -> r2_d2 wins
  Trick  2: r2_d2 leads AH, rootbotz plays 8H -> r2_d2 wins
  Trick  3: r2_d2 leads AD, rootbotz plays 9D -> r2_d2 wins
  Trick  4: r2_d2 leads KC, rootbotz plays 8S -> r2_d2 wins
  Trick  5: r2_d2 leads QC, rootbotz plays 10H -> r2_d2 wins
  Trick  6: r2_d2 leads JC, rootbotz plays 10D -> r2_d2 wins
  Trick  7: r2_d2 leads 10C, rootbotz plays JD -> r2_d2 wins
  Trick  8: r2_d2 leads KS, rootbotz plays AS -> rootbotz wins
  Trick  9: rootbotz leads QS, r2_d2 plays JS -> rootbotz wins
  Trick 10: rootbotz leads QH, r2_d2 plays JH -> rootbotz wins
  Trick 11: rootbotz leads QD, r2_d2 plays 7C -> rootbotz wins
  Trick 12: rootbotz leads KD, r2_d2 plays 9C -> rootbotz wins
  Hand: r2_d2 +38 / rootbotz +6 (tricks 7-5)
  Match total: r2_d2 49 - 98 rootbotz
Players: r2_d2 vs rootbotz
Dealer: r2_d2  |  Elder: rootbotz
Match scores: 49 - 98
Talon (8): 7C QC KC QD KD 10H JS KS
r2_d2 hand: 9C JC AC 8D 9D 10D JD AD QH AH 8S 9S
rootbotz hand: 8C 10C 7D 7H 8H 9H JH KH 7S 10S QS AS
  Exchange rootbotz: discard 8C 10C 7D 7S QS -> draw 7C QC KC KD 10H (talon 3 left)
  Exchange r2_d2: discard 9C 8S 9S -> draw QD JS KS (talon 0 left)

--- Phase: declare ---
  Declare point: r2_d2 wins 6 pts (('point', 6, 'D'))
  Declare sequence: r2_d2 wins 10 pts (('sequence', 5, 12, 'D'))
  Declare set: r2_d2 wins 3 pts (('set', 3, 14))

--- Phase: tricks ---
  Trick  1: rootbotz leads AS, r2_d2 plays JS -> rootbotz wins
  Trick  2: rootbotz leads 10S, r2_d2 plays KS -> r2_d2 wins
  Trick  3: r2_d2 leads AD, rootbotz plays KD -> r2_d2 wins
  Trick  4: r2_d2 leads AH, rootbotz plays 7H -> r2_d2 wins
  Trick  5: r2_d2 leads AC, rootbotz plays 7C -> r2_d2 wins
  Trick  6: r2_d2 leads QD, rootbotz plays 8H -> r2_d2 wins
  Trick  7: r2_d2 leads JD, rootbotz plays 9H -> r2_d2 wins
  Trick  8: r2_d2 leads 10D, rootbotz plays 10H -> r2_d2 wins
  Trick  9: r2_d2 leads 9D, rootbotz plays JH -> r2_d2 wins
  Trick 10: r2_d2 leads QH, rootbotz plays KH -> rootbotz wins
  Trick 11: rootbotz leads QC, r2_d2 plays JC -> rootbotz wins
  Trick 12: rootbotz leads KC, r2_d2 plays 8D -> rootbotz wins
  Hand: r2_d2 +37 / rootbotz +5 (tricks 8-4)
  Match total: r2_d2 86 - 103 rootbotz
  Final: r2_d2 86 - 103 rootbotz
  Winner: rootbotz

============================================================
Game 36
============================================================
Players: rootbotz vs r2_d2
Dealer: rootbotz  |  Elder: r2_d2
Match scores: 0 - 0
Talon (8): 9C JC KD 8H 10H JH 10S KS
rootbotz hand: 10C KC AC 7D JD 7H 9H KH 7S 8S JS AS
r2_d2 hand: 7C 8C QC 8D 9D 10D QD AD QH AH 9S QS
  Exchange r2_d2: discard 7C 8C 9S -> draw KD 8H 10H (talon 5 left)
  Exchange rootbotz: discard 7D 7H 9H 7S 8S -> draw 9C JC JH 10S KS (talon 0 left)

--- Phase: declare ---
  Declare point: r2_d2 wins 6 pts (('point', 6, 'D'))
  Declare sequence: r2_d2 wins 3 pts (('sequence', 3, 14, 'D'))
  Declare set: rootbotz wins 3 pts (('set', 3, 13))

--- Phase: tricks ---
  Trick  1: r2_d2 leads AD, rootbotz plays JD -> r2_d2 wins
  Trick  2: r2_d2 leads AH, rootbotz plays JH -> r2_d2 wins
  Trick  3: r2_d2 leads KD, rootbotz plays 9C -> r2_d2 wins
  Trick  4: r2_d2 leads QD, rootbotz plays 10C -> r2_d2 wins
  Trick  5: r2_d2 leads QH, rootbotz plays KH -> rootbotz wins
  Trick  6: rootbotz leads AS, r2_d2 plays QS -> rootbotz wins
  Trick  7: rootbotz leads AC, r2_d2 plays QC -> rootbotz wins
  Trick  8: rootbotz leads KS, r2_d2 plays 8H -> rootbotz wins
  Trick  9: rootbotz leads KC, r2_d2 plays 8D -> rootbotz wins
  Trick 10: rootbotz leads 10S, r2_d2 plays 9D -> rootbotz wins
  Trick 11: rootbotz leads JS, r2_d2 plays 10D -> rootbotz wins
  Trick 12: rootbotz leads JC, r2_d2 plays 10H -> rootbotz wins
  Hand: rootbotz +22 / r2_d2 +13 (tricks 8-4)
  Match total: rootbotz 22 - 13 r2_d2
Players: rootbotz vs r2_d2
Dealer: r2_d2  |  Elder: rootbotz
Match scores: 22 - 13
Talon (8): 7C 9C 10C 10H KH 7S 9S 10S
rootbotz hand: JC 7D 8D 9D 10D QD AD 7H 9H QH AH AS
r2_d2 hand: 8C QC KC AC JD KD 8H JH 8S JS QS KS
  Exchange rootbotz: discard 7D 7H 9H QH -> draw 9C 10C KH 7S (talon 4 left)
  Exchange r2_d2: discard 8H 8S -> draw 10H 9S (talon 2 left)

--- Phase: declare ---
  Declare point: rootbotz wins 5 pts (('point', 5, 'D'))
  Declare sequence: r2_d2 wins 3 pts (('sequence', 3, 14, 'C'))
  Declare set: rootbotz wins 3 pts (('set', 3, 14))

--- Phase: tricks ---
  Trick  1: rootbotz leads AS, r2_d2 plays 9S -> rootbotz wins
  Trick  2: rootbotz leads AH, r2_d2 plays 10H -> rootbotz wins
  Trick  3: rootbotz leads AD, r2_d2 plays JD -> rootbotz wins
  Trick  4: rootbotz leads KH, r2_d2 plays JH -> rootbotz wins
  Trick  5: rootbotz leads QD, r2_d2 plays KD -> r2_d2 wins
  Trick  6: r2_d2 leads AC, rootbotz plays 9C -> r2_d2 wins
  Trick  7: r2_d2 leads KS, rootbotz plays 7S -> r2_d2 wins
  Trick  8: r2_d2 leads KC, rootbotz plays 10C -> r2_d2 wins
  Trick  9: r2_d2 leads QC, rootbotz plays JC -> r2_d2 wins
  Trick 10: r2_d2 leads QS, rootbotz plays 8D -> r2_d2 wins
  Trick 11: r2_d2 leads JS, rootbotz plays 9D -> r2_d2 wins
  Trick 12: r2_d2 leads 8C, rootbotz plays 10D -> r2_d2 wins
  Hand: rootbotz +12 / r2_d2 +22 (tricks 4-8)
  Match total: rootbotz 34 - 35 r2_d2
Players: rootbotz vs r2_d2
Dealer: rootbotz  |  Elder: r2_d2
Match scores: 34 - 35
Talon (8): 7C 8C JC KD 8S 9S 10S KS
rootbotz hand: 7D 10D QD AD 7H 8H 9H JH QH KH 7S AS
r2_d2 hand: 9C 10C QC KC AC 8D 9D JD 10H AH JS QS
  Exchange r2_d2: discard 8D 9D JD 10H JS -> draw JC KD 9S 10S KS (talon 3 left)
  Exchange rootbotz: discard 7D 10D 7S -> draw 7C 8C 8S (talon 0 left)

--- Phase: declare ---
  Declare point: r2_d2 wins 6 pts (('point', 6, 'C'))
  Declare sequence: r2_d2 wins 11 pts (('sequence', 6, 14, 'C'))
  Declare set: r2_d2 wins 3 pts (('set', 3, 13))

--- Phase: tricks ---
  Trick  1: r2_d2 leads AC, rootbotz plays 7C -> r2_d2 wins
  Trick  2: r2_d2 leads AH, rootbotz plays 7H -> r2_d2 wins
  Trick  3: r2_d2 leads KC, rootbotz plays 8C -> r2_d2 wins
  Trick  4: r2_d2 leads QC, rootbotz plays 8S -> r2_d2 wins
  Trick  5: r2_d2 leads KS, rootbotz plays AS -> rootbotz wins
  Trick  6: rootbotz leads AD, r2_d2 plays KD -> rootbotz wins
  Trick  7: rootbotz leads 8H, r2_d2 plays 9C -> rootbotz wins
  Trick  8: rootbotz leads 9H, r2_d2 plays 9S -> rootbotz wins
  Trick  9: rootbotz leads JH, r2_d2 plays 10C -> rootbotz wins
  Trick 10: rootbotz leads QH, r2_d2 plays 10S -> rootbotz wins
  Trick 11: rootbotz leads KH, r2_d2 plays JC -> rootbotz wins
  Trick 12: rootbotz leads QD, r2_d2 plays QS -> rootbotz wins
  Hand: rootbotz +19 / r2_d2 +24 (tricks 8-4)
  Match total: rootbotz 53 - 59 r2_d2
Players: rootbotz vs r2_d2
Dealer: r2_d2  |  Elder: rootbotz
Match scores: 53 - 59
Talon (8): 9C 8D KD 7H KH 7S 8S JS
rootbotz hand: 7C 8C 10C QC 10D JD QD AD 8H QS KS AS
r2_d2 hand: JC KC AC 7D 9D 9H 10H JH QH AH 9S 10S
  Exchange rootbotz: discard 7C 8C 10C 8H KS -> draw 8D 7H KH 7S JS (talon 3 left)
  Exchange r2_d2: discard 7D 9D 9S -> draw 9C KD 8S (talon 0 left)

--- Phase: declare ---
  Declare point: r2_d2 wins 5 pts (('point', 5, 'H'))
  Declare sequence: r2_d2 wins 4 pts (('sequence', 4, 12, 'H'))
  Declare set: rootbotz wins 3 pts (('set', 3, 12))

--- Phase: tricks ---
  Trick  1: rootbotz leads AS, r2_d2 plays 8S -> rootbotz wins
  Trick  2: rootbotz leads AD, r2_d2 plays KD -> rootbotz wins
  Trick  3: rootbotz leads JS, r2_d2 plays 10S -> rootbotz wins
  Trick  4: rootbotz leads QS, r2_d2 plays 9C -> rootbotz wins
  Trick  5: rootbotz leads 10D, r2_d2 plays 9H -> rootbotz wins
  Trick  6: rootbotz leads JD, r2_d2 plays 10H -> rootbotz wins
  Trick  7: rootbotz leads QD, r2_d2 plays JC -> rootbotz wins
  Trick  8: rootbotz leads KH, r2_d2 plays AH -> r2_d2 wins
  Trick  9: r2_d2 leads AC, rootbotz plays QC -> r2_d2 wins
  Trick 10: r2_d2 leads QH, rootbotz plays 7H -> r2_d2 wins
  Trick 11: r2_d2 leads KC, rootbotz plays 7S -> r2_d2 wins
  Trick 12: r2_d2 leads JH, rootbotz plays 8D -> r2_d2 wins
  Hand: rootbotz +20 / r2_d2 +15 (tricks 7-5)
  Match total: rootbotz 73 - 74 r2_d2
Players: rootbotz vs r2_d2
Dealer: rootbotz  |  Elder: r2_d2
Match scores: 73 - 74
Talon (8): 8C 8D 9D JD 9H JH QH AH
rootbotz hand: 9C JC 7D QD KD AD 7H 10H KH 7S JS QS
r2_d2 hand: 7C 10C QC KC AC 10D 8H 8S 9S 10S KS AS
  Exchange r2_d2: discard 8H -> draw 9D (talon 7 left)
  Exchange rootbotz: discard 9C JC 7H 10H 7S JS QS -> draw 8C 8D JD 9H JH QH AH (talon 0 left)

--- Phase: declare ---
  Declare point: rootbotz wins 6 pts (('point', 6, 'D'))
  Declare sequence: rootbotz wins 4 pts (('sequence', 4, 14, 'H'))
  Declare set: r2_d2 wins 3 pts (('set', 3, 10))

--- Phase: tricks ---
  Trick  1: r2_d2 leads AS, rootbotz plays 7D -> r2_d2 wins
  Trick  2: r2_d2 leads AC, rootbotz plays 8C -> r2_d2 wins
  Trick  3: r2_d2 leads KC, rootbotz plays 8D -> r2_d2 wins
  Trick  4: r2_d2 leads KS, rootbotz plays 9H -> r2_d2 wins
  Trick  5: r2_d2 leads QC, rootbotz plays JD -> r2_d2 wins
  Trick  6: r2_d2 leads 10S, rootbotz plays JH -> r2_d2 wins
  Trick  7: r2_d2 leads 10D, rootbotz plays QD -> rootbotz wins
  Trick  8: rootbotz leads AH, r2_d2 plays 7C -> rootbotz wins
  Trick  9: rootbotz leads AD, r2_d2 plays 9D -> rootbotz wins
  Trick 10: rootbotz leads QH, r2_d2 plays 8S -> rootbotz wins
  Trick 11: rootbotz leads KH, r2_d2 plays 9S -> rootbotz wins
  Trick 12: rootbotz leads KD, r2_d2 plays 10C -> rootbotz wins
  Hand: rootbotz +17 / r2_d2 +9 (tricks 6-6)
  Match total: rootbotz 90 - 83 r2_d2
Players: rootbotz vs r2_d2
Dealer: r2_d2  |  Elder: rootbotz
Match scores: 90 - 83
Talon (8): 8C QC 9D QD 7H 8H KH 8S
rootbotz hand: 9C 10C AC 7D 8D 10D AD QH AH 7S JS AS
r2_d2 hand: 7C JC KC JD KD 9H 10H JH 9S 10S QS KS
  Exchange rootbotz: discard 7D 8D 10D 7S JS -> draw 8C 9D QD 7H 8S (talon 3 left)
  Exchange r2_d2: discard 7C 9H 10H -> draw QC 8H KH (talon 0 left)

--- Phase: declare ---
  Declare point: r2_d2 wins 4 pts (('point', 4, 'S'))
  Declare sequence: r2_d2 wins 3 pts (('sequence', 3, 13, 'C'))
  Declare set: rootbotz wins 14 pts (('set', 4, 14))

--- Phase: tricks ---
  Trick  1: rootbotz leads AS, r2_d2 plays 9S -> rootbotz wins
  Trick  2: rootbotz leads AH, r2_d2 plays 8H -> rootbotz wins
  Trick  3: rootbotz leads AD, r2_d2 plays JD -> rootbotz wins
  Trick  4: rootbotz leads AC, r2_d2 plays JC -> rootbotz wins
  Trick  5: rootbotz leads QH, r2_d2 plays KH -> r2_d2 wins
  Trick  6: r2_d2 leads KS, rootbotz plays 8S -> r2_d2 wins
  Trick  7: r2_d2 leads KC, rootbotz plays 8C -> r2_d2 wins
  Trick  8: r2_d2 leads QS, rootbotz plays 7H -> r2_d2 wins
  Trick  9: r2_d2 leads KD, rootbotz plays 9D -> r2_d2 wins
  Trick 10: r2_d2 leads QC, rootbotz plays 9C -> r2_d2 wins
  Trick 11: r2_d2 leads JH, rootbotz plays 10C -> r2_d2 wins
  Trick 12: r2_d2 leads 10S, rootbotz plays QD -> r2_d2 wins
  Hand: rootbotz +18 / r2_d2 +26 (tricks 4-8)
  Match total: rootbotz 108 - 109 r2_d2
  Final: rootbotz 108 - 109 r2_d2
  Winner: r2_d2

============================================================
Game 37
============================================================
Players: r2_d2 vs rootbotz
Dealer: r2_d2  |  Elder: rootbotz
Match scores: 0 - 0
Talon (8): 10D JD QD 7H 10H AH KS AS
r2_d2 hand: 10C QC KC AC 8D 9D 9H JH 7S 8S 9S JS
rootbotz hand: 7C 8C 9C JC 7D KD AD 8H QH KH 10S QS
  Exchange rootbotz: discard 7D 8H QH 10S QS -> draw 10D JD 7H 10H AH (talon 3 left)
  Exchange r2_d2: discard 8D 9D 9H -> draw QD KS AS (talon 0 left)

--- Phase: declare ---
  Declare point: r2_d2 wins 6 pts (('point', 6, 'S'))
  Declare sequence: r2_d2 wins 3 pts (('sequence', 3, 14, 'C'))

--- Phase: tricks ---
  Trick  1: rootbotz leads AH, r2_d2 plays JH -> rootbotz wins
  Trick  2: rootbotz leads AD, r2_d2 plays QD -> rootbotz wins
  Trick  3: rootbotz leads KH, r2_d2 plays 7S -> rootbotz wins
  Trick  4: rootbotz leads KD, r2_d2 plays 8S -> rootbotz wins
  Trick  5: rootbotz leads 10H, r2_d2 plays 9S -> rootbotz wins
  Trick  6: rootbotz leads 10D, r2_d2 plays 10C -> rootbotz wins
  Trick  7: rootbotz leads JD, r2_d2 plays JS -> rootbotz wins
  Trick  8: rootbotz leads 7H, r2_d2 plays QC -> rootbotz wins
  Trick  9: rootbotz leads 7C, r2_d2 plays KC -> r2_d2 wins
  Trick 10: r2_d2 leads AS, rootbotz plays 8C -> r2_d2 wins
  Trick 11: r2_d2 leads AC, rootbotz plays 9C -> r2_d2 wins
  Trick 12: r2_d2 leads KS, rootbotz plays JC -> r2_d2 wins
  Hand: r2_d2 +14 / rootbotz +18 (tricks 4-8)
  Match total: r2_d2 14 - 18 rootbotz
Players: r2_d2 vs rootbotz
Dealer: rootbotz  |  Elder: r2_d2
Match scores: 14 - 18
Talon (8): 10C QC 10D 7H KH AH 10S AS
r2_d2 hand: 7C 9C JC AC 7D JD AD 8H JH 7S 9S JS
rootbotz hand: 8C KC 8D 9D QD KD 9H 10H QH 8S QS KS
  Exchange r2_d2: discard 7D 8H 7S 9S -> draw 10C 10D 7H KH (talon 4 left)
  Exchange rootbotz: discard 8C 9H 10H 8S -> draw QC AH 10S AS (talon 0 left)

--- Phase: declare ---
  Declare point: r2_d2 wins 5 pts (('point', 5, 'C'))
  Declare sequence: rootbotz wins 3 pts (('sequence', 3, 14, 'S'))
  Declare set: rootbotz wins 3 pts (('set', 3, 13))

--- Phase: tricks ---
  Trick  1: r2_d2 leads AC, rootbotz plays QC -> r2_d2 wins
  Trick  2: r2_d2 leads AD, rootbotz plays 8D -> r2_d2 wins
  Trick  3: r2_d2 leads JC, rootbotz plays KC -> rootbotz wins
  Trick  4: rootbotz leads AS, r2_d2 plays JS -> rootbotz wins
  Trick  5: rootbotz leads AH, r2_d2 plays 7H -> rootbotz wins
  Trick  6: rootbotz leads QS, r2_d2 plays 7C -> rootbotz wins
  Trick  7: rootbotz leads QD, r2_d2 plays 10D -> rootbotz wins
  Trick  8: rootbotz leads QH, r2_d2 plays KH -> r2_d2 wins
  Trick  9: r2_d2 leads 10C, rootbotz plays 9D -> r2_d2 wins
  Trick 10: r2_d2 leads JH, rootbotz plays 10S -> r2_d2 wins
  Trick 11: r2_d2 leads JD, rootbotz plays KD -> rootbotz wins
  Trick 12: rootbotz leads KS, r2_d2 plays 9C -> rootbotz wins
  Hand: r2_d2 +10 / rootbotz +24 (tricks 5-7)
  Match total: r2_d2 24 - 42 rootbotz
Players: r2_d2 vs rootbotz
Dealer: r2_d2  |  Elder: rootbotz
Match scores: 24 - 42
Talon (8): 9C QC 8D 9D 10D JD 9S KS
r2_d2 hand: 7C JC KC AC 7D 8H 9H KH 7S 8S QS AS
rootbotz hand: 8C 10C QD KD AD 7H 10H JH QH AH 10S JS
  Exchange rootbotz: discard 8C QD 7H JS -> draw QC 9D 10D JD (talon 4 left)
  Exchange r2_d2: discard 7D 8H 7S 8S -> draw 9C 8D 9S KS (talon 0 left)

--- Phase: declare ---
  Declare point: rootbotz wins 5 pts (('point', 5, 'D'))
  Declare sequence: r2_d2 wins 3 pts (('sequence', 3, 14, 'S'))
  Declare set: r2_d2 wins 3 pts (('set', 3, 13))

--- Phase: tricks ---
  Trick  1: rootbotz leads AH, r2_d2 plays 9H -> rootbotz wins
  Trick  2: rootbotz leads AD, r2_d2 plays 8D -> rootbotz wins
  Trick  3: rootbotz leads 9D, r2_d2 plays 7C -> rootbotz wins
  Trick  4: rootbotz leads 10D, r2_d2 plays 9C -> rootbotz wins
  Trick  5: rootbotz leads JD, r2_d2 plays 9S -> rootbotz wins
  Trick  6: rootbotz leads KD, r2_d2 plays JC -> rootbotz wins
  Trick  7: rootbotz leads 10S, r2_d2 plays QS -> r2_d2 wins
  Trick  8: r2_d2 leads AC, rootbotz plays 10C -> r2_d2 wins
  Trick  9: r2_d2 leads AS, rootbotz plays 10H -> r2_d2 wins
  Trick 10: r2_d2 leads KC, rootbotz plays QC -> r2_d2 wins
  Trick 11: r2_d2 leads KH, rootbotz plays JH -> r2_d2 wins
  Trick 12: r2_d2 leads KS, rootbotz plays QH -> r2_d2 wins
  Hand: r2_d2 +13 / rootbotz +11 (tricks 6-6)
  Match total: r2_d2 37 - 53 rootbotz
Players: r2_d2 vs rootbotz
Dealer: rootbotz  |  Elder: r2_d2
Match scores: 37 - 53
Talon (8): KC AD 7H 10H AH 7S 9S AS
r2_d2 hand: 10C JC QC AC 7D JD KD QH KH 8S 10S JS
rootbotz hand: 7C 8C 9C 8D 9D 10D QD 8H 9H JH QS KS
  Exchange r2_d2: discard 7D QH 8S 10S -> draw KC AD AH AS (talon 4 left)
  Exchange rootbotz: discard 7C 8C 9C 9H -> draw 7H 10H 7S 9S (talon 0 left)

--- Phase: declare ---
  Declare point: r2_d2 wins 5 pts (('point', 5, 'C'))
  Declare sequence: r2_d2 wins 10 pts (('sequence', 5, 14, 'C'))
  Declare set: r2_d2 wins 14 pts (('set', 4, 14))

--- Phase: tricks ---
  Trick  1: r2_d2 leads AC, rootbotz plays 7H -> r2_d2 wins
  Trick  2: r2_d2 leads AD, rootbotz plays 8D -> r2_d2 wins
  Trick  3: r2_d2 leads AH, rootbotz plays 8H -> r2_d2 wins
  Trick  4: r2_d2 leads AS, rootbotz plays 7S -> r2_d2 wins
  Trick  5: r2_d2 leads KC, rootbotz plays 9D -> r2_d2 wins
  Trick  6: r2_d2 leads QC, rootbotz plays 9S -> r2_d2 wins
  Trick  7: r2_d2 leads KD, rootbotz plays 10D -> r2_d2 wins
  Trick  8: r2_d2 leads KH, rootbotz plays 10H -> r2_d2 wins
  Trick  9: r2_d2 leads JC, rootbotz plays JH -> r2_d2 wins
  Trick 10: r2_d2 leads JD, rootbotz plays QD -> rootbotz wins
  Trick 11: rootbotz leads QS, r2_d2 plays JS -> rootbotz wins
  Trick 12: rootbotz leads KS, r2_d2 plays 10C -> rootbotz wins
  Hand: r2_d2 +48 / rootbotz +4 (tricks 9-3)
  Match total: r2_d2 85 - 57 rootbotz
Players: r2_d2 vs rootbotz
Dealer: r2_d2  |  Elder: rootbotz
Match scores: 85 - 57
Talon (8): KC 7D 8D 8H JH 8S 9S JS
r2_d2 hand: 7C 9C JC 9D 10D QD KD 9H 10H QH KH 7S
rootbotz hand: 8C 10C QC AC JD AD 7H AH 10S QS KS AS
  Exchange rootbotz: discard 8C 10C QC 7H -> draw KC 8D JH 8S (talon 4 left)
  Exchange r2_d2: discard 7C 9C JC 7S -> draw 7D 8H 9S JS (talon 0 left)

--- Phase: declare ---
  Declare point: rootbotz wins 5 pts (('point', 5, 'S'))
  Declare sequence: rootbotz wins 3 pts (('sequence', 3, 14, 'S'))
  Declare set: rootbotz wins 14 pts (('set', 4, 14))

--- Phase: tricks ---
  Trick  1: rootbotz leads AS, r2_d2 plays 9S -> rootbotz wins
  Trick  2: rootbotz leads AH, r2_d2 plays 8H -> rootbotz wins
  Trick  3: rootbotz leads AD, r2_d2 plays 7D -> rootbotz wins
  Trick  4: rootbotz leads AC, r2_d2 plays 9D -> rootbotz wins
  Trick  5: rootbotz leads QS, r2_d2 plays JS -> rootbotz wins
  Trick  6: rootbotz leads KS, r2_d2 plays 9H -> rootbotz wins
  Trick  7: rootbotz leads KC, r2_d2 plays 10D -> rootbotz wins
  Trick  8: rootbotz leads 10S, r2_d2 plays 10H -> rootbotz wins
  Trick  9: rootbotz leads 8S, r2_d2 plays QD -> rootbotz wins
  Trick 10: rootbotz leads JH, r2_d2 plays QH -> r2_d2 wins
  Trick 11: r2_d2 leads KH, rootbotz plays 8D -> r2_d2 wins
  Trick 12: r2_d2 leads KD, rootbotz plays JD -> r2_d2 wins
  Hand: r2_d2 +4 / rootbotz +41 (tricks 3-9)
  Match total: r2_d2 89 - 98 rootbotz
Players: r2_d2 vs rootbotz
Dealer: rootbotz  |  Elder: r2_d2
Match scores: 89 - 98
Talon (8): 10D JD KD 7H 9H 8S JS QS
r2_d2 hand: 7C 8C 9C 10C JC AC 9D 8H JH QH 7S 10S
rootbotz hand: QC KC 7D 8D QD AD 10H KH AH 9S KS AS
  Exchange r2_d2: discard 9D 8H JH 7S 10S -> draw 10D KD 7H 9H QS (talon 3 left)
  Exchange rootbotz: discard 7D 8D 10H -> draw JD 8S JS (talon 0 left)

--- Phase: declare ---
  Declare point: r2_d2 wins 6 pts (('point', 6, 'C'))
  Declare sequence: r2_d2 wins 10 pts (('sequence', 5, 11, 'C'))
  Declare set: rootbotz wins 3 pts (('set', 3, 14))

--- Phase: tricks ---
  Trick  1: r2_d2 leads AC, rootbotz plays QC -> r2_d2 wins
  Trick  2: r2_d2 leads JC, rootbotz plays KC -> rootbotz wins
  Trick  3: rootbotz leads AS, r2_d2 plays QS -> rootbotz wins
  Trick  4: rootbotz leads AH, r2_d2 plays 7H -> rootbotz wins
  Trick  5: rootbotz leads AD, r2_d2 plays 10D -> rootbotz wins
  Trick  6: rootbotz leads KS, r2_d2 plays 7C -> rootbotz wins
  Trick  7: rootbotz leads KH, r2_d2 plays 9H -> rootbotz wins
  Trick  8: rootbotz leads 8S, r2_d2 plays 8C -> rootbotz wins
  Trick  9: rootbotz leads 9S, r2_d2 plays 9C -> rootbotz wins
  Trick 10: rootbotz leads JS, r2_d2 plays 10C -> rootbotz wins
  Trick 11: rootbotz leads JD, r2_d2 plays KD -> r2_d2 wins
  Trick 12: r2_d2 leads QH, rootbotz plays QD -> r2_d2 wins
  Hand: r2_d2 +20 / rootbotz +22 (tricks 3-9)
  Match total: r2_d2 109 - 120 rootbotz
  Final: r2_d2 109 - 120 rootbotz
  Winner: rootbotz

============================================================
Game 38
============================================================
Players: rootbotz vs r2_d2
Dealer: rootbotz  |  Elder: r2_d2
Match scores: 0 - 0
Talon (8): JC KC 8D 10D QD 7S KS AS
rootbotz hand: 7C 8C QC AC 7D 9D KD AD 9H AH 8S 10S
r2_d2 hand: 9C 10C JD 7H 8H 10H JH QH KH 9S JS QS
  Exchange r2_d2: discard 9C 10C 9S QS -> draw JC 10D 7S AS (talon 4 left)
  Exchange rootbotz: discard 7C 8C QC 9H -> draw KC 8D QD KS (talon 0 left)

--- Phase: declare ---
  Declare sequence: r2_d2 wins 4 pts (('sequence', 4, 13, 'H'))
  Declare set: rootbotz wins 3 pts (('set', 3, 14))

--- Phase: tricks ---
  Trick  1: r2_d2 leads AS, rootbotz plays 8S -> r2_d2 wins
  Trick  2: r2_d2 leads KH, rootbotz plays AH -> rootbotz wins
  Trick  3: rootbotz leads AD, r2_d2 plays 10D -> rootbotz wins
  Trick  4: rootbotz leads AC, r2_d2 plays JC -> rootbotz wins
  Trick  5: rootbotz leads QD, r2_d2 plays JD -> rootbotz wins
  Trick  6: rootbotz leads KS, r2_d2 plays 7S -> rootbotz wins
  Trick  7: rootbotz leads KD, r2_d2 plays 7H -> rootbotz wins
  Trick  8: rootbotz leads KC, r2_d2 plays 8H -> rootbotz wins
  Trick  9: rootbotz leads 7D, r2_d2 plays 10H -> rootbotz wins
  Trick 10: rootbotz leads 8D, r2_d2 plays JS -> rootbotz wins
  Trick 11: rootbotz leads 9D, r2_d2 plays JH -> rootbotz wins
  Trick 12: rootbotz leads 10S, r2_d2 plays QH -> rootbotz wins
  Hand: rootbotz +25 / r2_d2 +5 (tricks 11-1)
  Match total: rootbotz 25 - 5 r2_d2
Players: rootbotz vs r2_d2
Dealer: r2_d2  |  Elder: rootbotz
Match scores: 25 - 5
Talon (8): 9C JC KC 7D AD 7H 7S QS
rootbotz hand: 8C QC 10D QD 8H 9H JH QH AH 8S 9S KS
r2_d2 hand: 7C 10C AC 8D 9D JD KD 10H KH 10S JS AS
  Exchange rootbotz: discard 8C 10D 8S 9S KS -> draw 9C JC 7D 7H 7S (talon 3 left)
  Exchange r2_d2: discard 7C JS -> draw KC QS (talon 1 left)

--- Phase: declare ---
  Declare point: rootbotz wins 6 pts (('point', 6, 'H'))
  Declare sequence: rootbotz wins 3 pts (('sequence', 3, 9, 'H'))
  Declare set: r2_d2 wins 3 pts (('set', 3, 13))

--- Phase: tricks ---
  Trick  1: rootbotz leads AH, r2_d2 plays 10H -> rootbotz wins
  Trick  2: rootbotz leads JH, r2_d2 plays KH -> r2_d2 wins
  Trick  3: r2_d2 leads AC, rootbotz plays 9C -> r2_d2 wins
  Trick  4: r2_d2 leads AS, rootbotz plays 7S -> r2_d2 wins
  Trick  5: r2_d2 leads KC, rootbotz plays JC -> r2_d2 wins
  Trick  6: r2_d2 leads KD, rootbotz plays 7D -> r2_d2 wins
  Trick  7: r2_d2 leads JD, rootbotz plays QD -> rootbotz wins
  Trick  8: rootbotz leads QC, r2_d2 plays 10C -> rootbotz wins
  Trick  9: rootbotz leads QH, r2_d2 plays 8D -> rootbotz wins
  Trick 10: rootbotz leads 7H, r2_d2 plays 9D -> rootbotz wins
  Trick 11: rootbotz leads 8H, r2_d2 plays 10S -> rootbotz wins
  Trick 12: rootbotz leads 9H, r2_d2 plays QS -> rootbotz wins
  Hand: rootbotz +27 / r2_d2 +8 (tricks 7-5)
  Match total: rootbotz 52 - 13 r2_d2
Players: rootbotz vs r2_d2
Dealer: rootbotz  |  Elder: r2_d2
Match scores: 52 - 13
Talon (8): 7C 9C 9D 10D QD AH 9S AS
rootbotz hand: QC AC 7D 8D KD AD 7H 9H JH 8S JS QS
r2_d2 hand: 8C 10C JC KC JD 8H 10H QH KH 7S 10S KS
  Exchange r2_d2: discard 8C JC JD 7S -> draw 7C 9D QD AH (talon 4 left)
  Exchange rootbotz: discard 7D 8D 7H 9H -> draw 9C 10D 9S AS (talon 0 left)

--- Phase: declare ---
  Declare point: r2_d2 wins 5 pts (('point', 5, 'H'))
  Declare sequence: r2_d2 wins 3 pts (('sequence', 3, 14, 'H'))
  Declare set: rootbotz wins 3 pts (('set', 3, 14))

--- Phase: tricks ---
  Trick  1: r2_d2 leads AH, rootbotz plays JH -> r2_d2 wins
  Trick  2: r2_d2 leads KH, rootbotz plays 8S -> r2_d2 wins
  Trick  3: r2_d2 leads QH, rootbotz plays 9C -> r2_d2 wins
  Trick  4: r2_d2 leads KC, rootbotz plays AC -> rootbotz wins
  Trick  5: rootbotz leads AS, r2_d2 plays 10S -> rootbotz wins
  Trick  6: rootbotz leads AD, r2_d2 plays 9D -> rootbotz wins
  Trick  7: rootbotz leads QC, r2_d2 plays 7C -> rootbotz wins
  Trick  8: rootbotz leads KD, r2_d2 plays QD -> rootbotz wins
  Trick  9: rootbotz leads 10D, r2_d2 plays 8H -> rootbotz wins
  Trick 10: rootbotz leads 9S, r2_d2 plays KS -> r2_d2 wins
  Trick 11: r2_d2 leads 10H, rootbotz plays JS -> r2_d2 wins
  Trick 12: r2_d2 leads 10C, rootbotz plays QS -> r2_d2 wins
  Hand: rootbotz +9 / r2_d2 +15 (tricks 6-6)
  Match total: rootbotz 61 - 28 r2_d2
Players: rootbotz vs r2_d2
Dealer: r2_d2  |  Elder: rootbotz
Match scores: 61 - 28
Talon (8): 8C 8D 9D KD AD 7H 8S KS
rootbotz hand: 7C 9C 10C 7D JH QH KH AH 7S 9S 10S AS
r2_d2 hand: JC QC KC AC 10D JD QD 8H 9H 10H JS QS
  Exchange rootbotz: discard 7C 9C 10C 7D 10S -> draw 8D 9D KD AD 7H (talon 3 left)
  Exchange r2_d2: discard 8H 9H 10H -> draw 8C 8S KS (talon 0 left)

--- Phase: declare ---
  Declare point: r2_d2 wins 5 pts (('point', 5, 'C'))
  Declare set: rootbotz wins 3 pts (('set', 3, 14))

--- Phase: tricks ---
  Trick  1: rootbotz leads AS, r2_d2 plays 8S -> rootbotz wins
  Trick  2: rootbotz leads AH, r2_d2 plays 8C -> rootbotz wins
  Trick  3: rootbotz leads AD, r2_d2 plays 10D -> rootbotz wins
  Trick  4: rootbotz leads JH, r2_d2 plays JD -> rootbotz wins
  Trick  5: rootbotz leads QH, r2_d2 plays JS -> rootbotz wins
  Trick  6: rootbotz leads KH, r2_d2 plays JC -> rootbotz wins
  Trick  7: rootbotz leads KD, r2_d2 plays QD -> rootbotz wins
  Trick  8: rootbotz leads 7H, r2_d2 plays QS -> rootbotz wins
  Trick  9: rootbotz leads 8D, r2_d2 plays QC -> rootbotz wins
  Trick 10: rootbotz leads 9S, r2_d2 plays KS -> r2_d2 wins
  Trick 11: r2_d2 leads AC, rootbotz plays 7S -> r2_d2 wins
  Trick 12: r2_d2 leads KC, rootbotz plays 9D -> r2_d2 wins
  Hand: rootbotz +22 / r2_d2 +9 (tricks 9-3)
  Match total: rootbotz 83 - 37 r2_d2
Players: rootbotz vs r2_d2
Dealer: rootbotz  |  Elder: r2_d2
Match scores: 83 - 37
Talon (8): 10C AC KD AD 10H AH QS AS
rootbotz hand: 7C 9C JC 7D 8D 10D JD QD 9H 10S JS KS
r2_d2 hand: 8C QC KC 9D 7H 8H JH QH KH 7S 8S 9S
  Exchange r2_d2: discard 8C 9D 7S 8S 9S -> draw AC 10H AH QS AS (talon 3 left)
  Exchange rootbotz: discard 9C 10S KS -> draw 10C KD AD (talon 0 left)

--- Phase: declare ---
  Declare set: r2_d2 wins 3 pts (('set', 3, 14))

--- Phase: tricks ---
  Trick  1: r2_d2 leads AH, rootbotz plays 9H -> r2_d2 wins
  Trick  2: r2_d2 leads AC, rootbotz plays 7C -> r2_d2 wins
  Trick  3: r2_d2 leads AS, rootbotz plays JS -> r2_d2 wins
  Trick  4: r2_d2 leads KH, rootbotz plays 7D -> r2_d2 wins
  Trick  5: r2_d2 leads QH, rootbotz plays 8D -> r2_d2 wins
  Trick  6: r2_d2 leads KC, rootbotz plays 10C -> r2_d2 wins
  Trick  7: r2_d2 leads QC, rootbotz plays JC -> r2_d2 wins
  Trick  8: r2_d2 leads JH, rootbotz plays 10D -> r2_d2 wins
  Trick  9: r2_d2 leads 10H, rootbotz plays JD -> r2_d2 wins
  Trick 10: r2_d2 leads 8H, rootbotz plays QD -> r2_d2 wins
  Trick 11: r2_d2 leads QS, rootbotz plays KD -> r2_d2 wins
  Trick 12: r2_d2 leads 7H, rootbotz plays AD -> r2_d2 wins
  Hand: rootbotz +0 / r2_d2 +86 (tricks 0-12)
  Match total: rootbotz 83 - 123 r2_d2
  Final: rootbotz 83 - 123 r2_d2
  Winner: r2_d2

============================================================
Game 39
============================================================
Players: r2_d2 vs rootbotz
Dealer: r2_d2  |  Elder: rootbotz
Match scores: 0 - 0
Talon (8): 9C QC 9D KD 7H JH 8S 10S
r2_d2 hand: 10C 8D JD QD 9H 10H QH KH 7S 9S QS KS
rootbotz hand: 7C 8C JC KC AC 7D 10D AD 8H AH JS AS
  Exchange rootbotz: discard 7C 7D 10D 8H JS -> draw QC KD 7H JH 10S (talon 3 left)
  Exchange r2_d2: discard 10C 8D JD -> draw 9C 9D 8S (talon 0 left)

--- Phase: declare ---
  Declare point: rootbotz wins 5 pts (('point', 5, 'C'))
  Declare sequence: rootbotz wins 4 pts (('sequence', 4, 14, 'C'))
  Declare set: rootbotz wins 14 pts (('set', 4, 14))

--- Phase: tricks ---
  Trick  1: rootbotz leads AS, r2_d2 plays 7S -> rootbotz wins
  Trick  2: rootbotz leads AH, r2_d2 plays 9H -> rootbotz wins
  Trick  3: rootbotz leads AD, r2_d2 plays 9D -> rootbotz wins
  Trick  4: rootbotz leads AC, r2_d2 plays 9C -> rootbotz wins
  Trick  5: rootbotz leads JC, r2_d2 plays 8S -> rootbotz wins
  Trick  6: rootbotz leads QC, r2_d2 plays 9S -> rootbotz wins
  Trick  7: rootbotz leads KD, r2_d2 plays QD -> rootbotz wins
  Trick  8: rootbotz leads KC, r2_d2 plays 10H -> rootbotz wins
  Trick  9: rootbotz leads 8C, r2_d2 plays QH -> rootbotz wins
  Trick 10: rootbotz leads 10S, r2_d2 plays QS -> r2_d2 wins
  Trick 11: r2_d2 leads KH, rootbotz plays 7H -> r2_d2 wins
  Trick 12: r2_d2 leads KS, rootbotz plays JH -> r2_d2 wins
  Hand: r2_d2 +4 / rootbotz +42 (tricks 3-9)
  Match total: r2_d2 4 - 42 rootbotz
Players: r2_d2 vs rootbotz
Dealer: rootbotz  |  Elder: r2_d2
Match scores: 4 - 42
Talon (8): 8C 9C 10C AC 10H QH AH 7S
r2_d2 hand: 7C JC QC 7D 8D 9D JD AD JH 9S QS KS
rootbotz hand: KC 10D QD KD 7H 8H 9H KH 8S 10S JS AS
  Exchange r2_d2: discard 7C QC 9S QS -> draw 10C 10H QH 7S (talon 4 left)
  Exchange rootbotz: discard 10D 7H 8H 9H -> draw 8C 9C AC AH (talon 0 left)

--- Phase: declare ---
  Declare point: r2_d2 wins 5 pts (('point', 5, 'D'))
  Declare sequence: r2_d2 wins 3 pts (('sequence', 3, 12, 'H'))
  Declare set: rootbotz wins 3 pts (('set', 3, 14))

--- Phase: tricks ---
  Trick  1: r2_d2 leads AD, rootbotz plays QD -> r2_d2 wins
  Trick  2: r2_d2 leads JD, rootbotz plays KD -> rootbotz wins
  Trick  3: rootbotz leads AS, r2_d2 plays 7S -> rootbotz wins
  Trick  4: rootbotz leads AH, r2_d2 plays 10H -> rootbotz wins
  Trick  5: rootbotz leads AC, r2_d2 plays 10C -> rootbotz wins
  Trick  6: rootbotz leads KH, r2_d2 plays JH -> rootbotz wins
  Trick  7: rootbotz leads KC, r2_d2 plays JC -> rootbotz wins
  Trick  8: rootbotz leads 10S, r2_d2 plays KS -> r2_d2 wins
  Trick  9: r2_d2 leads QH, rootbotz plays 8S -> r2_d2 wins
  Trick 10: r2_d2 leads 9D, rootbotz plays 8C -> r2_d2 wins
  Trick 11: r2_d2 leads 8D, rootbotz plays 9C -> r2_d2 wins
  Trick 12: r2_d2 leads 7D, rootbotz plays JS -> r2_d2 wins
  Hand: r2_d2 +15 / rootbotz +9 (tricks 6-6)
  Match total: r2_d2 19 - 51 rootbotz
Players: r2_d2 vs rootbotz
Dealer: r2_d2  |  Elder: rootbotz
Match scores: 19 - 51
Talon (8): 7C AC 10D AD KH 7S 8S 10S
r2_d2 hand: KC 7D 8D 9D KD 8H 10H QH JS QS KS AS
rootbotz hand: 8C 9C 10C JC QC JD QD 7H 9H JH AH 9S
  Exchange rootbotz: discard QD 7H 9H 9S -> draw 10D AD 7S 8S (talon 4 left)
  Exchange r2_d2: discard 8H 10H QH -> draw AC KH 10S (talon 1 left)

--- Phase: declare ---
  Declare point: r2_d2 wins 5 pts (('point', 5, 'S'))
  Declare sequence: r2_d2 wins 10 pts (('sequence', 5, 14, 'S'))
  Declare set: r2_d2 wins 14 pts (('set', 4, 13))

--- Phase: tricks ---
  Trick  1: rootbotz leads AH, r2_d2 plays KH -> rootbotz wins
  Trick  2: rootbotz leads AD, r2_d2 plays 7D -> rootbotz wins
  Trick  3: rootbotz leads 7S, r2_d2 plays 10S -> r2_d2 wins
  Trick  4: r2_d2 leads AS, rootbotz plays 8S -> r2_d2 wins
  Trick  5: r2_d2 leads AC, rootbotz plays 8C -> r2_d2 wins
  Trick  6: r2_d2 leads KD, rootbotz plays 10D -> r2_d2 wins
  Trick  7: r2_d2 leads KS, rootbotz plays 9C -> r2_d2 wins
  Trick  8: r2_d2 leads QS, rootbotz plays 10C -> r2_d2 wins
  Trick  9: r2_d2 leads KC, rootbotz plays JC -> r2_d2 wins
  Trick 10: r2_d2 leads 9D, rootbotz plays JD -> rootbotz wins
  Trick 11: rootbotz leads JH, r2_d2 plays 8D -> rootbotz wins
  Trick 12: rootbotz leads QC, r2_d2 plays JS -> rootbotz wins
  Hand: r2_d2 +46 / rootbotz +6 (tricks 7-5)
  Match total: r2_d2 65 - 57 rootbotz
Players: r2_d2 vs rootbotz
Dealer: rootbotz  |  Elder: r2_d2
Match scores: 65 - 57
Talon (8): 7C 10C KC 10D 7H 9H AH AS
r2_d2 hand: 9C JC 7D 8D 9D JD QD KD 10H JH 7S JS
rootbotz hand: 8C QC AC AD 8H QH KH 8S 9S 10S QS KS
  Exchange r2_d2: discard 9C 10H 7S -> draw KC 9H AH (talon 5 left)
  Exchange rootbotz: discard 8C AC AD 8H KH -> draw 7C 10C 10D 7H AS (talon 0 left)

--- Phase: declare ---
  Declare point: rootbotz wins 6 pts (('point', 6, 'S'))
  Declare sequence: rootbotz wins 3 pts (('sequence', 3, 14, 'S'))
  Declare set: rootbotz wins 3 pts (('set', 3, 12))

--- Phase: tricks ---
  Trick  1: r2_d2 leads AH, rootbotz plays 7H -> r2_d2 wins
  Trick  2: r2_d2 leads KD, rootbotz plays 10D -> r2_d2 wins
  Trick  3: r2_d2 leads QD, rootbotz plays 7C -> r2_d2 wins
  Trick  4: r2_d2 leads JD, rootbotz plays 8S -> r2_d2 wins
  Trick  5: r2_d2 leads 9D, rootbotz plays 9S -> r2_d2 wins
  Trick  6: r2_d2 leads KC, rootbotz plays 10C -> r2_d2 wins
  Trick  7: r2_d2 leads JH, rootbotz plays QH -> rootbotz wins
  Trick  8: rootbotz leads AS, r2_d2 plays JS -> rootbotz wins
  Trick  9: rootbotz leads QS, r2_d2 plays 7D -> rootbotz wins
  Trick 10: rootbotz leads QC, r2_d2 plays JC -> rootbotz wins
  Trick 11: rootbotz leads KS, r2_d2 plays 8D -> rootbotz wins
  Trick 12: rootbotz leads 10S, r2_d2 plays 9H -> rootbotz wins
  Hand: r2_d2 +6 / rootbotz +19 (tricks 6-6)
  Match total: r2_d2 71 - 76 rootbotz
Players: r2_d2 vs rootbotz
Dealer: r2_d2  |  Elder: rootbotz
Match scores: 71 - 76
Talon (8): JC QD KD AD QH KH 8S KS
r2_d2 hand: 7C 8C 9C KC 8D 8H 9H JH 9S 10S JS AS
rootbotz hand: 10C QC AC 7D 9D 10D JD 7H 10H AH 7S QS
  Exchange rootbotz: discard QC 7H AH 7S -> draw JC QD AD 8S (talon 4 left)
  Exchange r2_d2: discard 8D 8H 9H JH -> draw KD QH KH KS (talon 0 left)

--- Phase: declare ---
  Declare point: rootbotz wins 6 pts (('point', 6, 'D'))
  Declare sequence: rootbotz wins 4 pts (('sequence', 4, 12, 'D'))
  Declare set: r2_d2 wins 14 pts (('set', 4, 13))

--- Phase: tricks ---
  Trick  1: rootbotz leads AD, r2_d2 plays KD -> rootbotz wins
  Trick  2: rootbotz leads AC, r2_d2 plays 7C -> rootbotz wins
  Trick  3: rootbotz leads 9D, r2_d2 plays 8C -> rootbotz wins
  Trick  4: rootbotz leads 10D, r2_d2 plays 9C -> rootbotz wins
  Trick  5: rootbotz leads 10C, r2_d2 plays KC -> r2_d2 wins
  Trick  6: r2_d2 leads AS, rootbotz plays 8S -> r2_d2 wins
  Trick  7: r2_d2 leads KS, rootbotz plays QS -> r2_d2 wins
  Trick  8: r2_d2 leads JS, rootbotz plays 7D -> r2_d2 wins
  Trick  9: r2_d2 leads KH, rootbotz plays 10H -> r2_d2 wins
  Trick 10: r2_d2 leads 10S, rootbotz plays JC -> r2_d2 wins
  Trick 11: r2_d2 leads QH, rootbotz plays JD -> r2_d2 wins
  Trick 12: r2_d2 leads 9S, rootbotz plays QD -> r2_d2 wins
  Hand: r2_d2 +33 / rootbotz +14 (tricks 8-4)
  Match total: r2_d2 104 - 90 rootbotz
  Final: r2_d2 104 - 90 rootbotz
  Winner: r2_d2

============================================================
Game 40
============================================================
Players: rootbotz vs r2_d2
Dealer: rootbotz  |  Elder: r2_d2
Match scores: 0 - 0
Talon (8): 8D 10D QD 7H 10H KH AH 7S
rootbotz hand: 7C 8C 9C QC 7D JD KD AD QH 8S 9S QS
r2_d2 hand: 10C JC KC AC 9D 8H 9H JH 10S JS KS AS
  Exchange r2_d2: discard 9D 8H 9H -> draw QD 7H AH (talon 5 left)
  Exchange rootbotz: discard 7D JD 8S 9S -> draw 8D 10D 10H 7S (talon 1 left)

--- Phase: declare ---
  Declare point: r2_d2 wins 4 pts (('point', 4, 'C'))
  Declare sequence: rootbotz wins 3 pts (('sequence', 3, 9, 'C'))
  Declare set: r2_d2 wins 3 pts (('set', 3, 14))

--- Phase: tricks ---
  Trick  1: r2_d2 leads AC, rootbotz plays 7C -> r2_d2 wins
  Trick  2: r2_d2 leads AS, rootbotz plays 7S -> r2_d2 wins
  Trick  3: r2_d2 leads AH, rootbotz plays 10H -> r2_d2 wins
  Trick  4: r2_d2 leads KS, rootbotz plays QS -> r2_d2 wins
  Trick  5: r2_d2 leads KC, rootbotz plays 8C -> r2_d2 wins
  Trick  6: r2_d2 leads JH, rootbotz plays QH -> rootbotz wins
  Trick  7: rootbotz leads AD, r2_d2 plays QD -> rootbotz wins
  Trick  8: rootbotz leads KD, r2_d2 plays 7H -> rootbotz wins
  Trick  9: rootbotz leads 10D, r2_d2 plays 10C -> rootbotz wins
  Trick 10: rootbotz leads 8D, r2_d2 plays 10S -> rootbotz wins
  Trick 11: rootbotz leads 9C, r2_d2 plays JC -> r2_d2 wins
  Trick 12: r2_d2 leads JS, rootbotz plays QC -> r2_d2 wins
  Hand: rootbotz +8 / r2_d2 +25 (tricks 5-7)
  Match total: rootbotz 8 - 25 r2_d2
Players: rootbotz vs r2_d2
Dealer: r2_d2  |  Elder: rootbotz
Match scores: 8 - 25
Talon (8): 7C 9C KC 9H 10H JH QH 7S
rootbotz hand: 8C 10C JC QC AC 8D 9D AD 7H 8H 9S 10S
r2_d2 hand: 7D 10D JD QD KD KH AH 8S JS QS KS AS
  Exchange rootbotz: discard 8D 9D 7H 8H 9S -> draw 7C 9C 10H QH 7S (talon 3 left)
  Exchange r2_d2: discard  -> draw  (talon 3 left)

--- Phase: declare ---
  Declare point: rootbotz wins 7 pts (('point', 7, 'C'))
  Declare sequence: rootbotz wins 11 pts (('sequence', 6, 12, 'C'))
  Declare set: r2_d2 wins 3 pts (('set', 3, 13))

--- Phase: tricks ---
  Trick  1: rootbotz leads AD, r2_d2 plays 7D -> rootbotz wins
  Trick  2: rootbotz leads AC, r2_d2 plays 8S -> rootbotz wins
  Trick  3: rootbotz leads 7C, r2_d2 plays 10D -> rootbotz wins
  Trick  4: rootbotz leads 8C, r2_d2 plays JD -> rootbotz wins
  Trick  5: rootbotz leads 9C, r2_d2 plays JS -> rootbotz wins
  Trick  6: rootbotz leads 10C, r2_d2 plays QD -> rootbotz wins
  Trick  7: rootbotz leads JC, r2_d2 plays QS -> rootbotz wins
  Trick  8: rootbotz leads QC, r2_d2 plays KD -> rootbotz wins
  Trick  9: rootbotz leads QH, r2_d2 plays KH -> r2_d2 wins
  Trick 10: r2_d2 leads AS, rootbotz plays 7S -> r2_d2 wins
  Trick 11: r2_d2 leads AH, rootbotz plays 10H -> r2_d2 wins
  Trick 12: r2_d2 leads KS, rootbotz plays 10S -> r2_d2 wins
  Hand: rootbotz +36 / r2_d2 +8 (tricks 8-4)
  Match total: rootbotz 44 - 33 r2_d2
Players: rootbotz vs r2_d2
Dealer: rootbotz  |  Elder: r2_d2
Match scores: 44 - 33
Talon (8): AC 10D JD AD 7H QH 10S QS
rootbotz hand: 9C QC KC 7D 9D QD 10H JH KH 7S KS AS
r2_d2 hand: 7C 8C 10C JC 8D KD 8H 9H AH 8S 9S JS
  Exchange r2_d2: discard 8D 8H 9H 8S 9S -> draw AC 10D JD 7H QS (talon 3 left)
  Exchange rootbotz: discard 9C 7D 9D -> draw AD QH 10S (talon 0 left)

--- Phase: declare ---
  Declare point: r2_d2 wins 5 pts (('point', 5, 'C'))
  Declare sequence: rootbotz wins 4 pts (('sequence', 4, 13, 'H'))
  Declare set: rootbotz wins 3 pts (('set', 3, 13))

--- Phase: tricks ---
  Trick  1: r2_d2 leads AC, rootbotz plays QC -> r2_d2 wins
  Trick  2: r2_d2 leads AH, rootbotz plays 10H -> r2_d2 wins
  Trick  3: r2_d2 leads JC, rootbotz plays KC -> rootbotz wins
  Trick  4: rootbotz leads AS, r2_d2 plays JS -> rootbotz wins
  Trick  5: rootbotz leads AD, r2_d2 plays 10D -> rootbotz wins
  Trick  6: rootbotz leads JH, r2_d2 plays 7H -> rootbotz wins
  Trick  7: rootbotz leads QH, r2_d2 plays 7C -> rootbotz wins
  Trick  8: rootbotz leads KS, r2_d2 plays QS -> rootbotz wins
  Trick  9: rootbotz leads KH, r2_d2 plays 8C -> rootbotz wins
  Trick 10: rootbotz leads QD, r2_d2 plays KD -> r2_d2 wins
  Trick 11: r2_d2 leads JD, rootbotz plays 7S -> r2_d2 wins
  Trick 12: r2_d2 leads 10C, rootbotz plays 10S -> r2_d2 wins
  Hand: rootbotz +24 / r2_d2 +11 (tricks 7-5)
  Match total: rootbotz 68 - 44 r2_d2
Players: rootbotz vs r2_d2
Dealer: r2_d2  |  Elder: rootbotz
Match scores: 68 - 44
Talon (8): 7C 9C JC KC KD AH 7S 9S
rootbotz hand: AC 7D 8D 10D AD 9H JH QH KH 8S QS AS
r2_d2 hand: 8C 10C QC 9D JD QD 7H 8H 10H 10S JS KS
  Exchange rootbotz: discard 7D 8D 10D 8S QS -> draw 7C JC KC KD 9S (talon 3 left)
  Exchange r2_d2: discard 8C 9D 7H -> draw 9C AH 7S (talon 0 left)

--- Phase: declare ---
  Declare point: rootbotz wins 4 pts (('point', 4, 'H'))
  Declare sequence: rootbotz wins 3 pts (('sequence', 3, 13, 'H'))
  Declare set: rootbotz wins 3 pts (('set', 3, 14))

--- Phase: tricks ---
  Trick  1: rootbotz leads AS, r2_d2 plays 7S -> rootbotz wins
  Trick  2: rootbotz leads AD, r2_d2 plays JD -> rootbotz wins
  Trick  3: rootbotz leads AC, r2_d2 plays 9C -> rootbotz wins
  Trick  4: rootbotz leads KD, r2_d2 plays QD -> rootbotz wins
  Trick  5: rootbotz leads KC, r2_d2 plays 10C -> rootbotz wins
  Trick  6: rootbotz leads JH, r2_d2 plays AH -> r2_d2 wins
  Trick  7: r2_d2 leads KS, rootbotz plays 9S -> r2_d2 wins
  Trick  8: r2_d2 leads QC, rootbotz plays 7C -> r2_d2 wins
  Trick  9: r2_d2 leads JS, rootbotz plays 9H -> r2_d2 wins
  Trick 10: r2_d2 leads 10H, rootbotz plays QH -> rootbotz wins
  Trick 11: rootbotz leads JC, r2_d2 plays 8H -> rootbotz wins
  Trick 12: rootbotz leads KH, r2_d2 plays 10S -> rootbotz wins
  Hand: rootbotz +29 / r2_d2 +4 (tricks 8-4)
  Match total: rootbotz 97 - 48 r2_d2
Players: rootbotz vs r2_d2
Dealer: rootbotz  |  Elder: r2_d2
Match scores: 97 - 48
Talon (8): 8C 10C KC AC KD 10H QH 7S
rootbotz hand: 7C JC QC 8D 10D JD QD 8H JH KH AH JS
r2_d2 hand: 9C 7D 9D AD 7H 9H 8S 9S 10S QS KS AS
  Exchange r2_d2: discard 9C 7D 9D 7H 9H -> draw 10C AC 10H QH 7S (talon 3 left)
  Exchange rootbotz: discard 7C QC KH -> draw 8C KC KD (talon 0 left)

--- Phase: declare ---
  Declare point: r2_d2 wins 7 pts (('point', 7, 'S'))
  Declare sequence: rootbotz wins 4 pts (('sequence', 4, 13, 'D'))
  Declare set: r2_d2 wins 3 pts (('set', 3, 14))

--- Phase: tricks ---
  Trick  1: r2_d2 leads AS, rootbotz plays JS -> r2_d2 wins
  Trick  2: r2_d2 leads AC, rootbotz plays 8C -> r2_d2 wins
  Trick  3: r2_d2 leads AD, rootbotz plays 8D -> r2_d2 wins
  Trick  4: r2_d2 leads KS, rootbotz plays 8H -> r2_d2 wins
  Trick  5: r2_d2 leads QS, rootbotz plays 10D -> r2_d2 wins
  Trick  6: r2_d2 leads 10S, rootbotz plays JC -> r2_d2 wins
  Trick  7: r2_d2 leads 9S, rootbotz plays JH -> r2_d2 wins
  Trick  8: r2_d2 leads QH, rootbotz plays AH -> rootbotz wins
  Trick  9: rootbotz leads JD, r2_d2 plays 7S -> rootbotz wins
  Trick 10: rootbotz leads QD, r2_d2 plays 8S -> rootbotz wins
  Trick 11: rootbotz leads KD, r2_d2 plays 10C -> rootbotz wins
  Trick 12: rootbotz leads KC, r2_d2 plays 10H -> rootbotz wins
  Hand: rootbotz +10 / r2_d2 +27 (tricks 5-7)
  Match total: rootbotz 107 - 75 r2_d2
  Final: rootbotz 107 - 75 r2_d2
  Winner: rootbotz

============================================================
Game 41
============================================================
Players: r2_d2 vs rootbotz
Dealer: r2_d2  |  Elder: rootbotz
Match scores: 0 - 0
Talon (8): 9C 10C QC 8D KD JS QS AS
r2_d2 hand: 7C JC AC 7D QD 7H 8H JH KH 7S 9S KS
rootbotz hand: 8C KC 9D 10D JD AD 9H 10H QH AH 8S 10S
  Exchange rootbotz: discard 8C KC 9H QH 8S -> draw 10C QC KD JS QS (talon 3 left)
  Exchange r2_d2: discard 7C 7D 7S -> draw 9C 8D AS (talon 0 left)

--- Phase: declare ---
  Declare point: rootbotz wins 5 pts (('point', 5, 'D'))
  Declare sequence: rootbotz wins 3 pts (('sequence', 3, 12, 'S'))
  Declare set: rootbotz wins 14 pts (('set', 4, 10))

--- Phase: tricks ---
  Trick  1: rootbotz leads AH, r2_d2 plays 7H -> rootbotz wins
  Trick  2: rootbotz leads AD, r2_d2 plays 8D -> rootbotz wins
  Trick  3: rootbotz leads KD, r2_d2 plays QD -> rootbotz wins
  Trick  4: rootbotz leads 9D, r2_d2 plays 8H -> rootbotz wins
  Trick  5: rootbotz leads 10D, r2_d2 plays 9C -> rootbotz wins
  Trick  6: rootbotz leads JD, r2_d2 plays 9S -> rootbotz wins
  Trick  7: rootbotz leads QC, r2_d2 plays AC -> r2_d2 wins
  Trick  8: r2_d2 leads AS, rootbotz plays 10S -> r2_d2 wins
  Trick  9: r2_d2 leads KH, rootbotz plays 10H -> r2_d2 wins
  Trick 10: r2_d2 leads KS, rootbotz plays JS -> r2_d2 wins
  Trick 11: r2_d2 leads JH, rootbotz plays 10C -> r2_d2 wins
  Trick 12: r2_d2 leads JC, rootbotz plays QS -> r2_d2 wins
  Hand: r2_d2 +7 / rootbotz +28 (tricks 6-6)
  Match total: r2_d2 7 - 28 rootbotz
Players: r2_d2 vs rootbotz
Dealer: rootbotz  |  Elder: r2_d2
Match scores: 7 - 28
Talon (8): 7C JC QC 9D 8H 10H 9S KS
r2_d2 hand: 10C AC JD KD 7H 9H KH AH 10S JS QS AS
rootbotz hand: 8C 9C KC 7D 8D 10D QD AD JH QH 7S 8S
  Exchange r2_d2: discard 10C JD 7H 9H -> draw 7C JC 10H KS (talon 4 left)
  Exchange rootbotz: discard 8C 7D 7S 8S -> draw QC 9D 8H 9S (talon 0 left)

--- Phase: declare ---
  Declare point: r2_d2 wins 5 pts (('point', 5, 'S'))
  Declare sequence: r2_d2 wins 10 pts (('sequence', 5, 14, 'S'))
  Declare set: r2_d2 wins 3 pts (('set', 3, 14))

--- Phase: tricks ---
  Trick  1: r2_d2 leads AS, rootbotz plays 9S -> r2_d2 wins
  Trick  2: r2_d2 leads AH, rootbotz plays 8H -> r2_d2 wins
  Trick  3: r2_d2 leads AC, rootbotz plays 9C -> r2_d2 wins
  Trick  4: r2_d2 leads KS, rootbotz plays 8D -> r2_d2 wins
  Trick  5: r2_d2 leads QS, rootbotz plays 9D -> r2_d2 wins
  Trick  6: r2_d2 leads KH, rootbotz plays JH -> r2_d2 wins
  Trick  7: r2_d2 leads JC, rootbotz plays QC -> rootbotz wins
  Trick  8: rootbotz leads AD, r2_d2 plays KD -> rootbotz wins
  Trick  9: rootbotz leads 10D, r2_d2 plays 7C -> rootbotz wins
  Trick 10: rootbotz leads QD, r2_d2 plays 10H -> rootbotz wins
  Trick 11: rootbotz leads QH, r2_d2 plays 10S -> rootbotz wins
  Trick 12: rootbotz leads KC, r2_d2 plays JS -> rootbotz wins
  Hand: r2_d2 +24 / rootbotz +7 (tricks 6-6)
  Match total: r2_d2 31 - 35 rootbotz
Players: r2_d2 vs rootbotz
Dealer: r2_d2  |  Elder: rootbotz
Match scores: 31 - 35
Talon (8): 9C KC 7D 9D QD 7H 9H QH
r2_d2 hand: 7C 10C JC AC 10D 10H JH 7S 8S 9S JS KS
rootbotz hand: 8C QC 8D JD KD AD 8H KH AH 10S QS AS
  Exchange rootbotz: discard 8C QC 8D JD 8H -> draw 9C 7D 9D 7H QH (talon 3 left)
  Exchange r2_d2: discard 7C 10D 10H -> draw KC QD 9H (talon 0 left)

--- Phase: declare ---
  Declare point: r2_d2 wins 5 pts (('point', 5, 'S'))
  Declare sequence: rootbotz wins 3 pts (('sequence', 3, 14, 'H'))
  Declare set: rootbotz wins 3 pts (('set', 3, 14))

--- Phase: tricks ---
  Trick  1: rootbotz leads AS, r2_d2 plays 7S -> rootbotz wins
  Trick  2: rootbotz leads AH, r2_d2 plays 9H -> rootbotz wins
  Trick  3: rootbotz leads AD, r2_d2 plays QD -> rootbotz wins
  Trick  4: rootbotz leads QH, r2_d2 plays JH -> rootbotz wins
  Trick  5: rootbotz leads KH, r2_d2 plays 8S -> rootbotz wins
  Trick  6: rootbotz leads KD, r2_d2 plays 9S -> rootbotz wins
  Trick  7: rootbotz leads QS, r2_d2 plays KS -> r2_d2 wins
  Trick  8: r2_d2 leads AC, rootbotz plays 9C -> r2_d2 wins
  Trick  9: r2_d2 leads KC, rootbotz plays 7H -> r2_d2 wins
  Trick 10: r2_d2 leads JC, rootbotz plays 7D -> r2_d2 wins
  Trick 11: r2_d2 leads JS, rootbotz plays 10S -> r2_d2 wins
  Trick 12: r2_d2 leads 10C, rootbotz plays 9D -> r2_d2 wins
  Hand: r2_d2 +12 / rootbotz +12 (tricks 6-6)
  Match total: r2_d2 43 - 47 rootbotz
Players: r2_d2 vs rootbotz
Dealer: rootbotz  |  Elder: r2_d2
Match scores: 43 - 47
Talon (8): 8C AC 8D 8H 9H JH KH 7S
r2_d2 hand: KC 9D 10D QD KD AD 10H QH AH 9S 10S AS
rootbotz hand: 7C 9C 10C JC QC 7D JD 7H 8S JS QS KS
  Exchange r2_d2: discard QH 9S -> draw 8C 8D (talon 6 left)
  Exchange rootbotz: discard 7D 7H 8S QS KS -> draw AC 9H JH KH 7S (talon 1 left)

--- Phase: declare ---
  Declare point: r2_d2 wins 6 pts (('point', 6, 'D'))
  Declare sequence: rootbotz wins 4 pts (('sequence', 4, 12, 'C'))
  Declare set: r2_d2 wins 3 pts (('set', 3, 14))

--- Phase: tricks ---
  Trick  1: r2_d2 leads AD, rootbotz plays JD -> r2_d2 wins
  Trick  2: r2_d2 leads AS, rootbotz plays 7S -> r2_d2 wins
  Trick  3: r2_d2 leads AH, rootbotz plays 9H -> r2_d2 wins
  Trick  4: r2_d2 leads KD, rootbotz plays 7C -> r2_d2 wins
  Trick  5: r2_d2 leads QD, rootbotz plays 9C -> r2_d2 wins
  Trick  6: r2_d2 leads 10D, rootbotz plays 10C -> r2_d2 wins
  Trick  7: r2_d2 leads KC, rootbotz plays AC -> rootbotz wins
  Trick  8: rootbotz leads JC, r2_d2 plays 8C -> rootbotz wins
  Trick  9: rootbotz leads QC, r2_d2 plays 8D -> rootbotz wins
  Trick 10: rootbotz leads JS, r2_d2 plays 10S -> rootbotz wins
  Trick 11: rootbotz leads JH, r2_d2 plays 10H -> rootbotz wins
  Trick 12: rootbotz leads KH, r2_d2 plays 9D -> rootbotz wins
  Hand: r2_d2 +15 / rootbotz +11 (tricks 6-6)
  Match total: r2_d2 58 - 58 rootbotz
Players: r2_d2 vs rootbotz
Dealer: r2_d2  |  Elder: rootbotz
Match scores: 58 - 58
Talon (8): 7C 8D JD KD 8S JS QS KS
r2_d2 hand: 8C 9C JC KC AC 7D 10D QD 7H 10H AH AS
rootbotz hand: 10C QC 9D AD 8H 9H JH QH KH 7S 9S 10S
  Exchange rootbotz: discard 10C 9D 7S 9S 10S -> draw 7C 8D KD QS KS (talon 3 left)
  Exchange r2_d2: discard 7D 7H 10H -> draw JD 8S JS (talon 0 left)

--- Phase: declare ---
  Declare point: r2_d2 wins 5 pts (('point', 5, 'C'))
  Declare sequence: rootbotz wins 3 pts (('sequence', 3, 13, 'H'))
  Declare set: r2_d2 wins 3 pts (('set', 3, 14))

--- Phase: tricks ---
  Trick  1: rootbotz leads AD, r2_d2 plays 10D -> rootbotz wins
  Trick  2: rootbotz leads KD, r2_d2 plays JD -> rootbotz wins
  Trick  3: rootbotz leads JH, r2_d2 plays AH -> r2_d2 wins
  Trick  4: r2_d2 leads AC, rootbotz plays 7C -> r2_d2 wins
  Trick  5: r2_d2 leads AS, rootbotz plays QS -> r2_d2 wins
  Trick  6: r2_d2 leads KC, rootbotz plays QC -> r2_d2 wins
  Trick  7: r2_d2 leads QD, rootbotz plays 8D -> r2_d2 wins
  Trick  8: r2_d2 leads JC, rootbotz plays 8H -> r2_d2 wins
  Trick  9: r2_d2 leads JS, rootbotz plays KS -> rootbotz wins
  Trick 10: rootbotz leads 9H, r2_d2 plays 8S -> rootbotz wins
  Trick 11: rootbotz leads QH, r2_d2 plays 8C -> rootbotz wins
  Trick 12: rootbotz leads KH, r2_d2 plays 9C -> rootbotz wins
  Hand: r2_d2 +14 / rootbotz +10 (tricks 6-6)
  Match total: r2_d2 72 - 68 rootbotz
Players: r2_d2 vs rootbotz
Dealer: rootbotz  |  Elder: r2_d2
Match scores: 72 - 68
Talon (8): 7D 10D AD 8H QH KH 7S 10S
r2_d2 hand: 7C 8C 9D QD 7H 10H JH AH 8S JS KS AS
rootbotz hand: 9C 10C JC QC KC AC 8D JD KD 9H 9S QS
  Exchange r2_d2: discard 7C 8C 9D 7H 10H -> draw 7D 10D 8H QH KH (talon 3 left)
  Exchange rootbotz: discard 8D JD 9S -> draw AD 7S 10S (talon 0 left)

--- Phase: declare ---
  Declare point: rootbotz wins 6 pts (('point', 6, 'C'))
  Declare sequence: rootbotz wins 11 pts (('sequence', 6, 14, 'C'))

--- Phase: tricks ---
  Trick  1: r2_d2 leads AH, rootbotz plays 9H -> r2_d2 wins
  Trick  2: r2_d2 leads AS, rootbotz plays 7S -> r2_d2 wins
  Trick  3: r2_d2 leads KH, rootbotz plays 9C -> r2_d2 wins
  Trick  4: r2_d2 leads KS, rootbotz plays 10S -> r2_d2 wins
  Trick  5: r2_d2 leads QH, rootbotz plays 10C -> r2_d2 wins
  Trick  6: r2_d2 leads QD, rootbotz plays KD -> rootbotz wins
  Trick  7: rootbotz leads AD, r2_d2 plays 7D -> rootbotz wins
  Trick  8: rootbotz leads AC, r2_d2 plays 8H -> rootbotz wins
  Trick  9: rootbotz leads JC, r2_d2 plays 8S -> rootbotz wins
  Trick 10: rootbotz leads QS, r2_d2 plays JS -> rootbotz wins
  Trick 11: rootbotz leads QC, r2_d2 plays 10D -> rootbotz wins
  Trick 12: rootbotz leads KC, r2_d2 plays JH -> rootbotz wins
  Hand: r2_d2 +5 / rootbotz +35 (tricks 5-7)
  Match total: r2_d2 77 - 103 rootbotz
  Final: r2_d2 77 - 103 rootbotz
  Winner: rootbotz

============================================================
Game 42
============================================================
Players: rootbotz vs r2_d2
Dealer: rootbotz  |  Elder: r2_d2
Match scores: 0 - 0
Talon (8): 7C AC 7D 9D AD 9H JH JS
rootbotz hand: 8C 10C JC QC KC 8D JD QD KD 7H 10H 10S
r2_d2 hand: 9C 10D 8H QH KH AH 7S 8S 9S QS KS AS
  Exchange r2_d2: discard 9C 10D 8H -> draw 7C 9D JS (talon 5 left)
  Exchange rootbotz: discard 8D QD KD 7H -> draw AC 7D AD JH (talon 1 left)

--- Phase: declare ---
  Declare point: r2_d2 wins 7 pts (('point', 7, 'S'))
  Declare sequence: rootbotz wins 10 pts (('sequence', 5, 14, 'C'))
  Declare set: rootbotz wins 3 pts (('set', 3, 11))

--- Phase: tricks ---
  Trick  1: r2_d2 leads AS, rootbotz plays 10S -> r2_d2 wins
  Trick  2: r2_d2 leads AH, rootbotz plays 10H -> r2_d2 wins
  Trick  3: r2_d2 leads KS, rootbotz plays 7D -> r2_d2 wins
  Trick  4: r2_d2 leads QS, rootbotz plays 8C -> r2_d2 wins
  Trick  5: r2_d2 leads KH, rootbotz plays JH -> r2_d2 wins
  Trick  6: r2_d2 leads QH, rootbotz plays 10C -> r2_d2 wins
  Trick  7: r2_d2 leads JS, rootbotz plays JD -> r2_d2 wins
  Trick  8: r2_d2 leads 9S, rootbotz plays JC -> r2_d2 wins
  Trick  9: r2_d2 leads 8S, rootbotz plays QC -> r2_d2 wins
  Trick 10: r2_d2 leads 9D, rootbotz plays AD -> rootbotz wins
  Trick 11: rootbotz leads AC, r2_d2 plays 7C -> rootbotz wins
  Trick 12: rootbotz leads KC, r2_d2 plays 7S -> rootbotz wins
  Hand: rootbotz +17 / r2_d2 +26 (tricks 3-9)
  Match total: rootbotz 17 - 26 r2_d2
Players: rootbotz vs r2_d2
Dealer: r2_d2  |  Elder: rootbotz
Match scores: 17 - 26
Talon (8): 7C JC AC 10D 9H 10H JH JS
rootbotz hand: 9C 10C QC KC 8D 9D QD AD KH AH 8S QS
r2_d2 hand: 8C 7D JD KD 7H 8H QH 7S 9S 10S KS AS
  Exchange rootbotz: discard 8D 9D 8S -> draw 7C AC 10H (talon 5 left)
  Exchange r2_d2: discard 8C 7D JD 7H 8H -> draw JC 10D 9H JH JS (talon 0 left)

--- Phase: declare ---
  Declare sequence: rootbotz wins 3 pts (('sequence', 3, 14, 'C'))
  Declare set: rootbotz wins 3 pts (('set', 3, 14))

--- Phase: tricks ---
  Trick  1: rootbotz leads AH, r2_d2 plays 9H -> rootbotz wins
  Trick  2: rootbotz leads AD, r2_d2 plays 10D -> rootbotz wins
  Trick  3: rootbotz leads AC, r2_d2 plays JC -> rootbotz wins
  Trick  4: rootbotz leads QC, r2_d2 plays 7S -> rootbotz wins
  Trick  5: rootbotz leads KH, r2_d2 plays JH -> rootbotz wins
  Trick  6: rootbotz leads KC, r2_d2 plays 9S -> rootbotz wins
  Trick  7: rootbotz leads 9C, r2_d2 plays 10S -> rootbotz wins
  Trick  8: rootbotz leads 10C, r2_d2 plays JS -> rootbotz wins
  Trick  9: rootbotz leads QD, r2_d2 plays KD -> r2_d2 wins
  Trick 10: r2_d2 leads AS, rootbotz plays QS -> r2_d2 wins
  Trick 11: r2_d2 leads KS, rootbotz plays 7C -> r2_d2 wins
  Trick 12: r2_d2 leads QH, rootbotz plays 10H -> r2_d2 wins
  Hand: rootbotz +24 / r2_d2 +5 (tricks 8-4)
  Match total: rootbotz 41 - 31 r2_d2
Players: rootbotz vs r2_d2
Dealer: rootbotz  |  Elder: r2_d2
Match scores: 41 - 31
Talon (8): 8C AC 9D QD KD 8H JH JS
rootbotz hand: 10C 7D 8D JD AD 7H QH AH 8S 10S KS AS
r2_d2 hand: 7C 9C JC QC KC 10D 9H 10H KH 7S 9S QS
  Exchange r2_d2: discard 10D 9H 10H 7S 9S -> draw 8C AC 9D KD JH (talon 3 left)
  Exchange rootbotz: discard 10C 7H 10S -> draw QD 8H JS (talon 0 left)

--- Phase: declare ---
  Declare point: r2_d2 wins 7 pts (('point', 7, 'C'))
  Declare sequence: r2_d2 wins 4 pts (('sequence', 4, 14, 'C'))
  Declare set: rootbotz wins 3 pts (('set', 3, 14))

--- Phase: tricks ---
  Trick  1: r2_d2 leads AC, rootbotz plays 7D -> r2_d2 wins
  Trick  2: r2_d2 leads KC, rootbotz plays 8H -> r2_d2 wins
  Trick  3: r2_d2 leads QC, rootbotz plays 8D -> r2_d2 wins
  Trick  4: r2_d2 leads JC, rootbotz plays 8S -> r2_d2 wins
  Trick  5: r2_d2 leads 9C, rootbotz plays JD -> r2_d2 wins
  Trick  6: r2_d2 leads KH, rootbotz plays AH -> rootbotz wins
  Trick  7: rootbotz leads AS, r2_d2 plays QS -> rootbotz wins
  Trick  8: rootbotz leads AD, r2_d2 plays 9D -> rootbotz wins
  Trick  9: rootbotz leads JS, r2_d2 plays 7C -> rootbotz wins
  Trick 10: rootbotz leads QH, r2_d2 plays JH -> rootbotz wins
  Trick 11: rootbotz leads KS, r2_d2 plays 8C -> rootbotz wins
  Trick 12: rootbotz leads QD, r2_d2 plays KD -> r2_d2 wins
  Hand: rootbotz +9 / r2_d2 +18 (tricks 6-6)
  Match total: rootbotz 50 - 49 r2_d2
Players: rootbotz vs r2_d2
Dealer: r2_d2  |  Elder: rootbotz
Match scores: 50 - 49
Talon (8): AC 7D 10H AH 8S 9S JS QS
rootbotz hand: 8C JC QC KC 8D 10D QD KD 8H 9H QH KS
r2_d2 hand: 7C 9C 10C 9D JD AD 7H JH KH 7S 10S AS
  Exchange rootbotz: discard 8C 8D 10D 8H 9H -> draw AC 10H AH 8S QS (talon 3 left)
  Exchange r2_d2: discard 9D 7H 7S -> draw 7D 9S JS (talon 0 left)

--- Phase: declare ---
  Declare point: rootbotz wins 4 pts (('point', 4, 'C'))
  Declare sequence: rootbotz wins 4 pts (('sequence', 4, 14, 'C'))
  Declare set: rootbotz wins 3 pts (('set', 3, 13))

--- Phase: tricks ---
  Trick  1: rootbotz leads AH, r2_d2 plays JH -> rootbotz wins
  Trick  2: rootbotz leads AC, r2_d2 plays 7C -> rootbotz wins
  Trick  3: rootbotz leads JC, r2_d2 plays 9C -> rootbotz wins
  Trick  4: rootbotz leads QC, r2_d2 plays 10C -> rootbotz wins
  Trick  5: rootbotz leads KC, r2_d2 plays 7D -> rootbotz wins
  Trick  6: rootbotz leads QS, r2_d2 plays AS -> r2_d2 wins
  Trick  7: r2_d2 leads AD, rootbotz plays QD -> r2_d2 wins
  Trick  8: r2_d2 leads KH, rootbotz plays 10H -> r2_d2 wins
  Trick  9: r2_d2 leads JS, rootbotz plays KS -> rootbotz wins
  Trick 10: rootbotz leads QH, r2_d2 plays 9S -> rootbotz wins
  Trick 11: rootbotz leads KD, r2_d2 plays JD -> rootbotz wins
  Trick 12: rootbotz leads 8S, r2_d2 plays 10S -> r2_d2 wins
  Hand: rootbotz +29 / r2_d2 +5 (tricks 8-4)
  Match total: rootbotz 79 - 54 r2_d2
Players: rootbotz vs r2_d2
Dealer: rootbotz  |  Elder: r2_d2
Match scores: 79 - 54
Talon (8): 9C 10C QC KD 10H JH KH 10S
rootbotz hand: 8C JC KC 8D 9D AD 7H 9H 7S 8S QS KS
r2_d2 hand: 7C AC 7D 10D JD QD 8H QH AH 9S JS AS
  Exchange r2_d2: discard 7C 8H QH 9S JS -> draw 9C 10C QC 10H 10S (talon 3 left)
  Exchange rootbotz: discard 8C 7H 9H -> draw KD JH KH (talon 0 left)

--- Phase: declare ---
  Declare point: r2_d2 wins 4 pts (('point', 4, 'C'))
  Declare sequence: r2_d2 wins 3 pts (('sequence', 3, 12, 'D'))
  Declare set: r2_d2 wins 3 pts (('set', 3, 14))

--- Phase: tricks ---
  Trick  1: r2_d2 leads AC, rootbotz plays JC -> r2_d2 wins
  Trick  2: r2_d2 leads AS, rootbotz plays 7S -> r2_d2 wins
  Trick  3: r2_d2 leads AH, rootbotz plays JH -> r2_d2 wins
  Trick  4: r2_d2 leads QD, rootbotz plays KD -> rootbotz wins
  Trick  5: rootbotz leads AD, r2_d2 plays 7D -> rootbotz wins
  Trick  6: rootbotz leads 8D, r2_d2 plays 10D -> r2_d2 wins
  Trick  7: r2_d2 leads QC, rootbotz plays KC -> rootbotz wins
  Trick  8: rootbotz leads 8S, r2_d2 plays 10S -> r2_d2 wins
  Trick  9: r2_d2 leads 10C, rootbotz plays 9D -> r2_d2 wins
  Trick 10: r2_d2 leads JD, rootbotz plays QS -> r2_d2 wins
  Trick 11: r2_d2 leads 10H, rootbotz plays KH -> rootbotz wins
  Trick 12: rootbotz leads KS, r2_d2 plays 9C -> rootbotz wins
  Hand: rootbotz +6 / r2_d2 +27 (tricks 5-7)
  Match total: rootbotz 85 - 81 r2_d2
Players: rootbotz vs r2_d2
Dealer: r2_d2  |  Elder: rootbotz
Match scores: 85 - 81
Talon (8): 10C AC JD QD KD 9H 10H JH
rootbotz hand: 7C 9C JC KC 7D 8D 10D 8H QH AH 10S QS
r2_d2 hand: 8C QC 9D AD 7H KH 7S 8S 9S JS KS AS
  Exchange rootbotz: discard 7D 8D 10D 8H 10S -> draw JD QD KD 9H JH (talon 3 left)
  Exchange r2_d2: discard 8C 9D 7H -> draw 10C AC 10H (talon 0 left)

--- Phase: declare ---
  Declare point: r2_d2 wins 6 pts (('point', 6, 'S'))
  Declare sequence: rootbotz wins 3 pts (('sequence', 3, 13, 'D'))
  Declare set: r2_d2 wins 3 pts (('set', 3, 14))

--- Phase: tricks ---
  Trick  1: rootbotz leads AH, r2_d2 plays 10H -> rootbotz wins
  Trick  2: rootbotz leads JH, r2_d2 plays KH -> r2_d2 wins
  Trick  3: r2_d2 leads AS, rootbotz plays QS -> r2_d2 wins
  Trick  4: r2_d2 leads AC, rootbotz plays 7C -> r2_d2 wins
  Trick  5: r2_d2 leads AD, rootbotz plays JD -> r2_d2 wins
  Trick  6: r2_d2 leads KS, rootbotz plays 9H -> r2_d2 wins
  Trick  7: r2_d2 leads JS, rootbotz plays 9C -> r2_d2 wins
  Trick  8: r2_d2 leads 9S, rootbotz plays JC -> r2_d2 wins
  Trick  9: r2_d2 leads QC, rootbotz plays KC -> rootbotz wins
  Trick 10: rootbotz leads QD, r2_d2 plays 7S -> rootbotz wins
  Trick 11: rootbotz leads KD, r2_d2 plays 8S -> rootbotz wins
  Trick 12: rootbotz leads QH, r2_d2 plays 10C -> rootbotz wins
  Hand: rootbotz +9 / r2_d2 +26 (tricks 5-7)
  Match total: rootbotz 94 - 107 r2_d2
  Final: rootbotz 94 - 107 r2_d2
  Winner: r2_d2

============================================================
Game 43
============================================================
Players: r2_d2 vs rootbotz
Dealer: r2_d2  |  Elder: rootbotz
Match scores: 0 - 0
Talon (8): 8C 10C KC 9D JH KH 7S JS
r2_d2 hand: 7C 9C JC 7D 10D JD AD 7H 8H QH 9S KS
rootbotz hand: QC AC 8D QD KD 9H 10H AH 8S 10S QS AS
  Exchange rootbotz: discard 8D QD KD 9H 10H -> draw 8C JH KH 7S JS (talon 3 left)
  Exchange r2_d2: discard 7C 7H 8H -> draw 10C KC 9D (talon 0 left)

--- Phase: declare ---
  Declare point: rootbotz wins 6 pts (('point', 6, 'S'))
  Declare sequence: rootbotz wins 3 pts (('sequence', 3, 12, 'S'))
  Declare set: rootbotz wins 3 pts (('set', 3, 14))

--- Phase: tricks ---
  Trick  1: rootbotz leads AS, r2_d2 plays 9S -> rootbotz wins
  Trick  2: rootbotz leads AH, r2_d2 plays QH -> rootbotz wins
  Trick  3: rootbotz leads AC, r2_d2 plays 9C -> rootbotz wins
  Trick  4: rootbotz leads KH, r2_d2 plays 7D -> rootbotz wins
  Trick  5: rootbotz leads 10S, r2_d2 plays KS -> r2_d2 wins
  Trick  6: r2_d2 leads AD, rootbotz plays 7S -> r2_d2 wins
  Trick  7: r2_d2 leads KC, rootbotz plays 8C -> r2_d2 wins
  Trick  8: r2_d2 leads JD, rootbotz plays 8S -> r2_d2 wins
  Trick  9: r2_d2 leads JC, rootbotz plays QC -> rootbotz wins
  Trick 10: rootbotz leads JS, r2_d2 plays 9D -> rootbotz wins
  Trick 11: rootbotz leads JH, r2_d2 plays 10C -> rootbotz wins
  Trick 12: rootbotz leads QS, r2_d2 plays 10D -> rootbotz wins
  Hand: r2_d2 +4 / rootbotz +31 (tricks 4-8)
  Match total: r2_d2 4 - 31 rootbotz
Players: r2_d2 vs rootbotz
Dealer: rootbotz  |  Elder: r2_d2
Match scores: 4 - 31
Talon (8): 8C 10C QD KD JH 10S JS AS
r2_d2 hand: 7C JC KC 7D 9D JD 9H QH KH AH 9S QS
rootbotz hand: 9C QC AC 8D 10D AD 7H 8H 10H 7S 8S KS
  Exchange r2_d2: discard 7C 7D 9D JD 9S -> draw 8C 10C JH JS AS (talon 3 left)
  Exchange rootbotz: discard 8H 7S 8S -> draw QD KD 10S (talon 0 left)

--- Phase: declare ---
  Declare point: r2_d2 wins 5 pts (('point', 5, 'H'))
  Declare sequence: r2_d2 wins 4 pts (('sequence', 4, 14, 'H'))
  Declare set: r2_d2 wins 3 pts (('set', 3, 11))

--- Phase: tricks ---
  Trick  1: r2_d2 leads AH, rootbotz plays 7H -> r2_d2 wins
  Trick  2: r2_d2 leads AS, rootbotz plays 10S -> r2_d2 wins
  Trick  3: r2_d2 leads KH, rootbotz plays 10H -> r2_d2 wins
  Trick  4: r2_d2 leads QH, rootbotz plays 8D -> r2_d2 wins
  Trick  5: r2_d2 leads KC, rootbotz plays AC -> rootbotz wins
  Trick  6: rootbotz leads AD, r2_d2 plays 8C -> rootbotz wins
  Trick  7: rootbotz leads QD, r2_d2 plays 9H -> rootbotz wins
  Trick  8: rootbotz leads QC, r2_d2 plays 10C -> rootbotz wins
  Trick  9: rootbotz leads 9C, r2_d2 plays JC -> r2_d2 wins
  Trick 10: r2_d2 leads QS, rootbotz plays KS -> rootbotz wins
  Trick 11: rootbotz leads 10D, r2_d2 plays JH -> rootbotz wins
  Trick 12: rootbotz leads KD, r2_d2 plays JS -> rootbotz wins
  Hand: r2_d2 +17 / rootbotz +18 (tricks 5-7)
  Match total: r2_d2 21 - 49 rootbotz
Players: r2_d2 vs rootbotz
Dealer: r2_d2  |  Elder: rootbotz
Match scores: 21 - 49
Talon (8): 8C 10C QD 8H KH 10S KS AS
r2_d2 hand: 7C QC 7D 9D 10D KD AD 7H 10H 8S 9S JS
rootbotz hand: 9C JC KC AC 8D JD 9H JH QH AH 7S QS
  Exchange rootbotz: discard 9C 8D 9H 7S QS -> draw 10C QD KH 10S AS (talon 3 left)
  Exchange r2_d2: discard 7C 7H 10H -> draw 8C 8H KS (talon 0 left)

--- Phase: declare ---
  Declare point: r2_d2 wins 5 pts (('point', 5, 'D'))
  Declare sequence: rootbotz wins 4 pts (('sequence', 4, 14, 'H'))
  Declare set: rootbotz wins 3 pts (('set', 3, 14))

--- Phase: tricks ---
  Trick  1: rootbotz leads AS, r2_d2 plays 8S -> rootbotz wins
  Trick  2: rootbotz leads AH, r2_d2 plays 8H -> rootbotz wins
  Trick  3: rootbotz leads AC, r2_d2 plays 8C -> rootbotz wins
  Trick  4: rootbotz leads JH, r2_d2 plays 7D -> rootbotz wins
  Trick  5: rootbotz leads QH, r2_d2 plays 9S -> rootbotz wins
  Trick  6: rootbotz leads KH, r2_d2 plays 9D -> rootbotz wins
  Trick  7: rootbotz leads KC, r2_d2 plays QC -> rootbotz wins
  Trick  8: rootbotz leads 10C, r2_d2 plays 10D -> rootbotz wins
  Trick  9: rootbotz leads JC, r2_d2 plays JS -> rootbotz wins
  Trick 10: rootbotz leads 10S, r2_d2 plays KS -> r2_d2 wins
  Trick 11: r2_d2 leads AD, rootbotz plays JD -> r2_d2 wins
  Trick 12: r2_d2 leads KD, rootbotz plays QD -> r2_d2 wins
  Hand: r2_d2 +9 / rootbotz +26 (tricks 3-9)
  Match total: r2_d2 30 - 75 rootbotz
Players: r2_d2 vs rootbotz
Dealer: rootbotz  |  Elder: r2_d2
Match scores: 30 - 75
Talon (8): 9C 7H 9H JH AH 7S 10S QS
r2_d2 hand: 7C 8C QC 10D KD 8H 10H QH KH JS KS AS
rootbotz hand: 10C JC KC AC 7D 8D 9D JD QD AD 8S 9S
  Exchange r2_d2: discard 7C 8C QC 10D JS -> draw 7H 9H JH 7S 10S (talon 3 left)
  Exchange rootbotz: discard 10C 8S 9S -> draw 9C AH QS (talon 0 left)

--- Phase: declare ---
  Declare point: r2_d2 wins 7 pts (('point', 7, 'H'))
  Declare sequence: r2_d2 wins 12 pts (('sequence', 7, 13, 'H'))
  Declare set: rootbotz wins 3 pts (('set', 3, 14))

--- Phase: tricks ---
  Trick  1: r2_d2 leads AS, rootbotz plays QS -> r2_d2 wins
  Trick  2: r2_d2 leads KS, rootbotz plays 7D -> r2_d2 wins
  Trick  3: r2_d2 leads KH, rootbotz plays AH -> rootbotz wins
  Trick  4: rootbotz leads AD, r2_d2 plays KD -> rootbotz wins
  Trick  5: rootbotz leads AC, r2_d2 plays 7S -> rootbotz wins
  Trick  6: rootbotz leads 9C, r2_d2 plays 7H -> rootbotz wins
  Trick  7: rootbotz leads JC, r2_d2 plays 8H -> rootbotz wins
  Trick  8: rootbotz leads KC, r2_d2 plays 9H -> rootbotz wins
  Trick  9: rootbotz leads 8D, r2_d2 plays 10S -> rootbotz wins
  Trick 10: rootbotz leads 9D, r2_d2 plays 10H -> rootbotz wins
  Trick 11: rootbotz leads JD, r2_d2 plays JH -> rootbotz wins
  Trick 12: rootbotz leads QD, r2_d2 plays QH -> rootbotz wins
  Hand: r2_d2 +21 / rootbotz +24 (tricks 2-10)
  Match total: r2_d2 51 - 99 rootbotz
Players: r2_d2 vs rootbotz
Dealer: r2_d2  |  Elder: rootbotz
Match scores: 51 - 99
Talon (8): QC KC AC KD JH KH 7S JS
r2_d2 hand: 8C 10C JC 9D 8H 9H QH AH 9S 10S QS AS
rootbotz hand: 7C 9C 7D 8D 10D JD QD AD 7H 10H 8S KS
  Exchange rootbotz: discard 7C 9C 7D 7H 8S -> draw KC AC KD JH KH (talon 3 left)
  Exchange r2_d2: discard 8C 10C 9D -> draw QC 7S JS (talon 0 left)

--- Phase: declare ---
  Declare point: rootbotz wins 6 pts (('point', 6, 'D'))
  Declare sequence: rootbotz wins 10 pts (('sequence', 5, 14, 'D'))
  Declare set: rootbotz wins 14 pts (('set', 4, 13))

--- Phase: tricks ---
  Trick  1: rootbotz leads AD, r2_d2 plays 7S -> rootbotz wins
  Trick  2: rootbotz leads AC, r2_d2 plays JC -> rootbotz wins
  Trick  3: rootbotz leads 10D, r2_d2 plays 8H -> rootbotz wins
  Trick  4: rootbotz leads JD, r2_d2 plays 9H -> rootbotz wins
  Trick  5: rootbotz leads QD, r2_d2 plays 9S -> rootbotz wins
  Trick  6: rootbotz leads KD, r2_d2 plays 10S -> rootbotz wins
  Trick  7: rootbotz leads KC, r2_d2 plays QC -> rootbotz wins
  Trick  8: rootbotz leads 8D, r2_d2 plays JS -> rootbotz wins
  Trick  9: rootbotz leads KS, r2_d2 plays AS -> r2_d2 wins
  Trick 10: r2_d2 leads AH, rootbotz plays 10H -> r2_d2 wins
  Trick 11: r2_d2 leads QS, rootbotz plays JH -> r2_d2 wins
  Trick 12: r2_d2 leads QH, rootbotz plays KH -> rootbotz wins
  Hand: r2_d2 +3 / rootbotz +110 (tricks 3-9)
  Match total: r2_d2 54 - 209 rootbotz
  Final: r2_d2 54 - 209 rootbotz
  Winner: rootbotz

============================================================
Game 44
============================================================
Players: rootbotz vs r2_d2
Dealer: rootbotz  |  Elder: r2_d2
Match scores: 0 - 0
Talon (8): 10C AC 8D 10D 7H 8H 10S JS
rootbotz hand: 7C 8C KC 7D JD QD QH KH 7S 8S 9S KS
r2_d2 hand: 9C JC QC 9D KD AD 9H 10H JH AH QS AS
  Exchange r2_d2: discard 9C JC QC 9D QS -> draw 10C AC 8D 7H 10S (talon 3 left)
  Exchange rootbotz: discard 7C 8C 7D -> draw 10D 8H JS (talon 0 left)

--- Phase: declare ---
  Declare point: r2_d2 wins 5 pts (('point', 5, 'H'))
  Declare sequence: rootbotz wins 3 pts (('sequence', 3, 12, 'D'))
  Declare set: r2_d2 wins 14 pts (('set', 4, 14))

--- Phase: tricks ---
  Trick  1: r2_d2 leads AH, rootbotz plays 8H -> r2_d2 wins
  Trick  2: r2_d2 leads AD, rootbotz plays 10D -> r2_d2 wins
  Trick  3: r2_d2 leads AS, rootbotz plays 7S -> r2_d2 wins
  Trick  4: r2_d2 leads AC, rootbotz plays KC -> r2_d2 wins
  Trick  5: r2_d2 leads KD, rootbotz plays JD -> r2_d2 wins
  Trick  6: r2_d2 leads JH, rootbotz plays QH -> rootbotz wins
  Trick  7: rootbotz leads 8S, r2_d2 plays 10S -> r2_d2 wins
  Trick  8: r2_d2 leads 10H, rootbotz plays KH -> rootbotz wins
  Trick  9: rootbotz leads 9S, r2_d2 plays 7H -> rootbotz wins
  Trick 10: rootbotz leads JS, r2_d2 plays 8D -> rootbotz wins
  Trick 11: rootbotz leads QD, r2_d2 plays 9H -> rootbotz wins
  Trick 12: rootbotz leads KS, r2_d2 plays 10C -> rootbotz wins
  Hand: rootbotz +10 / r2_d2 +25 (tricks 6-6)
  Match total: rootbotz 10 - 25 r2_d2
Players: rootbotz vs r2_d2
Dealer: r2_d2  |  Elder: rootbotz
Match scores: 10 - 25
Talon (8): 10C JC KC AD QH AH 7S 9S
rootbotz hand: 9C AC 8D 9D 8H 10H JH KH 10S JS KS AS
r2_d2 hand: 7C 8C QC 7D 10D JD QD KD 7H 9H 8S QS
  Exchange rootbotz: discard 9C 8D 9D 8H 10H -> draw 10C KC AD QH 9S (talon 3 left)
  Exchange r2_d2: discard 7C 7H 9H -> draw JC AH 7S (talon 0 left)

--- Phase: declare ---
  Declare point: rootbotz wins 5 pts (('point', 5, 'S'))
  Declare sequence: r2_d2 wins 4 pts (('sequence', 4, 13, 'D'))
  Declare set: rootbotz wins 3 pts (('set', 3, 14))

--- Phase: tricks ---
  Trick  1: rootbotz leads AS, r2_d2 plays 7S -> rootbotz wins
  Trick  2: rootbotz leads AD, r2_d2 plays 7D -> rootbotz wins
  Trick  3: rootbotz leads AC, r2_d2 plays 8C -> rootbotz wins
  Trick  4: rootbotz leads KS, r2_d2 plays 8S -> rootbotz wins
  Trick  5: rootbotz leads KC, r2_d2 plays JC -> rootbotz wins
  Trick  6: rootbotz leads 9S, r2_d2 plays QS -> r2_d2 wins
  Trick  7: r2_d2 leads AH, rootbotz plays JH -> r2_d2 wins
  Trick  8: r2_d2 leads KD, rootbotz plays 10C -> r2_d2 wins
  Trick  9: r2_d2 leads QD, rootbotz plays 10S -> r2_d2 wins
  Trick 10: r2_d2 leads QC, rootbotz plays JS -> r2_d2 wins
  Trick 11: r2_d2 leads JD, rootbotz plays QH -> r2_d2 wins
  Trick 12: r2_d2 leads 10D, rootbotz plays KH -> r2_d2 wins
  Hand: rootbotz +13 / r2_d2 +22 (tricks 5-7)
  Match total: rootbotz 23 - 47 r2_d2
Players: rootbotz vs r2_d2
Dealer: rootbotz  |  Elder: r2_d2
Match scores: 23 - 47
Talon (8): 7C 9C QD AD 9H AH 8S JS
rootbotz hand: 8C 10C JC QC KC AC 7D JD 7H QH 9S QS
r2_d2 hand: 8D 9D 10D KD 8H 10H JH KH 7S 10S KS AS
  Exchange r2_d2: discard 8H JH 7S -> draw 9C AH 8S (talon 5 left)
  Exchange rootbotz: discard 7D JD 7H 9S -> draw 7C QD 9H JS (talon 1 left)

--- Phase: declare ---
  Declare point: rootbotz wins 7 pts (('point', 7, 'C'))
  Declare sequence: rootbotz wins 10 pts (('sequence', 5, 14, 'C'))
  Declare set: r2_d2 wins 3 pts (('set', 3, 13))

--- Phase: tricks ---
  Trick  1: r2_d2 leads AS, rootbotz plays JS -> r2_d2 wins
  Trick  2: r2_d2 leads AH, rootbotz plays 9H -> r2_d2 wins
  Trick  3: r2_d2 leads KS, rootbotz plays QS -> r2_d2 wins
  Trick  4: r2_d2 leads KH, rootbotz plays QH -> r2_d2 wins
  Trick  5: r2_d2 leads KD, rootbotz plays QD -> r2_d2 wins
  Trick  6: r2_d2 leads 10D, rootbotz plays 7C -> r2_d2 wins
  Trick  7: r2_d2 leads 10S, rootbotz plays 8C -> r2_d2 wins
  Trick  8: r2_d2 leads 9D, rootbotz plays 10C -> r2_d2 wins
  Trick  9: r2_d2 leads 10H, rootbotz plays JC -> r2_d2 wins
  Trick 10: r2_d2 leads 9C, rootbotz plays QC -> rootbotz wins
  Trick 11: rootbotz leads AC, r2_d2 plays 8D -> rootbotz wins
  Trick 12: rootbotz leads KC, r2_d2 plays 8S -> rootbotz wins
  Hand: rootbotz +21 / r2_d2 +22 (tricks 3-9)
  Match total: rootbotz 44 - 69 r2_d2
Players: rootbotz vs r2_d2
Dealer: r2_d2  |  Elder: rootbotz
Match scores: 44 - 69
Talon (8): 8C QC 7D 9D 10D 8H 8S 10S
rootbotz hand: 9C 10C KC QD 9H JH QH 9S JS QS KS AS
r2_d2 hand: 7C JC AC 8D JD KD AD 7H 10H KH AH 7S
  Exchange rootbotz: discard 9C 10C 9H JH 9S -> draw QC 9D 10D 8H 10S (talon 3 left)
  Exchange r2_d2: discard 7C JC 7S -> draw 8C 7D 8S (talon 0 left)

--- Phase: declare ---
  Declare point: rootbotz wins 5 pts (('point', 5, 'S'))
  Declare sequence: rootbotz wins 10 pts (('sequence', 5, 14, 'S'))
  Declare set: r2_d2 wins 3 pts (('set', 3, 14))

--- Phase: tricks ---
  Trick  1: rootbotz leads AS, r2_d2 plays 8S -> rootbotz wins
  Trick  2: rootbotz leads 10S, r2_d2 plays 7H -> rootbotz wins
  Trick  3: rootbotz leads JS, r2_d2 plays 7D -> rootbotz wins
  Trick  4: rootbotz leads QS, r2_d2 plays 8C -> rootbotz wins
  Trick  5: rootbotz leads KS, r2_d2 plays 8D -> rootbotz wins
  Trick  6: rootbotz leads QC, r2_d2 plays AC -> r2_d2 wins
  Trick  7: r2_d2 leads AD, rootbotz plays 9D -> r2_d2 wins
  Trick  8: r2_d2 leads AH, rootbotz plays 8H -> r2_d2 wins
  Trick  9: r2_d2 leads KH, rootbotz plays QH -> r2_d2 wins
  Trick 10: r2_d2 leads KD, rootbotz plays 10D -> r2_d2 wins
  Trick 11: r2_d2 leads JD, rootbotz plays QD -> rootbotz wins
  Trick 12: rootbotz leads KC, r2_d2 plays 10H -> rootbotz wins
  Hand: rootbotz +33 / r2_d2 +8 (tricks 7-5)
  Match total: rootbotz 77 - 77 r2_d2
Players: rootbotz vs r2_d2
Dealer: rootbotz  |  Elder: r2_d2
Match scores: 77 - 77
Talon (8): 8C JC QC KC 7H AH 8S 10S
rootbotz hand: 9C 9D JD KD AD 8H 10H JH KH QS KS AS
r2_d2 hand: 7C 10C AC 7D 8D 10D QD 9H QH 7S 9S JS
  Exchange r2_d2: discard 7C 10C 9H 7S 9S -> draw JC QC KC 7H AH (talon 3 left)
  Exchange rootbotz: discard 9C 8H 10H -> draw 8C 8S 10S (talon 0 left)

--- Phase: declare ---
  Declare point: rootbotz wins 5 pts (('point', 5, 'S'))
  Declare sequence: r2_d2 wins 4 pts (('sequence', 4, 14, 'C'))
  Declare set: rootbotz wins 3 pts (('set', 3, 13))

--- Phase: tricks ---
  Trick  1: r2_d2 leads AC, rootbotz plays 8C -> r2_d2 wins
  Trick  2: r2_d2 leads AH, rootbotz plays JH -> r2_d2 wins
  Trick  3: r2_d2 leads KC, rootbotz plays 8S -> r2_d2 wins
  Trick  4: r2_d2 leads QC, rootbotz plays 9D -> r2_d2 wins
  Trick  5: r2_d2 leads QD, rootbotz plays KD -> rootbotz wins
  Trick  6: rootbotz leads AS, r2_d2 plays JS -> rootbotz wins
  Trick  7: rootbotz leads AD, r2_d2 plays 7D -> rootbotz wins
  Trick  8: rootbotz leads 10S, r2_d2 plays 7H -> rootbotz wins
  Trick  9: rootbotz leads JD, r2_d2 plays 8D -> rootbotz wins
  Trick 10: rootbotz leads QS, r2_d2 plays 10D -> rootbotz wins
  Trick 11: rootbotz leads KS, r2_d2 plays JC -> rootbotz wins
  Trick 12: rootbotz leads KH, r2_d2 plays QH -> rootbotz wins
  Hand: rootbotz +27 / r2_d2 +8 (tricks 8-4)
  Match total: rootbotz 104 - 85 r2_d2
  Final: rootbotz 104 - 85 r2_d2
  Winner: rootbotz

============================================================
Game 45
============================================================
Players: r2_d2 vs rootbotz
Dealer: r2_d2  |  Elder: rootbotz
Match scores: 0 - 0
Talon (8): 8C QC KC JD 8H QH 7S 10S
r2_d2 hand: 7C 9C AC 7D 8D 10D 9H JH AH 8S JS AS
rootbotz hand: 10C JC 9D QD KD AD 7H 10H KH 9S QS KS
  Exchange rootbotz: discard 10C JC 7H 10H 9S -> draw 8C QC QH 7S 10S (talon 3 left)
  Exchange r2_d2: discard 7C 9H 8S -> draw KC JD 8H (talon 0 left)

--- Phase: declare ---
  Declare point: rootbotz wins 4 pts (('point', 4, 'D'))
  Declare sequence: rootbotz wins 3 pts (('sequence', 3, 14, 'D'))
  Declare set: r2_d2 wins 3 pts (('set', 3, 14))

--- Phase: tricks ---
  Trick  1: rootbotz leads AD, r2_d2 plays 7D -> rootbotz wins
  Trick  2: rootbotz leads QD, r2_d2 plays 8D -> rootbotz wins
  Trick  3: rootbotz leads KD, r2_d2 plays 10D -> rootbotz wins
  Trick  4: rootbotz leads 9D, r2_d2 plays JD -> r2_d2 wins
  Trick  5: r2_d2 leads AC, rootbotz plays 8C -> r2_d2 wins
  Trick  6: r2_d2 leads AH, rootbotz plays QH -> r2_d2 wins
  Trick  7: r2_d2 leads AS, rootbotz plays 7S -> r2_d2 wins
  Trick  8: r2_d2 leads KC, rootbotz plays QC -> r2_d2 wins
  Trick  9: r2_d2 leads JH, rootbotz plays KH -> rootbotz wins
  Trick 10: rootbotz leads QS, r2_d2 plays JS -> rootbotz wins
  Trick 11: rootbotz leads KS, r2_d2 plays 8H -> rootbotz wins
  Trick 12: rootbotz leads 10S, r2_d2 plays 9C -> rootbotz wins
  Hand: r2_d2 +8 / rootbotz +25 (tricks 5-7)
  Match total: r2_d2 8 - 25 rootbotz
Players: r2_d2 vs rootbotz
Dealer: rootbotz  |  Elder: r2_d2
Match scores: 8 - 25
Talon (8): 9C 8D KD 10H KH 10S JS KS
r2_d2 hand: 7C 10C JC AC JD QD 7H 8H JH QH 7S 9S
rootbotz hand: 8C QC KC 7D 9D 10D AD 9H AH 8S QS AS
  Exchange r2_d2: discard 7H 8H QH 7S 9S -> draw 9C 8D 10H KH JS (talon 3 left)
  Exchange rootbotz: discard 7D 9D 10D -> draw KD 10S KS (talon 0 left)

--- Phase: declare ---
  Declare point: rootbotz wins 5 pts (('point', 5, 'S'))
  Declare sequence: rootbotz wins 3 pts (('sequence', 3, 14, 'S'))
  Declare set: rootbotz wins 3 pts (('set', 3, 14))

--- Phase: tricks ---
  Trick  1: r2_d2 leads AC, rootbotz plays 8C -> r2_d2 wins
  Trick  2: r2_d2 leads JC, rootbotz plays QC -> rootbotz wins
  Trick  3: rootbotz leads AS, r2_d2 plays JS -> rootbotz wins
  Trick  4: rootbotz leads AH, r2_d2 plays 10H -> rootbotz wins
  Trick  5: rootbotz leads AD, r2_d2 plays 8D -> rootbotz wins
  Trick  6: rootbotz leads QS, r2_d2 plays 7C -> rootbotz wins
  Trick  7: rootbotz leads KS, r2_d2 plays 9C -> rootbotz wins
  Trick  8: rootbotz leads KD, r2_d2 plays JD -> rootbotz wins
  Trick  9: rootbotz leads KC, r2_d2 plays 10C -> rootbotz wins
  Trick 10: rootbotz leads 8S, r2_d2 plays JH -> rootbotz wins
  Trick 11: rootbotz leads 9H, r2_d2 plays KH -> r2_d2 wins
  Trick 12: r2_d2 leads QD, rootbotz plays 10S -> r2_d2 wins
  Hand: r2_d2 +4 / rootbotz +30 (tricks 3-9)
  Match total: r2_d2 12 - 55 rootbotz
Players: r2_d2 vs rootbotz
Dealer: r2_d2  |  Elder: rootbotz
Match scores: 12 - 55
Talon (8): 10C 9D 10D QD 10H QH AH 8S
r2_d2 hand: 7C 9C KC 7D 8D JD KD 7H KH 7S 10S AS
rootbotz hand: 8C JC QC AC AD 8H 9H JH 9S JS QS KS
  Exchange rootbotz: discard 8C QC AC 8H 9H -> draw 10C 9D 10D QH AH (talon 3 left)
  Exchange r2_d2: discard 7C 7H 7S -> draw QD 10H 8S (talon 0 left)

--- Phase: declare ---
  Declare point: r2_d2 wins 5 pts (('point', 5, 'D'))
  Declare set: r2_d2 wins 3 pts (('set', 3, 13))

--- Phase: tricks ---
  Trick  1: rootbotz leads AH, r2_d2 plays 10H -> rootbotz wins
  Trick  2: rootbotz leads AD, r2_d2 plays 7D -> rootbotz wins
  Trick  3: rootbotz leads JS, r2_d2 plays AS -> r2_d2 wins
  Trick  4: r2_d2 leads KD, rootbotz plays 9D -> r2_d2 wins
  Trick  5: r2_d2 leads QD, rootbotz plays 10D -> r2_d2 wins
  Trick  6: r2_d2 leads KH, rootbotz plays JH -> r2_d2 wins
  Trick  7: r2_d2 leads KC, rootbotz plays 10C -> r2_d2 wins
  Trick  8: r2_d2 leads JD, rootbotz plays 9S -> r2_d2 wins
  Trick  9: r2_d2 leads 10S, rootbotz plays QS -> rootbotz wins
  Trick 10: rootbotz leads KS, r2_d2 plays 8S -> rootbotz wins
  Trick 11: rootbotz leads JC, r2_d2 plays 9C -> rootbotz wins
  Trick 12: rootbotz leads QH, r2_d2 plays 8D -> rootbotz wins
  Hand: r2_d2 +14 / rootbotz +7 (tricks 6-6)
  Match total: r2_d2 26 - 62 rootbotz
Players: r2_d2 vs rootbotz
Dealer: rootbotz  |  Elder: r2_d2
Match scores: 26 - 62
Talon (8): 7C JC QC AC AD 9S QS KS
r2_d2 hand: 7D JD QD KD 7H 10H JH QH AH 7S JS AS
rootbotz hand: 8C 9C 10C KC 8D 9D 10D 8H 9H KH 8S 10S
  Exchange r2_d2: discard 7D 7S -> draw AC 9S (talon 6 left)
  Exchange rootbotz: discard 8D 9D 8H 9H 8S -> draw JC QC AD QS KS (talon 1 left)

--- Phase: declare ---
  Declare point: rootbotz wins 6 pts (('point', 6, 'C'))
  Declare sequence: rootbotz wins 11 pts (('sequence', 6, 13, 'C'))
  Declare set: r2_d2 wins 3 pts (('set', 3, 14))

--- Phase: tricks ---
  Trick  1: r2_d2 leads AH, rootbotz plays KH -> r2_d2 wins
  Trick  2: r2_d2 leads AS, rootbotz plays 10S -> r2_d2 wins
  Trick  3: r2_d2 leads AC, rootbotz plays 8C -> r2_d2 wins
  Trick  4: r2_d2 leads QH, rootbotz plays 9C -> r2_d2 wins
  Trick  5: r2_d2 leads KD, rootbotz plays AD -> rootbotz wins
  Trick  6: rootbotz leads 10D, r2_d2 plays JD -> r2_d2 wins
  Trick  7: r2_d2 leads JH, rootbotz plays 10C -> r2_d2 wins
  Trick  8: r2_d2 leads JS, rootbotz plays QS -> rootbotz wins
  Trick  9: rootbotz leads JC, r2_d2 plays 7H -> rootbotz wins
  Trick 10: rootbotz leads QC, r2_d2 plays 9S -> rootbotz wins
  Trick 11: rootbotz leads KS, r2_d2 plays 10H -> rootbotz wins
  Trick 12: rootbotz leads KC, r2_d2 plays QD -> rootbotz wins
  Hand: r2_d2 +9 / rootbotz +24 (tricks 6-6)
  Match total: r2_d2 35 - 86 rootbotz
Players: r2_d2 vs rootbotz
Dealer: r2_d2  |  Elder: rootbotz
Match scores: 35 - 86
Talon (8): JC AC JD 7H 10H KH AH 7S
r2_d2 hand: 8C QC KC 7D 8D AD 8H 9H JH 10S JS QS
rootbotz hand: 7C 9C 10C 9D 10D QD KD QH 8S 9S KS AS
  Exchange rootbotz: discard 7C 9C 10C 8S 9S -> draw AC JD 10H AH 7S (talon 3 left)
  Exchange r2_d2: discard 8C 7D 8D -> draw JC 7H KH (talon 0 left)

--- Phase: declare ---
  Declare point: rootbotz wins 5 pts (('point', 5, 'D'))
  Declare sequence: rootbotz wins 10 pts (('sequence', 5, 13, 'D'))
  Declare set: rootbotz wins 3 pts (('set', 3, 14))

--- Phase: tricks ---
  Trick  1: rootbotz leads AS, r2_d2 plays 10S -> rootbotz wins
  Trick  2: rootbotz leads AH, r2_d2 plays 7H -> rootbotz wins
  Trick  3: rootbotz leads AC, r2_d2 plays JC -> rootbotz wins
  Trick  4: rootbotz leads KS, r2_d2 plays JS -> rootbotz wins
  Trick  5: rootbotz leads 9D, r2_d2 plays AD -> r2_d2 wins
  Trick  6: r2_d2 leads KH, rootbotz plays 10H -> r2_d2 wins
  Trick  7: r2_d2 leads KC, rootbotz plays 7S -> r2_d2 wins
  Trick  8: r2_d2 leads QS, rootbotz plays 10D -> r2_d2 wins
  Trick  9: r2_d2 leads QC, rootbotz plays JD -> r2_d2 wins
  Trick 10: r2_d2 leads JH, rootbotz plays QH -> rootbotz wins
  Trick 11: rootbotz leads QD, r2_d2 plays 8H -> rootbotz wins
  Trick 12: rootbotz leads KD, r2_d2 plays 9H -> rootbotz wins
  Hand: r2_d2 +5 / rootbotz +36 (tricks 5-7)
  Match total: r2_d2 40 - 122 rootbotz
  Final: r2_d2 40 - 122 rootbotz
  Winner: rootbotz

============================================================
Game 46
============================================================
Players: rootbotz vs r2_d2
Dealer: rootbotz  |  Elder: r2_d2
Match scores: 0 - 0
Talon (8): QC AC 8D KD 7H 8H 10H JS
rootbotz hand: 7C 9C 10C KC 7D 9D JD QD QH 8S 9S KS
r2_d2 hand: 8C JC 10D AD 9H JH KH AH 7S 10S QS AS
  Exchange r2_d2: discard 8C JC 10D 7S 10S -> draw QC AC 7H 10H JS (talon 3 left)
  Exchange rootbotz: discard 7C QH 8S -> draw 8D KD 8H (talon 0 left)

--- Phase: declare ---
  Declare point: r2_d2 wins 6 pts (('point', 6, 'H'))
  Declare sequence: rootbotz wins 3 pts (('sequence', 3, 13, 'D'))
  Declare set: r2_d2 wins 14 pts (('set', 4, 14))

--- Phase: tricks ---
  Trick  1: r2_d2 leads AH, rootbotz plays 8H -> r2_d2 wins
  Trick  2: r2_d2 leads AS, rootbotz plays 9S -> r2_d2 wins
  Trick  3: r2_d2 leads AC, rootbotz plays 9C -> r2_d2 wins
  Trick  4: r2_d2 leads AD, rootbotz plays 7D -> r2_d2 wins
  Trick  5: r2_d2 leads KH, rootbotz plays 8D -> r2_d2 wins
  Trick  6: r2_d2 leads JH, rootbotz plays 9D -> r2_d2 wins
  Trick  7: r2_d2 leads 10H, rootbotz plays 10C -> r2_d2 wins
  Trick  8: r2_d2 leads QS, rootbotz plays KS -> rootbotz wins
  Trick  9: rootbotz leads JD, r2_d2 plays 7H -> rootbotz wins
  Trick 10: rootbotz leads QD, r2_d2 plays 9H -> rootbotz wins
  Trick 11: rootbotz leads KD, r2_d2 plays JS -> rootbotz wins
  Trick 12: rootbotz leads KC, r2_d2 plays QC -> rootbotz wins
  Hand: rootbotz +9 / r2_d2 +37 (tricks 5-7)
  Match total: rootbotz 9 - 37 r2_d2
Players: rootbotz vs r2_d2
Dealer: r2_d2  |  Elder: rootbotz
Match scores: 9 - 37
Talon (8): KC 7D 8D 9D KD 8S 10S QS
rootbotz hand: 7C 8C 9C 10C JC QC JD AD 10H QH 7S KS
r2_d2 hand: AC 10D QD 7H 8H 9H JH KH AH 9S JS AS
  Exchange rootbotz: discard 10H 7S KS -> draw 8D KD QS (talon 5 left)
  Exchange r2_d2: discard 10D QD 9S JS -> draw KC 7D 8S 10S (talon 1 left)

--- Phase: declare ---
  Declare point: r2_d2 wins 6 pts (('point', 6, 'H'))
  Declare sequence: rootbotz wins 11 pts (('sequence', 6, 12, 'C'))
  Declare set: r2_d2 wins 3 pts (('set', 3, 14))

--- Phase: tricks ---
  Trick  1: rootbotz leads AD, r2_d2 plays 7D -> rootbotz wins
  Trick  2: rootbotz leads KD, r2_d2 plays 7H -> rootbotz wins
  Trick  3: rootbotz leads JD, r2_d2 plays 8S -> rootbotz wins
  Trick  4: rootbotz leads 8D, r2_d2 plays 8H -> rootbotz wins
  Trick  5: rootbotz leads 7C, r2_d2 plays KC -> r2_d2 wins
  Trick  6: r2_d2 leads AH, rootbotz plays QH -> r2_d2 wins
  Trick  7: r2_d2 leads AS, rootbotz plays QS -> r2_d2 wins
  Trick  8: r2_d2 leads AC, rootbotz plays 8C -> r2_d2 wins
  Trick  9: r2_d2 leads KH, rootbotz plays 9C -> r2_d2 wins
  Trick 10: r2_d2 leads JH, rootbotz plays 10C -> r2_d2 wins
  Trick 11: r2_d2 leads 10S, rootbotz plays JC -> r2_d2 wins
  Trick 12: r2_d2 leads 9H, rootbotz plays QC -> r2_d2 wins
  Hand: rootbotz +15 / r2_d2 +28 (tricks 4-8)
  Match total: rootbotz 24 - 65 r2_d2
Players: rootbotz vs r2_d2
Dealer: rootbotz  |  Elder: r2_d2
Match scores: 24 - 65
Talon (8): 8D 7H 10H 7S 10S QS KS AS
rootbotz hand: 10C JC QC KC AC 7D QD KD AD 8H QH JS
r2_d2 hand: 7C 8C 9C 9D 10D JD 9H JH KH AH 8S 9S
  Exchange r2_d2: discard 7C 8C 9C 8S 9S -> draw 8D 7H 10H 10S QS (talon 3 left)
  Exchange rootbotz: discard 7D 8H JS -> draw 7S KS AS (talon 0 left)

--- Phase: declare ---
  Declare point: r2_d2 wins 6 pts (('point', 6, 'H'))
  Declare sequence: rootbotz wins 10 pts (('sequence', 5, 14, 'C'))
  Declare set: rootbotz wins 3 pts (('set', 3, 14))

--- Phase: tricks ---
  Trick  1: r2_d2 leads AH, rootbotz plays QH -> r2_d2 wins
  Trick  2: r2_d2 leads KH, rootbotz plays 7S -> r2_d2 wins
  Trick  3: r2_d2 leads JH, rootbotz plays 10C -> r2_d2 wins
  Trick  4: r2_d2 leads JD, rootbotz plays QD -> rootbotz wins
  Trick  5: rootbotz leads AS, r2_d2 plays 10S -> rootbotz wins
  Trick  6: rootbotz leads AD, r2_d2 plays 8D -> rootbotz wins
  Trick  7: rootbotz leads AC, r2_d2 plays 7H -> rootbotz wins
  Trick  8: rootbotz leads JC, r2_d2 plays 9D -> rootbotz wins
  Trick  9: rootbotz leads QC, r2_d2 plays 9H -> rootbotz wins
  Trick 10: rootbotz leads KS, r2_d2 plays QS -> rootbotz wins
  Trick 11: rootbotz leads KD, r2_d2 plays 10D -> rootbotz wins
  Trick 12: rootbotz leads KC, r2_d2 plays 10H -> rootbotz wins
  Hand: rootbotz +33 / r2_d2 +9 (tricks 9-3)
  Match total: rootbotz 57 - 74 r2_d2
Players: rootbotz vs r2_d2
Dealer: r2_d2  |  Elder: rootbotz
Match scores: 57 - 74
Talon (8): 8C JD JH KH AH 7S 8S AS
rootbotz hand: KC 7D 9D QD KD 7H 8H 9H QH 9S JS QS
r2_d2 hand: 7C 9C 10C JC QC AC 8D 10D AD 10H 10S KS
  Exchange rootbotz: discard 7D 9D 9S JS -> draw 8C JD 7S AS (talon 4 left)
  Exchange r2_d2: discard 8D -> draw 8S (talon 3 left)

--- Phase: declare ---
  Declare point: r2_d2 wins 6 pts (('point', 6, 'C'))
  Declare sequence: r2_d2 wins 4 pts (('sequence', 4, 12, 'C'))
  Declare set: rootbotz wins 3 pts (('set', 3, 12))

--- Phase: tricks ---
  Trick  1: rootbotz leads AS, r2_d2 plays 8S -> rootbotz wins
  Trick  2: rootbotz leads JD, r2_d2 plays AD -> r2_d2 wins
  Trick  3: r2_d2 leads AC, rootbotz plays 8C -> r2_d2 wins
  Trick  4: r2_d2 leads KS, rootbotz plays 7S -> r2_d2 wins
  Trick  5: r2_d2 leads QC, rootbotz plays KC -> rootbotz wins
  Trick  6: rootbotz leads QS, r2_d2 plays 10S -> rootbotz wins
  Trick  7: rootbotz leads QD, r2_d2 plays 10D -> rootbotz wins
  Trick  8: rootbotz leads KD, r2_d2 plays 7C -> rootbotz wins
  Trick  9: rootbotz leads 7H, r2_d2 plays 10H -> r2_d2 wins
  Trick 10: r2_d2 leads JC, rootbotz plays 8H -> r2_d2 wins
  Trick 11: r2_d2 leads 10C, rootbotz plays 9H -> r2_d2 wins
  Trick 12: r2_d2 leads 9C, rootbotz plays QH -> r2_d2 wins
  Hand: rootbotz +8 / r2_d2 +28 (tricks 5-7)
  Match total: rootbotz 65 - 102 r2_d2
  Final: rootbotz 65 - 102 r2_d2
  Winner: r2_d2

============================================================
Game 47
============================================================
Players: r2_d2 vs rootbotz
Dealer: r2_d2  |  Elder: rootbotz
Match scores: 0 - 0
Talon (8): 8C 9C 7D 8D 8H JH 8S 9S
r2_d2 hand: 7C QC AC JD KD AD 9H QH AH JS QS AS
rootbotz hand: 10C JC KC 9D 10D QD 7H 10H KH 7S 10S KS
  Exchange rootbotz: discard 9D 7H KH 7S KS -> draw 8C 7D JH 8S 9S (talon 3 left)
  Exchange r2_d2: discard 7C 9H JS -> draw 9C 8D 8H (talon 0 left)

--- Phase: declare ---
  Declare point: r2_d2 wins 4 pts (('point', 4, 'D'))
  Declare sequence: rootbotz wins 3 pts (('sequence', 3, 10, 'S'))
  Declare set: r2_d2 wins 14 pts (('set', 4, 14))

--- Phase: tricks ---
  Trick  1: rootbotz leads KC, r2_d2 plays AC -> r2_d2 wins
  Trick  2: r2_d2 leads AD, rootbotz plays 7D -> r2_d2 wins
  Trick  3: r2_d2 leads AH, rootbotz plays 10H -> r2_d2 wins
  Trick  4: r2_d2 leads AS, rootbotz plays 8S -> r2_d2 wins
  Trick  5: r2_d2 leads KD, rootbotz plays 10D -> r2_d2 wins
  Trick  6: r2_d2 leads QC, rootbotz plays 8C -> r2_d2 wins
  Trick  7: r2_d2 leads QH, rootbotz plays JH -> r2_d2 wins
  Trick  8: r2_d2 leads JD, rootbotz plays QD -> rootbotz wins
  Trick  9: rootbotz leads 9S, r2_d2 plays QS -> r2_d2 wins
  Trick 10: r2_d2 leads 9C, rootbotz plays 10C -> rootbotz wins
  Trick 11: rootbotz leads 10S, r2_d2 plays 8D -> rootbotz wins
  Trick 12: rootbotz leads JC, r2_d2 plays 8H -> rootbotz wins
  Hand: r2_d2 +36 / rootbotz +8 (tricks 8-4)
  Match total: r2_d2 36 - 8 rootbotz
Players: r2_d2 vs rootbotz
Dealer: rootbotz  |  Elder: r2_d2
Match scores: 36 - 8
Talon (8): 7C 8C JC KC 10D JH KH JS
r2_d2 hand: AC 7D 8D JD QD 8H 10H QH 8S 10S QS KS
rootbotz hand: 9C 10C QC 9D KD AD 7H 9H AH 7S 9S AS
  Exchange r2_d2: discard 7D 8D JD 8H 10H -> draw 7C 8C KC KH JS (talon 3 left)
  Exchange rootbotz: discard 9D 7H 9H -> draw JC 10D JH (talon 0 left)

--- Phase: declare ---
  Declare point: r2_d2 wins 5 pts (('point', 5, 'S'))
  Declare sequence: r2_d2 wins 4 pts (('sequence', 4, 13, 'S'))
  Declare set: rootbotz wins 3 pts (('set', 3, 14))

--- Phase: tricks ---
  Trick  1: r2_d2 leads AC, rootbotz plays 9C -> r2_d2 wins
  Trick  2: r2_d2 leads KC, rootbotz plays 10C -> r2_d2 wins
  Trick  3: r2_d2 leads KS, rootbotz plays AS -> rootbotz wins
  Trick  4: rootbotz leads AH, r2_d2 plays QH -> rootbotz wins
  Trick  5: rootbotz leads AD, r2_d2 plays QD -> rootbotz wins
  Trick  6: rootbotz leads JC, r2_d2 plays 7C -> rootbotz wins
  Trick  7: rootbotz leads QC, r2_d2 plays 8C -> rootbotz wins
  Trick  8: rootbotz leads 10D, r2_d2 plays 8S -> rootbotz wins
  Trick  9: rootbotz leads KD, r2_d2 plays 10S -> rootbotz wins
  Trick 10: rootbotz leads JH, r2_d2 plays KH -> r2_d2 wins
  Trick 11: r2_d2 leads QS, rootbotz plays 7S -> r2_d2 wins
  Trick 12: r2_d2 leads JS, rootbotz plays 9S -> r2_d2 wins
  Hand: r2_d2 +15 / rootbotz +20 (tricks 5-7)
  Match total: r2_d2 51 - 28 rootbotz
Players: r2_d2 vs rootbotz
Dealer: r2_d2  |  Elder: rootbotz
Match scores: 51 - 28
Talon (8): QC KC AC AD 7H 8H 9H JH
r2_d2 hand: 10C JC 7D 8D 9D 10D QD KD AH 7S 10S AS
rootbotz hand: 7C 8C 9C JD 10H QH KH 8S 9S JS QS KS
  Exchange rootbotz: discard 7C 8C 9C JD 10H -> draw QC KC AC 7H JH (talon 3 left)
  Exchange r2_d2: discard JC 7S -> draw AD 8H (talon 1 left)

--- Phase: declare ---
  Declare point: r2_d2 wins 7 pts (('point', 7, 'D'))
  Declare sequence: r2_d2 wins 4 pts (('sequence', 4, 10, 'D'))
  Declare set: r2_d2 wins 3 pts (('set', 3, 14))

--- Phase: tricks ---
  Trick  1: rootbotz leads AC, r2_d2 plays 10C -> rootbotz wins
  Trick  2: rootbotz leads QC, r2_d2 plays 7D -> rootbotz wins
  Trick  3: rootbotz leads KC, r2_d2 plays 8H -> rootbotz wins
  Trick  4: rootbotz leads JS, r2_d2 plays AS -> r2_d2 wins
  Trick  5: r2_d2 leads AD, rootbotz plays 7H -> r2_d2 wins
  Trick  6: r2_d2 leads AH, rootbotz plays JH -> r2_d2 wins
  Trick  7: r2_d2 leads KD, rootbotz plays 8S -> r2_d2 wins
  Trick  8: r2_d2 leads QD, rootbotz plays 9S -> r2_d2 wins
  Trick  9: r2_d2 leads 10D, rootbotz plays QH -> r2_d2 wins
  Trick 10: r2_d2 leads 9D, rootbotz plays QS -> r2_d2 wins
  Trick 11: r2_d2 leads 10S, rootbotz plays KS -> rootbotz wins
  Trick 12: rootbotz leads KH, r2_d2 plays 8D -> rootbotz wins
  Hand: r2_d2 +31 / rootbotz +6 (tricks 7-5)
  Match total: r2_d2 82 - 34 rootbotz
Players: r2_d2 vs rootbotz
Dealer: rootbotz  |  Elder: r2_d2
Match scores: 82 - 34
Talon (8): 8C 9C 10C JC JD KD KS AS
r2_d2 hand: KC AC 7D 8D 10D QD 8H 9H 10H AH 8S QS
rootbotz hand: 7C QC 9D AD 7H JH QH KH 7S 9S 10S JS
  Exchange r2_d2: discard 7D 8D 10D 8S QS -> draw 9C 10C JD KD KS (talon 3 left)
  Exchange rootbotz: discard 7C 9D 7H -> draw 8C JC AS (talon 0 left)

--- Phase: declare ---
  Declare point: rootbotz wins 5 pts (('point', 5, 'S'))
  Declare set: r2_d2 wins 3 pts (('set', 3, 13))

--- Phase: tricks ---
  Trick  1: r2_d2 leads AC, rootbotz plays 8C -> r2_d2 wins
  Trick  2: r2_d2 leads AH, rootbotz plays JH -> r2_d2 wins
  Trick  3: r2_d2 leads KC, rootbotz plays JC -> r2_d2 wins
  Trick  4: r2_d2 leads KD, rootbotz plays AD -> rootbotz wins
  Trick  5: rootbotz leads AS, r2_d2 plays KS -> rootbotz wins
  Trick  6: rootbotz leads QH, r2_d2 plays 8H -> rootbotz wins
  Trick  7: rootbotz leads KH, r2_d2 plays 9H -> rootbotz wins
  Trick  8: rootbotz leads 7S, r2_d2 plays 9C -> rootbotz wins
  Trick  9: rootbotz leads 9S, r2_d2 plays 10C -> rootbotz wins
  Trick 10: rootbotz leads 10S, r2_d2 plays 10H -> rootbotz wins
  Trick 11: rootbotz leads JS, r2_d2 plays JD -> rootbotz wins
  Trick 12: rootbotz leads QC, r2_d2 plays QD -> rootbotz wins
  Hand: r2_d2 +6 / rootbotz +25 (tricks 3-9)
  Match total: r2_d2 88 - 59 rootbotz
Players: r2_d2 vs rootbotz
Dealer: r2_d2  |  Elder: rootbotz
Match scores: 88 - 59
Talon (8): QC AC KD AD 7H 8H 10S AS
r2_d2 hand: 8C 9C 10C JC 9D 10D JH AH 7S 9S QS KS
rootbotz hand: 7C KC 7D 8D JD QD 9H 10H QH KH 8S JS
  Exchange rootbotz: discard 7C 7D 8D QD 8S -> draw QC AC KD AD 10S (talon 3 left)
  Exchange r2_d2: discard 9D 10D JH -> draw 7H 8H AS (talon 0 left)

--- Phase: declare ---
  Declare point: r2_d2 wins 5 pts (('point', 5, 'S'))
  Declare sequence: r2_d2 wins 4 pts (('sequence', 4, 11, 'C'))
  Declare set: rootbotz wins 3 pts (('set', 3, 13))

--- Phase: tricks ---
  Trick  1: rootbotz leads AD, r2_d2 plays 7H -> rootbotz wins
  Trick  2: rootbotz leads AC, r2_d2 plays 8C -> rootbotz wins
  Trick  3: rootbotz leads JD, r2_d2 plays 7S -> rootbotz wins
  Trick  4: rootbotz leads QC, r2_d2 plays 9C -> rootbotz wins
  Trick  5: rootbotz leads KD, r2_d2 plays 8H -> rootbotz wins
  Trick  6: rootbotz leads KC, r2_d2 plays 10C -> rootbotz wins
  Trick  7: rootbotz leads QH, r2_d2 plays AH -> r2_d2 wins
  Trick  8: r2_d2 leads AS, rootbotz plays 10S -> r2_d2 wins
  Trick  9: r2_d2 leads KS, rootbotz plays JS -> r2_d2 wins
  Trick 10: r2_d2 leads QS, rootbotz plays 9H -> r2_d2 wins
  Trick 11: r2_d2 leads JC, rootbotz plays 10H -> r2_d2 wins
  Trick 12: r2_d2 leads 9S, rootbotz plays KH -> r2_d2 wins
  Hand: r2_d2 +16 / rootbotz +9 (tricks 6-6)
  Match total: r2_d2 104 - 68 rootbotz
  Final: r2_d2 104 - 68 rootbotz
  Winner: r2_d2

============================================================
Game 48
============================================================
Players: rootbotz vs r2_d2
Dealer: rootbotz  |  Elder: r2_d2
Match scores: 0 - 0
Talon (8): QC JD 8H QH KH AH 8S KS
rootbotz hand: 7C 8C 10C KC AC 7D KD 9S 10S JS QS AS
r2_d2 hand: 9C JC 8D 9D 10D QD AD 7H 9H 10H JH 7S
  Exchange r2_d2: discard 9C JC 7H 7S -> draw QC QH KH AH (talon 4 left)
  Exchange rootbotz: discard 7C 8C 7D KD -> draw JD 8H 8S KS (talon 0 left)

--- Phase: declare ---
  Declare point: rootbotz wins 7 pts (('point', 7, 'S'))
  Declare sequence: rootbotz wins 12 pts (('sequence', 7, 14, 'S'))
  Declare set: r2_d2 wins 3 pts (('set', 3, 12))

--- Phase: tricks ---
  Trick  1: r2_d2 leads AH, rootbotz plays 8H -> r2_d2 wins
  Trick  2: r2_d2 leads AD, rootbotz plays JD -> r2_d2 wins
  Trick  3: r2_d2 leads KH, rootbotz plays 8S -> r2_d2 wins
  Trick  4: r2_d2 leads QH, rootbotz plays 9S -> r2_d2 wins
  Trick  5: r2_d2 leads QD, rootbotz plays 10C -> r2_d2 wins
  Trick  6: r2_d2 leads JH, rootbotz plays 10S -> r2_d2 wins
  Trick  7: r2_d2 leads 10D, rootbotz plays JS -> r2_d2 wins
  Trick  8: r2_d2 leads 10H, rootbotz plays QS -> r2_d2 wins
  Trick  9: r2_d2 leads 9D, rootbotz plays KC -> r2_d2 wins
  Trick 10: r2_d2 leads QC, rootbotz plays AC -> rootbotz wins
  Trick 11: rootbotz leads AS, r2_d2 plays 8D -> rootbotz wins
  Trick 12: rootbotz leads KS, r2_d2 plays 9H -> rootbotz wins
  Hand: rootbotz +23 / r2_d2 +22 (tricks 3-9)
  Match total: rootbotz 23 - 22 r2_d2
Players: rootbotz vs r2_d2
Dealer: r2_d2  |  Elder: rootbotz
Match scores: 23 - 22
Talon (8): 8C QC 7D 9D QH KH 9S QS
rootbotz hand: 7C 9C JC JD KD 8H 9H JH AH 10S JS AS
r2_d2 hand: 10C KC AC 8D 10D QD AD 7H 10H 7S 8S KS
  Exchange rootbotz: discard 9C KD 8H 9H -> draw 7D 9D QH QS (talon 4 left)
  Exchange r2_d2: discard 7H 7S 8S -> draw 8C QC 9S (talon 1 left)

--- Phase: declare ---
  Declare point: r2_d2 wins 5 pts (('point', 5, 'C'))
  Declare sequence: r2_d2 wins 3 pts (('sequence', 3, 14, 'C'))
  Declare set: rootbotz wins 14 pts (('set', 4, 11))

--- Phase: tricks ---
  Trick  1: rootbotz leads AS, r2_d2 plays 9S -> rootbotz wins
  Trick  2: rootbotz leads AH, r2_d2 plays 10H -> rootbotz wins
  Trick  3: rootbotz leads 10S, r2_d2 plays KS -> r2_d2 wins
  Trick  4: r2_d2 leads AC, rootbotz plays 7C -> r2_d2 wins
  Trick  5: r2_d2 leads AD, rootbotz plays 7D -> r2_d2 wins
  Trick  6: r2_d2 leads KC, rootbotz plays JC -> r2_d2 wins
  Trick  7: r2_d2 leads QC, rootbotz plays 9D -> r2_d2 wins
  Trick  8: r2_d2 leads QD, rootbotz plays JD -> r2_d2 wins
  Trick  9: r2_d2 leads 10D, rootbotz plays JS -> r2_d2 wins
  Trick 10: r2_d2 leads 10C, rootbotz plays JH -> r2_d2 wins
  Trick 11: r2_d2 leads 8D, rootbotz plays QH -> r2_d2 wins
  Trick 12: r2_d2 leads 8C, rootbotz plays QS -> r2_d2 wins
  Hand: rootbotz +16 / r2_d2 +29 (tricks 2-10)
  Match total: rootbotz 39 - 51 r2_d2
Players: rootbotz vs r2_d2
Dealer: rootbotz  |  Elder: r2_d2
Match scores: 39 - 51
Talon (8): QC KC QD AD 8H 9H 10H AH
rootbotz hand: 8C 10C JC 7D 8D KD 7H KH 7S 8S 9S QS
r2_d2 hand: 7C 9C AC 9D 10D JD JH QH 10S JS KS AS
  Exchange r2_d2: discard 7C 9C 9D 10D QH -> draw QC QD AD 8H AH (talon 3 left)
  Exchange rootbotz: discard 8C JC 7H -> draw KC 9H 10H (talon 0 left)

--- Phase: declare ---
  Declare point: r2_d2 wins 4 pts (('point', 4, 'S'))
  Declare sequence: rootbotz wins 3 pts (('sequence', 3, 9, 'S'))
  Declare set: r2_d2 wins 14 pts (('set', 4, 14))

--- Phase: tricks ---
  Trick  1: r2_d2 leads AS, rootbotz plays 7S -> r2_d2 wins
  Trick  2: r2_d2 leads AD, rootbotz plays 7D -> r2_d2 wins
  Trick  3: r2_d2 leads AH, rootbotz plays 9H -> r2_d2 wins
  Trick  4: r2_d2 leads AC, rootbotz plays 10C -> r2_d2 wins
  Trick  5: r2_d2 leads KS, rootbotz plays 8S -> r2_d2 wins
  Trick  6: r2_d2 leads QD, rootbotz plays KD -> rootbotz wins
  Trick  7: rootbotz leads QS, r2_d2 plays 10S -> rootbotz wins
  Trick  8: rootbotz leads 9S, r2_d2 plays JS -> r2_d2 wins
  Trick  9: r2_d2 leads JH, rootbotz plays KH -> rootbotz wins
  Trick 10: rootbotz leads 8D, r2_d2 plays JD -> r2_d2 wins
  Trick 11: r2_d2 leads QC, rootbotz plays KC -> rootbotz wins
  Trick 12: rootbotz leads 10H, r2_d2 plays 8H -> rootbotz wins
  Hand: rootbotz +9 / r2_d2 +35 (tricks 5-7)
  Match total: rootbotz 48 - 86 r2_d2
Players: rootbotz vs r2_d2
Dealer: r2_d2  |  Elder: rootbotz
Match scores: 48 - 86
Talon (8): 7C 8C 10C KC 7D JH AH 9S
rootbotz hand: 9C 8D 9D JD KD AD 7H 8H 10H QH KH 7S
r2_d2 hand: JC QC AC 10D QD 9H 8S 10S JS QS KS AS
  Exchange rootbotz: discard 9C 7H 8H 10H 7S -> draw 10C KC JH AH 9S (talon 3 left)
  Exchange r2_d2: discard JC 10D 9H -> draw 7C 8C 7D (talon 0 left)

--- Phase: declare ---
  Declare point: r2_d2 wins 6 pts (('point', 6, 'S'))
  Declare sequence: r2_d2 wins 10 pts (('sequence', 5, 14, 'S'))
  Declare set: rootbotz wins 3 pts (('set', 3, 13))

--- Phase: tricks ---
  Trick  1: rootbotz leads AH, r2_d2 plays 7D -> rootbotz wins
  Trick  2: rootbotz leads AD, r2_d2 plays QD -> rootbotz wins
  Trick  3: rootbotz leads JH, r2_d2 plays 7C -> rootbotz wins
  Trick  4: rootbotz leads QH, r2_d2 plays 8C -> rootbotz wins
  Trick  5: rootbotz leads KH, r2_d2 plays 8S -> rootbotz wins
  Trick  6: rootbotz leads KD, r2_d2 plays 10S -> rootbotz wins
  Trick  7: rootbotz leads JD, r2_d2 plays JS -> rootbotz wins
  Trick  8: rootbotz leads 8D, r2_d2 plays QC -> rootbotz wins
  Trick  9: rootbotz leads 9D, r2_d2 plays QS -> rootbotz wins
  Trick 10: rootbotz leads 10C, r2_d2 plays AC -> r2_d2 wins
  Trick 11: r2_d2 leads AS, rootbotz plays 9S -> r2_d2 wins
  Trick 12: r2_d2 leads KS, rootbotz plays KC -> r2_d2 wins
  Hand: rootbotz +22 / r2_d2 +20 (tricks 9-3)
  Match total: rootbotz 70 - 106 r2_d2
  Final: rootbotz 70 - 106 r2_d2
  Winner: r2_d2

============================================================
Game 49
============================================================
Players: r2_d2 vs rootbotz
Dealer: r2_d2  |  Elder: rootbotz
Match scores: 0 - 0
Talon (8): JC QC 7D JH QH 8S 10S JS
r2_d2 hand: 7C 10C AC 8D JD KD AD 7H 9H KH 9S QS
rootbotz hand: 8C 9C KC 9D 10D QD 8H 10H AH 7S KS AS
  Exchange rootbotz: discard 9D 10D 8H 10H 7S -> draw QC 7D QH 8S 10S (talon 3 left)
  Exchange r2_d2: discard 7C 7H 9H -> draw JC JH JS (talon 0 left)

--- Phase: declare ---
  Declare set: rootbotz wins 3 pts (('set', 3, 12))

--- Phase: tricks ---
  Trick  1: rootbotz leads AS, r2_d2 plays 9S -> rootbotz wins
  Trick  2: rootbotz leads AH, r2_d2 plays JH -> rootbotz wins
  Trick  3: rootbotz leads KS, r2_d2 plays JS -> rootbotz wins
  Trick  4: rootbotz leads QH, r2_d2 plays KH -> r2_d2 wins
  Trick  5: r2_d2 leads AD, rootbotz plays 7D -> r2_d2 wins
  Trick  6: r2_d2 leads AC, rootbotz plays 8C -> r2_d2 wins
  Trick  7: r2_d2 leads KD, rootbotz plays QD -> r2_d2 wins
  Trick  8: r2_d2 leads QS, rootbotz plays 8S -> r2_d2 wins
  Trick  9: r2_d2 leads JD, rootbotz plays 9C -> r2_d2 wins
  Trick 10: r2_d2 leads JC, rootbotz plays QC -> rootbotz wins
  Trick 11: rootbotz leads KC, r2_d2 plays 10C -> rootbotz wins
  Trick 12: rootbotz leads 10S, r2_d2 plays 8D -> rootbotz wins
  Hand: r2_d2 +6 / rootbotz +10 (tricks 6-6)
  Match total: r2_d2 6 - 10 rootbotz
Players: r2_d2 vs rootbotz
Dealer: rootbotz  |  Elder: r2_d2
Match scores: 6 - 10
Talon (8): 8C 9D JD QH KH QS KS AS
r2_d2 hand: 7C 9C JC QC KC 7D QD 9H 10H JH AH 8S
rootbotz hand: 10C AC 8D 10D KD AD 7H 8H 7S 9S 10S JS
  Exchange r2_d2: discard 7D 9H 10H JH 8S -> draw 8C QH QS KS AS (talon 3 left)
  Exchange rootbotz: discard 8D 7H 8H -> draw 9D JD KH (talon 0 left)

--- Phase: declare ---
  Declare point: r2_d2 wins 6 pts (('point', 6, 'C'))
  Declare sequence: r2_d2 wins 3 pts (('sequence', 3, 14, 'S'))
  Declare set: r2_d2 wins 14 pts (('set', 4, 12))

--- Phase: tricks ---
  Trick  1: r2_d2 leads AS, rootbotz plays 7S -> r2_d2 wins
  Trick  2: r2_d2 leads AH, rootbotz plays KH -> r2_d2 wins
  Trick  3: r2_d2 leads KS, rootbotz plays 9S -> r2_d2 wins
  Trick  4: r2_d2 leads QS, rootbotz plays 10S -> r2_d2 wins
  Trick  5: r2_d2 leads KC, rootbotz plays AC -> rootbotz wins
  Trick  6: rootbotz leads AD, r2_d2 plays QD -> rootbotz wins
  Trick  7: rootbotz leads KD, r2_d2 plays 7C -> rootbotz wins
  Trick  8: rootbotz leads 9D, r2_d2 plays 8C -> rootbotz wins
  Trick  9: rootbotz leads 10D, r2_d2 plays 9C -> rootbotz wins
  Trick 10: rootbotz leads JS, r2_d2 plays JC -> rootbotz wins
  Trick 11: rootbotz leads JD, r2_d2 plays QC -> rootbotz wins
  Trick 12: rootbotz leads 10C, r2_d2 plays QH -> rootbotz wins
  Hand: r2_d2 +27 / rootbotz +19 (tricks 4-8)
  Match total: r2_d2 33 - 29 rootbotz
Players: r2_d2 vs rootbotz
Dealer: r2_d2  |  Elder: rootbotz
Match scores: 33 - 29
Talon (8): 8C JC KC KD 7H JH KH JS
r2_d2 hand: 10C 9D 10D QD AD AH 7S 9S 10S QS KS AS
rootbotz hand: 7C 9C QC AC 7D 8D JD 8H 9H 10H QH 8S
  Exchange rootbotz: discard 7C 9C 7D 8D 8S -> draw 8C KC KD 7H JH (talon 3 left)
  Exchange r2_d2: discard 9D QD -> draw KH JS (talon 1 left)

--- Phase: declare ---
  Declare point: r2_d2 wins 7 pts (('point', 7, 'S'))
  Declare sequence: r2_d2 wins 11 pts (('sequence', 6, 14, 'S'))
  Declare set: r2_d2 wins 3 pts (('set', 3, 14))

--- Phase: tricks ---
  Trick  1: rootbotz leads AC, r2_d2 plays 10C -> rootbotz wins
  Trick  2: rootbotz leads QC, r2_d2 plays 7S -> rootbotz wins
  Trick  3: rootbotz leads KC, r2_d2 plays 9S -> rootbotz wins
  Trick  4: rootbotz leads 8C, r2_d2 plays 10D -> rootbotz wins
  Trick  5: rootbotz leads 7H, r2_d2 plays KH -> r2_d2 wins
  Trick  6: r2_d2 leads AS, rootbotz plays 8H -> r2_d2 wins
  Trick  7: r2_d2 leads AD, rootbotz plays JD -> r2_d2 wins
  Trick  8: r2_d2 leads AH, rootbotz plays 9H -> r2_d2 wins
  Trick  9: r2_d2 leads KS, rootbotz plays 10H -> r2_d2 wins
  Trick 10: r2_d2 leads QS, rootbotz plays JH -> r2_d2 wins
  Trick 11: r2_d2 leads JS, rootbotz plays QH -> r2_d2 wins
  Trick 12: r2_d2 leads 10S, rootbotz plays KD -> r2_d2 wins
  Hand: r2_d2 +40 / rootbotz +4 (tricks 8-4)
  Match total: r2_d2 73 - 33 rootbotz
Players: r2_d2 vs rootbotz
Dealer: rootbotz  |  Elder: r2_d2
Match scores: 73 - 33
Talon (8): 10C 7D QD KD AD 9S 10S KS
r2_d2 hand: 8C JC JD 8H 9H 10H JH QH AH 7S JS AS
rootbotz hand: 7C 9C QC KC AC 8D 9D 10D 7H KH 8S QS
  Exchange r2_d2: discard 8C 7S -> draw 7D 9S (talon 6 left)
  Exchange rootbotz: discard 7C 8D 9D 10D 7H 8S -> draw 10C QD KD AD 10S KS (talon 0 left)

--- Phase: declare ---
  Declare point: r2_d2 wins 6 pts (('point', 6, 'H'))
  Declare sequence: r2_d2 wins 10 pts (('sequence', 5, 12, 'H'))
  Declare set: rootbotz wins 14 pts (('set', 4, 13))

--- Phase: tricks ---
  Trick  1: r2_d2 leads AH, rootbotz plays KH -> r2_d2 wins
  Trick  2: r2_d2 leads AS, rootbotz plays 10S -> r2_d2 wins
  Trick  3: r2_d2 leads QH, rootbotz plays 9C -> r2_d2 wins
  Trick  4: r2_d2 leads JH, rootbotz plays 10C -> r2_d2 wins
  Trick  5: r2_d2 leads 10H, rootbotz plays QS -> r2_d2 wins
  Trick  6: r2_d2 leads JD, rootbotz plays QD -> rootbotz wins
  Trick  7: rootbotz leads AD, r2_d2 plays 7D -> rootbotz wins
  Trick  8: rootbotz leads AC, r2_d2 plays JC -> rootbotz wins
  Trick  9: rootbotz leads QC, r2_d2 plays 8H -> rootbotz wins
  Trick 10: rootbotz leads KS, r2_d2 plays 9S -> rootbotz wins
  Trick 11: rootbotz leads KD, r2_d2 plays 9H -> rootbotz wins
  Trick 12: rootbotz leads KC, r2_d2 plays JS -> rootbotz wins
  Hand: r2_d2 +21 / rootbotz +32 (tricks 5-7)
  Match total: r2_d2 94 - 65 rootbotz
Players: r2_d2 vs rootbotz
Dealer: r2_d2  |  Elder: rootbotz
Match scores: 94 - 65
Talon (8): QC AC JD KD 10H QH 10S QS
r2_d2 hand: 9C JC KC 9D 10D QD AD 7H 9H JH KH 7S
rootbotz hand: 7C 8C 10C 7D 8D 8H AH 8S 9S JS KS AS
  Exchange rootbotz: discard 7C 8C 7D 8D 8H -> draw QC AC KD 10S QS (talon 3 left)
  Exchange r2_d2: discard 9C JC 7S -> draw JD 10H QH (talon 0 left)

--- Phase: declare ---
  Declare point: rootbotz wins 7 pts (('point', 7, 'S'))
  Declare sequence: rootbotz wins 12 pts (('sequence', 7, 14, 'S'))
  Declare set: rootbotz wins 3 pts (('set', 3, 14))

--- Phase: tricks ---
  Trick  1: rootbotz leads AS, r2_d2 plays 7H -> rootbotz wins
  Trick  2: rootbotz leads AH, r2_d2 plays 9H -> rootbotz wins
  Trick  3: rootbotz leads AC, r2_d2 plays KC -> rootbotz wins
  Trick  4: rootbotz leads 8S, r2_d2 plays 9D -> rootbotz wins
  Trick  5: rootbotz leads 9S, r2_d2 plays 10D -> rootbotz wins
  Trick  6: rootbotz leads 10S, r2_d2 plays 10H -> rootbotz wins
  Trick  7: rootbotz leads JS, r2_d2 plays JD -> rootbotz wins
  Trick  8: rootbotz leads QS, r2_d2 plays JH -> rootbotz wins
  Trick  9: rootbotz leads KS, r2_d2 plays QD -> rootbotz wins
  Trick 10: rootbotz leads QC, r2_d2 plays QH -> rootbotz wins
  Trick 11: rootbotz leads KD, r2_d2 plays AD -> r2_d2 wins
  Trick 12: r2_d2 leads KH, rootbotz plays 10C -> r2_d2 wins
  Hand: r2_d2 +3 / rootbotz +42 (tricks 2-10)
  Match total: r2_d2 97 - 107 rootbotz
  Final: r2_d2 97 - 107 rootbotz
  Winner: rootbotz

============================================================
Game 50
============================================================
Players: rootbotz vs r2_d2
Dealer: rootbotz  |  Elder: r2_d2
Match scores: 0 - 0
Talon (8): 9C 10C JC QC 10D KD 8S 9S
rootbotz hand: 8C KC 8D JD QD 7H 8H 9H JH 7S JS QS
r2_d2 hand: 7C AC 7D 9D AD 10H QH KH AH 10S KS AS
  Exchange r2_d2: discard 7C 7D 9D 10S -> draw 9C JC QC 10D (talon 4 left)
  Exchange rootbotz: discard 8C 8D QD QS -> draw 10C KD 8S 9S (talon 0 left)

--- Phase: declare ---
  Declare point: r2_d2 wins 4 pts (('point', 4, 'H'))
  Declare sequence: r2_d2 wins 3 pts (('sequence', 3, 14, 'H'))
  Declare set: r2_d2 wins 14 pts (('set', 4, 14))

--- Phase: tricks ---
  Trick  1: r2_d2 leads AH, rootbotz plays 7H -> r2_d2 wins
  Trick  2: r2_d2 leads AC, rootbotz plays 10C -> r2_d2 wins
  Trick  3: r2_d2 leads AS, rootbotz plays 7S -> r2_d2 wins
  Trick  4: r2_d2 leads AD, rootbotz plays JD -> r2_d2 wins
  Trick  5: r2_d2 leads KH, rootbotz plays 8H -> r2_d2 wins
  Trick  6: r2_d2 leads QH, rootbotz plays 9H -> r2_d2 wins
  Trick  7: r2_d2 leads KS, rootbotz plays 8S -> r2_d2 wins
  Trick  8: r2_d2 leads QC, rootbotz plays KC -> rootbotz wins
  Trick  9: rootbotz leads 9S, r2_d2 plays 9C -> rootbotz wins
  Trick 10: rootbotz leads JS, r2_d2 plays 10D -> rootbotz wins
  Trick 11: rootbotz leads JH, r2_d2 plays 10H -> rootbotz wins
  Trick 12: rootbotz leads KD, r2_d2 plays JC -> rootbotz wins
  Hand: rootbotz +6 / r2_d2 +38 (tricks 5-7)
  Match total: rootbotz 6 - 38 r2_d2
Players: rootbotz vs r2_d2
Dealer: r2_d2  |  Elder: rootbotz
Match scores: 6 - 38
Talon (8): 7D 9D QD 7H QH KH 8S JS
rootbotz hand: 8C 9C QC AC 8D JD KD AD AH 7S KS AS
r2_d2 hand: 7C 10C JC KC 10D 8H 9H 10H JH 9S 10S QS
  Exchange rootbotz: discard 8C 9C QC 8D 7S -> draw 7D 9D KH 8S JS (talon 3 left)
  Exchange r2_d2: discard 7C JC 9S -> draw QD 7H QH (talon 0 left)

--- Phase: declare ---
  Declare point: r2_d2 wins 6 pts (('point', 6, 'H'))
  Declare sequence: r2_d2 wins 11 pts (('sequence', 6, 12, 'H'))
  Declare set: rootbotz wins 14 pts (('set', 4, 14))

--- Phase: tricks ---
  Trick  1: rootbotz leads AS, r2_d2 plays 10S -> rootbotz wins
  Trick  2: rootbotz leads AH, r2_d2 plays 7H -> rootbotz wins
  Trick  3: rootbotz leads AD, r2_d2 plays 10D -> rootbotz wins
  Trick  4: rootbotz leads AC, r2_d2 plays 10C -> rootbotz wins
  Trick  5: rootbotz leads KS, r2_d2 plays QS -> rootbotz wins
  Trick  6: rootbotz leads KH, r2_d2 plays 8H -> rootbotz wins
  Trick  7: rootbotz leads 7D, r2_d2 plays QD -> r2_d2 wins
  Trick  8: r2_d2 leads QH, rootbotz plays 8S -> r2_d2 wins
  Trick  9: r2_d2 leads KC, rootbotz plays 9D -> r2_d2 wins
  Trick 10: r2_d2 leads JH, rootbotz plays JS -> r2_d2 wins
  Trick 11: r2_d2 leads 10H, rootbotz plays JD -> r2_d2 wins
  Trick 12: r2_d2 leads 9H, rootbotz plays KD -> r2_d2 wins
  Hand: rootbotz +20 / r2_d2 +24 (tricks 6-6)
  Match total: rootbotz 26 - 62 r2_d2
Players: rootbotz vs r2_d2
Dealer: rootbotz  |  Elder: r2_d2
Match scores: 26 - 62
Talon (8): 7C QC KC JD QD AD AH QS
rootbotz hand: 8C 10C JC 7D 10D 7H 9H JH 7S 10S JS KS
r2_d2 hand: 9C AC 8D 9D KD 8H 10H QH KH 8S 9S AS
  Exchange r2_d2: discard 9C 8D 9D 8S 9S -> draw 7C KC JD QD AD (talon 3 left)
  Exchange rootbotz: discard 8C 7H 9H -> draw QC AH QS (talon 0 left)

--- Phase: declare ---
  Declare point: rootbotz wins 5 pts (('point', 5, 'S'))
  Declare sequence: r2_d2 wins 4 pts (('sequence', 4, 14, 'D'))
  Declare set: r2_d2 wins 3 pts (('set', 3, 14))

--- Phase: tricks ---
  Trick  1: r2_d2 leads AD, rootbotz plays 7D -> r2_d2 wins
  Trick  2: r2_d2 leads AC, rootbotz plays 10C -> r2_d2 wins
  Trick  3: r2_d2 leads AS, rootbotz plays 7S -> r2_d2 wins
  Trick  4: r2_d2 leads KD, rootbotz plays 10D -> r2_d2 wins
  Trick  5: r2_d2 leads KC, rootbotz plays JC -> r2_d2 wins
  Trick  6: r2_d2 leads QD, rootbotz plays 10S -> r2_d2 wins
  Trick  7: r2_d2 leads KH, rootbotz plays AH -> rootbotz wins
  Trick  8: rootbotz leads JH, r2_d2 plays QH -> r2_d2 wins
  Trick  9: r2_d2 leads 10H, rootbotz plays JS -> r2_d2 wins
  Trick 10: r2_d2 leads JD, rootbotz plays QC -> r2_d2 wins
  Trick 11: r2_d2 leads 8H, rootbotz plays QS -> r2_d2 wins
  Trick 12: r2_d2 leads 7C, rootbotz plays KS -> r2_d2 wins
  Hand: rootbotz +6 / r2_d2 +29 (tricks 1-11)
  Match total: rootbotz 32 - 91 r2_d2
Players: rootbotz vs r2_d2
Dealer: r2_d2  |  Elder: rootbotz
Match scores: 32 - 91
Talon (8): 10C JC KC 8D 8H AH 10S AS
rootbotz hand: 9C AC 7D JD QD 7H 9H 10H JH QH KH QS
r2_d2 hand: 7C 8C QC 9D 10D KD AD 7S 8S 9S JS KS
  Exchange rootbotz: discard 9C 7D JD 7H -> draw JC KC 10S AS (talon 4 left)
  Exchange r2_d2: discard 7C 8C 9D 10D -> draw 10C 8D 8H AH (talon 0 left)

--- Phase: declare ---
  Declare point: rootbotz wins 5 pts (('point', 5, 'H'))
  Declare sequence: rootbotz wins 10 pts (('sequence', 5, 13, 'H'))
  Declare set: rootbotz wins 3 pts (('set', 3, 12))

--- Phase: tricks ---
  Trick  1: rootbotz leads AS, r2_d2 plays 7S -> rootbotz wins
  Trick  2: rootbotz leads AC, r2_d2 plays 10C -> rootbotz wins
  Trick  3: rootbotz leads KC, r2_d2 plays QC -> rootbotz wins
  Trick  4: rootbotz leads 9H, r2_d2 plays AH -> r2_d2 wins
  Trick  5: r2_d2 leads AD, rootbotz plays QD -> r2_d2 wins
  Trick  6: r2_d2 leads KS, rootbotz plays 10S -> r2_d2 wins
  Trick  7: r2_d2 leads KD, rootbotz plays 10H -> r2_d2 wins
  Trick  8: r2_d2 leads JS, rootbotz plays QS -> rootbotz wins
  Trick  9: rootbotz leads JH, r2_d2 plays 8H -> rootbotz wins
  Trick 10: rootbotz leads JC, r2_d2 plays 8D -> rootbotz wins
  Trick 11: rootbotz leads QH, r2_d2 plays 8S -> rootbotz wins
  Trick 12: rootbotz leads KH, r2_d2 plays 9S -> rootbotz wins
  Hand: rootbotz +37 / r2_d2 +4 (tricks 8-4)
  Match total: rootbotz 69 - 95 r2_d2
Players: rootbotz vs r2_d2
Dealer: rootbotz  |  Elder: r2_d2
Match scores: 69 - 95
Talon (8): 9C 9D QD AD 7H JH 10S JS
rootbotz hand: JC AC 7D JD KD 8H QH AH 7S 8S 9S QS
r2_d2 hand: 7C 8C 10C QC KC 8D 10D 9H 10H KH KS AS
  Exchange r2_d2: discard 8D 10D 9H 10H -> draw 9C 9D QD JH (talon 4 left)
  Exchange rootbotz: discard JC 7D JD 8H -> draw AD 7H 10S JS (talon 0 left)

--- Phase: declare ---
  Declare sequence: rootbotz wins 11 pts (('sequence', 6, 12, 'S'))
  Declare set: rootbotz wins 3 pts (('set', 3, 14))

--- Phase: tricks ---
  Trick  1: r2_d2 leads AS, rootbotz plays 7S -> r2_d2 wins
  Trick  2: r2_d2 leads KS, rootbotz plays 8S -> r2_d2 wins
  Trick  3: r2_d2 leads KC, rootbotz plays AC -> rootbotz wins
  Trick  4: rootbotz leads AH, r2_d2 plays JH -> rootbotz wins
  Trick  5: rootbotz leads AD, r2_d2 plays 9D -> rootbotz wins
  Trick  6: rootbotz leads 9S, r2_d2 plays 7C -> rootbotz wins
  Trick  7: rootbotz leads 10S, r2_d2 plays 8C -> rootbotz wins
  Trick  8: rootbotz leads JS, r2_d2 plays 9C -> rootbotz wins
  Trick  9: rootbotz leads QS, r2_d2 plays 10C -> rootbotz wins
  Trick 10: rootbotz leads KD, r2_d2 plays QD -> rootbotz wins
  Trick 11: rootbotz leads 7H, r2_d2 plays KH -> r2_d2 wins
  Trick 12: r2_d2 leads QC, rootbotz plays QH -> r2_d2 wins
  Hand: rootbotz +32 / r2_d2 +5 (tricks 8-4)
  Match total: rootbotz 101 - 100 r2_d2
  Final: rootbotz 101 - 100 r2_d2
  Winner: rootbotz

============================================================
Game 51
============================================================
Players: r2_d2 vs rootbotz
Dealer: r2_d2  |  Elder: rootbotz
Match scores: 0 - 0
Talon (8): 8C AC 7D JH KH AH JS KS
r2_d2 hand: 9C 10C KC 8D QD KD 7H 9H QH 7S QS AS
rootbotz hand: 7C JC QC 9D 10D JD AD 8H 10H 8S 9S 10S
  Exchange rootbotz: discard 7C JC QC 8H 8S -> draw 8C AC 7D KH JS (talon 3 left)
  Exchange r2_d2: discard 8D 7H 7S -> draw JH AH KS (talon 0 left)

--- Phase: declare ---
  Declare point: rootbotz wins 5 pts (('point', 5, 'D'))
  Declare sequence: r2_d2 wins 3 pts (('sequence', 3, 14, 'S'))
  Declare set: r2_d2 wins 3 pts (('set', 3, 13))

--- Phase: tricks ---
  Trick  1: rootbotz leads AD, r2_d2 plays QD -> rootbotz wins
  Trick  2: rootbotz leads AC, r2_d2 plays 9C -> rootbotz wins
  Trick  3: rootbotz leads KH, r2_d2 plays AH -> r2_d2 wins
  Trick  4: r2_d2 leads AS, rootbotz plays 9S -> r2_d2 wins
  Trick  5: r2_d2 leads QH, rootbotz plays 10H -> r2_d2 wins
  Trick  6: r2_d2 leads KS, rootbotz plays 10S -> r2_d2 wins
  Trick  7: r2_d2 leads KC, rootbotz plays 8C -> r2_d2 wins
  Trick  8: r2_d2 leads KD, rootbotz plays 7D -> r2_d2 wins
  Trick  9: r2_d2 leads QS, rootbotz plays JS -> r2_d2 wins
  Trick 10: r2_d2 leads JH, rootbotz plays 9D -> r2_d2 wins
  Trick 11: r2_d2 leads 10C, rootbotz plays 10D -> r2_d2 wins
  Trick 12: r2_d2 leads 9H, rootbotz plays JD -> r2_d2 wins
  Hand: r2_d2 +27 / rootbotz +7 (tricks 10-2)
  Match total: r2_d2 27 - 7 rootbotz
Players: r2_d2 vs rootbotz
Dealer: rootbotz  |  Elder: r2_d2
Match scores: 27 - 7
Talon (8): 8C JC KC JD QD AD 10H QS
r2_d2 hand: 9C QC 9D 10D KD 8H 9H QH KH 8S KS AS
rootbotz hand: 7C 10C AC 7D 8D 7H JH AH 7S 9S 10S JS
  Exchange r2_d2: discard 9C QC 9D 10D 8S -> draw JD QD AD 10H QS (talon 3 left)
  Exchange rootbotz: discard 7C 7D 7H -> draw 8C JC KC (talon 0 left)

--- Phase: declare ---
  Declare point: rootbotz wins 5 pts (('point', 5, 'C'))
  Declare sequence: r2_d2 wins 4 pts (('sequence', 4, 14, 'D'))
  Declare set: r2_d2 wins 3 pts (('set', 3, 13))

--- Phase: tricks ---
  Trick  1: r2_d2 leads AD, rootbotz plays 8D -> r2_d2 wins
  Trick  2: r2_d2 leads AS, rootbotz plays 7S -> r2_d2 wins
  Trick  3: r2_d2 leads KD, rootbotz plays 8C -> r2_d2 wins
  Trick  4: r2_d2 leads KS, rootbotz plays 9S -> r2_d2 wins
  Trick  5: r2_d2 leads QD, rootbotz plays 10S -> r2_d2 wins
  Trick  6: r2_d2 leads QS, rootbotz plays JS -> r2_d2 wins
  Trick  7: r2_d2 leads KH, rootbotz plays AH -> rootbotz wins
  Trick  8: rootbotz leads AC, r2_d2 plays 8H -> rootbotz wins
  Trick  9: rootbotz leads 10C, r2_d2 plays 9H -> rootbotz wins
  Trick 10: rootbotz leads JC, r2_d2 plays 10H -> rootbotz wins
  Trick 11: rootbotz leads KC, r2_d2 plays JD -> rootbotz wins
  Trick 12: rootbotz leads JH, r2_d2 plays QH -> r2_d2 wins
  Hand: r2_d2 +25 / rootbotz +10 (tricks 7-5)
  Match total: r2_d2 52 - 17 rootbotz
Players: r2_d2 vs rootbotz
Dealer: r2_d2  |  Elder: rootbotz
Match scores: 52 - 17
Talon (8): 7C QC AC 10D 7H 8H QH AH
r2_d2 hand: 8C 9C 10C JC KC JD KD 9H 9S JS QS AS
rootbotz hand: 7D 8D 9D QD AD 10H JH KH 7S 8S 10S KS
  Exchange rootbotz: discard 10H JH 7S 8S 10S -> draw QC AC 8H QH AH (talon 3 left)
  Exchange r2_d2: discard 9H 9S QS -> draw 7C 10D 7H (talon 0 left)

--- Phase: declare ---
  Declare point: r2_d2 wins 6 pts (('point', 6, 'C'))
  Declare sequence: r2_d2 wins 10 pts (('sequence', 5, 11, 'C'))
  Declare set: rootbotz wins 3 pts (('set', 3, 14))

--- Phase: tricks ---
  Trick  1: rootbotz leads AH, r2_d2 plays 7H -> rootbotz wins
  Trick  2: rootbotz leads AD, r2_d2 plays 10D -> rootbotz wins
  Trick  3: rootbotz leads AC, r2_d2 plays 7C -> rootbotz wins
  Trick  4: rootbotz leads QH, r2_d2 plays 8C -> rootbotz wins
  Trick  5: rootbotz leads KH, r2_d2 plays 9C -> rootbotz wins
  Trick  6: rootbotz leads 8H, r2_d2 plays 10C -> rootbotz wins
  Trick  7: rootbotz leads QD, r2_d2 plays KD -> r2_d2 wins
  Trick  8: r2_d2 leads AS, rootbotz plays KS -> r2_d2 wins
  Trick  9: r2_d2 leads KC, rootbotz plays QC -> r2_d2 wins
  Trick 10: r2_d2 leads JD, rootbotz plays 7D -> r2_d2 wins
  Trick 11: r2_d2 leads JC, rootbotz plays 8D -> r2_d2 wins
  Trick 12: r2_d2 leads JS, rootbotz plays 9D -> r2_d2 wins
  Hand: r2_d2 +23 / rootbotz +9 (tricks 6-6)
  Match total: r2_d2 75 - 26 rootbotz
Players: r2_d2 vs rootbotz
Dealer: rootbotz  |  Elder: r2_d2
Match scores: 75 - 26
Talon (8): 8C 7D 10D 7H AH 7S QS KS
r2_d2 hand: 7C 10C JC KC AC 8H 9H 10H QH 9S JS AS
rootbotz hand: 9C QC 8D 9D JD QD KD AD JH KH 8S 10S
  Exchange r2_d2: discard 8H 9H 10H 9S JS -> draw 8C 7D 10D 7H KS (talon 3 left)
  Exchange rootbotz: discard 9C JH 8S -> draw AH 7S QS (talon 0 left)

--- Phase: declare ---
  Declare point: rootbotz wins 6 pts (('point', 6, 'D'))
  Declare sequence: rootbotz wins 4 pts (('sequence', 4, 14, 'D'))
  Declare set: rootbotz wins 3 pts (('set', 3, 12))

--- Phase: tricks ---
  Trick  1: r2_d2 leads AC, rootbotz plays QC -> r2_d2 wins
  Trick  2: r2_d2 leads AS, rootbotz plays 7S -> r2_d2 wins
  Trick  3: r2_d2 leads KC, rootbotz plays 8D -> r2_d2 wins
  Trick  4: r2_d2 leads KS, rootbotz plays 10S -> r2_d2 wins
  Trick  5: r2_d2 leads JC, rootbotz plays 9D -> r2_d2 wins
  Trick  6: r2_d2 leads 10C, rootbotz plays JD -> r2_d2 wins
  Trick  7: r2_d2 leads QH, rootbotz plays KH -> rootbotz wins
  Trick  8: rootbotz leads AH, r2_d2 plays 7H -> rootbotz wins
  Trick  9: rootbotz leads AD, r2_d2 plays 7D -> rootbotz wins
  Trick 10: rootbotz leads QS, r2_d2 plays 7C -> rootbotz wins
  Trick 11: rootbotz leads QD, r2_d2 plays 10D -> rootbotz wins
  Trick 12: rootbotz leads KD, r2_d2 plays 8C -> rootbotz wins
  Hand: r2_d2 +6 / rootbotz +20 (tricks 6-6)
  Match total: r2_d2 81 - 46 rootbotz
Players: r2_d2 vs rootbotz
Dealer: r2_d2  |  Elder: rootbotz
Match scores: 81 - 46
Talon (8): 7C 9C 9D JD KH 8S 9S 10S
r2_d2 hand: 10C QC KC 7D KD AD 7H 9H AH 7S JS QS
rootbotz hand: 8C JC AC 8D 10D QD 8H 10H JH QH KS AS
  Exchange rootbotz: discard 8C JC 8D KS -> draw 9C 9D JD 10S (talon 4 left)
  Exchange r2_d2: discard 7D 7H 9H 7S -> draw 7C KH 8S 9S (talon 0 left)

--- Phase: declare ---
  Declare point: rootbotz wins 4 pts (('point', 4, 'D'))
  Declare sequence: rootbotz wins 4 pts (('sequence', 4, 12, 'D'))
  Declare set: r2_d2 wins 3 pts (('set', 3, 13))

--- Phase: tricks ---
  Trick  1: rootbotz leads AS, r2_d2 plays 8S -> rootbotz wins
  Trick  2: rootbotz leads AC, r2_d2 plays 7C -> rootbotz wins
  Trick  3: rootbotz leads 9D, r2_d2 plays KD -> r2_d2 wins
  Trick  4: r2_d2 leads AH, rootbotz plays 8H -> r2_d2 wins
  Trick  5: r2_d2 leads AD, rootbotz plays 10D -> r2_d2 wins
  Trick  6: r2_d2 leads KC, rootbotz plays 9C -> r2_d2 wins
  Trick  7: r2_d2 leads QC, rootbotz plays 10S -> r2_d2 wins
  Trick  8: r2_d2 leads KH, rootbotz plays 10H -> r2_d2 wins
  Trick  9: r2_d2 leads QS, rootbotz plays JH -> r2_d2 wins
  Trick 10: r2_d2 leads JS, rootbotz plays JD -> r2_d2 wins
  Trick 11: r2_d2 leads 10C, rootbotz plays QH -> r2_d2 wins
  Trick 12: r2_d2 leads 9S, rootbotz plays QD -> r2_d2 wins
  Hand: r2_d2 +24 / rootbotz +10 (tricks 10-2)
  Match total: r2_d2 105 - 56 rootbotz
  Final: r2_d2 105 - 56 rootbotz
  Winner: r2_d2

============================================================
Game 52
============================================================
Players: rootbotz vs r2_d2
Dealer: rootbotz  |  Elder: r2_d2
Match scores: 0 - 0
Talon (8): 8C 9C 9D 8H QH 7S 9S AS
rootbotz hand: 7C 10C JC QC KC AC 7D 8D JD 9H JH 8S
r2_d2 hand: 10D QD KD AD 7H 10H KH AH 10S JS QS KS
  Exchange r2_d2: discard 7H -> draw 9C (talon 7 left)
  Exchange rootbotz: discard 7D 8D 9H 8S -> draw 8C 9D 8H AS (talon 3 left)

--- Phase: declare ---
  Declare point: rootbotz wins 7 pts (('point', 7, 'C'))
  Declare sequence: rootbotz wins 10 pts (('sequence', 5, 14, 'C'))
  Declare set: r2_d2 wins 3 pts (('set', 3, 13))

--- Phase: tricks ---
  Trick  1: r2_d2 leads AD, rootbotz plays 9D -> r2_d2 wins
  Trick  2: r2_d2 leads AH, rootbotz plays 8H -> r2_d2 wins
  Trick  3: r2_d2 leads KD, rootbotz plays JD -> r2_d2 wins
  Trick  4: r2_d2 leads KH, rootbotz plays JH -> r2_d2 wins
  Trick  5: r2_d2 leads QD, rootbotz plays 7C -> r2_d2 wins
  Trick  6: r2_d2 leads KS, rootbotz plays AS -> rootbotz wins
  Trick  7: rootbotz leads AC, r2_d2 plays 9C -> rootbotz wins
  Trick  8: rootbotz leads 8C, r2_d2 plays 10D -> rootbotz wins
  Trick  9: rootbotz leads 10C, r2_d2 plays 10H -> rootbotz wins
  Trick 10: rootbotz leads JC, r2_d2 plays 10S -> rootbotz wins
  Trick 11: rootbotz leads QC, r2_d2 plays JS -> rootbotz wins
  Trick 12: rootbotz leads KC, r2_d2 plays QS -> rootbotz wins
  Hand: rootbotz +35 / r2_d2 +8 (tricks 7-5)
  Match total: rootbotz 35 - 8 r2_d2
Players: rootbotz vs r2_d2
Dealer: r2_d2  |  Elder: rootbotz
Match scores: 35 - 8
Talon (8): 9C AC QD QH KH 7S 8S 9S
rootbotz hand: 8C 10C 7D 9D 10D KD AD 7H 9H JH QS KS
r2_d2 hand: 7C JC QC KC 8D JD 8H 10H AH 10S JS AS
  Exchange rootbotz: discard 8C 10C 7H 9H JH -> draw AC QD 7S 8S 9S (talon 3 left)
  Exchange r2_d2: discard 8D 8H 10H -> draw 9C QH KH (talon 0 left)

--- Phase: declare ---
  Declare point: rootbotz wins 6 pts (('point', 6, 'D'))
  Declare set: r2_d2 wins 3 pts (('set', 3, 11))

--- Phase: tricks ---
  Trick  1: rootbotz leads AD, r2_d2 plays JD -> rootbotz wins
  Trick  2: rootbotz leads AC, r2_d2 plays 7C -> rootbotz wins
  Trick  3: rootbotz leads QD, r2_d2 plays 9C -> rootbotz wins
  Trick  4: rootbotz leads KD, r2_d2 plays 10S -> rootbotz wins
  Trick  5: rootbotz leads 9D, r2_d2 plays JS -> rootbotz wins
  Trick  6: rootbotz leads 10D, r2_d2 plays JC -> rootbotz wins
  Trick  7: rootbotz leads QS, r2_d2 plays AS -> r2_d2 wins
  Trick  8: r2_d2 leads AH, rootbotz plays 7D -> r2_d2 wins
  Trick  9: r2_d2 leads KC, rootbotz plays 7S -> r2_d2 wins
  Trick 10: r2_d2 leads KH, rootbotz plays 8S -> r2_d2 wins
  Trick 11: r2_d2 leads QC, rootbotz plays 9S -> r2_d2 wins
  Trick 12: r2_d2 leads QH, rootbotz plays KS -> r2_d2 wins
  Hand: rootbotz +12 / r2_d2 +10 (tricks 6-6)
  Match total: rootbotz 47 - 18 r2_d2
Players: rootbotz vs r2_d2
Dealer: rootbotz  |  Elder: r2_d2
Match scores: 47 - 18
Talon (8): 8C 7D 10D QD 8H 9H 8S 9S
rootbotz hand: 9C JC AC 7H 10H JH QH KH AH 7S JS AS
r2_d2 hand: 7C 10C QC KC 8D 9D JD KD AD 10S QS KS
  Exchange r2_d2: discard 7C 10C QC 10S QS -> draw 8C 7D 10D 8H 8S (talon 3 left)
  Exchange rootbotz: discard JC 7S JS -> draw QD 9H 9S (talon 0 left)

--- Phase: declare ---
  Declare point: rootbotz wins 7 pts (('point', 7, 'H'))
  Declare sequence: rootbotz wins 11 pts (('sequence', 6, 14, 'H'))
  Declare set: rootbotz wins 3 pts (('set', 3, 14))

--- Phase: tricks ---
  Trick  1: r2_d2 leads AD, rootbotz plays QD -> r2_d2 wins
  Trick  2: r2_d2 leads KD, rootbotz plays 7H -> r2_d2 wins
  Trick  3: r2_d2 leads JD, rootbotz plays 9C -> r2_d2 wins
  Trick  4: r2_d2 leads 10D, rootbotz plays 9S -> r2_d2 wins
  Trick  5: r2_d2 leads 9D, rootbotz plays 9H -> r2_d2 wins
  Trick  6: r2_d2 leads KC, rootbotz plays AC -> rootbotz wins
  Trick  7: rootbotz leads AS, r2_d2 plays 8S -> rootbotz wins
  Trick  8: rootbotz leads AH, r2_d2 plays 8H -> rootbotz wins
  Trick  9: rootbotz leads 10H, r2_d2 plays 7D -> rootbotz wins
  Trick 10: rootbotz leads JH, r2_d2 plays 8C -> rootbotz wins
  Trick 11: rootbotz leads QH, r2_d2 plays 8D -> rootbotz wins
  Trick 12: rootbotz leads KH, r2_d2 plays KS -> rootbotz wins
  Hand: rootbotz +39 / r2_d2 +5 (tricks 7-5)
  Match total: rootbotz 86 - 23 r2_d2
Players: rootbotz vs r2_d2
Dealer: r2_d2  |  Elder: rootbotz
Match scores: 86 - 23
Talon (8): 7C AC 8D JD AD 7H 9H QH
rootbotz hand: 9C JC KC 7D 9D QD KH AH 7S 9S JS QS
r2_d2 hand: 8C 10C QC 10D KD 8H 10H JH 8S 10S KS AS
  Exchange rootbotz: discard 9C 7D 9D QD -> draw AC 8D 7H 9H (talon 4 left)
  Exchange r2_d2: discard 8C 8H JH -> draw 7C JD QH (talon 1 left)

--- Phase: declare ---
  Declare point: r2_d2 wins 4 pts (('point', 4, 'S'))
  Declare set: r2_d2 wins 14 pts (('set', 4, 10))

--- Phase: tricks ---
  Trick  1: rootbotz leads AH, r2_d2 plays 10H -> rootbotz wins
  Trick  2: rootbotz leads AC, r2_d2 plays 7C -> rootbotz wins
  Trick  3: rootbotz leads KH, r2_d2 plays QH -> rootbotz wins
  Trick  4: rootbotz leads KC, r2_d2 plays 10C -> rootbotz wins
  Trick  5: rootbotz leads JC, r2_d2 plays QC -> r2_d2 wins
  Trick  6: r2_d2 leads AS, rootbotz plays 7S -> r2_d2 wins
  Trick  7: r2_d2 leads KS, rootbotz plays 9S -> r2_d2 wins
  Trick  8: r2_d2 leads KD, rootbotz plays 8D -> r2_d2 wins
  Trick  9: r2_d2 leads JD, rootbotz plays 7H -> r2_d2 wins
  Trick 10: r2_d2 leads 10S, rootbotz plays JS -> rootbotz wins
  Trick 11: rootbotz leads QS, r2_d2 plays 8S -> rootbotz wins
  Trick 12: rootbotz leads 9H, r2_d2 plays 10D -> rootbotz wins
  Hand: rootbotz +18 / r2_d2 +23 (tricks 7-5)
  Match total: rootbotz 104 - 46 r2_d2
  Final: rootbotz 104 - 46 r2_d2
  Winner: rootbotz

============================================================
Game 53
============================================================
Players: r2_d2 vs rootbotz
Dealer: r2_d2  |  Elder: rootbotz
Match scores: 0 - 0
Talon (8): 8C 9C KC 8D 8H 10S QS AS
r2_d2 hand: QC AC 9D JD KD AD 7H 10H AH 7S 9S KS
rootbotz hand: 7C 10C JC 7D 10D QD 9H JH QH KH 8S JS
  Exchange rootbotz: discard 7C 7D 10D QD 8S -> draw KC 8H 10S QS AS (talon 3 left)
  Exchange r2_d2: discard 7H 7S 9S -> draw 8C 9C 8D (talon 0 left)

--- Phase: declare ---
  Declare point: r2_d2 wins 5 pts (('point', 5, 'D'))
  Declare sequence: rootbotz wins 3 pts (('sequence', 3, 13, 'H'))
  Declare set: r2_d2 wins 3 pts (('set', 3, 14))

--- Phase: tricks ---
  Trick  1: rootbotz leads AS, r2_d2 plays KS -> rootbotz wins
  Trick  2: rootbotz leads 10S, r2_d2 plays 8C -> rootbotz wins
  Trick  3: rootbotz leads JS, r2_d2 plays 8D -> rootbotz wins
  Trick  4: rootbotz leads QS, r2_d2 plays 9C -> rootbotz wins
  Trick  5: rootbotz leads JH, r2_d2 plays AH -> r2_d2 wins
  Trick  6: r2_d2 leads AD, rootbotz plays 8H -> r2_d2 wins
  Trick  7: r2_d2 leads AC, rootbotz plays 10C -> r2_d2 wins
  Trick  8: r2_d2 leads KD, rootbotz plays 9H -> r2_d2 wins
  Trick  9: r2_d2 leads JD, rootbotz plays JC -> r2_d2 wins
  Trick 10: r2_d2 leads QC, rootbotz plays KC -> rootbotz wins
  Trick 11: rootbotz leads QH, r2_d2 plays 10H -> rootbotz wins
  Trick 12: rootbotz leads KH, r2_d2 plays 9D -> rootbotz wins
  Hand: r2_d2 +13 / rootbotz +21 (tricks 5-7)
  Match total: r2_d2 13 - 21 rootbotz
Players: r2_d2 vs rootbotz
Dealer: rootbotz  |  Elder: r2_d2
Match scores: 13 - 21
Talon (8): 9C JC 8D KD KH 10S QS KS
r2_d2 hand: 7C 10C QC KC 7D 9D 10D JD QD 7H AH 8S
rootbotz hand: 8C AC AD 8H 9H 10H JH QH 7S 9S JS AS
  Exchange r2_d2: discard 7C 10C QC 7H 8S -> draw JC 8D KD 10S QS (talon 3 left)
  Exchange rootbotz: discard 7S 9S JS -> draw 9C KH KS (talon 0 left)

--- Phase: declare ---
  Declare point: r2_d2 wins 7 pts (('point', 7, 'D'))
  Declare sequence: r2_d2 wins 12 pts (('sequence', 7, 13, 'D'))
  Declare set: rootbotz wins 3 pts (('set', 3, 14))

--- Phase: tricks ---
  Trick  1: r2_d2 leads AH, rootbotz plays 8H -> r2_d2 wins
  Trick  2: r2_d2 leads KD, rootbotz plays AD -> rootbotz wins
  Trick  3: rootbotz leads AS, r2_d2 plays 10S -> rootbotz wins
  Trick  4: rootbotz leads AC, r2_d2 plays JC -> rootbotz wins
  Trick  5: rootbotz leads 9H, r2_d2 plays 7D -> rootbotz wins
  Trick  6: rootbotz leads 8C, r2_d2 plays KC -> r2_d2 wins
  Trick  7: r2_d2 leads QD, rootbotz plays 9C -> r2_d2 wins
  Trick  8: r2_d2 leads JD, rootbotz plays 10H -> r2_d2 wins
  Trick  9: r2_d2 leads 10D, rootbotz plays JH -> r2_d2 wins
  Trick 10: r2_d2 leads 9D, rootbotz plays QH -> r2_d2 wins
  Trick 11: r2_d2 leads QS, rootbotz plays KS -> rootbotz wins
  Trick 12: rootbotz leads KH, r2_d2 plays 8D -> rootbotz wins
  Hand: r2_d2 +25 / rootbotz +10 (tricks 6-6)
  Match total: r2_d2 38 - 31 rootbotz
Players: r2_d2 vs rootbotz
Dealer: r2_d2  |  Elder: rootbotz
Match scores: 38 - 31
Talon (8): 8C JC JD 10H JH QH JS QS
r2_d2 hand: 7C 9C KC AC 8D 9D AD 7H KH AH 7S 10S
rootbotz hand: 10C QC 7D 10D QD KD 8H 9H 8S 9S KS AS
  Exchange rootbotz: discard 8H 9H 8S 9S -> draw JC JD 10H QH (talon 4 left)
  Exchange r2_d2: discard 8D 7H 7S 10S -> draw 8C JH JS QS (talon 0 left)

--- Phase: declare ---
  Declare point: rootbotz wins 5 pts (('point', 5, 'D'))
  Declare sequence: rootbotz wins 4 pts (('sequence', 4, 13, 'D'))
  Declare set: r2_d2 wins 3 pts (('set', 3, 14))

--- Phase: tricks ---
  Trick  1: rootbotz leads AS, r2_d2 plays JS -> rootbotz wins
  Trick  2: rootbotz leads KS, r2_d2 plays QS -> rootbotz wins
  Trick  3: rootbotz leads 10D, r2_d2 plays AD -> r2_d2 wins
  Trick  4: r2_d2 leads AC, rootbotz plays 10C -> r2_d2 wins
  Trick  5: r2_d2 leads AH, rootbotz plays 10H -> r2_d2 wins
  Trick  6: r2_d2 leads KC, rootbotz plays JC -> r2_d2 wins
  Trick  7: r2_d2 leads KH, rootbotz plays QH -> r2_d2 wins
  Trick  8: r2_d2 leads 9C, rootbotz plays QC -> rootbotz wins
  Trick  9: rootbotz leads JD, r2_d2 plays 9D -> rootbotz wins
  Trick 10: rootbotz leads 7D, r2_d2 plays 7C -> rootbotz wins
  Trick 11: rootbotz leads QD, r2_d2 plays 8C -> rootbotz wins
  Trick 12: rootbotz leads KD, r2_d2 plays JH -> rootbotz wins
  Hand: r2_d2 +8 / rootbotz +27 (tricks 5-7)
  Match total: r2_d2 46 - 58 rootbotz
Players: r2_d2 vs rootbotz
Dealer: rootbotz  |  Elder: r2_d2
Match scores: 46 - 58
Talon (8): 7H 8H 9H 10H QH 7S 10S QS
r2_d2 hand: 7C 9C AC 7D 8D 9D 10D KD AD KH 9S KS
rootbotz hand: 8C 10C JC QC KC JD QD JH AH 8S JS AS
  Exchange r2_d2: discard 7C 9C 9S -> draw 10H 7S 10S (talon 5 left)
  Exchange rootbotz: discard 8C QD AH 8S -> draw 7H 8H QH QS (talon 1 left)

--- Phase: declare ---
  Declare point: r2_d2 wins 6 pts (('point', 6, 'D'))
  Declare sequence: rootbotz wins 4 pts (('sequence', 4, 13, 'C'))
  Declare set: r2_d2 wins 3 pts (('set', 3, 13))

--- Phase: tricks ---
  Trick  1: r2_d2 leads AD, rootbotz plays JD -> r2_d2 wins
  Trick  2: r2_d2 leads AC, rootbotz plays 10C -> r2_d2 wins
  Trick  3: r2_d2 leads KD, rootbotz plays 7H -> r2_d2 wins
  Trick  4: r2_d2 leads 10D, rootbotz plays 8H -> r2_d2 wins
  Trick  5: r2_d2 leads KS, rootbotz plays AS -> rootbotz wins
  Trick  6: rootbotz leads JC, r2_d2 plays 7S -> rootbotz wins
  Trick  7: rootbotz leads QC, r2_d2 plays 7D -> rootbotz wins
  Trick  8: rootbotz leads KC, r2_d2 plays 8D -> rootbotz wins
  Trick  9: rootbotz leads JS, r2_d2 plays 10S -> rootbotz wins
  Trick 10: rootbotz leads JH, r2_d2 plays KH -> r2_d2 wins
  Trick 11: r2_d2 leads 10H, rootbotz plays QH -> rootbotz wins
  Trick 12: rootbotz leads QS, r2_d2 plays 9D -> rootbotz wins
  Hand: r2_d2 +14 / rootbotz +22 (tricks 5-7)
  Match total: r2_d2 60 - 80 rootbotz
Players: r2_d2 vs rootbotz
Dealer: r2_d2  |  Elder: rootbotz
Match scores: 60 - 80
Talon (8): 9C 10D KD 7H 8H QH 7S KS
r2_d2 hand: 7C 7D 9D JD QD AD 10H AH 8S 9S JS QS
rootbotz hand: 8C 10C JC QC KC AC 8D 9H JH KH 10S AS
  Exchange rootbotz: discard 8D 9H JH 10S -> draw 9C KD 7H QH (talon 4 left)
  Exchange r2_d2: discard 7C 10H 8S 9S -> draw 10D 8H 7S KS (talon 0 left)

--- Phase: declare ---
  Declare point: rootbotz wins 7 pts (('point', 7, 'C'))
  Declare sequence: rootbotz wins 12 pts (('sequence', 7, 14, 'C'))
  Declare set: rootbotz wins 3 pts (('set', 3, 13))

--- Phase: tricks ---
  Trick  1: rootbotz leads AS, r2_d2 plays 7S -> rootbotz wins
  Trick  2: rootbotz leads AC, r2_d2 plays 7D -> rootbotz wins
  Trick  3: rootbotz leads 8C, r2_d2 plays 8H -> rootbotz wins
  Trick  4: rootbotz leads 9C, r2_d2 plays 9D -> rootbotz wins
  Trick  5: rootbotz leads 10C, r2_d2 plays 10D -> rootbotz wins
  Trick  6: rootbotz leads JC, r2_d2 plays JD -> rootbotz wins
  Trick  7: rootbotz leads QC, r2_d2 plays JS -> rootbotz wins
  Trick  8: rootbotz leads KC, r2_d2 plays QD -> rootbotz wins
  Trick  9: rootbotz leads QH, r2_d2 plays AH -> r2_d2 wins
  Trick 10: r2_d2 leads AD, rootbotz plays KD -> r2_d2 wins
  Trick 11: r2_d2 leads KS, rootbotz plays 7H -> r2_d2 wins
  Trick 12: r2_d2 leads QS, rootbotz plays KH -> r2_d2 wins
  Hand: r2_d2 +5 / rootbotz +40 (tricks 4-8)
  Match total: r2_d2 65 - 120 rootbotz
  Final: r2_d2 65 - 120 rootbotz
  Winner: rootbotz

============================================================
Game 54
============================================================
Players: rootbotz vs r2_d2
Dealer: rootbotz  |  Elder: r2_d2
Match scores: 0 - 0
Talon (8): 8C 10C KD JH KH 7S 8S QS
rootbotz hand: KC AC 7D JD AD 7H 8H QH 9S 10S KS AS
r2_d2 hand: 7C 9C JC QC 8D 9D 10D QD 9H 10H AH JS
  Exchange r2_d2: discard 7C 9C 9H 10H JS -> draw 8C 10C KD JH KH (talon 3 left)
  Exchange rootbotz: discard JD 7H QH -> draw 7S 8S QS (talon 0 left)

--- Phase: declare ---
  Declare point: rootbotz wins 7 pts (('point', 7, 'S'))
  Declare sequence: rootbotz wins 4 pts (('sequence', 4, 10, 'S'))
  Declare set: rootbotz wins 3 pts (('set', 3, 14))

--- Phase: tricks ---
  Trick  1: r2_d2 leads AH, rootbotz plays 8H -> r2_d2 wins
  Trick  2: r2_d2 leads KH, rootbotz plays 7D -> r2_d2 wins
  Trick  3: r2_d2 leads KD, rootbotz plays AD -> rootbotz wins
  Trick  4: rootbotz leads AS, r2_d2 plays 8C -> rootbotz wins
  Trick  5: rootbotz leads AC, r2_d2 plays 10C -> rootbotz wins
  Trick  6: rootbotz leads QS, r2_d2 plays 8D -> rootbotz wins
  Trick  7: rootbotz leads KS, r2_d2 plays 9D -> rootbotz wins
  Trick  8: rootbotz leads KC, r2_d2 plays JC -> rootbotz wins
  Trick  9: rootbotz leads 7S, r2_d2 plays 10D -> rootbotz wins
  Trick 10: rootbotz leads 8S, r2_d2 plays JH -> rootbotz wins
  Trick 11: rootbotz leads 9S, r2_d2 plays QC -> rootbotz wins
  Trick 12: rootbotz leads 10S, r2_d2 plays QD -> rootbotz wins
  Hand: rootbotz +35 / r2_d2 +2 (tricks 10-2)
  Match total: rootbotz 35 - 2 r2_d2
Players: rootbotz vs r2_d2
Dealer: r2_d2  |  Elder: rootbotz
Match scores: 35 - 2
Talon (8): 10C 7D 9D QD 7H JH QH 7S
rootbotz hand: 8C QC KC 8D JD AD 8H AH 9S 10S QS KS
r2_d2 hand: 7C 9C JC AC 10D KD 9H 10H KH 8S JS AS
  Exchange rootbotz: discard 8C 8D JD 8H 9S -> draw 9D QD 7H QH 7S (talon 3 left)
  Exchange r2_d2: discard 10D 9H 8S -> draw 10C 7D JH (talon 0 left)

--- Phase: declare ---
  Declare point: r2_d2 wins 5 pts (('point', 5, 'C'))
  Declare sequence: r2_d2 wins 3 pts (('sequence', 3, 11, 'C'))
  Declare set: rootbotz wins 14 pts (('set', 4, 12))

--- Phase: tricks ---
  Trick  1: rootbotz leads AH, r2_d2 plays 10H -> rootbotz wins
  Trick  2: rootbotz leads AD, r2_d2 plays 7D -> rootbotz wins
  Trick  3: rootbotz leads QS, r2_d2 plays AS -> r2_d2 wins
  Trick  4: r2_d2 leads AC, rootbotz plays QC -> r2_d2 wins
  Trick  5: r2_d2 leads KH, rootbotz plays 7H -> r2_d2 wins
  Trick  6: r2_d2 leads KD, rootbotz plays 9D -> r2_d2 wins
  Trick  7: r2_d2 leads JC, rootbotz plays KC -> rootbotz wins
  Trick  8: rootbotz leads QH, r2_d2 plays JH -> rootbotz wins
  Trick  9: rootbotz leads QD, r2_d2 plays 7C -> rootbotz wins
  Trick 10: rootbotz leads 7S, r2_d2 plays JS -> r2_d2 wins
  Trick 11: r2_d2 leads 10C, rootbotz plays 10S -> r2_d2 wins
  Trick 12: r2_d2 leads 9C, rootbotz plays KS -> r2_d2 wins
  Hand: rootbotz +19 / r2_d2 +26 (tricks 5-7)
  Match total: rootbotz 54 - 28 r2_d2
Players: rootbotz vs r2_d2
Dealer: rootbotz  |  Elder: r2_d2
Match scores: 54 - 28
Talon (8): 7C 8C 9D 9H AH 7S 8S KS
rootbotz hand: 9C JC QC AC 10D QD KD 10H JH KH 9S 10S
r2_d2 hand: 10C KC 7D 8D JD AD 7H 8H QH JS QS AS
  Exchange r2_d2: discard 10C 7H 8H JS QS -> draw 7C 8C 9D 9H AH (talon 3 left)
  Exchange rootbotz: discard QD KD 9S -> draw 7S 8S KS (talon 0 left)

--- Phase: declare ---
  Declare point: r2_d2 wins 5 pts (('point', 5, 'D'))
  Declare sequence: r2_d2 wins 3 pts (('sequence', 3, 9, 'D'))
  Declare set: r2_d2 wins 3 pts (('set', 3, 14))

--- Phase: tricks ---
  Trick  1: r2_d2 leads AD, rootbotz plays 10D -> r2_d2 wins
  Trick  2: r2_d2 leads AH, rootbotz plays 10H -> r2_d2 wins
  Trick  3: r2_d2 leads AS, rootbotz plays 7S -> r2_d2 wins
  Trick  4: r2_d2 leads JD, rootbotz plays 8S -> r2_d2 wins
  Trick  5: r2_d2 leads KC, rootbotz plays AC -> rootbotz wins
  Trick  6: rootbotz leads JC, r2_d2 plays 7C -> rootbotz wins
  Trick  7: rootbotz leads 9C, r2_d2 plays 8C -> rootbotz wins
  Trick  8: rootbotz leads QC, r2_d2 plays 7D -> rootbotz wins
  Trick  9: rootbotz leads 10S, r2_d2 plays 8D -> rootbotz wins
  Trick 10: rootbotz leads JH, r2_d2 plays QH -> r2_d2 wins
  Trick 11: r2_d2 leads 9H, rootbotz plays KH -> rootbotz wins
  Trick 12: rootbotz leads KS, r2_d2 plays 9D -> rootbotz wins
  Hand: rootbotz +18 / r2_d2 +16 (tricks 7-5)
  Match total: rootbotz 72 - 44 r2_d2
Players: rootbotz vs r2_d2
Dealer: r2_d2  |  Elder: rootbotz
Match scores: 72 - 44
Talon (8): QC 8D 9D 10D 7S JS KS AS
rootbotz hand: 8C JC KC AC JD KD 8H 9H JH QH AH QS
r2_d2 hand: 7C 9C 10C 7D QD AD 7H 10H KH 8S 9S 10S
  Exchange rootbotz: discard KD 8H 9H QS -> draw QC 9D 10D 7S (talon 4 left)
  Exchange r2_d2: discard 7C 9C 7D 7H -> draw 8D JS KS AS (talon 0 left)

--- Phase: declare ---
  Declare point: r2_d2 wins 6 pts (('point', 6, 'S'))
  Declare sequence: rootbotz wins 4 pts (('sequence', 4, 14, 'C'))
  Declare set: rootbotz wins 3 pts (('set', 3, 11))

--- Phase: tricks ---
  Trick  1: rootbotz leads AH, r2_d2 plays 10H -> rootbotz wins
  Trick  2: rootbotz leads AC, r2_d2 plays 10C -> rootbotz wins
  Trick  3: rootbotz leads JC, r2_d2 plays 8D -> rootbotz wins
  Trick  4: rootbotz leads QC, r2_d2 plays 8S -> rootbotz wins
  Trick  5: rootbotz leads KC, r2_d2 plays 9S -> rootbotz wins
  Trick  6: rootbotz leads JH, r2_d2 plays KH -> r2_d2 wins
  Trick  7: r2_d2 leads AS, rootbotz plays 7S -> r2_d2 wins
  Trick  8: r2_d2 leads AD, rootbotz plays 9D -> r2_d2 wins
  Trick  9: r2_d2 leads KS, rootbotz plays 8C -> r2_d2 wins
  Trick 10: r2_d2 leads JS, rootbotz plays 10D -> r2_d2 wins
  Trick 11: r2_d2 leads QD, rootbotz plays JD -> r2_d2 wins
  Trick 12: r2_d2 leads 10S, rootbotz plays QH -> r2_d2 wins
  Hand: rootbotz +12 / r2_d2 +24 (tricks 5-7)
  Match total: rootbotz 84 - 68 r2_d2
Players: rootbotz vs r2_d2
Dealer: rootbotz  |  Elder: r2_d2
Match scores: 84 - 68
Talon (8): 7C KC QD 7H 9H 9S 10S KS
rootbotz hand: 8C 10C JC AC 7D 10D AD 8H KH AH QS AS
r2_d2 hand: 9C QC 8D 9D JD KD 10H JH QH 7S 8S JS
  Exchange r2_d2: discard 9C QC 7S 8S -> draw 7C QD 7H 9S (talon 4 left)
  Exchange rootbotz: discard 7D 10D 8H QS -> draw KC 9H 10S KS (talon 0 left)

--- Phase: declare ---
  Declare point: rootbotz wins 5 pts (('point', 5, 'C'))
  Declare sequence: r2_d2 wins 3 pts (('sequence', 3, 13, 'D'))
  Declare set: rootbotz wins 14 pts (('set', 4, 14))

--- Phase: tricks ---
  Trick  1: r2_d2 leads KD, rootbotz plays AD -> rootbotz wins
  Trick  2: rootbotz leads AS, r2_d2 plays 9S -> rootbotz wins
  Trick  3: rootbotz leads AH, r2_d2 plays 7H -> rootbotz wins
  Trick  4: rootbotz leads AC, r2_d2 plays 7C -> rootbotz wins
  Trick  5: rootbotz leads KS, r2_d2 plays JS -> rootbotz wins
  Trick  6: rootbotz leads KH, r2_d2 plays 10H -> rootbotz wins
  Trick  7: rootbotz leads KC, r2_d2 plays 8D -> rootbotz wins
  Trick  8: rootbotz leads 8C, r2_d2 plays 9D -> rootbotz wins
  Trick  9: rootbotz leads 10C, r2_d2 plays JD -> rootbotz wins
  Trick 10: rootbotz leads JC, r2_d2 plays JH -> rootbotz wins
  Trick 11: rootbotz leads 9H, r2_d2 plays QH -> r2_d2 wins
  Trick 12: r2_d2 leads QD, rootbotz plays 10S -> r2_d2 wins
  Hand: rootbotz +39 / r2_d2 +6 (tricks 10-2)
  Match total: rootbotz 123 - 74 r2_d2
  Final: rootbotz 123 - 74 r2_d2
  Winner: rootbotz

============================================================
Game 55
============================================================
Players: r2_d2 vs rootbotz
Dealer: r2_d2  |  Elder: rootbotz
Match scores: 0 - 0
Talon (8): 9C JC KC 8D AD QH 7S 8S
r2_d2 hand: 10C AC 7D 10D JD KD 7H 9H 9S 10S JS QS
rootbotz hand: 7C 8C QC 9D QD 8H 10H JH KH AH KS AS
  Exchange rootbotz: discard 7C 8C 9D QD 8H -> draw 9C KC 8D 7S 8S (talon 3 left)
  Exchange r2_d2: discard 7D 7H 9H -> draw JC AD QH (talon 0 left)

--- Phase: declare ---
  Declare sequence: r2_d2 wins 4 pts (('sequence', 4, 12, 'S'))
  Declare set: rootbotz wins 3 pts (('set', 3, 13))

--- Phase: tricks ---
  Trick  1: rootbotz leads AS, r2_d2 plays 9S -> rootbotz wins
  Trick  2: rootbotz leads AH, r2_d2 plays QH -> rootbotz wins
  Trick  3: rootbotz leads KS, r2_d2 plays 10S -> rootbotz wins
  Trick  4: rootbotz leads KH, r2_d2 plays 10C -> rootbotz wins
  Trick  5: rootbotz leads 10H, r2_d2 plays 10D -> rootbotz wins
  Trick  6: rootbotz leads JH, r2_d2 plays JC -> rootbotz wins
  Trick  7: rootbotz leads QC, r2_d2 plays AC -> r2_d2 wins
  Trick  8: r2_d2 leads AD, rootbotz plays 8D -> r2_d2 wins
  Trick  9: r2_d2 leads KD, rootbotz plays 7S -> r2_d2 wins
  Trick 10: r2_d2 leads QS, rootbotz plays 8S -> r2_d2 wins
  Trick 11: r2_d2 leads JD, rootbotz plays 9C -> r2_d2 wins
  Trick 12: r2_d2 leads JS, rootbotz plays KC -> r2_d2 wins
  Hand: r2_d2 +11 / rootbotz +9 (tricks 6-6)
  Match total: r2_d2 11 - 9 rootbotz
Players: r2_d2 vs rootbotz
Dealer: rootbotz  |  Elder: r2_d2
Match scores: 11 - 9
Talon (8): 10C QC 8D 10D QD JH QH AS
r2_d2 hand: 8C 9C JC AC JD AD 9H 10H KH 7S 10S JS
rootbotz hand: 7C KC 7D 9D KD 7H 8H AH 8S 9S QS KS
  Exchange r2_d2: discard 9H 10H 7S 10S -> draw 10C 8D 10D QH (talon 4 left)
  Exchange rootbotz: discard 7C 7D 7H 8H -> draw QC QD JH AS (talon 0 left)

--- Phase: declare ---
  Declare sequence: r2_d2 wins 4 pts (('sequence', 4, 11, 'C'))
  Declare set: rootbotz wins 3 pts (('set', 3, 13))

--- Phase: tricks ---
  Trick  1: r2_d2 leads AC, rootbotz plays QC -> r2_d2 wins
  Trick  2: r2_d2 leads AD, rootbotz plays 9D -> r2_d2 wins
  Trick  3: r2_d2 leads JC, rootbotz plays KC -> rootbotz wins
  Trick  4: rootbotz leads AS, r2_d2 plays JS -> rootbotz wins
  Trick  5: rootbotz leads AH, r2_d2 plays QH -> rootbotz wins
  Trick  6: rootbotz leads QS, r2_d2 plays 8C -> rootbotz wins
  Trick  7: rootbotz leads JH, r2_d2 plays KH -> r2_d2 wins
  Trick  8: r2_d2 leads JD, rootbotz plays QD -> rootbotz wins
  Trick  9: rootbotz leads KS, r2_d2 plays 8D -> rootbotz wins
  Trick 10: rootbotz leads KD, r2_d2 plays 10D -> rootbotz wins
  Trick 11: rootbotz leads 8S, r2_d2 plays 9C -> rootbotz wins
  Trick 12: rootbotz leads 9S, r2_d2 plays 10C -> rootbotz wins
  Hand: r2_d2 +7 / rootbotz +23 (tricks 3-9)
  Match total: r2_d2 18 - 32 rootbotz
Players: r2_d2 vs rootbotz
Dealer: r2_d2  |  Elder: rootbotz
Match scores: 18 - 32
Talon (8): 7C 8C KC 8D KH 9S QS KS
r2_d2 hand: 9C QC AC 7D 9D KD AD 10H QH 7S 10S JS
rootbotz hand: 10C JC 10D JD QD 7H 8H 9H JH AH 8S AS
  Exchange rootbotz: discard 10C 10D QD 8S -> draw 8C KC 8D QS (talon 4 left)
  Exchange r2_d2: discard 9C 10H 7S 10S -> draw 7C KH 9S KS (talon 0 left)

--- Phase: declare ---
  Declare point: rootbotz wins 5 pts (('point', 5, 'H'))
  Declare sequence: rootbotz wins 3 pts (('sequence', 3, 9, 'H'))
  Declare set: r2_d2 wins 3 pts (('set', 3, 13))

--- Phase: tricks ---
  Trick  1: rootbotz leads AS, r2_d2 plays 9S -> rootbotz wins
  Trick  2: rootbotz leads AH, r2_d2 plays QH -> rootbotz wins
  Trick  3: rootbotz leads KC, r2_d2 plays AC -> r2_d2 wins
  Trick  4: r2_d2 leads AD, rootbotz plays 8D -> r2_d2 wins
  Trick  5: r2_d2 leads KD, rootbotz plays JD -> r2_d2 wins
  Trick  6: r2_d2 leads KS, rootbotz plays QS -> r2_d2 wins
  Trick  7: r2_d2 leads QC, rootbotz plays 8C -> r2_d2 wins
  Trick  8: r2_d2 leads KH, rootbotz plays 7H -> r2_d2 wins
  Trick  9: r2_d2 leads 9D, rootbotz plays 8H -> r2_d2 wins
  Trick 10: r2_d2 leads JS, rootbotz plays 9H -> r2_d2 wins
  Trick 11: r2_d2 leads 7D, rootbotz plays JH -> r2_d2 wins
  Trick 12: r2_d2 leads 7C, rootbotz plays JC -> rootbotz wins
  Hand: r2_d2 +22 / rootbotz +12 (tricks 9-3)
  Match total: r2_d2 40 - 44 rootbotz
Players: r2_d2 vs rootbotz
Dealer: rootbotz  |  Elder: r2_d2
Match scores: 40 - 44
Talon (8): 10C JC 7D QD 7H 9H QH KH
r2_d2 hand: QC AC 8D 9D JD KD JH AH 7S 8S JS KS
rootbotz hand: 7C 8C 9C KC 10D AD 8H 10H 9S 10S QS AS
  Exchange r2_d2: discard QC 7S 8S -> draw 10C JC 7D (talon 5 left)
  Exchange rootbotz: discard 10D 8H 10H 9S 10S -> draw QD 7H 9H QH KH (talon 0 left)

--- Phase: declare ---
  Declare point: r2_d2 wins 5 pts (('point', 5, 'D'))
  Declare set: rootbotz wins 3 pts (('set', 3, 12))

--- Phase: tricks ---
  Trick  1: r2_d2 leads AC, rootbotz plays 7C -> r2_d2 wins
  Trick  2: r2_d2 leads AH, rootbotz plays 7H -> r2_d2 wins
  Trick  3: r2_d2 leads KD, rootbotz plays AD -> rootbotz wins
  Trick  4: rootbotz leads AS, r2_d2 plays JS -> rootbotz wins
  Trick  5: rootbotz leads QH, r2_d2 plays JH -> rootbotz wins
  Trick  6: rootbotz leads QS, r2_d2 plays KS -> r2_d2 wins
  Trick  7: r2_d2 leads JD, rootbotz plays QD -> rootbotz wins
  Trick  8: rootbotz leads KH, r2_d2 plays 7D -> rootbotz wins
  Trick  9: rootbotz leads KC, r2_d2 plays 10C -> rootbotz wins
  Trick 10: rootbotz leads 8C, r2_d2 plays JC -> r2_d2 wins
  Trick 11: r2_d2 leads 9D, rootbotz plays 9C -> r2_d2 wins
  Trick 12: r2_d2 leads 8D, rootbotz plays 9H -> r2_d2 wins
  Hand: r2_d2 +12 / rootbotz +9 (tricks 6-6)
  Match total: r2_d2 52 - 53 rootbotz
Players: r2_d2 vs rootbotz
Dealer: r2_d2  |  Elder: rootbotz
Match scores: 52 - 53
Talon (8): 8C JC 9D KD 8H 9H QH KH
r2_d2 hand: 10C QC 8D JD 7H 10H 7S 9S 10S JS KS AS
rootbotz hand: 7C 9C KC AC 7D 10D QD AD JH AH 8S QS
  Exchange rootbotz: discard 7C 9C JH 8S QS -> draw 8C JC 9D KD 8H (talon 3 left)
  Exchange r2_d2: discard 8D JD 7H -> draw 9H QH KH (talon 0 left)

--- Phase: declare ---
  Declare sequence: rootbotz wins 3 pts (('sequence', 3, 14, 'D'))
  Declare set: rootbotz wins 3 pts (('set', 3, 14))

--- Phase: tricks ---
  Trick  1: rootbotz leads AH, r2_d2 plays 9H -> rootbotz wins
  Trick  2: rootbotz leads AD, r2_d2 plays 7S -> rootbotz wins
  Trick  3: rootbotz leads AC, r2_d2 plays 10C -> rootbotz wins
  Trick  4: rootbotz leads QD, r2_d2 plays 9S -> rootbotz wins
  Trick  5: rootbotz leads KD, r2_d2 plays 10H -> rootbotz wins
  Trick  6: rootbotz leads KC, r2_d2 plays QC -> rootbotz wins
  Trick  7: rootbotz leads 9D, r2_d2 plays 10S -> rootbotz wins
  Trick  8: rootbotz leads 10D, r2_d2 plays JS -> rootbotz wins
  Trick  9: rootbotz leads JC, r2_d2 plays QH -> rootbotz wins
  Trick 10: rootbotz leads 7D, r2_d2 plays KH -> rootbotz wins
  Trick 11: rootbotz leads 8C, r2_d2 plays KS -> rootbotz wins
  Trick 12: rootbotz leads 8H, r2_d2 plays AS -> rootbotz wins
  Hand: r2_d2 +0 / rootbotz +89 (tricks 0-12)
  Match total: r2_d2 52 - 142 rootbotz
  Final: r2_d2 52 - 142 rootbotz
  Winner: rootbotz

============================================================
Game 56
============================================================
Players: rootbotz vs r2_d2
Dealer: rootbotz  |  Elder: r2_d2
Match scores: 0 - 0
Talon (8): 7C 8C 8D 7H JH QH JS QS
rootbotz hand: JC KC 10D JD QD KD 8H 9H 10H AH 10S KS
r2_d2 hand: 9C 10C QC AC 7D 9D AD KH 7S 8S 9S AS
  Exchange r2_d2: discard 9C 10C QC 7D 9D -> draw 7C 8C 7H QH JS (talon 3 left)
  Exchange rootbotz: discard JC 10H 10S -> draw 8D JH QS (talon 0 left)

--- Phase: declare ---
  Declare point: rootbotz wins 5 pts (('point', 5, 'D'))
  Declare sequence: rootbotz wins 4 pts (('sequence', 4, 13, 'D'))
  Declare set: r2_d2 wins 3 pts (('set', 3, 14))

--- Phase: tricks ---
  Trick  1: r2_d2 leads AS, rootbotz plays QS -> r2_d2 wins
  Trick  2: r2_d2 leads AC, rootbotz plays KC -> r2_d2 wins
  Trick  3: r2_d2 leads AD, rootbotz plays 8D -> r2_d2 wins
  Trick  4: r2_d2 leads JS, rootbotz plays KS -> rootbotz wins
  Trick  5: rootbotz leads AH, r2_d2 plays 7H -> rootbotz wins
  Trick  6: rootbotz leads 8H, r2_d2 plays QH -> r2_d2 wins
  Trick  7: r2_d2 leads KH, rootbotz plays 9H -> r2_d2 wins
  Trick  8: r2_d2 leads 9S, rootbotz plays 10D -> r2_d2 wins
  Trick  9: r2_d2 leads 8C, rootbotz plays JH -> r2_d2 wins
  Trick 10: r2_d2 leads 8S, rootbotz plays JD -> r2_d2 wins
  Trick 11: r2_d2 leads 7C, rootbotz plays QD -> r2_d2 wins
  Trick 12: r2_d2 leads 7S, rootbotz plays KD -> r2_d2 wins
  Hand: rootbotz +11 / r2_d2 +24 (tricks 2-10)
  Match total: rootbotz 11 - 24 r2_d2
Players: rootbotz vs r2_d2
Dealer: r2_d2  |  Elder: rootbotz
Match scores: 11 - 24
Talon (8): 8D 9D 10D QD 9H KH 7S KS
rootbotz hand: 8C 9C QC AD 8H 10H JH QH AH 8S JS QS
r2_d2 hand: 7C 10C JC KC AC 7D JD KD 7H 9S 10S AS
  Exchange rootbotz: discard 8C 9C AD 8S JS -> draw 8D 9D 10D QD 7S (talon 3 left)
  Exchange r2_d2: discard 7D 7H 9S -> draw 9H KH KS (talon 0 left)

--- Phase: declare ---
  Declare point: rootbotz wins 5 pts (('point', 5, 'H'))
  Declare sequence: rootbotz wins 3 pts (('sequence', 3, 12, 'H'))
  Declare set: r2_d2 wins 14 pts (('set', 4, 13))

--- Phase: tricks ---
  Trick  1: rootbotz leads AH, r2_d2 plays 9H -> rootbotz wins
  Trick  2: rootbotz leads 10H, r2_d2 plays KH -> r2_d2 wins
  Trick  3: r2_d2 leads AC, rootbotz plays QC -> r2_d2 wins
  Trick  4: r2_d2 leads AS, rootbotz plays 7S -> r2_d2 wins
  Trick  5: r2_d2 leads KC, rootbotz plays 8H -> r2_d2 wins
  Trick  6: r2_d2 leads KS, rootbotz plays QS -> r2_d2 wins
  Trick  7: r2_d2 leads JC, rootbotz plays 8D -> r2_d2 wins
  Trick  8: r2_d2 leads KD, rootbotz plays 9D -> r2_d2 wins
  Trick  9: r2_d2 leads 10C, rootbotz plays 10D -> r2_d2 wins
  Trick 10: r2_d2 leads JD, rootbotz plays QD -> rootbotz wins
  Trick 11: rootbotz leads JH, r2_d2 plays 7C -> rootbotz wins
  Trick 12: rootbotz leads QH, r2_d2 plays 10S -> rootbotz wins
  Hand: rootbotz +13 / r2_d2 +32 (tricks 4-8)
  Match total: rootbotz 24 - 56 r2_d2
Players: rootbotz vs r2_d2
Dealer: rootbotz  |  Elder: r2_d2
Match scores: 24 - 56
Talon (8): JC AC KD AD 9H 10S KS AS
rootbotz hand: 7C 9C 10C QC 7D 9D 8H KH AH 8S 9S QS
r2_d2 hand: 8C KC 8D 10D JD QD 7H 10H JH QH 7S JS
  Exchange r2_d2: discard 8C 7H 7S -> draw AC 9H AS (talon 5 left)
  Exchange rootbotz: discard 7C 7D 9D 8S 9S -> draw JC KD AD 10S KS (talon 0 left)

--- Phase: declare ---
  Declare set: rootbotz wins 3 pts (('set', 3, 13))

--- Phase: tricks ---
  Trick  1: r2_d2 leads AS, rootbotz plays 10S -> r2_d2 wins
  Trick  2: r2_d2 leads AC, rootbotz plays 9C -> r2_d2 wins
  Trick  3: r2_d2 leads KC, rootbotz plays 10C -> r2_d2 wins
  Trick  4: r2_d2 leads QH, rootbotz plays KH -> rootbotz wins
  Trick  5: rootbotz leads AH, r2_d2 plays 9H -> rootbotz wins
  Trick  6: rootbotz leads AD, r2_d2 plays 8D -> rootbotz wins
  Trick  7: rootbotz leads JC, r2_d2 plays 10H -> rootbotz wins
  Trick  8: rootbotz leads QS, r2_d2 plays JS -> rootbotz wins
  Trick  9: rootbotz leads QC, r2_d2 plays 10D -> rootbotz wins
  Trick 10: rootbotz leads KS, r2_d2 plays JH -> rootbotz wins
  Trick 11: rootbotz leads KD, r2_d2 plays JD -> rootbotz wins
  Trick 12: rootbotz leads 8H, r2_d2 plays QD -> rootbotz wins
  Hand: rootbotz +23 / r2_d2 +3 (tricks 9-3)
  Match total: rootbotz 47 - 59 r2_d2
Players: rootbotz vs r2_d2
Dealer: r2_d2  |  Elder: rootbotz
Match scores: 47 - 59
Talon (8): 9C JC QC KC QH KH AH 9S
rootbotz hand: 7C 8C 10C 8D 9D KD 7H 8H JH 7S KS AS
r2_d2 hand: AC 7D 10D JD QD AD 9H 10H 8S 10S JS QS
  Exchange rootbotz: discard 7C 8C 10C 7H 7S -> draw 9C JC QC AH 9S (talon 3 left)
  Exchange r2_d2: discard 9H 8S -> draw KC QH (talon 1 left)

--- Phase: declare ---
  Declare point: r2_d2 wins 5 pts (('point', 5, 'D'))
  Declare sequence: r2_d2 wins 3 pts (('sequence', 3, 12, 'D'))
  Declare set: r2_d2 wins 3 pts (('set', 3, 12))

--- Phase: tricks ---
  Trick  1: rootbotz leads AS, r2_d2 plays 10S -> rootbotz wins
  Trick  2: rootbotz leads AH, r2_d2 plays 10H -> rootbotz wins
  Trick  3: rootbotz leads KS, r2_d2 plays JS -> rootbotz wins
  Trick  4: rootbotz leads KD, r2_d2 plays AD -> r2_d2 wins
  Trick  5: r2_d2 leads AC, rootbotz plays 9C -> r2_d2 wins
  Trick  6: r2_d2 leads QD, rootbotz plays 8D -> r2_d2 wins
  Trick  7: r2_d2 leads KC, rootbotz plays JC -> r2_d2 wins
  Trick  8: r2_d2 leads QS, rootbotz plays 9S -> r2_d2 wins
  Trick  9: r2_d2 leads JD, rootbotz plays 9D -> r2_d2 wins
  Trick 10: r2_d2 leads 10D, rootbotz plays 8H -> r2_d2 wins
  Trick 11: r2_d2 leads QH, rootbotz plays JH -> r2_d2 wins
  Trick 12: r2_d2 leads 7D, rootbotz plays QC -> r2_d2 wins
  Hand: rootbotz +3 / r2_d2 +31 (tricks 3-9)
  Match total: rootbotz 50 - 90 r2_d2
Players: rootbotz vs r2_d2
Dealer: rootbotz  |  Elder: r2_d2
Match scores: 50 - 90
Talon (8): 9C 10D QD 9H 10H 7S JS AS
rootbotz hand: QC KC AC 7D 9D AD 7H JH KH AH QS KS
r2_d2 hand: 7C 8C 10C JC 8D JD KD 8H QH 8S 9S 10S
  Exchange r2_d2: discard 8D 8H 8S 9S 10S -> draw 9C 9H 10H 7S AS (talon 3 left)
  Exchange rootbotz: discard 7D 7H QS -> draw 10D QD JS (talon 0 left)

--- Phase: declare ---
  Declare point: r2_d2 wins 5 pts (('point', 5, 'C'))
  Declare sequence: r2_d2 wins 10 pts (('sequence', 5, 11, 'C'))
  Declare set: rootbotz wins 3 pts (('set', 3, 14))

--- Phase: tricks ---
  Trick  1: r2_d2 leads AS, rootbotz plays JS -> r2_d2 wins
  Trick  2: r2_d2 leads JC, rootbotz plays QC -> rootbotz wins
  Trick  3: rootbotz leads AH, r2_d2 plays 9H -> rootbotz wins
  Trick  4: rootbotz leads AD, r2_d2 plays JD -> rootbotz wins
  Trick  5: rootbotz leads AC, r2_d2 plays 7C -> rootbotz wins
  Trick  6: rootbotz leads KS, r2_d2 plays 7S -> rootbotz wins
  Trick  7: rootbotz leads KH, r2_d2 plays 10H -> rootbotz wins
  Trick  8: rootbotz leads 9D, r2_d2 plays KD -> r2_d2 wins
  Trick  9: r2_d2 leads QH, rootbotz plays JH -> r2_d2 wins
  Trick 10: r2_d2 leads 10C, rootbotz plays KC -> rootbotz wins
  Trick 11: rootbotz leads 10D, r2_d2 plays 8C -> rootbotz wins
  Trick 12: rootbotz leads QD, r2_d2 plays 9C -> rootbotz wins
  Hand: rootbotz +23 / r2_d2 +18 (tricks 9-3)
  Match total: rootbotz 73 - 108 r2_d2
  Final: rootbotz 73 - 108 r2_d2
  Winner: r2_d2

============================================================
Game 57
============================================================
Players: r2_d2 vs rootbotz
Dealer: r2_d2  |  Elder: rootbotz
Match scores: 0 - 0
Talon (8): 9C 10C QC KD AD 8H QH QS
r2_d2 hand: 7C 8C KC 8D 10D JD QD 7H 9H 10H KH KS
rootbotz hand: JC AC 7D 9D JH AH 7S 8S 9S 10S JS AS
  Exchange rootbotz: discard JC 7D 9D JH -> draw 9C KD QH QS (talon 4 left)
  Exchange r2_d2: discard 7C 8C 7H 9H -> draw 10C QC AD 8H (talon 0 left)

--- Phase: declare ---
  Declare point: rootbotz wins 7 pts (('point', 7, 'S'))
  Declare sequence: rootbotz wins 11 pts (('sequence', 6, 12, 'S'))
  Declare set: rootbotz wins 3 pts (('set', 3, 14))

--- Phase: tricks ---
  Trick  1: rootbotz leads AS, r2_d2 plays KS -> rootbotz wins
  Trick  2: rootbotz leads AH, r2_d2 plays 8H -> rootbotz wins
  Trick  3: rootbotz leads AC, r2_d2 plays 10C -> rootbotz wins
  Trick  4: rootbotz leads 7S, r2_d2 plays 8D -> rootbotz wins
  Trick  5: rootbotz leads 8S, r2_d2 plays 10H -> rootbotz wins
  Trick  6: rootbotz leads 9S, r2_d2 plays 10D -> rootbotz wins
  Trick  7: rootbotz leads 10S, r2_d2 plays JD -> rootbotz wins
  Trick  8: rootbotz leads JS, r2_d2 plays QC -> rootbotz wins
  Trick  9: rootbotz leads QS, r2_d2 plays QD -> rootbotz wins
  Trick 10: rootbotz leads QH, r2_d2 plays KH -> r2_d2 wins
  Trick 11: r2_d2 leads AD, rootbotz plays KD -> r2_d2 wins
  Trick 12: r2_d2 leads KC, rootbotz plays 9C -> r2_d2 wins
  Hand: r2_d2 +4 / rootbotz +40 (tricks 3-9)
  Match total: r2_d2 4 - 40 rootbotz
Players: r2_d2 vs rootbotz
Dealer: rootbotz  |  Elder: r2_d2
Match scores: 4 - 40
Talon (8): 7C JC QC KC AC 10D JH 9S
r2_d2 hand: 8C 9C 7D JD AD 8H 9H QH AH QS KS AS
rootbotz hand: 10C 8D 9D QD KD 7H 10H KH 7S 8S 10S JS
  Exchange r2_d2: discard 8C 9C 7D JD -> draw QC KC AC 9S (talon 4 left)
  Exchange rootbotz: discard 8D 9D 7H KH -> draw 7C JC 10D JH (talon 0 left)

--- Phase: declare ---
  Declare point: r2_d2 wins 4 pts (('point', 4, 'S'))
  Declare sequence: r2_d2 wins 3 pts (('sequence', 3, 14, 'C'))
  Declare set: r2_d2 wins 14 pts (('set', 4, 14))

--- Phase: tricks ---
  Trick  1: r2_d2 leads AS, rootbotz plays 7S -> r2_d2 wins
  Trick  2: r2_d2 leads AH, rootbotz plays 10H -> r2_d2 wins
  Trick  3: r2_d2 leads AC, rootbotz plays 7C -> r2_d2 wins
  Trick  4: r2_d2 leads AD, rootbotz plays 10D -> r2_d2 wins
  Trick  5: r2_d2 leads KS, rootbotz plays 8S -> r2_d2 wins
  Trick  6: r2_d2 leads KC, rootbotz plays 10C -> r2_d2 wins
  Trick  7: r2_d2 leads QS, rootbotz plays 10S -> r2_d2 wins
  Trick  8: r2_d2 leads QC, rootbotz plays JC -> r2_d2 wins
  Trick  9: r2_d2 leads QH, rootbotz plays JH -> r2_d2 wins
  Trick 10: r2_d2 leads 9H, rootbotz plays JS -> r2_d2 wins
  Trick 11: r2_d2 leads 9S, rootbotz plays QD -> r2_d2 wins
  Trick 12: r2_d2 leads 8H, rootbotz plays KD -> r2_d2 wins
  Hand: r2_d2 +104 / rootbotz +0 (tricks 12-0)
  Match total: r2_d2 108 - 40 rootbotz
  Final: r2_d2 108 - 40 rootbotz
  Winner: r2_d2

============================================================
Game 58
============================================================
Players: rootbotz vs r2_d2
Dealer: rootbotz  |  Elder: r2_d2
Match scores: 0 - 0
Talon (8): 7D 10D AD 10H JH 9S JS KS
rootbotz hand: 7C 10C KC 8D 9D JD KD 7H QH KH 8S 10S
r2_d2 hand: 8C 9C JC QC AC QD 8H 9H AH 7S QS AS
  Exchange r2_d2: discard 8H 9H 7S -> draw 10H JH KS (talon 5 left)
  Exchange rootbotz: discard 7C 10C 9D 7H 8S -> draw 7D 10D AD 9S JS (talon 0 left)

--- Phase: declare ---
  Declare point: rootbotz wins 6 pts (('point', 6, 'D'))
  Declare sequence: r2_d2 wins 3 pts (('sequence', 3, 14, 'S'))
  Declare set: r2_d2 wins 3 pts (('set', 3, 14))

--- Phase: tricks ---
  Trick  1: r2_d2 leads AC, rootbotz plays KC -> r2_d2 wins
  Trick  2: r2_d2 leads AS, rootbotz plays 9S -> r2_d2 wins
  Trick  3: r2_d2 leads AH, rootbotz plays QH -> r2_d2 wins
  Trick  4: r2_d2 leads KS, rootbotz plays 10S -> r2_d2 wins
  Trick  5: r2_d2 leads QS, rootbotz plays JS -> r2_d2 wins
  Trick  6: r2_d2 leads QC, rootbotz plays 7D -> r2_d2 wins
  Trick  7: r2_d2 leads JC, rootbotz plays 8D -> r2_d2 wins
  Trick  8: r2_d2 leads JH, rootbotz plays KH -> rootbotz wins
  Trick  9: rootbotz leads AD, r2_d2 plays QD -> rootbotz wins
  Trick 10: rootbotz leads 10D, r2_d2 plays 8C -> rootbotz wins
  Trick 11: rootbotz leads JD, r2_d2 plays 9C -> rootbotz wins
  Trick 12: rootbotz leads KD, r2_d2 plays 10H -> rootbotz wins
  Hand: rootbotz +12 / r2_d2 +23 (tricks 5-7)
  Match total: rootbotz 12 - 23 r2_d2
Players: rootbotz vs r2_d2
Dealer: r2_d2  |  Elder: rootbotz
Match scores: 12 - 23
Talon (8): 8C 9D AD 7H KH AH 9S 10S
rootbotz hand: 9C JC QC AC 7D 8D 10D QD 9H QH 7S KS
r2_d2 hand: 7C 10C KC JD KD 8H 10H JH 8S JS QS AS
  Exchange rootbotz: discard 7D 8D 10D 7S KS -> draw 8C 9D 7H 9S 10S (talon 3 left)
  Exchange r2_d2: discard 7C 10C 8H -> draw AD KH AH (talon 0 left)

--- Phase: declare ---
  Declare point: rootbotz wins 5 pts (('point', 5, 'C'))
  Declare set: r2_d2 wins 3 pts (('set', 3, 14))

--- Phase: tricks ---
  Trick  1: rootbotz leads AC, r2_d2 plays KC -> rootbotz wins
  Trick  2: rootbotz leads JC, r2_d2 plays 8S -> rootbotz wins
  Trick  3: rootbotz leads QC, r2_d2 plays 10H -> rootbotz wins
  Trick  4: rootbotz leads 8C, r2_d2 plays JD -> rootbotz wins
  Trick  5: rootbotz leads 9C, r2_d2 plays JH -> rootbotz wins
  Trick  6: rootbotz leads 9S, r2_d2 plays JS -> r2_d2 wins
  Trick  7: r2_d2 leads AS, rootbotz plays 10S -> r2_d2 wins
  Trick  8: r2_d2 leads AD, rootbotz plays 9D -> r2_d2 wins
  Trick  9: r2_d2 leads AH, rootbotz plays 7H -> r2_d2 wins
  Trick 10: r2_d2 leads KD, rootbotz plays QD -> r2_d2 wins
  Trick 11: r2_d2 leads KH, rootbotz plays 9H -> r2_d2 wins
  Trick 12: r2_d2 leads QS, rootbotz plays QH -> r2_d2 wins
  Hand: rootbotz +10 / r2_d2 +21 (tricks 5-7)
  Match total: rootbotz 22 - 44 r2_d2
Players: rootbotz vs r2_d2
Dealer: rootbotz  |  Elder: r2_d2
Match scores: 22 - 44
Talon (8): 10C QC QD AD 7H 9H QH 10S
rootbotz hand: 8C 9C 8D 9D 8H 10H JH KH AH 9S KS AS
r2_d2 hand: 7C JC KC AC 7D 10D JD KD 7S 8S JS QS
  Exchange r2_d2: discard 7D 10D 7S 8S QS -> draw 10C QC AD 7H 9H (talon 3 left)
  Exchange rootbotz: discard 9C 8D 9S -> draw QD QH 10S (talon 0 left)

--- Phase: declare ---
  Declare point: rootbotz wins 6 pts (('point', 6, 'H'))
  Declare set: r2_d2 wins 3 pts (('set', 3, 11))

--- Phase: tricks ---
  Trick  1: r2_d2 leads AC, rootbotz plays 8C -> r2_d2 wins
  Trick  2: r2_d2 leads AD, rootbotz plays 9D -> r2_d2 wins
  Trick  3: r2_d2 leads KC, rootbotz plays 8H -> r2_d2 wins
  Trick  4: r2_d2 leads QC, rootbotz plays 10S -> r2_d2 wins
  Trick  5: r2_d2 leads KD, rootbotz plays QD -> r2_d2 wins
  Trick  6: r2_d2 leads JC, rootbotz plays 10H -> r2_d2 wins
  Trick  7: r2_d2 leads 10C, rootbotz plays JH -> r2_d2 wins
  Trick  8: r2_d2 leads 9H, rootbotz plays QH -> rootbotz wins
  Trick  9: rootbotz leads AS, r2_d2 plays JS -> rootbotz wins
  Trick 10: rootbotz leads AH, r2_d2 plays 7H -> rootbotz wins
  Trick 11: rootbotz leads KS, r2_d2 plays 7C -> rootbotz wins
  Trick 12: rootbotz leads KH, r2_d2 plays JD -> rootbotz wins
  Hand: rootbotz +12 / r2_d2 +20 (tricks 5-7)
  Match total: rootbotz 34 - 64 r2_d2
Players: rootbotz vs r2_d2
Dealer: r2_d2  |  Elder: rootbotz
Match scores: 34 - 64
Talon (8): 8C 9C JC 7D AD JH AH 9S
rootbotz hand: 7C QC AC 8D JD KD 8H 10H KH 7S 8S 10S
r2_d2 hand: 10C KC 9D 10D QD 7H 9H QH JS QS KS AS
  Exchange rootbotz: discard 7C 8D JD 7S 10S -> draw 8C 9C 7D AD 9S (talon 3 left)
  Exchange r2_d2: discard 9D 7H 9H -> draw JC JH AH (talon 0 left)

--- Phase: declare ---
  Declare point: r2_d2 wins 4 pts (('point', 4, 'S'))
  Declare sequence: r2_d2 wins 4 pts (('sequence', 4, 14, 'S'))
  Declare set: r2_d2 wins 3 pts (('set', 3, 12))

--- Phase: tricks ---
  Trick  1: rootbotz leads AD, r2_d2 plays 10D -> rootbotz wins
  Trick  2: rootbotz leads AC, r2_d2 plays 10C -> rootbotz wins
  Trick  3: rootbotz leads KD, r2_d2 plays QD -> rootbotz wins
  Trick  4: rootbotz leads QC, r2_d2 plays KC -> r2_d2 wins
  Trick  5: r2_d2 leads AS, rootbotz plays 8S -> r2_d2 wins
  Trick  6: r2_d2 leads AH, rootbotz plays 8H -> r2_d2 wins
  Trick  7: r2_d2 leads KS, rootbotz plays 9S -> r2_d2 wins
  Trick  8: r2_d2 leads QS, rootbotz plays 7D -> r2_d2 wins
  Trick  9: r2_d2 leads QH, rootbotz plays KH -> rootbotz wins
  Trick 10: rootbotz leads 8C, r2_d2 plays JC -> r2_d2 wins
  Trick 11: r2_d2 leads JH, rootbotz plays 10H -> r2_d2 wins
  Trick 12: r2_d2 leads JS, rootbotz plays 9C -> r2_d2 wins
  Hand: rootbotz +4 / r2_d2 +30 (tricks 4-8)
  Match total: rootbotz 38 - 94 r2_d2
Players: rootbotz vs r2_d2
Dealer: rootbotz  |  Elder: r2_d2
Match scores: 38 - 94
Talon (8): 9C 10C AC 8D QD JH 7S QS
rootbotz hand: 7C 8C JC QC 7D 10D JD 7H 8H 10H JS KS
r2_d2 hand: KC 9D KD AD 9H QH KH AH 8S 9S 10S AS
  Exchange r2_d2: discard 9D 8S 9S 10S -> draw AC 8D JH QS (talon 4 left)
  Exchange rootbotz: discard 8C 7H 8H 10H -> draw 9C 10C QD 7S (talon 0 left)

--- Phase: declare ---
  Declare point: r2_d2 wins 5 pts (('point', 5, 'H'))
  Declare sequence: r2_d2 wins 4 pts (('sequence', 4, 14, 'H'))
  Declare set: r2_d2 wins 14 pts (('set', 4, 14))

--- Phase: tricks ---
  Trick  1: r2_d2 leads AH, rootbotz plays 7S -> r2_d2 wins
  Trick  2: r2_d2 leads AD, rootbotz plays 7D -> r2_d2 wins
  Trick  3: r2_d2 leads AS, rootbotz plays JS -> r2_d2 wins
  Trick  4: r2_d2 leads AC, rootbotz plays 7C -> r2_d2 wins
  Trick  5: r2_d2 leads KH, rootbotz plays 9C -> r2_d2 wins
  Trick  6: r2_d2 leads QH, rootbotz plays 10D -> r2_d2 wins
  Trick  7: r2_d2 leads KD, rootbotz plays JD -> r2_d2 wins
  Trick  8: r2_d2 leads KC, rootbotz plays 10C -> r2_d2 wins
  Trick  9: r2_d2 leads JH, rootbotz plays JC -> r2_d2 wins
  Trick 10: r2_d2 leads QS, rootbotz plays KS -> rootbotz wins
  Trick 11: rootbotz leads QD, r2_d2 plays 8D -> rootbotz wins
  Trick 12: rootbotz leads QC, r2_d2 plays 9H -> rootbotz wins
  Hand: rootbotz +4 / r2_d2 +42 (tricks 3-9)
  Match total: rootbotz 42 - 136 r2_d2
  Final: rootbotz 42 - 136 r2_d2
  Winner: r2_d2

============================================================
Game 59
============================================================
Players: r2_d2 vs rootbotz
Dealer: r2_d2  |  Elder: rootbotz
Match scores: 0 - 0
Talon (8): 7C 9C 10C 8D QD 9H 8S 9S
r2_d2 hand: 8C JC KC AC 7D JD AD 8H JH KH AH AS
rootbotz hand: QC 9D 10D KD 7H 10H QH 7S 10S JS QS KS
  Exchange rootbotz: discard 9D 10D KD 7H 10H -> draw 7C 9C 8D QD 9H (talon 3 left)
  Exchange r2_d2: discard 7D -> draw 10C (talon 2 left)

--- Phase: declare ---
  Declare point: r2_d2 wins 5 pts (('point', 5, 'C'))
  Declare sequence: rootbotz wins 4 pts (('sequence', 4, 13, 'S'))
  Declare set: r2_d2 wins 14 pts (('set', 4, 14))

--- Phase: tricks ---
  Trick  1: rootbotz leads 10S, r2_d2 plays AS -> r2_d2 wins
  Trick  2: r2_d2 leads AC, rootbotz plays 7C -> r2_d2 wins
  Trick  3: r2_d2 leads AH, rootbotz plays 9H -> r2_d2 wins
  Trick  4: r2_d2 leads AD, rootbotz plays 8D -> r2_d2 wins
  Trick  5: r2_d2 leads KC, rootbotz plays 9C -> r2_d2 wins
  Trick  6: r2_d2 leads KH, rootbotz plays QH -> r2_d2 wins
  Trick  7: r2_d2 leads JC, rootbotz plays QC -> rootbotz wins
  Trick  8: rootbotz leads 7S, r2_d2 plays 8C -> rootbotz wins
  Trick  9: rootbotz leads JS, r2_d2 plays 8H -> rootbotz wins
  Trick 10: rootbotz leads QS, r2_d2 plays 10C -> rootbotz wins
  Trick 11: rootbotz leads QD, r2_d2 plays JD -> rootbotz wins
  Trick 12: rootbotz leads KS, r2_d2 plays JH -> rootbotz wins
  Hand: r2_d2 +25 / rootbotz +11 (tricks 6-6)
  Match total: r2_d2 25 - 11 rootbotz
Players: r2_d2 vs rootbotz
Dealer: rootbotz  |  Elder: r2_d2
Match scores: 25 - 11
Talon (8): QD KD JH AH 7S 8S QS KS
r2_d2 hand: 7C 8C 10C JC KC JD 7H 8H QH 9S 10S AS
rootbotz hand: 9C QC AC 7D 8D 9D 10D AD 9H 10H KH JS
  Exchange r2_d2: discard JD 7H 8H 9S 10S -> draw QD KD JH AH QS (talon 3 left)
  Exchange rootbotz: discard 9C 9H KH -> draw 7S 8S KS (talon 0 left)

--- Phase: declare ---
  Declare sequence: rootbotz wins 4 pts (('sequence', 4, 10, 'D'))
  Declare set: r2_d2 wins 3 pts (('set', 3, 12))

--- Phase: tricks ---
  Trick  1: r2_d2 leads AH, rootbotz plays 10H -> r2_d2 wins
  Trick  2: r2_d2 leads AS, rootbotz plays 7S -> r2_d2 wins
  Trick  3: r2_d2 leads KC, rootbotz plays AC -> rootbotz wins
  Trick  4: rootbotz leads AD, r2_d2 plays QD -> rootbotz wins
  Trick  5: rootbotz leads KS, r2_d2 plays QS -> rootbotz wins
  Trick  6: rootbotz leads QC, r2_d2 plays 7C -> rootbotz wins
  Trick  7: rootbotz leads JS, r2_d2 plays 8C -> rootbotz wins
  Trick  8: rootbotz leads 7D, r2_d2 plays KD -> r2_d2 wins
  Trick  9: r2_d2 leads QH, rootbotz plays 8S -> r2_d2 wins
  Trick 10: r2_d2 leads JC, rootbotz plays 8D -> r2_d2 wins
  Trick 11: r2_d2 leads JH, rootbotz plays 9D -> r2_d2 wins
  Trick 12: r2_d2 leads 10C, rootbotz plays 10D -> r2_d2 wins
  Hand: r2_d2 +21 / rootbotz +9 (tricks 7-5)
  Match total: r2_d2 46 - 20 rootbotz
Players: r2_d2 vs rootbotz
Dealer: r2_d2  |  Elder: rootbotz
Match scores: 46 - 20
Talon (8): JC 8D QD 7H QH 7S 9S JS
r2_d2 hand: 7C KC AC 7D 9D 10D 8H 10H JH QS KS AS
rootbotz hand: 8C 9C 10C QC JD KD AD 9H KH AH 8S 10S
  Exchange rootbotz: discard JD 9H KH 8S 10S -> draw JC QD 7H QH 7S (talon 3 left)
  Exchange r2_d2: discard 7C 7D 8H -> draw 8D 9S JS (talon 0 left)

--- Phase: declare ---
  Declare point: r2_d2 wins 5 pts (('point', 5, 'S'))
  Declare sequence: rootbotz wins 10 pts (('sequence', 5, 12, 'C'))
  Declare set: rootbotz wins 3 pts (('set', 3, 12))

--- Phase: tricks ---
  Trick  1: rootbotz leads AH, r2_d2 plays 10H -> rootbotz wins
  Trick  2: rootbotz leads AD, r2_d2 plays 8D -> rootbotz wins
  Trick  3: rootbotz leads QH, r2_d2 plays JH -> rootbotz wins
  Trick  4: rootbotz leads QD, r2_d2 plays 9D -> rootbotz wins
  Trick  5: rootbotz leads KD, r2_d2 plays 10D -> rootbotz wins
  Trick  6: rootbotz leads 8C, r2_d2 plays KC -> r2_d2 wins
  Trick  7: r2_d2 leads AS, rootbotz plays 7S -> r2_d2 wins
  Trick  8: r2_d2 leads AC, rootbotz plays 9C -> r2_d2 wins
  Trick  9: r2_d2 leads KS, rootbotz plays 7H -> r2_d2 wins
  Trick 10: r2_d2 leads QS, rootbotz plays 10C -> r2_d2 wins
  Trick 11: r2_d2 leads JS, rootbotz plays JC -> r2_d2 wins
  Trick 12: r2_d2 leads 9S, rootbotz plays QC -> r2_d2 wins
  Hand: r2_d2 +23 / rootbotz +18 (tricks 7-5)
  Match total: r2_d2 69 - 38 rootbotz
Players: r2_d2 vs rootbotz
Dealer: rootbotz  |  Elder: r2_d2
Match scores: 69 - 38
Talon (8): 8C KC JD QD KD QH AH 7S
r2_d2 hand: 9C 10C JC 8D 9D AD 7H 8H JH 8S JS KS
rootbotz hand: 7C QC AC 7D 10D 9H 10H KH 9S 10S QS AS
  Exchange r2_d2: discard 8D 9D 7H 8H 8S -> draw 8C KC JD QH AH (talon 3 left)
  Exchange rootbotz: discard 7C QC 9H -> draw QD KD 7S (talon 0 left)

--- Phase: declare ---
  Declare sequence: r2_d2 wins 4 pts (('sequence', 4, 11, 'C'))
  Declare set: r2_d2 wins 14 pts (('set', 4, 11))

--- Phase: tricks ---
  Trick  1: r2_d2 leads AH, rootbotz plays 10H -> r2_d2 wins
  Trick  2: r2_d2 leads AD, rootbotz plays 7D -> r2_d2 wins
  Trick  3: r2_d2 leads KC, rootbotz plays AC -> rootbotz wins
  Trick  4: rootbotz leads AS, r2_d2 plays JS -> rootbotz wins
  Trick  5: rootbotz leads QD, r2_d2 plays JD -> rootbotz wins
  Trick  6: rootbotz leads QS, r2_d2 plays KS -> r2_d2 wins
  Trick  7: r2_d2 leads JC, rootbotz plays 7S -> r2_d2 wins
  Trick  8: r2_d2 leads 10C, rootbotz plays 9S -> r2_d2 wins
  Trick  9: r2_d2 leads QH, rootbotz plays KH -> rootbotz wins
  Trick 10: rootbotz leads KD, r2_d2 plays 8C -> rootbotz wins
  Trick 11: rootbotz leads 10S, r2_d2 plays 9C -> rootbotz wins
  Trick 12: rootbotz leads 10D, r2_d2 plays JH -> rootbotz wins
  Hand: r2_d2 +23 / rootbotz +18 (tricks 5-7)
  Match total: r2_d2 92 - 56 rootbotz
Players: r2_d2 vs rootbotz
Dealer: r2_d2  |  Elder: rootbotz
Match scores: 92 - 56
Talon (8): 7C QC KC KD JH KH JS KS
r2_d2 hand: 8C 9C 10C AC 7D JD 10H AH 7S 8S 10S QS
rootbotz hand: JC 8D 9D 10D QD AD 7H 8H 9H QH 9S AS
  Exchange rootbotz: discard JC 8H 9H QH 9S -> draw QC KD JH KH KS (talon 3 left)
  Exchange r2_d2: discard 7D 7S 8S -> draw 7C KC JS (talon 0 left)

--- Phase: declare ---
  Declare point: rootbotz wins 6 pts (('point', 6, 'D'))
  Declare sequence: r2_d2 wins 4 pts (('sequence', 4, 10, 'C'))
  Declare set: rootbotz wins 3 pts (('set', 3, 13))

--- Phase: tricks ---
  Trick  1: rootbotz leads AS, r2_d2 plays 10S -> rootbotz wins
  Trick  2: rootbotz leads AD, r2_d2 plays JD -> rootbotz wins
  Trick  3: rootbotz leads QD, r2_d2 plays 7C -> rootbotz wins
  Trick  4: rootbotz leads KS, r2_d2 plays JS -> rootbotz wins
  Trick  5: rootbotz leads KD, r2_d2 plays 8C -> rootbotz wins
  Trick  6: rootbotz leads 8D, r2_d2 plays 9C -> rootbotz wins
  Trick  7: rootbotz leads 9D, r2_d2 plays 10H -> rootbotz wins
  Trick  8: rootbotz leads 10D, r2_d2 plays 10C -> rootbotz wins
  Trick  9: rootbotz leads 7H, r2_d2 plays AH -> r2_d2 wins
  Trick 10: r2_d2 leads AC, rootbotz plays QC -> r2_d2 wins
  Trick 11: r2_d2 leads KC, rootbotz plays JH -> r2_d2 wins
  Trick 12: r2_d2 leads QS, rootbotz plays KH -> r2_d2 wins
  Hand: r2_d2 +9 / rootbotz +27 (tricks 4-8)
  Match total: r2_d2 101 - 83 rootbotz
  Final: r2_d2 101 - 83 rootbotz
  Winner: r2_d2

============================================================
Game 60
============================================================
Players: rootbotz vs r2_d2
Dealer: rootbotz  |  Elder: r2_d2
Match scores: 0 - 0
Talon (8): JC KD 9H QH 9S 10S JS QS
rootbotz hand: 7C 8C QC 7D 8D AD 7H 8H 10H JH KS AS
r2_d2 hand: 9C 10C KC AC 9D 10D JD QD KH AH 7S 8S
  Exchange r2_d2: discard 9C 10C 7S 8S -> draw KD QH 10S QS (talon 4 left)
  Exchange rootbotz: discard 7C 8C 7D 8D -> draw JC 9H 9S JS (talon 0 left)

--- Phase: declare ---
  Declare point: r2_d2 wins 5 pts (('point', 5, 'D'))
  Declare sequence: r2_d2 wins 10 pts (('sequence', 5, 13, 'D'))
  Declare set: r2_d2 wins 3 pts (('set', 3, 13))

--- Phase: tricks ---
  Trick  1: r2_d2 leads AH, rootbotz plays 7H -> r2_d2 wins
  Trick  2: r2_d2 leads AC, rootbotz plays JC -> r2_d2 wins
  Trick  3: r2_d2 leads KH, rootbotz plays 8H -> r2_d2 wins
  Trick  4: r2_d2 leads KC, rootbotz plays QC -> r2_d2 wins
  Trick  5: r2_d2 leads QH, rootbotz plays 9H -> r2_d2 wins
  Trick  6: r2_d2 leads KD, rootbotz plays AD -> rootbotz wins
  Trick  7: rootbotz leads AS, r2_d2 plays 10S -> rootbotz wins
  Trick  8: rootbotz leads 9S, r2_d2 plays QS -> r2_d2 wins
  Trick  9: r2_d2 leads QD, rootbotz plays 10H -> r2_d2 wins
  Trick 10: r2_d2 leads JD, rootbotz plays JH -> r2_d2 wins
  Trick 11: r2_d2 leads 10D, rootbotz plays JS -> r2_d2 wins
  Trick 12: r2_d2 leads 9D, rootbotz plays KS -> r2_d2 wins
  Hand: rootbotz +2 / r2_d2 +39 (tricks 2-10)
  Match total: rootbotz 2 - 39 r2_d2
Players: rootbotz vs r2_d2
Dealer: r2_d2  |  Elder: rootbotz
Match scores: 2 - 39
Talon (8): JC QC 8D 9D QD KD 9S QS
rootbotz hand: 7C 8C 10C KC JD 7H 8H JH QH AH 10S AS
r2_d2 hand: 9C AC 7D 10D AD 9H 10H KH 7S 8S JS KS
  Exchange rootbotz: discard 7C 8C 10C 8H 10S -> draw JC QC 8D KD QS (talon 3 left)
  Exchange r2_d2: discard 9C 7D 9H -> draw 9D QD 9S (talon 0 left)

--- Phase: declare ---
  Declare point: r2_d2 wins 5 pts (('point', 5, 'S'))
  Declare sequence: rootbotz wins 3 pts (('sequence', 3, 13, 'C'))
  Declare set: rootbotz wins 3 pts (('set', 3, 12))

--- Phase: tricks ---
  Trick  1: rootbotz leads AS, r2_d2 plays 7S -> rootbotz wins
  Trick  2: rootbotz leads AH, r2_d2 plays 10H -> rootbotz wins
  Trick  3: rootbotz leads JH, r2_d2 plays KH -> r2_d2 wins
  Trick  4: r2_d2 leads AD, rootbotz plays 8D -> r2_d2 wins
  Trick  5: r2_d2 leads AC, rootbotz plays JC -> r2_d2 wins
  Trick  6: r2_d2 leads KS, rootbotz plays QS -> r2_d2 wins
  Trick  7: r2_d2 leads QD, rootbotz plays KD -> rootbotz wins
  Trick  8: rootbotz leads JD, r2_d2 plays 9D -> rootbotz wins
  Trick  9: rootbotz leads QC, r2_d2 plays 8S -> rootbotz wins
  Trick 10: rootbotz leads KC, r2_d2 plays 9S -> rootbotz wins
  Trick 11: rootbotz leads QH, r2_d2 plays 10D -> rootbotz wins
  Trick 12: rootbotz leads 7H, r2_d2 plays JS -> rootbotz wins
  Hand: rootbotz +25 / r2_d2 +9 (tricks 8-4)
  Match total: rootbotz 27 - 48 r2_d2
Players: rootbotz vs r2_d2
Dealer: rootbotz  |  Elder: r2_d2
Match scores: 27 - 48
Talon (8): JC 9D 8H 9H 7S 8S 9S 10S
rootbotz hand: 7C 8C QC KC 7D 8D 10D QD QH KH JS QS
r2_d2 hand: 9C 10C AC JD KD AD 7H 10H JH AH KS AS
  Exchange r2_d2: discard 9C 10C JD -> draw 9D 8H 8S (talon 5 left)
  Exchange rootbotz: discard 7C 8C KH JS -> draw JC 7S 9S 10S (talon 1 left)

--- Phase: declare ---
  Declare point: r2_d2 wins 5 pts (('point', 5, 'H'))
  Declare sequence: rootbotz wins 3 pts (('sequence', 3, 13, 'C'))
  Declare set: r2_d2 wins 14 pts (('set', 4, 14))

--- Phase: tricks ---
  Trick  1: r2_d2 leads AH, rootbotz plays QH -> r2_d2 wins
  Trick  2: r2_d2 leads AD, rootbotz plays 7D -> r2_d2 wins
  Trick  3: r2_d2 leads AS, rootbotz plays 7S -> r2_d2 wins
  Trick  4: r2_d2 leads AC, rootbotz plays JC -> r2_d2 wins
  Trick  5: r2_d2 leads KD, rootbotz plays 8D -> r2_d2 wins
  Trick  6: r2_d2 leads KS, rootbotz plays 9S -> r2_d2 wins
  Trick  7: r2_d2 leads JH, rootbotz plays 10D -> r2_d2 wins
  Trick  8: r2_d2 leads 10H, rootbotz plays 10S -> r2_d2 wins
  Trick  9: r2_d2 leads 8H, rootbotz plays QD -> r2_d2 wins
  Trick 10: r2_d2 leads 9D, rootbotz plays QS -> r2_d2 wins
  Trick 11: r2_d2 leads 8S, rootbotz plays QC -> r2_d2 wins
  Trick 12: r2_d2 leads 7H, rootbotz plays KC -> r2_d2 wins
  Hand: rootbotz +3 / r2_d2 +102 (tricks 0-12)
  Match total: rootbotz 30 - 150 r2_d2
  Final: rootbotz 30 - 150 r2_d2
  Winner: r2_d2

============================================================
Game 61
============================================================
Players: r2_d2 vs rootbotz
Dealer: r2_d2  |  Elder: rootbotz
Match scores: 0 - 0
Talon (8): 7C 8D 9D JD 7H QH KH KS
r2_d2 hand: 8C 9C JC KC AC 10D KD AD 9H JH 10S AS
rootbotz hand: 10C QC 7D QD 8H 10H AH 7S 8S 9S JS QS
  Exchange rootbotz: discard 10C 7D 8H 10H AH -> draw 7C 9D JD QH KH (talon 3 left)
  Exchange r2_d2: discard 10D 9H 10S -> draw 8D 7H KS (talon 0 left)

--- Phase: declare ---
  Declare point: r2_d2 wins 5 pts (('point', 5, 'C'))
  Declare sequence: rootbotz wins 3 pts (('sequence', 3, 9, 'S'))
  Declare set: r2_d2 wins 3 pts (('set', 3, 14))

--- Phase: tricks ---
  Trick  1: rootbotz leads QH, r2_d2 plays 7H -> rootbotz wins
  Trick  2: rootbotz leads KH, r2_d2 plays JH -> rootbotz wins
  Trick  3: rootbotz leads JS, r2_d2 plays KS -> r2_d2 wins
  Trick  4: r2_d2 leads AC, rootbotz plays 7C -> r2_d2 wins
  Trick  5: r2_d2 leads AD, rootbotz plays 9D -> r2_d2 wins
  Trick  6: r2_d2 leads AS, rootbotz plays 7S -> r2_d2 wins
  Trick  7: r2_d2 leads KC, rootbotz plays QC -> r2_d2 wins
  Trick  8: r2_d2 leads KD, rootbotz plays JD -> r2_d2 wins
  Trick  9: r2_d2 leads JC, rootbotz plays 8S -> r2_d2 wins
  Trick 10: r2_d2 leads 9C, rootbotz plays 9S -> r2_d2 wins
  Trick 11: r2_d2 leads 8D, rootbotz plays QD -> rootbotz wins
  Trick 12: rootbotz leads QS, r2_d2 plays 8C -> rootbotz wins
  Hand: r2_d2 +26 / rootbotz +8 (tricks 8-4)
  Match total: r2_d2 26 - 8 rootbotz
Players: r2_d2 vs rootbotz
Dealer: rootbotz  |  Elder: r2_d2
Match scores: 26 - 8
Talon (8): 8C 9C AC AD 8H JH 10S AS
r2_d2 hand: QC KC 7D 9D 7H 10H QH 7S 8S 9S QS KS
rootbotz hand: 7C 10C JC 8D 10D JD QD KD 9H KH AH JS
  Exchange r2_d2: discard 7D 9D 7H 10H -> draw AC AD 8H 10S (talon 4 left)
  Exchange rootbotz: discard 7C 10C 9H KH -> draw 8C 9C JH AS (talon 0 left)

--- Phase: declare ---
  Declare point: r2_d2 wins 6 pts (('point', 6, 'S'))
  Declare sequence: rootbotz wins 4 pts (('sequence', 4, 13, 'D'))
  Declare set: r2_d2 wins 3 pts (('set', 3, 12))

--- Phase: tricks ---
  Trick  1: r2_d2 leads AC, rootbotz plays 8C -> r2_d2 wins
  Trick  2: r2_d2 leads AD, rootbotz plays 8D -> r2_d2 wins
  Trick  3: r2_d2 leads KC, rootbotz plays 9C -> r2_d2 wins
  Trick  4: r2_d2 leads QC, rootbotz plays JC -> r2_d2 wins
  Trick  5: r2_d2 leads KS, rootbotz plays AS -> rootbotz wins
  Trick  6: rootbotz leads AH, r2_d2 plays 8H -> rootbotz wins
  Trick  7: rootbotz leads 10D, r2_d2 plays 7S -> rootbotz wins
  Trick  8: rootbotz leads JD, r2_d2 plays 8S -> rootbotz wins
  Trick  9: rootbotz leads QD, r2_d2 plays 9S -> rootbotz wins
  Trick 10: rootbotz leads KD, r2_d2 plays 10S -> rootbotz wins
  Trick 11: rootbotz leads JH, r2_d2 plays QH -> r2_d2 wins
  Trick 12: r2_d2 leads QS, rootbotz plays JS -> r2_d2 wins
  Hand: r2_d2 +16 / rootbotz +10 (tricks 6-6)
  Match total: r2_d2 42 - 18 rootbotz
Players: r2_d2 vs rootbotz
Dealer: r2_d2  |  Elder: rootbotz
Match scores: 42 - 18
Talon (8): 8C 10C KC JD 10H QH AH JS
r2_d2 hand: 9C QC AC 9D QD AD 7H 8H 9H 7S 10S AS
rootbotz hand: 7C JC 7D 8D 10D KD JH KH 8S 9S QS KS
  Exchange rootbotz: discard 7C JC 7D 8D 10D -> draw 8C KC JD 10H QH (talon 3 left)
  Exchange r2_d2: discard 9C 9D 7S -> draw 10C AH JS (talon 0 left)

--- Phase: declare ---
  Declare point: rootbotz wins 4 pts (('point', 4, 'H'))
  Declare sequence: rootbotz wins 4 pts (('sequence', 4, 13, 'H'))
  Declare set: r2_d2 wins 14 pts (('set', 4, 14))

--- Phase: tricks ---
  Trick  1: rootbotz leads 10H, r2_d2 plays AH -> r2_d2 wins
  Trick  2: r2_d2 leads AC, rootbotz plays 8C -> r2_d2 wins
  Trick  3: r2_d2 leads AS, rootbotz plays 8S -> r2_d2 wins
  Trick  4: r2_d2 leads AD, rootbotz plays JD -> r2_d2 wins
  Trick  5: r2_d2 leads 9H, rootbotz plays JH -> rootbotz wins
  Trick  6: rootbotz leads QS, r2_d2 plays 10S -> rootbotz wins
  Trick  7: rootbotz leads QH, r2_d2 plays 7H -> rootbotz wins
  Trick  8: rootbotz leads 9S, r2_d2 plays JS -> r2_d2 wins
  Trick  9: r2_d2 leads QC, rootbotz plays KC -> rootbotz wins
  Trick 10: rootbotz leads KS, r2_d2 plays 8H -> rootbotz wins
  Trick 11: rootbotz leads KH, r2_d2 plays 10C -> rootbotz wins
  Trick 12: rootbotz leads KD, r2_d2 plays QD -> rootbotz wins
  Hand: r2_d2 +19 / rootbotz +26 (tricks 5-7)
  Match total: r2_d2 61 - 44 rootbotz
Players: r2_d2 vs rootbotz
Dealer: rootbotz  |  Elder: r2_d2
Match scores: 61 - 44
Talon (8): 9C 10C 7D JD JH QH 8S AS
r2_d2 hand: 7C JC QC AC 9D 10D 7H 7S 9S 10S JS QS
rootbotz hand: 8C KC 8D QD KD AD 8H 9H 10H KH AH KS
  Exchange r2_d2: discard 7C JC 9D 10D 7H -> draw 9C 10C 7D JH 8S (talon 3 left)
  Exchange rootbotz: discard  -> draw  (talon 3 left)

--- Phase: declare ---
  Declare point: r2_d2 wins 6 pts (('point', 6, 'S'))
  Declare sequence: r2_d2 wins 11 pts (('sequence', 6, 12, 'S'))
  Declare set: rootbotz wins 14 pts (('set', 4, 13))

--- Phase: tricks ---
  Trick  1: r2_d2 leads AC, rootbotz plays 8C -> r2_d2 wins
  Trick  2: r2_d2 leads QS, rootbotz plays KS -> rootbotz wins
  Trick  3: rootbotz leads AH, r2_d2 plays JH -> rootbotz wins
  Trick  4: rootbotz leads AD, r2_d2 plays 7D -> rootbotz wins
  Trick  5: rootbotz leads QD, r2_d2 plays 7S -> rootbotz wins
  Trick  6: rootbotz leads KH, r2_d2 plays 8S -> rootbotz wins
  Trick  7: rootbotz leads 8H, r2_d2 plays 9C -> rootbotz wins
  Trick  8: rootbotz leads 8D, r2_d2 plays 9S -> rootbotz wins
  Trick  9: rootbotz leads 9H, r2_d2 plays 10C -> rootbotz wins
  Trick 10: rootbotz leads 10H, r2_d2 plays 10S -> rootbotz wins
  Trick 11: rootbotz leads KD, r2_d2 plays JS -> rootbotz wins
  Trick 12: rootbotz leads KC, r2_d2 plays QC -> rootbotz wins
  Hand: r2_d2 +18 / rootbotz +36 (tricks 1-11)
  Match total: r2_d2 79 - 80 rootbotz
Players: r2_d2 vs rootbotz
Dealer: r2_d2  |  Elder: rootbotz
Match scores: 79 - 80
Talon (8): 9C QC 7D QD KD KH 10S QS
r2_d2 hand: 10C KC AC 10D JD 7H 8H 9H 10H AH 7S KS
rootbotz hand: 7C 8C JC 8D 9D AD JH QH 8S 9S JS AS
  Exchange rootbotz: discard 7C 8C 8D 9D -> draw QD KD KH QS (talon 4 left)
  Exchange r2_d2: discard 10C 10D JD 7S -> draw 9C QC 7D 10S (talon 0 left)

--- Phase: declare ---
  Declare point: rootbotz wins 5 pts (('point', 5, 'S'))
  Declare sequence: r2_d2 wins 4 pts (('sequence', 4, 10, 'H'))
  Declare set: rootbotz wins 3 pts (('set', 3, 12))

--- Phase: tricks ---
  Trick  1: rootbotz leads AS, r2_d2 plays 10S -> rootbotz wins
  Trick  2: rootbotz leads AD, r2_d2 plays 7D -> rootbotz wins
  Trick  3: rootbotz leads QD, r2_d2 plays 7H -> rootbotz wins
  Trick  4: rootbotz leads KD, r2_d2 plays 8H -> rootbotz wins
  Trick  5: rootbotz leads JS, r2_d2 plays KS -> r2_d2 wins
  Trick  6: r2_d2 leads AC, rootbotz plays JC -> r2_d2 wins
  Trick  7: r2_d2 leads AH, rootbotz plays JH -> r2_d2 wins
  Trick  8: r2_d2 leads KC, rootbotz plays 8S -> r2_d2 wins
  Trick  9: r2_d2 leads QC, rootbotz plays 9S -> r2_d2 wins
  Trick 10: r2_d2 leads 10H, rootbotz plays QH -> rootbotz wins
  Trick 11: rootbotz leads QS, r2_d2 plays 9C -> rootbotz wins
  Trick 12: rootbotz leads KH, r2_d2 plays 9H -> rootbotz wins
  Hand: r2_d2 +9 / rootbotz +26 (tricks 5-7)
  Match total: r2_d2 88 - 106 rootbotz
  Final: r2_d2 88 - 106 rootbotz
  Winner: rootbotz

============================================================
Game 62
============================================================
Players: rootbotz vs r2_d2
Dealer: rootbotz  |  Elder: r2_d2
Match scores: 0 - 0
Talon (8): 10C AC 7D 10H JH 9S 10S AS
rootbotz hand: 9C QC 8D 9D 10D 8H KH AH 7S 8S JS QS
r2_d2 hand: 7C 8C JC KC JD QD KD AD 7H 9H QH KS
  Exchange r2_d2: discard 7C 8C JC 7H 9H -> draw AC 7D 9S 10S AS (talon 3 left)
  Exchange rootbotz: discard 8H 8S JS -> draw 10C 10H JH (talon 0 left)

--- Phase: declare ---
  Declare point: r2_d2 wins 5 pts (('point', 5, 'D'))
  Declare sequence: r2_d2 wins 4 pts (('sequence', 4, 14, 'D'))
  Declare set: r2_d2 wins 3 pts (('set', 3, 14))

--- Phase: tricks ---
  Trick  1: r2_d2 leads AD, rootbotz plays 8D -> r2_d2 wins
  Trick  2: r2_d2 leads AS, rootbotz plays 7S -> r2_d2 wins
  Trick  3: r2_d2 leads AC, rootbotz plays 9C -> r2_d2 wins
  Trick  4: r2_d2 leads KD, rootbotz plays 9D -> r2_d2 wins
  Trick  5: r2_d2 leads KS, rootbotz plays QS -> r2_d2 wins
  Trick  6: r2_d2 leads QD, rootbotz plays 10D -> r2_d2 wins
  Trick  7: r2_d2 leads KC, rootbotz plays 10C -> r2_d2 wins
  Trick  8: r2_d2 leads JD, rootbotz plays 10H -> r2_d2 wins
  Trick  9: r2_d2 leads 10S, rootbotz plays JH -> r2_d2 wins
  Trick 10: r2_d2 leads QH, rootbotz plays KH -> rootbotz wins
  Trick 11: rootbotz leads AH, r2_d2 plays 7D -> rootbotz wins
  Trick 12: rootbotz leads QC, r2_d2 plays 9S -> rootbotz wins
  Hand: rootbotz +4 / r2_d2 +31 (tricks 3-9)
  Match total: rootbotz 4 - 31 r2_d2
Players: rootbotz vs r2_d2
Dealer: r2_d2  |  Elder: rootbotz
Match scores: 4 - 31
Talon (8): 10C QC KC 7D JD KD JH 7S
rootbotz hand: 9C 9D 10D AD 8H 10H KH 10S JS QS KS AS
r2_d2 hand: 7C 8C JC AC 8D QD 7H 9H QH AH 8S 9S
  Exchange rootbotz: discard 9D 8H KH -> draw QC KC 7D (talon 5 left)
  Exchange r2_d2: discard 7C 8C 8D 8S 9S -> draw 10C JD KD JH 7S (talon 0 left)

--- Phase: declare ---
  Declare point: rootbotz wins 5 pts (('point', 5, 'S'))
  Declare sequence: rootbotz wins 10 pts (('sequence', 5, 14, 'S'))
  Declare set: r2_d2 wins 3 pts (('set', 3, 11))

--- Phase: tricks ---
  Trick  1: rootbotz leads AS, r2_d2 plays 7S -> rootbotz wins
  Trick  2: rootbotz leads AD, r2_d2 plays JD -> rootbotz wins
  Trick  3: rootbotz leads 10S, r2_d2 plays 7H -> rootbotz wins
  Trick  4: rootbotz leads JS, r2_d2 plays 9H -> rootbotz wins
  Trick  5: rootbotz leads QS, r2_d2 plays 10C -> rootbotz wins
  Trick  6: rootbotz leads KS, r2_d2 plays JC -> rootbotz wins
  Trick  7: rootbotz leads QC, r2_d2 plays AC -> r2_d2 wins
  Trick  8: r2_d2 leads AH, rootbotz plays 10H -> r2_d2 wins
  Trick  9: r2_d2 leads KD, rootbotz plays 7D -> r2_d2 wins
  Trick 10: r2_d2 leads QD, rootbotz plays 10D -> r2_d2 wins
  Trick 11: r2_d2 leads QH, rootbotz plays 9C -> r2_d2 wins
  Trick 12: r2_d2 leads JH, rootbotz plays KC -> r2_d2 wins
  Hand: rootbotz +21 / r2_d2 +10 (tricks 6-6)
  Match total: rootbotz 25 - 41 r2_d2
Players: rootbotz vs r2_d2
Dealer: rootbotz  |  Elder: r2_d2
Match scores: 25 - 41
Talon (8): 10C 7D 8D 9D 8H QH 10S JS
rootbotz hand: 7C 10D QD 7H 9H 10H KH AH 7S 8S 9S KS
r2_d2 hand: 8C 9C JC QC KC AC JD KD AD JH QS AS
  Exchange r2_d2: discard QS -> draw JS (talon 7 left)
  Exchange rootbotz: discard 7C 10D QD 7H 9H 10H -> draw 10C 7D 8D 9D 8H 10S (talon 1 left)

--- Phase: declare ---
  Declare point: r2_d2 wins 6 pts (('point', 6, 'C'))
  Declare sequence: r2_d2 wins 4 pts (('sequence', 4, 14, 'C'))
  Declare set: r2_d2 wins 3 pts (('set', 3, 14))

--- Phase: tricks ---
  Trick  1: r2_d2 leads AC, rootbotz plays 10C -> r2_d2 wins
  Trick  2: r2_d2 leads AD, rootbotz plays 7D -> r2_d2 wins
  Trick  3: r2_d2 leads AS, rootbotz plays 7S -> r2_d2 wins
  Trick  4: r2_d2 leads KC, rootbotz plays 8D -> r2_d2 wins
  Trick  5: r2_d2 leads QC, rootbotz plays 8H -> r2_d2 wins
  Trick  6: r2_d2 leads KD, rootbotz plays 9D -> r2_d2 wins
  Trick  7: r2_d2 leads JC, rootbotz plays 8S -> r2_d2 wins
  Trick  8: r2_d2 leads 9C, rootbotz plays 9S -> r2_d2 wins
  Trick  9: r2_d2 leads JH, rootbotz plays KH -> rootbotz wins
  Trick 10: rootbotz leads AH, r2_d2 plays 8C -> rootbotz wins
  Trick 11: rootbotz leads 10S, r2_d2 plays JS -> r2_d2 wins
  Trick 12: r2_d2 leads JD, rootbotz plays KS -> r2_d2 wins
  Hand: rootbotz +2 / r2_d2 +34 (tricks 2-10)
  Match total: rootbotz 27 - 75 r2_d2
Players: rootbotz vs r2_d2
Dealer: r2_d2  |  Elder: rootbotz
Match scores: 27 - 75
Talon (8): 8C 10C 7D 8D 10H 8S 10S QS
rootbotz hand: 9C JC QC AC AD 8H 9H JH KH AH 7S JS
r2_d2 hand: 7C KC 9D 10D JD QD KD 7H QH 9S KS AS
  Exchange rootbotz: discard 8H 9H JH 7S JS -> draw 8C 10C 7D 8D QS (talon 3 left)
  Exchange r2_d2: discard 7C 7H 9S -> draw 10H 8S 10S (talon 0 left)

--- Phase: declare ---
  Declare point: rootbotz wins 6 pts (('point', 6, 'C'))
  Declare sequence: r2_d2 wins 10 pts (('sequence', 5, 13, 'D'))
  Declare set: rootbotz wins 3 pts (('set', 3, 14))

--- Phase: tricks ---
  Trick  1: rootbotz leads AH, r2_d2 plays 10H -> rootbotz wins
  Trick  2: rootbotz leads AD, r2_d2 plays 9D -> rootbotz wins
  Trick  3: rootbotz leads AC, r2_d2 plays KC -> rootbotz wins
  Trick  4: rootbotz leads KH, r2_d2 plays QH -> rootbotz wins
  Trick  5: rootbotz leads 8C, r2_d2 plays 8S -> rootbotz wins
  Trick  6: rootbotz leads 9C, r2_d2 plays 10S -> rootbotz wins
  Trick  7: rootbotz leads 10C, r2_d2 plays 10D -> rootbotz wins
  Trick  8: rootbotz leads JC, r2_d2 plays JD -> rootbotz wins
  Trick  9: rootbotz leads QS, r2_d2 plays KS -> r2_d2 wins
  Trick 10: r2_d2 leads AS, rootbotz plays 7D -> r2_d2 wins
  Trick 11: r2_d2 leads KD, rootbotz plays 8D -> r2_d2 wins
  Trick 12: r2_d2 leads QD, rootbotz plays QC -> r2_d2 wins
  Hand: rootbotz +27 / r2_d2 +15 (tricks 8-4)
  Match total: rootbotz 54 - 90 r2_d2
Players: rootbotz vs r2_d2
Dealer: rootbotz  |  Elder: r2_d2
Match scores: 54 - 90
Talon (8): 8C 7D JD KD 7H JH 9S QS
rootbotz hand: 10C QC 8D 10D 9H 10H KH AH 7S 8S JS AS
r2_d2 hand: 7C 9C JC KC AC 9D QD AD 8H QH 10S KS
  Exchange r2_d2: discard 9D QD 8H QH 10S -> draw 8C KD 7H JH QS (talon 3 left)
  Exchange rootbotz: discard QC 7S 8S -> draw 7D JD 9S (talon 0 left)

--- Phase: declare ---
  Declare point: r2_d2 wins 6 pts (('point', 6, 'C'))
  Declare sequence: r2_d2 wins 3 pts (('sequence', 3, 9, 'C'))
  Declare set: r2_d2 wins 3 pts (('set', 3, 13))

--- Phase: tricks ---
  Trick  1: r2_d2 leads AC, rootbotz plays 10C -> r2_d2 wins
  Trick  2: r2_d2 leads AD, rootbotz plays 7D -> r2_d2 wins
  Trick  3: r2_d2 leads KC, rootbotz plays 8D -> r2_d2 wins
  Trick  4: r2_d2 leads KD, rootbotz plays 10D -> r2_d2 wins
  Trick  5: r2_d2 leads JC, rootbotz plays 9S -> r2_d2 wins
  Trick  6: r2_d2 leads 9C, rootbotz plays 9H -> r2_d2 wins
  Trick  7: r2_d2 leads KS, rootbotz plays AS -> rootbotz wins
  Trick  8: rootbotz leads AH, r2_d2 plays 7H -> rootbotz wins
  Trick  9: rootbotz leads 10H, r2_d2 plays JH -> r2_d2 wins
  Trick 10: r2_d2 leads 8C, rootbotz plays JS -> r2_d2 wins
  Trick 11: r2_d2 leads QS, rootbotz plays JD -> r2_d2 wins
  Trick 12: r2_d2 leads 7C, rootbotz plays KH -> r2_d2 wins
  Hand: rootbotz +2 / r2_d2 +33 (tricks 2-10)
  Match total: rootbotz 56 - 123 r2_d2
  Final: rootbotz 56 - 123 r2_d2
  Winner: r2_d2

============================================================
Game 63
============================================================
Players: r2_d2 vs rootbotz
Dealer: r2_d2  |  Elder: rootbotz
Match scores: 0 - 0
Talon (8): QD KD AD KH 7S 8S QS KS
r2_d2 hand: 10C JC KC 8D JD 7H 8H 9H 10H QH 10S AS
rootbotz hand: 7C 8C 9C QC AC 7D 9D 10D JH AH 9S JS
  Exchange rootbotz: discard 7D 9D 10D 9S JS -> draw QD KD AD 7S QS (talon 3 left)
  Exchange r2_d2: discard JC 8D JD -> draw KH 8S KS (talon 0 left)

--- Phase: declare ---
  Declare point: r2_d2 wins 6 pts (('point', 6, 'H'))
  Declare sequence: r2_d2 wins 4 pts (('sequence', 4, 10, 'H'))
  Declare set: rootbotz wins 3 pts (('set', 3, 14))

--- Phase: tricks ---
  Trick  1: rootbotz leads AH, r2_d2 plays 7H -> rootbotz wins
  Trick  2: rootbotz leads AD, r2_d2 plays 8S -> rootbotz wins
  Trick  3: rootbotz leads AC, r2_d2 plays 10C -> rootbotz wins
  Trick  4: rootbotz leads QD, r2_d2 plays 8H -> rootbotz wins
  Trick  5: rootbotz leads KD, r2_d2 plays 9H -> rootbotz wins
  Trick  6: rootbotz leads QC, r2_d2 plays KC -> r2_d2 wins
  Trick  7: r2_d2 leads AS, rootbotz plays 7S -> r2_d2 wins
  Trick  8: r2_d2 leads KH, rootbotz plays JH -> r2_d2 wins
  Trick  9: r2_d2 leads KS, rootbotz plays QS -> r2_d2 wins
  Trick 10: r2_d2 leads QH, rootbotz plays 7C -> r2_d2 wins
  Trick 11: r2_d2 leads 10H, rootbotz plays 8C -> r2_d2 wins
  Trick 12: r2_d2 leads 10S, rootbotz plays 9C -> r2_d2 wins
  Hand: r2_d2 +28 / rootbotz +8 (tricks 7-5)
  Match total: r2_d2 28 - 8 rootbotz
Players: r2_d2 vs rootbotz
Dealer: rootbotz  |  Elder: r2_d2
Match scores: 28 - 8
Talon (8): 7C AC 7D KD AD KH JS AS
r2_d2 hand: 9C 10C 8D JD 7H 8H 9H JH AH 9S 10S QS
rootbotz hand: 8C JC QC KC 9D 10D QD 10H QH 7S 8S KS
  Exchange r2_d2: discard 9C 10C 8D 9S 10S -> draw AC 7D KD KH AS (talon 3 left)
  Exchange rootbotz: discard 8C 10H 8S -> draw 7C AD JS (talon 0 left)

--- Phase: declare ---
  Declare point: r2_d2 wins 6 pts (('point', 6, 'H'))
  Declare sequence: rootbotz wins 3 pts (('sequence', 3, 13, 'C'))
  Declare set: r2_d2 wins 3 pts (('set', 3, 14))

--- Phase: tricks ---
  Trick  1: r2_d2 leads AH, rootbotz plays QH -> r2_d2 wins
  Trick  2: r2_d2 leads AS, rootbotz plays 7S -> r2_d2 wins
  Trick  3: r2_d2 leads AC, rootbotz plays 7C -> r2_d2 wins
  Trick  4: r2_d2 leads KH, rootbotz plays 9D -> r2_d2 wins
  Trick  5: r2_d2 leads JH, rootbotz plays 10D -> r2_d2 wins
  Trick  6: r2_d2 leads KD, rootbotz plays AD -> rootbotz wins
  Trick  7: rootbotz leads QD, r2_d2 plays 7D -> rootbotz wins
  Trick  8: rootbotz leads JS, r2_d2 plays QS -> r2_d2 wins
  Trick  9: r2_d2 leads 9H, rootbotz plays JC -> r2_d2 wins
  Trick 10: r2_d2 leads 8H, rootbotz plays QC -> r2_d2 wins
  Trick 11: r2_d2 leads JD, rootbotz plays KS -> r2_d2 wins
  Trick 12: r2_d2 leads 7H, rootbotz plays KC -> r2_d2 wins
  Hand: r2_d2 +30 / rootbotz +5 (tricks 10-2)
  Match total: r2_d2 58 - 13 rootbotz
Players: r2_d2 vs rootbotz
Dealer: r2_d2  |  Elder: rootbotz
Match scores: 58 - 13
Talon (8): 8C AC 8D 9D AD 7S QS KS
r2_d2 hand: 7C 10C QC KC 7D 10D JD JH QH 10S JS AS
rootbotz hand: 9C JC QD KD 7H 8H 9H 10H KH AH 8S 9S
  Exchange rootbotz: discard 9C JC QD 8S 9S -> draw 8C 9D 7S QS KS (talon 3 left)
  Exchange r2_d2: discard 7D QH -> draw AC AD (talon 1 left)

--- Phase: declare ---
  Declare point: rootbotz wins 6 pts (('point', 6, 'H'))
  Declare sequence: rootbotz wins 4 pts (('sequence', 4, 10, 'H'))
  Declare set: r2_d2 wins 3 pts (('set', 3, 14))

--- Phase: tricks ---
  Trick  1: rootbotz leads AH, r2_d2 plays JH -> rootbotz wins
  Trick  2: rootbotz leads KH, r2_d2 plays 7C -> rootbotz wins
  Trick  3: rootbotz leads 7H, r2_d2 plays 10D -> rootbotz wins
  Trick  4: rootbotz leads 8H, r2_d2 plays 10S -> rootbotz wins
  Trick  5: rootbotz leads 9H, r2_d2 plays 10C -> rootbotz wins
  Trick  6: rootbotz leads 10H, r2_d2 plays JD -> rootbotz wins
  Trick  7: rootbotz leads QS, r2_d2 plays AS -> r2_d2 wins
  Trick  8: r2_d2 leads AC, rootbotz plays 8C -> r2_d2 wins
  Trick  9: r2_d2 leads AD, rootbotz plays 9D -> r2_d2 wins
  Trick 10: r2_d2 leads KC, rootbotz plays 7S -> r2_d2 wins
  Trick 11: r2_d2 leads QC, rootbotz plays KD -> r2_d2 wins
  Trick 12: r2_d2 leads JS, rootbotz plays KS -> rootbotz wins
  Hand: r2_d2 +8 / rootbotz +28 (tricks 5-7)
  Match total: r2_d2 66 - 41 rootbotz
Players: r2_d2 vs rootbotz
Dealer: rootbotz  |  Elder: r2_d2
Match scores: 66 - 41
Talon (8): JC AC 7D 8H 9H QH JS AS
r2_d2 hand: 8C QC KC 8D 9D 10D 7H JH 8S 10S QS KS
rootbotz hand: 7C 9C 10C JD QD KD AD 10H KH AH 7S 9S
  Exchange r2_d2: discard 8C 8D 9D 10D 7H -> draw 7D 9H QH JS AS (talon 3 left)
  Exchange rootbotz: discard 7C 7S 9S -> draw JC AC 8H (talon 0 left)

--- Phase: declare ---
  Declare point: r2_d2 wins 6 pts (('point', 6, 'S'))
  Declare sequence: r2_d2 wins 10 pts (('sequence', 5, 14, 'S'))
  Declare set: rootbotz wins 3 pts (('set', 3, 14))

--- Phase: tricks ---
  Trick  1: r2_d2 leads AS, rootbotz plays 8H -> r2_d2 wins
  Trick  2: r2_d2 leads KS, rootbotz plays 9C -> r2_d2 wins
  Trick  3: r2_d2 leads QS, rootbotz plays 10C -> r2_d2 wins
  Trick  4: r2_d2 leads QH, rootbotz plays KH -> rootbotz wins
  Trick  5: rootbotz leads AH, r2_d2 plays 9H -> rootbotz wins
  Trick  6: rootbotz leads AD, r2_d2 plays 7D -> rootbotz wins
  Trick  7: rootbotz leads AC, r2_d2 plays QC -> rootbotz wins
  Trick  8: rootbotz leads 10H, r2_d2 plays JH -> r2_d2 wins
  Trick  9: r2_d2 leads KC, rootbotz plays JC -> r2_d2 wins
  Trick 10: r2_d2 leads JS, rootbotz plays JD -> r2_d2 wins
  Trick 11: r2_d2 leads 10S, rootbotz plays QD -> r2_d2 wins
  Trick 12: r2_d2 leads 8S, rootbotz plays KD -> r2_d2 wins
  Hand: r2_d2 +35 / rootbotz +7 (tricks 8-4)
  Match total: r2_d2 101 - 48 rootbotz
  Final: r2_d2 101 - 48 rootbotz
  Winner: r2_d2

============================================================
Game 64
============================================================
Players: rootbotz vs r2_d2
Dealer: rootbotz  |  Elder: r2_d2
Match scores: 0 - 0
Talon (8): 7C 8D 10D 9H QH 10S JS AS
rootbotz hand: 8C 9C 10C QC KC 9D AD 7H JH KH QS KS
r2_d2 hand: JC AC 7D JD QD KD 8H 10H AH 7S 8S 9S
  Exchange r2_d2: discard 8H 10H 7S 8S 9S -> draw 7C 10D 9H QH JS (talon 3 left)
  Exchange rootbotz: discard 9D 7H JH -> draw 8D 10S AS (talon 0 left)

--- Phase: declare ---
  Declare sequence: r2_d2 wins 4 pts (('sequence', 4, 13, 'D'))
  Declare set: rootbotz wins 3 pts (('set', 3, 13))

--- Phase: tricks ---
  Trick  1: r2_d2 leads AC, rootbotz plays 8C -> r2_d2 wins
  Trick  2: r2_d2 leads AH, rootbotz plays KH -> r2_d2 wins
  Trick  3: r2_d2 leads KD, rootbotz plays AD -> rootbotz wins
  Trick  4: rootbotz leads AS, r2_d2 plays JS -> rootbotz wins
  Trick  5: rootbotz leads QS, r2_d2 plays 7C -> rootbotz wins
  Trick  6: rootbotz leads QC, r2_d2 plays JC -> rootbotz wins
  Trick  7: rootbotz leads KS, r2_d2 plays 7D -> rootbotz wins
  Trick  8: rootbotz leads KC, r2_d2 plays 9H -> rootbotz wins
  Trick  9: rootbotz leads 9C, r2_d2 plays 10D -> rootbotz wins
  Trick 10: rootbotz leads 10S, r2_d2 plays JD -> rootbotz wins
  Trick 11: rootbotz leads 10C, r2_d2 plays QD -> rootbotz wins
  Trick 12: rootbotz leads 8D, r2_d2 plays QH -> rootbotz wins
  Hand: rootbotz +24 / r2_d2 +6 (tricks 10-2)
  Match total: rootbotz 24 - 6 r2_d2
Players: rootbotz vs r2_d2
Dealer: r2_d2  |  Elder: rootbotz
Match scores: 24 - 6
Talon (8): 10C JC AC 7D 9H 10H JH 9S
rootbotz hand: 9C QC KC 10D KD 8H QH KH AH 8S 10S QS
r2_d2 hand: 7C 8C 8D 9D JD QD AD 7H 7S JS KS AS
  Exchange rootbotz: discard 9C QC 10D 10S QS -> draw JC AC 7D 9H JH (talon 3 left)
  Exchange r2_d2: discard 7C 8C 7H -> draw 10C 10H 9S (talon 0 left)

--- Phase: declare ---
  Declare point: rootbotz wins 6 pts (('point', 6, 'H'))
  Declare sequence: rootbotz wins 4 pts (('sequence', 4, 14, 'H'))
  Declare set: rootbotz wins 3 pts (('set', 3, 13))

--- Phase: tricks ---
  Trick  1: rootbotz leads AH, r2_d2 plays 10H -> rootbotz wins
  Trick  2: rootbotz leads AC, r2_d2 plays 10C -> rootbotz wins
  Trick  3: rootbotz leads JH, r2_d2 plays 7S -> rootbotz wins
  Trick  4: rootbotz leads JC, r2_d2 plays 8D -> rootbotz wins
  Trick  5: rootbotz leads QH, r2_d2 plays 9D -> rootbotz wins
  Trick  6: rootbotz leads KH, r2_d2 plays 9S -> rootbotz wins
  Trick  7: rootbotz leads KC, r2_d2 plays JD -> rootbotz wins
  Trick  8: rootbotz leads 8H, r2_d2 plays JS -> rootbotz wins
  Trick  9: rootbotz leads 9H, r2_d2 plays QD -> rootbotz wins
  Trick 10: rootbotz leads KD, r2_d2 plays AD -> r2_d2 wins
  Trick 11: r2_d2 leads AS, rootbotz plays 8S -> r2_d2 wins
  Trick 12: r2_d2 leads KS, rootbotz plays 7D -> r2_d2 wins
  Hand: rootbotz +32 / r2_d2 +4 (tricks 9-3)
  Match total: rootbotz 56 - 10 r2_d2
Players: rootbotz vs r2_d2
Dealer: rootbotz  |  Elder: r2_d2
Match scores: 56 - 10
Talon (8): 8C QC KC 8D 9D 10D 7H 7S
rootbotz hand: 10C JC 7D JD QD KD AD JH 8S 9S JS QS
r2_d2 hand: 7C 9C AC 8H 9H 10H QH KH AH 10S KS AS
  Exchange r2_d2: discard 7C 9C 10S -> draw QC 9D 10D (talon 5 left)
  Exchange rootbotz: discard 10C 9S QS -> draw KC 8D 7H (talon 2 left)

--- Phase: declare ---
  Declare point: r2_d2 wins 6 pts (('point', 6, 'H'))
  Declare sequence: rootbotz wins 4 pts (('sequence', 4, 14, 'D'))
  Declare set: r2_d2 wins 3 pts (('set', 3, 14))

--- Phase: tricks ---
  Trick  1: r2_d2 leads AH, rootbotz plays 7H -> r2_d2 wins
  Trick  2: r2_d2 leads AS, rootbotz plays 8S -> r2_d2 wins
  Trick  3: r2_d2 leads AC, rootbotz plays JC -> r2_d2 wins
  Trick  4: r2_d2 leads KH, rootbotz plays JH -> r2_d2 wins
  Trick  5: r2_d2 leads QH, rootbotz plays 7D -> r2_d2 wins
  Trick  6: r2_d2 leads KS, rootbotz plays JS -> r2_d2 wins
  Trick  7: r2_d2 leads 10H, rootbotz plays 8D -> r2_d2 wins
  Trick  8: r2_d2 leads 10D, rootbotz plays JD -> rootbotz wins
  Trick  9: rootbotz leads AD, r2_d2 plays 9D -> rootbotz wins
  Trick 10: rootbotz leads QD, r2_d2 plays 8H -> rootbotz wins
  Trick 11: rootbotz leads KD, r2_d2 plays 9H -> rootbotz wins
  Trick 12: rootbotz leads KC, r2_d2 plays QC -> rootbotz wins
  Hand: rootbotz +10 / r2_d2 +26 (tricks 5-7)
  Match total: rootbotz 66 - 36 r2_d2
Players: rootbotz vs r2_d2
Dealer: r2_d2  |  Elder: rootbotz
Match scores: 66 - 36
Talon (8): AC 8D AD 7H 8H 10H KH KS
rootbotz hand: 7C 9C QC 7D 9D KD 9H 7S 9S JS QS AS
r2_d2 hand: 8C 10C JC KC 10D JD QD JH QH AH 8S 10S
  Exchange rootbotz: discard 7C 9C 7D 9D 7S -> draw AC 8D 8H KH KS (talon 3 left)
  Exchange r2_d2: discard QH 8S -> draw 7H 10H (talon 1 left)

--- Phase: declare ---
  Declare point: rootbotz wins 5 pts (('point', 5, 'S'))
  Declare sequence: rootbotz wins 4 pts (('sequence', 4, 14, 'S'))
  Declare set: rootbotz wins 3 pts (('set', 3, 13))

--- Phase: tricks ---
  Trick  1: rootbotz leads AS, r2_d2 plays 10S -> rootbotz wins
  Trick  2: rootbotz leads AC, r2_d2 plays 8C -> rootbotz wins
  Trick  3: rootbotz leads JS, r2_d2 plays 7H -> rootbotz wins
  Trick  4: rootbotz leads QS, r2_d2 plays 10C -> rootbotz wins
  Trick  5: rootbotz leads KS, r2_d2 plays 10D -> rootbotz wins
  Trick  6: rootbotz leads 9S, r2_d2 plays 10H -> rootbotz wins
  Trick  7: rootbotz leads QC, r2_d2 plays KC -> r2_d2 wins
  Trick  8: r2_d2 leads AH, rootbotz plays 8H -> r2_d2 wins
  Trick  9: r2_d2 leads QD, rootbotz plays KD -> rootbotz wins
  Trick 10: rootbotz leads KH, r2_d2 plays JH -> rootbotz wins
  Trick 11: rootbotz leads 8D, r2_d2 plays JD -> r2_d2 wins
  Trick 12: r2_d2 leads JC, rootbotz plays 9H -> r2_d2 wins
  Hand: rootbotz +30 / r2_d2 +5 (tricks 8-4)
  Match total: rootbotz 96 - 41 r2_d2
Players: rootbotz vs r2_d2
Dealer: rootbotz  |  Elder: r2_d2
Match scores: 96 - 41
Talon (8): 7C 8C KC KD 7S 10S KS AS
rootbotz hand: 9C JC QC 7D 8D 9D 10D AD 7H JH AH 8S
r2_d2 hand: 10C AC JD QD 8H 9H 10H QH KH 9S JS QS
  Exchange r2_d2: discard 10C JD 9S JS -> draw 7C KC KD AS (talon 4 left)
  Exchange rootbotz: discard 9C JC 7H 8S -> draw 8C 7S 10S KS (talon 0 left)

--- Phase: declare ---
  Declare point: r2_d2 wins 5 pts (('point', 5, 'H'))
  Declare sequence: rootbotz wins 4 pts (('sequence', 4, 10, 'D'))
  Declare set: r2_d2 wins 3 pts (('set', 3, 13))

--- Phase: tricks ---
  Trick  1: r2_d2 leads AC, rootbotz plays 8C -> r2_d2 wins
  Trick  2: r2_d2 leads AS, rootbotz plays 7S -> r2_d2 wins
  Trick  3: r2_d2 leads KC, rootbotz plays QC -> r2_d2 wins
  Trick  4: r2_d2 leads KH, rootbotz plays AH -> rootbotz wins
  Trick  5: rootbotz leads AD, r2_d2 plays QD -> rootbotz wins
  Trick  6: rootbotz leads KS, r2_d2 plays QS -> rootbotz wins
  Trick  7: rootbotz leads 10S, r2_d2 plays 7C -> rootbotz wins
  Trick  8: rootbotz leads 7D, r2_d2 plays KD -> r2_d2 wins
  Trick  9: r2_d2 leads QH, rootbotz plays JH -> r2_d2 wins
  Trick 10: r2_d2 leads 10H, rootbotz plays 8D -> r2_d2 wins
  Trick 11: r2_d2 leads 9H, rootbotz plays 9D -> r2_d2 wins
  Trick 12: r2_d2 leads 8H, rootbotz plays 10D -> r2_d2 wins
  Hand: rootbotz +8 / r2_d2 +27 (tricks 4-8)
  Match total: rootbotz 104 - 68 r2_d2
  Final: rootbotz 104 - 68 r2_d2
  Winner: rootbotz

============================================================
Game 65
============================================================
Players: r2_d2 vs rootbotz
Dealer: r2_d2  |  Elder: rootbotz
Match scores: 0 - 0
Talon (8): 9C KC 9H AH 8S 10S JS KS
r2_d2 hand: 7C 10C QC 8D JD KD JH QH KH 7S 9S AS
rootbotz hand: 8C JC AC 7D 9D 10D QD AD 7H 8H 10H QS
  Exchange rootbotz: discard 8C JC 7D 7H 8H -> draw 9C 9H 8S JS KS (talon 3 left)
  Exchange r2_d2: discard 7C 8D 7S -> draw KC AH 10S (talon 0 left)

--- Phase: declare ---
  Declare point: r2_d2 wins 4 pts (('point', 4, 'H'))
  Declare sequence: r2_d2 wins 4 pts (('sequence', 4, 14, 'H'))
  Declare set: r2_d2 wins 3 pts (('set', 3, 13))

--- Phase: tricks ---
  Trick  1: rootbotz leads AD, r2_d2 plays JD -> rootbotz wins
  Trick  2: rootbotz leads AC, r2_d2 plays 10C -> rootbotz wins
  Trick  3: rootbotz leads JS, r2_d2 plays AS -> r2_d2 wins
  Trick  4: r2_d2 leads AH, rootbotz plays 9H -> r2_d2 wins
  Trick  5: r2_d2 leads KH, rootbotz plays 10H -> r2_d2 wins
  Trick  6: r2_d2 leads KC, rootbotz plays 9C -> r2_d2 wins
  Trick  7: r2_d2 leads QH, rootbotz plays 8S -> r2_d2 wins
  Trick  8: r2_d2 leads KD, rootbotz plays 9D -> r2_d2 wins
  Trick  9: r2_d2 leads QC, rootbotz plays 10D -> r2_d2 wins
  Trick 10: r2_d2 leads 10S, rootbotz plays QS -> rootbotz wins
  Trick 11: rootbotz leads KS, r2_d2 plays 9S -> rootbotz wins
  Trick 12: rootbotz leads QD, r2_d2 plays JH -> rootbotz wins
  Hand: r2_d2 +28 / rootbotz +6 (tricks 7-5)
  Match total: r2_d2 28 - 6 rootbotz
Players: r2_d2 vs rootbotz
Dealer: rootbotz  |  Elder: r2_d2
Match scores: 28 - 6
Talon (8): JC QC QD AD 7H AH 8S QS
r2_d2 hand: 7C 8C 9C 10C AC 8D 9D 10D JH 7S 9S AS
rootbotz hand: KC 7D JD KD 8H 9H 10H QH KH 10S JS KS
  Exchange r2_d2: discard 8D 9D 10D 7S 9S -> draw QD AD 7H AH QS (talon 3 left)
  Exchange rootbotz: discard 7D 10S JS -> draw JC QC 8S (talon 0 left)

--- Phase: declare ---
  Declare point: rootbotz wins 5 pts (('point', 5, 'H'))
  Declare sequence: r2_d2 wins 4 pts (('sequence', 4, 10, 'C'))
  Declare set: r2_d2 wins 14 pts (('set', 4, 14))

--- Phase: tricks ---
  Trick  1: r2_d2 leads AC, rootbotz plays JC -> r2_d2 wins
  Trick  2: r2_d2 leads AH, rootbotz plays 8H -> r2_d2 wins
  Trick  3: r2_d2 leads AS, rootbotz plays 8S -> r2_d2 wins
  Trick  4: r2_d2 leads AD, rootbotz plays JD -> r2_d2 wins
  Trick  5: r2_d2 leads 10C, rootbotz plays QC -> rootbotz wins
  Trick  6: rootbotz leads 9H, r2_d2 plays JH -> r2_d2 wins
  Trick  7: r2_d2 leads 9C, rootbotz plays KC -> rootbotz wins
  Trick  8: rootbotz leads 10H, r2_d2 plays 7H -> rootbotz wins
  Trick  9: rootbotz leads QH, r2_d2 plays 7C -> rootbotz wins
  Trick 10: rootbotz leads KS, r2_d2 plays QS -> rootbotz wins
  Trick 11: rootbotz leads KH, r2_d2 plays 8C -> rootbotz wins
  Trick 12: rootbotz leads KD, r2_d2 plays QD -> rootbotz wins
  Hand: r2_d2 +23 / rootbotz +23 (tricks 5-7)
  Match total: r2_d2 51 - 29 rootbotz
Players: r2_d2 vs rootbotz
Dealer: r2_d2  |  Elder: rootbotz
Match scores: 51 - 29
Talon (8): QC 8D AD 8H QH KH JS AS
r2_d2 hand: 8C 10C JC KC 7D 9D 10D JD 10H JH 10S KS
rootbotz hand: 7C 9C AC QD KD 7H 9H AH 7S 8S 9S QS
  Exchange rootbotz: discard 7C 9C KD 7H 9H -> draw QC 8D AD KH JS (talon 3 left)
  Exchange r2_d2: discard 7D -> draw 8H (talon 2 left)

--- Phase: declare ---
  Declare point: rootbotz wins 5 pts (('point', 5, 'S'))
  Declare sequence: r2_d2 wins 3 pts (('sequence', 3, 11, 'D'))
  Declare set: rootbotz wins 3 pts (('set', 3, 14))

--- Phase: tricks ---
  Trick  1: rootbotz leads AH, r2_d2 plays 8H -> rootbotz wins
  Trick  2: rootbotz leads AD, r2_d2 plays 9D -> rootbotz wins
  Trick  3: rootbotz leads AC, r2_d2 plays 8C -> rootbotz wins
  Trick  4: rootbotz leads QD, r2_d2 plays 10D -> rootbotz wins
  Trick  5: rootbotz leads KH, r2_d2 plays 10H -> rootbotz wins
  Trick  6: rootbotz leads QC, r2_d2 plays KC -> r2_d2 wins
  Trick  7: r2_d2 leads KS, rootbotz plays 7S -> r2_d2 wins
  Trick  8: r2_d2 leads JC, rootbotz plays 8D -> r2_d2 wins
  Trick  9: r2_d2 leads JH, rootbotz plays 8S -> r2_d2 wins
  Trick 10: r2_d2 leads JD, rootbotz plays 9S -> r2_d2 wins
  Trick 11: r2_d2 leads 10C, rootbotz plays JS -> r2_d2 wins
  Trick 12: r2_d2 leads 10S, rootbotz plays QS -> rootbotz wins
  Hand: r2_d2 +9 / rootbotz +15 (tricks 6-6)
  Match total: r2_d2 60 - 44 rootbotz
Players: r2_d2 vs rootbotz
Dealer: rootbotz  |  Elder: r2_d2
Match scores: 60 - 44
Talon (8): 7C 9C 7D 9D JH KH 8S 10S
r2_d2 hand: 10C JC KC 8D 10D JD KD 9H AH 7S KS AS
rootbotz hand: 8C QC AC QD AD 7H 8H 10H QH 9S JS QS
  Exchange r2_d2: discard 10C JC 9H 7S -> draw 7C 9C JH KH (talon 4 left)
  Exchange rootbotz: discard 8C AD 9S -> draw 7D 9D 10S (talon 1 left)

--- Phase: declare ---
  Declare point: r2_d2 wins 4 pts (('point', 4, 'D'))
  Declare sequence: rootbotz wins 3 pts (('sequence', 3, 12, 'S'))
  Declare set: r2_d2 wins 14 pts (('set', 4, 13))

--- Phase: tricks ---
  Trick  1: r2_d2 leads AH, rootbotz plays 7H -> r2_d2 wins
  Trick  2: r2_d2 leads AS, rootbotz plays 10S -> r2_d2 wins
  Trick  3: r2_d2 leads KH, rootbotz plays 8H -> r2_d2 wins
  Trick  4: r2_d2 leads KS, rootbotz plays JS -> r2_d2 wins
  Trick  5: r2_d2 leads KD, rootbotz plays 7D -> r2_d2 wins
  Trick  6: r2_d2 leads KC, rootbotz plays AC -> rootbotz wins
  Trick  7: rootbotz leads QS, r2_d2 plays 7C -> rootbotz wins
  Trick  8: rootbotz leads 10H, r2_d2 plays JH -> r2_d2 wins
  Trick  9: r2_d2 leads JD, rootbotz plays QD -> rootbotz wins
  Trick 10: rootbotz leads 9D, r2_d2 plays 10D -> r2_d2 wins
  Trick 11: r2_d2 leads 9C, rootbotz plays QC -> rootbotz wins
  Trick 12: rootbotz leads QH, r2_d2 plays 8D -> rootbotz wins
  Hand: r2_d2 +35 / rootbotz +9 (tricks 7-5)
  Match total: r2_d2 95 - 53 rootbotz
Players: r2_d2 vs rootbotz
Dealer: r2_d2  |  Elder: rootbotz
Match scores: 95 - 53
Talon (8): 10C JC KC 10D KD JH AH JS
r2_d2 hand: 7C 9C 8D 9D JD QD AD 7H 9H KH KS AS
rootbotz hand: 8C QC AC 7D 8H 10H QH 7S 8S 9S 10S QS
  Exchange rootbotz: discard 8C 7D 8H 10H -> draw KC 10D KD AH (talon 4 left)
  Exchange r2_d2: discard 7C 9C 7H 9H -> draw 10C JC JH JS (talon 0 left)

--- Phase: declare ---
  Declare point: r2_d2 wins 5 pts (('point', 5, 'D'))
  Declare sequence: rootbotz wins 4 pts (('sequence', 4, 10, 'S'))
  Declare set: rootbotz wins 3 pts (('set', 3, 12))

--- Phase: tricks ---
  Trick  1: rootbotz leads AH, r2_d2 plays JH -> rootbotz wins
  Trick  2: rootbotz leads AC, r2_d2 plays 10C -> rootbotz wins
  Trick  3: rootbotz leads QC, r2_d2 plays JC -> rootbotz wins
  Trick  4: rootbotz leads KC, r2_d2 plays 8D -> rootbotz wins
  Trick  5: rootbotz leads QH, r2_d2 plays KH -> r2_d2 wins
  Trick  6: r2_d2 leads AD, rootbotz plays 10D -> r2_d2 wins
  Trick  7: r2_d2 leads AS, rootbotz plays 7S -> r2_d2 wins
  Trick  8: r2_d2 leads KS, rootbotz plays 8S -> r2_d2 wins
  Trick  9: r2_d2 leads QD, rootbotz plays KD -> rootbotz wins
  Trick 10: rootbotz leads QS, r2_d2 plays JS -> rootbotz wins
  Trick 11: rootbotz leads 9S, r2_d2 plays 9D -> rootbotz wins
  Trick 12: rootbotz leads 10S, r2_d2 plays JD -> rootbotz wins
  Hand: r2_d2 +9 / rootbotz +26 (tricks 4-8)
  Match total: r2_d2 104 - 79 rootbotz
  Final: r2_d2 104 - 79 rootbotz
  Winner: r2_d2

============================================================
Game 66
============================================================
Players: rootbotz vs r2_d2
Dealer: rootbotz  |  Elder: r2_d2
Match scores: 0 - 0
Talon (8): 7C 8C 9D QD KD 9S 10S KS
rootbotz hand: 9C 10C QC KC AC 10D AD 7H 9H JH QH 7S
r2_d2 hand: JC 7D 8D JD 8H 10H KH AH 8S JS QS AS
  Exchange r2_d2: discard 7D 8D 8H 10H -> draw 7C 9D KD KS (talon 4 left)
  Exchange rootbotz: discard 9C 10D 7H 7S -> draw 8C QD 9S 10S (talon 0 left)

--- Phase: declare ---
  Declare sequence: r2_d2 wins 4 pts (('sequence', 4, 14, 'S'))
  Declare set: r2_d2 wins 3 pts (('set', 3, 13))

--- Phase: tricks ---
  Trick  1: r2_d2 leads AS, rootbotz plays 9S -> r2_d2 wins
  Trick  2: r2_d2 leads AH, rootbotz plays 9H -> r2_d2 wins
  Trick  3: r2_d2 leads KS, rootbotz plays 10S -> r2_d2 wins
  Trick  4: r2_d2 leads QS, rootbotz plays 8C -> r2_d2 wins
  Trick  5: r2_d2 leads KH, rootbotz plays JH -> r2_d2 wins
  Trick  6: r2_d2 leads KD, rootbotz plays AD -> rootbotz wins
  Trick  7: rootbotz leads AC, r2_d2 plays 7C -> rootbotz wins
  Trick  8: rootbotz leads 10C, r2_d2 plays JC -> r2_d2 wins
  Trick  9: r2_d2 leads JD, rootbotz plays QD -> rootbotz wins
  Trick 10: rootbotz leads QC, r2_d2 plays 8S -> rootbotz wins
  Trick 11: rootbotz leads KC, r2_d2 plays 9D -> rootbotz wins
  Trick 12: rootbotz leads QH, r2_d2 plays JS -> rootbotz wins
  Hand: rootbotz +7 / r2_d2 +13 (tricks 6-6)
  Match total: rootbotz 7 - 13 r2_d2
Players: rootbotz vs r2_d2
Dealer: r2_d2  |  Elder: rootbotz
Match scores: 7 - 13
Talon (8): 7C QC KC 9D 9H AH 8S KS
rootbotz hand: JC AC KD 8H 10H QH KH 7S 10S JS QS AS
r2_d2 hand: 8C 9C 10C 7D 8D 10D JD QD AD 7H JH 9S
  Exchange rootbotz: discard JC 8H QH -> draw KC 9H AH (talon 5 left)
  Exchange r2_d2: discard 8C 9C 10C 7H 9S -> draw 7C QC 9D 8S KS (talon 0 left)

--- Phase: declare ---
  Declare point: r2_d2 wins 7 pts (('point', 7, 'D'))
  Declare sequence: r2_d2 wins 11 pts (('sequence', 6, 12, 'D'))
  Declare set: rootbotz wins 3 pts (('set', 3, 14))

--- Phase: tricks ---
  Trick  1: rootbotz leads AS, r2_d2 plays 8S -> rootbotz wins
  Trick  2: rootbotz leads AH, r2_d2 plays JH -> rootbotz wins
  Trick  3: rootbotz leads AC, r2_d2 plays 7C -> rootbotz wins
  Trick  4: rootbotz leads KH, r2_d2 plays 7D -> rootbotz wins
  Trick  5: rootbotz leads KC, r2_d2 plays QC -> rootbotz wins
  Trick  6: rootbotz leads 9H, r2_d2 plays 8D -> rootbotz wins
  Trick  7: rootbotz leads 7S, r2_d2 plays KS -> r2_d2 wins
  Trick  8: r2_d2 leads AD, rootbotz plays KD -> r2_d2 wins
  Trick  9: r2_d2 leads QD, rootbotz plays 10H -> r2_d2 wins
  Trick 10: r2_d2 leads JD, rootbotz plays 10S -> r2_d2 wins
  Trick 11: r2_d2 leads 10D, rootbotz plays JS -> r2_d2 wins
  Trick 12: r2_d2 leads 9D, rootbotz plays QS -> r2_d2 wins
  Hand: rootbotz +9 / r2_d2 +25 (tricks 6-6)
  Match total: rootbotz 16 - 38 r2_d2
Players: rootbotz vs r2_d2
Dealer: rootbotz  |  Elder: r2_d2
Match scores: 16 - 38
Talon (8): JC KC 8D QD 9H QH KH QS
rootbotz hand: 7C 10C QC AC 9D JD KD AD 7H 8H 8S 10S
r2_d2 hand: 8C 9C 7D 10D 10H JH AH 7S 9S JS KS AS
  Exchange r2_d2: discard 8C 9C 7D 10D 10H -> draw KC 8D 9H QH QS (talon 3 left)
  Exchange rootbotz: discard 7C 10C 8S -> draw JC QD KH (talon 0 left)

--- Phase: declare ---
  Declare point: r2_d2 wins 6 pts (('point', 6, 'S'))

--- Phase: tricks ---
  Trick  1: r2_d2 leads AS, rootbotz plays 10S -> r2_d2 wins
  Trick  2: r2_d2 leads AH, rootbotz plays 7H -> r2_d2 wins
  Trick  3: r2_d2 leads KS, rootbotz plays 8H -> r2_d2 wins
  Trick  4: r2_d2 leads QS, rootbotz plays 9D -> r2_d2 wins
  Trick  5: r2_d2 leads QH, rootbotz plays KH -> rootbotz wins
  Trick  6: rootbotz leads AD, r2_d2 plays 8D -> rootbotz wins
  Trick  7: rootbotz leads AC, r2_d2 plays KC -> rootbotz wins
  Trick  8: rootbotz leads JD, r2_d2 plays 7S -> rootbotz wins
  Trick  9: rootbotz leads QD, r2_d2 plays 9H -> rootbotz wins
  Trick 10: rootbotz leads KD, r2_d2 plays 9S -> rootbotz wins
  Trick 11: rootbotz leads JC, r2_d2 plays JH -> rootbotz wins
  Trick 12: rootbotz leads QC, r2_d2 plays JS -> rootbotz wins
  Hand: rootbotz +19 / r2_d2 +10 (tricks 8-4)
  Match total: rootbotz 35 - 48 r2_d2
Players: rootbotz vs r2_d2
Dealer: r2_d2  |  Elder: rootbotz
Match scores: 35 - 48
Talon (8): 10C KC 7D JD KD AD 10S AS
rootbotz hand: 7C 8D 9D 10D QD 7H QH KH 9S JS QS KS
r2_d2 hand: 8C 9C JC QC AC 8H 9H 10H JH AH 7S 8S
  Exchange rootbotz: discard 7C 8D 9D 7H KH -> draw 7D KD AD 10S AS (talon 3 left)
  Exchange r2_d2: discard 7S 8S -> draw 10C KC (talon 1 left)

--- Phase: declare ---
  Declare point: r2_d2 wins 7 pts (('point', 7, 'C'))
  Declare sequence: r2_d2 wins 12 pts (('sequence', 7, 14, 'C'))
  Declare set: rootbotz wins 3 pts (('set', 3, 12))

--- Phase: tricks ---
  Trick  1: rootbotz leads AS, r2_d2 plays 8H -> rootbotz wins
  Trick  2: rootbotz leads AD, r2_d2 plays 8C -> rootbotz wins
  Trick  3: rootbotz leads 9S, r2_d2 plays 9H -> rootbotz wins
  Trick  4: rootbotz leads 10S, r2_d2 plays 9C -> rootbotz wins
  Trick  5: rootbotz leads JS, r2_d2 plays 10H -> rootbotz wins
  Trick  6: rootbotz leads 7D, r2_d2 plays 10C -> rootbotz wins
  Trick  7: rootbotz leads 10D, r2_d2 plays JH -> rootbotz wins
  Trick  8: rootbotz leads QS, r2_d2 plays JC -> rootbotz wins
  Trick  9: rootbotz leads QH, r2_d2 plays AH -> r2_d2 wins
  Trick 10: r2_d2 leads AC, rootbotz plays QD -> r2_d2 wins
  Trick 11: r2_d2 leads KC, rootbotz plays KS -> r2_d2 wins
  Trick 12: r2_d2 leads QC, rootbotz plays KD -> r2_d2 wins
  Hand: rootbotz +21 / r2_d2 +24 (tricks 8-4)
  Match total: rootbotz 56 - 72 r2_d2
Players: rootbotz vs r2_d2
Dealer: rootbotz  |  Elder: r2_d2
Match scores: 56 - 72
Talon (8): 9C 10C KC 7D 9D JH JS QS
rootbotz hand: 8C QC AC 8D KD 9H QH KH 7S 9S 10S KS
r2_d2 hand: 7C JC 10D JD QD AD 7H 8H 10H AH 8S AS
  Exchange r2_d2: discard 7C 7H 8H 10H 8S -> draw 9C 10C JH JS QS (talon 3 left)
  Exchange rootbotz: discard 8C 8D 9H -> draw KC 7D 9D (talon 0 left)

--- Phase: declare ---
  Declare point: r2_d2 wins 4 pts (('point', 4, 'D'))
  Declare sequence: rootbotz wins 3 pts (('sequence', 3, 14, 'C'))
  Declare set: r2_d2 wins 3 pts (('set', 3, 14))

--- Phase: tricks ---
  Trick  1: r2_d2 leads AD, rootbotz plays 7D -> r2_d2 wins
  Trick  2: r2_d2 leads AS, rootbotz plays 7S -> r2_d2 wins
  Trick  3: r2_d2 leads AH, rootbotz plays QH -> r2_d2 wins
  Trick  4: r2_d2 leads QD, rootbotz plays KD -> rootbotz wins
  Trick  5: rootbotz leads AC, r2_d2 plays 9C -> rootbotz wins
  Trick  6: rootbotz leads QC, r2_d2 plays 10C -> rootbotz wins
  Trick  7: rootbotz leads KC, r2_d2 plays JC -> rootbotz wins
  Trick  8: rootbotz leads 9S, r2_d2 plays JS -> r2_d2 wins
  Trick  9: r2_d2 leads JD, rootbotz plays 9D -> r2_d2 wins
  Trick 10: r2_d2 leads QS, rootbotz plays KS -> rootbotz wins
  Trick 11: rootbotz leads 10S, r2_d2 plays 10D -> rootbotz wins
  Trick 12: rootbotz leads KH, r2_d2 plays JH -> rootbotz wins
  Hand: rootbotz +21 / r2_d2 +12 (tricks 7-5)
  Match total: rootbotz 77 - 84 r2_d2
Players: rootbotz vs r2_d2
Dealer: r2_d2  |  Elder: rootbotz
Match scores: 77 - 84
Talon (8): 9C AC 7D 9D 7H 8H JH AS
rootbotz hand: 10C JC QC 8D 10D JD KD AD 10H KH 7S 9S
r2_d2 hand: 7C 8C KC QD 9H QH AH 8S 10S JS QS KS
  Exchange rootbotz: discard 8D KH 7S 9S -> draw 9C 7D 8H JH (talon 4 left)
  Exchange r2_d2: discard 7C 8C 9H -> draw 9D 7H AS (talon 1 left)

--- Phase: declare ---
  Declare point: r2_d2 wins 6 pts (('point', 6, 'S'))
  Declare sequence: r2_d2 wins 10 pts (('sequence', 5, 14, 'S'))
  Declare set: r2_d2 wins 3 pts (('set', 3, 12))

--- Phase: tricks ---
  Trick  1: rootbotz leads AD, r2_d2 plays 9D -> rootbotz wins
  Trick  2: rootbotz leads KD, r2_d2 plays QD -> rootbotz wins
  Trick  3: rootbotz leads 9C, r2_d2 plays KC -> r2_d2 wins
  Trick  4: r2_d2 leads AS, rootbotz plays 7D -> r2_d2 wins
  Trick  5: r2_d2 leads AH, rootbotz plays 8H -> r2_d2 wins
  Trick  6: r2_d2 leads KS, rootbotz plays 10H -> r2_d2 wins
  Trick  7: r2_d2 leads QS, rootbotz plays 10D -> r2_d2 wins
  Trick  8: r2_d2 leads JS, rootbotz plays 10C -> r2_d2 wins
  Trick  9: r2_d2 leads QH, rootbotz plays JH -> r2_d2 wins
  Trick 10: r2_d2 leads 10S, rootbotz plays JD -> r2_d2 wins
  Trick 11: r2_d2 leads 8S, rootbotz plays JC -> r2_d2 wins
  Trick 12: r2_d2 leads 7H, rootbotz plays QC -> r2_d2 wins
  Hand: rootbotz +2 / r2_d2 +40 (tricks 2-10)
  Match total: rootbotz 79 - 124 r2_d2
  Final: rootbotz 79 - 124 r2_d2
  Winner: r2_d2

============================================================
Game 67
============================================================
Players: r2_d2 vs rootbotz
Dealer: r2_d2  |  Elder: rootbotz
Match scores: 0 - 0
Talon (8): 9C QC AC 9D JH 9S 10S AS
r2_d2 hand: 7C 8C 10C 7D 8D 10D JD QD KD 7H 7S JS
rootbotz hand: JC KC AD 8H 9H 10H QH KH AH 8S QS KS
  Exchange rootbotz: discard JC 8H 9H 8S QS -> draw QC JH 9S 10S AS (talon 3 left)
  Exchange r2_d2: discard 7C 7H 7S -> draw 9C AC 9D (talon 0 left)

--- Phase: declare ---
  Declare point: r2_d2 wins 7 pts (('point', 7, 'D'))
  Declare sequence: r2_d2 wins 12 pts (('sequence', 7, 13, 'D'))
  Declare set: rootbotz wins 3 pts (('set', 3, 14))

--- Phase: tricks ---
  Trick  1: rootbotz leads AS, r2_d2 plays JS -> rootbotz wins
  Trick  2: rootbotz leads AH, r2_d2 plays 7D -> rootbotz wins
  Trick  3: rootbotz leads AD, r2_d2 plays 8D -> rootbotz wins
  Trick  4: rootbotz leads 10H, r2_d2 plays 8C -> rootbotz wins
  Trick  5: rootbotz leads JH, r2_d2 plays 9C -> rootbotz wins
  Trick  6: rootbotz leads 9S, r2_d2 plays 9D -> rootbotz wins
  Trick  7: rootbotz leads 10S, r2_d2 plays 10C -> rootbotz wins
  Trick  8: rootbotz leads QH, r2_d2 plays 10D -> rootbotz wins
  Trick  9: rootbotz leads QC, r2_d2 plays AC -> r2_d2 wins
  Trick 10: r2_d2 leads KD, rootbotz plays KC -> r2_d2 wins
  Trick 11: r2_d2 leads QD, rootbotz plays KH -> r2_d2 wins
  Trick 12: r2_d2 leads JD, rootbotz plays KS -> r2_d2 wins
  Hand: r2_d2 +24 / rootbotz +21 (tricks 4-8)
  Match total: r2_d2 24 - 21 rootbotz
Players: r2_d2 vs rootbotz
Dealer: rootbotz  |  Elder: r2_d2
Match scores: 24 - 21
Talon (8): JC AC 8D QD 7H 9H JS KS
r2_d2 hand: 10C QC 9D JD KD 10H JH AH 8S 9S 10S QS
rootbotz hand: 7C 8C 9C KC 7D 10D AD 8H QH KH 7S AS
  Exchange r2_d2: discard 9D JD JH -> draw JC 9H JS (talon 5 left)
  Exchange rootbotz: discard 7D 10D 8H QH 7S -> draw AC 8D QD 7H KS (talon 0 left)

--- Phase: declare ---
  Declare point: r2_d2 wins 5 pts (('point', 5, 'S'))
  Declare sequence: r2_d2 wins 10 pts (('sequence', 5, 12, 'S'))
  Declare set: rootbotz wins 3 pts (('set', 3, 14))

--- Phase: tricks ---
  Trick  1: r2_d2 leads AH, rootbotz plays 7H -> r2_d2 wins
  Trick  2: r2_d2 leads QS, rootbotz plays KS -> rootbotz wins
  Trick  3: rootbotz leads AD, r2_d2 plays KD -> rootbotz wins
  Trick  4: rootbotz leads AC, r2_d2 plays 10C -> rootbotz wins
  Trick  5: rootbotz leads AS, r2_d2 plays 8S -> rootbotz wins
  Trick  6: rootbotz leads KH, r2_d2 plays 9H -> rootbotz wins
  Trick  7: rootbotz leads KC, r2_d2 plays JC -> rootbotz wins
  Trick  8: rootbotz leads 7C, r2_d2 plays QC -> r2_d2 wins
  Trick  9: r2_d2 leads JS, rootbotz plays 8C -> r2_d2 wins
  Trick 10: r2_d2 leads 10S, rootbotz plays 8D -> r2_d2 wins
  Trick 11: r2_d2 leads 10H, rootbotz plays 9C -> r2_d2 wins
  Trick 12: r2_d2 leads 9S, rootbotz plays QD -> r2_d2 wins
  Hand: r2_d2 +22 / rootbotz +9 (tricks 6-6)
  Match total: r2_d2 46 - 30 rootbotz
Players: r2_d2 vs rootbotz
Dealer: r2_d2  |  Elder: rootbotz
Match scores: 46 - 30
Talon (8): 8C 10C 10D KD 7H JH 10S QS
r2_d2 hand: 9C JC 7D 9D 8H 9H QH KH 8S 9S JS AS
rootbotz hand: 7C QC KC AC 8D JD QD AD 10H AH 7S KS
  Exchange rootbotz: discard 7C 8D QD 10H 7S -> draw 10D 7H JH 10S QS (talon 3 left)
  Exchange r2_d2: discard 9C 7D 9D -> draw 8C 10C KD (talon 0 left)

--- Phase: declare ---
  Declare point: r2_d2 wins 4 pts (('point', 4, 'S'))
  Declare sequence: rootbotz wins 3 pts (('sequence', 3, 14, 'C'))
  Declare set: rootbotz wins 3 pts (('set', 3, 14))

--- Phase: tricks ---
  Trick  1: rootbotz leads AH, r2_d2 plays 8H -> rootbotz wins
  Trick  2: rootbotz leads AD, r2_d2 plays KD -> rootbotz wins
  Trick  3: rootbotz leads AC, r2_d2 plays 8C -> rootbotz wins
  Trick  4: rootbotz leads QC, r2_d2 plays 10C -> rootbotz wins
  Trick  5: rootbotz leads KC, r2_d2 plays JC -> rootbotz wins
  Trick  6: rootbotz leads 10D, r2_d2 plays 8S -> rootbotz wins
  Trick  7: rootbotz leads JD, r2_d2 plays 9H -> rootbotz wins
  Trick  8: rootbotz leads QS, r2_d2 plays AS -> r2_d2 wins
  Trick  9: r2_d2 leads KH, rootbotz plays 7H -> r2_d2 wins
  Trick 10: r2_d2 leads QH, rootbotz plays JH -> r2_d2 wins
  Trick 11: r2_d2 leads JS, rootbotz plays KS -> rootbotz wins
  Trick 12: rootbotz leads 10S, r2_d2 plays 9S -> rootbotz wins
  Hand: r2_d2 +7 / rootbotz +26 (tricks 3-9)
  Match total: r2_d2 53 - 56 rootbotz
Players: r2_d2 vs rootbotz
Dealer: rootbotz  |  Elder: r2_d2
Match scores: 53 - 56
Talon (8): 9C AC 10D JD 7H QH 10S KS
r2_d2 hand: 8C 10C QC 7D 9D QD KH 7S 9S JS QS AS
rootbotz hand: 7C JC KC 8D KD AD 8H 9H 10H JH AH 8S
  Exchange r2_d2: discard 8C 10C 7D 9D -> draw 9C AC 10D 10S (talon 4 left)
  Exchange rootbotz: discard 7C JC 8D 8S -> draw JD 7H QH KS (talon 0 left)

--- Phase: declare ---
  Declare point: rootbotz wins 7 pts (('point', 7, 'H'))
  Declare sequence: rootbotz wins 11 pts (('sequence', 6, 12, 'H'))
  Declare set: rootbotz wins 3 pts (('set', 3, 13))

--- Phase: tricks ---
  Trick  1: r2_d2 leads AS, rootbotz plays KS -> r2_d2 wins
  Trick  2: r2_d2 leads AC, rootbotz plays KC -> r2_d2 wins
  Trick  3: r2_d2 leads QS, rootbotz plays 7H -> r2_d2 wins
  Trick  4: r2_d2 leads JS, rootbotz plays 8H -> r2_d2 wins
  Trick  5: r2_d2 leads 10S, rootbotz plays 9H -> r2_d2 wins
  Trick  6: r2_d2 leads QD, rootbotz plays KD -> rootbotz wins
  Trick  7: rootbotz leads AH, r2_d2 plays KH -> rootbotz wins
  Trick  8: rootbotz leads AD, r2_d2 plays 10D -> rootbotz wins
  Trick  9: rootbotz leads JD, r2_d2 plays 7S -> rootbotz wins
  Trick 10: rootbotz leads 10H, r2_d2 plays 9S -> rootbotz wins
  Trick 11: rootbotz leads JH, r2_d2 plays 9C -> rootbotz wins
  Trick 12: rootbotz leads QH, r2_d2 plays QC -> rootbotz wins
  Hand: r2_d2 +5 / rootbotz +39 (tricks 5-7)
  Match total: r2_d2 58 - 95 rootbotz
Players: r2_d2 vs rootbotz
Dealer: r2_d2  |  Elder: rootbotz
Match scores: 58 - 95
Talon (8): 7C 9C 10C 10H QH AH 10S AS
r2_d2 hand: 8C 8D 9D 10D KD AD 7H 8H JH 8S 9S QS
rootbotz hand: JC QC KC AC 7D JD QD 9H KH 7S JS KS
  Exchange rootbotz: discard 7D JD QD 9H 7S -> draw 7C 9C 10H AH 10S (talon 3 left)
  Exchange r2_d2: discard 8C 7H 8S -> draw 10C QH AS (talon 0 left)

--- Phase: declare ---
  Declare point: rootbotz wins 6 pts (('point', 6, 'C'))
  Declare sequence: rootbotz wins 4 pts (('sequence', 4, 14, 'C'))
  Declare set: rootbotz wins 3 pts (('set', 3, 13))

--- Phase: tricks ---
  Trick  1: rootbotz leads AH, r2_d2 plays 8H -> rootbotz wins
  Trick  2: rootbotz leads AC, r2_d2 plays 10C -> rootbotz wins
  Trick  3: rootbotz leads JC, r2_d2 plays 8D -> rootbotz wins
  Trick  4: rootbotz leads QC, r2_d2 plays 9S -> rootbotz wins
  Trick  5: rootbotz leads KH, r2_d2 plays JH -> rootbotz wins
  Trick  6: rootbotz leads KC, r2_d2 plays 9D -> rootbotz wins
  Trick  7: rootbotz leads 9C, r2_d2 plays 10D -> rootbotz wins
  Trick  8: rootbotz leads KS, r2_d2 plays AS -> r2_d2 wins
  Trick  9: r2_d2 leads AD, rootbotz plays 7C -> r2_d2 wins
  Trick 10: r2_d2 leads KD, rootbotz plays 10H -> r2_d2 wins
  Trick 11: r2_d2 leads QS, rootbotz plays 10S -> r2_d2 wins
  Trick 12: r2_d2 leads QH, rootbotz plays JS -> r2_d2 wins
  Hand: r2_d2 +6 / rootbotz +30 (tricks 5-7)
  Match total: r2_d2 64 - 125 rootbotz
  Final: r2_d2 64 - 125 rootbotz
  Winner: rootbotz

============================================================
Game 68
============================================================
Players: rootbotz vs r2_d2
Dealer: rootbotz  |  Elder: r2_d2
Match scores: 0 - 0
Talon (8): 10C QC KC 9D QD 10H 8S AS
rootbotz hand: 9C 7D 8D 10D KD AD 8H 9H KH 7S 10S KS
r2_d2 hand: 7C 8C JC AC JD 7H JH QH AH 9S JS QS
  Exchange r2_d2: discard 7C 8C 9S QS -> draw 9D QD 8S AS (talon 4 left)
  Exchange rootbotz: discard 8H 9H 7S 10S -> draw 10C QC KC 10H (talon 0 left)

--- Phase: declare ---
  Declare point: rootbotz wins 5 pts (('point', 5, 'D'))
  Declare set: r2_d2 wins 3 pts (('set', 3, 14))

--- Phase: tricks ---
  Trick  1: r2_d2 leads AH, rootbotz plays 10H -> r2_d2 wins
  Trick  2: r2_d2 leads AS, rootbotz plays KS -> r2_d2 wins
  Trick  3: r2_d2 leads AC, rootbotz plays 9C -> r2_d2 wins
  Trick  4: r2_d2 leads QH, rootbotz plays KH -> rootbotz wins
  Trick  5: rootbotz leads AD, r2_d2 plays 9D -> rootbotz wins
  Trick  6: rootbotz leads KD, r2_d2 plays JD -> rootbotz wins
  Trick  7: rootbotz leads 10D, r2_d2 plays QD -> r2_d2 wins
  Trick  8: r2_d2 leads JH, rootbotz plays 7D -> r2_d2 wins
  Trick  9: r2_d2 leads JS, rootbotz plays 8D -> r2_d2 wins
  Trick 10: r2_d2 leads JC, rootbotz plays QC -> rootbotz wins
  Trick 11: rootbotz leads 10C, r2_d2 plays 7H -> rootbotz wins
  Trick 12: rootbotz leads KC, r2_d2 plays 8S -> rootbotz wins
  Hand: rootbotz +12 / r2_d2 +9 (tricks 6-6)
  Match total: rootbotz 12 - 9 r2_d2
Players: rootbotz vs r2_d2
Dealer: r2_d2  |  Elder: rootbotz
Match scores: 12 - 9
Talon (8): 7C AC QD 8H QH AH 8S 10S
rootbotz hand: 8C 9C 10C QC KC 10D JD 7H JH KH JS QS
r2_d2 hand: JC 7D 8D 9D KD AD 9H 10H 7S 9S KS AS
  Exchange rootbotz: discard 10D 7H KH -> draw AC 8H QH (talon 5 left)
  Exchange r2_d2: discard JC 9H 10H 7S 9S -> draw 7C QD AH 8S 10S (talon 0 left)

--- Phase: declare ---
  Declare point: rootbotz wins 6 pts (('point', 6, 'C'))
  Declare set: r2_d2 wins 3 pts (('set', 3, 14))

--- Phase: tricks ---
  Trick  1: rootbotz leads AC, r2_d2 plays 7C -> rootbotz wins
  Trick  2: rootbotz leads QC, r2_d2 plays 7D -> rootbotz wins
  Trick  3: rootbotz leads KC, r2_d2 plays 8S -> rootbotz wins
  Trick  4: rootbotz leads 8C, r2_d2 plays 8D -> rootbotz wins
  Trick  5: rootbotz leads 9C, r2_d2 plays 9D -> rootbotz wins
  Trick  6: rootbotz leads 10C, r2_d2 plays 10S -> rootbotz wins
  Trick  7: rootbotz leads JH, r2_d2 plays AH -> r2_d2 wins
  Trick  8: r2_d2 leads AD, rootbotz plays JD -> r2_d2 wins
  Trick  9: r2_d2 leads AS, rootbotz plays JS -> r2_d2 wins
  Trick 10: r2_d2 leads KD, rootbotz plays 8H -> r2_d2 wins
  Trick 11: r2_d2 leads KS, rootbotz plays QS -> r2_d2 wins
  Trick 12: r2_d2 leads QD, rootbotz plays QH -> r2_d2 wins
  Hand: rootbotz +12 / r2_d2 +10 (tricks 6-6)
  Match total: rootbotz 24 - 19 r2_d2
Players: rootbotz vs r2_d2
Dealer: rootbotz  |  Elder: r2_d2
Match scores: 24 - 19
Talon (8): JC 7D 8D 9D 10D 9H JS KS
rootbotz hand: 8C JD QD 7H 8H JH QH KH 8S 10S QS AS
r2_d2 hand: 7C 9C 10C QC KC AC KD AD 10H AH 7S 9S
  Exchange r2_d2: discard 10H 7S 9S -> draw 7D 9D JS (talon 5 left)
  Exchange rootbotz: discard 8C JD 7H 8H 10S -> draw JC 8D 10D 9H KS (talon 0 left)

--- Phase: declare ---
  Declare point: r2_d2 wins 6 pts (('point', 6, 'C'))
  Declare set: r2_d2 wins 3 pts (('set', 3, 14))

--- Phase: tricks ---
  Trick  1: r2_d2 leads AC, rootbotz plays JC -> r2_d2 wins
  Trick  2: r2_d2 leads AD, rootbotz plays 8D -> r2_d2 wins
  Trick  3: r2_d2 leads AH, rootbotz plays 9H -> r2_d2 wins
  Trick  4: r2_d2 leads KC, rootbotz plays 8S -> r2_d2 wins
  Trick  5: r2_d2 leads QC, rootbotz plays 10D -> r2_d2 wins
  Trick  6: r2_d2 leads KD, rootbotz plays QD -> r2_d2 wins
  Trick  7: r2_d2 leads 10C, rootbotz plays JH -> r2_d2 wins
  Trick  8: r2_d2 leads 9D, rootbotz plays QH -> r2_d2 wins
  Trick  9: r2_d2 leads 9C, rootbotz plays QS -> r2_d2 wins
  Trick 10: r2_d2 leads JS, rootbotz plays KS -> rootbotz wins
  Trick 11: rootbotz leads AS, r2_d2 plays 7C -> rootbotz wins
  Trick 12: rootbotz leads KH, r2_d2 plays 7D -> rootbotz wins
  Hand: rootbotz +4 / r2_d2 +28 (tricks 3-9)
  Match total: rootbotz 28 - 47 r2_d2
Players: rootbotz vs r2_d2
Dealer: r2_d2  |  Elder: rootbotz
Match scores: 28 - 47
Talon (8): 7C JD QD KD AD 10H AH 8S
rootbotz hand: 9C 10C QC AC 9D 10D 9H JH KH 10S QS AS
r2_d2 hand: 8C JC KC 7D 8D 7H 8H QH 7S 9S JS KS
  Exchange rootbotz: discard 9D 9H JH KH -> draw AD 10H AH 8S (talon 4 left)
  Exchange r2_d2: discard 7D 8D 7H 8H -> draw 7C JD QD KD (talon 0 left)

--- Phase: declare ---
  Declare point: rootbotz wins 4 pts (('point', 4, 'C'))
  Declare sequence: r2_d2 wins 3 pts (('sequence', 3, 13, 'D'))
  Declare set: rootbotz wins 14 pts (('set', 4, 14))

--- Phase: tricks ---
  Trick  1: rootbotz leads AS, r2_d2 plays 7S -> rootbotz wins
  Trick  2: rootbotz leads AH, r2_d2 plays QH -> rootbotz wins
  Trick  3: rootbotz leads AD, r2_d2 plays JD -> rootbotz wins
  Trick  4: rootbotz leads AC, r2_d2 plays 7C -> rootbotz wins
  Trick  5: rootbotz leads 10H, r2_d2 plays 8C -> rootbotz wins
  Trick  6: rootbotz leads QS, r2_d2 plays KS -> r2_d2 wins
  Trick  7: r2_d2 leads KC, rootbotz plays 9C -> r2_d2 wins
  Trick  8: r2_d2 leads KD, rootbotz plays 10D -> r2_d2 wins
  Trick  9: r2_d2 leads QD, rootbotz plays 8S -> r2_d2 wins
  Trick 10: r2_d2 leads JS, rootbotz plays 10S -> r2_d2 wins
  Trick 11: r2_d2 leads JC, rootbotz plays QC -> rootbotz wins
  Trick 12: rootbotz leads 10C, r2_d2 plays 9S -> rootbotz wins
  Hand: rootbotz +36 / r2_d2 +8 (tricks 7-5)
  Match total: rootbotz 64 - 55 r2_d2
Players: rootbotz vs r2_d2
Dealer: rootbotz  |  Elder: r2_d2
Match scores: 64 - 55
Talon (8): 10C JC 7D 10D KH JS QS KS
rootbotz hand: 8C AC 8D JD KD 7H 9H JH QH AH 7S 10S
r2_d2 hand: 7C 9C QC KC 9D QD AD 8H 10H 8S 9S AS
  Exchange r2_d2: discard 9D 8H 10H 8S 9S -> draw 10C JC JS QS KS (talon 3 left)
  Exchange rootbotz: discard 8C 7S 10S -> draw 7D 10D KH (talon 0 left)

--- Phase: declare ---
  Declare point: rootbotz wins 6 pts (('point', 6, 'H'))
  Declare sequence: r2_d2 wins 10 pts (('sequence', 5, 13, 'C'))
  Declare set: r2_d2 wins 3 pts (('set', 3, 12))

--- Phase: tricks ---
  Trick  1: r2_d2 leads AS, rootbotz plays 7D -> r2_d2 wins
  Trick  2: r2_d2 leads AD, rootbotz plays 8D -> r2_d2 wins
  Trick  3: r2_d2 leads KS, rootbotz plays 7H -> r2_d2 wins
  Trick  4: r2_d2 leads QS, rootbotz plays 9H -> r2_d2 wins
  Trick  5: r2_d2 leads KC, rootbotz plays AC -> rootbotz wins
  Trick  6: rootbotz leads AH, r2_d2 plays 7C -> rootbotz wins
  Trick  7: rootbotz leads JH, r2_d2 plays 9C -> rootbotz wins
  Trick  8: rootbotz leads QH, r2_d2 plays 10C -> rootbotz wins
  Trick  9: rootbotz leads KH, r2_d2 plays JS -> rootbotz wins
  Trick 10: rootbotz leads KD, r2_d2 plays QD -> rootbotz wins
  Trick 11: rootbotz leads 10D, r2_d2 plays JC -> rootbotz wins
  Trick 12: rootbotz leads JD, r2_d2 plays QC -> rootbotz wins
  Hand: rootbotz +25 / r2_d2 +17 (tricks 8-4)
  Match total: rootbotz 89 - 72 r2_d2
Players: rootbotz vs r2_d2
Dealer: r2_d2  |  Elder: rootbotz
Match scores: 89 - 72
Talon (8): 8C 9C 10C 8D KD AH 7S KS
rootbotz hand: KC 9D 10D AD 7H 8H 9H QH KH 8S 9S JS
r2_d2 hand: 7C JC QC AC 7D JD QD 10H JH 10S QS AS
  Exchange rootbotz: discard 9D 10D 8S 9S JS -> draw 8C 10C KD AH KS (talon 3 left)
  Exchange r2_d2: discard 7D 10H 10S -> draw 9C 8D 7S (talon 0 left)

--- Phase: declare ---
  Declare point: rootbotz wins 6 pts (('point', 6, 'H'))
  Declare sequence: rootbotz wins 3 pts (('sequence', 3, 14, 'H'))
  Declare set: rootbotz wins 14 pts (('set', 4, 13))

--- Phase: tricks ---
  Trick  1: rootbotz leads AH, r2_d2 plays JH -> rootbotz wins
  Trick  2: rootbotz leads AD, r2_d2 plays 8D -> rootbotz wins
  Trick  3: rootbotz leads QH, r2_d2 plays 7S -> rootbotz wins
  Trick  4: rootbotz leads KH, r2_d2 plays 7C -> rootbotz wins
  Trick  5: rootbotz leads KD, r2_d2 plays JD -> rootbotz wins
  Trick  6: rootbotz leads KS, r2_d2 plays AS -> r2_d2 wins
  Trick  7: r2_d2 leads AC, rootbotz plays 8C -> r2_d2 wins
  Trick  8: r2_d2 leads QD, rootbotz plays 7H -> r2_d2 wins
  Trick  9: r2_d2 leads QS, rootbotz plays 8H -> r2_d2 wins
  Trick 10: r2_d2 leads QC, rootbotz plays KC -> rootbotz wins
  Trick 11: rootbotz leads 10C, r2_d2 plays JC -> r2_d2 wins
  Trick 12: r2_d2 leads 9C, rootbotz plays 9H -> r2_d2 wins
  Hand: rootbotz +29 / r2_d2 +7 (tricks 6-6)
  Match total: rootbotz 118 - 79 r2_d2
  Final: rootbotz 118 - 79 r2_d2
  Winner: rootbotz

============================================================
Game 69
============================================================
Players: r2_d2 vs rootbotz
Dealer: r2_d2  |  Elder: rootbotz
Match scores: 0 - 0
Talon (8): AC JD KD 8H 9H JH JS KS
r2_d2 hand: JC QC KC 7D 10D 7H QH KH 7S 10S QS AS
rootbotz hand: 7C 8C 9C 10C 8D 9D QD AD 10H AH 8S 9S
  Exchange rootbotz: discard 8D 9D QD 8S 9S -> draw AC JD 9H JS KS (talon 3 left)
  Exchange r2_d2: discard 7D 10D 7H -> draw KD 8H JH (talon 0 left)

--- Phase: declare ---
  Declare point: rootbotz wins 5 pts (('point', 5, 'C'))
  Declare sequence: rootbotz wins 4 pts (('sequence', 4, 10, 'C'))
  Declare set: rootbotz wins 3 pts (('set', 3, 14))

--- Phase: tricks ---
  Trick  1: rootbotz leads AH, r2_d2 plays 8H -> rootbotz wins
  Trick  2: rootbotz leads AD, r2_d2 plays KD -> rootbotz wins
  Trick  3: rootbotz leads AC, r2_d2 plays JC -> rootbotz wins
  Trick  4: rootbotz leads JD, r2_d2 plays 7S -> rootbotz wins
  Trick  5: rootbotz leads KS, r2_d2 plays AS -> r2_d2 wins
  Trick  6: r2_d2 leads KH, rootbotz plays 9H -> r2_d2 wins
  Trick  7: r2_d2 leads KC, rootbotz plays 7C -> r2_d2 wins
  Trick  8: r2_d2 leads QS, rootbotz plays JS -> r2_d2 wins
  Trick  9: r2_d2 leads QH, rootbotz plays 10H -> r2_d2 wins
  Trick 10: r2_d2 leads QC, rootbotz plays 8C -> r2_d2 wins
  Trick 11: r2_d2 leads JH, rootbotz plays 9C -> r2_d2 wins
  Trick 12: r2_d2 leads 10S, rootbotz plays 10C -> r2_d2 wins
  Hand: r2_d2 +19 / rootbotz +16 (tricks 8-4)
  Match total: r2_d2 19 - 16 rootbotz
Players: r2_d2 vs rootbotz
Dealer: rootbotz  |  Elder: r2_d2
Match scores: 19 - 16
Talon (8): JC JD 7H 8H 9H 9S JS QS
r2_d2 hand: 7C 9C QC KC 7D 8D 9D QD 10H AH 8S AS
rootbotz hand: 8C 10C AC 10D KD AD JH QH KH 7S 10S KS
  Exchange r2_d2: discard 7C 9C QC 10H 8S -> draw JC JD 7H 9S JS (talon 3 left)
  Exchange rootbotz: discard 8C 7S 10S -> draw 8H 9H QS (talon 0 left)

--- Phase: declare ---
  Declare point: rootbotz wins 5 pts (('point', 5, 'H'))
  Declare sequence: rootbotz wins 3 pts (('sequence', 3, 13, 'H'))
  Declare set: rootbotz wins 3 pts (('set', 3, 13))

--- Phase: tricks ---
  Trick  1: r2_d2 leads AS, rootbotz plays QS -> r2_d2 wins
  Trick  2: r2_d2 leads AH, rootbotz plays 8H -> r2_d2 wins
  Trick  3: r2_d2 leads QD, rootbotz plays KD -> rootbotz wins
  Trick  4: rootbotz leads AC, r2_d2 plays JC -> rootbotz wins
  Trick  5: rootbotz leads AD, r2_d2 plays 7D -> rootbotz wins
  Trick  6: rootbotz leads JH, r2_d2 plays 7H -> rootbotz wins
  Trick  7: rootbotz leads 9H, r2_d2 plays 8D -> rootbotz wins
  Trick  8: rootbotz leads QH, r2_d2 plays 9D -> rootbotz wins
  Trick  9: rootbotz leads KS, r2_d2 plays 9S -> rootbotz wins
  Trick 10: rootbotz leads KH, r2_d2 plays JD -> rootbotz wins
  Trick 11: rootbotz leads 10C, r2_d2 plays KC -> r2_d2 wins
  Trick 12: r2_d2 leads JS, rootbotz plays 10D -> r2_d2 wins
  Hand: r2_d2 +5 / rootbotz +29 (tricks 4-8)
  Match total: r2_d2 24 - 45 rootbotz
Players: r2_d2 vs rootbotz
Dealer: r2_d2  |  Elder: rootbotz
Match scores: 24 - 45
Talon (8): QC 7D 10D AD JH QH KH QS
r2_d2 hand: 7C 8C 9C 10C KC 8D KD 7H 8H AH 7S AS
rootbotz hand: JC AC 9D JD QD 9H 10H 8S 9S 10S JS KS
  Exchange rootbotz: discard 9D QD 9H 10H KS -> draw QC 10D AD QH QS (talon 3 left)
  Exchange r2_d2: discard 8D 7H 7S -> draw 7D JH KH (talon 0 left)

--- Phase: declare ---
  Declare point: rootbotz wins 5 pts (('point', 5, 'S'))
  Declare sequence: rootbotz wins 10 pts (('sequence', 5, 12, 'S'))
  Declare set: r2_d2 wins 3 pts (('set', 3, 13))

--- Phase: tricks ---
  Trick  1: rootbotz leads AD, r2_d2 plays 7D -> rootbotz wins
  Trick  2: rootbotz leads AC, r2_d2 plays 7C -> rootbotz wins
  Trick  3: rootbotz leads 8S, r2_d2 plays AS -> r2_d2 wins
  Trick  4: r2_d2 leads AH, rootbotz plays QH -> r2_d2 wins
  Trick  5: r2_d2 leads KC, rootbotz plays JC -> r2_d2 wins
  Trick  6: r2_d2 leads KH, rootbotz plays 9S -> r2_d2 wins
  Trick  7: r2_d2 leads KD, rootbotz plays 10D -> r2_d2 wins
  Trick  8: r2_d2 leads 10C, rootbotz plays QC -> rootbotz wins
  Trick  9: rootbotz leads JD, r2_d2 plays 8C -> rootbotz wins
  Trick 10: rootbotz leads 10S, r2_d2 plays 8H -> rootbotz wins
  Trick 11: rootbotz leads JS, r2_d2 plays 9C -> rootbotz wins
  Trick 12: rootbotz leads QS, r2_d2 plays JH -> rootbotz wins
  Hand: r2_d2 +8 / rootbotz +33 (tricks 5-7)
  Match total: r2_d2 32 - 78 rootbotz
Players: r2_d2 vs rootbotz
Dealer: rootbotz  |  Elder: r2_d2
Match scores: 32 - 78
Talon (8): 9D JD 10H JH AH 8S JS AS
r2_d2 hand: 7C 8C 9C QC 7D KD AD QH KH 7S QS KS
rootbotz hand: 10C JC KC AC 8D 10D QD 7H 8H 9H 9S 10S
  Exchange r2_d2: discard 7D 7S -> draw 10H 8S (talon 6 left)
  Exchange rootbotz: discard 8D 7H 8H 9H 9S -> draw JD JH AH JS AS (talon 1 left)

--- Phase: declare ---
  Declare point: rootbotz wins 4 pts (('point', 4, 'C'))
  Declare sequence: rootbotz wins 3 pts (('sequence', 3, 12, 'D'))
  Declare set: rootbotz wins 3 pts (('set', 3, 14))

--- Phase: tricks ---
  Trick  1: r2_d2 leads AD, rootbotz plays 10D -> r2_d2 wins
  Trick  2: r2_d2 leads KD, rootbotz plays JD -> r2_d2 wins
  Trick  3: r2_d2 leads QC, rootbotz plays KC -> rootbotz wins
  Trick  4: rootbotz leads AS, r2_d2 plays 8S -> rootbotz wins
  Trick  5: rootbotz leads AH, r2_d2 plays 10H -> rootbotz wins
  Trick  6: rootbotz leads AC, r2_d2 plays 7C -> rootbotz wins
  Trick  7: rootbotz leads 10C, r2_d2 plays 8C -> rootbotz wins
  Trick  8: rootbotz leads JC, r2_d2 plays 9C -> rootbotz wins
  Trick  9: rootbotz leads QD, r2_d2 plays QH -> rootbotz wins
  Trick 10: rootbotz leads 10S, r2_d2 plays QS -> r2_d2 wins
  Trick 11: r2_d2 leads KH, rootbotz plays JH -> r2_d2 wins
  Trick 12: r2_d2 leads KS, rootbotz plays JS -> r2_d2 wins
  Hand: r2_d2 +6 / rootbotz +27 (tricks 5-7)
  Match total: r2_d2 38 - 105 rootbotz
  Final: r2_d2 38 - 105 rootbotz
  Winner: rootbotz

============================================================
Game 70
============================================================
Players: rootbotz vs r2_d2
Dealer: rootbotz  |  Elder: r2_d2
Match scores: 0 - 0
Talon (8): 9D 10D 10H JH KH 7S 9S JS
rootbotz hand: 10C JC AC 7D 8D JD QD KD 9H 10S QS KS
r2_d2 hand: 7C 8C 9C QC KC AD 7H 8H QH AH 8S AS
  Exchange r2_d2: discard 7H 8H QH 8S -> draw 9D JH 7S JS (talon 4 left)
  Exchange rootbotz: discard 10C JC 9H 10S -> draw 10D 10H KH 9S (talon 0 left)

--- Phase: declare ---
  Declare point: rootbotz wins 6 pts (('point', 6, 'D'))
  Declare sequence: rootbotz wins 4 pts (('sequence', 4, 13, 'D'))
  Declare set: r2_d2 wins 3 pts (('set', 3, 14))

--- Phase: tricks ---
  Trick  1: r2_d2 leads AS, rootbotz plays 9S -> r2_d2 wins
  Trick  2: r2_d2 leads AD, rootbotz plays 7D -> r2_d2 wins
  Trick  3: r2_d2 leads AH, rootbotz plays 10H -> r2_d2 wins
  Trick  4: r2_d2 leads KC, rootbotz plays AC -> rootbotz wins
  Trick  5: rootbotz leads 10D, r2_d2 plays 9D -> rootbotz wins
  Trick  6: rootbotz leads 8D, r2_d2 plays 7S -> rootbotz wins
  Trick  7: rootbotz leads JD, r2_d2 plays 7C -> rootbotz wins
  Trick  8: rootbotz leads QS, r2_d2 plays JS -> rootbotz wins
  Trick  9: rootbotz leads QD, r2_d2 plays 8C -> rootbotz wins
  Trick 10: rootbotz leads KS, r2_d2 plays 9C -> rootbotz wins
  Trick 11: rootbotz leads KH, r2_d2 plays JH -> rootbotz wins
  Trick 12: rootbotz leads KD, r2_d2 plays QC -> rootbotz wins
  Hand: rootbotz +30 / r2_d2 +6 (tricks 9-3)
  Match total: rootbotz 30 - 6 r2_d2
Players: rootbotz vs r2_d2
Dealer: r2_d2  |  Elder: rootbotz
Match scores: 30 - 6
Talon (8): KC 9D 10D 9H 10H 8S 9S 10S
rootbotz hand: 8C 9C QC AC 8D JD QD 7H 8H JH KH KS
r2_d2 hand: 7C 10C JC 7D KD AD QH AH 7S JS QS AS
  Exchange rootbotz: discard JD 7H 8H JH -> draw 10D 10H 8S 9S (talon 4 left)
  Exchange r2_d2: discard 7C 10C JC 7D -> draw KC 9D 9H 10S (talon 0 left)

--- Phase: declare ---
  Declare point: r2_d2 wins 5 pts (('point', 5, 'S'))
  Declare sequence: r2_d2 wins 3 pts (('sequence', 3, 12, 'S'))
  Declare set: r2_d2 wins 3 pts (('set', 3, 14))

--- Phase: tricks ---
  Trick  1: rootbotz leads AC, r2_d2 plays KC -> rootbotz wins
  Trick  2: rootbotz leads QC, r2_d2 plays 7S -> rootbotz wins
  Trick  3: rootbotz leads 8C, r2_d2 plays 9D -> rootbotz wins
  Trick  4: rootbotz leads 9C, r2_d2 plays 9H -> rootbotz wins
  Trick  5: rootbotz leads 8S, r2_d2 plays 10S -> r2_d2 wins
  Trick  6: r2_d2 leads AS, rootbotz plays 9S -> r2_d2 wins
  Trick  7: r2_d2 leads AH, rootbotz plays 10H -> r2_d2 wins
  Trick  8: r2_d2 leads AD, rootbotz plays 8D -> r2_d2 wins
  Trick  9: r2_d2 leads KD, rootbotz plays 10D -> r2_d2 wins
  Trick 10: r2_d2 leads QS, rootbotz plays KS -> rootbotz wins
  Trick 11: rootbotz leads QD, r2_d2 plays JS -> rootbotz wins
  Trick 12: rootbotz leads KH, r2_d2 plays QH -> rootbotz wins
  Hand: rootbotz +18 / r2_d2 +16 (tricks 7-5)
  Match total: rootbotz 48 - 22 r2_d2
Players: rootbotz vs r2_d2
Dealer: rootbotz  |  Elder: r2_d2
Match scores: 48 - 22
Talon (8): 8C 10C 10D 8H JH 9S JS KS
rootbotz hand: 7C JC KC 8D QD KD AD 9H 10H 7S 10S QS
r2_d2 hand: 9C QC AC 7D 9D JD 7H QH KH AH 8S AS
  Exchange r2_d2: discard 9C 7D 9D JD 8S -> draw 8C 8H JH 9S KS (talon 3 left)
  Exchange rootbotz: discard 7C JC 7S -> draw 10C 10D JS (talon 0 left)

--- Phase: declare ---
  Declare point: r2_d2 wins 6 pts (('point', 6, 'H'))
  Declare sequence: r2_d2 wins 4 pts (('sequence', 4, 14, 'H'))
  Declare set: r2_d2 wins 3 pts (('set', 3, 14))

--- Phase: tricks ---
  Trick  1: r2_d2 leads AH, rootbotz plays 9H -> r2_d2 wins
  Trick  2: r2_d2 leads AC, rootbotz plays 10C -> r2_d2 wins
  Trick  3: r2_d2 leads AS, rootbotz plays 10S -> r2_d2 wins
  Trick  4: r2_d2 leads KH, rootbotz plays 10H -> r2_d2 wins
  Trick  5: r2_d2 leads QH, rootbotz plays 8D -> r2_d2 wins
  Trick  6: r2_d2 leads KS, rootbotz plays JS -> r2_d2 wins
  Trick  7: r2_d2 leads JH, rootbotz plays 10D -> r2_d2 wins
  Trick  8: r2_d2 leads QC, rootbotz plays KC -> rootbotz wins
  Trick  9: rootbotz leads AD, r2_d2 plays 7H -> rootbotz wins
  Trick 10: rootbotz leads QD, r2_d2 plays 8C -> rootbotz wins
  Trick 11: rootbotz leads KD, r2_d2 plays 8H -> rootbotz wins
  Trick 12: rootbotz leads QS, r2_d2 plays 9S -> rootbotz wins
  Hand: rootbotz +6 / r2_d2 +30 (tricks 5-7)
  Match total: rootbotz 54 - 52 r2_d2
Players: rootbotz vs r2_d2
Dealer: r2_d2  |  Elder: rootbotz
Match scores: 54 - 52
Talon (8): 8D 10D 7H 8H QH 10S JS AS
rootbotz hand: 8C JC QC KC 7D JD AD 10H 7S 9S QS KS
r2_d2 hand: 7C 9C 10C AC 9D QD KD 9H JH KH AH 8S
  Exchange rootbotz: discard 8C 7D 10H 7S 9S -> draw 7H 8H QH 10S JS (talon 3 left)
  Exchange r2_d2: discard 9D QD 8S -> draw 8D 10D AS (talon 0 left)

--- Phase: declare ---
  Declare sequence: rootbotz wins 4 pts (('sequence', 4, 13, 'S'))
  Declare set: r2_d2 wins 3 pts (('set', 3, 14))

--- Phase: tricks ---
  Trick  1: rootbotz leads AD, r2_d2 plays 8D -> rootbotz wins
  Trick  2: rootbotz leads 10S, r2_d2 plays AS -> r2_d2 wins
  Trick  3: r2_d2 leads AC, rootbotz plays JC -> r2_d2 wins
  Trick  4: r2_d2 leads AH, rootbotz plays 7H -> r2_d2 wins
  Trick  5: r2_d2 leads KH, rootbotz plays 8H -> r2_d2 wins
  Trick  6: r2_d2 leads KD, rootbotz plays JD -> r2_d2 wins
  Trick  7: r2_d2 leads 10C, rootbotz plays QC -> rootbotz wins
  Trick  8: rootbotz leads QH, r2_d2 plays 9H -> rootbotz wins
  Trick  9: rootbotz leads KC, r2_d2 plays 7C -> rootbotz wins
  Trick 10: rootbotz leads JS, r2_d2 plays 9C -> rootbotz wins
  Trick 11: rootbotz leads QS, r2_d2 plays 10D -> rootbotz wins
  Trick 12: rootbotz leads KS, r2_d2 plays JH -> rootbotz wins
  Hand: rootbotz +22 / r2_d2 +8 (tricks 7-5)
  Match total: rootbotz 76 - 60 r2_d2
Players: rootbotz vs r2_d2
Dealer: rootbotz  |  Elder: r2_d2
Match scores: 76 - 60
Talon (8): 8C JC KC 7H 8H 9H 10H 7S
rootbotz hand: 7C 10C 8D JD QD KD AD JH KH JS QS AS
r2_d2 hand: 9C QC AC 7D 9D 10D QH AH 8S 9S 10S KS
  Exchange r2_d2: discard 9C 7D 9D 10D QH -> draw 8C 7H 8H 10H 7S (talon 3 left)
  Exchange rootbotz: discard 7C 10C QS -> draw JC KC 9H (talon 0 left)

--- Phase: declare ---
  Declare point: rootbotz wins 5 pts (('point', 5, 'D'))
  Declare sequence: rootbotz wins 4 pts (('sequence', 4, 14, 'D'))
  Declare set: rootbotz wins 3 pts (('set', 3, 13))

--- Phase: tricks ---
  Trick  1: r2_d2 leads AH, rootbotz plays 9H -> r2_d2 wins
  Trick  2: r2_d2 leads AC, rootbotz plays JC -> r2_d2 wins
  Trick  3: r2_d2 leads KS, rootbotz plays AS -> rootbotz wins
  Trick  4: rootbotz leads AD, r2_d2 plays 7H -> rootbotz wins
  Trick  5: rootbotz leads JD, r2_d2 plays 7S -> rootbotz wins
  Trick  6: rootbotz leads QD, r2_d2 plays 8C -> rootbotz wins
  Trick  7: rootbotz leads KH, r2_d2 plays 8H -> rootbotz wins
  Trick  8: rootbotz leads KD, r2_d2 plays 8S -> rootbotz wins
  Trick  9: rootbotz leads 8D, r2_d2 plays 9S -> rootbotz wins
  Trick 10: rootbotz leads JH, r2_d2 plays 10H -> rootbotz wins
  Trick 11: rootbotz leads KC, r2_d2 plays QC -> rootbotz wins
  Trick 12: rootbotz leads JS, r2_d2 plays 10S -> rootbotz wins
  Hand: rootbotz +33 / r2_d2 +2 (tricks 10-2)
  Match total: rootbotz 109 - 62 r2_d2
  Final: rootbotz 109 - 62 r2_d2
  Winner: rootbotz

============================================================
Game 71
============================================================
Players: r2_d2 vs rootbotz
Dealer: r2_d2  |  Elder: rootbotz
Match scores: 0 - 0
Talon (8): JC 9D 10D 8H 7S 8S 9S AS
r2_d2 hand: 7C 9C 10C QC AC 8D 10H QH KH AH QS KS
rootbotz hand: 8C KC 7D JD QD KD AD 7H 9H JH 10S JS
  Exchange rootbotz: discard 8C KC 7H 9H 10S -> draw JC 9D 10D 8H 8S (talon 3 left)
  Exchange r2_d2: discard 8D 10H -> draw 7S 9S (talon 1 left)

--- Phase: declare ---
  Declare point: rootbotz wins 7 pts (('point', 7, 'D'))
  Declare sequence: rootbotz wins 11 pts (('sequence', 6, 14, 'D'))
  Declare set: r2_d2 wins 3 pts (('set', 3, 12))

--- Phase: tricks ---
  Trick  1: rootbotz leads AD, r2_d2 plays 7S -> rootbotz wins
  Trick  2: rootbotz leads 9D, r2_d2 plays 7C -> rootbotz wins
  Trick  3: rootbotz leads 10D, r2_d2 plays 9S -> rootbotz wins
  Trick  4: rootbotz leads JD, r2_d2 plays 9C -> rootbotz wins
  Trick  5: rootbotz leads QD, r2_d2 plays 10C -> rootbotz wins
  Trick  6: rootbotz leads KD, r2_d2 plays QC -> rootbotz wins
  Trick  7: rootbotz leads 7D, r2_d2 plays QS -> rootbotz wins
  Trick  8: rootbotz leads JC, r2_d2 plays AC -> r2_d2 wins
  Trick  9: r2_d2 leads AH, rootbotz plays 8H -> r2_d2 wins
  Trick 10: r2_d2 leads KH, rootbotz plays JH -> r2_d2 wins
  Trick 11: r2_d2 leads QH, rootbotz plays 8S -> r2_d2 wins
  Trick 12: r2_d2 leads KS, rootbotz plays JS -> r2_d2 wins
  Hand: r2_d2 +9 / rootbotz +35 (tricks 5-7)
  Match total: r2_d2 9 - 35 rootbotz
Players: r2_d2 vs rootbotz
Dealer: rootbotz  |  Elder: r2_d2
Match scores: 9 - 35
Talon (8): 9D 10D JD 7H 8H QH 10S KS
r2_d2 hand: 8C 9C KC AC 7D 8D AD 10H KH AH 9S JS
rootbotz hand: 7C 10C JC QC QD KD 9H JH 7S 8S QS AS
  Exchange r2_d2: discard 7D 8D 10H 9S JS -> draw 9D 10D JD 10S KS (talon 3 left)
  Exchange rootbotz: discard 9H 7S 8S -> draw 7H 8H QH (talon 0 left)

--- Phase: declare ---
  Declare point: r2_d2 wins 4 pts (('point', 4, 'D'))
  Declare sequence: rootbotz wins 3 pts (('sequence', 3, 12, 'C'))
  Declare set: r2_d2 wins 3 pts (('set', 3, 14))

--- Phase: tricks ---
  Trick  1: r2_d2 leads AC, rootbotz plays 7C -> r2_d2 wins
  Trick  2: r2_d2 leads AD, rootbotz plays QD -> r2_d2 wins
  Trick  3: r2_d2 leads AH, rootbotz plays 7H -> r2_d2 wins
  Trick  4: r2_d2 leads KC, rootbotz plays 10C -> r2_d2 wins
  Trick  5: r2_d2 leads KH, rootbotz plays 8H -> r2_d2 wins
  Trick  6: r2_d2 leads JD, rootbotz plays KD -> rootbotz wins
  Trick  7: rootbotz leads AS, r2_d2 plays 10S -> rootbotz wins
  Trick  8: rootbotz leads QS, r2_d2 plays KS -> r2_d2 wins
  Trick  9: r2_d2 leads 10D, rootbotz plays JH -> r2_d2 wins
  Trick 10: r2_d2 leads 9C, rootbotz plays JC -> rootbotz wins
  Trick 11: rootbotz leads QH, r2_d2 plays 8C -> rootbotz wins
  Trick 12: rootbotz leads QC, r2_d2 plays 9D -> rootbotz wins
  Hand: r2_d2 +24 / rootbotz +9 (tricks 7-5)
  Match total: r2_d2 33 - 44 rootbotz
Players: r2_d2 vs rootbotz
Dealer: r2_d2  |  Elder: rootbotz
Match scores: 33 - 44
Talon (8): 10C JC 7D 9D AD 10H JH QS
r2_d2 hand: 7C KC AC JD QD KD 7H QH 8S 10S JS KS
rootbotz hand: 8C 9C QC 8D 10D 8H 9H KH AH 7S 9S AS
  Exchange rootbotz: discard 8C 9C 8D 7S 9S -> draw 10C JC 7D 9D AD (talon 3 left)
  Exchange r2_d2: discard 7C 7H QH -> draw 10H JH QS (talon 0 left)

--- Phase: declare ---
  Declare point: r2_d2 wins 5 pts (('point', 5, 'S'))
  Declare sequence: r2_d2 wins 4 pts (('sequence', 4, 13, 'S'))
  Declare set: rootbotz wins 3 pts (('set', 3, 14))

--- Phase: tricks ---
  Trick  1: rootbotz leads AS, r2_d2 plays 8S -> rootbotz wins
  Trick  2: rootbotz leads AH, r2_d2 plays 10H -> rootbotz wins
  Trick  3: rootbotz leads AD, r2_d2 plays JD -> rootbotz wins
  Trick  4: rootbotz leads KH, r2_d2 plays JH -> rootbotz wins
  Trick  5: rootbotz leads 10C, r2_d2 plays KC -> r2_d2 wins
  Trick  6: r2_d2 leads AC, rootbotz plays JC -> r2_d2 wins
  Trick  7: r2_d2 leads KS, rootbotz plays 7D -> r2_d2 wins
  Trick  8: r2_d2 leads QS, rootbotz plays 8H -> r2_d2 wins
  Trick  9: r2_d2 leads KD, rootbotz plays 9D -> r2_d2 wins
  Trick 10: r2_d2 leads QD, rootbotz plays 10D -> r2_d2 wins
  Trick 11: r2_d2 leads JS, rootbotz plays 9H -> r2_d2 wins
  Trick 12: r2_d2 leads 10S, rootbotz plays QC -> r2_d2 wins
  Hand: r2_d2 +28 / rootbotz +7 (tricks 8-4)
  Match total: r2_d2 61 - 51 rootbotz
Players: r2_d2 vs rootbotz
Dealer: rootbotz  |  Elder: r2_d2
Match scores: 61 - 51
Talon (8): 8C 10C 9H JH KH AH 8S 9S
r2_d2 hand: 7C 9C QC KC 7D 8D 9D 10D 8H 10S JS KS
rootbotz hand: JC AC JD QD KD AD 7H 10H QH 7S QS AS
  Exchange r2_d2: discard 7C 9C 8H 10S JS -> draw 10C 9H KH 8S 9S (talon 3 left)
  Exchange rootbotz: discard 7H 7S QS -> draw 8C JH AH (talon 0 left)

--- Phase: declare ---
  Declare point: rootbotz wins 4 pts (('point', 4, 'H'))
  Declare sequence: rootbotz wins 4 pts (('sequence', 4, 14, 'D'))
  Declare set: rootbotz wins 14 pts (('set', 4, 14))

--- Phase: tricks ---
  Trick  1: r2_d2 leads 10D, rootbotz plays JD -> rootbotz wins
  Trick  2: rootbotz leads AS, r2_d2 plays 8S -> rootbotz wins
  Trick  3: rootbotz leads AH, r2_d2 plays 9H -> rootbotz wins
  Trick  4: rootbotz leads AD, r2_d2 plays 7D -> rootbotz wins
  Trick  5: rootbotz leads AC, r2_d2 plays 10C -> rootbotz wins
  Trick  6: rootbotz leads QD, r2_d2 plays 8D -> rootbotz wins
  Trick  7: rootbotz leads KD, r2_d2 plays 9D -> rootbotz wins
  Trick  8: rootbotz leads 8C, r2_d2 plays QC -> r2_d2 wins
  Trick  9: r2_d2 leads KS, rootbotz plays 10H -> r2_d2 wins
  Trick 10: r2_d2 leads KC, rootbotz plays JC -> r2_d2 wins
  Trick 11: r2_d2 leads KH, rootbotz plays JH -> r2_d2 wins
  Trick 12: r2_d2 leads 9S, rootbotz plays QH -> r2_d2 wins
  Hand: r2_d2 +6 / rootbotz +39 (tricks 5-7)
  Match total: r2_d2 67 - 90 rootbotz
Players: r2_d2 vs rootbotz
Dealer: r2_d2  |  Elder: rootbotz
Match scores: 67 - 90
Talon (8): 10C 7D 9D KD 7H 8S QS AS
r2_d2 hand: 7C 8C 9C KC 8D 8H 9H QH AH 9S 10S KS
rootbotz hand: JC QC AC 10D JD QD AD 10H JH KH 7S JS
  Exchange rootbotz: discard QC AC 10H 7S -> draw 7D 9D KD 7H (talon 4 left)
  Exchange r2_d2: discard 8D 8H 9H 9S -> draw 10C 8S QS AS (talon 0 left)

--- Phase: declare ---
  Declare point: rootbotz wins 7 pts (('point', 7, 'D'))
  Declare sequence: rootbotz wins 11 pts (('sequence', 6, 14, 'D'))
  Declare set: rootbotz wins 14 pts (('set', 4, 11))

--- Phase: tricks ---
  Trick  1: rootbotz leads AD, r2_d2 plays 7C -> rootbotz wins
  Trick  2: rootbotz leads 9D, r2_d2 plays 8C -> rootbotz wins
  Trick  3: rootbotz leads 10D, r2_d2 plays 8S -> rootbotz wins
  Trick  4: rootbotz leads JD, r2_d2 plays 9C -> rootbotz wins
  Trick  5: rootbotz leads QD, r2_d2 plays 10C -> rootbotz wins
  Trick  6: rootbotz leads KD, r2_d2 plays 10S -> rootbotz wins
  Trick  7: rootbotz leads 7D, r2_d2 plays QH -> rootbotz wins
  Trick  8: rootbotz leads JC, r2_d2 plays KC -> r2_d2 wins
  Trick  9: r2_d2 leads AS, rootbotz plays JS -> r2_d2 wins
  Trick 10: r2_d2 leads AH, rootbotz plays 7H -> r2_d2 wins
  Trick 11: r2_d2 leads KS, rootbotz plays JH -> r2_d2 wins
  Trick 12: r2_d2 leads QS, rootbotz plays KH -> r2_d2 wins
  Hand: r2_d2 +6 / rootbotz +109 (tricks 5-7)
  Match total: r2_d2 73 - 199 rootbotz
  Final: r2_d2 73 - 199 rootbotz
  Winner: rootbotz

============================================================
Game 72
============================================================
Players: rootbotz vs r2_d2
Dealer: rootbotz  |  Elder: r2_d2
Match scores: 0 - 0
Talon (8): 10C QC 7D 9D 7H QH 7S 8S
rootbotz hand: AC 10D JD 8H 9H 10H JH KH JS QS KS AS
r2_d2 hand: 7C 8C 9C JC KC 8D QD KD AD AH 9S 10S
  Exchange r2_d2: discard 8D 9S 10S -> draw 10C 7D QH (talon 5 left)
  Exchange rootbotz: discard 10D 8H 9H 10H KH -> draw QC 9D 7H 7S 8S (talon 0 left)

--- Phase: declare ---
  Declare point: rootbotz wins 6 pts (('point', 6, 'S'))
  Declare sequence: r2_d2 wins 10 pts (('sequence', 5, 11, 'C'))
  Declare set: rootbotz wins 3 pts (('set', 3, 11))

--- Phase: tricks ---
  Trick  1: r2_d2 leads AD, rootbotz plays 9D -> r2_d2 wins
  Trick  2: r2_d2 leads AH, rootbotz plays 7H -> r2_d2 wins
  Trick  3: r2_d2 leads KD, rootbotz plays JD -> r2_d2 wins
  Trick  4: r2_d2 leads QD, rootbotz plays 7S -> r2_d2 wins
  Trick  5: r2_d2 leads KC, rootbotz plays AC -> rootbotz wins
  Trick  6: rootbotz leads AS, r2_d2 plays 7D -> rootbotz wins
  Trick  7: rootbotz leads JS, r2_d2 plays 7C -> rootbotz wins
  Trick  8: rootbotz leads 8S, r2_d2 plays 8C -> rootbotz wins
  Trick  9: rootbotz leads JH, r2_d2 plays QH -> r2_d2 wins
  Trick 10: r2_d2 leads JC, rootbotz plays QC -> rootbotz wins
  Trick 11: rootbotz leads QS, r2_d2 plays 9C -> rootbotz wins
  Trick 12: rootbotz leads KS, r2_d2 plays 10C -> rootbotz wins
  Hand: rootbotz +27 / r2_d2 +15 (tricks 7-5)
  Match total: rootbotz 27 - 15 r2_d2
Players: rootbotz vs r2_d2
Dealer: r2_d2  |  Elder: rootbotz
Match scores: 27 - 15
Talon (8): 7C 10C JC QD 7H KH 7S 10S
rootbotz hand: 9C KC 7D 9D 10D AD 9H 10H QH AH 9S KS
r2_d2 hand: 8C QC AC 8D JD KD 8H JH 8S JS QS AS
  Exchange rootbotz: discard 9C 7D 9D 10D 9S -> draw 7C QD 7H KH 10S (talon 3 left)
  Exchange r2_d2: discard 8C 8D 8H -> draw 10C JC 7S (talon 0 left)

--- Phase: declare ---
  Declare point: rootbotz wins 6 pts (('point', 6, 'H'))
  Declare sequence: rootbotz wins 3 pts (('sequence', 3, 14, 'H'))
  Declare set: rootbotz wins 3 pts (('set', 3, 13))

--- Phase: tricks ---
  Trick  1: rootbotz leads AH, r2_d2 plays JH -> rootbotz wins
  Trick  2: rootbotz leads AD, r2_d2 plays JD -> rootbotz wins
  Trick  3: rootbotz leads QH, r2_d2 plays 7S -> rootbotz wins
  Trick  4: rootbotz leads KH, r2_d2 plays 8S -> rootbotz wins
  Trick  5: rootbotz leads 9H, r2_d2 plays 10C -> rootbotz wins
  Trick  6: rootbotz leads 10H, r2_d2 plays JC -> rootbotz wins
  Trick  7: rootbotz leads QD, r2_d2 plays KD -> r2_d2 wins
  Trick  8: r2_d2 leads AS, rootbotz plays 10S -> r2_d2 wins
  Trick  9: r2_d2 leads AC, rootbotz plays 7C -> r2_d2 wins
  Trick 10: r2_d2 leads QS, rootbotz plays KS -> rootbotz wins
  Trick 11: rootbotz leads KC, r2_d2 plays QC -> rootbotz wins
  Trick 12: rootbotz leads 7H, r2_d2 plays JS -> rootbotz wins
  Hand: rootbotz +32 / r2_d2 +3 (tricks 9-3)
  Match total: rootbotz 59 - 18 r2_d2
Players: rootbotz vs r2_d2
Dealer: rootbotz  |  Elder: r2_d2
Match scores: 59 - 18
Talon (8): QC KC AC KD AH 7S 8S 9S
rootbotz hand: 7C 8C 10C 7D JD AD 10H JH KH 10S KS AS
r2_d2 hand: 9C JC 8D 9D 10D QD 7H 8H 9H QH JS QS
  Exchange r2_d2: discard 9C JC JS -> draw 7S 8S 9S (talon 5 left)
  Exchange rootbotz: discard 7C 8C JD JH KH -> draw QC KC AC KD AH (talon 0 left)

--- Phase: declare ---
  Declare point: rootbotz wins 4 pts (('point', 4, 'C'))
  Declare sequence: rootbotz wins 3 pts (('sequence', 3, 14, 'C'))
  Declare set: rootbotz wins 14 pts (('set', 4, 14))

--- Phase: tricks ---
  Trick  1: r2_d2 leads QH, rootbotz plays AH -> rootbotz wins
  Trick  2: rootbotz leads AS, r2_d2 plays 7S -> rootbotz wins
  Trick  3: rootbotz leads AD, r2_d2 plays 8D -> rootbotz wins
  Trick  4: rootbotz leads AC, r2_d2 plays 7H -> rootbotz wins
  Trick  5: rootbotz leads 10H, r2_d2 plays 8H -> rootbotz wins
  Trick  6: rootbotz leads QC, r2_d2 plays 8S -> rootbotz wins
  Trick  7: rootbotz leads KS, r2_d2 plays 9S -> rootbotz wins
  Trick  8: rootbotz leads 10C, r2_d2 plays 9H -> rootbotz wins
  Trick  9: rootbotz leads KD, r2_d2 plays 9D -> rootbotz wins
  Trick 10: rootbotz leads KC, r2_d2 plays 10D -> rootbotz wins
  Trick 11: rootbotz leads 7D, r2_d2 plays QD -> r2_d2 wins
  Trick 12: r2_d2 leads QS, rootbotz plays 10S -> r2_d2 wins
  Hand: rootbotz +41 / r2_d2 +3 (tricks 10-2)
  Match total: rootbotz 100 - 21 r2_d2
  Final: rootbotz 100 - 21 r2_d2
  Winner: rootbotz

============================================================
Game 73
============================================================
Players: r2_d2 vs rootbotz
Dealer: r2_d2  |  Elder: rootbotz
Match scores: 0 - 0
Talon (8): AC JD AD JH QH AH 8S QS
r2_d2 hand: 7C 8C 9C 10C KC 8D KD 8H 7S 9S KS AS
rootbotz hand: JC QC 7D 9D 10D QD 7H 9H 10H KH 10S JS
  Exchange rootbotz: discard JC QC 7H 9H JS -> draw AC JD AD 8S QS (talon 3 left)
  Exchange r2_d2: discard 8D 8H 7S -> draw JH QH AH (talon 0 left)

--- Phase: declare ---
  Declare point: rootbotz wins 6 pts (('point', 6, 'D'))
  Declare sequence: rootbotz wins 4 pts (('sequence', 4, 12, 'D'))
  Declare set: r2_d2 wins 3 pts (('set', 3, 13))

--- Phase: tricks ---
  Trick  1: rootbotz leads AD, r2_d2 plays KD -> rootbotz wins
  Trick  2: rootbotz leads AC, r2_d2 plays 7C -> rootbotz wins
  Trick  3: rootbotz leads KH, r2_d2 plays AH -> r2_d2 wins
  Trick  4: r2_d2 leads AS, rootbotz plays 8S -> r2_d2 wins
  Trick  5: r2_d2 leads KC, rootbotz plays 7D -> r2_d2 wins
  Trick  6: r2_d2 leads KS, rootbotz plays 10S -> r2_d2 wins
  Trick  7: r2_d2 leads QH, rootbotz plays 10H -> r2_d2 wins
  Trick  8: r2_d2 leads 10C, rootbotz plays 9D -> r2_d2 wins
  Trick  9: r2_d2 leads 9C, rootbotz plays 10D -> r2_d2 wins
  Trick 10: r2_d2 leads JH, rootbotz plays JD -> r2_d2 wins
  Trick 11: r2_d2 leads 9S, rootbotz plays QS -> rootbotz wins
  Trick 12: rootbotz leads QD, r2_d2 plays 8C -> rootbotz wins
  Hand: r2_d2 +21 / rootbotz +15 (tricks 8-4)
  Match total: r2_d2 21 - 15 rootbotz
Players: r2_d2 vs rootbotz
Dealer: rootbotz  |  Elder: r2_d2
Match scores: 21 - 15
Talon (8): 9C KC AC AD 7H 8H JH KH
r2_d2 hand: 8C 10C JC QC JD QD KD 9H 10H AH 8S QS
rootbotz hand: 7C 7D 8D 9D 10D QH 7S 9S 10S JS KS AS
  Exchange r2_d2: discard 9H 10H 8S -> draw 9C AD JH (talon 5 left)
  Exchange rootbotz: discard 7C 7D 8D 9D 10D -> draw KC AC 7H 8H KH (talon 0 left)

--- Phase: declare ---
  Declare point: rootbotz wins 6 pts (('point', 6, 'S'))
  Declare sequence: r2_d2 wins 10 pts (('sequence', 5, 12, 'C'))
  Declare set: rootbotz wins 3 pts (('set', 3, 13))

--- Phase: tricks ---
  Trick  1: r2_d2 leads AD, rootbotz plays 7H -> r2_d2 wins
  Trick  2: r2_d2 leads AH, rootbotz plays 8H -> r2_d2 wins
  Trick  3: r2_d2 leads KD, rootbotz plays 7S -> r2_d2 wins
  Trick  4: r2_d2 leads QD, rootbotz plays 9S -> r2_d2 wins
  Trick  5: r2_d2 leads QC, rootbotz plays KC -> rootbotz wins
  Trick  6: rootbotz leads AS, r2_d2 plays QS -> rootbotz wins
  Trick  7: rootbotz leads AC, r2_d2 plays 8C -> rootbotz wins
  Trick  8: rootbotz leads QH, r2_d2 plays JH -> rootbotz wins
  Trick  9: rootbotz leads KS, r2_d2 plays 9C -> rootbotz wins
  Trick 10: rootbotz leads KH, r2_d2 plays 10C -> rootbotz wins
  Trick 11: rootbotz leads 10S, r2_d2 plays JC -> rootbotz wins
  Trick 12: rootbotz leads JS, r2_d2 plays JD -> rootbotz wins
  Hand: r2_d2 +14 / rootbotz +28 (tricks 4-8)
  Match total: r2_d2 35 - 43 rootbotz
Players: r2_d2 vs rootbotz
Dealer: r2_d2  |  Elder: rootbotz
Match scores: 35 - 43
Talon (8): 8C JC 8D JD QH KH QS KS
r2_d2 hand: 7C 9C 10C QC 9D 10D 9H 10H 7S 8S 10S AS
rootbotz hand: KC AC 7D QD KD AD 7H 8H JH AH 9S JS
  Exchange rootbotz: discard 7D 8H JH 9S JS -> draw JC JD QH KH KS (talon 3 left)
  Exchange r2_d2: discard 9D 7S 8S -> draw 8C 8D QS (talon 0 left)

--- Phase: declare ---
  Declare point: r2_d2 wins 5 pts (('point', 5, 'C'))
  Declare sequence: rootbotz wins 4 pts (('sequence', 4, 14, 'D'))
  Declare set: rootbotz wins 3 pts (('set', 3, 14))

--- Phase: tricks ---
  Trick  1: rootbotz leads AH, r2_d2 plays 9H -> rootbotz wins
  Trick  2: rootbotz leads AD, r2_d2 plays 8D -> rootbotz wins
  Trick  3: rootbotz leads AC, r2_d2 plays 7C -> rootbotz wins
  Trick  4: rootbotz leads JD, r2_d2 plays 10D -> rootbotz wins
  Trick  5: rootbotz leads QH, r2_d2 plays 10H -> rootbotz wins
  Trick  6: rootbotz leads QD, r2_d2 plays 8C -> rootbotz wins
  Trick  7: rootbotz leads KH, r2_d2 plays 9C -> rootbotz wins
  Trick  8: rootbotz leads KD, r2_d2 plays 10C -> rootbotz wins
  Trick  9: rootbotz leads KC, r2_d2 plays QC -> rootbotz wins
  Trick 10: rootbotz leads JC, r2_d2 plays 10S -> rootbotz wins
  Trick 11: rootbotz leads KS, r2_d2 plays AS -> r2_d2 wins
  Trick 12: r2_d2 leads QS, rootbotz plays 7H -> r2_d2 wins
  Hand: r2_d2 +8 / rootbotz +27 (tricks 2-10)
  Match total: r2_d2 43 - 70 rootbotz
Players: r2_d2 vs rootbotz
Dealer: rootbotz  |  Elder: r2_d2
Match scores: 43 - 70
Talon (8): 9C QC 8D QD AD 7H JH JS
r2_d2 hand: 7C JC 7D 9D JD KD 8H 10H 7S 8S 9S KS
rootbotz hand: 8C 10C KC AC 10D 9H QH KH AH 10S QS AS
  Exchange r2_d2: discard 7C 7D 9D 8H 10H -> draw 9C 8D 7H JH JS (talon 3 left)
  Exchange rootbotz: discard 8C 10C 10S -> draw QC QD AD (talon 0 left)

--- Phase: declare ---
  Declare point: r2_d2 wins 5 pts (('point', 5, 'S'))
  Declare sequence: rootbotz wins 3 pts (('sequence', 3, 14, 'H'))
  Declare set: rootbotz wins 14 pts (('set', 4, 14))

--- Phase: tricks ---
  Trick  1: r2_d2 leads KS, rootbotz plays AS -> rootbotz wins
  Trick  2: rootbotz leads AH, r2_d2 plays 7H -> rootbotz wins
  Trick  3: rootbotz leads AD, r2_d2 plays 8D -> rootbotz wins
  Trick  4: rootbotz leads AC, r2_d2 plays 9C -> rootbotz wins
  Trick  5: rootbotz leads QH, r2_d2 plays JH -> rootbotz wins
  Trick  6: rootbotz leads QD, r2_d2 plays KD -> r2_d2 wins
  Trick  7: r2_d2 leads JS, rootbotz plays QS -> rootbotz wins
  Trick  8: rootbotz leads QC, r2_d2 plays JC -> rootbotz wins
  Trick  9: rootbotz leads KH, r2_d2 plays 7S -> rootbotz wins
  Trick 10: rootbotz leads KC, r2_d2 plays 8S -> rootbotz wins
  Trick 11: rootbotz leads 9H, r2_d2 plays 9S -> rootbotz wins
  Trick 12: rootbotz leads 10D, r2_d2 plays JD -> r2_d2 wins
  Hand: r2_d2 +8 / rootbotz +37 (tricks 2-10)
  Match total: r2_d2 51 - 107 rootbotz
  Final: r2_d2 51 - 107 rootbotz
  Winner: rootbotz

============================================================
Game 74
============================================================
Players: rootbotz vs r2_d2
Dealer: rootbotz  |  Elder: r2_d2
Match scores: 0 - 0
Talon (8): 7C 10C KC 9D 9H 8S 10S KS
rootbotz hand: QC 8D QD KD 8H 10H QH KH AH 7S JS QS
r2_d2 hand: 8C 9C JC AC 7D 10D JD AD 7H JH 9S AS
  Exchange r2_d2: discard 8C 9C 7H 9S -> draw 7C 9H 8S KS (talon 4 left)
  Exchange rootbotz: discard 8D KD 7S -> draw KC 9D 10S (talon 1 left)

--- Phase: declare ---
  Declare point: rootbotz wins 5 pts (('point', 5, 'H'))
  Declare sequence: rootbotz wins 3 pts (('sequence', 3, 14, 'H'))
  Declare set: r2_d2 wins 3 pts (('set', 3, 14))

--- Phase: tricks ---
  Trick  1: r2_d2 leads AD, rootbotz plays 9D -> r2_d2 wins
  Trick  2: r2_d2 leads AC, rootbotz plays QC -> r2_d2 wins
  Trick  3: r2_d2 leads AS, rootbotz plays 10S -> r2_d2 wins
  Trick  4: r2_d2 leads KS, rootbotz plays JS -> r2_d2 wins
  Trick  5: r2_d2 leads JD, rootbotz plays QD -> rootbotz wins
  Trick  6: rootbotz leads AH, r2_d2 plays 9H -> rootbotz wins
  Trick  7: rootbotz leads QH, r2_d2 plays JH -> rootbotz wins
  Trick  8: rootbotz leads KH, r2_d2 plays 7C -> rootbotz wins
  Trick  9: rootbotz leads 10H, r2_d2 plays 7D -> rootbotz wins
  Trick 10: rootbotz leads 8H, r2_d2 plays 8S -> rootbotz wins
  Trick 11: rootbotz leads QS, r2_d2 plays 10D -> rootbotz wins
  Trick 12: rootbotz leads KC, r2_d2 plays JC -> rootbotz wins
  Hand: rootbotz +27 / r2_d2 +7 (tricks 8-4)
  Match total: rootbotz 27 - 7 r2_d2
Players: rootbotz vs r2_d2
Dealer: r2_d2  |  Elder: rootbotz
Match scores: 27 - 7
Talon (8): KC 9D JD 7H 10H QH AH KS
rootbotz hand: 8C JC QC AC 7D 8D QD 8H JH 9S JS AS
r2_d2 hand: 7C 9C 10C 10D KD AD 9H KH 7S 8S 10S QS
  Exchange rootbotz: discard 8C 7D 8D QD 8H -> draw KC JD 10H AH KS (talon 3 left)
  Exchange r2_d2: discard 7C 9C 9H -> draw 9D 7H QH (talon 0 left)

--- Phase: declare ---
  Declare point: rootbotz wins 4 pts (('point', 4, 'C'))
  Declare sequence: rootbotz wins 4 pts (('sequence', 4, 14, 'C'))
  Declare set: rootbotz wins 3 pts (('set', 3, 14))

--- Phase: tricks ---
  Trick  1: rootbotz leads AS, r2_d2 plays 7S -> rootbotz wins
  Trick  2: rootbotz leads AH, r2_d2 plays 7H -> rootbotz wins
  Trick  3: rootbotz leads AC, r2_d2 plays 10C -> rootbotz wins
  Trick  4: rootbotz leads JC, r2_d2 plays 8S -> rootbotz wins
  Trick  5: rootbotz leads QC, r2_d2 plays 9D -> rootbotz wins
  Trick  6: rootbotz leads KS, r2_d2 plays 10S -> rootbotz wins
  Trick  7: rootbotz leads KC, r2_d2 plays 10D -> rootbotz wins
  Trick  8: rootbotz leads JS, r2_d2 plays QS -> r2_d2 wins
  Trick  9: r2_d2 leads AD, rootbotz plays JD -> r2_d2 wins
  Trick 10: r2_d2 leads KH, rootbotz plays 10H -> r2_d2 wins
  Trick 11: r2_d2 leads KD, rootbotz plays 9S -> r2_d2 wins
  Trick 12: r2_d2 leads QH, rootbotz plays JH -> r2_d2 wins
  Hand: rootbotz +28 / r2_d2 +6 (tricks 7-5)
  Match total: rootbotz 55 - 13 r2_d2
Players: rootbotz vs r2_d2
Dealer: rootbotz  |  Elder: r2_d2
Match scores: 55 - 13
Talon (8): 9C 10C 8D JD QD 10H QH JS
rootbotz hand: 7C 8C KC 7D 9D 10D KD 8H 9H JH KH QS
r2_d2 hand: JC QC AC AD 7H AH 7S 8S 9S 10S KS AS
  Exchange r2_d2: discard JC QC 7H -> draw 9C 8D QD (talon 5 left)
  Exchange rootbotz: discard 7C 8C 8H 9H JH -> draw 10C JD 10H QH JS (talon 0 left)

--- Phase: declare ---
  Declare point: r2_d2 wins 6 pts (('point', 6, 'S'))
  Declare sequence: r2_d2 wins 4 pts (('sequence', 4, 10, 'S'))
  Declare set: r2_d2 wins 14 pts (('set', 4, 14))

--- Phase: tricks ---
  Trick  1: r2_d2 leads AS, rootbotz plays JS -> r2_d2 wins
  Trick  2: r2_d2 leads AD, rootbotz plays 7D -> r2_d2 wins
  Trick  3: r2_d2 leads AC, rootbotz plays 10C -> r2_d2 wins
  Trick  4: r2_d2 leads AH, rootbotz plays 10H -> r2_d2 wins
  Trick  5: r2_d2 leads KS, rootbotz plays QS -> r2_d2 wins
  Trick  6: r2_d2 leads 10S, rootbotz plays 9D -> r2_d2 wins
  Trick  7: r2_d2 leads 9S, rootbotz plays 10D -> r2_d2 wins
  Trick  8: r2_d2 leads QD, rootbotz plays KD -> rootbotz wins
  Trick  9: rootbotz leads JD, r2_d2 plays 8D -> rootbotz wins
  Trick 10: rootbotz leads QH, r2_d2 plays 7S -> rootbotz wins
  Trick 11: rootbotz leads KH, r2_d2 plays 8S -> rootbotz wins
  Trick 12: rootbotz leads KC, r2_d2 plays 9C -> rootbotz wins
  Hand: rootbotz +6 / r2_d2 +41 (tricks 5-7)
  Match total: rootbotz 61 - 54 r2_d2
Players: rootbotz vs r2_d2
Dealer: r2_d2  |  Elder: rootbotz
Match scores: 61 - 54
Talon (8): 7C 7D 8D 9D 8H 10H KH QS
rootbotz hand: 8C 10C QC KC 10D KD 7H 9H JH QH 8S KS
r2_d2 hand: 9C JC AC JD QD AD AH 7S 9S 10S JS AS
  Exchange rootbotz: discard 8C 10C QC 10D 8S -> draw 7C 8H 10H KH QS (talon 3 left)
  Exchange r2_d2: discard 9C QD -> draw 7D 9D (talon 1 left)

--- Phase: declare ---
  Declare point: rootbotz wins 7 pts (('point', 7, 'H'))
  Declare sequence: rootbotz wins 12 pts (('sequence', 7, 13, 'H'))
  Declare set: r2_d2 wins 14 pts (('set', 4, 14))

--- Phase: tricks ---
  Trick  1: rootbotz leads 7H, r2_d2 plays AH -> r2_d2 wins
  Trick  2: r2_d2 leads AS, rootbotz plays QS -> r2_d2 wins
  Trick  3: r2_d2 leads AD, rootbotz plays KD -> r2_d2 wins
  Trick  4: r2_d2 leads AC, rootbotz plays 7C -> r2_d2 wins
  Trick  5: r2_d2 leads JS, rootbotz plays KS -> rootbotz wins
  Trick  6: rootbotz leads 8H, r2_d2 plays 7D -> rootbotz wins
  Trick  7: rootbotz leads 9H, r2_d2 plays 7S -> rootbotz wins
  Trick  8: rootbotz leads 10H, r2_d2 plays 9D -> rootbotz wins
  Trick  9: rootbotz leads JH, r2_d2 plays 9S -> rootbotz wins
  Trick 10: rootbotz leads QH, r2_d2 plays 10S -> rootbotz wins
  Trick 11: rootbotz leads KH, r2_d2 plays JC -> rootbotz wins
  Trick 12: rootbotz leads KC, r2_d2 plays JD -> rootbotz wins
  Hand: rootbotz +38 / r2_d2 +18 (tricks 8-4)
  Match total: rootbotz 99 - 72 r2_d2
Players: rootbotz vs r2_d2
Dealer: rootbotz  |  Elder: r2_d2
Match scores: 99 - 72
Talon (8): 7H KH AH 7S 8S 10S KS AS
rootbotz hand: 7C 9C JC QC AC 7D 8D 9D JD AD 9H 10H
r2_d2 hand: 8C 10C KC 10D QD KD 8H JH QH 9S JS QS
  Exchange r2_d2: discard 8C 10C 8H 9S JS -> draw 7H KH AH 8S 10S (talon 3 left)
  Exchange rootbotz: discard 7C 9C 9H -> draw 7S KS AS (talon 0 left)

--- Phase: declare ---
  Declare point: r2_d2 wins 5 pts (('point', 5, 'H'))
  Declare sequence: r2_d2 wins 4 pts (('sequence', 4, 14, 'H'))
  Declare set: rootbotz wins 3 pts (('set', 3, 14))

--- Phase: tricks ---
  Trick  1: r2_d2 leads AH, rootbotz plays 10H -> r2_d2 wins
  Trick  2: r2_d2 leads KH, rootbotz plays 7S -> r2_d2 wins
  Trick  3: r2_d2 leads QH, rootbotz plays 7D -> r2_d2 wins
  Trick  4: r2_d2 leads KD, rootbotz plays AD -> rootbotz wins
  Trick  5: rootbotz leads AS, r2_d2 plays 8S -> rootbotz wins
  Trick  6: rootbotz leads AC, r2_d2 plays KC -> rootbotz wins
  Trick  7: rootbotz leads KS, r2_d2 plays 10S -> rootbotz wins
  Trick  8: rootbotz leads 8D, r2_d2 plays 10D -> r2_d2 wins
  Trick  9: r2_d2 leads QS, rootbotz plays 9D -> r2_d2 wins
  Trick 10: r2_d2 leads JH, rootbotz plays JD -> r2_d2 wins
  Trick 11: r2_d2 leads QD, rootbotz plays JC -> r2_d2 wins
  Trick 12: r2_d2 leads 7H, rootbotz plays QC -> r2_d2 wins
  Hand: rootbotz +7 / r2_d2 +28 (tricks 4-8)
  Match total: rootbotz 106 - 100 r2_d2
  Final: rootbotz 106 - 100 r2_d2
  Winner: rootbotz

============================================================
Game 75
============================================================
Players: r2_d2 vs rootbotz
Dealer: r2_d2  |  Elder: rootbotz
Match scores: 0 - 0
Talon (8): 8C 7D 8H 9H 10H 10S KS AS
r2_d2 hand: 9C 10C JC QC AC 9D JD QD KD 7H 7S QS
rootbotz hand: 7C KC 8D 10D AD JH QH KH AH 8S 9S JS
  Exchange rootbotz: discard 7C KC 8D 8S 9S -> draw 8C 8H 10S KS AS (talon 3 left)
  Exchange r2_d2: discard 9D 7H 7S -> draw 7D 9H 10H (talon 0 left)

--- Phase: declare ---
  Declare point: r2_d2 wins 5 pts (('point', 5, 'C'))
  Declare sequence: rootbotz wins 4 pts (('sequence', 4, 14, 'H'))
  Declare set: rootbotz wins 3 pts (('set', 3, 14))

--- Phase: tricks ---
  Trick  1: rootbotz leads AS, r2_d2 plays QS -> rootbotz wins
  Trick  2: rootbotz leads AH, r2_d2 plays 9H -> rootbotz wins
  Trick  3: rootbotz leads AD, r2_d2 plays 7D -> rootbotz wins
  Trick  4: rootbotz leads JH, r2_d2 plays 10H -> rootbotz wins
  Trick  5: rootbotz leads QH, r2_d2 plays 9C -> rootbotz wins
  Trick  6: rootbotz leads KS, r2_d2 plays 10C -> rootbotz wins
  Trick  7: rootbotz leads KH, r2_d2 plays JC -> rootbotz wins
  Trick  8: rootbotz leads 10S, r2_d2 plays JD -> rootbotz wins
  Trick  9: rootbotz leads JS, r2_d2 plays QC -> rootbotz wins
  Trick 10: rootbotz leads 8H, r2_d2 plays QD -> rootbotz wins
  Trick 11: rootbotz leads 10D, r2_d2 plays KD -> r2_d2 wins
  Trick 12: r2_d2 leads AC, rootbotz plays 8C -> r2_d2 wins
  Hand: r2_d2 +8 / rootbotz +27 (tricks 2-10)
  Match total: r2_d2 8 - 27 rootbotz
Players: r2_d2 vs rootbotz
Dealer: rootbotz  |  Elder: r2_d2
Match scores: 8 - 27
Talon (8): JD QD AD 7H 10H JH KH 10S
r2_d2 hand: 7C 8C 9C 10C JC KC AC 9D QH 8S 9S JS
rootbotz hand: QC 7D 8D 10D KD 8H 9H AH 7S QS KS AS
  Exchange r2_d2: discard 9D QH 8S 9S JS -> draw JD QD 7H KH 10S (talon 3 left)
  Exchange rootbotz: discard 8H 9H 7S -> draw AD 10H JH (talon 0 left)

--- Phase: declare ---
  Declare point: r2_d2 wins 7 pts (('point', 7, 'C'))
  Declare sequence: r2_d2 wins 10 pts (('sequence', 5, 11, 'C'))
  Declare set: rootbotz wins 3 pts (('set', 3, 14))

--- Phase: tricks ---
  Trick  1: r2_d2 leads AC, rootbotz plays QC -> r2_d2 wins
  Trick  2: r2_d2 leads KC, rootbotz plays 7D -> r2_d2 wins
  Trick  3: r2_d2 leads JC, rootbotz plays 8D -> r2_d2 wins
  Trick  4: r2_d2 leads 10C, rootbotz plays 10D -> r2_d2 wins
  Trick  5: r2_d2 leads 9C, rootbotz plays 10H -> r2_d2 wins
  Trick  6: r2_d2 leads KH, rootbotz plays AH -> rootbotz wins
  Trick  7: rootbotz leads AS, r2_d2 plays 10S -> rootbotz wins
  Trick  8: rootbotz leads AD, r2_d2 plays JD -> rootbotz wins
  Trick  9: rootbotz leads JH, r2_d2 plays 7H -> rootbotz wins
  Trick 10: rootbotz leads QS, r2_d2 plays 7C -> rootbotz wins
  Trick 11: rootbotz leads KS, r2_d2 plays 8C -> rootbotz wins
  Trick 12: rootbotz leads KD, r2_d2 plays QD -> rootbotz wins
  Hand: r2_d2 +22 / rootbotz +21 (tricks 5-7)
  Match total: r2_d2 30 - 48 rootbotz
Players: r2_d2 vs rootbotz
Dealer: r2_d2  |  Elder: rootbotz
Match scores: 30 - 48
Talon (8): 9C 10C 7D AD 8H 10H 8S 10S
r2_d2 hand: 7C 8C AC 9D JD QD 9H QH AH JS KS AS
rootbotz hand: JC QC KC 8D 10D KD 7H JH KH 7S 9S QS
  Exchange rootbotz: discard 8D 10D 7H JH 9S -> draw 9C 10C AD 10H 10S (talon 3 left)
  Exchange r2_d2: discard 7C 8C 9H -> draw 7D 8H 8S (talon 0 left)

--- Phase: declare ---
  Declare point: rootbotz wins 5 pts (('point', 5, 'C'))
  Declare sequence: rootbotz wins 10 pts (('sequence', 5, 13, 'C'))
  Declare set: r2_d2 wins 3 pts (('set', 3, 14))

--- Phase: tricks ---
  Trick  1: rootbotz leads AD, r2_d2 plays 7D -> rootbotz wins
  Trick  2: rootbotz leads KD, r2_d2 plays 9D -> rootbotz wins
  Trick  3: rootbotz leads 9C, r2_d2 plays AC -> r2_d2 wins
  Trick  4: r2_d2 leads AS, rootbotz plays 7S -> r2_d2 wins
  Trick  5: r2_d2 leads AH, rootbotz plays 10H -> r2_d2 wins
  Trick  6: r2_d2 leads KS, rootbotz plays 10S -> r2_d2 wins
  Trick  7: r2_d2 leads QD, rootbotz plays 10C -> r2_d2 wins
  Trick  8: r2_d2 leads QH, rootbotz plays KH -> rootbotz wins
  Trick  9: rootbotz leads QS, r2_d2 plays 8S -> rootbotz wins
  Trick 10: rootbotz leads JC, r2_d2 plays 8H -> rootbotz wins
  Trick 11: rootbotz leads QC, r2_d2 plays JD -> rootbotz wins
  Trick 12: rootbotz leads KC, r2_d2 plays JS -> rootbotz wins
  Hand: r2_d2 +8 / rootbotz +33 (tricks 5-7)
  Match total: r2_d2 38 - 81 rootbotz
Players: r2_d2 vs rootbotz
Dealer: rootbotz  |  Elder: r2_d2
Match scores: 38 - 81
Talon (8): 9C 8H 10H JH QH 8S 10S QS
r2_d2 hand: 7C 10C AC 8D 9D JD QD KD 7H 9H KS AS
rootbotz hand: 8C JC QC KC 7D 10D AD KH AH 7S 9S JS
  Exchange r2_d2: discard 7C 10C 7H 9H -> draw 9C JH 8S QS (talon 4 left)
  Exchange rootbotz: discard 7D 10D 7S 9S -> draw 8H 10H QH 10S (talon 0 left)

--- Phase: declare ---
  Declare point: rootbotz wins 5 pts (('point', 5, 'H'))

--- Phase: tricks ---
  Trick  1: r2_d2 leads AS, rootbotz plays 10S -> r2_d2 wins
  Trick  2: r2_d2 leads AC, rootbotz plays 8C -> r2_d2 wins
  Trick  3: r2_d2 leads KS, rootbotz plays JS -> r2_d2 wins
  Trick  4: r2_d2 leads QS, rootbotz plays 8H -> r2_d2 wins
  Trick  5: r2_d2 leads KD, rootbotz plays AD -> rootbotz wins
  Trick  6: rootbotz leads AH, r2_d2 plays JH -> rootbotz wins
  Trick  7: rootbotz leads JC, r2_d2 plays 9C -> rootbotz wins
  Trick  8: rootbotz leads QH, r2_d2 plays 8S -> rootbotz wins
  Trick  9: rootbotz leads QC, r2_d2 plays 8D -> rootbotz wins
  Trick 10: rootbotz leads KH, r2_d2 plays 9D -> rootbotz wins
  Trick 11: rootbotz leads KC, r2_d2 plays JD -> rootbotz wins
  Trick 12: rootbotz leads 10H, r2_d2 plays QD -> rootbotz wins
  Hand: r2_d2 +4 / rootbotz +24 (tricks 4-8)
  Match total: r2_d2 42 - 105 rootbotz
  Final: r2_d2 42 - 105 rootbotz
  Winner: rootbotz

============================================================
Game 76
============================================================
Players: rootbotz vs r2_d2
Dealer: rootbotz  |  Elder: r2_d2
Match scores: 0 - 0
Talon (8): 7C 10C JC 9D 10H 7S 10S JS
rootbotz hand: 7D 8D 10D QD AD 7H 8H JH QH KH AH 8S
r2_d2 hand: 8C 9C QC KC AC JD KD 9H 9S QS KS AS
  Exchange r2_d2: discard JD 9H 9S -> draw 10H 7S JS (talon 5 left)
  Exchange rootbotz: discard 7D 8D 10D 8H 8S -> draw 7C 10C JC 9D 10S (talon 0 left)

--- Phase: declare ---
  Declare set: r2_d2 wins 3 pts (('set', 3, 13))

--- Phase: tricks ---
  Trick  1: r2_d2 leads AS, rootbotz plays 10S -> r2_d2 wins
  Trick  2: r2_d2 leads AC, rootbotz plays 7C -> r2_d2 wins
  Trick  3: r2_d2 leads KC, rootbotz plays 10C -> r2_d2 wins
  Trick  4: r2_d2 leads KS, rootbotz plays 7H -> r2_d2 wins
  Trick  5: r2_d2 leads QC, rootbotz plays JC -> r2_d2 wins
  Trick  6: r2_d2 leads QS, rootbotz plays 9D -> r2_d2 wins
  Trick  7: r2_d2 leads JS, rootbotz plays JH -> r2_d2 wins
  Trick  8: r2_d2 leads 9C, rootbotz plays QD -> r2_d2 wins
  Trick  9: r2_d2 leads KD, rootbotz plays AD -> rootbotz wins
  Trick 10: rootbotz leads AH, r2_d2 plays 10H -> rootbotz wins
  Trick 11: rootbotz leads QH, r2_d2 plays 7S -> rootbotz wins
  Trick 12: rootbotz leads KH, r2_d2 plays 8C -> rootbotz wins
  Hand: rootbotz +5 / r2_d2 +21 (tricks 4-8)
  Match total: rootbotz 5 - 21 r2_d2
Players: rootbotz vs r2_d2
Dealer: r2_d2  |  Elder: rootbotz
Match scores: 5 - 21
Talon (8): 9C 10C QC AC 7D AD 7S 8S
rootbotz hand: 7C 8C 10D KD 8H 9H 10H JH 9S 10S JS AS
r2_d2 hand: JC KC 8D 9D JD QD 7H QH KH AH QS KS
  Exchange rootbotz: discard 7C 8C KD 9S JS -> draw 9C AC AD 7S 8S (talon 3 left)
  Exchange r2_d2: discard JC 8D 9D -> draw 10C QC 7D (talon 0 left)

--- Phase: declare ---
  Declare point: r2_d2 wins 4 pts (('point', 4, 'H'))
  Declare sequence: rootbotz wins 4 pts (('sequence', 4, 11, 'H'))
  Declare set: rootbotz wins 3 pts (('set', 3, 14))

--- Phase: tricks ---
  Trick  1: rootbotz leads AS, r2_d2 plays QS -> rootbotz wins
  Trick  2: rootbotz leads AD, r2_d2 plays 7D -> rootbotz wins
  Trick  3: rootbotz leads AC, r2_d2 plays 10C -> rootbotz wins
  Trick  4: rootbotz leads 7S, r2_d2 plays KS -> r2_d2 wins
  Trick  5: r2_d2 leads AH, rootbotz plays 8H -> r2_d2 wins
  Trick  6: r2_d2 leads KH, rootbotz plays 9H -> r2_d2 wins
  Trick  7: r2_d2 leads KC, rootbotz plays 9C -> r2_d2 wins
  Trick  8: r2_d2 leads QH, rootbotz plays 10H -> r2_d2 wins
  Trick  9: r2_d2 leads QC, rootbotz plays 8S -> r2_d2 wins
  Trick 10: r2_d2 leads QD, rootbotz plays 10D -> r2_d2 wins
  Trick 11: r2_d2 leads JD, rootbotz plays 10S -> r2_d2 wins
  Trick 12: r2_d2 leads 7H, rootbotz plays JH -> rootbotz wins
  Hand: rootbotz +12 / r2_d2 +22 (tricks 4-8)
  Match total: rootbotz 17 - 43 r2_d2
Players: rootbotz vs r2_d2
Dealer: rootbotz  |  Elder: r2_d2
Match scores: 17 - 43
Talon (8): 7D 10D KD 8H 7S 8S QS KS
rootbotz hand: 7C 10C QC AC 8D JD 7H 9H QH KH AH 9S
r2_d2 hand: 8C 9C JC KC 9D QD AD 10H JH 10S JS AS
  Exchange r2_d2: discard 9D QD 10H 10S -> draw 7D KD 8H 7S (talon 4 left)
  Exchange rootbotz: discard 7C 8D JD 9S -> draw 10D 8S QS KS (talon 0 left)

--- Phase: declare ---
  Declare point: rootbotz wins 5 pts (('point', 5, 'H'))
  Declare sequence: rootbotz wins 3 pts (('sequence', 3, 14, 'H'))
  Declare set: rootbotz wins 3 pts (('set', 3, 12))

--- Phase: tricks ---
  Trick  1: r2_d2 leads AS, rootbotz plays 8S -> r2_d2 wins
  Trick  2: r2_d2 leads AD, rootbotz plays 10D -> r2_d2 wins
  Trick  3: r2_d2 leads KD, rootbotz plays 7H -> r2_d2 wins
  Trick  4: r2_d2 leads KC, rootbotz plays AC -> rootbotz wins
  Trick  5: rootbotz leads AH, r2_d2 plays 8H -> rootbotz wins
  Trick  6: rootbotz leads QS, r2_d2 plays 7S -> rootbotz wins
  Trick  7: rootbotz leads QH, r2_d2 plays JH -> rootbotz wins
  Trick  8: rootbotz leads QC, r2_d2 plays 8C -> rootbotz wins
  Trick  9: rootbotz leads KS, r2_d2 plays JS -> rootbotz wins
  Trick 10: rootbotz leads KH, r2_d2 plays 7D -> rootbotz wins
  Trick 11: rootbotz leads 10C, r2_d2 plays JC -> r2_d2 wins
  Trick 12: r2_d2 leads 9C, rootbotz plays 9H -> r2_d2 wins
  Hand: rootbotz +28 / r2_d2 +6 (tricks 7-5)
  Match total: rootbotz 45 - 49 r2_d2
Players: rootbotz vs r2_d2
Dealer: r2_d2  |  Elder: rootbotz
Match scores: 45 - 49
Talon (8): 9C JC KC KD AD 7H JH KH
rootbotz hand: 8C QC AC 8D 10D 9H 10H AH 8S JS QS KS
r2_d2 hand: 7C 10C 7D 9D JD QD 8H QH 7S 9S 10S AS
  Exchange rootbotz: discard 8C 8D 9H 10H 8S -> draw 9C JC KD JH KH (talon 3 left)
  Exchange r2_d2: discard 7C 10C 8H -> draw KC AD 7H (talon 0 left)

--- Phase: declare ---
  Declare point: r2_d2 wins 5 pts (('point', 5, 'D'))
  Declare sequence: rootbotz wins 3 pts (('sequence', 3, 13, 'S'))
  Declare set: rootbotz wins 3 pts (('set', 3, 13))

--- Phase: tricks ---
  Trick  1: rootbotz leads AH, r2_d2 plays 7H -> rootbotz wins
  Trick  2: rootbotz leads AC, r2_d2 plays KC -> rootbotz wins
  Trick  3: rootbotz leads KH, r2_d2 plays QH -> rootbotz wins
  Trick  4: rootbotz leads JS, r2_d2 plays AS -> r2_d2 wins
  Trick  5: r2_d2 leads AD, rootbotz plays 10D -> r2_d2 wins
  Trick  6: r2_d2 leads QD, rootbotz plays KD -> rootbotz wins
  Trick  7: rootbotz leads JH, r2_d2 plays 7D -> rootbotz wins
  Trick  8: rootbotz leads JC, r2_d2 plays 7S -> rootbotz wins
  Trick  9: rootbotz leads QS, r2_d2 plays 9S -> rootbotz wins
  Trick 10: rootbotz leads QC, r2_d2 plays 9D -> rootbotz wins
  Trick 11: rootbotz leads KS, r2_d2 plays 10S -> rootbotz wins
  Trick 12: rootbotz leads 9C, r2_d2 plays JD -> rootbotz wins
  Hand: rootbotz +27 / r2_d2 +7 (tricks 10-2)
  Match total: rootbotz 72 - 56 r2_d2
Players: rootbotz vs r2_d2
Dealer: rootbotz  |  Elder: r2_d2
Match scores: 72 - 56
Talon (8): 9C QC KD 7H 10H 7S 8S JS
rootbotz hand: 8C 8D 10D JD QD AD 8H QH KH AH 10S KS
r2_d2 hand: 7C 10C JC KC AC 7D 9D 9H JH 9S QS AS
  Exchange r2_d2: discard 7D 9D 9H JH 9S -> draw 9C KD 7H 7S 8S (talon 3 left)
  Exchange rootbotz: discard 8C 8H 10S -> draw QC 10H JS (talon 0 left)

--- Phase: declare ---
  Declare point: r2_d2 wins 6 pts (('point', 6, 'C'))
  Declare sequence: rootbotz wins 3 pts (('sequence', 3, 14, 'H'))
  Declare set: rootbotz wins 3 pts (('set', 3, 12))

--- Phase: tricks ---
  Trick  1: r2_d2 leads AC, rootbotz plays QC -> r2_d2 wins
  Trick  2: r2_d2 leads AS, rootbotz plays JS -> r2_d2 wins
  Trick  3: r2_d2 leads KC, rootbotz plays 8D -> r2_d2 wins
  Trick  4: r2_d2 leads JC, rootbotz plays 10D -> r2_d2 wins
  Trick  5: r2_d2 leads QS, rootbotz plays KS -> rootbotz wins
  Trick  6: rootbotz leads AH, r2_d2 plays 7H -> rootbotz wins
  Trick  7: rootbotz leads AD, r2_d2 plays KD -> rootbotz wins
  Trick  8: rootbotz leads QH, r2_d2 plays 7S -> rootbotz wins
  Trick  9: rootbotz leads KH, r2_d2 plays 7C -> rootbotz wins
  Trick 10: rootbotz leads 10H, r2_d2 plays 8S -> rootbotz wins
  Trick 11: rootbotz leads JD, r2_d2 plays 9C -> rootbotz wins
  Trick 12: rootbotz leads QD, r2_d2 plays 10C -> rootbotz wins
  Hand: rootbotz +25 / r2_d2 +10 (tricks 8-4)
  Match total: rootbotz 97 - 66 r2_d2
Players: rootbotz vs r2_d2
Dealer: r2_d2  |  Elder: rootbotz
Match scores: 97 - 66
Talon (8): 7C AC 7D 7H 10H QH 7S KS
rootbotz hand: 8C QC 8D QD KD AD 8H 9H JH 8S JS QS
r2_d2 hand: 9C 10C JC KC 9D 10D JD KH AH 9S 10S AS
  Exchange rootbotz: discard 8C 9H JH 8S JS -> draw AC 7D QH 7S KS (talon 3 left)
  Exchange r2_d2: discard 9S -> draw 10H (talon 2 left)

--- Phase: declare ---
  Declare point: rootbotz wins 5 pts (('point', 5, 'D'))
  Declare sequence: rootbotz wins 3 pts (('sequence', 3, 14, 'D'))
  Declare set: rootbotz wins 14 pts (('set', 4, 12))

--- Phase: tricks ---
  Trick  1: rootbotz leads AD, r2_d2 plays 9D -> rootbotz wins
  Trick  2: rootbotz leads AC, r2_d2 plays 9C -> rootbotz wins
  Trick  3: rootbotz leads QD, r2_d2 plays 10D -> rootbotz wins
  Trick  4: rootbotz leads KD, r2_d2 plays JD -> rootbotz wins
  Trick  5: rootbotz leads QS, r2_d2 plays AS -> r2_d2 wins
  Trick  6: r2_d2 leads AH, rootbotz plays 8H -> r2_d2 wins
  Trick  7: r2_d2 leads KC, rootbotz plays QC -> r2_d2 wins
  Trick  8: r2_d2 leads KH, rootbotz plays QH -> r2_d2 wins
  Trick  9: r2_d2 leads JC, rootbotz plays 7D -> r2_d2 wins
  Trick 10: r2_d2 leads 10H, rootbotz plays 7S -> r2_d2 wins
  Trick 11: r2_d2 leads 10C, rootbotz plays 8D -> r2_d2 wins
  Trick 12: r2_d2 leads 10S, rootbotz plays KS -> rootbotz wins
  Hand: rootbotz +28 / r2_d2 +17 (tricks 5-7)
  Match total: rootbotz 125 - 83 r2_d2
  Final: rootbotz 125 - 83 r2_d2
  Winner: rootbotz

============================================================
Game 77
============================================================
Players: r2_d2 vs rootbotz
Dealer: r2_d2  |  Elder: rootbotz
Match scores: 0 - 0
Talon (8): 8C 10C QC 7D 8D 7H 10H KH
r2_d2 hand: KC AC 9D KD AD 9H 7S 8S 9S 10S JS AS
rootbotz hand: 7C 9C JC 10D JD QD 8H JH QH AH QS KS
  Exchange rootbotz: discard 7C 9C JC 8H JH -> draw 8C 10C QC 7D 10H (talon 3 left)
  Exchange r2_d2: discard 9D 9H -> draw 8D KH (talon 1 left)

--- Phase: declare ---
  Declare point: r2_d2 wins 6 pts (('point', 6, 'S'))
  Declare sequence: r2_d2 wins 10 pts (('sequence', 5, 11, 'S'))
  Declare set: r2_d2 wins 3 pts (('set', 3, 14))

--- Phase: tricks ---
  Trick  1: rootbotz leads AH, r2_d2 plays KH -> rootbotz wins
  Trick  2: rootbotz leads 10H, r2_d2 plays 7S -> rootbotz wins
  Trick  3: rootbotz leads QH, r2_d2 plays 8D -> rootbotz wins
  Trick  4: rootbotz leads 8C, r2_d2 plays KC -> r2_d2 wins
  Trick  5: r2_d2 leads AS, rootbotz plays QS -> r2_d2 wins
  Trick  6: r2_d2 leads AD, rootbotz plays 7D -> r2_d2 wins
  Trick  7: r2_d2 leads AC, rootbotz plays 10C -> r2_d2 wins
  Trick  8: r2_d2 leads KD, rootbotz plays 10D -> r2_d2 wins
  Trick  9: r2_d2 leads JS, rootbotz plays KS -> rootbotz wins
  Trick 10: rootbotz leads JD, r2_d2 plays 8S -> rootbotz wins
  Trick 11: rootbotz leads QD, r2_d2 plays 9S -> rootbotz wins
  Trick 12: rootbotz leads QC, r2_d2 plays 10S -> rootbotz wins
  Hand: r2_d2 +24 / rootbotz +18 (tricks 5-7)
  Match total: r2_d2 24 - 18 rootbotz
Players: r2_d2 vs rootbotz
Dealer: rootbotz  |  Elder: r2_d2
Match scores: 24 - 18
Talon (8): JD QD KD 8H 10H JS QS KS
r2_d2 hand: 7C 10C QC 7D 8D 9D 10D 9H JH AH 9S AS
rootbotz hand: 8C 9C JC KC AC AD 7H QH KH 7S 8S 10S
  Exchange r2_d2: discard 7C 10C 9H JH 9S -> draw QD KD 10H QS KS (talon 3 left)
  Exchange rootbotz: discard 7H 7S 8S -> draw JD 8H JS (talon 0 left)

--- Phase: declare ---
  Declare point: r2_d2 wins 6 pts (('point', 6, 'D'))
  Declare sequence: r2_d2 wins 4 pts (('sequence', 4, 10, 'D'))
  Declare set: r2_d2 wins 3 pts (('set', 3, 12))

--- Phase: tricks ---
  Trick  1: r2_d2 leads AS, rootbotz plays 10S -> r2_d2 wins
  Trick  2: r2_d2 leads AH, rootbotz plays 8H -> r2_d2 wins
  Trick  3: r2_d2 leads KS, rootbotz plays JS -> r2_d2 wins
  Trick  4: r2_d2 leads QS, rootbotz plays 8C -> r2_d2 wins
  Trick  5: r2_d2 leads KD, rootbotz plays AD -> rootbotz wins
  Trick  6: rootbotz leads AC, r2_d2 plays QC -> rootbotz wins
  Trick  7: rootbotz leads QH, r2_d2 plays 10H -> rootbotz wins
  Trick  8: rootbotz leads KH, r2_d2 plays 7D -> rootbotz wins
  Trick  9: rootbotz leads KC, r2_d2 plays 8D -> rootbotz wins
  Trick 10: rootbotz leads 9C, r2_d2 plays 9D -> rootbotz wins
  Trick 11: rootbotz leads JC, r2_d2 plays 10D -> rootbotz wins
  Trick 12: rootbotz leads JD, r2_d2 plays QD -> r2_d2 wins
  Hand: r2_d2 +19 / rootbotz +17 (tricks 5-7)
  Match total: r2_d2 43 - 35 rootbotz
Players: r2_d2 vs rootbotz
Dealer: r2_d2  |  Elder: rootbotz
Match scores: 43 - 35
Talon (8): 8D 9D QD AD JH 8S QS AS
r2_d2 hand: 8C 9C KC AC 10D KD 7H 9H QH AH JS KS
rootbotz hand: 7C 10C JC QC 7D JD 8H 10H KH 7S 9S 10S
  Exchange rootbotz: discard 7D JD KH 7S 9S -> draw 8D 9D AD 8S AS (talon 3 left)
  Exchange r2_d2: discard 10D 7H 9H -> draw QD JH QS (talon 0 left)

--- Phase: declare ---
  Declare point: r2_d2 wins 4 pts (('point', 4, 'C'))
  Declare sequence: r2_d2 wins 3 pts (('sequence', 3, 13, 'S'))
  Declare set: r2_d2 wins 3 pts (('set', 3, 13))

--- Phase: tricks ---
  Trick  1: rootbotz leads AS, r2_d2 plays JS -> rootbotz wins
  Trick  2: rootbotz leads AD, r2_d2 plays QD -> rootbotz wins
  Trick  3: rootbotz leads 10C, r2_d2 plays KC -> r2_d2 wins
  Trick  4: r2_d2 leads AH, rootbotz plays 8H -> r2_d2 wins
  Trick  5: r2_d2 leads AC, rootbotz plays 7C -> r2_d2 wins
  Trick  6: r2_d2 leads KS, rootbotz plays 8S -> r2_d2 wins
  Trick  7: r2_d2 leads KD, rootbotz plays 8D -> r2_d2 wins
  Trick  8: r2_d2 leads QS, rootbotz plays 10S -> r2_d2 wins
  Trick  9: r2_d2 leads QH, rootbotz plays 10H -> r2_d2 wins
  Trick 10: r2_d2 leads 9C, rootbotz plays JC -> rootbotz wins
  Trick 11: rootbotz leads 9D, r2_d2 plays 8C -> rootbotz wins
  Trick 12: rootbotz leads QC, r2_d2 plays JH -> rootbotz wins
  Hand: r2_d2 +27 / rootbotz +6 (tricks 7-5)
  Match total: r2_d2 70 - 41 rootbotz
Players: r2_d2 vs rootbotz
Dealer: rootbotz  |  Elder: r2_d2
Match scores: 70 - 41
Talon (8): 10C KC 8D 9D 10H JH QS KS
r2_d2 hand: 7C 9C JC AC 10D JD 8H KH 7S 10S JS AS
rootbotz hand: 8C QC 7D QD KD AD 7H 9H QH AH 8S 9S
  Exchange r2_d2: discard 7C 9C 10D 8H -> draw 10C KC 9D JH (talon 4 left)
  Exchange rootbotz: discard 8C 7H 9H 8S -> draw 8D 10H QS KS (talon 0 left)

--- Phase: declare ---
  Declare point: rootbotz wins 5 pts (('point', 5, 'D'))
  Declare sequence: rootbotz wins 3 pts (('sequence', 3, 14, 'D'))
  Declare set: rootbotz wins 14 pts (('set', 4, 12))

--- Phase: tricks ---
  Trick  1: r2_d2 leads AS, rootbotz plays 9S -> r2_d2 wins
  Trick  2: r2_d2 leads AC, rootbotz plays QC -> r2_d2 wins
  Trick  3: r2_d2 leads KC, rootbotz plays 7D -> r2_d2 wins
  Trick  4: r2_d2 leads JS, rootbotz plays QS -> rootbotz wins
  Trick  5: rootbotz leads AH, r2_d2 plays JH -> rootbotz wins
  Trick  6: rootbotz leads AD, r2_d2 plays 9D -> rootbotz wins
  Trick  7: rootbotz leads QD, r2_d2 plays JD -> rootbotz wins
  Trick  8: rootbotz leads KS, r2_d2 plays 7S -> rootbotz wins
  Trick  9: rootbotz leads KD, r2_d2 plays 10S -> rootbotz wins
  Trick 10: rootbotz leads QH, r2_d2 plays KH -> r2_d2 wins
  Trick 11: r2_d2 leads JC, rootbotz plays 8D -> r2_d2 wins
  Trick 12: r2_d2 leads 10C, rootbotz plays 10H -> r2_d2 wins
  Hand: r2_d2 +7 / rootbotz +28 (tricks 6-6)
  Match total: r2_d2 77 - 69 rootbotz
Players: r2_d2 vs rootbotz
Dealer: r2_d2  |  Elder: rootbotz
Match scores: 77 - 69
Talon (8): 8C 9C KC 7D 8D KD 9S QS
r2_d2 hand: AC JD QD AD 7H 8H 9H JH KH 10S JS AS
rootbotz hand: 7C 10C JC QC 9D 10D 10H QH AH 7S 8S KS
  Exchange rootbotz: discard 7C 9D QH 7S 8S -> draw 8C KC 7D 8D KD (talon 3 left)
  Exchange r2_d2: discard QD 10S -> draw 9C QS (talon 1 left)

--- Phase: declare ---
  Declare point: rootbotz wins 5 pts (('point', 5, 'C'))
  Declare sequence: rootbotz wins 4 pts (('sequence', 4, 13, 'C'))
  Declare set: r2_d2 wins 3 pts (('set', 3, 14))

--- Phase: tricks ---
  Trick  1: rootbotz leads AH, r2_d2 plays 7H -> rootbotz wins
  Trick  2: rootbotz leads 10C, r2_d2 plays AC -> r2_d2 wins
  Trick  3: r2_d2 leads AS, rootbotz plays KS -> r2_d2 wins
  Trick  4: r2_d2 leads AD, rootbotz plays 7D -> r2_d2 wins
  Trick  5: r2_d2 leads KH, rootbotz plays 10H -> r2_d2 wins
  Trick  6: r2_d2 leads JH, rootbotz plays 8D -> r2_d2 wins
  Trick  7: r2_d2 leads QS, rootbotz plays 8C -> r2_d2 wins
  Trick  8: r2_d2 leads 9H, rootbotz plays 10D -> r2_d2 wins
  Trick  9: r2_d2 leads JD, rootbotz plays KD -> rootbotz wins
  Trick 10: rootbotz leads JC, r2_d2 plays 9C -> rootbotz wins
  Trick 11: rootbotz leads QC, r2_d2 plays 8H -> rootbotz wins
  Trick 12: rootbotz leads KC, r2_d2 plays JS -> rootbotz wins
  Hand: r2_d2 +20 / rootbotz +15 (tricks 7-5)
  Match total: r2_d2 97 - 84 rootbotz
Players: r2_d2 vs rootbotz
Dealer: rootbotz  |  Elder: r2_d2
Match scores: 97 - 84
Talon (8): 7C 9C QC KC JD KD 7H AH
r2_d2 hand: 8C 10C AC 7D 8D 9D AD JH QH JS KS AS
rootbotz hand: JC 10D QD 8H 9H 10H KH 7S 8S 9S 10S QS
  Exchange r2_d2: discard 8C 10C JH QH JS -> draw 7C QC KC JD KD (talon 3 left)
  Exchange rootbotz: discard QD 8H 9H -> draw 9C 7H AH (talon 0 left)

--- Phase: declare ---
  Declare point: r2_d2 wins 6 pts (('point', 6, 'D'))
  Declare sequence: rootbotz wins 4 pts (('sequence', 4, 10, 'S'))
  Declare set: r2_d2 wins 3 pts (('set', 3, 14))

--- Phase: tricks ---
  Trick  1: r2_d2 leads AD, rootbotz plays 10D -> r2_d2 wins
  Trick  2: r2_d2 leads AC, rootbotz plays 9C -> r2_d2 wins
  Trick  3: r2_d2 leads AS, rootbotz plays 7S -> r2_d2 wins
  Trick  4: r2_d2 leads KD, rootbotz plays 7H -> r2_d2 wins
  Trick  5: r2_d2 leads KC, rootbotz plays JC -> r2_d2 wins
  Trick  6: r2_d2 leads QC, rootbotz plays 8S -> r2_d2 wins
  Trick  7: r2_d2 leads KS, rootbotz plays 9S -> r2_d2 wins
  Trick  8: r2_d2 leads JD, rootbotz plays 10S -> r2_d2 wins
  Trick  9: r2_d2 leads 9D, rootbotz plays 10H -> r2_d2 wins
  Trick 10: r2_d2 leads 8D, rootbotz plays QS -> r2_d2 wins
  Trick 11: r2_d2 leads 7D, rootbotz plays KH -> r2_d2 wins
  Trick 12: r2_d2 leads 7C, rootbotz plays AH -> r2_d2 wins
  Hand: r2_d2 +92 / rootbotz +4 (tricks 12-0)
  Match total: r2_d2 189 - 88 rootbotz
  Final: r2_d2 189 - 88 rootbotz
  Winner: r2_d2

============================================================
Game 78
============================================================
Players: rootbotz vs r2_d2
Dealer: rootbotz  |  Elder: r2_d2
Match scores: 0 - 0
Talon (8): 9C 10C 8D QD AD 7H JH 10S
rootbotz hand: 8C JC QC AC JD QH AH 9S JS QS KS AS
r2_d2 hand: 7C KC 7D 9D 10D KD 8H 9H 10H KH 7S 8S
  Exchange r2_d2: discard 7C 7D 9D 7S 8S -> draw 8D QD AD 7H 10S (talon 3 left)
  Exchange rootbotz: discard 8C QC JD -> draw 9C 10C JH (talon 0 left)

--- Phase: declare ---
  Declare point: rootbotz wins 5 pts (('point', 5, 'S'))
  Declare sequence: rootbotz wins 4 pts (('sequence', 4, 14, 'S'))
  Declare set: rootbotz wins 3 pts (('set', 3, 14))

--- Phase: tricks ---
  Trick  1: r2_d2 leads AD, rootbotz plays 9C -> r2_d2 wins
  Trick  2: r2_d2 leads KD, rootbotz plays 9S -> r2_d2 wins
  Trick  3: r2_d2 leads QD, rootbotz plays 10C -> r2_d2 wins
  Trick  4: r2_d2 leads KH, rootbotz plays AH -> rootbotz wins
  Trick  5: rootbotz leads AS, r2_d2 plays 10S -> rootbotz wins
  Trick  6: rootbotz leads AC, r2_d2 plays KC -> rootbotz wins
  Trick  7: rootbotz leads JS, r2_d2 plays 7H -> rootbotz wins
  Trick  8: rootbotz leads JH, r2_d2 plays 8H -> rootbotz wins
  Trick  9: rootbotz leads QS, r2_d2 plays 8D -> rootbotz wins
  Trick 10: rootbotz leads QH, r2_d2 plays 9H -> rootbotz wins
  Trick 11: rootbotz leads KS, r2_d2 plays 10D -> rootbotz wins
  Trick 12: rootbotz leads JC, r2_d2 plays 10H -> rootbotz wins
  Hand: rootbotz +32 / r2_d2 +3 (tricks 9-3)
  Match total: rootbotz 32 - 3 r2_d2
Players: rootbotz vs r2_d2
Dealer: r2_d2  |  Elder: rootbotz
Match scores: 32 - 3
Talon (8): 8C KC 7D 10H JH KH AH 8S
rootbotz hand: 9C 10C JC QC JD QD KD 9H 7S 9S QS AS
r2_d2 hand: 7C AC 8D 9D 10D AD 7H 8H QH 10S JS KS
  Exchange rootbotz: discard JD KD 9H 7S 9S -> draw 8C KC 10H JH 8S (talon 3 left)
  Exchange r2_d2: discard 7C 7H 8H -> draw 7D KH AH (talon 0 left)

--- Phase: declare ---
  Declare point: rootbotz wins 6 pts (('point', 6, 'C'))
  Declare sequence: rootbotz wins 11 pts (('sequence', 6, 13, 'C'))
  Declare set: r2_d2 wins 3 pts (('set', 3, 14))

--- Phase: tricks ---
  Trick  1: rootbotz leads AS, r2_d2 plays 10S -> rootbotz wins
  Trick  2: rootbotz leads QS, r2_d2 plays KS -> r2_d2 wins
  Trick  3: r2_d2 leads AD, rootbotz plays QD -> r2_d2 wins
  Trick  4: r2_d2 leads AH, rootbotz plays 10H -> r2_d2 wins
  Trick  5: r2_d2 leads AC, rootbotz plays 8C -> r2_d2 wins
  Trick  6: r2_d2 leads KH, rootbotz plays JH -> r2_d2 wins
  Trick  7: r2_d2 leads QH, rootbotz plays 8S -> r2_d2 wins
  Trick  8: r2_d2 leads 10D, rootbotz plays 9C -> r2_d2 wins
  Trick  9: r2_d2 leads 9D, rootbotz plays 10C -> r2_d2 wins
  Trick 10: r2_d2 leads 8D, rootbotz plays JC -> r2_d2 wins
  Trick 11: r2_d2 leads JS, rootbotz plays QC -> r2_d2 wins
  Trick 12: r2_d2 leads 7D, rootbotz plays KC -> r2_d2 wins
  Hand: rootbotz +18 / r2_d2 +25 (tricks 1-11)
  Match total: rootbotz 50 - 28 r2_d2
Players: rootbotz vs r2_d2
Dealer: rootbotz  |  Elder: r2_d2
Match scores: 50 - 28
Talon (8): 7C 8C JC 7D 9D JD QD JH
rootbotz hand: 9C KC AC 10D 7H 8H QH KH AH 8S 9S QS
r2_d2 hand: 10C QC 8D KD AD 9H 10H 7S 10S JS KS AS
  Exchange r2_d2: discard 10C QC 8D 9H 10H -> draw JC 7D 9D QD JH (talon 3 left)
  Exchange rootbotz: discard 9C 10D 8S -> draw 7C 8C JD (talon 0 left)

--- Phase: declare ---
  Declare point: r2_d2 wins 5 pts (('point', 5, 'S'))
  Declare set: r2_d2 wins 3 pts (('set', 3, 11))

--- Phase: tricks ---
  Trick  1: r2_d2 leads AD, rootbotz plays JD -> r2_d2 wins
  Trick  2: r2_d2 leads AS, rootbotz plays 9S -> r2_d2 wins
  Trick  3: r2_d2 leads KD, rootbotz plays 7C -> r2_d2 wins
  Trick  4: r2_d2 leads KS, rootbotz plays QS -> r2_d2 wins
  Trick  5: r2_d2 leads QD, rootbotz plays 7H -> r2_d2 wins
  Trick  6: r2_d2 leads JS, rootbotz plays 8C -> r2_d2 wins
  Trick  7: r2_d2 leads 10S, rootbotz plays 8H -> r2_d2 wins
  Trick  8: r2_d2 leads 9D, rootbotz plays QH -> r2_d2 wins
  Trick  9: r2_d2 leads JH, rootbotz plays KH -> rootbotz wins
  Trick 10: rootbotz leads AH, r2_d2 plays 7D -> rootbotz wins
  Trick 11: rootbotz leads AC, r2_d2 plays JC -> rootbotz wins
  Trick 12: rootbotz leads KC, r2_d2 plays 7S -> rootbotz wins
  Hand: rootbotz +5 / r2_d2 +26 (tricks 4-8)
  Match total: rootbotz 55 - 54 r2_d2
Players: rootbotz vs r2_d2
Dealer: r2_d2  |  Elder: rootbotz
Match scores: 55 - 54
Talon (8): QC 7D 9D QD 10H 10S JS KS
rootbotz hand: 7C 9C 10C 10D JD 8H QH KH 8S 9S QS AS
r2_d2 hand: 8C JC KC AC 8D KD AD 7H 9H JH AH 7S
  Exchange rootbotz: discard 7C 9C 10C 10D JD -> draw QC 9D QD 10S KS (talon 3 left)
  Exchange r2_d2: discard 8D 7H 7S -> draw 7D 10H JS (talon 0 left)

--- Phase: declare ---
  Declare point: rootbotz wins 6 pts (('point', 6, 'S'))
  Declare sequence: rootbotz wins 3 pts (('sequence', 3, 14, 'S'))
  Declare set: r2_d2 wins 3 pts (('set', 3, 14))

--- Phase: tricks ---
  Trick  1: rootbotz leads AS, r2_d2 plays JS -> rootbotz wins
  Trick  2: rootbotz leads QS, r2_d2 plays 7D -> rootbotz wins
  Trick  3: rootbotz leads KS, r2_d2 plays 8C -> rootbotz wins
  Trick  4: rootbotz leads 8S, r2_d2 plays 9H -> rootbotz wins
  Trick  5: rootbotz leads 9S, r2_d2 plays 10H -> rootbotz wins
  Trick  6: rootbotz leads 10S, r2_d2 plays JH -> rootbotz wins
  Trick  7: rootbotz leads QH, r2_d2 plays AH -> r2_d2 wins
  Trick  8: r2_d2 leads AC, rootbotz plays QC -> r2_d2 wins
  Trick  9: r2_d2 leads AD, rootbotz plays 9D -> r2_d2 wins
  Trick 10: r2_d2 leads KC, rootbotz plays 8H -> r2_d2 wins
  Trick 11: r2_d2 leads KD, rootbotz plays QD -> r2_d2 wins
  Trick 12: r2_d2 leads JC, rootbotz plays KH -> r2_d2 wins
  Hand: rootbotz +15 / r2_d2 +10 (tricks 6-6)
  Match total: rootbotz 70 - 64 r2_d2
Players: rootbotz vs r2_d2
Dealer: rootbotz  |  Elder: r2_d2
Match scores: 70 - 64
Talon (8): QC 10D AD 7H 8H QH 8S KS
rootbotz hand: 7C 9C JC 7D JD QD KD 9H JH 7S QS AS
r2_d2 hand: 8C 10C KC AC 8D 9D 10H KH AH 9S 10S JS
  Exchange r2_d2: discard 8D 9D -> draw AD 8S (talon 6 left)
  Exchange rootbotz: discard 7C 9C 7D 9H 7S QS -> draw QC 10D 7H 8H QH KS (talon 0 left)

--- Phase: declare ---
  Declare point: rootbotz wins 4 pts (('point', 4, 'D'))
  Declare sequence: rootbotz wins 4 pts (('sequence', 4, 13, 'D'))
  Declare set: r2_d2 wins 3 pts (('set', 3, 14))

--- Phase: tricks ---
  Trick  1: r2_d2 leads AC, rootbotz plays JC -> r2_d2 wins
  Trick  2: r2_d2 leads AH, rootbotz plays 7H -> r2_d2 wins
  Trick  3: r2_d2 leads AD, rootbotz plays 10D -> r2_d2 wins
  Trick  4: r2_d2 leads KC, rootbotz plays QC -> r2_d2 wins
  Trick  5: r2_d2 leads KH, rootbotz plays 8H -> r2_d2 wins
  Trick  6: r2_d2 leads JS, rootbotz plays KS -> rootbotz wins
  Trick  7: rootbotz leads AS, r2_d2 plays 8S -> rootbotz wins
  Trick  8: rootbotz leads JH, r2_d2 plays 10H -> rootbotz wins
  Trick  9: rootbotz leads JD, r2_d2 plays 8C -> rootbotz wins
  Trick 10: rootbotz leads QH, r2_d2 plays 9S -> rootbotz wins
  Trick 11: rootbotz leads QD, r2_d2 plays 10C -> rootbotz wins
  Trick 12: rootbotz leads KD, r2_d2 plays 10S -> rootbotz wins
  Hand: rootbotz +26 / r2_d2 +8 (tricks 7-5)
  Match total: rootbotz 96 - 72 r2_d2
Players: rootbotz vs r2_d2
Dealer: r2_d2  |  Elder: rootbotz
Match scores: 96 - 72
Talon (8): 7C 8C JC JD 9H JH QH AS
rootbotz hand: KC 7D 8D 10D 7H 8H 10H KH 7S 9S 10S JS
r2_d2 hand: 9C 10C QC AC 9D QD KD AD AH 8S QS KS
  Exchange rootbotz: discard 7D 8D 7H 8H KH -> draw 7C 8C JC JH AS (talon 3 left)
  Exchange r2_d2: discard 9C 10C 8S -> draw JD 9H QH (talon 0 left)

--- Phase: declare ---
  Declare point: r2_d2 wins 5 pts (('point', 5, 'D'))
  Declare sequence: r2_d2 wins 4 pts (('sequence', 4, 14, 'D'))
  Declare set: r2_d2 wins 3 pts (('set', 3, 14))

--- Phase: tricks ---
  Trick  1: rootbotz leads AS, r2_d2 plays QS -> rootbotz wins
  Trick  2: rootbotz leads 9S, r2_d2 plays KS -> r2_d2 wins
  Trick  3: r2_d2 leads AD, rootbotz plays 10D -> r2_d2 wins
  Trick  4: r2_d2 leads AH, rootbotz plays 10H -> r2_d2 wins
  Trick  5: r2_d2 leads AC, rootbotz plays 7C -> r2_d2 wins
  Trick  6: r2_d2 leads KD, rootbotz plays 7S -> r2_d2 wins
  Trick  7: r2_d2 leads QD, rootbotz plays 8C -> r2_d2 wins
  Trick  8: r2_d2 leads QH, rootbotz plays JH -> r2_d2 wins
  Trick  9: r2_d2 leads JD, rootbotz plays 10S -> r2_d2 wins
  Trick 10: r2_d2 leads QC, rootbotz plays KC -> rootbotz wins
  Trick 11: rootbotz leads JS, r2_d2 plays 9D -> rootbotz wins
  Trick 12: rootbotz leads JC, r2_d2 plays 9H -> rootbotz wins
  Hand: rootbotz +5 / r2_d2 +30 (tricks 4-8)
  Match total: rootbotz 101 - 102 r2_d2
  Final: rootbotz 101 - 102 r2_d2
  Winner: r2_d2

============================================================
Game 79
============================================================
Players: r2_d2 vs rootbotz
Dealer: r2_d2  |  Elder: rootbotz
Match scores: 0 - 0
Talon (8): JC QC JD QH 8S 9S 10S AS
r2_d2 hand: 7C KC AC 9D 10D QD KD 10H JH KH 7S QS
rootbotz hand: 8C 9C 10C 7D 8D AD 7H 8H 9H AH JS KS
  Exchange rootbotz: discard 7D 8D 7H 8H 9H -> draw JC QC JD QH 10S (talon 3 left)
  Exchange r2_d2: discard 7C 10H 7S -> draw 8S 9S AS (talon 0 left)

--- Phase: declare ---
  Declare point: rootbotz wins 5 pts (('point', 5, 'C'))
  Declare sequence: rootbotz wins 10 pts (('sequence', 5, 12, 'C'))
  Declare set: r2_d2 wins 3 pts (('set', 3, 13))

--- Phase: tricks ---
  Trick  1: rootbotz leads AH, r2_d2 plays JH -> rootbotz wins
  Trick  2: rootbotz leads AD, r2_d2 plays 9D -> rootbotz wins
  Trick  3: rootbotz leads KS, r2_d2 plays AS -> r2_d2 wins
  Trick  4: r2_d2 leads AC, rootbotz plays 8C -> r2_d2 wins
  Trick  5: r2_d2 leads KD, rootbotz plays JD -> r2_d2 wins
  Trick  6: r2_d2 leads QS, rootbotz plays 10S -> r2_d2 wins
  Trick  7: r2_d2 leads QD, rootbotz plays 9C -> r2_d2 wins
  Trick  8: r2_d2 leads KH, rootbotz plays QH -> r2_d2 wins
  Trick  9: r2_d2 leads KC, rootbotz plays 10C -> r2_d2 wins
  Trick 10: r2_d2 leads 9S, rootbotz plays JS -> rootbotz wins
  Trick 11: rootbotz leads JC, r2_d2 plays 8S -> rootbotz wins
  Trick 12: rootbotz leads QC, r2_d2 plays 10D -> rootbotz wins
  Hand: r2_d2 +20 / rootbotz +21 (tricks 7-5)
  Match total: r2_d2 20 - 21 rootbotz
Players: r2_d2 vs rootbotz
Dealer: rootbotz  |  Elder: r2_d2
Match scores: 20 - 21
Talon (8): 7C 9C 10D JD 7H AH 8S 9S
r2_d2 hand: KC 7D 8D 9D QD KD AD 8H 9H 10H JS AS
rootbotz hand: 8C 10C JC QC AC JH QH KH 7S 10S QS KS
  Exchange r2_d2: discard 8H 9H 10H JS -> draw 10D JD 8S 9S (talon 4 left)
  Exchange rootbotz: discard JH KH 7S KS -> draw 7C 9C 7H AH (talon 0 left)

--- Phase: declare ---
  Declare point: r2_d2 wins 8 pts (('point', 8, 'D'))
  Declare sequence: r2_d2 wins 13 pts (('sequence', 8, 14, 'D'))
  Declare set: rootbotz wins 3 pts (('set', 3, 12))

--- Phase: tricks ---
  Trick  1: r2_d2 leads AD, rootbotz plays 7H -> r2_d2 wins
  Trick  2: r2_d2 leads AS, rootbotz plays 10S -> r2_d2 wins
  Trick  3: r2_d2 leads KD, rootbotz plays 7C -> r2_d2 wins
  Trick  4: r2_d2 leads QD, rootbotz plays 8C -> r2_d2 wins
  Trick  5: r2_d2 leads JD, rootbotz plays 9C -> r2_d2 wins
  Trick  6: r2_d2 leads 10D, rootbotz plays 10C -> r2_d2 wins
  Trick  7: r2_d2 leads 9D, rootbotz plays JC -> r2_d2 wins
  Trick  8: r2_d2 leads 9S, rootbotz plays QS -> rootbotz wins
  Trick  9: rootbotz leads AH, r2_d2 plays 7D -> rootbotz wins
  Trick 10: rootbotz leads AC, r2_d2 plays KC -> rootbotz wins
  Trick 11: rootbotz leads QH, r2_d2 plays 8D -> rootbotz wins
  Trick 12: rootbotz leads QC, r2_d2 plays 8S -> rootbotz wins
  Hand: r2_d2 +38 / rootbotz +9 (tricks 7-5)
  Match total: r2_d2 58 - 30 rootbotz
Players: r2_d2 vs rootbotz
Dealer: r2_d2  |  Elder: rootbotz
Match scores: 58 - 30
Talon (8): 10C JC KD AD 9H JH 10S JS
r2_d2 hand: 8C 9C QC KC 10D JD 8H 10H AH 7S 9S QS
rootbotz hand: 7C AC 7D 8D 9D QD 7H QH KH 8S KS AS
  Exchange rootbotz: discard 7C 7H KH 8S KS -> draw JC AD 9H 10S JS (talon 3 left)
  Exchange r2_d2: discard 8H 7S 9S -> draw 10C KD JH (talon 0 left)

--- Phase: declare ---
  Declare point: r2_d2 wins 5 pts (('point', 5, 'C'))
  Declare sequence: r2_d2 wins 3 pts (('sequence', 3, 10, 'C'))
  Declare set: rootbotz wins 3 pts (('set', 3, 14))

--- Phase: tricks ---
  Trick  1: rootbotz leads AS, r2_d2 plays QS -> rootbotz wins
  Trick  2: rootbotz leads AD, r2_d2 plays 10D -> rootbotz wins
  Trick  3: rootbotz leads AC, r2_d2 plays 8C -> rootbotz wins
  Trick  4: rootbotz leads 10S, r2_d2 plays 9C -> rootbotz wins
  Trick  5: rootbotz leads JS, r2_d2 plays 10C -> rootbotz wins
  Trick  6: rootbotz leads QH, r2_d2 plays AH -> r2_d2 wins
  Trick  7: r2_d2 leads KC, rootbotz plays JC -> r2_d2 wins
  Trick  8: r2_d2 leads KD, rootbotz plays 7D -> r2_d2 wins
  Trick  9: r2_d2 leads QC, rootbotz plays 8D -> r2_d2 wins
  Trick 10: r2_d2 leads JH, rootbotz plays 9H -> r2_d2 wins
  Trick 11: r2_d2 leads JD, rootbotz plays QD -> rootbotz wins
  Trick 12: rootbotz leads 9D, r2_d2 plays 10H -> rootbotz wins
  Hand: r2_d2 +13 / rootbotz +21 (tricks 5-7)
  Match total: r2_d2 71 - 51 rootbotz
Players: r2_d2 vs rootbotz
Dealer: rootbotz  |  Elder: r2_d2
Match scores: 71 - 51
Talon (8): 7C JC 7D 8D 9D 10D AH JS
r2_d2 hand: 8C 10C KC AC JD KD QH 8S 9S QS KS AS
rootbotz hand: 9C QC QD AD 7H 8H 9H 10H JH KH 7S 10S
  Exchange r2_d2: discard 8C 10C JD QH -> draw 8D 10D AH JS (talon 4 left)
  Exchange rootbotz: discard 9C QC QD 7S -> draw 7C JC 7D 9D (talon 0 left)

--- Phase: declare ---
  Declare point: r2_d2 wins 6 pts (('point', 6, 'S'))
  Declare sequence: rootbotz wins 10 pts (('sequence', 5, 11, 'H'))
  Declare set: r2_d2 wins 3 pts (('set', 3, 14))

--- Phase: tricks ---
  Trick  1: r2_d2 leads AS, rootbotz plays 10S -> r2_d2 wins
  Trick  2: r2_d2 leads AC, rootbotz plays 7C -> r2_d2 wins
  Trick  3: r2_d2 leads AH, rootbotz plays 7H -> r2_d2 wins
  Trick  4: r2_d2 leads KS, rootbotz plays 7D -> r2_d2 wins
  Trick  5: r2_d2 leads QS, rootbotz plays 8H -> r2_d2 wins
  Trick  6: r2_d2 leads KC, rootbotz plays JC -> r2_d2 wins
  Trick  7: r2_d2 leads KD, rootbotz plays AD -> rootbotz wins
  Trick  8: rootbotz leads 9D, r2_d2 plays 10D -> r2_d2 wins
  Trick  9: r2_d2 leads JS, rootbotz plays 9H -> r2_d2 wins
  Trick 10: r2_d2 leads 9S, rootbotz plays 10H -> r2_d2 wins
  Trick 11: r2_d2 leads 8D, rootbotz plays JH -> r2_d2 wins
  Trick 12: r2_d2 leads 8S, rootbotz plays KH -> r2_d2 wins
  Hand: r2_d2 +31 / rootbotz +11 (tricks 11-1)
  Match total: r2_d2 102 - 62 rootbotz
  Final: r2_d2 102 - 62 rootbotz
  Winner: r2_d2

============================================================
Game 80
============================================================
Players: rootbotz vs r2_d2
Dealer: rootbotz  |  Elder: r2_d2
Match scores: 0 - 0
Talon (8): 8D 10D 8H 10H KH 8S KS AS
rootbotz hand: 9C 10C QC KC 7D JD QD AD 7H 9H 9S JS
r2_d2 hand: 7C 8C JC AC 9D KD JH QH AH 7S 10S QS
  Exchange r2_d2: discard 9D JH 7S 10S QS -> draw 10D 8H 8S KS AS (talon 3 left)
  Exchange rootbotz: discard 7H 9H 9S -> draw 8D 10H KH (talon 0 left)

--- Phase: declare ---
  Declare point: rootbotz wins 5 pts (('point', 5, 'D'))
  Declare set: r2_d2 wins 3 pts (('set', 3, 14))

--- Phase: tricks ---
  Trick  1: r2_d2 leads AC, rootbotz plays 9C -> r2_d2 wins
  Trick  2: r2_d2 leads AH, rootbotz plays 10H -> r2_d2 wins
  Trick  3: r2_d2 leads AS, rootbotz plays JS -> r2_d2 wins
  Trick  4: r2_d2 leads KS, rootbotz plays 7D -> r2_d2 wins
  Trick  5: r2_d2 leads JC, rootbotz plays QC -> rootbotz wins
  Trick  6: rootbotz leads AD, r2_d2 plays 10D -> rootbotz wins
  Trick  7: rootbotz leads JD, r2_d2 plays KD -> r2_d2 wins
  Trick  8: r2_d2 leads QH, rootbotz plays KH -> rootbotz wins
  Trick  9: rootbotz leads QD, r2_d2 plays 7C -> rootbotz wins
  Trick 10: rootbotz leads 8D, r2_d2 plays 8C -> rootbotz wins
  Trick 11: rootbotz leads 10C, r2_d2 plays 8H -> rootbotz wins
  Trick 12: rootbotz leads KC, r2_d2 plays 8S -> rootbotz wins
  Hand: rootbotz +23 / r2_d2 +8 (tricks 7-5)
  Match total: rootbotz 23 - 8 r2_d2
Players: rootbotz vs r2_d2
Dealer: r2_d2  |  Elder: rootbotz
Match scores: 23 - 8
Talon (8): 10C KC 10D JD KD AD JH KS
rootbotz hand: 8C 9C JC QC AC 9D 7H 8H 9H 10H 7S QS
r2_d2 hand: 7C 7D 8D QD QH KH AH 8S 9S 10S JS AS
  Exchange rootbotz: discard 8C 9C JC 9D 7S -> draw 10C KC 10D AD JH (talon 3 left)
  Exchange r2_d2: discard 7C 7D 8D -> draw JD KD KS (talon 0 left)

--- Phase: declare ---
  Declare point: r2_d2 wins 6 pts (('point', 6, 'S'))
  Declare sequence: rootbotz wins 10 pts (('sequence', 5, 11, 'H'))
  Declare set: r2_d2 wins 3 pts (('set', 3, 13))

--- Phase: tricks ---
  Trick  1: rootbotz leads AD, r2_d2 plays JD -> rootbotz wins
  Trick  2: rootbotz leads AC, r2_d2 plays 8S -> rootbotz wins
  Trick  3: rootbotz leads 10C, r2_d2 plays 9S -> rootbotz wins
  Trick  4: rootbotz leads QC, r2_d2 plays 10S -> rootbotz wins
  Trick  5: rootbotz leads KC, r2_d2 plays JS -> rootbotz wins
  Trick  6: rootbotz leads 7H, r2_d2 plays QH -> r2_d2 wins
  Trick  7: r2_d2 leads AS, rootbotz plays QS -> r2_d2 wins
  Trick  8: r2_d2 leads AH, rootbotz plays 8H -> r2_d2 wins
  Trick  9: r2_d2 leads KD, rootbotz plays 10D -> r2_d2 wins
  Trick 10: r2_d2 leads KH, rootbotz plays 9H -> r2_d2 wins
  Trick 11: r2_d2 leads KS, rootbotz plays 10H -> r2_d2 wins
  Trick 12: r2_d2 leads QD, rootbotz plays JH -> r2_d2 wins
  Hand: rootbotz +15 / r2_d2 +27 (tricks 5-7)
  Match total: rootbotz 38 - 35 r2_d2
Players: rootbotz vs r2_d2
Dealer: rootbotz  |  Elder: r2_d2
Match scores: 38 - 35
Talon (8): 8C AC 10H JH QH KH 7S AS
rootbotz hand: 9C JC QC KC 8D 9D 7H 8H 9H AH 8S 9S
r2_d2 hand: 7C 10C 7D 10D JD QD KD AD 10S JS QS KS
  Exchange r2_d2: discard 7C -> draw AC (talon 7 left)
  Exchange rootbotz: discard 8D 9D 7H 8H 9H 8S 9S -> draw 8C 10H JH QH KH 7S AS (talon 0 left)

--- Phase: declare ---
  Declare point: r2_d2 wins 6 pts (('point', 6, 'D'))
  Declare set: r2_d2 wins 3 pts (('set', 3, 10))

--- Phase: tricks ---
  Trick  1: r2_d2 leads AD, rootbotz plays 7S -> r2_d2 wins
  Trick  2: r2_d2 leads AC, rootbotz plays 8C -> r2_d2 wins
  Trick  3: r2_d2 leads KD, rootbotz plays 9C -> r2_d2 wins
  Trick  4: r2_d2 leads QD, rootbotz plays 10H -> r2_d2 wins
  Trick  5: r2_d2 leads KS, rootbotz plays AS -> rootbotz wins
  Trick  6: rootbotz leads AH, r2_d2 plays 7D -> rootbotz wins
  Trick  7: rootbotz leads JH, r2_d2 plays 10C -> rootbotz wins
  Trick  8: rootbotz leads JC, r2_d2 plays 10D -> rootbotz wins
  Trick  9: rootbotz leads QH, r2_d2 plays 10S -> rootbotz wins
  Trick 10: rootbotz leads QC, r2_d2 plays JD -> rootbotz wins
  Trick 11: rootbotz leads KH, r2_d2 plays JS -> rootbotz wins
  Trick 12: rootbotz leads KC, r2_d2 plays QS -> rootbotz wins
  Hand: rootbotz +19 / r2_d2 +13 (tricks 8-4)
  Match total: rootbotz 57 - 48 r2_d2
Players: rootbotz vs r2_d2
Dealer: r2_d2  |  Elder: rootbotz
Match scores: 57 - 48
Talon (8): 10C 9D 10D JD 7H AH QS KS
rootbotz hand: 8C JC QC AC 7D QD AD 8H 9H QH 9S JS
r2_d2 hand: 7C 9C KC 8D KD 10H JH KH 7S 8S 10S AS
  Exchange rootbotz: discard 7D 8H 9H 9S JS -> draw 10C 10D JD 7H KS (talon 3 left)
  Exchange r2_d2: discard 7C 9C 8D -> draw 9D AH QS (talon 0 left)

--- Phase: declare ---
  Declare point: rootbotz wins 5 pts (('point', 5, 'C'))
  Declare sequence: rootbotz wins 3 pts (('sequence', 3, 12, 'D'))
  Declare set: r2_d2 wins 3 pts (('set', 3, 13))

--- Phase: tricks ---
  Trick  1: rootbotz leads AD, r2_d2 plays 9D -> rootbotz wins
  Trick  2: rootbotz leads AC, r2_d2 plays KC -> rootbotz wins
  Trick  3: rootbotz leads KS, r2_d2 plays AS -> r2_d2 wins
  Trick  4: r2_d2 leads AH, rootbotz plays 7H -> r2_d2 wins
  Trick  5: r2_d2 leads QS, rootbotz plays 8C -> r2_d2 wins
  Trick  6: r2_d2 leads KH, rootbotz plays QH -> r2_d2 wins
  Trick  7: r2_d2 leads KD, rootbotz plays 10D -> r2_d2 wins
  Trick  8: r2_d2 leads 10S, rootbotz plays 10C -> r2_d2 wins
  Trick  9: r2_d2 leads JH, rootbotz plays JC -> r2_d2 wins
  Trick 10: r2_d2 leads 8S, rootbotz plays JD -> r2_d2 wins
  Trick 11: r2_d2 leads 10H, rootbotz plays QD -> r2_d2 wins
  Trick 12: r2_d2 leads 7S, rootbotz plays QC -> r2_d2 wins
  Hand: rootbotz +10 / r2_d2 +24 (tricks 2-10)
  Match total: rootbotz 67 - 72 r2_d2
Players: rootbotz vs r2_d2
Dealer: rootbotz  |  Elder: r2_d2
Match scores: 67 - 72
Talon (8): 8C QC KC 9D 7H 10H JS KS
rootbotz hand: 9C AC AD 9H JH QH KH 7S 8S 9S 10S QS
r2_d2 hand: 7C 10C JC 7D 8D 10D JD QD KD 8H AH AS
  Exchange r2_d2: discard 7C 10C JC 8H -> draw 7H 10H JS KS (talon 4 left)
  Exchange rootbotz: discard 9C 9H JH KH -> draw 8C QC KC 9D (talon 0 left)

--- Phase: declare ---
  Declare point: r2_d2 wins 6 pts (('point', 6, 'D'))
  Declare sequence: r2_d2 wins 4 pts (('sequence', 4, 13, 'D'))
  Declare set: rootbotz wins 3 pts (('set', 3, 12))

--- Phase: tricks ---
  Trick  1: r2_d2 leads AS, rootbotz plays 7S -> r2_d2 wins
  Trick  2: r2_d2 leads AH, rootbotz plays QH -> r2_d2 wins
  Trick  3: r2_d2 leads KS, rootbotz plays 8S -> r2_d2 wins
  Trick  4: r2_d2 leads KD, rootbotz plays AD -> rootbotz wins
  Trick  5: rootbotz leads AC, r2_d2 plays 7H -> rootbotz wins
  Trick  6: rootbotz leads QS, r2_d2 plays JS -> rootbotz wins
  Trick  7: rootbotz leads QC, r2_d2 plays 7D -> rootbotz wins
  Trick  8: rootbotz leads KC, r2_d2 plays 8D -> rootbotz wins
  Trick  9: rootbotz leads 8C, r2_d2 plays 10H -> rootbotz wins
  Trick 10: rootbotz leads 9S, r2_d2 plays 10D -> rootbotz wins
  Trick 11: rootbotz leads 10S, r2_d2 plays JD -> rootbotz wins
  Trick 12: rootbotz leads 9D, r2_d2 plays QD -> r2_d2 wins
  Hand: rootbotz +21 / r2_d2 +15 (tricks 8-4)
  Match total: rootbotz 88 - 87 r2_d2
Players: rootbotz vs r2_d2
Dealer: r2_d2  |  Elder: rootbotz
Match scores: 88 - 87
Talon (8): 7C 8D 9D 7S 10S JS QS AS
rootbotz hand: 8C 10C JC KC 10D QD 7H JH KH AH 8S 9S
r2_d2 hand: 9C QC AC 7D JD KD AD 8H 9H 10H QH KS
  Exchange rootbotz: discard 8C 10D QD 8S 9S -> draw 8D 7S 10S JS QS (talon 3 left)
  Exchange r2_d2: discard 9C 7D JD -> draw 7C 9D AS (talon 0 left)

--- Phase: declare ---
  Declare point: rootbotz wins 4 pts (('point', 4, 'H'))
  Declare sequence: rootbotz wins 3 pts (('sequence', 3, 12, 'S'))
  Declare set: r2_d2 wins 3 pts (('set', 3, 14))

--- Phase: tricks ---
  Trick  1: rootbotz leads AH, r2_d2 plays 8H -> rootbotz wins
  Trick  2: rootbotz leads KH, r2_d2 plays 9H -> rootbotz wins
  Trick  3: rootbotz leads JH, r2_d2 plays QH -> r2_d2 wins
  Trick  4: r2_d2 leads AD, rootbotz plays 8D -> r2_d2 wins
  Trick  5: r2_d2 leads AC, rootbotz plays 10C -> r2_d2 wins
  Trick  6: r2_d2 leads AS, rootbotz plays 7S -> r2_d2 wins
  Trick  7: r2_d2 leads KD, rootbotz plays 7H -> r2_d2 wins
  Trick  8: r2_d2 leads KS, rootbotz plays 10S -> r2_d2 wins
  Trick  9: r2_d2 leads QC, rootbotz plays KC -> rootbotz wins
  Trick 10: rootbotz leads JS, r2_d2 plays 7C -> rootbotz wins
  Trick 11: rootbotz leads JC, r2_d2 plays 9D -> rootbotz wins
  Trick 12: rootbotz leads QS, r2_d2 plays 10H -> rootbotz wins
  Hand: rootbotz +14 / r2_d2 +9 (tricks 6-6)
  Match total: rootbotz 102 - 96 r2_d2
  Final: rootbotz 102 - 96 r2_d2
  Winner: rootbotz

============================================================
Game 81
============================================================
Players: r2_d2 vs rootbotz
Dealer: r2_d2  |  Elder: rootbotz
Match scores: 0 - 0
Talon (8): AC AD 10H JH 7S 9S QS KS
r2_d2 hand: 10C KC 9D 10D JD QD KD 9H 8S 10S JS AS
rootbotz hand: 7C 8C 9C JC QC 7D 8D 7H 8H QH KH AH
  Exchange rootbotz: discard 7C 8C 9C JC 7D -> draw AC 10H 9S QS KS (talon 3 left)
  Exchange r2_d2: discard 9H 8S JS -> draw AD JH 7S (talon 0 left)

--- Phase: declare ---
  Declare point: r2_d2 wins 6 pts (('point', 6, 'D'))
  Declare sequence: r2_d2 wins 11 pts (('sequence', 6, 14, 'D'))
  Declare set: rootbotz wins 3 pts (('set', 3, 12))

--- Phase: tricks ---
  Trick  1: rootbotz leads AH, r2_d2 plays JH -> rootbotz wins
  Trick  2: rootbotz leads AC, r2_d2 plays 10C -> rootbotz wins
  Trick  3: rootbotz leads QH, r2_d2 plays 7S -> rootbotz wins
  Trick  4: rootbotz leads KH, r2_d2 plays 9D -> rootbotz wins
  Trick  5: rootbotz leads 10H, r2_d2 plays 10S -> rootbotz wins
  Trick  6: rootbotz leads QS, r2_d2 plays AS -> r2_d2 wins
  Trick  7: r2_d2 leads AD, rootbotz plays 8D -> r2_d2 wins
  Trick  8: r2_d2 leads KD, rootbotz plays 7H -> r2_d2 wins
  Trick  9: r2_d2 leads QD, rootbotz plays 8H -> r2_d2 wins
  Trick 10: r2_d2 leads KC, rootbotz plays QC -> r2_d2 wins
  Trick 11: r2_d2 leads JD, rootbotz plays 9S -> r2_d2 wins
  Trick 12: r2_d2 leads 10D, rootbotz plays KS -> r2_d2 wins
  Hand: r2_d2 +35 / rootbotz +8 (tricks 7-5)
  Match total: r2_d2 35 - 8 rootbotz
Players: r2_d2 vs rootbotz
Dealer: rootbotz  |  Elder: r2_d2
Match scores: 35 - 8
Talon (8): 8C 10C JC QD KD 9H 8S AS
r2_d2 hand: 7C QC 7D 8D JD AD 7H 10H AH 10S JS QS
rootbotz hand: 9C KC AC 9D 10D 8H JH QH KH 7S 9S KS
  Exchange r2_d2: discard 7C QC 7H 10H -> draw QD KD 8S AS (talon 4 left)
  Exchange rootbotz: discard 9D 10D 7S 9S -> draw 8C 10C JC 9H (talon 0 left)

--- Phase: declare ---
  Declare point: rootbotz wins 6 pts (('point', 6, 'C'))
  Declare sequence: r2_d2 wins 4 pts (('sequence', 4, 14, 'D'))
  Declare set: r2_d2 wins 3 pts (('set', 3, 14))

--- Phase: tricks ---
  Trick  1: r2_d2 leads AD, rootbotz plays 8H -> r2_d2 wins
  Trick  2: r2_d2 leads AS, rootbotz plays KS -> r2_d2 wins
  Trick  3: r2_d2 leads AH, rootbotz plays 9H -> r2_d2 wins
  Trick  4: r2_d2 leads KD, rootbotz plays 8C -> r2_d2 wins
  Trick  5: r2_d2 leads QD, rootbotz plays 9C -> r2_d2 wins
  Trick  6: r2_d2 leads QS, rootbotz plays 10C -> r2_d2 wins
  Trick  7: r2_d2 leads JD, rootbotz plays JH -> r2_d2 wins
  Trick  8: r2_d2 leads JS, rootbotz plays JC -> r2_d2 wins
  Trick  9: r2_d2 leads 10S, rootbotz plays QH -> r2_d2 wins
  Trick 10: r2_d2 leads 8D, rootbotz plays KH -> r2_d2 wins
  Trick 11: r2_d2 leads 8S, rootbotz plays KC -> r2_d2 wins
  Trick 12: r2_d2 leads 7D, rootbotz plays AC -> r2_d2 wins
  Hand: r2_d2 +90 / rootbotz +6 (tricks 12-0)
  Match total: r2_d2 125 - 14 rootbotz
  Final: r2_d2 125 - 14 rootbotz
  Winner: r2_d2

============================================================
Game 82
============================================================
Players: rootbotz vs r2_d2
Dealer: rootbotz  |  Elder: r2_d2
Match scores: 0 - 0
Talon (8): 7C 10C 7D 9D QD 7H 8S JS
rootbotz hand: JC KC AC 10D 8H 10H JH KH AH 7S 9S AS
r2_d2 hand: 8C 9C QC 8D JD KD AD 9H QH 10S QS KS
  Exchange r2_d2: discard 8C 9C 9H 10S -> draw 7C QD 8S JS (talon 4 left)
  Exchange rootbotz: discard JC 10D 7S 9S -> draw 10C 7D 9D 7H (talon 0 left)

--- Phase: declare ---
  Declare point: rootbotz wins 6 pts (('point', 6, 'H'))
  Declare sequence: r2_d2 wins 4 pts (('sequence', 4, 14, 'D'))
  Declare set: rootbotz wins 3 pts (('set', 3, 14))

--- Phase: tricks ---
  Trick  1: r2_d2 leads AD, rootbotz plays 7D -> r2_d2 wins
  Trick  2: r2_d2 leads KD, rootbotz plays 9D -> r2_d2 wins
  Trick  3: r2_d2 leads QD, rootbotz plays 7H -> r2_d2 wins
  Trick  4: r2_d2 leads KS, rootbotz plays AS -> rootbotz wins
  Trick  5: rootbotz leads AH, r2_d2 plays QH -> rootbotz wins
  Trick  6: rootbotz leads AC, r2_d2 plays 7C -> rootbotz wins
  Trick  7: rootbotz leads KH, r2_d2 plays 8D -> rootbotz wins
  Trick  8: rootbotz leads KC, r2_d2 plays QC -> rootbotz wins
  Trick  9: rootbotz leads 8H, r2_d2 plays 8S -> rootbotz wins
  Trick 10: rootbotz leads 10H, r2_d2 plays JD -> rootbotz wins
  Trick 11: rootbotz leads 10C, r2_d2 plays JS -> rootbotz wins
  Trick 12: rootbotz leads JH, r2_d2 plays QS -> rootbotz wins
  Hand: rootbotz +29 / r2_d2 +7 (tricks 9-3)
  Match total: rootbotz 29 - 7 r2_d2
Players: rootbotz vs r2_d2
Dealer: r2_d2  |  Elder: rootbotz
Match scores: 29 - 7
Talon (8): AC 8D QD AD AH 8S KS AS
rootbotz hand: JC QC JD KD 7H 9H 10H KH 7S 10S JS QS
r2_d2 hand: 7C 8C 9C 10C KC 7D 9D 10D 8H JH QH 9S
  Exchange rootbotz: discard QC 7H 9H 10H KH -> draw 8D AD 8S KS AS (talon 3 left)
  Exchange r2_d2: discard 7D 8H 9S -> draw AC QD AH (talon 0 left)

--- Phase: declare ---
  Declare point: rootbotz wins 7 pts (('point', 7, 'S'))
  Declare sequence: rootbotz wins 10 pts (('sequence', 5, 14, 'S'))
  Declare set: rootbotz wins 3 pts (('set', 3, 11))

--- Phase: tricks ---
  Trick  1: rootbotz leads AS, r2_d2 plays 7C -> rootbotz wins
  Trick  2: rootbotz leads AD, r2_d2 plays 9D -> rootbotz wins
  Trick  3: rootbotz leads 10S, r2_d2 plays 8C -> rootbotz wins
  Trick  4: rootbotz leads JS, r2_d2 plays 9C -> rootbotz wins
  Trick  5: rootbotz leads QS, r2_d2 plays 10D -> rootbotz wins
  Trick  6: rootbotz leads KS, r2_d2 plays 10C -> rootbotz wins
  Trick  7: rootbotz leads KD, r2_d2 plays QD -> rootbotz wins
  Trick  8: rootbotz leads 7S, r2_d2 plays JH -> rootbotz wins
  Trick  9: rootbotz leads 8S, r2_d2 plays QH -> rootbotz wins
  Trick 10: rootbotz leads JD, r2_d2 plays KC -> rootbotz wins
  Trick 11: rootbotz leads JC, r2_d2 plays AC -> r2_d2 wins
  Trick 12: r2_d2 leads AH, rootbotz plays 8D -> r2_d2 wins
  Hand: rootbotz +40 / r2_d2 +3 (tricks 10-2)
  Match total: rootbotz 69 - 10 r2_d2
Players: rootbotz vs r2_d2
Dealer: rootbotz  |  Elder: r2_d2
Match scores: 69 - 10
Talon (8): 7C 8C 9C JD JH QH AH AS
rootbotz hand: KC AC 7D 8D 9D QD AD 10H 8S 10S JS QS
r2_d2 hand: 10C JC QC 10D KD 7H 8H 9H KH 7S 9S KS
  Exchange r2_d2: discard 10D 7S 9S -> draw 7C 8C QH (talon 5 left)
  Exchange rootbotz: discard 7D 8D 9D QD 10H -> draw 9C JD JH AH AS (talon 0 left)

--- Phase: declare ---
  Declare point: rootbotz wins 5 pts (('point', 5, 'S'))
  Declare set: rootbotz wins 14 pts (('set', 4, 14))

--- Phase: tricks ---
  Trick  1: r2_d2 leads KH, rootbotz plays AH -> rootbotz wins
  Trick  2: rootbotz leads AS, r2_d2 plays KS -> rootbotz wins
  Trick  3: rootbotz leads AD, r2_d2 plays KD -> rootbotz wins
  Trick  4: rootbotz leads AC, r2_d2 plays 7C -> rootbotz wins
  Trick  5: rootbotz leads KC, r2_d2 plays 8C -> rootbotz wins
  Trick  6: rootbotz leads JH, r2_d2 plays QH -> r2_d2 wins
  Trick  7: r2_d2 leads QC, rootbotz plays 9C -> r2_d2 wins
  Trick  8: r2_d2 leads 9H, rootbotz plays 8S -> r2_d2 wins
  Trick  9: r2_d2 leads JC, rootbotz plays 10S -> r2_d2 wins
  Trick 10: r2_d2 leads 8H, rootbotz plays JD -> r2_d2 wins
  Trick 11: r2_d2 leads 10C, rootbotz plays JS -> r2_d2 wins
  Trick 12: r2_d2 leads 7H, rootbotz plays QS -> r2_d2 wins
  Hand: rootbotz +24 / r2_d2 +18 (tricks 5-7)
  Match total: rootbotz 93 - 28 r2_d2
Players: rootbotz vs r2_d2
Dealer: r2_d2  |  Elder: rootbotz
Match scores: 93 - 28
Talon (8): 8C 10C AC 9D KD 8H 9H AS
rootbotz hand: 9C QC 10D JD QD 7H JH KH AH 8S QS KS
r2_d2 hand: 7C JC KC 7D 8D AD 10H QH 7S 9S 10S JS
  Exchange rootbotz: discard 9C 7H JH 8S KS -> draw 8C 10C AC 8H 9H (talon 3 left)
  Exchange r2_d2: discard 7C 7D 8D -> draw 9D KD AS (talon 0 left)

--- Phase: declare ---
  Declare point: r2_d2 wins 5 pts (('point', 5, 'S'))
  Declare sequence: rootbotz wins 3 pts (('sequence', 3, 12, 'D'))
  Declare set: rootbotz wins 3 pts (('set', 3, 12))

--- Phase: tricks ---
  Trick  1: rootbotz leads AH, r2_d2 plays 10H -> rootbotz wins
  Trick  2: rootbotz leads AC, r2_d2 plays JC -> rootbotz wins
  Trick  3: rootbotz leads KH, r2_d2 plays QH -> rootbotz wins
  Trick  4: rootbotz leads QS, r2_d2 plays AS -> r2_d2 wins
  Trick  5: r2_d2 leads AD, rootbotz plays 10D -> r2_d2 wins
  Trick  6: r2_d2 leads KD, rootbotz plays JD -> r2_d2 wins
  Trick  7: r2_d2 leads KC, rootbotz plays 8C -> r2_d2 wins
  Trick  8: r2_d2 leads JS, rootbotz plays 8H -> r2_d2 wins
  Trick  9: r2_d2 leads 10S, rootbotz plays 9H -> r2_d2 wins
  Trick 10: r2_d2 leads 9S, rootbotz plays 10C -> r2_d2 wins
  Trick 11: r2_d2 leads 9D, rootbotz plays QD -> rootbotz wins
  Trick 12: rootbotz leads QC, r2_d2 plays 7S -> rootbotz wins
  Hand: rootbotz +12 / r2_d2 +22 (tricks 5-7)
  Match total: rootbotz 105 - 50 r2_d2
  Final: rootbotz 105 - 50 r2_d2
  Winner: rootbotz

============================================================
Game 83
============================================================
Players: r2_d2 vs rootbotz
Dealer: r2_d2  |  Elder: rootbotz
Match scores: 0 - 0
Talon (8): 10C 9D AD 7H 9H QH KH 10S
r2_d2 hand: 7C 8C 9C QC AC 7D KD 10H JH 8S JS QS
rootbotz hand: JC KC 8D 10D JD QD 8H AH 7S 9S KS AS
  Exchange rootbotz: discard JC KC 8H 7S 9S -> draw 10C AD 7H 9H KH (talon 3 left)
  Exchange r2_d2: discard 7D 10H 8S -> draw 9D QH 10S (talon 0 left)

--- Phase: declare ---
  Declare point: rootbotz wins 5 pts (('point', 5, 'D'))
  Declare set: rootbotz wins 3 pts (('set', 3, 14))

--- Phase: tricks ---
  Trick  1: rootbotz leads AS, r2_d2 plays 10S -> rootbotz wins
  Trick  2: rootbotz leads AH, r2_d2 plays JH -> rootbotz wins
  Trick  3: rootbotz leads AD, r2_d2 plays 9D -> rootbotz wins
  Trick  4: rootbotz leads KS, r2_d2 plays JS -> rootbotz wins
  Trick  5: rootbotz leads KH, r2_d2 plays QH -> rootbotz wins
  Trick  6: rootbotz leads 10D, r2_d2 plays KD -> r2_d2 wins
  Trick  7: r2_d2 leads AC, rootbotz plays 10C -> r2_d2 wins
  Trick  8: r2_d2 leads QS, rootbotz plays 7H -> r2_d2 wins
  Trick  9: r2_d2 leads QC, rootbotz plays 8D -> r2_d2 wins
  Trick 10: r2_d2 leads 9C, rootbotz plays 9H -> r2_d2 wins
  Trick 11: r2_d2 leads 8C, rootbotz plays JD -> r2_d2 wins
  Trick 12: r2_d2 leads 7C, rootbotz plays QD -> r2_d2 wins
  Hand: r2_d2 +18 / rootbotz +13 (tricks 7-5)
  Match total: r2_d2 18 - 13 rootbotz
Players: r2_d2 vs rootbotz
Dealer: rootbotz  |  Elder: r2_d2
Match scores: 18 - 13
Talon (8): 7C 10C QC 7D 8D AD 8H JH
r2_d2 hand: 8C JC 9D QD 9H 10H QH AH 7S 10S QS AS
rootbotz hand: 9C KC AC 10D JD KD 7H KH 8S 9S JS KS
  Exchange r2_d2: discard 8C JC 9D 7S 10S -> draw 7C 7D 8D 8H JH (talon 3 left)
  Exchange rootbotz: discard 10D JD 7H -> draw 10C QC AD (talon 0 left)

--- Phase: declare ---
  Declare point: r2_d2 wins 6 pts (('point', 6, 'H'))
  Declare sequence: r2_d2 wins 10 pts (('sequence', 5, 12, 'H'))
  Declare set: rootbotz wins 14 pts (('set', 4, 13))

--- Phase: tricks ---
  Trick  1: r2_d2 leads AH, rootbotz plays KH -> r2_d2 wins
  Trick  2: r2_d2 leads AS, rootbotz plays 8S -> r2_d2 wins
  Trick  3: r2_d2 leads QH, rootbotz plays 9S -> r2_d2 wins
  Trick  4: r2_d2 leads JH, rootbotz plays 9C -> r2_d2 wins
  Trick  5: r2_d2 leads QD, rootbotz plays KD -> rootbotz wins
  Trick  6: rootbotz leads AD, r2_d2 plays 7D -> rootbotz wins
  Trick  7: rootbotz leads AC, r2_d2 plays 7C -> rootbotz wins
  Trick  8: rootbotz leads 10C, r2_d2 plays 8D -> rootbotz wins
  Trick  9: rootbotz leads QC, r2_d2 plays 8H -> rootbotz wins
  Trick 10: rootbotz leads KS, r2_d2 plays QS -> rootbotz wins
  Trick 11: rootbotz leads KC, r2_d2 plays 9H -> rootbotz wins
  Trick 12: rootbotz leads JS, r2_d2 plays 10H -> rootbotz wins
  Hand: r2_d2 +20 / rootbotz +33 (tricks 4-8)
  Match total: r2_d2 38 - 46 rootbotz
Players: r2_d2 vs rootbotz
Dealer: r2_d2  |  Elder: rootbotz
Match scores: 38 - 46
Talon (8): QC KC 9D 10D QD 7H JH QS
r2_d2 hand: 8C JC 7D JD KD AD 8H QH KH 7S JS AS
rootbotz hand: 7C 9C 10C AC 8D 9H 10H AH 8S 9S 10S KS
  Exchange rootbotz: discard 7C 9C 8D 9H -> draw QC QD 7H JH (talon 4 left)
  Exchange r2_d2: discard 8C 8H QH 7S -> draw KC 9D 10D QS (talon 0 left)

--- Phase: declare ---
  Declare point: r2_d2 wins 6 pts (('point', 6, 'D'))
  Declare sequence: r2_d2 wins 3 pts (('sequence', 3, 11, 'D'))
  Declare set: r2_d2 wins 3 pts (('set', 3, 13))

--- Phase: tricks ---
  Trick  1: rootbotz leads AH, r2_d2 plays KH -> rootbotz wins
  Trick  2: rootbotz leads AC, r2_d2 plays JC -> rootbotz wins
  Trick  3: rootbotz leads KS, r2_d2 plays AS -> r2_d2 wins
  Trick  4: r2_d2 leads AD, rootbotz plays QD -> r2_d2 wins
  Trick  5: r2_d2 leads KD, rootbotz plays 7H -> r2_d2 wins
  Trick  6: r2_d2 leads QS, rootbotz plays 8S -> r2_d2 wins
  Trick  7: r2_d2 leads KC, rootbotz plays 10C -> r2_d2 wins
  Trick  8: r2_d2 leads JD, rootbotz plays 9S -> r2_d2 wins
  Trick  9: r2_d2 leads 10D, rootbotz plays 10S -> r2_d2 wins
  Trick 10: r2_d2 leads 9D, rootbotz plays 10H -> r2_d2 wins
  Trick 11: r2_d2 leads JS, rootbotz plays JH -> r2_d2 wins
  Trick 12: r2_d2 leads 7D, rootbotz plays QC -> r2_d2 wins
  Hand: r2_d2 +33 / rootbotz +2 (tricks 10-2)
  Match total: r2_d2 71 - 48 rootbotz
Players: r2_d2 vs rootbotz
Dealer: rootbotz  |  Elder: r2_d2
Match scores: 71 - 48
Talon (8): 7C AC 10D KD 7H 10H 9S KS
r2_d2 hand: 8C 9C JC QC 7D 8D JD QD KH 10S QS AS
rootbotz hand: 10C KC 9D AD 8H 9H JH QH AH 7S 8S JS
  Exchange r2_d2: discard 7D 8D JD 10S -> draw AC 10D KD 10H (talon 4 left)
  Exchange rootbotz: discard 10C 9D 7S 8S -> draw 7C 7H 9S KS (talon 0 left)

--- Phase: declare ---
  Declare point: rootbotz wins 6 pts (('point', 6, 'H'))
  Declare sequence: rootbotz wins 3 pts (('sequence', 3, 9, 'H'))
  Declare set: r2_d2 wins 3 pts (('set', 3, 12))

--- Phase: tricks ---
  Trick  1: r2_d2 leads AC, rootbotz plays 7C -> r2_d2 wins
  Trick  2: r2_d2 leads AS, rootbotz plays 9S -> r2_d2 wins
  Trick  3: r2_d2 leads QC, rootbotz plays KC -> rootbotz wins
  Trick  4: rootbotz leads AH, r2_d2 plays 10H -> rootbotz wins
  Trick  5: rootbotz leads AD, r2_d2 plays 10D -> rootbotz wins
  Trick  6: rootbotz leads KS, r2_d2 plays QS -> rootbotz wins
  Trick  7: rootbotz leads JH, r2_d2 plays KH -> r2_d2 wins
  Trick  8: r2_d2 leads KD, rootbotz plays 7H -> r2_d2 wins
  Trick  9: r2_d2 leads QD, rootbotz plays 8H -> r2_d2 wins
  Trick 10: r2_d2 leads JC, rootbotz plays 9H -> r2_d2 wins
  Trick 11: r2_d2 leads 9C, rootbotz plays JS -> r2_d2 wins
  Trick 12: r2_d2 leads 8C, rootbotz plays QH -> r2_d2 wins
  Hand: r2_d2 +22 / rootbotz +13 (tricks 8-4)
  Match total: r2_d2 93 - 61 rootbotz
Players: r2_d2 vs rootbotz
Dealer: r2_d2  |  Elder: rootbotz
Match scores: 93 - 61
Talon (8): 9C 10C AC QD KD 7H QH 8S
r2_d2 hand: 7C JC QC 7D 8D 9D JD 9H KH 7S KS AS
rootbotz hand: 8C KC 10D AD 8H 10H JH AH 9S 10S JS QS
  Exchange rootbotz: discard 8C KC 8H JH AH -> draw 9C 10C QD 7H QH (talon 3 left)
  Exchange r2_d2: discard 7C 9H 7S -> draw AC KD 8S (talon 0 left)

--- Phase: declare ---
  Declare point: r2_d2 wins 5 pts (('point', 5, 'D'))
  Declare sequence: rootbotz wins 4 pts (('sequence', 4, 12, 'S'))
  Declare set: r2_d2 wins 3 pts (('set', 3, 13))

--- Phase: tricks ---
  Trick  1: rootbotz leads AD, r2_d2 plays 7D -> rootbotz wins
  Trick  2: rootbotz leads 10H, r2_d2 plays KH -> r2_d2 wins
  Trick  3: r2_d2 leads AS, rootbotz plays 9S -> r2_d2 wins
  Trick  4: r2_d2 leads AC, rootbotz plays 9C -> r2_d2 wins
  Trick  5: r2_d2 leads KD, rootbotz plays 10D -> r2_d2 wins
  Trick  6: r2_d2 leads KS, rootbotz plays 10S -> r2_d2 wins
  Trick  7: r2_d2 leads JD, rootbotz plays QD -> rootbotz wins
  Trick  8: rootbotz leads JS, r2_d2 plays 8S -> rootbotz wins
  Trick  9: rootbotz leads QS, r2_d2 plays 8D -> rootbotz wins
  Trick 10: rootbotz leads QH, r2_d2 plays 9D -> rootbotz wins
  Trick 11: rootbotz leads 7H, r2_d2 plays JC -> rootbotz wins
  Trick 12: rootbotz leads 10C, r2_d2 plays QC -> r2_d2 wins
  Hand: r2_d2 +15 / rootbotz +10 (tricks 6-6)
  Match total: r2_d2 108 - 71 rootbotz
  Final: r2_d2 108 - 71 rootbotz
  Winner: r2_d2

============================================================
Game 84
============================================================
Players: rootbotz vs r2_d2
Dealer: rootbotz  |  Elder: r2_d2
Match scores: 0 - 0
Talon (8): 7C 7D 9D QD 8H 9H JH 9S
rootbotz hand: 9C 10C QC KC 8D KD 7H KH AH 10S KS AS
r2_d2 hand: 8C JC AC 10D JD AD 10H QH 7S 8S JS QS
  Exchange r2_d2: discard 8C 10D 10H QH -> draw 7D QD 8H 9S (talon 4 left)
  Exchange rootbotz: discard 8D 7H 10S AS -> draw 7C 9D 9H JH (talon 0 left)

--- Phase: declare ---
  Declare point: rootbotz wins 5 pts (('point', 5, 'C'))
  Declare sequence: r2_d2 wins 3 pts (('sequence', 3, 9, 'S'))
  Declare set: rootbotz wins 14 pts (('set', 4, 13))

--- Phase: tricks ---
  Trick  1: r2_d2 leads AD, rootbotz plays 9D -> r2_d2 wins
  Trick  2: r2_d2 leads AC, rootbotz plays 7C -> r2_d2 wins
  Trick  3: r2_d2 leads QS, rootbotz plays KS -> rootbotz wins
  Trick  4: rootbotz leads AH, r2_d2 plays 8H -> rootbotz wins
  Trick  5: rootbotz leads QC, r2_d2 plays JC -> rootbotz wins
  Trick  6: rootbotz leads KH, r2_d2 plays 7D -> rootbotz wins
  Trick  7: rootbotz leads 9H, r2_d2 plays 7S -> rootbotz wins
  Trick  8: rootbotz leads JH, r2_d2 plays 8S -> rootbotz wins
  Trick  9: rootbotz leads KD, r2_d2 plays JD -> rootbotz wins
  Trick 10: rootbotz leads KC, r2_d2 plays 9S -> rootbotz wins
  Trick 11: rootbotz leads 9C, r2_d2 plays JS -> rootbotz wins
  Trick 12: rootbotz leads 10C, r2_d2 plays QD -> rootbotz wins
  Hand: rootbotz +40 / r2_d2 +5 (tricks 10-2)
  Match total: rootbotz 40 - 5 r2_d2
Players: rootbotz vs r2_d2
Dealer: r2_d2  |  Elder: rootbotz
Match scores: 40 - 5
Talon (8): 8C QC JD QD KD 9H 10S JS
rootbotz hand: 10C JC AC 9D 10D AD 7H JH KH 7S 9S KS
r2_d2 hand: 7C 9C KC 7D 8D 8H 10H QH AH 8S QS AS
  Exchange rootbotz: discard 9D 10D 7H JH 7S -> draw 8C JD KD 9H 10S (talon 3 left)
  Exchange r2_d2: discard 7C 7D 8D -> draw QC QD JS (talon 0 left)

--- Phase: declare ---
  Declare set: rootbotz wins 3 pts (('set', 3, 13))

--- Phase: tricks ---
  Trick  1: rootbotz leads AD, r2_d2 plays QD -> rootbotz wins
  Trick  2: rootbotz leads AC, r2_d2 plays 9C -> rootbotz wins
  Trick  3: rootbotz leads KD, r2_d2 plays 8H -> rootbotz wins
  Trick  4: rootbotz leads JD, r2_d2 plays 8S -> rootbotz wins
  Trick  5: rootbotz leads KS, r2_d2 plays AS -> r2_d2 wins
  Trick  6: r2_d2 leads AH, rootbotz plays 9H -> r2_d2 wins
  Trick  7: r2_d2 leads KC, rootbotz plays 8C -> r2_d2 wins
  Trick  8: r2_d2 leads QS, rootbotz plays 9S -> r2_d2 wins
  Trick  9: r2_d2 leads QC, rootbotz plays 10C -> r2_d2 wins
  Trick 10: r2_d2 leads QH, rootbotz plays KH -> rootbotz wins
  Trick 11: rootbotz leads JC, r2_d2 plays 10H -> rootbotz wins
  Trick 12: rootbotz leads 10S, r2_d2 plays JS -> r2_d2 wins
  Hand: rootbotz +9 / r2_d2 +7 (tricks 6-6)
  Match total: rootbotz 49 - 12 r2_d2
Players: rootbotz vs r2_d2
Dealer: rootbotz  |  Elder: r2_d2
Match scores: 49 - 12
Talon (8): QC 9D KD 7H 8S JS QS AS
rootbotz hand: 7C 10C KC AC 7D QD 8H 9H 10H JH AH 7S
r2_d2 hand: 8C 9C JC 8D 10D JD AD QH KH 9S 10S KS
  Exchange r2_d2: discard 8C 9C JC 9S 10S -> draw QC 9D 8S JS AS (talon 3 left)
  Exchange rootbotz: discard KC 7D 7S -> draw KD 7H QS (talon 0 left)

--- Phase: declare ---
  Declare point: rootbotz wins 6 pts (('point', 6, 'H'))
  Declare sequence: rootbotz wins 10 pts (('sequence', 5, 11, 'H'))

--- Phase: tricks ---
  Trick  1: r2_d2 leads AD, rootbotz plays QD -> r2_d2 wins
  Trick  2: r2_d2 leads AS, rootbotz plays QS -> r2_d2 wins
  Trick  3: r2_d2 leads KS, rootbotz plays 7C -> r2_d2 wins
  Trick  4: r2_d2 leads JD, rootbotz plays KD -> rootbotz wins
  Trick  5: rootbotz leads AH, r2_d2 plays QH -> rootbotz wins
  Trick  6: rootbotz leads AC, r2_d2 plays QC -> rootbotz wins
  Trick  7: rootbotz leads 7H, r2_d2 plays KH -> r2_d2 wins
  Trick  8: r2_d2 leads 10D, rootbotz plays 8H -> r2_d2 wins
  Trick  9: r2_d2 leads JS, rootbotz plays 9H -> r2_d2 wins
  Trick 10: r2_d2 leads 9D, rootbotz plays 10C -> r2_d2 wins
  Trick 11: r2_d2 leads 8D, rootbotz plays 10H -> r2_d2 wins
  Trick 12: r2_d2 leads 8S, rootbotz plays JH -> r2_d2 wins
  Hand: rootbotz +19 / r2_d2 +20 (tricks 3-9)
  Match total: rootbotz 68 - 32 r2_d2
Players: rootbotz vs r2_d2
Dealer: r2_d2  |  Elder: rootbotz
Match scores: 68 - 32
Talon (8): KC 7D JD AD 7H 9H 7S 10S
rootbotz hand: 8C 10C JC 8D 9D 10D QD 8H KH 9S QS KS
r2_d2 hand: 7C 9C QC AC KD 10H JH QH AH 8S JS AS
  Exchange rootbotz: discard 8C 10C JC 8H 9S -> draw 7D AD 7H 9H 7S (talon 3 left)
  Exchange r2_d2: discard 7C 9C 8S -> draw KC JD 10S (talon 0 left)

--- Phase: declare ---
  Declare point: rootbotz wins 6 pts (('point', 6, 'D'))
  Declare sequence: rootbotz wins 4 pts (('sequence', 4, 10, 'D'))
  Declare set: r2_d2 wins 3 pts (('set', 3, 14))

--- Phase: tricks ---
  Trick  1: rootbotz leads AD, r2_d2 plays JD -> rootbotz wins
  Trick  2: rootbotz leads QD, r2_d2 plays KD -> r2_d2 wins
  Trick  3: r2_d2 leads AH, rootbotz plays 7H -> r2_d2 wins
  Trick  4: r2_d2 leads AS, rootbotz plays 7S -> r2_d2 wins
  Trick  5: r2_d2 leads AC, rootbotz plays 7D -> r2_d2 wins
  Trick  6: r2_d2 leads KC, rootbotz plays 8D -> r2_d2 wins
  Trick  7: r2_d2 leads QC, rootbotz plays 9D -> r2_d2 wins
  Trick  8: r2_d2 leads QH, rootbotz plays KH -> rootbotz wins
  Trick  9: rootbotz leads QS, r2_d2 plays 10S -> rootbotz wins
  Trick 10: rootbotz leads KS, r2_d2 plays JS -> rootbotz wins
  Trick 11: rootbotz leads 9H, r2_d2 plays 10H -> r2_d2 wins
  Trick 12: r2_d2 leads JH, rootbotz plays 10D -> r2_d2 wins
  Hand: rootbotz +14 / r2_d2 +22 (tricks 4-8)
  Match total: rootbotz 82 - 54 r2_d2
Players: rootbotz vs r2_d2
Dealer: rootbotz  |  Elder: r2_d2
Match scores: 82 - 54
Talon (8): 8C JC KC AC 9D AD 9H AS
rootbotz hand: 7C 7D 8D 10D KD 7H 10H QH 7S 10S QS KS
r2_d2 hand: 9C 10C QC JD QD 8H JH KH AH 8S 9S JS
  Exchange r2_d2: discard 9C 10C QC 8S 9S -> draw JC 9D AD 9H AS (talon 3 left)
  Exchange rootbotz: discard 7C 7H QH -> draw 8C KC AC (talon 0 left)

--- Phase: declare ---
  Declare point: r2_d2 wins 5 pts (('point', 5, 'H'))
  Declare set: r2_d2 wins 3 pts (('set', 3, 14))

--- Phase: tricks ---
  Trick  1: r2_d2 leads AH, rootbotz plays 10H -> r2_d2 wins
  Trick  2: r2_d2 leads AD, rootbotz plays 7D -> r2_d2 wins
  Trick  3: r2_d2 leads AS, rootbotz plays 7S -> r2_d2 wins
  Trick  4: r2_d2 leads KH, rootbotz plays 8D -> r2_d2 wins
  Trick  5: r2_d2 leads QD, rootbotz plays KD -> rootbotz wins
  Trick  6: rootbotz leads AC, r2_d2 plays JC -> rootbotz wins
  Trick  7: rootbotz leads KC, r2_d2 plays 8H -> rootbotz wins
  Trick  8: rootbotz leads 8C, r2_d2 plays 9D -> rootbotz wins
  Trick  9: rootbotz leads 10S, r2_d2 plays JS -> r2_d2 wins
  Trick 10: r2_d2 leads JH, rootbotz plays 10D -> r2_d2 wins
  Trick 11: r2_d2 leads JD, rootbotz plays QS -> r2_d2 wins
  Trick 12: r2_d2 leads 9H, rootbotz plays KS -> r2_d2 wins
  Hand: rootbotz +4 / r2_d2 +27 (tricks 4-8)
  Match total: rootbotz 86 - 81 r2_d2
Players: rootbotz vs r2_d2
Dealer: r2_d2  |  Elder: rootbotz
Match scores: 86 - 81
Talon (8): 8C 10D AD 7H 9H 8S 10S QS
rootbotz hand: 7C QC KC 7D 9D JD JH QH KH 7S KS AS
r2_d2 hand: 9C 10C JC AC 8D QD KD 8H 10H AH 9S JS
  Exchange rootbotz: discard 7C QC 7D 9D 7S -> draw 8C AD 7H 10S QS (talon 3 left)
  Exchange r2_d2: discard 8D 8H 9S -> draw 10D 9H 8S (talon 0 left)

--- Phase: declare ---
  Declare point: rootbotz wins 4 pts (('point', 4, 'S'))
  Declare sequence: rootbotz wins 3 pts (('sequence', 3, 14, 'S'))
  Declare set: rootbotz wins 3 pts (('set', 3, 13))

--- Phase: tricks ---
  Trick  1: rootbotz leads AS, r2_d2 plays 8S -> rootbotz wins
  Trick  2: rootbotz leads AD, r2_d2 plays 10D -> rootbotz wins
  Trick  3: rootbotz leads QS, r2_d2 plays JS -> rootbotz wins
  Trick  4: rootbotz leads KS, r2_d2 plays 9H -> rootbotz wins
  Trick  5: rootbotz leads 10S, r2_d2 plays 9C -> rootbotz wins
  Trick  6: rootbotz leads JH, r2_d2 plays AH -> r2_d2 wins
  Trick  7: r2_d2 leads AC, rootbotz plays 8C -> r2_d2 wins
  Trick  8: r2_d2 leads KD, rootbotz plays JD -> r2_d2 wins
  Trick  9: r2_d2 leads QD, rootbotz plays 7H -> r2_d2 wins
  Trick 10: r2_d2 leads JC, rootbotz plays KC -> rootbotz wins
  Trick 11: rootbotz leads QH, r2_d2 plays 10H -> rootbotz wins
  Trick 12: rootbotz leads KH, r2_d2 plays 10C -> rootbotz wins
  Hand: rootbotz +29 / r2_d2 +4 (tricks 8-4)
  Match total: rootbotz 115 - 85 r2_d2
  Final: rootbotz 115 - 85 r2_d2
  Winner: rootbotz

============================================================
Game 85
============================================================
Players: r2_d2 vs rootbotz
Dealer: r2_d2  |  Elder: rootbotz
Match scores: 0 - 0
Talon (8): 7C KC 7D 8D QD KD 7S QS
r2_d2 hand: 8C 10C QC 10D AD 7H JH 9S 10S JS KS AS
rootbotz hand: 9C JC AC 9D JD 8H 9H 10H QH KH AH 8S
  Exchange rootbotz: discard 9C JC 9D JD 8S -> draw KC 7D 8D QD 7S (talon 3 left)
  Exchange r2_d2: discard 8C 7H JH -> draw 7C KD QS (talon 0 left)

--- Phase: declare ---
  Declare point: r2_d2 wins 6 pts (('point', 6, 'S'))
  Declare sequence: r2_d2 wins 11 pts (('sequence', 6, 14, 'S'))
  Declare set: r2_d2 wins 3 pts (('set', 3, 10))

--- Phase: tricks ---
  Trick  1: rootbotz leads AH, r2_d2 plays 7C -> rootbotz wins
  Trick  2: rootbotz leads AC, r2_d2 plays 10C -> rootbotz wins
  Trick  3: rootbotz leads QH, r2_d2 plays 9S -> rootbotz wins
  Trick  4: rootbotz leads KH, r2_d2 plays 10D -> rootbotz wins
  Trick  5: rootbotz leads 8H, r2_d2 plays 10S -> rootbotz wins
  Trick  6: rootbotz leads 9H, r2_d2 plays JS -> rootbotz wins
  Trick  7: rootbotz leads 10H, r2_d2 plays QC -> rootbotz wins
  Trick  8: rootbotz leads QD, r2_d2 plays KD -> r2_d2 wins
  Trick  9: r2_d2 leads AS, rootbotz plays 7S -> r2_d2 wins
  Trick 10: r2_d2 leads AD, rootbotz plays 7D -> r2_d2 wins
  Trick 11: r2_d2 leads KS, rootbotz plays 8D -> r2_d2 wins
  Trick 12: r2_d2 leads QS, rootbotz plays KC -> r2_d2 wins
  Hand: r2_d2 +26 / rootbotz +17 (tricks 5-7)
  Match total: r2_d2 26 - 17 rootbotz
Players: r2_d2 vs rootbotz
Dealer: rootbotz  |  Elder: r2_d2
Match scores: 26 - 17
Talon (8): 10C QC 8D 7H QH 10S QS KS
r2_d2 hand: 7C 9C JC AC 7D 10D KD AD JH 7S 8S JS
rootbotz hand: 8C KC 9D JD QD 8H 9H 10H KH AH 9S AS
  Exchange r2_d2: discard 7C 9C 7S 8S -> draw 10C 7H 10S QS (talon 4 left)
  Exchange rootbotz: discard 8C 9D JD 9S -> draw QC 8D QH KS (talon 0 left)

--- Phase: declare ---
  Declare point: rootbotz wins 6 pts (('point', 6, 'H'))
  Declare sequence: rootbotz wins 3 pts (('sequence', 3, 14, 'H'))
  Declare set: rootbotz wins 3 pts (('set', 3, 13))

--- Phase: tricks ---
  Trick  1: r2_d2 leads AD, rootbotz plays 8D -> r2_d2 wins
  Trick  2: r2_d2 leads AC, rootbotz plays QC -> r2_d2 wins
  Trick  3: r2_d2 leads KD, rootbotz plays QD -> r2_d2 wins
  Trick  4: r2_d2 leads QS, rootbotz plays KS -> rootbotz wins
  Trick  5: rootbotz leads AS, r2_d2 plays 10S -> rootbotz wins
  Trick  6: rootbotz leads AH, r2_d2 plays 7H -> rootbotz wins
  Trick  7: rootbotz leads QH, r2_d2 plays JH -> rootbotz wins
  Trick  8: rootbotz leads KH, r2_d2 plays 7D -> rootbotz wins
  Trick  9: rootbotz leads KC, r2_d2 plays 10C -> rootbotz wins
  Trick 10: rootbotz leads 8H, r2_d2 plays 10D -> rootbotz wins
  Trick 11: rootbotz leads 9H, r2_d2 plays JC -> rootbotz wins
  Trick 12: rootbotz leads 10H, r2_d2 plays JS -> rootbotz wins
  Hand: r2_d2 +3 / rootbotz +32 (tricks 3-9)
  Match total: r2_d2 29 - 49 rootbotz
Players: r2_d2 vs rootbotz
Dealer: r2_d2  |  Elder: rootbotz
Match scores: 29 - 49
Talon (8): QC AC 7D 8D JD 7H 8S 10S
r2_d2 hand: 7C 8C 9C 10C KC 10D 10H AH 9S JS KS AS
rootbotz hand: JC 9D QD KD AD 8H 9H JH QH KH 7S QS
  Exchange rootbotz: discard JC 9D 8H 9H 7S -> draw QC 7D JD 7H 8S (talon 3 left)
  Exchange r2_d2: discard 9S JS -> draw AC 8D (talon 1 left)

--- Phase: declare ---
  Declare point: r2_d2 wins 6 pts (('point', 6, 'C'))
  Declare sequence: rootbotz wins 4 pts (('sequence', 4, 14, 'D'))
  Declare set: r2_d2 wins 3 pts (('set', 3, 14))

--- Phase: tricks ---
  Trick  1: rootbotz leads AD, r2_d2 plays 8D -> rootbotz wins
  Trick  2: rootbotz leads JD, r2_d2 plays 10D -> rootbotz wins
  Trick  3: rootbotz leads QD, r2_d2 plays 7C -> rootbotz wins
  Trick  4: rootbotz leads KD, r2_d2 plays 8C -> rootbotz wins
  Trick  5: rootbotz leads 7D, r2_d2 plays 9C -> rootbotz wins
  Trick  6: rootbotz leads JH, r2_d2 plays AH -> r2_d2 wins
  Trick  7: r2_d2 leads AC, rootbotz plays QC -> r2_d2 wins
  Trick  8: r2_d2 leads AS, rootbotz plays 8S -> r2_d2 wins
  Trick  9: r2_d2 leads KC, rootbotz plays 7H -> r2_d2 wins
  Trick 10: r2_d2 leads KS, rootbotz plays QS -> r2_d2 wins
  Trick 11: r2_d2 leads 10H, rootbotz plays QH -> rootbotz wins
  Trick 12: rootbotz leads KH, r2_d2 plays 10C -> rootbotz wins
  Hand: r2_d2 +14 / rootbotz +22 (tricks 5-7)
  Match total: r2_d2 43 - 71 rootbotz
Players: r2_d2 vs rootbotz
Dealer: rootbotz  |  Elder: r2_d2
Match scores: 43 - 71
Talon (8): 7C 10D AD 9H AH 7S 10S JS
r2_d2 hand: 8C JC QC KC 8D QD KD 7H QH 9S QS AS
rootbotz hand: 9C 10C AC 7D 9D JD 8H 10H JH KH 8S KS
  Exchange r2_d2: discard 8D 7H 9S -> draw 10D 7S 10S (talon 5 left)
  Exchange rootbotz: discard 9C 10C 7D 9D 8S -> draw 7C AD 9H AH JS (talon 0 left)

--- Phase: declare ---
  Declare point: rootbotz wins 6 pts (('point', 6, 'H'))
  Declare sequence: rootbotz wins 4 pts (('sequence', 4, 11, 'H'))
  Declare set: rootbotz wins 3 pts (('set', 3, 14))

--- Phase: tricks ---
  Trick  1: r2_d2 leads AS, rootbotz plays JS -> r2_d2 wins
  Trick  2: r2_d2 leads KC, rootbotz plays AC -> rootbotz wins
  Trick  3: rootbotz leads AH, r2_d2 plays QH -> rootbotz wins
  Trick  4: rootbotz leads AD, r2_d2 plays 10D -> rootbotz wins
  Trick  5: rootbotz leads KS, r2_d2 plays 7S -> rootbotz wins
  Trick  6: rootbotz leads KH, r2_d2 plays 8C -> rootbotz wins
  Trick  7: rootbotz leads 8H, r2_d2 plays 10S -> rootbotz wins
  Trick  8: rootbotz leads 7C, r2_d2 plays JC -> r2_d2 wins
  Trick  9: r2_d2 leads KD, rootbotz plays JD -> r2_d2 wins
  Trick 10: r2_d2 leads QS, rootbotz plays 9H -> r2_d2 wins
  Trick 11: r2_d2 leads QD, rootbotz plays 10H -> r2_d2 wins
  Trick 12: r2_d2 leads QC, rootbotz plays JH -> r2_d2 wins
  Hand: r2_d2 +7 / rootbotz +19 (tricks 6-6)
  Match total: r2_d2 50 - 90 rootbotz
Players: r2_d2 vs rootbotz
Dealer: r2_d2  |  Elder: rootbotz
Match scores: 50 - 90
Talon (8): QC 7D AH 8S 10S QS KS AS
r2_d2 hand: 7C 8C 10C JC KC 9D QD KD 7H 8H JH JS
rootbotz hand: 9C AC 8D 10D JD AD 9H 10H QH KH 7S 9S
  Exchange rootbotz: discard 9C 9H 10H 7S 9S -> draw QC 7D 8S QS AS (talon 3 left)
  Exchange r2_d2: discard 9D 7H 8H -> draw AH 10S KS (talon 0 left)

--- Phase: declare ---
  Declare point: rootbotz wins 5 pts (('point', 5, 'D'))
  Declare set: rootbotz wins 3 pts (('set', 3, 14))

--- Phase: tricks ---
  Trick  1: rootbotz leads AS, r2_d2 plays 10S -> rootbotz wins
  Trick  2: rootbotz leads AD, r2_d2 plays QD -> rootbotz wins
  Trick  3: rootbotz leads AC, r2_d2 plays 7C -> rootbotz wins
  Trick  4: rootbotz leads QS, r2_d2 plays KS -> r2_d2 wins
  Trick  5: r2_d2 leads AH, rootbotz plays QH -> r2_d2 wins
  Trick  6: r2_d2 leads KC, rootbotz plays QC -> r2_d2 wins
  Trick  7: r2_d2 leads KD, rootbotz plays 7D -> r2_d2 wins
  Trick  8: r2_d2 leads JC, rootbotz plays 8S -> r2_d2 wins
  Trick  9: r2_d2 leads 10C, rootbotz plays 8D -> r2_d2 wins
  Trick 10: r2_d2 leads JH, rootbotz plays KH -> rootbotz wins
  Trick 11: rootbotz leads 10D, r2_d2 plays 8C -> rootbotz wins
  Trick 12: rootbotz leads JD, r2_d2 plays JS -> rootbotz wins
  Hand: r2_d2 +6 / rootbotz +15 (tricks 6-6)
  Match total: r2_d2 56 - 105 rootbotz
  Final: r2_d2 56 - 105 rootbotz
  Winner: rootbotz

============================================================
Game 86
============================================================
Players: rootbotz vs r2_d2
Dealer: rootbotz  |  Elder: r2_d2
Match scores: 0 - 0
Talon (8): 7C QC KC 10D JD QD 7H 9S
rootbotz hand: 8C 10C JC AC 9D KD 10H JH AH 8S KS AS
r2_d2 hand: 9C 7D 8D AD 8H 9H QH KH 7S 10S JS QS
  Exchange r2_d2: discard 9C 7D 8D 8H 9H -> draw 7C QC JD 7H 9S (talon 3 left)
  Exchange rootbotz: discard 9D KD 8S -> draw KC 10D QD (talon 0 left)

--- Phase: declare ---
  Declare point: rootbotz wins 5 pts (('point', 5, 'C'))
  Declare sequence: r2_d2 wins 4 pts (('sequence', 4, 12, 'S'))
  Declare set: rootbotz wins 3 pts (('set', 3, 14))

--- Phase: tricks ---
  Trick  1: r2_d2 leads AD, rootbotz plays 10D -> r2_d2 wins
  Trick  2: r2_d2 leads QS, rootbotz plays KS -> rootbotz wins
  Trick  3: rootbotz leads AH, r2_d2 plays 7H -> rootbotz wins
  Trick  4: rootbotz leads AC, r2_d2 plays 7C -> rootbotz wins
  Trick  5: rootbotz leads AS, r2_d2 plays 7S -> rootbotz wins
  Trick  6: rootbotz leads QD, r2_d2 plays JD -> rootbotz wins
  Trick  7: rootbotz leads KC, r2_d2 plays QC -> rootbotz wins
  Trick  8: rootbotz leads 8C, r2_d2 plays 9S -> rootbotz wins
  Trick  9: rootbotz leads 10H, r2_d2 plays QH -> r2_d2 wins
  Trick 10: r2_d2 leads KH, rootbotz plays JH -> r2_d2 wins
  Trick 11: r2_d2 leads JS, rootbotz plays 10C -> r2_d2 wins
  Trick 12: r2_d2 leads 10S, rootbotz plays JC -> r2_d2 wins
  Hand: rootbotz +25 / r2_d2 +10 (tricks 7-5)
  Match total: rootbotz 25 - 10 r2_d2
Players: rootbotz vs r2_d2
Dealer: r2_d2  |  Elder: rootbotz
Match scores: 25 - 10
Talon (8): 8C 8D 9D 10D KD 10H JS QS
rootbotz hand: JC QC KC AC JD AD 7H 9H JH 9S KS AS
r2_d2 hand: 7C 9C 10C 7D QD 8H QH KH AH 7S 8S 10S
  Exchange rootbotz: discard 7H 9H JH 9S KS -> draw 8C 8D 9D 10D 10H (talon 3 left)
  Exchange r2_d2: discard 7S 8S 10S -> draw KD JS QS (talon 0 left)

--- Phase: declare ---
  Declare point: rootbotz wins 5 pts (('point', 5, 'C'))
  Declare sequence: rootbotz wins 4 pts (('sequence', 4, 14, 'C'))
  Declare set: rootbotz wins 3 pts (('set', 3, 14))

--- Phase: tricks ---
  Trick  1: rootbotz leads AS, r2_d2 plays JS -> rootbotz wins
  Trick  2: rootbotz leads AD, r2_d2 plays 7D -> rootbotz wins
  Trick  3: rootbotz leads AC, r2_d2 plays 7C -> rootbotz wins
  Trick  4: rootbotz leads JC, r2_d2 plays 9C -> rootbotz wins
  Trick  5: rootbotz leads QC, r2_d2 plays 10C -> rootbotz wins
  Trick  6: rootbotz leads KC, r2_d2 plays 8H -> rootbotz wins
  Trick  7: rootbotz leads 8D, r2_d2 plays QD -> r2_d2 wins
  Trick  8: r2_d2 leads AH, rootbotz plays 10H -> r2_d2 wins
  Trick  9: r2_d2 leads KH, rootbotz plays 8C -> r2_d2 wins
  Trick 10: r2_d2 leads KD, rootbotz plays 9D -> r2_d2 wins
  Trick 11: r2_d2 leads QH, rootbotz plays 10D -> r2_d2 wins
  Trick 12: r2_d2 leads QS, rootbotz plays JD -> r2_d2 wins
  Hand: rootbotz +18 / r2_d2 +7 (tricks 6-6)
  Match total: rootbotz 43 - 17 r2_d2
Players: rootbotz vs r2_d2
Dealer: rootbotz  |  Elder: r2_d2
Match scores: 43 - 17
Talon (8): 8C JC QD 8H 10H QH 9S QS
rootbotz hand: 7C 10C QC 7D 9D 10D AD KH 7S 8S KS AS
r2_d2 hand: 9C KC AC 8D JD KD 7H 9H JH AH 10S JS
  Exchange r2_d2: discard 9C 8D 10S -> draw 8C 8H 9S (talon 5 left)
  Exchange rootbotz: discard 7C 10C QC 7D 9D -> draw JC QD 10H QH QS (talon 0 left)

--- Phase: declare ---
  Declare point: rootbotz wins 5 pts (('point', 5, 'S'))
  Declare sequence: rootbotz wins 3 pts (('sequence', 3, 14, 'S'))
  Declare set: rootbotz wins 3 pts (('set', 3, 12))

--- Phase: tricks ---
  Trick  1: r2_d2 leads AH, rootbotz plays 10H -> r2_d2 wins
  Trick  2: r2_d2 leads AC, rootbotz plays JC -> r2_d2 wins
  Trick  3: r2_d2 leads KC, rootbotz plays 7S -> r2_d2 wins
  Trick  4: r2_d2 leads JH, rootbotz plays QH -> rootbotz wins
  Trick  5: rootbotz leads AS, r2_d2 plays 9S -> rootbotz wins
  Trick  6: rootbotz leads AD, r2_d2 plays JD -> rootbotz wins
  Trick  7: rootbotz leads QS, r2_d2 plays JS -> rootbotz wins
  Trick  8: rootbotz leads QD, r2_d2 plays KD -> r2_d2 wins
  Trick  9: r2_d2 leads 9H, rootbotz plays KH -> rootbotz wins
  Trick 10: rootbotz leads KS, r2_d2 plays 7H -> rootbotz wins
  Trick 11: rootbotz leads 8S, r2_d2 plays 8C -> rootbotz wins
  Trick 12: rootbotz leads 10D, r2_d2 plays 8H -> rootbotz wins
  Hand: rootbotz +30 / r2_d2 +4 (tricks 8-4)
  Match total: rootbotz 73 - 21 r2_d2
Players: rootbotz vs r2_d2
Dealer: r2_d2  |  Elder: rootbotz
Match scores: 73 - 21
Talon (8): AC 7D JD 7H 8H 10H JH 10S
rootbotz hand: 7C 9C KC 9D 10D QD KD 9H 7S 8S 9S KS
r2_d2 hand: 8C 10C JC QC 8D AD QH KH AH JS QS AS
  Exchange rootbotz: discard 7C 9C 9D 10D QD -> draw 7D 7H 8H 10H 10S (talon 3 left)
  Exchange r2_d2: discard 8D JS -> draw AC JH (talon 1 left)

--- Phase: declare ---
  Declare point: r2_d2 wins 5 pts (('point', 5, 'C'))
  Declare sequence: r2_d2 wins 4 pts (('sequence', 4, 14, 'H'))
  Declare set: r2_d2 wins 14 pts (('set', 4, 14))

--- Phase: tricks ---
  Trick  1: rootbotz leads 7H, r2_d2 plays JH -> r2_d2 wins
  Trick  2: r2_d2 leads AC, rootbotz plays KC -> r2_d2 wins
  Trick  3: r2_d2 leads AH, rootbotz plays 8H -> r2_d2 wins
  Trick  4: r2_d2 leads AS, rootbotz plays 7S -> r2_d2 wins
  Trick  5: r2_d2 leads AD, rootbotz plays 7D -> r2_d2 wins
  Trick  6: r2_d2 leads KH, rootbotz plays 9H -> r2_d2 wins
  Trick  7: r2_d2 leads QH, rootbotz plays 10H -> r2_d2 wins
  Trick  8: r2_d2 leads QC, rootbotz plays 8S -> r2_d2 wins
  Trick  9: r2_d2 leads JC, rootbotz plays 9S -> r2_d2 wins
  Trick 10: r2_d2 leads 10C, rootbotz plays 10S -> r2_d2 wins
  Trick 11: r2_d2 leads QS, rootbotz plays KS -> rootbotz wins
  Trick 12: rootbotz leads KD, r2_d2 plays 8C -> rootbotz wins
  Hand: rootbotz +3 / r2_d2 +43 (tricks 2-10)
  Match total: rootbotz 76 - 64 r2_d2
Players: rootbotz vs r2_d2
Dealer: rootbotz  |  Elder: r2_d2
Match scores: 76 - 64
Talon (8): 9C AC 7D 8D 10D JD AD JH
rootbotz hand: 7C JC QC QD 7H 8H KH 7S 9S 10S JS AS
r2_d2 hand: 8C 10C KC 9D KD 9H 10H QH AH 8S QS KS
  Exchange r2_d2: discard 8C 10C 9D 8S QS -> draw 9C AC 7D 10D JH (talon 3 left)
  Exchange rootbotz: discard 7C 7H 8H -> draw 8D JD AD (talon 0 left)

--- Phase: declare ---
  Declare point: r2_d2 wins 5 pts (('point', 5, 'H'))
  Declare sequence: r2_d2 wins 4 pts (('sequence', 4, 12, 'H'))
  Declare set: r2_d2 wins 3 pts (('set', 3, 13))

--- Phase: tricks ---
  Trick  1: r2_d2 leads AH, rootbotz plays KH -> r2_d2 wins
  Trick  2: r2_d2 leads AC, rootbotz plays JC -> r2_d2 wins
  Trick  3: r2_d2 leads KC, rootbotz plays QC -> r2_d2 wins
  Trick  4: r2_d2 leads QH, rootbotz plays 7S -> r2_d2 wins
  Trick  5: r2_d2 leads KD, rootbotz plays AD -> rootbotz wins
  Trick  6: rootbotz leads AS, r2_d2 plays KS -> rootbotz wins
  Trick  7: rootbotz leads JD, r2_d2 plays 7D -> rootbotz wins
  Trick  8: rootbotz leads 8D, r2_d2 plays 10D -> r2_d2 wins
  Trick  9: r2_d2 leads JH, rootbotz plays 9S -> r2_d2 wins
  Trick 10: r2_d2 leads 10H, rootbotz plays 10S -> r2_d2 wins
  Trick 11: r2_d2 leads 9H, rootbotz plays JS -> r2_d2 wins
  Trick 12: r2_d2 leads 9C, rootbotz plays QD -> r2_d2 wins
  Hand: rootbotz +3 / r2_d2 +32 (tricks 3-9)
  Match total: rootbotz 79 - 96 r2_d2
Players: rootbotz vs r2_d2
Dealer: r2_d2  |  Elder: rootbotz
Match scores: 79 - 96
Talon (8): 8C QC KC JD 7H JH AH KS
rootbotz hand: 7C JC AC 9D 10D QD KD KH 9S 10S QS AS
r2_d2 hand: 9C 10C 7D 8D AD 8H 9H 10H QH 7S 8S JS
  Exchange rootbotz: discard 7C JC KH 9S 10S -> draw 8C QC KC JH AH (talon 3 left)
  Exchange r2_d2: discard 7D 7S 8S -> draw JD 7H KS (talon 0 left)

--- Phase: declare ---
  Declare point: r2_d2 wins 5 pts (('point', 5, 'H'))
  Declare sequence: r2_d2 wins 4 pts (('sequence', 4, 10, 'H'))
  Declare set: rootbotz wins 3 pts (('set', 3, 14))

--- Phase: tricks ---
  Trick  1: rootbotz leads AS, r2_d2 plays JS -> rootbotz wins
  Trick  2: rootbotz leads AH, r2_d2 plays 7H -> rootbotz wins
  Trick  3: rootbotz leads AC, r2_d2 plays 9C -> rootbotz wins
  Trick  4: rootbotz leads QC, r2_d2 plays 10C -> rootbotz wins
  Trick  5: rootbotz leads KC, r2_d2 plays 8D -> rootbotz wins
  Trick  6: rootbotz leads JH, r2_d2 plays QH -> r2_d2 wins
  Trick  7: r2_d2 leads AD, rootbotz plays 9D -> r2_d2 wins
  Trick  8: r2_d2 leads KS, rootbotz plays QS -> r2_d2 wins
  Trick  9: r2_d2 leads 10H, rootbotz plays 8C -> r2_d2 wins
  Trick 10: r2_d2 leads 9H, rootbotz plays 10D -> r2_d2 wins
  Trick 11: r2_d2 leads JD, rootbotz plays QD -> rootbotz wins
  Trick 12: rootbotz leads KD, r2_d2 plays 8H -> rootbotz wins
  Hand: rootbotz +21 / r2_d2 +14 (tricks 7-5)
  Match total: rootbotz 100 - 110 r2_d2
  Final: rootbotz 100 - 110 r2_d2
  Winner: r2_d2

============================================================
Game 87
============================================================
Players: r2_d2 vs rootbotz
Dealer: r2_d2  |  Elder: rootbotz
Match scores: 0 - 0
Talon (8): 10C JC 9D AD 8H QH JS QS
r2_d2 hand: KC 7D JD KD 7H 9H KH 7S 8S 10S KS AS
rootbotz hand: 7C 8C 9C QC AC 8D 10D QD 10H JH AH 9S
  Exchange rootbotz: discard 8D 10D 10H JH 9S -> draw JC 9D 8H JS QS (talon 3 left)
  Exchange r2_d2: discard 7D 7H 9H -> draw 10C AD QH (talon 0 left)

--- Phase: declare ---
  Declare point: rootbotz wins 6 pts (('point', 6, 'C'))
  Declare sequence: rootbotz wins 3 pts (('sequence', 3, 9, 'C'))
  Declare set: r2_d2 wins 14 pts (('set', 4, 13))

--- Phase: tricks ---
  Trick  1: rootbotz leads AH, r2_d2 plays QH -> rootbotz wins
  Trick  2: rootbotz leads AC, r2_d2 plays 10C -> rootbotz wins
  Trick  3: rootbotz leads JC, r2_d2 plays KC -> r2_d2 wins
  Trick  4: r2_d2 leads AS, rootbotz plays JS -> r2_d2 wins
  Trick  5: r2_d2 leads AD, rootbotz plays 9D -> r2_d2 wins
  Trick  6: r2_d2 leads KS, rootbotz plays QS -> r2_d2 wins
  Trick  7: r2_d2 leads KD, rootbotz plays QD -> r2_d2 wins
  Trick  8: r2_d2 leads KH, rootbotz plays 8H -> r2_d2 wins
  Trick  9: r2_d2 leads 10S, rootbotz plays 7C -> r2_d2 wins
  Trick 10: r2_d2 leads 8S, rootbotz plays 8C -> r2_d2 wins
  Trick 11: r2_d2 leads JD, rootbotz plays 9C -> r2_d2 wins
  Trick 12: r2_d2 leads 7S, rootbotz plays QC -> r2_d2 wins
  Hand: r2_d2 +35 / rootbotz +11 (tricks 10-2)
  Match total: r2_d2 35 - 11 rootbotz
Players: r2_d2 vs rootbotz
Dealer: rootbotz  |  Elder: r2_d2
Match scores: 35 - 11
Talon (8): 9C 10C QC KC 9H 10H AH KS
r2_d2 hand: 8C AC 7D KD 7H JH 7S 8S 9S JS QS AS
rootbotz hand: 7C JC 8D 9D 10D JD QD AD 8H QH KH 10S
  Exchange r2_d2: discard 8C 7D 7H JH -> draw KC 10H AH KS (talon 4 left)
  Exchange rootbotz: discard 7C JC 8H KH -> draw 9C 10C QC 9H (talon 0 left)

--- Phase: declare ---
  Declare point: r2_d2 wins 7 pts (('point', 7, 'S'))
  Declare sequence: rootbotz wins 10 pts (('sequence', 5, 12, 'D'))
  Declare set: r2_d2 wins 3 pts (('set', 3, 14))

--- Phase: tricks ---
  Trick  1: r2_d2 leads AS, rootbotz plays 10S -> r2_d2 wins
  Trick  2: r2_d2 leads AC, rootbotz plays 9C -> r2_d2 wins
  Trick  3: r2_d2 leads AH, rootbotz plays 9H -> r2_d2 wins
  Trick  4: r2_d2 leads KS, rootbotz plays 8D -> r2_d2 wins
  Trick  5: r2_d2 leads QS, rootbotz plays 9D -> r2_d2 wins
  Trick  6: r2_d2 leads KC, rootbotz plays 10C -> r2_d2 wins
  Trick  7: r2_d2 leads JS, rootbotz plays 10D -> r2_d2 wins
  Trick  8: r2_d2 leads 9S, rootbotz plays JD -> r2_d2 wins
  Trick  9: r2_d2 leads 8S, rootbotz plays QH -> r2_d2 wins
  Trick 10: r2_d2 leads KD, rootbotz plays AD -> rootbotz wins
  Trick 11: rootbotz leads QD, r2_d2 plays 7S -> rootbotz wins
  Trick 12: rootbotz leads QC, r2_d2 plays 10H -> rootbotz wins
  Hand: r2_d2 +29 / rootbotz +14 (tricks 9-3)
  Match total: r2_d2 64 - 25 rootbotz
Players: r2_d2 vs rootbotz
Dealer: r2_d2  |  Elder: rootbotz
Match scores: 64 - 25
Talon (8): KC AC 7D QD KD AD 9H QH
r2_d2 hand: 8C JC 8D 10D JD 7H 10H JH KH JS QS KS
rootbotz hand: 7C 9C 10C QC 9D 8H AH 7S 8S 9S 10S AS
  Exchange rootbotz: discard 7C 10C QC 9D 8H -> draw 7D QD KD AD QH (talon 3 left)
  Exchange r2_d2: discard 8C 8D 10D -> draw KC AC 9H (talon 0 left)

--- Phase: declare ---
  Declare point: r2_d2 wins 5 pts (('point', 5, 'H'))
  Declare sequence: rootbotz wins 4 pts (('sequence', 4, 10, 'S'))
  Declare set: rootbotz wins 3 pts (('set', 3, 14))

--- Phase: tricks ---
  Trick  1: rootbotz leads AS, r2_d2 plays JS -> rootbotz wins
  Trick  2: rootbotz leads AH, r2_d2 plays 7H -> rootbotz wins
  Trick  3: rootbotz leads AD, r2_d2 plays JD -> rootbotz wins
  Trick  4: rootbotz leads QD, r2_d2 plays 9H -> rootbotz wins
  Trick  5: rootbotz leads KD, r2_d2 plays 10H -> rootbotz wins
  Trick  6: rootbotz leads QH, r2_d2 plays KH -> r2_d2 wins
  Trick  7: r2_d2 leads AC, rootbotz plays 9C -> r2_d2 wins
  Trick  8: r2_d2 leads KS, rootbotz plays 7S -> r2_d2 wins
  Trick  9: r2_d2 leads KC, rootbotz plays 7D -> r2_d2 wins
  Trick 10: r2_d2 leads QS, rootbotz plays 8S -> r2_d2 wins
  Trick 11: r2_d2 leads JH, rootbotz plays 9S -> r2_d2 wins
  Trick 12: r2_d2 leads JC, rootbotz plays 10S -> r2_d2 wins
  Hand: r2_d2 +23 / rootbotz +12 (tricks 7-5)
  Match total: r2_d2 87 - 37 rootbotz
Players: r2_d2 vs rootbotz
Dealer: rootbotz  |  Elder: r2_d2
Match scores: 87 - 37
Talon (8): 7C 9C JC QC JH 10S QS AS
r2_d2 hand: 7D 8D 9D 10D QD KD 8H 9H KH AH 8S 9S
rootbotz hand: 8C 10C KC AC JD AD 7H 10H QH 7S JS KS
  Exchange r2_d2: discard 8H 9H 8S 9S -> draw 9C QC JH AS (talon 4 left)
  Exchange rootbotz: discard JD 7H 7S JS -> draw 7C JC 10S QS (talon 0 left)

--- Phase: declare ---
  Declare point: rootbotz wins 6 pts (('point', 6, 'C'))
  Declare sequence: r2_d2 wins 4 pts (('sequence', 4, 10, 'D'))
  Declare set: rootbotz wins 3 pts (('set', 3, 10))

--- Phase: tricks ---
  Trick  1: r2_d2 leads AH, rootbotz plays 10H -> r2_d2 wins
  Trick  2: r2_d2 leads AS, rootbotz plays 10S -> r2_d2 wins
  Trick  3: r2_d2 leads KH, rootbotz plays QH -> r2_d2 wins
  Trick  4: r2_d2 leads KD, rootbotz plays AD -> rootbotz wins
  Trick  5: rootbotz leads AC, r2_d2 plays 9C -> rootbotz wins
  Trick  6: rootbotz leads QS, r2_d2 plays 7D -> rootbotz wins
  Trick  7: rootbotz leads KS, r2_d2 plays 8D -> rootbotz wins
  Trick  8: rootbotz leads KC, r2_d2 plays QC -> rootbotz wins
  Trick  9: rootbotz leads 7C, r2_d2 plays 9D -> rootbotz wins
  Trick 10: rootbotz leads 8C, r2_d2 plays 10D -> rootbotz wins
  Trick 11: rootbotz leads 10C, r2_d2 plays JH -> rootbotz wins
  Trick 12: rootbotz leads JC, r2_d2 plays QD -> rootbotz wins
  Hand: r2_d2 +7 / rootbotz +29 (tricks 3-9)
  Match total: r2_d2 94 - 66 rootbotz
Players: r2_d2 vs rootbotz
Dealer: r2_d2  |  Elder: rootbotz
Match scores: 94 - 66
Talon (8): 10C 10D QD QH 8S 9S JS KS
r2_d2 hand: 7C 9C KC AC 7D JD AD 7H 9H 7S QS AS
rootbotz hand: 8C JC QC 8D 9D KD 8H 10H JH KH AH 10S
  Exchange rootbotz: discard 8C 8D 9D 8H 10S -> draw 10C QD 9S JS KS (talon 3 left)
  Exchange r2_d2: discard 7H 9H 7S -> draw 10D QH 8S (talon 0 left)

--- Phase: declare ---
  Declare point: rootbotz wins 4 pts (('point', 4, 'H'))
  Declare sequence: rootbotz wins 3 pts (('sequence', 3, 12, 'C'))
  Declare set: r2_d2 wins 3 pts (('set', 3, 14))

--- Phase: tricks ---
  Trick  1: rootbotz leads AH, r2_d2 plays QH -> rootbotz wins
  Trick  2: rootbotz leads KH, r2_d2 plays 7C -> rootbotz wins
  Trick  3: rootbotz leads 10H, r2_d2 plays 7D -> rootbotz wins
  Trick  4: rootbotz leads JH, r2_d2 plays 8S -> rootbotz wins
  Trick  5: rootbotz leads QD, r2_d2 plays AD -> r2_d2 wins
  Trick  6: r2_d2 leads AC, rootbotz plays 10C -> r2_d2 wins
  Trick  7: r2_d2 leads AS, rootbotz plays 9S -> r2_d2 wins
  Trick  8: r2_d2 leads KC, rootbotz plays JC -> r2_d2 wins
  Trick  9: r2_d2 leads JD, rootbotz plays KD -> rootbotz wins
  Trick 10: rootbotz leads QC, r2_d2 plays 9C -> rootbotz wins
  Trick 11: rootbotz leads KS, r2_d2 plays QS -> rootbotz wins
  Trick 12: rootbotz leads JS, r2_d2 plays 10D -> rootbotz wins
  Hand: r2_d2 +7 / rootbotz +26 (tricks 4-8)
  Match total: r2_d2 101 - 92 rootbotz
  Final: r2_d2 101 - 92 rootbotz
  Winner: r2_d2

============================================================
Game 88
============================================================
Players: rootbotz vs r2_d2
Dealer: rootbotz  |  Elder: r2_d2
Match scores: 0 - 0
Talon (8): JC AC 7D JD JH QH KH QS
rootbotz hand: 8C 10C KD 8H 10H 7S 8S 9S 10S JS KS AS
r2_d2 hand: 7C 9C QC KC 8D 9D 10D QD AD 7H 9H AH
  Exchange r2_d2: discard 7C 9C QC 7H 9H -> draw AC 7D QH KH QS (talon 3 left)
  Exchange rootbotz: discard 8C KD 8H -> draw JC JD JH (talon 0 left)

--- Phase: declare ---
  Declare point: rootbotz wins 7 pts (('point', 7, 'S'))
  Declare sequence: rootbotz wins 10 pts (('sequence', 5, 11, 'S'))
  Declare set: r2_d2 wins 3 pts (('set', 3, 14))

--- Phase: tricks ---
  Trick  1: r2_d2 leads AD, rootbotz plays JD -> r2_d2 wins
  Trick  2: r2_d2 leads AH, rootbotz plays 10H -> r2_d2 wins
  Trick  3: r2_d2 leads AC, rootbotz plays 10C -> r2_d2 wins
  Trick  4: r2_d2 leads KH, rootbotz plays JH -> r2_d2 wins
  Trick  5: r2_d2 leads KC, rootbotz plays JC -> r2_d2 wins
  Trick  6: r2_d2 leads QH, rootbotz plays 7S -> r2_d2 wins
  Trick  7: r2_d2 leads QD, rootbotz plays 8S -> r2_d2 wins
  Trick  8: r2_d2 leads 10D, rootbotz plays 9S -> r2_d2 wins
  Trick  9: r2_d2 leads 9D, rootbotz plays 10S -> r2_d2 wins
  Trick 10: r2_d2 leads 8D, rootbotz plays JS -> r2_d2 wins
  Trick 11: r2_d2 leads QS, rootbotz plays KS -> rootbotz wins
  Trick 12: rootbotz leads AS, r2_d2 plays 7D -> rootbotz wins
  Hand: rootbotz +20 / r2_d2 +23 (tricks 2-10)
  Match total: rootbotz 20 - 23 r2_d2
Players: rootbotz vs r2_d2
Dealer: r2_d2  |  Elder: rootbotz
Match scores: 20 - 23
Talon (8): 9D 10D JD 10H AH JS QS KS
rootbotz hand: 9C AC 7D 8D QD KD AD 8H KH 7S 8S 10S
r2_d2 hand: 7C 8C 10C JC QC KC 7H 9H JH QH 9S AS
  Exchange rootbotz: discard 7D 8H 7S 8S 10S -> draw JD 10H JS QS KS (talon 3 left)
  Exchange r2_d2: discard 7H 9H 9S -> draw 9D 10D AH (talon 0 left)

--- Phase: declare ---
  Declare point: r2_d2 wins 6 pts (('point', 6, 'C'))
  Declare sequence: rootbotz wins 4 pts (('sequence', 4, 14, 'D'))
  Declare set: rootbotz wins 3 pts (('set', 3, 13))

--- Phase: tricks ---
  Trick  1: rootbotz leads AD, r2_d2 plays 9D -> rootbotz wins
  Trick  2: rootbotz leads AC, r2_d2 plays 7C -> rootbotz wins
  Trick  3: rootbotz leads JD, r2_d2 plays 10D -> rootbotz wins
  Trick  4: rootbotz leads QD, r2_d2 plays 8C -> rootbotz wins
  Trick  5: rootbotz leads KD, r2_d2 plays 10C -> rootbotz wins
  Trick  6: rootbotz leads JS, r2_d2 plays AS -> r2_d2 wins
  Trick  7: r2_d2 leads AH, rootbotz plays 10H -> r2_d2 wins
  Trick  8: r2_d2 leads KC, rootbotz plays 9C -> r2_d2 wins
  Trick  9: r2_d2 leads QC, rootbotz plays 8D -> r2_d2 wins
  Trick 10: r2_d2 leads QH, rootbotz plays KH -> rootbotz wins
  Trick 11: rootbotz leads QS, r2_d2 plays JC -> rootbotz wins
  Trick 12: rootbotz leads KS, r2_d2 plays JH -> rootbotz wins
  Hand: rootbotz +26 / r2_d2 +10 (tricks 8-4)
  Match total: rootbotz 46 - 33 r2_d2
Players: rootbotz vs r2_d2
Dealer: rootbotz  |  Elder: r2_d2
Match scores: 46 - 33
Talon (8): 7C 10C QC AC 10D KD 10S AS
rootbotz hand: JC KC 7D JD QD AD 7H 9H JH QH 7S 9S
r2_d2 hand: 8C 9C 8D 9D 8H 10H KH AH 8S JS QS KS
  Exchange r2_d2: discard 8C 9C 8D 9D 8S -> draw 10C QC 10D KD AS (talon 3 left)
  Exchange rootbotz: discard 7H 7S 9S -> draw 7C AC 10S (talon 0 left)

--- Phase: declare ---
  Declare point: r2_d2 wins 4 pts (('point', 4, 'S'))
  Declare sequence: r2_d2 wins 4 pts (('sequence', 4, 14, 'S'))
  Declare set: r2_d2 wins 3 pts (('set', 3, 13))

--- Phase: tricks ---
  Trick  1: r2_d2 leads AH, rootbotz plays 9H -> r2_d2 wins
  Trick  2: r2_d2 leads AS, rootbotz plays 10S -> r2_d2 wins
  Trick  3: r2_d2 leads KH, rootbotz plays JH -> r2_d2 wins
  Trick  4: r2_d2 leads KS, rootbotz plays 7D -> r2_d2 wins
  Trick  5: r2_d2 leads QS, rootbotz plays 7C -> r2_d2 wins
  Trick  6: r2_d2 leads KD, rootbotz plays AD -> rootbotz wins
  Trick  7: rootbotz leads AC, r2_d2 plays 10C -> rootbotz wins
  Trick  8: rootbotz leads JC, r2_d2 plays QC -> r2_d2 wins
  Trick  9: r2_d2 leads 10H, rootbotz plays QH -> rootbotz wins
  Trick 10: rootbotz leads KC, r2_d2 plays 8H -> rootbotz wins
  Trick 11: rootbotz leads JD, r2_d2 plays 10D -> rootbotz wins
  Trick 12: rootbotz leads QD, r2_d2 plays JS -> rootbotz wins
  Hand: rootbotz +7 / r2_d2 +17 (tricks 6-6)
  Match total: rootbotz 53 - 50 r2_d2
Players: rootbotz vs r2_d2
Dealer: r2_d2  |  Elder: rootbotz
Match scores: 53 - 50
Talon (8): QC KC 7D 8D 9D 10D KH JS
rootbotz hand: AC JD KD AD 8H 9H QH AH 8S 9S QS KS
r2_d2 hand: 7C 8C 9C 10C JC QD 7H 10H JH 7S 10S AS
  Exchange rootbotz: discard 8H 9H 8S 9S QS -> draw QC KC 7D 9D 10D (talon 3 left)
  Exchange r2_d2: discard QD 7H 7S -> draw 8D KH JS (talon 0 left)

--- Phase: declare ---
  Declare point: rootbotz wins 6 pts (('point', 6, 'D'))
  Declare sequence: r2_d2 wins 10 pts (('sequence', 5, 11, 'C'))
  Declare set: rootbotz wins 3 pts (('set', 3, 14))

--- Phase: tricks ---
  Trick  1: rootbotz leads AH, r2_d2 plays 10H -> rootbotz wins
  Trick  2: rootbotz leads AD, r2_d2 plays 8D -> rootbotz wins
  Trick  3: rootbotz leads AC, r2_d2 plays 7C -> rootbotz wins
  Trick  4: rootbotz leads QC, r2_d2 plays 8C -> rootbotz wins
  Trick  5: rootbotz leads KD, r2_d2 plays 9C -> rootbotz wins
  Trick  6: rootbotz leads KC, r2_d2 plays 10C -> rootbotz wins
  Trick  7: rootbotz leads 9D, r2_d2 plays 10S -> rootbotz wins
  Trick  8: rootbotz leads 7D, r2_d2 plays JC -> rootbotz wins
  Trick  9: rootbotz leads 10D, r2_d2 plays JH -> rootbotz wins
  Trick 10: rootbotz leads JD, r2_d2 plays JS -> rootbotz wins
  Trick 11: rootbotz leads QH, r2_d2 plays KH -> r2_d2 wins
  Trick 12: r2_d2 leads AS, rootbotz plays KS -> r2_d2 wins
  Hand: rootbotz +29 / r2_d2 +13 (tricks 10-2)
  Match total: rootbotz 82 - 63 r2_d2
Players: rootbotz vs r2_d2
Dealer: rootbotz  |  Elder: r2_d2
Match scores: 82 - 63
Talon (8): 10C 7D 8H 10H QH 7S 9S KS
rootbotz hand: 9C AC 8D JD KD AD 7H JH AH 8S JS AS
r2_d2 hand: 7C 8C JC QC KC 9D 10D QD 9H KH 10S QS
  Exchange r2_d2: discard 9D 10D 9H 10S -> draw 7D 10H QH 7S (talon 4 left)
  Exchange rootbotz: discard 7H JH 8S JS -> draw 10C 8H 9S KS (talon 0 left)

--- Phase: declare ---
  Declare point: r2_d2 wins 5 pts (('point', 5, 'C'))
  Declare sequence: r2_d2 wins 3 pts (('sequence', 3, 13, 'C'))
  Declare set: rootbotz wins 14 pts (('set', 4, 14))

--- Phase: tricks ---
  Trick  1: r2_d2 leads KC, rootbotz plays AC -> rootbotz wins
  Trick  2: rootbotz leads AS, r2_d2 plays 7S -> rootbotz wins
  Trick  3: rootbotz leads AH, r2_d2 plays 10H -> rootbotz wins
  Trick  4: rootbotz leads AD, r2_d2 plays 7D -> rootbotz wins
  Trick  5: rootbotz leads KS, r2_d2 plays QS -> rootbotz wins
  Trick  6: rootbotz leads KD, r2_d2 plays QD -> rootbotz wins
  Trick  7: rootbotz leads 8H, r2_d2 plays QH -> r2_d2 wins
  Trick  8: r2_d2 leads KH, rootbotz plays 8D -> r2_d2 wins
  Trick  9: r2_d2 leads QC, rootbotz plays 9C -> r2_d2 wins
  Trick 10: r2_d2 leads JC, rootbotz plays 10C -> r2_d2 wins
  Trick 11: r2_d2 leads 8C, rootbotz plays 9S -> r2_d2 wins
  Trick 12: r2_d2 leads 7C, rootbotz plays JD -> r2_d2 wins
  Hand: rootbotz +20 / r2_d2 +15 (tricks 6-6)
  Match total: rootbotz 102 - 78 r2_d2
  Final: rootbotz 102 - 78 r2_d2
  Winner: rootbotz

============================================================
Game 89
============================================================
Players: r2_d2 vs rootbotz
Dealer: r2_d2  |  Elder: rootbotz
Match scores: 0 - 0
Talon (8): 7C 10C 9D QD KD AD 8H 10S
r2_d2 hand: 9C JC KC 7D 10D JD 9H JH AH 7S JS KS
rootbotz hand: 8C QC AC 8D 7H 10H QH KH 8S 9S QS AS
  Exchange rootbotz: discard 8C 8D 7H 10H 8S -> draw 7C 10C 9D 8H 10S (talon 3 left)
  Exchange r2_d2: discard 9C 7D 7S -> draw QD KD AD (talon 0 left)

--- Phase: declare ---
  Declare point: r2_d2 wins 5 pts (('point', 5, 'D'))
  Declare sequence: r2_d2 wins 10 pts (('sequence', 5, 14, 'D'))
  Declare set: r2_d2 wins 3 pts (('set', 3, 13))

--- Phase: tricks ---
  Trick  1: rootbotz leads AS, r2_d2 plays JS -> rootbotz wins
  Trick  2: rootbotz leads AC, r2_d2 plays JC -> rootbotz wins
  Trick  3: rootbotz leads QH, r2_d2 plays AH -> r2_d2 wins
  Trick  4: r2_d2 leads AD, rootbotz plays 9D -> r2_d2 wins
  Trick  5: r2_d2 leads KD, rootbotz plays 7C -> r2_d2 wins
  Trick  6: r2_d2 leads QD, rootbotz plays 8H -> r2_d2 wins
  Trick  7: r2_d2 leads KS, rootbotz plays 9S -> r2_d2 wins
  Trick  8: r2_d2 leads KC, rootbotz plays 10C -> r2_d2 wins
  Trick  9: r2_d2 leads JH, rootbotz plays KH -> rootbotz wins
  Trick 10: rootbotz leads 10S, r2_d2 plays 9H -> rootbotz wins
  Trick 11: rootbotz leads QS, r2_d2 plays 10D -> rootbotz wins
  Trick 12: rootbotz leads QC, r2_d2 plays JD -> rootbotz wins
  Hand: r2_d2 +24 / rootbotz +7 (tricks 6-6)
  Match total: r2_d2 24 - 7 rootbotz
Players: r2_d2 vs rootbotz
Dealer: rootbotz  |  Elder: r2_d2
Match scores: 24 - 7
Talon (8): 8C 10C KC JD 7H QH 7S 9S
r2_d2 hand: 7D 8D 9D KD AD 9H 10H JH KH 10S JS KS
rootbotz hand: 7C 9C JC QC AC 10D QD 8H AH 8S QS AS
  Exchange r2_d2: discard 9H 10H JH 10S JS -> draw 8C KC JD 7S 9S (talon 3 left)
  Exchange rootbotz: discard 10D 8H 8S -> draw 10C 7H QH (talon 0 left)

--- Phase: declare ---
  Declare point: rootbotz wins 6 pts (('point', 6, 'C'))
  Declare sequence: rootbotz wins 4 pts (('sequence', 4, 12, 'C'))
  Declare set: rootbotz wins 3 pts (('set', 3, 14))

--- Phase: tricks ---
  Trick  1: r2_d2 leads AD, rootbotz plays QD -> r2_d2 wins
  Trick  2: r2_d2 leads KD, rootbotz plays 7H -> r2_d2 wins
  Trick  3: r2_d2 leads JD, rootbotz plays 7C -> r2_d2 wins
  Trick  4: r2_d2 leads KS, rootbotz plays AS -> rootbotz wins
  Trick  5: rootbotz leads AH, r2_d2 plays KH -> rootbotz wins
  Trick  6: rootbotz leads AC, r2_d2 plays 8C -> rootbotz wins
  Trick  7: rootbotz leads QS, r2_d2 plays 7S -> rootbotz wins
  Trick  8: rootbotz leads 9C, r2_d2 plays KC -> r2_d2 wins
  Trick  9: r2_d2 leads 9D, rootbotz plays 10C -> r2_d2 wins
  Trick 10: r2_d2 leads 8D, rootbotz plays JC -> r2_d2 wins
  Trick 11: r2_d2 leads 9S, rootbotz plays QC -> r2_d2 wins
  Trick 12: r2_d2 leads 7D, rootbotz plays QH -> r2_d2 wins
  Hand: r2_d2 +19 / rootbotz +17 (tricks 8-4)
  Match total: r2_d2 43 - 24 rootbotz
Players: r2_d2 vs rootbotz
Dealer: r2_d2  |  Elder: rootbotz
Match scores: 43 - 24
Talon (8): 8C KC AC 9D KD KH 9S KS
r2_d2 hand: 7C 9C 10C 7D JD QD 8H 9H 7S 10S JS AS
rootbotz hand: JC QC 8D 10D AD 7H 10H JH QH AH 8S QS
  Exchange rootbotz: discard JC 8D 10D AD 8S -> draw 9D KD KH 9S KS (talon 3 left)
  Exchange r2_d2: discard 7D 8H 9H -> draw 8C KC AC (talon 0 left)

--- Phase: declare ---
  Declare point: rootbotz wins 6 pts (('point', 6, 'H'))
  Declare sequence: rootbotz wins 10 pts (('sequence', 5, 14, 'H'))
  Declare set: rootbotz wins 3 pts (('set', 3, 13))

--- Phase: tricks ---
  Trick  1: rootbotz leads AH, r2_d2 plays 7S -> rootbotz wins
  Trick  2: rootbotz leads 10H, r2_d2 plays 7C -> rootbotz wins
  Trick  3: rootbotz leads JH, r2_d2 plays 8C -> rootbotz wins
  Trick  4: rootbotz leads QH, r2_d2 plays 9C -> rootbotz wins
  Trick  5: rootbotz leads KH, r2_d2 plays 10C -> rootbotz wins
  Trick  6: rootbotz leads KD, r2_d2 plays JD -> rootbotz wins
  Trick  7: rootbotz leads QS, r2_d2 plays AS -> r2_d2 wins
  Trick  8: r2_d2 leads AC, rootbotz plays QC -> r2_d2 wins
  Trick  9: r2_d2 leads KC, rootbotz plays 7H -> r2_d2 wins
  Trick 10: r2_d2 leads JS, rootbotz plays KS -> rootbotz wins
  Trick 11: rootbotz leads 9S, r2_d2 plays 10S -> r2_d2 wins
  Trick 12: r2_d2 leads QD, rootbotz plays 9D -> r2_d2 wins
  Hand: r2_d2 +6 / rootbotz +36 (tricks 5-7)
  Match total: r2_d2 49 - 60 rootbotz
Players: r2_d2 vs rootbotz
Dealer: rootbotz  |  Elder: r2_d2
Match scores: 49 - 60
Talon (8): 9C JC QC 8D QD 9H KH 7S
r2_d2 hand: KC AC JD AD 7H 8H JH 8S 9S JS QS KS
rootbotz hand: 7C 8C 10C 7D 9D 10D KD 10H QH AH 10S AS
  Exchange r2_d2: discard 7H 8H -> draw QC 8D (talon 6 left)
  Exchange rootbotz: discard 7C 8C AH -> draw 9C 9H KH (talon 3 left)

--- Phase: declare ---
  Declare point: r2_d2 wins 5 pts (('point', 5, 'S'))
  Declare sequence: r2_d2 wins 3 pts (('sequence', 3, 14, 'C'))
  Declare set: r2_d2 wins 3 pts (('set', 3, 11))

--- Phase: tricks ---
  Trick  1: r2_d2 leads AD, rootbotz plays 7D -> r2_d2 wins
  Trick  2: r2_d2 leads AC, rootbotz plays 9C -> r2_d2 wins
  Trick  3: r2_d2 leads KC, rootbotz plays 10C -> r2_d2 wins
  Trick  4: r2_d2 leads QC, rootbotz plays 9D -> r2_d2 wins
  Trick  5: r2_d2 leads KS, rootbotz plays AS -> rootbotz wins
  Trick  6: rootbotz leads QH, r2_d2 plays JH -> rootbotz wins
  Trick  7: rootbotz leads KH, r2_d2 plays 8D -> rootbotz wins
  Trick  8: rootbotz leads KD, r2_d2 plays JD -> rootbotz wins
  Trick  9: rootbotz leads 9H, r2_d2 plays 8S -> rootbotz wins
  Trick 10: rootbotz leads 10H, r2_d2 plays 9S -> rootbotz wins
  Trick 11: rootbotz leads 10D, r2_d2 plays JS -> rootbotz wins
  Trick 12: rootbotz leads 10S, r2_d2 plays QS -> r2_d2 wins
  Hand: r2_d2 +17 / rootbotz +17 (tricks 5-7)
  Match total: r2_d2 66 - 77 rootbotz
Players: r2_d2 vs rootbotz
Dealer: r2_d2  |  Elder: rootbotz
Match scores: 66 - 77
Talon (8): 8C 10C 7D JD AD 9H AH JS
r2_d2 hand: QC AC 9D KD 7H 8H 10H JH 7S 8S QS KS
rootbotz hand: 7C 9C JC KC 8D 10D QD QH KH 9S 10S AS
  Exchange rootbotz: discard 8D 10D QD QH 10S -> draw 8C 7D AD 9H AH (talon 3 left)
  Exchange r2_d2: discard 9D 7S 8S -> draw 10C JD JS (talon 0 left)

--- Phase: declare ---
  Declare point: rootbotz wins 5 pts (('point', 5, 'C'))
  Declare sequence: r2_d2 wins 3 pts (('sequence', 3, 13, 'S'))
  Declare set: rootbotz wins 3 pts (('set', 3, 14))

--- Phase: tricks ---
  Trick  1: rootbotz leads AS, r2_d2 plays JS -> rootbotz wins
  Trick  2: rootbotz leads AH, r2_d2 plays 7H -> rootbotz wins
  Trick  3: rootbotz leads AD, r2_d2 plays JD -> rootbotz wins
  Trick  4: rootbotz leads KH, r2_d2 plays 8H -> rootbotz wins
  Trick  5: rootbotz leads KC, r2_d2 plays AC -> r2_d2 wins
  Trick  6: r2_d2 leads KS, rootbotz plays 9S -> r2_d2 wins
  Trick  7: r2_d2 leads QC, rootbotz plays 7C -> r2_d2 wins
  Trick  8: r2_d2 leads KD, rootbotz plays 7D -> r2_d2 wins
  Trick  9: r2_d2 leads QS, rootbotz plays 8C -> r2_d2 wins
  Trick 10: r2_d2 leads JH, rootbotz plays 9H -> r2_d2 wins
  Trick 11: r2_d2 leads 10H, rootbotz plays 9C -> r2_d2 wins
  Trick 12: r2_d2 leads 10C, rootbotz plays JC -> rootbotz wins
  Hand: r2_d2 +20 / rootbotz +14 (tricks 7-5)
  Match total: r2_d2 86 - 91 rootbotz
Players: r2_d2 vs rootbotz
Dealer: rootbotz  |  Elder: r2_d2
Match scores: 86 - 91
Talon (8): JC QC AC 7H 9H QH KH 9S
r2_d2 hand: 7C 8C KC 8D 10D 10H JH 8S 10S JS QS AS
rootbotz hand: 9C 10C 7D 9D JD QD KD AD 8H AH 7S KS
  Exchange r2_d2: discard 7C 8C 8D JH -> draw AC 7H QH 9S (talon 4 left)
  Exchange rootbotz: discard 9C 10C 7D 7S -> draw JC QC 9H KH (talon 0 left)

--- Phase: declare ---
  Declare point: r2_d2 wins 6 pts (('point', 6, 'S'))
  Declare sequence: r2_d2 wins 10 pts (('sequence', 5, 12, 'S'))
  Declare set: rootbotz wins 3 pts (('set', 3, 13))

--- Phase: tricks ---
  Trick  1: r2_d2 leads AS, rootbotz plays KS -> r2_d2 wins
  Trick  2: r2_d2 leads AC, rootbotz plays JC -> r2_d2 wins
  Trick  3: r2_d2 leads KC, rootbotz plays QC -> r2_d2 wins
  Trick  4: r2_d2 leads QS, rootbotz plays 8H -> r2_d2 wins
  Trick  5: r2_d2 leads JS, rootbotz plays 9H -> r2_d2 wins
  Trick  6: r2_d2 leads QH, rootbotz plays KH -> rootbotz wins
  Trick  7: rootbotz leads AH, r2_d2 plays 7H -> rootbotz wins
  Trick  8: rootbotz leads AD, r2_d2 plays 10D -> rootbotz wins
  Trick  9: rootbotz leads 9D, r2_d2 plays 8S -> rootbotz wins
  Trick 10: rootbotz leads JD, r2_d2 plays 9S -> rootbotz wins
  Trick 11: rootbotz leads QD, r2_d2 plays 10H -> rootbotz wins
  Trick 12: rootbotz leads KD, r2_d2 plays 10S -> rootbotz wins
  Hand: r2_d2 +21 / rootbotz +21 (tricks 5-7)
  Match total: r2_d2 107 - 112 rootbotz
  Final: r2_d2 107 - 112 rootbotz
  Winner: rootbotz

============================================================
Game 90
============================================================
Players: rootbotz vs r2_d2
Dealer: rootbotz  |  Elder: r2_d2
Match scores: 0 - 0
Talon (8): 8C QC KC 10D JD 8H QS AS
rootbotz hand: 9C JC AC 7D AD 7H 9H AH 8S 10S JS KS
r2_d2 hand: 7C 10C 8D 9D QD KD 10H JH QH KH 7S 9S
  Exchange r2_d2: discard 7C 10C 8D 7S 9S -> draw 8C KC 8H QS AS (talon 3 left)
  Exchange rootbotz: discard 7H 9H 8S -> draw QC 10D JD (talon 0 left)

--- Phase: declare ---
  Declare point: r2_d2 wins 5 pts (('point', 5, 'H'))
  Declare sequence: r2_d2 wins 4 pts (('sequence', 4, 13, 'H'))
  Declare set: rootbotz wins 3 pts (('set', 3, 14))

--- Phase: tricks ---
  Trick  1: r2_d2 leads AS, rootbotz plays 10S -> r2_d2 wins
  Trick  2: r2_d2 leads KH, rootbotz plays AH -> rootbotz wins
  Trick  3: rootbotz leads AD, r2_d2 plays 9D -> rootbotz wins
  Trick  4: rootbotz leads AC, r2_d2 plays 8C -> rootbotz wins
  Trick  5: rootbotz leads KS, r2_d2 plays QS -> rootbotz wins
  Trick  6: rootbotz leads JS, r2_d2 plays 8H -> rootbotz wins
  Trick  7: rootbotz leads 7D, r2_d2 plays QD -> r2_d2 wins
  Trick  8: r2_d2 leads KD, rootbotz plays 10D -> r2_d2 wins
  Trick  9: r2_d2 leads KC, rootbotz plays 9C -> r2_d2 wins
  Trick 10: r2_d2 leads QH, rootbotz plays JD -> r2_d2 wins
  Trick 11: r2_d2 leads JH, rootbotz plays JC -> r2_d2 wins
  Trick 12: r2_d2 leads 10H, rootbotz plays QC -> r2_d2 wins
  Hand: rootbotz +8 / r2_d2 +27 (tricks 5-7)
  Match total: rootbotz 8 - 27 r2_d2
Players: rootbotz vs r2_d2
Dealer: r2_d2  |  Elder: rootbotz
Match scores: 8 - 27
Talon (8): 8C JD KD 7H 9H AH JS AS
rootbotz hand: 7C JC QC KC AC 7D 8D 8H QH 7S 9S 10S
r2_d2 hand: 9C 10C 9D 10D QD AD 10H JH KH 8S QS KS
  Exchange rootbotz: discard 7D 8D 8H 7S 9S -> draw JD KD 9H AH JS (talon 3 left)
  Exchange r2_d2: discard 9C JH 8S -> draw 8C 7H AS (talon 0 left)

--- Phase: declare ---
  Declare point: rootbotz wins 5 pts (('point', 5, 'C'))
  Declare sequence: rootbotz wins 4 pts (('sequence', 4, 14, 'C'))
  Declare set: rootbotz wins 3 pts (('set', 3, 11))

--- Phase: tricks ---
  Trick  1: rootbotz leads AH, r2_d2 plays 7H -> rootbotz wins
  Trick  2: rootbotz leads AC, r2_d2 plays 8C -> rootbotz wins
  Trick  3: rootbotz leads JC, r2_d2 plays 10C -> rootbotz wins
  Trick  4: rootbotz leads QC, r2_d2 plays 9D -> rootbotz wins
  Trick  5: rootbotz leads KC, r2_d2 plays 10H -> rootbotz wins
  Trick  6: rootbotz leads QH, r2_d2 plays KH -> r2_d2 wins
  Trick  7: r2_d2 leads AD, rootbotz plays JD -> r2_d2 wins
  Trick  8: r2_d2 leads AS, rootbotz plays 10S -> r2_d2 wins
  Trick  9: r2_d2 leads KS, rootbotz plays JS -> r2_d2 wins
  Trick 10: r2_d2 leads QS, rootbotz plays 7C -> r2_d2 wins
  Trick 11: r2_d2 leads QD, rootbotz plays KD -> rootbotz wins
  Trick 12: rootbotz leads 9H, r2_d2 plays 10D -> rootbotz wins
  Hand: rootbotz +30 / r2_d2 +5 (tricks 7-5)
  Match total: rootbotz 38 - 32 r2_d2
Players: rootbotz vs r2_d2
Dealer: rootbotz  |  Elder: r2_d2
Match scores: 38 - 32
Talon (8): JC QC KC AD 10H KH AH JS
rootbotz hand: 7C 8C 9D 10D QD 7H 8H JH QH 9S KS AS
r2_d2 hand: 9C 10C AC 7D 8D JD KD 9H 7S 8S 10S QS
  Exchange r2_d2: discard 9C 10C 9H 7S 8S -> draw KC AD 10H AH JS (talon 3 left)
  Exchange rootbotz: discard 7C 8C 9D -> draw JC QC KH (talon 0 left)

--- Phase: declare ---
  Declare point: r2_d2 wins 5 pts (('point', 5, 'D'))
  Declare sequence: rootbotz wins 3 pts (('sequence', 3, 13, 'H'))
  Declare set: r2_d2 wins 3 pts (('set', 3, 14))

--- Phase: tricks ---
  Trick  1: r2_d2 leads AD, rootbotz plays 10D -> r2_d2 wins
  Trick  2: r2_d2 leads AC, rootbotz plays JC -> r2_d2 wins
  Trick  3: r2_d2 leads AH, rootbotz plays 7H -> r2_d2 wins
  Trick  4: r2_d2 leads KD, rootbotz plays QD -> r2_d2 wins
  Trick  5: r2_d2 leads KC, rootbotz plays QC -> r2_d2 wins
  Trick  6: r2_d2 leads QS, rootbotz plays KS -> rootbotz wins
  Trick  7: rootbotz leads AS, r2_d2 plays 10S -> rootbotz wins
  Trick  8: rootbotz leads 8H, r2_d2 plays 10H -> r2_d2 wins
  Trick  9: r2_d2 leads JD, rootbotz plays 9S -> r2_d2 wins
  Trick 10: r2_d2 leads 8D, rootbotz plays JH -> r2_d2 wins
  Trick 11: r2_d2 leads JS, rootbotz plays QH -> r2_d2 wins
  Trick 12: r2_d2 leads 7D, rootbotz plays KH -> r2_d2 wins
  Hand: rootbotz +5 / r2_d2 +29 (tricks 2-10)
  Match total: rootbotz 43 - 61 r2_d2
Players: rootbotz vs r2_d2
Dealer: r2_d2  |  Elder: rootbotz
Match scores: 43 - 61
Talon (8): JC 8D 9D JD AD 8H KH QS
rootbotz hand: 7C 8C 9C AC 10D 10H JH QH 7S 8S KS AS
r2_d2 hand: 10C QC KC 7D QD KD 7H 9H AH 9S 10S JS
  Exchange rootbotz: discard 7C 9C 10D 7S 8S -> draw JC 8D 9D AD 8H (talon 3 left)
  Exchange r2_d2: discard 7D 7H 9H -> draw JD KH QS (talon 0 left)

--- Phase: declare ---
  Declare point: r2_d2 wins 4 pts (('point', 4, 'S'))
  Declare sequence: r2_d2 wins 4 pts (('sequence', 4, 12, 'S'))
  Declare set: rootbotz wins 3 pts (('set', 3, 14))

--- Phase: tricks ---
  Trick  1: rootbotz leads AS, r2_d2 plays 9S -> rootbotz wins
  Trick  2: rootbotz leads AD, r2_d2 plays JD -> rootbotz wins
  Trick  3: rootbotz leads AC, r2_d2 plays 10C -> rootbotz wins
  Trick  4: rootbotz leads KS, r2_d2 plays 10S -> rootbotz wins
  Trick  5: rootbotz leads 10H, r2_d2 plays KH -> r2_d2 wins
  Trick  6: r2_d2 leads AH, rootbotz plays 8H -> r2_d2 wins
  Trick  7: r2_d2 leads KD, rootbotz plays 8D -> r2_d2 wins
  Trick  8: r2_d2 leads KC, rootbotz plays 8C -> r2_d2 wins
  Trick  9: r2_d2 leads QS, rootbotz plays 9D -> r2_d2 wins
  Trick 10: r2_d2 leads QD, rootbotz plays JC -> r2_d2 wins
  Trick 11: r2_d2 leads QC, rootbotz plays JH -> r2_d2 wins
  Trick 12: r2_d2 leads JS, rootbotz plays QH -> r2_d2 wins
  Hand: rootbotz +7 / r2_d2 +27 (tricks 4-8)
  Match total: rootbotz 50 - 88 r2_d2
Players: rootbotz vs r2_d2
Dealer: rootbotz  |  Elder: r2_d2
Match scores: 50 - 88
Talon (8): 8C QC 8D KD 7H 8H 10H JH
rootbotz hand: 7C KC AC 10D AD QH KH AH 8S JS QS AS
r2_d2 hand: 9C 10C JC 7D 9D JD QD 9H 7S 9S 10S KS
  Exchange r2_d2: discard 7D 9D JD QD 9H -> draw 8C QC 8D KD JH (talon 3 left)
  Exchange rootbotz: discard 7C KC 10D -> draw 7H 8H 10H (talon 0 left)

--- Phase: declare ---
  Declare point: rootbotz wins 6 pts (('point', 6, 'H'))
  Declare sequence: r2_d2 wins 10 pts (('sequence', 5, 12, 'C'))
  Declare set: rootbotz wins 14 pts (('set', 4, 14))

--- Phase: tricks ---
  Trick  1: r2_d2 leads QC, rootbotz plays AC -> rootbotz wins
  Trick  2: rootbotz leads AS, r2_d2 plays 7S -> rootbotz wins
  Trick  3: rootbotz leads AH, r2_d2 plays JH -> rootbotz wins
  Trick  4: rootbotz leads AD, r2_d2 plays 8D -> rootbotz wins
  Trick  5: rootbotz leads QH, r2_d2 plays 8C -> rootbotz wins
  Trick  6: rootbotz leads KH, r2_d2 plays 9C -> rootbotz wins
  Trick  7: rootbotz leads 10H, r2_d2 plays 9S -> rootbotz wins
  Trick  8: rootbotz leads 7H, r2_d2 plays 10C -> rootbotz wins
  Trick  9: rootbotz leads 8S, r2_d2 plays 10S -> r2_d2 wins
  Trick 10: r2_d2 leads KS, rootbotz plays JS -> r2_d2 wins
  Trick 11: r2_d2 leads KD, rootbotz plays 8H -> r2_d2 wins
  Trick 12: r2_d2 leads JC, rootbotz plays QS -> r2_d2 wins
  Hand: rootbotz +38 / r2_d2 +15 (tricks 8-4)
  Match total: rootbotz 88 - 103 r2_d2
  Final: rootbotz 88 - 103 r2_d2
  Winner: r2_d2

============================================================
Game 91
============================================================
Players: r2_d2 vs rootbotz
Dealer: r2_d2  |  Elder: rootbotz
Match scores: 0 - 0
Talon (8): 8C 9C JC AC QD 7H 8H QH
r2_d2 hand: 7C 10C QC KC 8D 9D KD AD 9H 7S 10S JS
rootbotz hand: 7D 10D JD 10H JH KH AH 8S 9S QS KS AS
  Exchange rootbotz: discard 7D 10D 8S 9S -> draw 8C JC AC 7H (talon 4 left)
  Exchange r2_d2: discard 9H 7S 10S JS -> draw 9C QD 8H QH (talon 0 left)

--- Phase: declare ---
  Declare set: rootbotz wins 3 pts (('set', 3, 14))

--- Phase: tricks ---
  Trick  1: rootbotz leads AS, r2_d2 plays 7C -> rootbotz wins
  Trick  2: rootbotz leads AH, r2_d2 plays 8H -> rootbotz wins
  Trick  3: rootbotz leads AC, r2_d2 plays 9C -> rootbotz wins
  Trick  4: rootbotz leads QS, r2_d2 plays 8D -> rootbotz wins
  Trick  5: rootbotz leads KS, r2_d2 plays 9D -> rootbotz wins
  Trick  6: rootbotz leads KH, r2_d2 plays QH -> rootbotz wins
  Trick  7: rootbotz leads 10H, r2_d2 plays 10C -> rootbotz wins
  Trick  8: rootbotz leads JH, r2_d2 plays QC -> rootbotz wins
  Trick  9: rootbotz leads JC, r2_d2 plays KC -> r2_d2 wins
  Trick 10: r2_d2 leads AD, rootbotz plays JD -> r2_d2 wins
  Trick 11: r2_d2 leads KD, rootbotz plays 7H -> r2_d2 wins
  Trick 12: r2_d2 leads QD, rootbotz plays 8C -> r2_d2 wins
  Hand: r2_d2 +5 / rootbotz +21 (tricks 4-8)
  Match total: r2_d2 5 - 21 rootbotz
Players: r2_d2 vs rootbotz
Dealer: rootbotz  |  Elder: r2_d2
Match scores: 5 - 21
Talon (8): 9C JC KC JD KD 10H QS KS
r2_d2 hand: 7C 7D 8D 10D QD AD 8H AH 7S 8S JS AS
rootbotz hand: 8C 10C QC AC 9D 7H 9H JH QH KH 9S 10S
  Exchange r2_d2: discard 7C 8H 7S 8S JS -> draw 9C KC KD 10H QS (talon 3 left)
  Exchange rootbotz: discard 9D 7H 9S -> draw JC JD KS (talon 0 left)

--- Phase: declare ---
  Declare point: r2_d2 wins 6 pts (('point', 6, 'D'))
  Declare sequence: r2_d2 wins 3 pts (('sequence', 3, 14, 'D'))
  Declare set: r2_d2 wins 3 pts (('set', 3, 14))

--- Phase: tricks ---
  Trick  1: r2_d2 leads AD, rootbotz plays JD -> r2_d2 wins
  Trick  2: r2_d2 leads AH, rootbotz plays 9H -> r2_d2 wins
  Trick  3: r2_d2 leads AS, rootbotz plays 10S -> r2_d2 wins
  Trick  4: r2_d2 leads KD, rootbotz plays 8C -> r2_d2 wins
  Trick  5: r2_d2 leads QD, rootbotz plays 10C -> r2_d2 wins
  Trick  6: r2_d2 leads 10D, rootbotz plays JH -> r2_d2 wins
  Trick  7: r2_d2 leads KC, rootbotz plays AC -> rootbotz wins
  Trick  8: rootbotz leads JC, r2_d2 plays 9C -> rootbotz wins
  Trick  9: rootbotz leads QC, r2_d2 plays 7D -> rootbotz wins
  Trick 10: rootbotz leads QH, r2_d2 plays 10H -> rootbotz wins
  Trick 11: rootbotz leads KS, r2_d2 plays QS -> rootbotz wins
  Trick 12: rootbotz leads KH, r2_d2 plays 8D -> rootbotz wins
  Hand: r2_d2 +18 / rootbotz +7 (tricks 6-6)
  Match total: r2_d2 23 - 28 rootbotz
Players: r2_d2 vs rootbotz
Dealer: r2_d2  |  Elder: rootbotz
Match scores: 23 - 28
Talon (8): 8C 7D KD 7H 9H 10H KH AH
r2_d2 hand: 8D 9D JD QD AD QH 7S 8S 9S JS QS AS
rootbotz hand: 7C 9C 10C JC QC KC AC 10D 8H JH 10S KS
  Exchange rootbotz: discard 8H JH KS -> draw 8C 7H AH (talon 5 left)
  Exchange r2_d2: discard 8D 9D JD -> draw 7D KD KH (talon 2 left)

--- Phase: declare ---
  Declare point: rootbotz wins 8 pts (('point', 8, 'C'))
  Declare sequence: rootbotz wins 13 pts (('sequence', 8, 14, 'C'))
  Declare set: r2_d2 wins 3 pts (('set', 3, 12))

--- Phase: tricks ---
  Trick  1: rootbotz leads AH, r2_d2 plays QH -> rootbotz wins
  Trick  2: rootbotz leads AC, r2_d2 plays 7D -> rootbotz wins
  Trick  3: rootbotz leads 7C, r2_d2 plays 7S -> rootbotz wins
  Trick  4: rootbotz leads 8C, r2_d2 plays 8S -> rootbotz wins
  Trick  5: rootbotz leads 9C, r2_d2 plays 9S -> rootbotz wins
  Trick  6: rootbotz leads 10C, r2_d2 plays JS -> rootbotz wins
  Trick  7: rootbotz leads JC, r2_d2 plays QS -> rootbotz wins
  Trick  8: rootbotz leads QC, r2_d2 plays QD -> rootbotz wins
  Trick  9: rootbotz leads KC, r2_d2 plays KH -> rootbotz wins
  Trick 10: rootbotz leads 7H, r2_d2 plays KD -> rootbotz wins
  Trick 11: rootbotz leads 10S, r2_d2 plays AS -> r2_d2 wins
  Trick 12: r2_d2 leads AD, rootbotz plays 10D -> r2_d2 wins
  Hand: r2_d2 +6 / rootbotz +41 (tricks 2-10)
  Match total: r2_d2 29 - 69 rootbotz
Players: r2_d2 vs rootbotz
Dealer: rootbotz  |  Elder: r2_d2
Match scores: 29 - 69
Talon (8): 9C KC AC 10D 8H 10H 8S KS
r2_d2 hand: 10C 9D JD KD AD 7H JH QH 7S 9S 10S QS
rootbotz hand: 7C 8C JC QC 7D 8D QD 9H KH AH JS AS
  Exchange r2_d2: discard 10C 7H 7S 9S 10S -> draw 9C AC 10D 10H KS (talon 3 left)
  Exchange rootbotz: discard 8C 8D JS -> draw KC 8H 8S (talon 0 left)

--- Phase: declare ---
  Declare point: r2_d2 wins 5 pts (('point', 5, 'D'))
  Declare sequence: rootbotz wins 3 pts (('sequence', 3, 13, 'C'))

--- Phase: tricks ---
  Trick  1: r2_d2 leads AD, rootbotz plays 7D -> r2_d2 wins
  Trick  2: r2_d2 leads AC, rootbotz plays 7C -> r2_d2 wins
  Trick  3: r2_d2 leads KD, rootbotz plays QD -> r2_d2 wins
  Trick  4: r2_d2 leads QH, rootbotz plays KH -> rootbotz wins
  Trick  5: rootbotz leads AS, r2_d2 plays QS -> rootbotz wins
  Trick  6: rootbotz leads AH, r2_d2 plays 10H -> rootbotz wins
  Trick  7: rootbotz leads JC, r2_d2 plays 9C -> rootbotz wins
  Trick  8: rootbotz leads QC, r2_d2 plays 9D -> rootbotz wins
  Trick  9: rootbotz leads KC, r2_d2 plays 10D -> rootbotz wins
  Trick 10: rootbotz leads 8S, r2_d2 plays KS -> r2_d2 wins
  Trick 11: r2_d2 leads JH, rootbotz plays 8H -> r2_d2 wins
  Trick 12: r2_d2 leads JD, rootbotz plays 9H -> r2_d2 wins
  Hand: r2_d2 +12 / rootbotz +9 (tricks 6-6)
  Match total: r2_d2 41 - 78 rootbotz
Players: r2_d2 vs rootbotz
Dealer: r2_d2  |  Elder: rootbotz
Match scores: 41 - 78
Talon (8): JC KC 7D 8D JD 8H 9S AS
r2_d2 hand: 7C 8C 10C QC 9D QD KD AD JH 8S 10S QS
rootbotz hand: 9C AC 10D 7H 9H 10H QH KH AH 7S JS KS
  Exchange rootbotz: discard 9C 7S JS KS -> draw 7D JD 9S AS (talon 4 left)
  Exchange r2_d2: discard 7C 8C 10C 8S -> draw JC KC 8D 8H (talon 0 left)

--- Phase: declare ---
  Declare point: rootbotz wins 6 pts (('point', 6, 'H'))
  Declare set: rootbotz wins 3 pts (('set', 3, 14))

--- Phase: tricks ---
  Trick  1: rootbotz leads AS, r2_d2 plays 10S -> rootbotz wins
  Trick  2: rootbotz leads AH, r2_d2 plays 8H -> rootbotz wins
  Trick  3: rootbotz leads AC, r2_d2 plays JC -> rootbotz wins
  Trick  4: rootbotz leads QH, r2_d2 plays JH -> rootbotz wins
  Trick  5: rootbotz leads KH, r2_d2 plays 8D -> rootbotz wins
  Trick  6: rootbotz leads 9H, r2_d2 plays 9D -> rootbotz wins
  Trick  7: rootbotz leads 10H, r2_d2 plays QS -> rootbotz wins
  Trick  8: rootbotz leads 7H, r2_d2 plays QC -> rootbotz wins
  Trick  9: rootbotz leads 9S, r2_d2 plays QD -> rootbotz wins
  Trick 10: rootbotz leads 10D, r2_d2 plays KD -> r2_d2 wins
  Trick 11: r2_d2 leads AD, rootbotz plays 7D -> r2_d2 wins
  Trick 12: r2_d2 leads KC, rootbotz plays JD -> r2_d2 wins
  Hand: r2_d2 +4 / rootbotz +28 (tricks 3-9)
  Match total: r2_d2 45 - 106 rootbotz
  Final: r2_d2 45 - 106 rootbotz
  Winner: rootbotz

============================================================
Game 92
============================================================
Players: rootbotz vs r2_d2
Dealer: rootbotz  |  Elder: r2_d2
Match scores: 0 - 0
Talon (8): 10C QC 7D AD 9H 10H JS KS
rootbotz hand: 7C 9C AC 9D 10D QD 7H 8H JH 7S 8S AS
r2_d2 hand: 8C JC KC 8D JD KD QH KH AH 9S 10S QS
  Exchange r2_d2: discard 8C 8D JD 9S 10S -> draw 10C QC 7D JS KS (talon 3 left)
  Exchange rootbotz: discard 7H 8H 7S -> draw AD 9H 10H (talon 0 left)

--- Phase: declare ---
  Declare sequence: r2_d2 wins 4 pts (('sequence', 4, 13, 'C'))
  Declare set: rootbotz wins 3 pts (('set', 3, 14))

--- Phase: tricks ---
  Trick  1: r2_d2 leads AH, rootbotz plays 9H -> r2_d2 wins
  Trick  2: r2_d2 leads KH, rootbotz plays 10H -> r2_d2 wins
  Trick  3: r2_d2 leads QH, rootbotz plays JH -> r2_d2 wins
  Trick  4: r2_d2 leads KC, rootbotz plays AC -> rootbotz wins
  Trick  5: rootbotz leads AS, r2_d2 plays JS -> rootbotz wins
  Trick  6: rootbotz leads AD, r2_d2 plays 7D -> rootbotz wins
  Trick  7: rootbotz leads 7C, r2_d2 plays 10C -> r2_d2 wins
  Trick  8: r2_d2 leads KS, rootbotz plays 8S -> r2_d2 wins
  Trick  9: r2_d2 leads KD, rootbotz plays 9D -> r2_d2 wins
  Trick 10: r2_d2 leads QS, rootbotz plays 9C -> r2_d2 wins
  Trick 11: r2_d2 leads QC, rootbotz plays 10D -> r2_d2 wins
  Trick 12: r2_d2 leads JC, rootbotz plays QD -> r2_d2 wins
  Hand: rootbotz +6 / r2_d2 +24 (tricks 3-9)
  Match total: rootbotz 6 - 24 r2_d2
Players: rootbotz vs r2_d2
Dealer: r2_d2  |  Elder: rootbotz
Match scores: 6 - 24
Talon (8): 9D QD 9H 10H AH 8S 9S KS
rootbotz hand: 7C 8C 9C 10C JD KD AD JH QH KH 7S JS
r2_d2 hand: JC QC KC AC 7D 8D 10D 7H 8H 10S QS AS
  Exchange rootbotz: discard 7C 8C 9C 10C 7S -> draw 9D QD AH 8S 9S (talon 3 left)
  Exchange r2_d2: discard 7D 7H 8H -> draw 9H 10H KS (talon 0 left)

--- Phase: declare ---
  Declare point: rootbotz wins 5 pts (('point', 5, 'D'))
  Declare set: rootbotz wins 3 pts (('set', 3, 11))

--- Phase: tricks ---
  Trick  1: rootbotz leads AH, r2_d2 plays 9H -> rootbotz wins
  Trick  2: rootbotz leads AD, r2_d2 plays 8D -> rootbotz wins
  Trick  3: rootbotz leads JH, r2_d2 plays 10H -> rootbotz wins
  Trick  4: rootbotz leads JD, r2_d2 plays 10D -> rootbotz wins
  Trick  5: rootbotz leads QH, r2_d2 plays 10S -> rootbotz wins
  Trick  6: rootbotz leads QD, r2_d2 plays JC -> rootbotz wins
  Trick  7: rootbotz leads KH, r2_d2 plays QC -> rootbotz wins
  Trick  8: rootbotz leads KD, r2_d2 plays QS -> rootbotz wins
  Trick  9: rootbotz leads 9D, r2_d2 plays KC -> rootbotz wins
  Trick 10: rootbotz leads JS, r2_d2 plays KS -> r2_d2 wins
  Trick 11: r2_d2 leads AS, rootbotz plays 8S -> r2_d2 wins
  Trick 12: r2_d2 leads AC, rootbotz plays 9S -> r2_d2 wins
  Hand: rootbotz +27 / r2_d2 +4 (tricks 9-3)
  Match total: rootbotz 33 - 28 r2_d2
Players: rootbotz vs r2_d2
Dealer: rootbotz  |  Elder: r2_d2
Match scores: 33 - 28
Talon (8): 8C AC 7D QD AD 7S JS AS
rootbotz hand: QC 8D 9D JD 8H JH QH KH AH 9S QS KS
r2_d2 hand: 7C 9C 10C JC KC 10D KD 7H 9H 10H 8S 10S
  Exchange r2_d2: discard 7H 9H 8S -> draw AC 7D AD (talon 5 left)
  Exchange rootbotz: discard 8D 9D JD 8H KS -> draw 8C QD 7S JS AS (talon 0 left)

--- Phase: declare ---
  Declare point: r2_d2 wins 6 pts (('point', 6, 'C'))
  Declare sequence: rootbotz wins 4 pts (('sequence', 4, 14, 'H'))
  Declare set: rootbotz wins 14 pts (('set', 4, 12))

--- Phase: tricks ---
  Trick  1: r2_d2 leads AC, rootbotz plays 8C -> r2_d2 wins
  Trick  2: r2_d2 leads AD, rootbotz plays QD -> r2_d2 wins
  Trick  3: r2_d2 leads KC, rootbotz plays QC -> r2_d2 wins
  Trick  4: r2_d2 leads KD, rootbotz plays 7S -> r2_d2 wins
  Trick  5: r2_d2 leads JC, rootbotz plays 9S -> r2_d2 wins
  Trick  6: r2_d2 leads 10C, rootbotz plays JS -> r2_d2 wins
  Trick  7: r2_d2 leads 10D, rootbotz plays JH -> r2_d2 wins
  Trick  8: r2_d2 leads 9C, rootbotz plays QS -> r2_d2 wins
  Trick  9: r2_d2 leads 10H, rootbotz plays QH -> rootbotz wins
  Trick 10: rootbotz leads AS, r2_d2 plays 10S -> rootbotz wins
  Trick 11: rootbotz leads AH, r2_d2 plays 7C -> rootbotz wins
  Trick 12: rootbotz leads KH, r2_d2 plays 7D -> rootbotz wins
  Hand: rootbotz +23 / r2_d2 +24 (tricks 4-8)
  Match total: rootbotz 56 - 52 r2_d2
Players: rootbotz vs r2_d2
Dealer: r2_d2  |  Elder: rootbotz
Match scores: 56 - 52
Talon (8): 7C 9D AD 7H 9H AH 7S 10S
rootbotz hand: 8C JC QC AC JD 10H QH 8S 9S QS KS AS
r2_d2 hand: 9C 10C KC 7D 8D 10D QD KD 8H JH KH JS
  Exchange rootbotz: discard 8C JD 10H 8S 9S -> draw 7C 9D AD 7H 10S (talon 3 left)
  Exchange r2_d2: discard 9C 10C 8H -> draw 9H AH 7S (talon 0 left)

--- Phase: declare ---
  Declare point: r2_d2 wins 5 pts (('point', 5, 'D'))
  Declare sequence: rootbotz wins 3 pts (('sequence', 3, 14, 'S'))
  Declare set: rootbotz wins 3 pts (('set', 3, 14))

--- Phase: tricks ---
  Trick  1: rootbotz leads AS, r2_d2 plays 7S -> rootbotz wins
  Trick  2: rootbotz leads AD, r2_d2 plays 7D -> rootbotz wins
  Trick  3: rootbotz leads AC, r2_d2 plays KC -> rootbotz wins
  Trick  4: rootbotz leads QS, r2_d2 plays JS -> rootbotz wins
  Trick  5: rootbotz leads KS, r2_d2 plays 8D -> rootbotz wins
  Trick  6: rootbotz leads 10S, r2_d2 plays 9H -> rootbotz wins
  Trick  7: rootbotz leads JC, r2_d2 plays 10D -> rootbotz wins
  Trick  8: rootbotz leads QC, r2_d2 plays JH -> rootbotz wins
  Trick  9: rootbotz leads QH, r2_d2 plays KH -> r2_d2 wins
  Trick 10: r2_d2 leads AH, rootbotz plays 7H -> r2_d2 wins
  Trick 11: r2_d2 leads KD, rootbotz plays 9D -> r2_d2 wins
  Trick 12: r2_d2 leads QD, rootbotz plays 7C -> r2_d2 wins
  Hand: rootbotz +24 / r2_d2 +10 (tricks 8-4)
  Match total: rootbotz 80 - 62 r2_d2
Players: rootbotz vs r2_d2
Dealer: rootbotz  |  Elder: r2_d2
Match scores: 80 - 62
Talon (8): 10C JC AC QD AD QH 8S 9S
rootbotz hand: 7C 8C 9C QC KC 7D 9D 7H 8H JH QS AS
r2_d2 hand: 8D 10D JD KD 9H 10H KH AH 7S 10S JS KS
  Exchange r2_d2: discard 8D JD 7S JS -> draw JC AC 8S 9S (talon 4 left)
  Exchange rootbotz: discard 9D 7H 8H JH -> draw 10C QD AD QH (talon 0 left)

--- Phase: declare ---
  Declare point: rootbotz wins 6 pts (('point', 6, 'C'))
  Declare sequence: rootbotz wins 4 pts (('sequence', 4, 10, 'C'))
  Declare set: r2_d2 wins 3 pts (('set', 3, 13))

--- Phase: tricks ---
  Trick  1: r2_d2 leads AH, rootbotz plays QH -> r2_d2 wins
  Trick  2: r2_d2 leads AC, rootbotz plays 7C -> r2_d2 wins
  Trick  3: r2_d2 leads KH, rootbotz plays 7D -> r2_d2 wins
  Trick  4: r2_d2 leads KS, rootbotz plays AS -> rootbotz wins
  Trick  5: rootbotz leads AD, r2_d2 plays 10D -> rootbotz wins
  Trick  6: rootbotz leads QC, r2_d2 plays JC -> rootbotz wins
  Trick  7: rootbotz leads 8C, r2_d2 plays 8S -> rootbotz wins
  Trick  8: rootbotz leads 9C, r2_d2 plays 9H -> rootbotz wins
  Trick  9: rootbotz leads 10C, r2_d2 plays 9S -> rootbotz wins
  Trick 10: rootbotz leads KC, r2_d2 plays 10H -> rootbotz wins
  Trick 11: rootbotz leads QS, r2_d2 plays 10S -> rootbotz wins
  Trick 12: rootbotz leads QD, r2_d2 plays KD -> r2_d2 wins
  Hand: rootbotz +28 / r2_d2 +8 (tricks 8-4)
  Match total: rootbotz 108 - 70 r2_d2
  Final: rootbotz 108 - 70 r2_d2
  Winner: rootbotz

============================================================
Game 93
============================================================
Players: r2_d2 vs rootbotz
Dealer: r2_d2  |  Elder: rootbotz
Match scores: 0 - 0
Talon (8): JC 7D 9D 10D JD KD AD 8S
r2_d2 hand: 7C 9C 10C KC 8D 7H 9H KH AH 9S KS AS
rootbotz hand: 8C QC AC QD 8H 10H JH QH 7S 10S JS QS
  Exchange rootbotz: discard 8C 7S 10S -> draw JD KD 8S (talon 5 left)
  Exchange r2_d2: discard 7C 9C 10C 8D 9S -> draw JC 7D 9D 10D AD (talon 0 left)

--- Phase: declare ---
  Declare point: rootbotz wins 4 pts (('point', 4, 'H'))
  Declare sequence: rootbotz wins 3 pts (('sequence', 3, 13, 'D'))
  Declare set: r2_d2 wins 3 pts (('set', 3, 14))

--- Phase: tricks ---
  Trick  1: rootbotz leads AC, r2_d2 plays JC -> rootbotz wins
  Trick  2: rootbotz leads QC, r2_d2 plays KC -> r2_d2 wins
  Trick  3: r2_d2 leads AH, rootbotz plays 8H -> r2_d2 wins
  Trick  4: r2_d2 leads AD, rootbotz plays JD -> r2_d2 wins
  Trick  5: r2_d2 leads AS, rootbotz plays 8S -> r2_d2 wins
  Trick  6: r2_d2 leads KH, rootbotz plays 10H -> r2_d2 wins
  Trick  7: r2_d2 leads KS, rootbotz plays JS -> r2_d2 wins
  Trick  8: r2_d2 leads 10D, rootbotz plays QD -> rootbotz wins
  Trick  9: rootbotz leads JH, r2_d2 plays 7H -> rootbotz wins
  Trick 10: rootbotz leads QS, r2_d2 plays 7D -> rootbotz wins
  Trick 11: rootbotz leads QH, r2_d2 plays 9H -> rootbotz wins
  Trick 12: rootbotz leads KD, r2_d2 plays 9D -> rootbotz wins
  Hand: r2_d2 +9 / rootbotz +14 (tricks 6-6)
  Match total: r2_d2 9 - 14 rootbotz
Players: r2_d2 vs rootbotz
Dealer: rootbotz  |  Elder: r2_d2
Match scores: 9 - 14
Talon (8): 8C JC QC AC 8D 7S 10S QS
r2_d2 hand: 9D QD 7H 8H 9H JH KH 8S 9S JS KS AS
rootbotz hand: 7C 9C 10C KC 7D 10D JD KD AD 10H QH AH
  Exchange r2_d2: discard 9D QD 8S 9S JS -> draw 8C QC AC 7S QS (talon 3 left)
  Exchange rootbotz: discard 7C 9C QH -> draw JC 8D 10S (talon 0 left)

--- Phase: declare ---
  Declare point: rootbotz wins 6 pts (('point', 6, 'D'))
  Declare sequence: r2_d2 wins 3 pts (('sequence', 3, 14, 'S'))
  Declare set: rootbotz wins 14 pts (('set', 4, 10))

--- Phase: tricks ---
  Trick  1: r2_d2 leads AS, rootbotz plays 10S -> r2_d2 wins
  Trick  2: r2_d2 leads AC, rootbotz plays 10C -> r2_d2 wins
  Trick  3: r2_d2 leads KS, rootbotz plays 7D -> r2_d2 wins
  Trick  4: r2_d2 leads QS, rootbotz plays 8D -> r2_d2 wins
  Trick  5: r2_d2 leads KH, rootbotz plays AH -> rootbotz wins
  Trick  6: rootbotz leads AD, r2_d2 plays 7S -> rootbotz wins
  Trick  7: rootbotz leads KD, r2_d2 plays 7H -> rootbotz wins
  Trick  8: rootbotz leads KC, r2_d2 plays 8C -> rootbotz wins
  Trick  9: rootbotz leads 10D, r2_d2 plays 8H -> rootbotz wins
  Trick 10: rootbotz leads JD, r2_d2 plays 9H -> rootbotz wins
  Trick 11: rootbotz leads JC, r2_d2 plays QC -> r2_d2 wins
  Trick 12: r2_d2 leads JH, rootbotz plays 10H -> r2_d2 wins
  Hand: r2_d2 +10 / rootbotz +26 (tricks 6-6)
  Match total: r2_d2 19 - 40 rootbotz
Players: r2_d2 vs rootbotz
Dealer: r2_d2  |  Elder: rootbotz
Match scores: 19 - 40
Talon (8): 7C JC 8D QD KH AH 8S 9S
r2_d2 hand: 9C QC KC 7D JD KD AD 8H 9H 10H QH JS
rootbotz hand: 8C 10C AC 9D 10D 7H JH 7S 10S QS KS AS
  Exchange rootbotz: discard 8C 9D 7H JH 7S -> draw 7C 8D QD KH 8S (talon 3 left)
  Exchange r2_d2: discard 9C QC JS -> draw JC AH 9S (talon 0 left)

--- Phase: declare ---
  Declare point: rootbotz wins 5 pts (('point', 5, 'S'))
  Declare sequence: rootbotz wins 3 pts (('sequence', 3, 14, 'S'))
  Declare set: rootbotz wins 3 pts (('set', 3, 10))

--- Phase: tricks ---
  Trick  1: rootbotz leads AS, r2_d2 plays 9S -> rootbotz wins
  Trick  2: rootbotz leads AC, r2_d2 plays JC -> rootbotz wins
  Trick  3: rootbotz leads QS, r2_d2 plays 7D -> rootbotz wins
  Trick  4: rootbotz leads KS, r2_d2 plays 8H -> rootbotz wins
  Trick  5: rootbotz leads 10S, r2_d2 plays 9H -> rootbotz wins
  Trick  6: rootbotz leads KH, r2_d2 plays AH -> r2_d2 wins
  Trick  7: r2_d2 leads AD, rootbotz plays 8D -> r2_d2 wins
  Trick  8: r2_d2 leads KD, rootbotz plays 10D -> r2_d2 wins
  Trick  9: r2_d2 leads QH, rootbotz plays 7C -> r2_d2 wins
  Trick 10: r2_d2 leads KC, rootbotz plays 10C -> r2_d2 wins
  Trick 11: r2_d2 leads JD, rootbotz plays QD -> rootbotz wins
  Trick 12: rootbotz leads 8S, r2_d2 plays 10H -> rootbotz wins
  Hand: r2_d2 +5 / rootbotz +29 (tricks 5-7)
  Match total: r2_d2 24 - 69 rootbotz
Players: r2_d2 vs rootbotz
Dealer: rootbotz  |  Elder: r2_d2
Match scores: 24 - 69
Talon (8): 10C 9D KD 9H JH KH 8S KS
r2_d2 hand: 8C JC QC AC 7D 10D JD 8H AH 7S 9S QS
rootbotz hand: 7C 9C KC 8D QD AD 7H 10H QH 10S JS AS
  Exchange r2_d2: discard 7D 10D 8H 7S 9S -> draw 10C KD 9H JH 8S (talon 3 left)
  Exchange rootbotz: discard 7C 9C 8D -> draw 9D KH KS (talon 0 left)

--- Phase: declare ---
  Declare point: r2_d2 wins 5 pts (('point', 5, 'C'))
  Declare sequence: r2_d2 wins 3 pts (('sequence', 3, 12, 'C'))
  Declare set: rootbotz wins 3 pts (('set', 3, 13))

--- Phase: tricks ---
  Trick  1: r2_d2 leads AC, rootbotz plays KC -> r2_d2 wins
  Trick  2: r2_d2 leads AH, rootbotz plays 7H -> r2_d2 wins
  Trick  3: r2_d2 leads QC, rootbotz plays 9D -> r2_d2 wins
  Trick  4: r2_d2 leads JC, rootbotz plays 10H -> r2_d2 wins
  Trick  5: r2_d2 leads KD, rootbotz plays AD -> rootbotz wins
  Trick  6: rootbotz leads AS, r2_d2 plays 8S -> rootbotz wins
  Trick  7: rootbotz leads QH, r2_d2 plays 9H -> rootbotz wins
  Trick  8: rootbotz leads 10S, r2_d2 plays QS -> r2_d2 wins
  Trick  9: r2_d2 leads 10C, rootbotz plays JS -> r2_d2 wins
  Trick 10: r2_d2 leads JH, rootbotz plays KH -> rootbotz wins
  Trick 11: rootbotz leads QD, r2_d2 plays JD -> rootbotz wins
  Trick 12: rootbotz leads KS, r2_d2 plays 8C -> rootbotz wins
  Hand: r2_d2 +14 / rootbotz +10 (tricks 6-6)
  Match total: r2_d2 38 - 79 rootbotz
Players: r2_d2 vs rootbotz
Dealer: r2_d2  |  Elder: rootbotz
Match scores: 38 - 79
Talon (8): 7C 9C QC 7D QD JH AH QS
r2_d2 hand: 8C KC AC 8D 9D JD KD AD 7H 8S KS AS
rootbotz hand: 10C JC 10D 8H 9H 10H QH KH 7S 9S 10S JS
  Exchange rootbotz: discard JC 7S 9S JS -> draw QC QD JH AH (talon 4 left)
  Exchange r2_d2: discard 8C 7H 8S -> draw 7C 7D QS (talon 1 left)

--- Phase: declare ---
  Declare point: rootbotz wins 7 pts (('point', 7, 'H'))
  Declare sequence: rootbotz wins 12 pts (('sequence', 7, 14, 'H'))
  Declare set: r2_d2 wins 3 pts (('set', 3, 14))

--- Phase: tricks ---
  Trick  1: rootbotz leads AH, r2_d2 plays 7C -> rootbotz wins
  Trick  2: rootbotz leads 8H, r2_d2 plays 7D -> rootbotz wins
  Trick  3: rootbotz leads 9H, r2_d2 plays 8D -> rootbotz wins
  Trick  4: rootbotz leads 10H, r2_d2 plays 9D -> rootbotz wins
  Trick  5: rootbotz leads JH, r2_d2 plays JD -> rootbotz wins
  Trick  6: rootbotz leads QH, r2_d2 plays QS -> rootbotz wins
  Trick  7: rootbotz leads KH, r2_d2 plays KC -> rootbotz wins
  Trick  8: rootbotz leads 10C, r2_d2 plays AC -> r2_d2 wins
  Trick  9: r2_d2 leads AD, rootbotz plays 10D -> r2_d2 wins
  Trick 10: r2_d2 leads AS, rootbotz plays 10S -> r2_d2 wins
  Trick 11: r2_d2 leads KD, rootbotz plays QD -> r2_d2 wins
  Trick 12: r2_d2 leads KS, rootbotz plays QC -> r2_d2 wins
  Hand: r2_d2 +9 / rootbotz +36 (tricks 5-7)
  Match total: r2_d2 47 - 115 rootbotz
  Final: r2_d2 47 - 115 rootbotz
  Winner: rootbotz

============================================================
Game 94
============================================================
Players: rootbotz vs r2_d2
Dealer: rootbotz  |  Elder: r2_d2
Match scores: 0 - 0
Talon (8): AC 8D 9D AD 7H 8H 9S JS
rootbotz hand: 7C 8C 9C 10C 10D QD KD JH QH AH 8S AS
r2_d2 hand: JC QC KC 7D JD 9H 10H KH 7S 10S QS KS
  Exchange r2_d2: discard 7D JD 9H 10H -> draw AC 8D AD 7H (talon 4 left)
  Exchange rootbotz: discard 10D JH 8S -> draw 9D 8H 9S (talon 1 left)

--- Phase: declare ---
  Declare point: r2_d2 wins 4 pts (('point', 4, 'C'))
  Declare sequence: r2_d2 wins 4 pts (('sequence', 4, 14, 'C'))
  Declare set: r2_d2 wins 3 pts (('set', 3, 13))

--- Phase: tricks ---
  Trick  1: r2_d2 leads AC, rootbotz plays 7C -> r2_d2 wins
  Trick  2: r2_d2 leads AD, rootbotz plays 9D -> r2_d2 wins
  Trick  3: r2_d2 leads KC, rootbotz plays 8C -> r2_d2 wins
  Trick  4: r2_d2 leads QC, rootbotz plays 9C -> r2_d2 wins
  Trick  5: r2_d2 leads KS, rootbotz plays AS -> rootbotz wins
  Trick  6: rootbotz leads AH, r2_d2 plays 7H -> rootbotz wins
  Trick  7: rootbotz leads QD, r2_d2 plays 8D -> rootbotz wins
  Trick  8: rootbotz leads KD, r2_d2 plays 7S -> rootbotz wins
  Trick  9: rootbotz leads 8H, r2_d2 plays KH -> r2_d2 wins
  Trick 10: r2_d2 leads QS, rootbotz plays 9S -> r2_d2 wins
  Trick 11: r2_d2 leads JC, rootbotz plays 10C -> r2_d2 wins
  Trick 12: r2_d2 leads 10S, rootbotz plays QH -> r2_d2 wins
  Hand: rootbotz +4 / r2_d2 +30 (tricks 4-8)
  Match total: rootbotz 4 - 30 r2_d2
Players: rootbotz vs r2_d2
Dealer: r2_d2  |  Elder: rootbotz
Match scores: 4 - 30
Talon (8): JC AC 8D 9D JD KD KH 9S
rootbotz hand: 7C 9C 10C QC 8H 9H 10H JH QH 10S QS KS
r2_d2 hand: 8C KC 7D 10D QD AD 7H AH 7S 8S JS AS
  Exchange rootbotz: discard 7C 9C 10C 10S KS -> draw AC 8D 9D JD KH (talon 3 left)
  Exchange r2_d2: discard 8C 7H 7S -> draw JC KD 9S (talon 0 left)

--- Phase: declare ---
  Declare point: rootbotz wins 6 pts (('point', 6, 'H'))
  Declare sequence: rootbotz wins 11 pts (('sequence', 6, 13, 'H'))
  Declare set: r2_d2 wins 3 pts (('set', 3, 14))

--- Phase: tricks ---
  Trick  1: rootbotz leads AC, r2_d2 plays JC -> rootbotz wins
  Trick  2: rootbotz leads QC, r2_d2 plays KC -> r2_d2 wins
  Trick  3: r2_d2 leads AD, rootbotz plays 8D -> r2_d2 wins
  Trick  4: r2_d2 leads AS, rootbotz plays QS -> r2_d2 wins
  Trick  5: r2_d2 leads AH, rootbotz plays 8H -> r2_d2 wins
  Trick  6: r2_d2 leads KD, rootbotz plays 9D -> r2_d2 wins
  Trick  7: r2_d2 leads QD, rootbotz plays JD -> r2_d2 wins
  Trick  8: r2_d2 leads JS, rootbotz plays 9H -> r2_d2 wins
  Trick  9: r2_d2 leads 10D, rootbotz plays 10H -> r2_d2 wins
  Trick 10: r2_d2 leads 9S, rootbotz plays JH -> r2_d2 wins
  Trick 11: r2_d2 leads 8S, rootbotz plays QH -> r2_d2 wins
  Trick 12: r2_d2 leads 7D, rootbotz plays KH -> r2_d2 wins
  Hand: rootbotz +18 / r2_d2 +25 (tricks 1-11)
  Match total: rootbotz 22 - 55 r2_d2
Players: rootbotz vs r2_d2
Dealer: rootbotz  |  Elder: r2_d2
Match scores: 22 - 55
Talon (8): JC KC 8D 9D KD 9H QS AS
rootbotz hand: 7C 9C 10C QC QD AD 8H 10H QH 7S 8S JS
r2_d2 hand: 8C AC 7D 10D JD 7H JH KH AH 9S 10S KS
  Exchange r2_d2: discard 8C 7D 10D 9S 10S -> draw JC KC 8D 9H AS (talon 3 left)
  Exchange rootbotz: discard 7C 8H 7S -> draw 9D KD QS (talon 0 left)

--- Phase: declare ---
  Declare point: r2_d2 wins 5 pts (('point', 5, 'H'))
  Declare sequence: rootbotz wins 3 pts (('sequence', 3, 14, 'D'))
  Declare set: r2_d2 wins 3 pts (('set', 3, 14))

--- Phase: tricks ---
  Trick  1: r2_d2 leads AH, rootbotz plays 10H -> r2_d2 wins
  Trick  2: r2_d2 leads AC, rootbotz plays 9C -> r2_d2 wins
  Trick  3: r2_d2 leads AS, rootbotz plays 8S -> r2_d2 wins
  Trick  4: r2_d2 leads KH, rootbotz plays QH -> r2_d2 wins
  Trick  5: r2_d2 leads KC, rootbotz plays 10C -> r2_d2 wins
  Trick  6: r2_d2 leads KS, rootbotz plays JS -> r2_d2 wins
  Trick  7: r2_d2 leads JH, rootbotz plays 9D -> r2_d2 wins
  Trick  8: r2_d2 leads JD, rootbotz plays QD -> rootbotz wins
  Trick  9: rootbotz leads AD, r2_d2 plays 8D -> rootbotz wins
  Trick 10: rootbotz leads KD, r2_d2 plays 7H -> rootbotz wins
  Trick 11: rootbotz leads QS, r2_d2 plays 9H -> rootbotz wins
  Trick 12: rootbotz leads QC, r2_d2 plays JC -> rootbotz wins
  Hand: rootbotz +9 / r2_d2 +25 (tricks 5-7)
  Match total: rootbotz 31 - 80 r2_d2
Players: rootbotz vs r2_d2
Dealer: r2_d2  |  Elder: rootbotz
Match scores: 31 - 80
Talon (8): 9C 7D 8D 7H 9H 7S 9S JS
rootbotz hand: 7C 10C JC 9D 10D KD 8H 10H KH 8S 10S KS
r2_d2 hand: 8C QC KC AC JD QD AD JH QH AH QS AS
  Exchange rootbotz: discard 7C JC 8H KS -> draw 8D 9H 7S JS (talon 4 left)
  Exchange r2_d2: discard JD JH -> draw 7D 9S (talon 2 left)

--- Phase: declare ---
  Declare point: r2_d2 wins 4 pts (('point', 4, 'C'))
  Declare sequence: r2_d2 wins 3 pts (('sequence', 3, 14, 'C'))
  Declare set: r2_d2 wins 14 pts (('set', 4, 14))

--- Phase: tricks ---
  Trick  1: rootbotz leads 10C, r2_d2 plays QC -> r2_d2 wins
  Trick  2: r2_d2 leads AD, rootbotz plays 8D -> r2_d2 wins
  Trick  3: r2_d2 leads AC, rootbotz plays 7S -> r2_d2 wins
  Trick  4: r2_d2 leads AS, rootbotz plays 8S -> r2_d2 wins
  Trick  5: r2_d2 leads AH, rootbotz plays 9H -> r2_d2 wins
  Trick  6: r2_d2 leads KC, rootbotz plays 9D -> r2_d2 wins
  Trick  7: r2_d2 leads QD, rootbotz plays KD -> rootbotz wins
  Trick  8: rootbotz leads 10S, r2_d2 plays QS -> r2_d2 wins
  Trick  9: r2_d2 leads QH, rootbotz plays KH -> rootbotz wins
  Trick 10: rootbotz leads 10H, r2_d2 plays 7D -> rootbotz wins
  Trick 11: rootbotz leads 10D, r2_d2 plays 8C -> rootbotz wins
  Trick 12: rootbotz leads JS, r2_d2 plays 9S -> rootbotz wins
  Hand: rootbotz +6 / r2_d2 +38 (tricks 5-7)
  Match total: rootbotz 37 - 118 r2_d2
  Final: rootbotz 37 - 118 r2_d2
  Winner: r2_d2

============================================================
Game 95
============================================================
Players: r2_d2 vs rootbotz
Dealer: r2_d2  |  Elder: rootbotz
Match scores: 0 - 0
Talon (8): 9C KC KD 7H 8H 7S 10S QS
r2_d2 hand: 7C 8C 10C 7D 9D JD QD AD JH AH 9S JS
rootbotz hand: JC QC AC 8D 10D 9H 10H QH KH 8S KS AS
  Exchange rootbotz: discard JC QC 8D 10D 8S -> draw 9C KD 7H 8H 10S (talon 3 left)
  Exchange r2_d2: discard 7C 8C 10C -> draw KC 7S QS (talon 0 left)

--- Phase: declare ---
  Declare point: rootbotz wins 6 pts (('point', 6, 'H'))
  Declare sequence: rootbotz wins 4 pts (('sequence', 4, 10, 'H'))
  Declare set: rootbotz wins 3 pts (('set', 3, 13))

--- Phase: tricks ---
  Trick  1: rootbotz leads AS, r2_d2 plays 7S -> rootbotz wins
  Trick  2: rootbotz leads AC, r2_d2 plays KC -> rootbotz wins
  Trick  3: rootbotz leads KS, r2_d2 plays 9S -> rootbotz wins
  Trick  4: rootbotz leads QH, r2_d2 plays AH -> r2_d2 wins
  Trick  5: r2_d2 leads AD, rootbotz plays KD -> r2_d2 wins
  Trick  6: r2_d2 leads QS, rootbotz plays 10S -> r2_d2 wins
  Trick  7: r2_d2 leads QD, rootbotz plays 7H -> r2_d2 wins
  Trick  8: r2_d2 leads JD, rootbotz plays 8H -> r2_d2 wins
  Trick  9: r2_d2 leads 9D, rootbotz plays 9C -> r2_d2 wins
  Trick 10: r2_d2 leads JH, rootbotz plays KH -> rootbotz wins
  Trick 11: rootbotz leads 9H, r2_d2 plays 7D -> rootbotz wins
  Trick 12: rootbotz leads 10H, r2_d2 plays JS -> rootbotz wins
  Hand: r2_d2 +6 / rootbotz +20 (tricks 6-6)
  Match total: r2_d2 6 - 20 rootbotz
Players: r2_d2 vs rootbotz
Dealer: rootbotz  |  Elder: r2_d2
Match scores: 6 - 20
Talon (8): 10C KC 7D QD 7H 9H QH 7S
r2_d2 hand: JC 8D 9D 10D JD AD 10H JH AH 10S QS AS
rootbotz hand: 7C 8C 9C QC AC KD 8H KH 8S 9S JS KS
  Exchange r2_d2: discard QS -> draw 7H (talon 7 left)
  Exchange rootbotz: discard QC AC 8H 8S 9S JS -> draw 10C KC QD 9H QH 7S (talon 1 left)

--- Phase: declare ---
  Declare point: r2_d2 wins 5 pts (('point', 5, 'D'))
  Declare sequence: r2_d2 wins 4 pts (('sequence', 4, 11, 'D'))
  Declare set: r2_d2 wins 3 pts (('set', 3, 14))

--- Phase: tricks ---
  Trick  1: r2_d2 leads AD, rootbotz plays QD -> r2_d2 wins
  Trick  2: r2_d2 leads AH, rootbotz plays 9H -> r2_d2 wins
  Trick  3: r2_d2 leads AS, rootbotz plays 7S -> r2_d2 wins
  Trick  4: r2_d2 leads JD, rootbotz plays KD -> rootbotz wins
  Trick  5: rootbotz leads QH, r2_d2 plays 7H -> rootbotz wins
  Trick  6: rootbotz leads KS, r2_d2 plays 10S -> rootbotz wins
  Trick  7: rootbotz leads KH, r2_d2 plays 10H -> rootbotz wins
  Trick  8: rootbotz leads KC, r2_d2 plays JC -> rootbotz wins
  Trick  9: rootbotz leads 7C, r2_d2 plays 8D -> rootbotz wins
  Trick 10: rootbotz leads 8C, r2_d2 plays 9D -> rootbotz wins
  Trick 11: rootbotz leads 9C, r2_d2 plays 10D -> rootbotz wins
  Trick 12: rootbotz leads 10C, r2_d2 plays JH -> rootbotz wins
  Hand: r2_d2 +15 / rootbotz +20 (tricks 3-9)
  Match total: r2_d2 21 - 40 rootbotz
Players: r2_d2 vs rootbotz
Dealer: r2_d2  |  Elder: rootbotz
Match scores: 21 - 40
Talon (8): AC 7D KD 9H JH 8S KS AS
r2_d2 hand: 8C 10C JC KC 9D QD 7H 8H 10H QH KH 9S
rootbotz hand: 7C 9C QC 8D 10D JD AD AH 7S 10S JS QS
  Exchange rootbotz: discard 7C 9C QC 8D 10D -> draw 7D KD 9H KS AS (talon 3 left)
  Exchange r2_d2: discard 8C 9D 9S -> draw AC JH 8S (talon 0 left)

--- Phase: declare ---
  Declare point: rootbotz wins 6 pts (('point', 6, 'S'))
  Declare sequence: rootbotz wins 10 pts (('sequence', 5, 14, 'S'))
  Declare set: rootbotz wins 3 pts (('set', 3, 14))

--- Phase: tricks ---
  Trick  1: rootbotz leads AS, r2_d2 plays 8S -> rootbotz wins
  Trick  2: rootbotz leads AH, r2_d2 plays 7H -> rootbotz wins
  Trick  3: rootbotz leads AD, r2_d2 plays QD -> rootbotz wins
  Trick  4: rootbotz leads 10S, r2_d2 plays 8H -> rootbotz wins
  Trick  5: rootbotz leads JS, r2_d2 plays 10C -> rootbotz wins
  Trick  6: rootbotz leads QS, r2_d2 plays 10H -> rootbotz wins
  Trick  7: rootbotz leads KS, r2_d2 plays JC -> rootbotz wins
  Trick  8: rootbotz leads KD, r2_d2 plays JH -> rootbotz wins
  Trick  9: rootbotz leads JD, r2_d2 plays QH -> rootbotz wins
  Trick 10: rootbotz leads 7S, r2_d2 plays KH -> rootbotz wins
  Trick 11: rootbotz leads 7D, r2_d2 plays KC -> rootbotz wins
  Trick 12: rootbotz leads 9H, r2_d2 plays AC -> rootbotz wins
  Hand: r2_d2 +0 / rootbotz +102 (tricks 0-12)
  Match total: r2_d2 21 - 142 rootbotz
  Final: r2_d2 21 - 142 rootbotz
  Winner: rootbotz

============================================================
Game 96
============================================================
Players: rootbotz vs r2_d2
Dealer: rootbotz  |  Elder: r2_d2
Match scores: 0 - 0
Talon (8): 9D KD AD 10H JH QH 7S 10S
rootbotz hand: 7C 8C 9C KC AC 8D 10D 8H 9H AH JS QS
r2_d2 hand: 10C JC QC 7D JD QD 7H KH 8S 9S KS AS
  Exchange r2_d2: discard 7D JD QD 7H -> draw 9D JH QH 10S (talon 4 left)
  Exchange rootbotz: discard 10D 8H JS QS -> draw KD AD 10H 7S (talon 0 left)

--- Phase: declare ---
  Declare point: r2_d2 wins 5 pts (('point', 5, 'S'))
  Declare sequence: r2_d2 wins 3 pts (('sequence', 3, 13, 'H'))
  Declare set: rootbotz wins 3 pts (('set', 3, 14))

--- Phase: tricks ---
  Trick  1: r2_d2 leads AS, rootbotz plays 7S -> r2_d2 wins
  Trick  2: r2_d2 leads KS, rootbotz plays 7C -> r2_d2 wins
  Trick  3: r2_d2 leads KH, rootbotz plays AH -> rootbotz wins
  Trick  4: rootbotz leads AD, r2_d2 plays 9D -> rootbotz wins
  Trick  5: rootbotz leads AC, r2_d2 plays 10C -> rootbotz wins
  Trick  6: rootbotz leads KD, r2_d2 plays 8S -> rootbotz wins
  Trick  7: rootbotz leads KC, r2_d2 plays JC -> rootbotz wins
  Trick  8: rootbotz leads 8D, r2_d2 plays 9S -> rootbotz wins
  Trick  9: rootbotz leads 8C, r2_d2 plays QC -> r2_d2 wins
  Trick 10: r2_d2 leads QH, rootbotz plays 9H -> r2_d2 wins
  Trick 11: r2_d2 leads JH, rootbotz plays 10H -> r2_d2 wins
  Trick 12: r2_d2 leads 10S, rootbotz plays 9C -> r2_d2 wins
  Hand: rootbotz +9 / r2_d2 +15 (tricks 6-6)
  Match total: rootbotz 9 - 15 r2_d2
Players: rootbotz vs r2_d2
Dealer: r2_d2  |  Elder: rootbotz
Match scores: 9 - 15
Talon (8): 7C QC 7D 8D AD 8H KH KS
rootbotz hand: 9C 10C JC KC 9D JD QD 9H 9S 10S JS AS
r2_d2 hand: 8C AC 10D KD 7H 10H JH QH AH 7S 8S QS
  Exchange rootbotz: discard 9D QD 9H 9S 10S -> draw 7C 7D 8D AD KH (talon 3 left)
  Exchange r2_d2: discard 8C 7S 8S -> draw QC 8H KS (talon 0 left)

--- Phase: declare ---
  Declare point: r2_d2 wins 6 pts (('point', 6, 'H'))
  Declare sequence: r2_d2 wins 3 pts (('sequence', 3, 12, 'H'))
  Declare set: r2_d2 wins 3 pts (('set', 3, 12))

--- Phase: tricks ---
  Trick  1: rootbotz leads AS, r2_d2 plays QS -> rootbotz wins
  Trick  2: rootbotz leads AD, r2_d2 plays 10D -> rootbotz wins
  Trick  3: rootbotz leads JD, r2_d2 plays KD -> r2_d2 wins
  Trick  4: r2_d2 leads AH, rootbotz plays KH -> r2_d2 wins
  Trick  5: r2_d2 leads AC, rootbotz plays 7C -> r2_d2 wins
  Trick  6: r2_d2 leads KS, rootbotz plays JS -> r2_d2 wins
  Trick  7: r2_d2 leads QH, rootbotz plays 7D -> r2_d2 wins
  Trick  8: r2_d2 leads JH, rootbotz plays 8D -> r2_d2 wins
  Trick  9: r2_d2 leads 10H, rootbotz plays 9C -> r2_d2 wins
  Trick 10: r2_d2 leads 8H, rootbotz plays 10C -> r2_d2 wins
  Trick 11: r2_d2 leads QC, rootbotz plays KC -> rootbotz wins
  Trick 12: rootbotz leads JC, r2_d2 plays 7H -> rootbotz wins
  Hand: rootbotz +5 / r2_d2 +30 (tricks 4-8)
  Match total: rootbotz 14 - 45 r2_d2
Players: rootbotz vs r2_d2
Dealer: rootbotz  |  Elder: r2_d2
Match scores: 14 - 45
Talon (8): QC 7D 9D 10H QH 8S 9S AS
rootbotz hand: 9C JC JD KD AD 7H KH AH 7S 10S JS QS
r2_d2 hand: 7C 8C 10C KC AC 8D 10D QD 8H 9H JH KS
  Exchange r2_d2: discard 8D 10D 8H 9H JH -> draw 9D QH 8S 9S AS (talon 3 left)
  Exchange rootbotz: discard 9C 7H KH -> draw QC 7D 10H (talon 0 left)

--- Phase: declare ---
  Declare point: r2_d2 wins 5 pts (('point', 5, 'C'))
  Declare sequence: rootbotz wins 3 pts (('sequence', 3, 12, 'S'))
  Declare set: rootbotz wins 3 pts (('set', 3, 11))

--- Phase: tricks ---
  Trick  1: r2_d2 leads AC, rootbotz plays JC -> r2_d2 wins
  Trick  2: r2_d2 leads AS, rootbotz plays 7S -> r2_d2 wins
  Trick  3: r2_d2 leads KC, rootbotz plays QC -> r2_d2 wins
  Trick  4: r2_d2 leads KS, rootbotz plays 10S -> r2_d2 wins
  Trick  5: r2_d2 leads 10C, rootbotz plays 7D -> r2_d2 wins
  Trick  6: r2_d2 leads QD, rootbotz plays KD -> rootbotz wins
  Trick  7: rootbotz leads AH, r2_d2 plays QH -> rootbotz wins
  Trick  8: rootbotz leads AD, r2_d2 plays 9D -> rootbotz wins
  Trick  9: rootbotz leads JS, r2_d2 plays 8S -> rootbotz wins
  Trick 10: rootbotz leads JD, r2_d2 plays 7C -> rootbotz wins
  Trick 11: rootbotz leads QS, r2_d2 plays 9S -> rootbotz wins
  Trick 12: rootbotz leads 10H, r2_d2 plays 8C -> rootbotz wins
  Hand: rootbotz +24 / r2_d2 +10 (tricks 7-5)
  Match total: rootbotz 38 - 55 r2_d2
Players: rootbotz vs r2_d2
Dealer: r2_d2  |  Elder: rootbotz
Match scores: 38 - 55
Talon (8): 8C 9C KC AD 9H 7S 9S KS
rootbotz hand: 10C JC QC 7D 8D QD KD 8H JH QH JS QS
r2_d2 hand: 7C AC 9D 10D JD 7H 10H KH AH 8S 10S AS
  Exchange rootbotz: discard 7D 8D KD 8H JS -> draw 8C KC AD 7S KS (talon 3 left)
  Exchange r2_d2: discard 7C 8S -> draw 9C 9H (talon 1 left)

--- Phase: declare ---
  Declare point: rootbotz wins 5 pts (('point', 5, 'C'))
  Declare sequence: rootbotz wins 4 pts (('sequence', 4, 13, 'C'))
  Declare set: r2_d2 wins 3 pts (('set', 3, 14))

--- Phase: tricks ---
  Trick  1: rootbotz leads AD, r2_d2 plays 9D -> rootbotz wins
  Trick  2: rootbotz leads QD, r2_d2 plays 10D -> rootbotz wins
  Trick  3: rootbotz leads 10C, r2_d2 plays AC -> r2_d2 wins
  Trick  4: r2_d2 leads AH, rootbotz plays JH -> r2_d2 wins
  Trick  5: r2_d2 leads AS, rootbotz plays 7S -> r2_d2 wins
  Trick  6: r2_d2 leads KH, rootbotz plays QH -> r2_d2 wins
  Trick  7: r2_d2 leads 10H, rootbotz plays 8C -> r2_d2 wins
  Trick  8: r2_d2 leads 9H, rootbotz plays JC -> r2_d2 wins
  Trick  9: r2_d2 leads JD, rootbotz plays QC -> r2_d2 wins
  Trick 10: r2_d2 leads 10S, rootbotz plays QS -> rootbotz wins
  Trick 11: rootbotz leads KS, r2_d2 plays 7H -> rootbotz wins
  Trick 12: rootbotz leads KC, r2_d2 plays 9C -> rootbotz wins
  Hand: rootbotz +15 / r2_d2 +20 (tricks 5-7)
  Match total: rootbotz 53 - 75 r2_d2
Players: rootbotz vs r2_d2
Dealer: rootbotz  |  Elder: r2_d2
Match scores: 53 - 75
Talon (8): 10C AC AD 8H QH 7S JS QS
rootbotz hand: 8C 9C QC 8D 9D 10D KD 9H KH 9S 10S KS
r2_d2 hand: 7C JC KC 7D JD QD 7H 10H JH AH 8S AS
  Exchange r2_d2: discard 7C 7D QD 8S -> draw AC AD 7S QS (talon 4 left)
  Exchange rootbotz: discard 8C 9C QC 9H -> draw 10C 8H QH JS (talon 0 left)

--- Phase: declare ---
  Declare point: rootbotz wins 4 pts (('point', 4, 'S'))
  Declare sequence: rootbotz wins 3 pts (('sequence', 3, 11, 'S'))
  Declare set: r2_d2 wins 14 pts (('set', 4, 14))

--- Phase: tricks ---
  Trick  1: r2_d2 leads AH, rootbotz plays 8H -> r2_d2 wins
  Trick  2: r2_d2 leads AS, rootbotz plays 9S -> r2_d2 wins
  Trick  3: r2_d2 leads AC, rootbotz plays 10C -> r2_d2 wins
  Trick  4: r2_d2 leads AD, rootbotz plays 8D -> r2_d2 wins
  Trick  5: r2_d2 leads KC, rootbotz plays 9D -> r2_d2 wins
  Trick  6: r2_d2 leads JH, rootbotz plays QH -> rootbotz wins
  Trick  7: rootbotz leads 10S, r2_d2 plays QS -> r2_d2 wins
  Trick  8: r2_d2 leads 10H, rootbotz plays KH -> rootbotz wins
  Trick  9: rootbotz leads 10D, r2_d2 plays JD -> r2_d2 wins
  Trick 10: r2_d2 leads JC, rootbotz plays JS -> r2_d2 wins
  Trick 11: r2_d2 leads 7H, rootbotz plays KD -> r2_d2 wins
  Trick 12: r2_d2 leads 7S, rootbotz plays KS -> rootbotz wins
  Hand: rootbotz +11 / r2_d2 +33 (tricks 3-9)
  Match total: rootbotz 64 - 108 r2_d2
  Final: rootbotz 64 - 108 r2_d2
  Winner: r2_d2

============================================================
Game 97
============================================================
Players: r2_d2 vs rootbotz
Dealer: r2_d2  |  Elder: rootbotz
Match scores: 0 - 0
Talon (8): AC AD 8H 10H 8S 9S JS AS
r2_d2 hand: JC QC QD KD 7H JH QH KH 7S 10S QS KS
rootbotz hand: 7C 8C 9C 10C KC 7D 8D 9D 10D JD 9H AH
  Exchange rootbotz: discard 7C 8C 9C 10C 9H -> draw AC AD 8H 10H JS (talon 3 left)
  Exchange r2_d2: discard JC 7S 10S -> draw 8S 9S AS (talon 0 left)

--- Phase: declare ---
  Declare point: rootbotz wins 6 pts (('point', 6, 'D'))
  Declare sequence: rootbotz wins 10 pts (('sequence', 5, 11, 'D'))
  Declare set: rootbotz wins 3 pts (('set', 3, 14))

--- Phase: tricks ---
  Trick  1: rootbotz leads AH, r2_d2 plays 7H -> rootbotz wins
  Trick  2: rootbotz leads AD, r2_d2 plays QD -> rootbotz wins
  Trick  3: rootbotz leads AC, r2_d2 plays QC -> rootbotz wins
  Trick  4: rootbotz leads KC, r2_d2 plays 8S -> rootbotz wins
  Trick  5: rootbotz leads 7D, r2_d2 plays KD -> r2_d2 wins
  Trick  6: r2_d2 leads AS, rootbotz plays JS -> r2_d2 wins
  Trick  7: r2_d2 leads KH, rootbotz plays 8H -> r2_d2 wins
  Trick  8: r2_d2 leads KS, rootbotz plays 8D -> r2_d2 wins
  Trick  9: r2_d2 leads QS, rootbotz plays 9D -> r2_d2 wins
  Trick 10: r2_d2 leads QH, rootbotz plays 10H -> r2_d2 wins
  Trick 11: r2_d2 leads JH, rootbotz plays 10D -> r2_d2 wins
  Trick 12: r2_d2 leads 9S, rootbotz plays JD -> r2_d2 wins
  Hand: r2_d2 +19 / rootbotz +23 (tricks 8-4)
  Match total: r2_d2 19 - 23 rootbotz
Players: r2_d2 vs rootbotz
Dealer: rootbotz  |  Elder: r2_d2
Match scores: 19 - 23
Talon (8): QC KC 7D JD 8H 9H KH AH
r2_d2 hand: 7C 8C AC 8D 10D QD KD 10H 7S 9S 10S QS
rootbotz hand: 9C 10C JC 9D AD 7H JH QH 8S JS KS AS
  Exchange r2_d2: discard 7C 8C 7S 9S -> draw QC 7D 9H KH (talon 4 left)
  Exchange rootbotz: discard 9D 7H QH 8S -> draw KC JD 8H AH (talon 0 left)

--- Phase: declare ---
  Declare point: r2_d2 wins 5 pts (('point', 5, 'D'))
  Declare sequence: rootbotz wins 3 pts (('sequence', 3, 11, 'C'))
  Declare set: rootbotz wins 3 pts (('set', 3, 14))

--- Phase: tricks ---
  Trick  1: r2_d2 leads AC, rootbotz plays 9C -> r2_d2 wins
  Trick  2: r2_d2 leads KD, rootbotz plays AD -> rootbotz wins
  Trick  3: rootbotz leads AS, r2_d2 plays 10S -> rootbotz wins
  Trick  4: rootbotz leads AH, r2_d2 plays 9H -> rootbotz wins
  Trick  5: rootbotz leads KS, r2_d2 plays QS -> rootbotz wins
  Trick  6: rootbotz leads KC, r2_d2 plays QC -> rootbotz wins
  Trick  7: rootbotz leads 10C, r2_d2 plays 7D -> rootbotz wins
  Trick  8: rootbotz leads JS, r2_d2 plays 8D -> rootbotz wins
  Trick  9: rootbotz leads JH, r2_d2 plays KH -> r2_d2 wins
  Trick 10: r2_d2 leads QD, rootbotz plays JD -> r2_d2 wins
  Trick 11: r2_d2 leads 10H, rootbotz plays 8H -> r2_d2 wins
  Trick 12: r2_d2 leads 10D, rootbotz plays JC -> r2_d2 wins
  Hand: r2_d2 +11 / rootbotz +23 (tricks 5-7)
  Match total: r2_d2 30 - 46 rootbotz
Players: r2_d2 vs rootbotz
Dealer: r2_d2  |  Elder: rootbotz
Match scores: 30 - 46
Talon (8): QC 7D 7H JH QH KH 10S JS
r2_d2 hand: 10C JC AC 8D 9D 10D QD AD 9H 10H 8S QS
rootbotz hand: 7C 8C 9C KC JD KD 8H AH 7S 9S KS AS
  Exchange rootbotz: discard JD 8H 7S 9S AS -> draw QC 7H QH KH 10S (talon 3 left)
  Exchange r2_d2: discard JC 9H 8S -> draw 7D JH JS (talon 0 left)

--- Phase: declare ---
  Declare point: r2_d2 wins 6 pts (('point', 6, 'D'))
  Declare sequence: r2_d2 wins 4 pts (('sequence', 4, 10, 'D'))
  Declare set: rootbotz wins 14 pts (('set', 4, 13))

--- Phase: tricks ---
  Trick  1: rootbotz leads AH, r2_d2 plays 10H -> rootbotz wins
  Trick  2: rootbotz leads QH, r2_d2 plays JH -> rootbotz wins
  Trick  3: rootbotz leads KS, r2_d2 plays JS -> rootbotz wins
  Trick  4: rootbotz leads KH, r2_d2 plays 7D -> rootbotz wins
  Trick  5: rootbotz leads QC, r2_d2 plays AC -> r2_d2 wins
  Trick  6: r2_d2 leads AD, rootbotz plays KD -> r2_d2 wins
  Trick  7: r2_d2 leads QD, rootbotz plays 7H -> r2_d2 wins
  Trick  8: r2_d2 leads 10D, rootbotz plays 7C -> r2_d2 wins
  Trick  9: r2_d2 leads 9D, rootbotz plays 8C -> r2_d2 wins
  Trick 10: r2_d2 leads QS, rootbotz plays 10S -> r2_d2 wins
  Trick 11: r2_d2 leads 10C, rootbotz plays KC -> rootbotz wins
  Trick 12: rootbotz leads 9C, r2_d2 plays 8D -> rootbotz wins
  Hand: r2_d2 +16 / rootbotz +21 (tricks 6-6)
  Match total: r2_d2 46 - 67 rootbotz
Players: r2_d2 vs rootbotz
Dealer: rootbotz  |  Elder: r2_d2
Match scores: 46 - 67
Talon (8): 7C JC QC 8D 10D QD 10H 8S
r2_d2 hand: 8C 9C 10C KC AC 7D 9D AD 8H JH 9S QS
rootbotz hand: JD KD 7H 9H QH KH AH 7S 10S JS KS AS
  Exchange r2_d2: discard 7D 9D 8H JH 9S -> draw JC 10D QD 10H 8S (talon 3 left)
  Exchange rootbotz: discard JD 7H 9H -> draw 7C QC 8D (talon 0 left)

--- Phase: declare ---
  Declare point: r2_d2 wins 6 pts (('point', 6, 'C'))
  Declare sequence: r2_d2 wins 4 pts (('sequence', 4, 11, 'C'))
  Declare set: rootbotz wins 3 pts (('set', 3, 13))

--- Phase: tricks ---
  Trick  1: r2_d2 leads AC, rootbotz plays 7C -> r2_d2 wins
  Trick  2: r2_d2 leads AD, rootbotz plays 8D -> r2_d2 wins
  Trick  3: r2_d2 leads KC, rootbotz plays QC -> r2_d2 wins
  Trick  4: r2_d2 leads JC, rootbotz plays 7S -> r2_d2 wins
  Trick  5: r2_d2 leads 10C, rootbotz plays 10S -> r2_d2 wins
  Trick  6: r2_d2 leads QD, rootbotz plays KD -> rootbotz wins
  Trick  7: rootbotz leads AS, r2_d2 plays 8S -> rootbotz wins
  Trick  8: rootbotz leads AH, r2_d2 plays 10H -> rootbotz wins
  Trick  9: rootbotz leads JS, r2_d2 plays QS -> r2_d2 wins
  Trick 10: r2_d2 leads 9C, rootbotz plays QH -> r2_d2 wins
  Trick 11: r2_d2 leads 10D, rootbotz plays KS -> r2_d2 wins
  Trick 12: r2_d2 leads 8C, rootbotz plays KH -> r2_d2 wins
  Hand: r2_d2 +30 / rootbotz +6 (tricks 9-3)
  Match total: r2_d2 76 - 73 rootbotz
Players: r2_d2 vs rootbotz
Dealer: r2_d2  |  Elder: rootbotz
Match scores: 76 - 73
Talon (8): 8D 10D JD QD AD QH 9S JS
r2_d2 hand: 8C AC 7D KD 10H JH AH 7S 10S QS KS AS
rootbotz hand: 7C 9C 10C JC QC KC 9D 7H 8H 9H KH 8S
  Exchange rootbotz: discard 9D 7H 8H 9H 8S -> draw 8D 10D AD QH JS (talon 3 left)
  Exchange r2_d2: discard 8C 7D 10H -> draw JD QD 9S (talon 0 left)

--- Phase: declare ---
  Declare point: r2_d2 wins 6 pts (('point', 6, 'S'))
  Declare sequence: rootbotz wins 10 pts (('sequence', 5, 13, 'C'))
  Declare set: r2_d2 wins 3 pts (('set', 3, 14))

--- Phase: tricks ---
  Trick  1: rootbotz leads AD, r2_d2 plays JD -> rootbotz wins
  Trick  2: rootbotz leads 9C, r2_d2 plays AC -> r2_d2 wins
  Trick  3: r2_d2 leads AS, rootbotz plays JS -> r2_d2 wins
  Trick  4: r2_d2 leads AH, rootbotz plays QH -> r2_d2 wins
  Trick  5: r2_d2 leads KS, rootbotz plays 7C -> r2_d2 wins
  Trick  6: r2_d2 leads QS, rootbotz plays 8D -> r2_d2 wins
  Trick  7: r2_d2 leads KD, rootbotz plays 10D -> r2_d2 wins
  Trick  8: r2_d2 leads QD, rootbotz plays 10C -> r2_d2 wins
  Trick  9: r2_d2 leads 10S, rootbotz plays JC -> r2_d2 wins
  Trick 10: r2_d2 leads 9S, rootbotz plays QC -> r2_d2 wins
  Trick 11: r2_d2 leads JH, rootbotz plays KH -> rootbotz wins
  Trick 12: rootbotz leads KC, r2_d2 plays 7S -> rootbotz wins
  Hand: r2_d2 +28 / rootbotz +14 (tricks 9-3)
  Match total: r2_d2 104 - 87 rootbotz
  Final: r2_d2 104 - 87 rootbotz
  Winner: r2_d2

============================================================
Game 98
============================================================
Players: rootbotz vs r2_d2
Dealer: rootbotz  |  Elder: r2_d2
Match scores: 0 - 0
Talon (8): KC AC 7D JD 9H JH KH QS
rootbotz hand: 8C 9C 10C JC QC 8D 9D QD AH 8S KS AS
r2_d2 hand: 7C 10D KD AD 7H 8H 10H QH 7S 9S 10S JS
  Exchange r2_d2: discard 7C 7H 8H -> draw AC KH QS (talon 5 left)
  Exchange rootbotz: discard 8D 9D 8S KS -> draw KC 7D JD JH (talon 1 left)

--- Phase: declare ---
  Declare point: rootbotz wins 6 pts (('point', 6, 'C'))
  Declare sequence: rootbotz wins 11 pts (('sequence', 6, 13, 'C'))
  Declare set: rootbotz wins 3 pts (('set', 3, 11))

--- Phase: tricks ---
  Trick  1: r2_d2 leads AD, rootbotz plays 7D -> r2_d2 wins
  Trick  2: r2_d2 leads AC, rootbotz plays 8C -> r2_d2 wins
  Trick  3: r2_d2 leads KD, rootbotz plays JD -> r2_d2 wins
  Trick  4: r2_d2 leads QS, rootbotz plays AS -> rootbotz wins
  Trick  5: rootbotz leads AH, r2_d2 plays 10H -> rootbotz wins
  Trick  6: rootbotz leads 9C, r2_d2 plays 7S -> rootbotz wins
  Trick  7: rootbotz leads 10C, r2_d2 plays 9S -> rootbotz wins
  Trick  8: rootbotz leads JH, r2_d2 plays QH -> r2_d2 wins
  Trick  9: r2_d2 leads KH, rootbotz plays JC -> r2_d2 wins
  Trick 10: r2_d2 leads JS, rootbotz plays QD -> r2_d2 wins
  Trick 11: r2_d2 leads 10D, rootbotz plays QC -> r2_d2 wins
  Trick 12: r2_d2 leads 10S, rootbotz plays KC -> r2_d2 wins
  Hand: rootbotz +24 / r2_d2 +19 (tricks 4-8)
  Match total: rootbotz 24 - 19 r2_d2
Players: rootbotz vs r2_d2
Dealer: r2_d2  |  Elder: rootbotz
Match scores: 24 - 19
Talon (8): 10C JD 8H 10H 8S 9S 10S AS
rootbotz hand: 8C 9C JC QC 7D 9D 10D KD 9H JH AH 7S
r2_d2 hand: 7C KC AC 8D QD AD 7H QH KH JS QS KS
  Exchange rootbotz: discard 7D 9D 10D 9H 7S -> draw JD 8H 8S 10S AS (talon 3 left)
  Exchange r2_d2: discard 7C 8D 7H -> draw 10C 10H 9S (talon 0 left)

--- Phase: declare ---
  Declare point: r2_d2 wins 4 pts (('point', 4, 'S'))
  Declare sequence: r2_d2 wins 3 pts (('sequence', 3, 13, 'S'))
  Declare set: r2_d2 wins 3 pts (('set', 3, 13))

--- Phase: tricks ---
  Trick  1: rootbotz leads AS, r2_d2 plays 9S -> rootbotz wins
  Trick  2: rootbotz leads AH, r2_d2 plays 10H -> rootbotz wins
  Trick  3: rootbotz leads KD, r2_d2 plays AD -> r2_d2 wins
  Trick  4: r2_d2 leads AC, rootbotz plays 8C -> r2_d2 wins
  Trick  5: r2_d2 leads KS, rootbotz plays 8S -> r2_d2 wins
  Trick  6: r2_d2 leads KH, rootbotz plays 8H -> r2_d2 wins
  Trick  7: r2_d2 leads KC, rootbotz plays 9C -> r2_d2 wins
  Trick  8: r2_d2 leads QS, rootbotz plays 10S -> r2_d2 wins
  Trick  9: r2_d2 leads QD, rootbotz plays JD -> r2_d2 wins
  Trick 10: r2_d2 leads QH, rootbotz plays JH -> r2_d2 wins
  Trick 11: r2_d2 leads JS, rootbotz plays JC -> r2_d2 wins
  Trick 12: r2_d2 leads 10C, rootbotz plays QC -> rootbotz wins
  Hand: rootbotz +4 / r2_d2 +29 (tricks 3-9)
  Match total: rootbotz 28 - 48 r2_d2
Players: rootbotz vs r2_d2
Dealer: rootbotz  |  Elder: r2_d2
Match scores: 28 - 48
Talon (8): 9C QC 8D 7H 9H AH 7S 9S
rootbotz hand: 10C JC KC 7D 9D QD KD AD 8H 10H JH QH
r2_d2 hand: 7C 8C AC 10D JD KH 8S 10S JS QS KS AS
  Exchange r2_d2: discard 7C 8C 10D JD -> draw 9C 9H AH 9S (talon 4 left)
  Exchange rootbotz: discard 10C 8H 10H JH -> draw QC 8D 7H 7S (talon 0 left)

--- Phase: declare ---
  Declare point: r2_d2 wins 7 pts (('point', 7, 'S'))
  Declare sequence: r2_d2 wins 12 pts (('sequence', 7, 14, 'S'))
  Declare set: r2_d2 wins 3 pts (('set', 3, 14))

--- Phase: tricks ---
  Trick  1: r2_d2 leads AS, rootbotz plays 7S -> r2_d2 wins
  Trick  2: r2_d2 leads AH, rootbotz plays 7H -> r2_d2 wins
  Trick  3: r2_d2 leads AC, rootbotz plays JC -> r2_d2 wins
  Trick  4: r2_d2 leads KS, rootbotz plays 7D -> r2_d2 wins
  Trick  5: r2_d2 leads QS, rootbotz plays 8D -> r2_d2 wins
  Trick  6: r2_d2 leads KH, rootbotz plays QH -> r2_d2 wins
  Trick  7: r2_d2 leads JS, rootbotz plays 9D -> r2_d2 wins
  Trick  8: r2_d2 leads 10S, rootbotz plays QC -> r2_d2 wins
  Trick  9: r2_d2 leads 9S, rootbotz plays QD -> r2_d2 wins
  Trick 10: r2_d2 leads 9H, rootbotz plays KC -> r2_d2 wins
  Trick 11: r2_d2 leads 9C, rootbotz plays KD -> r2_d2 wins
  Trick 12: r2_d2 leads 8S, rootbotz plays AD -> r2_d2 wins
  Hand: rootbotz +0 / r2_d2 +105 (tricks 0-12)
  Match total: rootbotz 28 - 153 r2_d2
  Final: rootbotz 28 - 153 r2_d2
  Winner: r2_d2

============================================================
Game 99
============================================================
Players: r2_d2 vs rootbotz
Dealer: r2_d2  |  Elder: rootbotz
Match scores: 0 - 0
Talon (8): 8C 9H KH 7S 8S 9S 10S QS
r2_d2 hand: 10C AC 7D 8D JD KD 7H 8H JH QH AH KS
rootbotz hand: 7C 9C JC QC KC 9D 10D QD AD 10H JS AS
  Exchange rootbotz: discard 9D 10D QD 10H JS -> draw 9H KH 7S 9S 10S (talon 3 left)
  Exchange r2_d2: discard 10C 7D 8D -> draw 8C 8S QS (talon 0 left)

--- Phase: declare ---
  Declare sequence: rootbotz wins 3 pts (('sequence', 3, 13, 'C'))

--- Phase: tricks ---
  Trick  1: rootbotz leads AS, r2_d2 plays 8S -> rootbotz wins
  Trick  2: rootbotz leads AD, r2_d2 plays JD -> rootbotz wins
  Trick  3: rootbotz leads JC, r2_d2 plays AC -> r2_d2 wins
  Trick  4: r2_d2 leads AH, rootbotz plays 9H -> r2_d2 wins
  Trick  5: r2_d2 leads KS, rootbotz plays 7S -> r2_d2 wins
  Trick  6: r2_d2 leads KD, rootbotz plays 7C -> r2_d2 wins
  Trick  7: r2_d2 leads QS, rootbotz plays 9S -> r2_d2 wins
  Trick  8: r2_d2 leads QH, rootbotz plays KH -> rootbotz wins
  Trick  9: rootbotz leads 10S, r2_d2 plays 7H -> rootbotz wins
  Trick 10: rootbotz leads QC, r2_d2 plays 8C -> rootbotz wins
  Trick 11: rootbotz leads KC, r2_d2 plays 8H -> rootbotz wins
  Trick 12: rootbotz leads 9C, r2_d2 plays JH -> rootbotz wins
  Hand: r2_d2 +5 / rootbotz +21 (tricks 5-7)
  Match total: r2_d2 5 - 21 rootbotz
Players: r2_d2 vs rootbotz
Dealer: rootbotz  |  Elder: r2_d2
Match scores: 5 - 21
Talon (8): 10C QC KD JH AH 7S 9S JS
r2_d2 hand: 8C 9C JC 10D JD QD AD 8H 10H QS KS AS
rootbotz hand: 7C KC AC 7D 8D 9D 7H 9H QH KH 8S 10S
  Exchange r2_d2: discard 8C 9C JC 8H 10H -> draw 10C QC JH 7S JS (talon 3 left)
  Exchange rootbotz: discard 7C 7H 8S -> draw KD AH 9S (talon 0 left)

--- Phase: declare ---
  Declare point: r2_d2 wins 5 pts (('point', 5, 'S'))
  Declare sequence: r2_d2 wins 4 pts (('sequence', 4, 14, 'S'))
  Declare set: rootbotz wins 3 pts (('set', 3, 13))

--- Phase: tricks ---
  Trick  1: r2_d2 leads AS, rootbotz plays 9S -> r2_d2 wins
  Trick  2: r2_d2 leads AD, rootbotz plays 7D -> r2_d2 wins
  Trick  3: r2_d2 leads KS, rootbotz plays 10S -> r2_d2 wins
  Trick  4: r2_d2 leads QS, rootbotz plays 8D -> r2_d2 wins
  Trick  5: r2_d2 leads QD, rootbotz plays KD -> rootbotz wins
  Trick  6: rootbotz leads AH, r2_d2 plays JH -> rootbotz wins
  Trick  7: rootbotz leads AC, r2_d2 plays 10C -> rootbotz wins
  Trick  8: rootbotz leads 9H, r2_d2 plays 7S -> rootbotz wins
  Trick  9: rootbotz leads 9D, r2_d2 plays 10D -> r2_d2 wins
  Trick 10: r2_d2 leads QC, rootbotz plays KC -> rootbotz wins
  Trick 11: rootbotz leads QH, r2_d2 plays JD -> rootbotz wins
  Trick 12: rootbotz leads KH, r2_d2 plays JS -> rootbotz wins
  Hand: r2_d2 +14 / rootbotz +21 (tricks 5-7)
  Match total: r2_d2 19 - 42 rootbotz
Players: r2_d2 vs rootbotz
Dealer: r2_d2  |  Elder: rootbotz
Match scores: 19 - 42
Talon (8): JC AC AD 8H QH 8S 10S KS
r2_d2 hand: 7C 8C 9C 10C 7D 8D 7H 9H KH 9S JS AS
rootbotz hand: QC KC 9D 10D JD QD KD 10H JH AH 7S QS
  Exchange rootbotz: discard KC 10H 7S -> draw JC QH 10S (talon 5 left)
  Exchange r2_d2: discard 7D 8D 7H 9H 9S -> draw AC AD 8H 8S KS (talon 0 left)

--- Phase: declare ---
  Declare point: rootbotz wins 5 pts (('point', 5, 'D'))
  Declare sequence: rootbotz wins 10 pts (('sequence', 5, 13, 'D'))
  Declare set: r2_d2 wins 3 pts (('set', 3, 14))

--- Phase: tricks ---
  Trick  1: rootbotz leads AH, r2_d2 plays 8H -> rootbotz wins
  Trick  2: rootbotz leads JH, r2_d2 plays KH -> r2_d2 wins
  Trick  3: r2_d2 leads AC, rootbotz plays JC -> r2_d2 wins
  Trick  4: r2_d2 leads AS, rootbotz plays 10S -> r2_d2 wins
  Trick  5: r2_d2 leads AD, rootbotz plays 9D -> r2_d2 wins
  Trick  6: r2_d2 leads KS, rootbotz plays QS -> r2_d2 wins
  Trick  7: r2_d2 leads 10C, rootbotz plays QC -> rootbotz wins
  Trick  8: rootbotz leads 10D, r2_d2 plays 7C -> rootbotz wins
  Trick  9: rootbotz leads JD, r2_d2 plays 8C -> rootbotz wins
  Trick 10: rootbotz leads QD, r2_d2 plays 8S -> rootbotz wins
  Trick 11: rootbotz leads KD, r2_d2 plays 9C -> rootbotz wins
  Trick 12: rootbotz leads QH, r2_d2 plays JS -> rootbotz wins
  Hand: r2_d2 +8 / rootbotz +33 (tricks 5-7)
  Match total: r2_d2 27 - 75 rootbotz
Players: r2_d2 vs rootbotz
Dealer: rootbotz  |  Elder: r2_d2
Match scores: 27 - 75
Talon (8): JC QC 9D AD 8H KH JS AS
r2_d2 hand: 8C 10C QD KD QH AH 7S 8S 9S 10S QS KS
rootbotz hand: 7C 9C KC AC 7D 8D 10D JD 7H 9H 10H JH
  Exchange r2_d2: discard 8C 10C -> draw QC 8H (talon 6 left)
  Exchange rootbotz: discard 7C 9C 7D 8D JD -> draw JC 9D AD KH AS (talon 1 left)

--- Phase: declare ---
  Declare point: r2_d2 wins 6 pts (('point', 6, 'S'))
  Declare sequence: r2_d2 wins 4 pts (('sequence', 4, 10, 'S'))
  Declare set: rootbotz wins 3 pts (('set', 3, 14))

--- Phase: tricks ---
  Trick  1: r2_d2 leads AH, rootbotz plays 7H -> r2_d2 wins
  Trick  2: r2_d2 leads KS, rootbotz plays AS -> rootbotz wins
  Trick  3: rootbotz leads AD, r2_d2 plays QD -> rootbotz wins
  Trick  4: rootbotz leads AC, r2_d2 plays QC -> rootbotz wins
  Trick  5: rootbotz leads KH, r2_d2 plays 8H -> rootbotz wins
  Trick  6: rootbotz leads KC, r2_d2 plays 7S -> rootbotz wins
  Trick  7: rootbotz leads 9H, r2_d2 plays QH -> r2_d2 wins
  Trick  8: r2_d2 leads KD, rootbotz plays 9D -> r2_d2 wins
  Trick  9: r2_d2 leads QS, rootbotz plays 10D -> r2_d2 wins
  Trick 10: r2_d2 leads 10S, rootbotz plays 10H -> r2_d2 wins
  Trick 11: r2_d2 leads 9S, rootbotz plays JH -> r2_d2 wins
  Trick 12: r2_d2 leads 8S, rootbotz plays JC -> r2_d2 wins
  Hand: r2_d2 +28 / rootbotz +8 (tricks 7-5)
  Match total: r2_d2 55 - 83 rootbotz
Players: r2_d2 vs rootbotz
Dealer: r2_d2  |  Elder: rootbotz
Match scores: 55 - 83
Talon (8): 9C QC 9D KD AD 7H KH JS
r2_d2 hand: 7C 8C KC 7D 8D 10D JD 8H JH QH 9S KS
rootbotz hand: 10C JC AC QD 9H 10H AH 7S 8S 10S QS AS
  Exchange rootbotz: discard 10C JC 9H 10H 8S -> draw 9C 9D AD 7H KH (talon 3 left)
  Exchange r2_d2: discard 7C 8C 8H -> draw QC KD JS (talon 0 left)

--- Phase: declare ---
  Declare point: r2_d2 wins 5 pts (('point', 5, 'D'))
  Declare set: rootbotz wins 14 pts (('set', 4, 14))

--- Phase: tricks ---
  Trick  1: rootbotz leads AS, r2_d2 plays 9S -> rootbotz wins
  Trick  2: rootbotz leads AH, r2_d2 plays JH -> rootbotz wins
  Trick  3: rootbotz leads AD, r2_d2 plays 7D -> rootbotz wins
  Trick  4: rootbotz leads AC, r2_d2 plays QC -> rootbotz wins
  Trick  5: rootbotz leads KH, r2_d2 plays QH -> rootbotz wins
  Trick  6: rootbotz leads QS, r2_d2 plays KS -> r2_d2 wins
  Trick  7: r2_d2 leads KD, rootbotz plays 9D -> r2_d2 wins
  Trick  8: r2_d2 leads KC, rootbotz plays 9C -> r2_d2 wins
  Trick  9: r2_d2 leads JD, rootbotz plays QD -> rootbotz wins
  Trick 10: rootbotz leads 10S, r2_d2 plays JS -> r2_d2 wins
  Trick 11: r2_d2 leads 10D, rootbotz plays 7S -> r2_d2 wins
  Trick 12: r2_d2 leads 8D, rootbotz plays 7H -> r2_d2 wins
  Hand: r2_d2 +12 / rootbotz +20 (tricks 6-6)
  Match total: r2_d2 67 - 103 rootbotz
  Final: r2_d2 67 - 103 rootbotz
  Winner: rootbotz

============================================================
Game 100
============================================================
Players: rootbotz vs r2_d2
Dealer: rootbotz  |  Elder: r2_d2
Match scores: 0 - 0
Talon (8): 7C 9C 10C 10D JD 10S JS KS
rootbotz hand: 8C JC KC 8D QD AD 7H 9H 10H JH 9S QS
r2_d2 hand: QC AC 7D 9D KD 8H QH KH AH 7S 8S AS
  Exchange r2_d2: discard QC 7D 9D 7S 8S -> draw 9C 10C 10D 10S KS (talon 3 left)
  Exchange rootbotz: discard 8C 7H 9S -> draw 7C JD JS (talon 0 left)

--- Phase: declare ---
  Declare sequence: r2_d2 wins 3 pts (('sequence', 3, 14, 'H'))
  Declare set: r2_d2 wins 3 pts (('set', 3, 14))

--- Phase: tricks ---
  Trick  1: r2_d2 leads AH, rootbotz plays 9H -> r2_d2 wins
  Trick  2: r2_d2 leads AC, rootbotz plays 7C -> r2_d2 wins
  Trick  3: r2_d2 leads AS, rootbotz plays JS -> r2_d2 wins
  Trick  4: r2_d2 leads KH, rootbotz plays 10H -> r2_d2 wins
  Trick  5: r2_d2 leads KS, rootbotz plays QS -> r2_d2 wins
  Trick  6: r2_d2 leads QH, rootbotz plays JH -> r2_d2 wins
  Trick  7: r2_d2 leads KD, rootbotz plays AD -> rootbotz wins
  Trick  8: rootbotz leads 8D, r2_d2 plays 10D -> r2_d2 wins
  Trick  9: r2_d2 leads 10C, rootbotz plays JC -> rootbotz wins
  Trick 10: rootbotz leads JD, r2_d2 plays 8H -> rootbotz wins
  Trick 11: rootbotz leads QD, r2_d2 plays 9C -> rootbotz wins
  Trick 12: rootbotz leads KC, r2_d2 plays 10S -> rootbotz wins
  Hand: rootbotz +6 / r2_d2 +23 (tricks 5-7)
  Match total: rootbotz 6 - 23 r2_d2
Players: rootbotz vs r2_d2
Dealer: r2_d2  |  Elder: rootbotz
Match scores: 6 - 23
Talon (8): 9C JD QD 7H 8H 10H JS QS
rootbotz hand: 7C 8C 10C QC AC 7D 8D QH AH 8S KS AS
r2_d2 hand: JC KC 9D 10D KD AD 9H JH KH 7S 9S 10S
  Exchange rootbotz: discard 7D 8D QH 8S KS -> draw 9C JD 8H 10H QS (talon 3 left)
  Exchange r2_d2: discard 7S 9S 10S -> draw QD 7H JS (talon 0 left)

--- Phase: declare ---
  Declare point: rootbotz wins 6 pts (('point', 6, 'C'))
  Declare sequence: rootbotz wins 4 pts (('sequence', 4, 10, 'C'))
  Declare set: rootbotz wins 3 pts (('set', 3, 14))

--- Phase: tricks ---
  Trick  1: rootbotz leads AS, r2_d2 plays JS -> rootbotz wins
  Trick  2: rootbotz leads AH, r2_d2 plays 7H -> rootbotz wins
  Trick  3: rootbotz leads AC, r2_d2 plays JC -> rootbotz wins
  Trick  4: rootbotz leads QS, r2_d2 plays 9H -> rootbotz wins
  Trick  5: rootbotz leads QC, r2_d2 plays KC -> r2_d2 wins
  Trick  6: r2_d2 leads AD, rootbotz plays JD -> r2_d2 wins
  Trick  7: r2_d2 leads KD, rootbotz plays 7C -> r2_d2 wins
  Trick  8: r2_d2 leads QD, rootbotz plays 8H -> r2_d2 wins
  Trick  9: r2_d2 leads KH, rootbotz plays 10H -> r2_d2 wins
  Trick 10: r2_d2 leads 10D, rootbotz plays 8C -> r2_d2 wins
  Trick 11: r2_d2 leads JH, rootbotz plays 9C -> r2_d2 wins
  Trick 12: r2_d2 leads 9D, rootbotz plays 10C -> r2_d2 wins
  Hand: rootbotz +17 / r2_d2 +19 (tricks 4-8)
  Match total: rootbotz 23 - 42 r2_d2
Players: rootbotz vs r2_d2
Dealer: rootbotz  |  Elder: r2_d2
Match scores: 23 - 42
Talon (8): JC KC 8H 10H JH KH 7S QS
rootbotz hand: 8C 10C AC 8D 10D JD QD KD 7H 9H 9S 10S
r2_d2 hand: 7C 9C QC 7D 9D AD QH AH 8S JS KS AS
  Exchange r2_d2: discard 7C 9C QC 7D 9D -> draw JC 8H 10H KH QS (talon 3 left)
  Exchange rootbotz: discard 8C 7H 9S -> draw KC JH 7S (talon 0 left)

--- Phase: declare ---
  Declare point: r2_d2 wins 5 pts (('point', 5, 'H'))
  Declare sequence: r2_d2 wins 4 pts (('sequence', 4, 14, 'S'))
  Declare set: r2_d2 wins 3 pts (('set', 3, 14))

--- Phase: tricks ---
  Trick  1: r2_d2 leads AS, rootbotz plays 7S -> r2_d2 wins
  Trick  2: r2_d2 leads AH, rootbotz plays 9H -> r2_d2 wins
  Trick  3: r2_d2 leads AD, rootbotz plays 8D -> r2_d2 wins
  Trick  4: r2_d2 leads KS, rootbotz plays 10S -> r2_d2 wins
  Trick  5: r2_d2 leads KH, rootbotz plays JH -> r2_d2 wins
  Trick  6: r2_d2 leads QS, rootbotz plays 10C -> r2_d2 wins
  Trick  7: r2_d2 leads QH, rootbotz plays 10D -> r2_d2 wins
  Trick  8: r2_d2 leads JS, rootbotz plays JD -> r2_d2 wins
  Trick  9: r2_d2 leads 10H, rootbotz plays QD -> r2_d2 wins
  Trick 10: r2_d2 leads JC, rootbotz plays KC -> rootbotz wins
  Trick 11: rootbotz leads AC, r2_d2 plays 8H -> rootbotz wins
  Trick 12: rootbotz leads KD, r2_d2 plays 8S -> rootbotz wins
  Hand: rootbotz +4 / r2_d2 +31 (tricks 3-9)
  Match total: rootbotz 27 - 73 r2_d2
Players: rootbotz vs r2_d2
Dealer: r2_d2  |  Elder: rootbotz
Match scores: 27 - 73
Talon (8): 10C JC KC 7D AD 7H QH 10S
rootbotz hand: 7C 9C QC AC 8D 9D JD KD 8H AH 9S KS
r2_d2 hand: 8C 10D QD 9H 10H JH KH 7S 8S JS QS AS
  Exchange rootbotz: discard 7C 9C QC 8H 9S -> draw JC KC 7D AD QH (talon 3 left)
  Exchange r2_d2: discard 8C 10D QD -> draw 10C 7H 10S (talon 0 left)

--- Phase: declare ---
  Declare point: r2_d2 wins 6 pts (('point', 6, 'S'))
  Declare sequence: r2_d2 wins 3 pts (('sequence', 3, 12, 'S'))
  Declare set: rootbotz wins 3 pts (('set', 3, 14))

--- Phase: tricks ---
  Trick  1: rootbotz leads AH, r2_d2 plays 7H -> rootbotz wins
  Trick  2: rootbotz leads AD, r2_d2 plays 7S -> rootbotz wins
  Trick  3: rootbotz leads AC, r2_d2 plays 10C -> rootbotz wins
  Trick  4: rootbotz leads JC, r2_d2 plays 8S -> rootbotz wins
  Trick  5: rootbotz leads KD, r2_d2 plays 9H -> rootbotz wins
  Trick  6: rootbotz leads KC, r2_d2 plays 10H -> rootbotz wins
  Trick  7: rootbotz leads JD, r2_d2 plays 10S -> rootbotz wins
  Trick  8: rootbotz leads QH, r2_d2 plays KH -> r2_d2 wins
  Trick  9: r2_d2 leads AS, rootbotz plays KS -> r2_d2 wins
  Trick 10: r2_d2 leads QS, rootbotz plays 7D -> r2_d2 wins
  Trick 11: r2_d2 leads JH, rootbotz plays 8D -> r2_d2 wins
  Trick 12: r2_d2 leads JS, rootbotz plays 9D -> r2_d2 wins
  Hand: rootbotz +20 / r2_d2 +15 (tricks 7-5)
  Match total: rootbotz 47 - 88 r2_d2
Players: rootbotz vs r2_d2
Dealer: rootbotz  |  Elder: r2_d2
Match scores: 47 - 88
Talon (8): 10C AC 7D 8D 9H 10H KH 9S
rootbotz hand: 8C QC KC 9D QD 7H QH AH 7S 10S JS AS
r2_d2 hand: 7C 9C JC 10D JD KD AD 8H JH 8S QS KS
  Exchange r2_d2: discard 7C 9C 8H 8S QS -> draw 10C AC 7D 9H 9S (talon 3 left)
  Exchange rootbotz: discard 8C 7H 7S -> draw 8D 10H KH (talon 0 left)

--- Phase: declare ---
  Declare point: r2_d2 wins 5 pts (('point', 5, 'D'))
  Declare sequence: rootbotz wins 3 pts (('sequence', 3, 14, 'H'))
  Declare set: rootbotz wins 3 pts (('set', 3, 12))

--- Phase: tricks ---
  Trick  1: r2_d2 leads AD, rootbotz plays 8D -> r2_d2 wins
  Trick  2: r2_d2 leads AC, rootbotz plays QC -> r2_d2 wins
  Trick  3: r2_d2 leads KD, rootbotz plays 9D -> r2_d2 wins
  Trick  4: r2_d2 leads JD, rootbotz plays QD -> rootbotz wins
  Trick  5: rootbotz leads AS, r2_d2 plays 9S -> rootbotz wins
  Trick  6: rootbotz leads AH, r2_d2 plays 9H -> rootbotz wins
  Trick  7: rootbotz leads QH, r2_d2 plays JH -> rootbotz wins
  Trick  8: rootbotz leads KH, r2_d2 plays 7D -> rootbotz wins
  Trick  9: rootbotz leads KC, r2_d2 plays 10C -> rootbotz wins
  Trick 10: rootbotz leads 10S, r2_d2 plays KS -> r2_d2 wins
  Trick 11: r2_d2 leads JC, rootbotz plays 10H -> r2_d2 wins
  Trick 12: r2_d2 leads 10D, rootbotz plays JS -> r2_d2 wins
  Hand: rootbotz +12 / r2_d2 +12 (tricks 6-6)
  Match total: rootbotz 59 - 100 r2_d2
  Final: rootbotz 59 - 100 r2_d2
  Winner: r2_d2
