
============================================================
Game 1
============================================================
Players: rootbotz vs teambinary
Dealer: rootbotz  |  Elder: teambinary
Match scores: 0 - 0
Talon (8): KC AC 8D QD 8H KH 8S AS
rootbotz hand: 7C 8C 9C 9D JD KD AD 10H JH QH 9S JS
teambinary hand: 10C JC QC 7D 10D 7H 9H AH 7S 10S QS KS
  Exchange teambinary: discard 7D 7H 9H 7S -> draw KC AC 8D 8H (talon 4 left)
  Exchange rootbotz: discard 7C 8C 9C 9S -> draw QD KH 8S AS (talon 0 left)

--- Phase: declare ---
  Declare point: teambinary wins 5 pts (('point', 5, 'C'))
  Declare sequence: teambinary wins 10 pts (('sequence', 5, 14, 'C'))
  Declare set: rootbotz wins 3 pts (('set', 3, 11))

--- Phase: tricks ---
  Trick  1: teambinary leads AH, rootbotz plays 10H -> teambinary wins
  Trick  2: teambinary leads AC, rootbotz plays 8S -> teambinary wins
  Trick  3: teambinary leads KC, rootbotz plays 9D -> teambinary wins
  Trick  4: teambinary leads KS, rootbotz plays AS -> rootbotz wins
  Trick  5: rootbotz leads AD, teambinary plays 8D -> rootbotz wins
  Trick  6: rootbotz leads JS, teambinary plays QS -> teambinary wins
  Trick  7: teambinary leads QC, rootbotz plays JH -> teambinary wins
  Trick  8: teambinary leads JC, rootbotz plays JD -> teambinary wins
  Trick  9: teambinary leads 10D, rootbotz plays QD -> rootbotz wins
  Trick 10: rootbotz leads QH, teambinary plays 8H -> rootbotz wins
  Trick 11: rootbotz leads KH, teambinary plays 10C -> rootbotz wins
  Trick 12: rootbotz leads KD, teambinary plays 10S -> rootbotz wins
  Hand: rootbotz +10 / teambinary +21 (tricks 6-6)
  Match total: rootbotz 10 - 21 teambinary
Players: rootbotz vs teambinary
Dealer: teambinary  |  Elder: rootbotz
Match scores: 10 - 21
Talon (8): 7C JC QC JD 7H 10H JH 9S
rootbotz hand: 8C 9C AC 7D QD AD 9H QH KH AH 8S 10S
teambinary hand: 10C KC 8D 9D 10D KD 8H 7S JS QS KS AS
  Exchange rootbotz: discard 8C 9C 7D 9H 8S -> draw 7C QC JD 10H 9S (talon 3 left)
  Exchange teambinary: discard 8H 7S -> draw JC 7H (talon 1 left)

--- Phase: declare ---
  Declare sequence: teambinary wins 4 pts (('sequence', 4, 14, 'S'))
  Declare set: rootbotz wins 3 pts (('set', 3, 14))

--- Phase: tricks ---
  Trick  1: rootbotz leads AH, teambinary plays 7H -> rootbotz wins
  Trick  2: rootbotz leads AD, teambinary plays 8D -> rootbotz wins
  Trick  3: rootbotz leads AC, teambinary plays 10C -> rootbotz wins
  Trick  4: rootbotz leads QH, teambinary plays 9D -> rootbotz wins
  Trick  5: rootbotz leads KH, teambinary plays 10D -> rootbotz wins
  Trick  6: rootbotz leads 10H, teambinary plays JC -> rootbotz wins
  Trick  7: rootbotz leads JD, teambinary plays KD -> teambinary wins
  Trick  8: teambinary leads AS, rootbotz plays 9S -> teambinary wins
  Trick  9: teambinary leads KS, rootbotz plays 10S -> teambinary wins
  Trick 10: teambinary leads QS, rootbotz plays 7C -> teambinary wins
  Trick 11: teambinary leads KC, rootbotz plays QC -> teambinary wins
  Trick 12: teambinary leads JS, rootbotz plays QD -> teambinary wins
  Hand: rootbotz +9 / teambinary +11 (tricks 6-6)
  Match total: rootbotz 19 - 32 teambinary
Players: rootbotz vs teambinary
Dealer: rootbotz  |  Elder: teambinary
Match scores: 19 - 32
Talon (8): 10C QC 10D JD AD 8H 9S 10S
rootbotz hand: 8C 9C 9D QD 7H 9H 10H JH 7S JS QS KS
teambinary hand: 7C JC KC AC 7D 8D KD QH KH AH 8S AS
  Exchange teambinary: discard 7C 7D 8D 8S -> draw 10C 10D 9S 10S (talon 4 left)
  Exchange rootbotz: discard 8C 9C 9D 7S -> draw QC JD AD 8H (talon 0 left)

--- Phase: declare ---
  Declare point: rootbotz wins 5 pts (('point', 5, 'H'))
  Declare sequence: rootbotz wins 10 pts (('sequence', 5, 11, 'H'))
  Declare set: teambinary wins 3 pts (('set', 3, 14))

--- Phase: tricks ---
  Trick  1: teambinary leads AS, rootbotz plays JS -> teambinary wins
  Trick  2: teambinary leads AH, rootbotz plays 7H -> teambinary wins
  Trick  3: teambinary leads AC, rootbotz plays QC -> teambinary wins
  Trick  4: teambinary leads KC, rootbotz plays 8H -> teambinary wins
  Trick  5: teambinary leads JC, rootbotz plays 9H -> teambinary wins
  Trick  6: teambinary leads KH, rootbotz plays 10H -> teambinary wins
  Trick  7: teambinary leads KD, rootbotz plays AD -> rootbotz wins
  Trick  8: rootbotz leads JD, teambinary plays 10D -> rootbotz wins
  Trick  9: rootbotz leads QD, teambinary plays 9S -> rootbotz wins
  Trick 10: rootbotz leads JH, teambinary plays QH -> teambinary wins
  Trick 11: teambinary leads 10C, rootbotz plays QS -> teambinary wins
  Trick 12: teambinary leads 10S, rootbotz plays KS -> rootbotz wins
  Hand: rootbotz +20 / teambinary +21 (tricks 4-8)
  Match total: rootbotz 39 - 53 teambinary
Players: rootbotz vs teambinary
Dealer: teambinary  |  Elder: rootbotz
Match scores: 39 - 53
Talon (8): 9C QC JD AD 7H 8H JH QH
rootbotz hand: 7C JC KC 7D 9D 10H KH 8S 9S QS KS AS
teambinary hand: 8C 10C AC 8D 10D QD KD 9H AH 7S 10S JS
  Exchange rootbotz: discard 7C 7D 9D 10H 8S -> draw 9C QC JD AD 7H (talon 3 left)
  Exchange teambinary: discard 8C 9H 7S -> draw 8H JH QH (talon 0 left)

--- Phase: declare ---
  Declare point: rootbotz wins 4 pts (('point', 4, 'S'))
  Declare sequence: rootbotz wins 3 pts (('sequence', 3, 14, 'S'))
  Declare set: rootbotz wins 3 pts (('set', 3, 13))

--- Phase: tricks ---
  Trick  1: rootbotz leads AS, teambinary plays 10S -> rootbotz wins
  Trick  2: rootbotz leads AD, teambinary plays 8D -> rootbotz wins
  Trick  3: rootbotz leads QS, teambinary plays JS -> rootbotz wins
  Trick  4: rootbotz leads KS, teambinary plays 8H -> rootbotz wins
  Trick  5: rootbotz leads JC, teambinary plays AC -> teambinary wins
  Trick  6: teambinary leads AH, rootbotz plays 7H -> teambinary wins
  Trick  7: teambinary leads KD, rootbotz plays JD -> teambinary wins
  Trick  8: teambinary leads QD, rootbotz plays 9S -> teambinary wins
  Trick  9: teambinary leads QH, rootbotz plays KH -> rootbotz wins
  Trick 10: rootbotz leads QC, teambinary plays 10C -> rootbotz wins
  Trick 11: rootbotz leads KC, teambinary plays 10D -> rootbotz wins
  Trick 12: rootbotz leads 9C, teambinary plays JH -> rootbotz wins
  Hand: rootbotz +29 / teambinary +4 (tricks 8-4)
  Match total: rootbotz 68 - 57 teambinary
Players: rootbotz vs teambinary
Dealer: rootbotz  |  Elder: teambinary
Match scores: 68 - 57
Talon (8): 9H 10H KH 7S 9S 10S KS AS
rootbotz hand: 7C QC AC 7D 8D JD KD AD 7H QH AH JS
teambinary hand: 8C 9C 10C JC KC 9D 10D QD 8H JH 8S QS
  Exchange teambinary: discard 9D 8H 8S -> draw 10H KH AS (talon 5 left)
  Exchange rootbotz: discard 7C QC 7D 7H JS -> draw 9H 7S 9S 10S KS (talon 0 left)

--- Phase: declare ---
  Declare point: teambinary wins 5 pts (('point', 5, 'C'))
  Declare sequence: teambinary wins 4 pts (('sequence', 4, 11, 'C'))
  Declare set: rootbotz wins 3 pts (('set', 3, 14))

--- Phase: tricks ---
  Trick  1: teambinary leads AS, rootbotz plays 7S -> teambinary wins
  Trick  2: teambinary leads KC, rootbotz plays AC -> rootbotz wins
  Trick  3: rootbotz leads AH, teambinary plays 10H -> rootbotz wins
  Trick  4: rootbotz leads AD, teambinary plays 10D -> rootbotz wins
  Trick  5: rootbotz leads KS, teambinary plays QS -> rootbotz wins
  Trick  6: rootbotz leads KD, teambinary plays QD -> rootbotz wins
  Trick  7: rootbotz leads 9S, teambinary plays 8C -> rootbotz wins
  Trick  8: rootbotz leads 10S, teambinary plays 9C -> rootbotz wins
  Trick  9: rootbotz leads JD, teambinary plays 10C -> rootbotz wins
  Trick 10: rootbotz leads QH, teambinary plays KH -> teambinary wins
  Trick 11: teambinary leads JH, rootbotz plays 9H -> teambinary wins
  Trick 12: teambinary leads JC, rootbotz plays 8D -> teambinary wins
  Hand: rootbotz +21 / teambinary +14 (tricks 8-4)
  Match total: rootbotz 89 - 71 teambinary
Players: rootbotz vs teambinary
Dealer: teambinary  |  Elder: rootbotz
Match scores: 89 - 71
Talon (8): 8C 9C QC AC 8H KH 10S JS
rootbotz hand: 7C 7D 9D 10D 9H QH AH 7S 8S 9S KS AS
teambinary hand: 10C JC KC 8D JD QD KD AD 7H 10H JH QS
  Exchange rootbotz: discard 7C 7D 10D 9H QH -> draw 8C AC 8H KH JS (talon 3 left)
  Exchange teambinary: discard 8D 7H -> draw 9C QC (talon 1 left)

--- Phase: declare ---
  Declare point: rootbotz wins 6 pts (('point', 6, 'S'))
  Declare sequence: teambinary wins 10 pts (('sequence', 5, 13, 'C'))
  Declare set: rootbotz wins 3 pts (('set', 3, 14))

--- Phase: tricks ---
  Trick  1: rootbotz leads AS, teambinary plays QS -> rootbotz wins
  Trick  2: rootbotz leads AH, teambinary plays 10H -> rootbotz wins
  Trick  3: rootbotz leads AC, teambinary plays 9C -> rootbotz wins
  Trick  4: rootbotz leads KS, teambinary plays 10C -> rootbotz wins
  Trick  5: rootbotz leads KH, teambinary plays JH -> rootbotz wins
  Trick  6: rootbotz leads JS, teambinary plays JC -> rootbotz wins
  Trick  7: rootbotz leads 7S, teambinary plays JD -> rootbotz wins
  Trick  8: rootbotz leads 8S, teambinary plays QC -> rootbotz wins
  Trick  9: rootbotz leads 8H, teambinary plays QD -> rootbotz wins
  Trick 10: rootbotz leads 9S, teambinary plays KC -> rootbotz wins
  Trick 11: rootbotz leads 9D, teambinary plays KD -> teambinary wins
  Trick 12: teambinary leads AD, rootbotz plays 8C -> teambinary wins
  Hand: rootbotz +29 / teambinary +13 (tricks 10-2)
  Match total: rootbotz 118 - 84 teambinary
  Final: rootbotz 118 - 84 teambinary
  Winner: rootbotz

============================================================
Game 2
============================================================
Players: teambinary vs rootbotz
Dealer: teambinary  |  Elder: rootbotz
Match scores: 0 - 0
Talon (8): AC 8D JD KD 9H QH 7S QS
teambinary hand: 10C JC QC 9D 10D QD JH KH AH 9S KS AS
rootbotz hand: 7C 8C 9C KC 7D AD 7H 8H 10H 8S 10S JS
  Exchange rootbotz: discard 7D 7H 8H 8S JS -> draw AC 8D JD KD 7S (talon 3 left)
  Exchange teambinary: discard 9D 9S -> draw 9H QS (talon 1 left)

--- Phase: declare ---
  Declare point: rootbotz wins 5 pts (('point', 5, 'C'))
  Declare sequence: teambinary wins 3 pts (('sequence', 3, 14, 'S'))
  Declare set: teambinary wins 3 pts (('set', 3, 12))

--- Phase: tricks ---
  Trick  1: rootbotz leads AD, teambinary plays 10D -> rootbotz wins
  Trick  2: rootbotz leads AC, teambinary plays 10C -> rootbotz wins
  Trick  3: rootbotz leads KD, teambinary plays QD -> rootbotz wins
  Trick  4: rootbotz leads KC, teambinary plays JC -> rootbotz wins
  Trick  5: rootbotz leads JD, teambinary plays 9H -> rootbotz wins
  Trick  6: rootbotz leads 7C, teambinary plays QC -> teambinary wins
  Trick  7: teambinary leads AH, rootbotz plays 10H -> teambinary wins
  Trick  8: teambinary leads AS, rootbotz plays 7S -> teambinary wins
  Trick  9: teambinary leads KS, rootbotz plays 10S -> teambinary wins
  Trick 10: teambinary leads KH, rootbotz plays 8D -> teambinary wins
  Trick 11: teambinary leads JH, rootbotz plays 8C -> teambinary wins
  Trick 12: teambinary leads QS, rootbotz plays 9C -> teambinary wins
  Hand: teambinary +24 / rootbotz +10 (tricks 7-5)
  Match total: teambinary 24 - 10 rootbotz
Players: teambinary vs rootbotz
Dealer: rootbotz  |  Elder: teambinary
Match scores: 24 - 10
Talon (8): 7C 8C KC 10D KD JH 7S 8S
teambinary hand: JC 7D 8D JD QD AD 8H 9H 10H AH 10S KS
rootbotz hand: 9C 10C QC AC 9D 7H QH KH 9S JS QS AS
  Exchange teambinary: discard 7D 8D -> draw 8C KC (talon 6 left)
  Exchange rootbotz: discard 9D KH 9S JS -> draw 10D JH 7S 8S (talon 2 left)

--- Phase: declare ---
  Declare point: rootbotz wins 4 pts (('point', 4, 'C'))
  Declare sequence: teambinary wins 3 pts (('sequence', 3, 10, 'H'))
  Declare set: rootbotz wins 3 pts (('set', 3, 12))

--- Phase: tricks ---
  Trick  1: teambinary leads AD, rootbotz plays 10D -> teambinary wins
  Trick  2: teambinary leads AH, rootbotz plays 7H -> teambinary wins
  Trick  3: teambinary leads 10H, rootbotz plays JH -> rootbotz wins
  Trick  4: rootbotz leads AS, teambinary plays 10S -> rootbotz wins
  Trick  5: rootbotz leads AC, teambinary plays 8C -> rootbotz wins
  Trick  6: rootbotz leads QH, teambinary plays 8H -> rootbotz wins
  Trick  7: rootbotz leads QS, teambinary plays KS -> teambinary wins
  Trick  8: teambinary leads QD, rootbotz plays 7S -> teambinary wins
  Trick  9: teambinary leads KC, rootbotz plays 9C -> teambinary wins
  Trick 10: teambinary leads JC, rootbotz plays QC -> rootbotz wins
  Trick 11: rootbotz leads 8S, teambinary plays 9H -> rootbotz wins
  Trick 12: rootbotz leads 10C, teambinary plays JD -> rootbotz wins
  Hand: teambinary +8 / rootbotz +25 (tricks 5-7)
  Match total: teambinary 32 - 35 rootbotz
Players: teambinary vs rootbotz
Dealer: teambinary  |  Elder: rootbotz
Match scores: 32 - 35
Talon (8): 9C 10C 9D QD 7H JH 9S AS
teambinary hand: JC AC 7D 8D 10D JD KD AD 9H 10H QH 7S
rootbotz hand: 7C 8C QC KC 8H KH AH 8S 10S JS QS KS
  Exchange rootbotz: discard 7C 8C QC 8H -> draw 9C 10C QD 7H (talon 4 left)
  Exchange teambinary: discard 7D 8D 9H 7S -> draw 9D JH 9S AS (talon 0 left)

--- Phase: declare ---
  Declare point: teambinary wins 5 pts (('point', 5, 'D'))
  Declare sequence: rootbotz wins 4 pts (('sequence', 4, 13, 'S'))
  Declare set: teambinary wins 3 pts (('set', 3, 14))

--- Phase: tricks ---
  Trick  1: rootbotz leads AH, teambinary plays 10H -> rootbotz wins
  Trick  2: rootbotz leads KH, teambinary plays JH -> rootbotz wins
  Trick  3: rootbotz leads 10S, teambinary plays AS -> teambinary wins
  Trick  4: teambinary leads AD, rootbotz plays QD -> teambinary wins
  Trick  5: teambinary leads AC, rootbotz plays 9C -> teambinary wins
  Trick  6: teambinary leads KD, rootbotz plays 7H -> teambinary wins
  Trick  7: teambinary leads JD, rootbotz plays 8S -> teambinary wins
  Trick  8: teambinary leads 10D, rootbotz plays 10C -> teambinary wins
  Trick  9: teambinary leads QH, rootbotz plays JS -> teambinary wins
  Trick 10: teambinary leads JC, rootbotz plays KC -> rootbotz wins
  Trick 11: rootbotz leads QS, teambinary plays 9S -> rootbotz wins
  Trick 12: rootbotz leads KS, teambinary plays 9D -> rootbotz wins
  Hand: teambinary +25 / rootbotz +10 (tricks 7-5)
  Match total: teambinary 57 - 45 rootbotz
Players: teambinary vs rootbotz
Dealer: rootbotz  |  Elder: teambinary
Match scores: 57 - 45
Talon (8): 8C JC 9D KD 9H QH 9S AS
teambinary hand: 9C QC KC AC 7D JD QD 7H 8H 7S 8S QS
rootbotz hand: 7C 10C 8D 10D AD 10H JH KH AH 10S JS KS
  Exchange teambinary: discard 7D 7H 8H 7S 8S -> draw 8C JC KD 9S AS (talon 3 left)
  Exchange rootbotz: discard AD JS KS -> draw 9D 9H QH (talon 0 left)

--- Phase: declare ---
  Declare point: rootbotz wins 6 pts (('point', 6, 'H'))
  Declare sequence: rootbotz wins 11 pts (('sequence', 6, 14, 'H'))
  Declare set: teambinary wins 3 pts (('set', 3, 12))

--- Phase: tricks ---
  Trick  1: teambinary leads AC, rootbotz plays 7C -> teambinary wins
  Trick  2: teambinary leads AS, rootbotz plays 10S -> teambinary wins
  Trick  3: teambinary leads KC, rootbotz plays 10C -> teambinary wins
  Trick  4: teambinary leads QC, rootbotz plays 8D -> teambinary wins
  Trick  5: teambinary leads KD, rootbotz plays 9D -> teambinary wins
  Trick  6: teambinary leads JC, rootbotz plays 9H -> teambinary wins
  Trick  7: teambinary leads QD, rootbotz plays 10D -> teambinary wins
  Trick  8: teambinary leads 9C, rootbotz plays 10H -> teambinary wins
  Trick  9: teambinary leads QS, rootbotz plays JH -> teambinary wins
  Trick 10: teambinary leads JD, rootbotz plays QH -> teambinary wins
  Trick 11: teambinary leads 9S, rootbotz plays KH -> teambinary wins
  Trick 12: teambinary leads 8C, rootbotz plays AH -> teambinary wins
  Hand: teambinary +86 / rootbotz +17 (tricks 12-0)
  Match total: teambinary 143 - 62 rootbotz
  Final: teambinary 143 - 62 rootbotz
  Winner: teambinary

============================================================
Game 3
============================================================
Players: rootbotz vs teambinary
Dealer: rootbotz  |  Elder: teambinary
Match scores: 0 - 0
Talon (8): 8C AC AD 10H QH KH 10S AS
rootbotz hand: 7C 10C 7D 8D QD KD 8H 9H 7S 8S JS QS
teambinary hand: 9C JC QC KC 9D 10D JD 7H JH AH 9S KS
  Exchange teambinary: discard 9C 7H 9S -> draw AC 10S AS (talon 5 left)
  Exchange rootbotz: discard 7C 10C 8H 9H 7S -> draw 8C AD 10H QH KH (talon 0 left)

--- Phase: declare ---
  Declare point: rootbotz wins 5 pts (('point', 5, 'D'))
  Declare sequence: teambinary wins 4 pts (('sequence', 4, 14, 'C'))
  Declare set: teambinary wins 3 pts (('set', 3, 14))

--- Phase: tricks ---
  Trick  1: teambinary leads AH, rootbotz plays 10H -> teambinary wins
  Trick  2: teambinary leads AC, rootbotz plays 8C -> teambinary wins
  Trick  3: teambinary leads AS, rootbotz plays 8S -> teambinary wins
  Trick  4: teambinary leads JD, rootbotz plays QD -> rootbotz wins
  Trick  5: rootbotz leads AD, teambinary plays 9D -> rootbotz wins
  Trick  6: rootbotz leads KD, teambinary plays 10D -> rootbotz wins
  Trick  7: rootbotz leads 7D, teambinary plays 10S -> rootbotz wins
  Trick  8: rootbotz leads 8D, teambinary plays JC -> rootbotz wins
  Trick  9: rootbotz leads JS, teambinary plays KS -> teambinary wins
  Trick 10: teambinary leads KC, rootbotz plays QS -> teambinary wins
  Trick 11: teambinary leads QC, rootbotz plays QH -> teambinary wins
  Trick 12: teambinary leads JH, rootbotz plays KH -> rootbotz wins
  Hand: rootbotz +12 / teambinary +13 (tricks 6-6)
  Match total: rootbotz 12 - 13 teambinary
Players: rootbotz vs teambinary
Dealer: teambinary  |  Elder: rootbotz
Match scores: 12 - 13
Talon (8): 7C AC JD 10H JH KH 9S KS
rootbotz hand: 9C 10C KC 8D QD KD AD 7H 7S 8S 10S JS
teambinary hand: 8C JC QC 7D 9D 10D 8H 9H QH AH QS AS
  Exchange rootbotz: discard 9C 7H 7S 8S 10S -> draw AC 10H KH 9S KS (talon 3 left)
  Exchange teambinary: discard 8C 7D 8H -> draw 7C JD JH (talon 0 left)

--- Phase: declare ---
  Declare point: teambinary wins 4 pts (('point', 4, 'H'))
  Declare sequence: rootbotz wins 3 pts (('sequence', 3, 14, 'D'))
  Declare set: rootbotz wins 14 pts (('set', 4, 13))

--- Phase: tricks ---
  Trick  1: rootbotz leads AD, teambinary plays 9D -> rootbotz wins
  Trick  2: rootbotz leads AC, teambinary plays 7C -> rootbotz wins
  Trick  3: rootbotz leads QD, teambinary plays 10D -> rootbotz wins
  Trick  4: rootbotz leads KD, teambinary plays JD -> rootbotz wins
  Trick  5: rootbotz leads KC, teambinary plays JC -> rootbotz wins
  Trick  6: rootbotz leads KS, teambinary plays AS -> teambinary wins
  Trick  7: teambinary leads AH, rootbotz plays 10H -> teambinary wins
  Trick  8: teambinary leads QH, rootbotz plays KH -> rootbotz wins
  Trick  9: rootbotz leads 9S, teambinary plays QS -> teambinary wins
  Trick 10: teambinary leads JH, rootbotz plays 8D -> teambinary wins
  Trick 11: teambinary leads 9H, rootbotz plays 10C -> teambinary wins
  Trick 12: teambinary leads QC, rootbotz plays JS -> teambinary wins
  Hand: rootbotz +23 / teambinary +11 (tricks 6-6)
  Match total: rootbotz 35 - 24 teambinary
Players: rootbotz vs teambinary
Dealer: rootbotz  |  Elder: teambinary
Match scores: 35 - 24
Talon (8): 8D JD 10H JH 8S 9S JS QS
rootbotz hand: 8C 9C 10C JC QC 10D QD AD 7H 9H KH 7S
teambinary hand: 7C KC AC 7D 9D KD 8H QH AH 10S KS AS
  Exchange teambinary: discard 7C 7D 9D 8H -> draw 8D JD 10H JS (talon 4 left)
  Exchange rootbotz: discard 7H 9H KH 7S -> draw JH 8S 9S QS (talon 0 left)

--- Phase: declare ---
  Declare point: rootbotz wins 5 pts (('point', 5, 'C'))
  Declare sequence: rootbotz wins 10 pts (('sequence', 5, 12, 'C'))
  Declare set: teambinary wins 3 pts (('set', 3, 14))

--- Phase: tricks ---
  Trick  1: teambinary leads AH, rootbotz plays JH -> teambinary wins
  Trick  2: teambinary leads AC, rootbotz plays 8C -> teambinary wins
  Trick  3: teambinary leads AS, rootbotz plays 8S -> teambinary wins
  Trick  4: teambinary leads KS, rootbotz plays 9S -> teambinary wins
  Trick  5: teambinary leads KD, rootbotz plays AD -> rootbotz wins
  Trick  6: rootbotz leads QD, teambinary plays 8D -> rootbotz wins
  Trick  7: rootbotz leads 10D, teambinary plays JD -> teambinary wins
  Trick  8: teambinary leads QH, rootbotz plays 9C -> teambinary wins
  Trick  9: teambinary leads JS, rootbotz plays QS -> rootbotz wins
  Trick 10: rootbotz leads 10C, teambinary plays KC -> teambinary wins
  Trick 11: teambinary leads 10S, rootbotz plays JC -> teambinary wins
  Trick 12: teambinary leads 10H, rootbotz plays QC -> teambinary wins
  Hand: rootbotz +18 / teambinary +23 (tricks 3-9)
  Match total: rootbotz 53 - 47 teambinary
Players: rootbotz vs teambinary
Dealer: teambinary  |  Elder: rootbotz
Match scores: 53 - 47
Talon (8): JC 10D 8H 10H JH QH AH 8S
rootbotz hand: 7C 10C 7D 9D AD 7H KH 10S JS QS KS AS
teambinary hand: 8C 9C QC KC AC 8D JD QD KD 9H 7S 9S
  Exchange rootbotz: discard 7C 10C 7D 9D -> draw 10D 8H JH 8S (talon 4 left)
  Exchange teambinary: discard 8D 9H 7S 9S -> draw JC 10H QH AH (talon 0 left)

--- Phase: declare ---
  Declare point: rootbotz wins 6 pts (('point', 6, 'S'))
  Declare sequence: rootbotz wins 10 pts (('sequence', 5, 14, 'S'))
  Declare set: teambinary wins 3 pts (('set', 3, 12))

--- Phase: tricks ---
  Trick  1: rootbotz leads AS, teambinary plays 8C -> rootbotz wins
  Trick  2: rootbotz leads AD, teambinary plays JD -> rootbotz wins
  Trick  3: rootbotz leads 10S, teambinary plays 9C -> rootbotz wins
  Trick  4: rootbotz leads JS, teambinary plays 10H -> rootbotz wins
  Trick  5: rootbotz leads QS, teambinary plays JC -> rootbotz wins
  Trick  6: rootbotz leads KS, teambinary plays QC -> rootbotz wins
  Trick  7: rootbotz leads 8S, teambinary plays QD -> rootbotz wins
  Trick  8: rootbotz leads KH, teambinary plays AH -> teambinary wins
  Trick  9: teambinary leads AC, rootbotz plays 7H -> teambinary wins
  Trick 10: teambinary leads KD, rootbotz plays 10D -> teambinary wins
  Trick 11: teambinary leads KC, rootbotz plays 8H -> teambinary wins
  Trick 12: teambinary leads QH, rootbotz plays JH -> teambinary wins
  Hand: rootbotz +33 / teambinary +9 (tricks 7-5)
  Match total: rootbotz 86 - 56 teambinary
Players: rootbotz vs teambinary
Dealer: rootbotz  |  Elder: teambinary
Match scores: 86 - 56
Talon (8): QC 9D QD 8H 9H 10H AH JS
rootbotz hand: 7C 9C 8D 10D KD JH QH 7S 8S 9S 10S KS
teambinary hand: 8C 10C JC KC AC 7D JD AD 7H KH QS AS
  Exchange teambinary: discard 8C 7D 7H -> draw QC QD JS (talon 5 left)
  Exchange rootbotz: discard 7C 9C 8D 10D QH -> draw 9D 8H 9H 10H AH (talon 0 left)

--- Phase: declare ---
  Declare point: teambinary wins 5 pts (('point', 5, 'C'))
  Declare sequence: teambinary wins 10 pts (('sequence', 5, 14, 'C'))
  Declare set: teambinary wins 3 pts (('set', 3, 14))

--- Phase: tricks ---
  Trick  1: teambinary leads AD, rootbotz plays 9D -> teambinary wins
  Trick  2: teambinary leads AC, rootbotz plays 7S -> teambinary wins
  Trick  3: teambinary leads AS, rootbotz plays 8S -> teambinary wins
  Trick  4: teambinary leads KC, rootbotz plays 8H -> teambinary wins
  Trick  5: teambinary leads QC, rootbotz plays 9S -> teambinary wins
  Trick  6: teambinary leads QD, rootbotz plays KD -> rootbotz wins
  Trick  7: rootbotz leads AH, teambinary plays KH -> rootbotz wins
  Trick  8: rootbotz leads 9H, teambinary plays 10C -> rootbotz wins
  Trick  9: rootbotz leads 10H, teambinary plays JC -> rootbotz wins
  Trick 10: rootbotz leads JH, teambinary plays JD -> rootbotz wins
  Trick 11: rootbotz leads 10S, teambinary plays JS -> teambinary wins
  Trick 12: teambinary leads QS, rootbotz plays KS -> rootbotz wins
  Hand: rootbotz +7 / teambinary +24 (tricks 6-6)
  Match total: rootbotz 93 - 80 teambinary
Players: rootbotz vs teambinary
Dealer: teambinary  |  Elder: rootbotz
Match scores: 93 - 80
Talon (8): QC 10D QD AD 7H 8H 8S JS
rootbotz hand: 8C 9C AC 7D JD KD 9H JH AH 7S KS AS
teambinary hand: 7C 10C JC KC 8D 9D 10H QH KH 9S 10S QS
  Exchange rootbotz: discard 8C 9C 7D JD 7S -> draw QC AD 7H 8H 8S (talon 3 left)
  Exchange teambinary: discard 7C 8D 9D -> draw 10D QD JS (talon 0 left)

--- Phase: declare ---
  Declare point: rootbotz wins 5 pts (('point', 5, 'H'))
  Declare sequence: teambinary wins 4 pts (('sequence', 4, 12, 'S'))
  Declare set: rootbotz wins 14 pts (('set', 4, 14))

--- Phase: tricks ---
  Trick  1: rootbotz leads AS, teambinary plays 9S -> rootbotz wins
  Trick  2: rootbotz leads AH, teambinary plays 10H -> rootbotz wins
  Trick  3: rootbotz leads AD, teambinary plays 10D -> rootbotz wins
  Trick  4: rootbotz leads AC, teambinary plays 10C -> rootbotz wins
  Trick  5: rootbotz leads KS, teambinary plays 10S -> rootbotz wins
  Trick  6: rootbotz leads KD, teambinary plays QD -> rootbotz wins
  Trick  7: rootbotz leads QC, teambinary plays KC -> teambinary wins
  Trick  8: teambinary leads QS, rootbotz plays 8S -> teambinary wins
  Trick  9: teambinary leads KH, rootbotz plays 7H -> teambinary wins
  Trick 10: teambinary leads JC, rootbotz plays 8H -> teambinary wins
  Trick 11: teambinary leads QH, rootbotz plays 9H -> teambinary wins
  Trick 12: teambinary leads JS, rootbotz plays JH -> teambinary wins
  Hand: rootbotz +25 / teambinary +11 (tricks 6-6)
  Match total: rootbotz 118 - 91 teambinary
  Final: rootbotz 118 - 91 teambinary
  Winner: rootbotz

============================================================
Game 4
============================================================
Players: teambinary vs rootbotz
Dealer: teambinary  |  Elder: rootbotz
Match scores: 0 - 0
Talon (8): QC KC AC 8D 10H 7S 10S KS
teambinary hand: 7C 9C 10D AD 9H KH AH 8S 9S JS QS AS
rootbotz hand: 8C 10C JC 7D 9D JD QD KD 7H 8H JH QH
  Exchange rootbotz: discard 8C 10C 7H 8H QH -> draw QC KC AC 8D 7S (talon 3 left)
  Exchange teambinary: discard 7C 9C 9H -> draw 10H 10S KS (talon 0 left)

--- Phase: declare ---
  Declare point: teambinary wins 7 pts (('point', 7, 'S'))
  Declare sequence: teambinary wins 12 pts (('sequence', 7, 14, 'S'))
  Declare set: teambinary wins 3 pts (('set', 3, 14))

--- Phase: tricks ---
  Trick  1: rootbotz leads AC, teambinary plays 8S -> rootbotz wins
  Trick  2: rootbotz leads JC, teambinary plays 9S -> rootbotz wins
  Trick  3: rootbotz leads QC, teambinary plays 10D -> rootbotz wins
  Trick  4: rootbotz leads KC, teambinary plays 10H -> rootbotz wins
  Trick  5: rootbotz leads 7S, teambinary plays 10S -> teambinary wins
  Trick  6: teambinary leads AS, rootbotz plays 7D -> teambinary wins
  Trick  7: teambinary leads AH, rootbotz plays JH -> teambinary wins
  Trick  8: teambinary leads AD, rootbotz plays 8D -> teambinary wins
  Trick  9: teambinary leads KS, rootbotz plays 9D -> teambinary wins
  Trick 10: teambinary leads QS, rootbotz plays JD -> teambinary wins
  Trick 11: teambinary leads JS, rootbotz plays QD -> teambinary wins
  Trick 12: teambinary leads KH, rootbotz plays KD -> teambinary wins
  Hand: teambinary +41 / rootbotz +4 (tricks 8-4)
  Match total: teambinary 41 - 4 rootbotz
Players: teambinary vs rootbotz
Dealer: rootbotz  |  Elder: teambinary
Match scores: 41 - 4
Talon (8): 10C JC 7D 9D 10D 7H 9H 7S
teambinary hand: QC JD QD 8H 10H QH KH AH 8S 10S QS AS
rootbotz hand: 7C 8C 9C KC AC 8D KD AD JH 9S JS KS
  Exchange teambinary: discard 8H 8S -> draw 7D 7S (talon 6 left)
  Exchange rootbotz: discard 8D AD JH 9S JS -> draw 10C JC 9D 10D 7H (talon 1 left)

--- Phase: declare ---
  Declare point: rootbotz wins 7 pts (('point', 7, 'C'))
  Declare sequence: rootbotz wins 10 pts (('sequence', 5, 11, 'C'))
  Declare set: rootbotz wins 3 pts (('set', 3, 13))

--- Phase: tricks ---
  Trick  1: teambinary leads AS, rootbotz plays KS -> teambinary wins
  Trick  2: teambinary leads AH, rootbotz plays 7H -> teambinary wins
  Trick  3: teambinary leads KH, rootbotz plays 7C -> teambinary wins
  Trick  4: teambinary leads QD, rootbotz plays KD -> rootbotz wins
  Trick  5: rootbotz leads AC, teambinary plays QC -> rootbotz wins
  Trick  6: rootbotz leads KC, teambinary plays 7D -> rootbotz wins
  Trick  7: rootbotz leads 9D, teambinary plays JD -> teambinary wins
  Trick  8: teambinary leads QS, rootbotz plays 8C -> teambinary wins
  Trick  9: teambinary leads QH, rootbotz plays 9C -> teambinary wins
  Trick 10: teambinary leads 10S, rootbotz plays 10D -> teambinary wins
  Trick 11: teambinary leads 10H, rootbotz plays 10C -> teambinary wins
  Trick 12: teambinary leads 7S, rootbotz plays JC -> teambinary wins
  Hand: teambinary +20 / rootbotz +23 (tricks 9-3)
  Match total: teambinary 61 - 27 rootbotz
Players: teambinary vs rootbotz
Dealer: teambinary  |  Elder: rootbotz
Match scores: 61 - 27
Talon (8): QC 7D JD AD 7H 8S 10S AS
teambinary hand: 8C 10C KC 8D 10D KD 10H KH 9S JS QS KS
rootbotz hand: 7C 9C JC AC 9D QD 8H 9H JH QH AH 7S
  Exchange rootbotz: discard 7C 9C 9D QD 7S -> draw QC JD 8S 10S AS (talon 3 left)
  Exchange teambinary: discard 8C 8D 9S -> draw 7D AD 7H (talon 0 left)

--- Phase: declare ---
  Declare point: rootbotz wins 5 pts (('point', 5, 'H'))
  Declare sequence: teambinary wins 3 pts (('sequence', 3, 13, 'S'))
  Declare set: rootbotz wins 3 pts (('set', 3, 14))

--- Phase: tricks ---
  Trick  1: rootbotz leads AS, teambinary plays JS -> rootbotz wins
  Trick  2: rootbotz leads AH, teambinary plays 7H -> rootbotz wins
  Trick  3: rootbotz leads AC, teambinary plays 10C -> rootbotz wins
  Trick  4: rootbotz leads JH, teambinary plays KH -> teambinary wins
  Trick  5: teambinary leads AD, rootbotz plays JD -> teambinary wins
  Trick  6: teambinary leads KD, rootbotz plays 8S -> teambinary wins
  Trick  7: teambinary leads 10D, rootbotz plays 8H -> teambinary wins
  Trick  8: teambinary leads KS, rootbotz plays 10S -> teambinary wins
  Trick  9: teambinary leads 10H, rootbotz plays QH -> rootbotz wins
  Trick 10: rootbotz leads 9H, teambinary plays 7D -> rootbotz wins
  Trick 11: rootbotz leads JC, teambinary plays KC -> teambinary wins
  Trick 12: teambinary leads QS, rootbotz plays QC -> teambinary wins
  Hand: teambinary +21 / rootbotz +13 (tricks 7-5)
  Match total: teambinary 82 - 40 rootbotz
Players: teambinary vs rootbotz
Dealer: rootbotz  |  Elder: teambinary
Match scores: 82 - 40
Talon (8): JC AC 7H AH 10S QS KS AS
teambinary hand: 8C 9C 7D QD AD 8H 10H KH 7S 8S 9S JS
rootbotz hand: 7C 10C QC KC 8D 9D 10D JD KD 9H JH QH
  Exchange teambinary: discard 8C 9C 7D 8H -> draw AC AH QS KS (talon 4 left)
  Exchange rootbotz: discard 7C 10C 9H JH -> draw JC 7H 10S AS (talon 0 left)

--- Phase: declare ---
  Declare point: teambinary wins 6 pts (('point', 6, 'S'))
  Declare sequence: rootbotz wins 4 pts (('sequence', 4, 11, 'D'))
  Declare set: teambinary wins 3 pts (('set', 3, 14))

--- Phase: tricks ---
  Trick  1: teambinary leads AD, rootbotz plays 8D -> teambinary wins
  Trick  2: teambinary leads AC, rootbotz plays JC -> teambinary wins
  Trick  3: teambinary leads AH, rootbotz plays 7H -> teambinary wins
  Trick  4: teambinary leads KS, rootbotz plays AS -> rootbotz wins
  Trick  5: rootbotz leads QC, teambinary plays 7S -> rootbotz wins
  Trick  6: rootbotz leads 9D, teambinary plays QD -> teambinary wins
  Trick  7: teambinary leads QS, rootbotz plays 10S -> teambinary wins
  Trick  8: teambinary leads JS, rootbotz plays 10D -> teambinary wins
  Trick  9: teambinary leads 9S, rootbotz plays JD -> teambinary wins
  Trick 10: teambinary leads KH, rootbotz plays QH -> teambinary wins
  Trick 11: teambinary leads 10H, rootbotz plays KD -> teambinary wins
  Trick 12: teambinary leads 8S, rootbotz plays KC -> teambinary wins
  Hand: teambinary +30 / rootbotz +6 (tricks 10-2)
  Match total: teambinary 112 - 46 rootbotz
  Final: teambinary 112 - 46 rootbotz
  Winner: teambinary

============================================================
Game 5
============================================================
Players: rootbotz vs teambinary
Dealer: rootbotz  |  Elder: teambinary
Match scores: 0 - 0
Talon (8): 7D 10D QD AD 8H KH 8S JS
rootbotz hand: 7C 10C JC QC 8D 9D 7H 9H QH 7S 9S 10S
teambinary hand: 8C 9C KC AC JD KD 10H JH AH QS KS AS
  Exchange teambinary: discard 8C 9C -> draw 8S JS (talon 6 left)
  Exchange rootbotz: discard 9D 7H 9H 7S 9S 10S -> draw 7D 10D QD AD 8H KH (talon 0 left)

--- Phase: declare ---
  Declare point: teambinary wins 5 pts (('point', 5, 'S'))
  Declare sequence: teambinary wins 4 pts (('sequence', 4, 14, 'S'))
  Declare set: teambinary wins 3 pts (('set', 3, 14))

--- Phase: tricks ---
  Trick  1: teambinary leads AS, rootbotz plays 7C -> teambinary wins
  Trick  2: teambinary leads AC, rootbotz plays 10C -> teambinary wins
  Trick  3: teambinary leads AH, rootbotz plays 8H -> teambinary wins
  Trick  4: teambinary leads KS, rootbotz plays 7D -> teambinary wins
  Trick  5: teambinary leads QS, rootbotz plays 8D -> teambinary wins
  Trick  6: teambinary leads JH, rootbotz plays QH -> rootbotz wins
  Trick  7: rootbotz leads AD, teambinary plays JD -> rootbotz wins
  Trick  8: rootbotz leads 10D, teambinary plays KD -> teambinary wins
  Trick  9: teambinary leads JS, rootbotz plays JC -> teambinary wins
  Trick 10: teambinary leads 10H, rootbotz plays KH -> rootbotz wins
  Trick 11: rootbotz leads QD, teambinary plays 8S -> rootbotz wins
  Trick 12: rootbotz leads QC, teambinary plays KC -> teambinary wins
  Hand: rootbotz +4 / teambinary +31 (tricks 4-8)
  Match total: rootbotz 4 - 31 teambinary
Players: rootbotz vs teambinary
Dealer: teambinary  |  Elder: rootbotz
Match scores: 4 - 31
Talon (8): 7C AC 9D 9H KH 10S JS QS
rootbotz hand: 8C 10C JC KC 7D KD 7H 8H JH AH 8S AS
teambinary hand: 9C QC 8D 10D JD QD AD 10H QH 7S 9S KS
  Exchange rootbotz: discard 7D 7H 8H JH 8S -> draw 9D 9H KH JS QS (talon 3 left)
  Exchange teambinary: discard 9C 7S 9S -> draw 7C AC 10S (talon 0 left)

--- Phase: declare ---
  Declare point: teambinary wins 5 pts (('point', 5, 'D'))
  Declare sequence: teambinary wins 3 pts (('sequence', 3, 12, 'D'))
  Declare set: rootbotz wins 3 pts (('set', 3, 13))

--- Phase: tricks ---
  Trick  1: rootbotz leads AS, teambinary plays 10S -> rootbotz wins
  Trick  2: rootbotz leads AH, teambinary plays 10H -> rootbotz wins
  Trick  3: rootbotz leads KH, teambinary plays QH -> rootbotz wins
  Trick  4: rootbotz leads JS, teambinary plays KS -> teambinary wins
  Trick  5: teambinary leads AD, rootbotz plays 9D -> teambinary wins
  Trick  6: teambinary leads AC, rootbotz plays 8C -> teambinary wins
  Trick  7: teambinary leads QD, rootbotz plays KD -> rootbotz wins
  Trick  8: rootbotz leads KC, teambinary plays 7C -> rootbotz wins
  Trick  9: rootbotz leads 10C, teambinary plays QC -> teambinary wins
  Trick 10: teambinary leads JD, rootbotz plays 9H -> teambinary wins
  Trick 11: teambinary leads 10D, rootbotz plays JC -> teambinary wins
  Trick 12: teambinary leads 8D, rootbotz plays QS -> teambinary wins
  Hand: rootbotz +8 / teambinary +26 (tricks 5-7)
  Match total: rootbotz 12 - 57 teambinary
Players: rootbotz vs teambinary
Dealer: rootbotz  |  Elder: teambinary
Match scores: 12 - 57
Talon (8): 7C QC 7D QD AD AH 10S JS
rootbotz hand: 8C 10C AC 8D 9D 10D KD 8H 10H JH QH 9S
teambinary hand: 9C JC KC JD 7H 9H KH 7S 8S QS KS AS
  Exchange teambinary: discard 9C 7H 9H 7S 8S -> draw 7C QC QD AD JS (talon 3 left)
  Exchange rootbotz: discard 8C 9D 9S -> draw 7D AH 10S (talon 0 left)

--- Phase: declare ---
  Declare point: rootbotz wins 5 pts (('point', 5, 'H'))
  Declare sequence: teambinary wins 4 pts (('sequence', 4, 14, 'S'))
  Declare set: teambinary wins 3 pts (('set', 3, 13))

--- Phase: tricks ---
  Trick  1: teambinary leads AS, rootbotz plays 10S -> teambinary wins
  Trick  2: teambinary leads AD, rootbotz plays 7D -> teambinary wins
  Trick  3: teambinary leads KC, rootbotz plays AC -> rootbotz wins
  Trick  4: rootbotz leads AH, teambinary plays KH -> rootbotz wins
  Trick  5: rootbotz leads KD, teambinary plays JD -> rootbotz wins
  Trick  6: rootbotz leads 8D, teambinary plays QD -> teambinary wins
  Trick  7: teambinary leads KS, rootbotz plays 8H -> teambinary wins
  Trick  8: teambinary leads QC, rootbotz plays 10C -> teambinary wins
  Trick  9: teambinary leads QS, rootbotz plays 10D -> teambinary wins
  Trick 10: teambinary leads JC, rootbotz plays 10H -> teambinary wins
  Trick 11: teambinary leads JS, rootbotz plays JH -> teambinary wins
  Trick 12: teambinary leads 7C, rootbotz plays QH -> teambinary wins
  Hand: rootbotz +8 / teambinary +27 (tricks 3-9)
  Match total: rootbotz 20 - 84 teambinary
Players: rootbotz vs teambinary
Dealer: teambinary  |  Elder: rootbotz
Match scores: 20 - 84
Talon (8): 8C 9C JC 8D 9D JD KD QS
rootbotz hand: 10C QC KC 7D 10D AD 8H KH 7S 8S 9S AS
teambinary hand: 7C AC QD 7H 9H 10H JH QH AH 10S JS KS
  Exchange rootbotz: discard 10C 7D 10D 8H -> draw 8C JC 8D QS (talon 4 left)
  Exchange teambinary: discard 7C 7H -> draw 9C 9D (talon 2 left)

--- Phase: declare ---
  Declare point: teambinary wins 5 pts (('point', 5, 'H'))
  Declare sequence: teambinary wins 4 pts (('sequence', 4, 12, 'H'))

--- Phase: tricks ---
  Trick  1: rootbotz leads AS, teambinary plays 10S -> rootbotz wins
  Trick  2: rootbotz leads AD, teambinary plays 9D -> rootbotz wins
  Trick  3: rootbotz leads JC, teambinary plays AC -> teambinary wins
  Trick  4: teambinary leads AH, rootbotz plays KH -> teambinary wins
  Trick  5: teambinary leads QH, rootbotz plays 7S -> teambinary wins
  Trick  6: teambinary leads JH, rootbotz plays 8D -> teambinary wins
  Trick  7: teambinary leads 10H, rootbotz plays 8S -> teambinary wins
  Trick  8: teambinary leads KS, rootbotz plays 9S -> teambinary wins
  Trick  9: teambinary leads 9H, rootbotz plays 8C -> teambinary wins
  Trick 10: teambinary leads JS, rootbotz plays QS -> rootbotz wins
  Trick 11: rootbotz leads QC, teambinary plays 9C -> rootbotz wins
  Trick 12: rootbotz leads KC, teambinary plays QD -> rootbotz wins
  Hand: rootbotz +6 / teambinary +26 (tricks 5-7)
  Match total: rootbotz 26 - 110 teambinary
  Final: rootbotz 26 - 110 teambinary
  Winner: teambinary

============================================================
Game 6
============================================================
Players: teambinary vs rootbotz
Dealer: teambinary  |  Elder: rootbotz
Match scores: 0 - 0
Talon (8): 9C 10C 7D KD AD QH JS QS
teambinary hand: 8C AC 8D 9D 10D JD 9H KH 8S 9S 10S AS
rootbotz hand: 7C JC QC KC QD 7H 8H 10H JH AH 7S KS
  Exchange rootbotz: discard 7C QD 7S KS -> draw 10C KD AD QS (talon 4 left)
  Exchange teambinary: discard 8C 9H -> draw 9C QH (talon 2 left)

--- Phase: declare ---
  Declare point: rootbotz wins 5 pts (('point', 5, 'H'))
  Declare sequence: rootbotz wins 4 pts (('sequence', 4, 13, 'C'))

--- Phase: tricks ---
  Trick  1: rootbotz leads AH, teambinary plays QH -> rootbotz wins
  Trick  2: rootbotz leads AD, teambinary plays 8D -> rootbotz wins
  Trick  3: rootbotz leads KD, teambinary plays 9D -> rootbotz wins
  Trick  4: rootbotz leads 10C, teambinary plays AC -> teambinary wins
  Trick  5: teambinary leads AS, rootbotz plays QS -> teambinary wins
  Trick  6: teambinary leads 10S, rootbotz plays 7H -> teambinary wins
  Trick  7: teambinary leads JD, rootbotz plays 8H -> teambinary wins
  Trick  8: teambinary leads 9S, rootbotz plays 10H -> teambinary wins
  Trick  9: teambinary leads KH, rootbotz plays JH -> teambinary wins
  Trick 10: teambinary leads 10D, rootbotz plays JC -> teambinary wins
  Trick 11: teambinary leads 8S, rootbotz plays QC -> teambinary wins
  Trick 12: teambinary leads 9C, rootbotz plays KC -> rootbotz wins
  Hand: teambinary +18 / rootbotz +14 (tricks 8-4)
  Match total: teambinary 18 - 14 rootbotz
Players: teambinary vs rootbotz
Dealer: rootbotz  |  Elder: teambinary
Match scores: 18 - 14
Talon (8): 9C 9D JD QD KD QH KH AS
teambinary hand: 8C 10C AC 10D AD 8H 10H JH 7S 8S QS KS
rootbotz hand: 7C JC QC KC 7D 8D 7H 9H AH 9S 10S JS
  Exchange teambinary: discard 8C 8H 7S 8S -> draw 9D JD QD QH (talon 4 left)
  Exchange rootbotz: discard 7D 8D 7H 9H -> draw 9C KD KH AS (talon 0 left)

--- Phase: declare ---
  Declare point: teambinary wins 5 pts (('point', 5, 'D'))
  Declare sequence: teambinary wins 4 pts (('sequence', 4, 12, 'D'))
  Declare set: rootbotz wins 3 pts (('set', 3, 13))

--- Phase: tricks ---
  Trick  1: teambinary leads AC, rootbotz plays 7C -> teambinary wins
  Trick  2: teambinary leads AD, rootbotz plays KD -> teambinary wins
  Trick  3: teambinary leads QD, rootbotz plays 9S -> teambinary wins
  Trick  4: teambinary leads JD, rootbotz plays 9C -> teambinary wins
  Trick  5: teambinary leads QH, rootbotz plays KH -> rootbotz wins
  Trick  6: rootbotz leads AS, teambinary plays QS -> rootbotz wins
  Trick  7: rootbotz leads AH, teambinary plays 10H -> rootbotz wins
  Trick  8: rootbotz leads JC, teambinary plays 10C -> rootbotz wins
  Trick  9: rootbotz leads QC, teambinary plays 9D -> rootbotz wins
  Trick 10: rootbotz leads KC, teambinary plays 10D -> rootbotz wins
  Trick 11: rootbotz leads 10S, teambinary plays KS -> teambinary wins
  Trick 12: teambinary leads JH, rootbotz plays JS -> teambinary wins
  Hand: teambinary +16 / rootbotz +9 (tricks 6-6)
  Match total: teambinary 34 - 23 rootbotz
Players: teambinary vs rootbotz
Dealer: teambinary  |  Elder: rootbotz
Match scores: 34 - 23
Talon (8): 7C JC QC KC AD 7H 8H KH
teambinary hand: 8C 9C 10C AC 7D 9D 10D KD 9H JS QS AS
rootbotz hand: 8D JD QD 10H JH QH AH 7S 8S 9S 10S KS
  Exchange rootbotz: discard 8D JD QD JH QH -> draw JC QC KC 8H KH (talon 3 left)
  Exchange teambinary: discard 7D 9D 9H -> draw 7C AD 7H (talon 0 left)

--- Phase: declare ---
  Declare point: teambinary wins 5 pts (('point', 5, 'C'))
  Declare set: teambinary wins 3 pts (('set', 3, 14))

--- Phase: tricks ---
  Trick  1: rootbotz leads AH, teambinary plays 7H -> rootbotz wins
  Trick  2: rootbotz leads 10H, teambinary plays 7C -> rootbotz wins
  Trick  3: rootbotz leads KH, teambinary plays 8C -> rootbotz wins
  Trick  4: rootbotz leads 8H, teambinary plays 9C -> rootbotz wins
  Trick  5: rootbotz leads JC, teambinary plays AC -> teambinary wins
  Trick  6: teambinary leads AS, rootbotz plays 7S -> teambinary wins
  Trick  7: teambinary leads AD, rootbotz plays 8S -> teambinary wins
  Trick  8: teambinary leads KD, rootbotz plays 9S -> teambinary wins
  Trick  9: teambinary leads QS, rootbotz plays KS -> rootbotz wins
  Trick 10: rootbotz leads 10S, teambinary plays JS -> teambinary wins
  Trick 11: teambinary leads 10D, rootbotz plays QC -> teambinary wins
  Trick 12: teambinary leads 10C, rootbotz plays KC -> rootbotz wins
  Hand: teambinary +14 / rootbotz +7 (tricks 6-6)
  Match total: teambinary 48 - 30 rootbotz
Players: teambinary vs rootbotz
Dealer: rootbotz  |  Elder: teambinary
Match scores: 48 - 30
Talon (8): 7C JH 7S 9S 10S JS QS KS
teambinary hand: JC KC AC 9D 10D AD 8H 9H QH KH 8S AS
rootbotz hand: 8C 9C 10C QC 7D 8D JD QD KD 7H 10H AH
  Exchange teambinary: discard 9D 8H 9H 8S -> draw JH 7S 9S QS (talon 4 left)
  Exchange rootbotz: discard 8C 9C 7D 7H -> draw 7C 10S JS KS (talon 0 left)

--- Phase: declare ---
  Declare point: rootbotz wins 4 pts (('point', 4, 'D'))
  Declare set: teambinary wins 3 pts (('set', 3, 14))

--- Phase: tricks ---
  Trick  1: teambinary leads AD, rootbotz plays 8D -> teambinary wins
  Trick  2: teambinary leads AS, rootbotz plays 10S -> teambinary wins
  Trick  3: teambinary leads AC, rootbotz plays 7C -> teambinary wins
  Trick  4: teambinary leads KH, rootbotz plays AH -> rootbotz wins
  Trick  5: rootbotz leads 10H, teambinary plays JH -> teambinary wins
  Trick  6: teambinary leads QS, rootbotz plays KS -> rootbotz wins
  Trick  7: rootbotz leads JS, teambinary plays 7S -> rootbotz wins
  Trick  8: rootbotz leads 10C, teambinary plays JC -> teambinary wins
  Trick  9: teambinary leads KC, rootbotz plays QC -> teambinary wins
  Trick 10: teambinary leads 10D, rootbotz plays JD -> rootbotz wins
  Trick 11: rootbotz leads QD, teambinary plays 9S -> rootbotz wins
  Trick 12: rootbotz leads KD, teambinary plays QH -> rootbotz wins
  Hand: teambinary +9 / rootbotz +11 (tricks 6-6)
  Match total: teambinary 57 - 41 rootbotz
Players: teambinary vs rootbotz
Dealer: teambinary  |  Elder: rootbotz
Match scores: 57 - 41
Talon (8): KC JD QD KD AH JS KS AS
teambinary hand: 7C 10C JC 7D 8D 9D AD JH QH KH 7S QS
rootbotz hand: 8C 9C QC AC 10D 7H 8H 9H 10H 8S 9S 10S
  Exchange rootbotz: discard 8C 9C QC 8S 9S -> draw QD AH JS KS AS (talon 3 left)
  Exchange teambinary: discard 7C 7S -> draw JD KD (talon 1 left)

--- Phase: declare ---
  Declare point: teambinary wins 6 pts (('point', 6, 'D'))
  Declare sequence: rootbotz wins 4 pts (('sequence', 4, 10, 'H'))
  Declare set: rootbotz wins 3 pts (('set', 3, 14))

--- Phase: tricks ---
  Trick  1: rootbotz leads AS, teambinary plays QS -> rootbotz wins
  Trick  2: rootbotz leads AH, teambinary plays JH -> rootbotz wins
  Trick  3: rootbotz leads AC, teambinary plays 10C -> rootbotz wins
  Trick  4: rootbotz leads KS, teambinary plays 7D -> rootbotz wins
  Trick  5: rootbotz leads 10S, teambinary plays 8D -> rootbotz wins
  Trick  6: rootbotz leads JS, teambinary plays 9D -> rootbotz wins
  Trick  7: rootbotz leads QD, teambinary plays KD -> teambinary wins
  Trick  8: teambinary leads AD, rootbotz plays 10D -> teambinary wins
  Trick  9: teambinary leads KH, rootbotz plays 7H -> teambinary wins
  Trick 10: teambinary leads JC, rootbotz plays 8H -> teambinary wins
  Trick 11: teambinary leads QH, rootbotz plays 9H -> teambinary wins
  Trick 12: teambinary leads JD, rootbotz plays 10H -> teambinary wins
  Hand: teambinary +13 / rootbotz +13 (tricks 6-6)
  Match total: teambinary 70 - 54 rootbotz
Players: teambinary vs rootbotz
Dealer: rootbotz  |  Elder: teambinary
Match scores: 70 - 54
Talon (8): JC QC 10D AH 7S 9S KS AS
teambinary hand: 8C 10C KC AC 8D 9D QD 10H JH KH 10S QS
rootbotz hand: 7C 9C 7D JD KD AD 7H 8H 9H QH 8S JS
  Exchange teambinary: discard 8C 8D 9D -> draw JC AH KS (talon 5 left)
  Exchange rootbotz: discard 7C 7D JD 8S JS -> draw QC 10D 7S 9S AS (talon 0 left)

--- Phase: declare ---
  Declare point: teambinary wins 4 pts (('point', 4, 'H'))
  Declare sequence: rootbotz wins 3 pts (('sequence', 3, 9, 'H'))
  Declare set: teambinary wins 3 pts (('set', 3, 13))

--- Phase: tricks ---
  Trick  1: teambinary leads AC, rootbotz plays 9C -> teambinary wins
  Trick  2: teambinary leads AH, rootbotz plays 7H -> teambinary wins
  Trick  3: teambinary leads KS, rootbotz plays AS -> rootbotz wins
  Trick  4: rootbotz leads AD, teambinary plays QD -> rootbotz wins
  Trick  5: rootbotz leads KD, teambinary plays 10C -> rootbotz wins
  Trick  6: rootbotz leads 10D, teambinary plays 10H -> rootbotz wins
  Trick  7: rootbotz leads QH, teambinary plays KH -> teambinary wins
  Trick  8: teambinary leads QS, rootbotz plays 7S -> teambinary wins
  Trick  9: teambinary leads KC, rootbotz plays QC -> teambinary wins
  Trick 10: teambinary leads 10S, rootbotz plays 9S -> teambinary wins
  Trick 11: teambinary leads JH, rootbotz plays 8H -> teambinary wins
  Trick 12: teambinary leads JC, rootbotz plays 9H -> teambinary wins
  Hand: teambinary +26 / rootbotz +7 (tricks 8-4)
  Match total: teambinary 96 - 61 rootbotz
Players: teambinary vs rootbotz
Dealer: teambinary  |  Elder: rootbotz
Match scores: 96 - 61
Talon (8): 10C QC 7D 7H 9H JH QH KH
teambinary hand: 7C JC 8D 9D JD QD 8H 10H 8S 10S JS QS
rootbotz hand: 8C 9C KC AC 10D KD AD AH 7S 9S KS AS
  Exchange rootbotz: discard 8C 9C 7S 9S -> draw 10C 7H 9H KH (talon 4 left)
  Exchange teambinary: discard 7C 8D 8H 8S -> draw QC 7D JH QH (talon 0 left)

--- Phase: declare ---
  Declare point: rootbotz wins 4 pts (('point', 4, 'H'))
  Declare sequence: teambinary wins 3 pts (('sequence', 3, 12, 'H'))
  Declare set: rootbotz wins 14 pts (('set', 4, 14))

--- Phase: tricks ---
  Trick  1: rootbotz leads AS, teambinary plays 10S -> rootbotz wins
  Trick  2: rootbotz leads AH, teambinary plays 10H -> rootbotz wins
  Trick  3: rootbotz leads AD, teambinary plays 7D -> rootbotz wins
  Trick  4: rootbotz leads AC, teambinary plays JC -> rootbotz wins
  Trick  5: rootbotz leads KS, teambinary plays JS -> rootbotz wins
  Trick  6: rootbotz leads KH, teambinary plays JH -> rootbotz wins
  Trick  7: rootbotz leads KD, teambinary plays 9D -> rootbotz wins
  Trick  8: rootbotz leads KC, teambinary plays QC -> rootbotz wins
  Trick  9: rootbotz leads 10D, teambinary plays JD -> teambinary wins
  Trick 10: teambinary leads QD, rootbotz plays 7H -> teambinary wins
  Trick 11: teambinary leads QS, rootbotz plays 9H -> teambinary wins
  Trick 12: teambinary leads QH, rootbotz plays 10C -> teambinary wins
  Hand: teambinary +8 / rootbotz +36 (tricks 4-8)
  Match total: teambinary 104 - 97 rootbotz
  Final: teambinary 104 - 97 rootbotz
  Winner: teambinary

============================================================
Game 7
============================================================
Players: rootbotz vs teambinary
Dealer: rootbotz  |  Elder: teambinary
Match scores: 0 - 0
Talon (8): 8C 7D KD 7H 10H AH 8S JS
rootbotz hand: 9C JC KC AC 9D JD 8H 9H 7S 9S 10S KS
teambinary hand: 7C 10C QC 8D 10D QD AD JH QH KH QS AS
  Exchange teambinary: discard 7C 8D -> draw 7H 8S (talon 6 left)
  Exchange rootbotz: discard 9D 8H 9H 7S 9S 10S -> draw 8C 7D KD 10H AH JS (talon 0 left)

--- Phase: declare ---
  Declare point: rootbotz wins 5 pts (('point', 5, 'C'))
  Declare sequence: teambinary wins 3 pts (('sequence', 3, 13, 'H'))
  Declare set: rootbotz wins 3 pts (('set', 3, 13))

--- Phase: tricks ---
  Trick  1: teambinary leads AD, rootbotz plays 7D -> teambinary wins
  Trick  2: teambinary leads AS, rootbotz plays JS -> teambinary wins
  Trick  3: teambinary leads KH, rootbotz plays AH -> rootbotz wins
  Trick  4: rootbotz leads AC, teambinary plays 10C -> rootbotz wins
  Trick  5: rootbotz leads KS, teambinary plays 8S -> rootbotz wins
  Trick  6: rootbotz leads KD, teambinary plays 10D -> rootbotz wins
  Trick  7: rootbotz leads KC, teambinary plays QC -> rootbotz wins
  Trick  8: rootbotz leads 8C, teambinary plays 7H -> rootbotz wins
  Trick  9: rootbotz leads 9C, teambinary plays JH -> rootbotz wins
  Trick 10: rootbotz leads 10H, teambinary plays QH -> teambinary wins
  Trick 11: teambinary leads QD, rootbotz plays JD -> teambinary wins
  Trick 12: teambinary leads QS, rootbotz plays JC -> teambinary wins
  Hand: rootbotz +25 / teambinary +9 (tricks 7-5)
  Match total: rootbotz 25 - 9 teambinary
Players: rootbotz vs teambinary
Dealer: teambinary  |  Elder: rootbotz
Match scores: 25 - 9
Talon (8): 9C 10C JC 9D 9H QH AH QS
rootbotz hand: 7C 8C 7D 8D 10D JD 10H JH KH 7S 8S JS
teambinary hand: QC KC AC QD KD AD 7H 8H 9S 10S KS AS
  Exchange rootbotz: discard 7C 8C KH 7S 8S -> draw 10C JC 9D QH QS (talon 3 left)
  Exchange teambinary: discard 7H 8H 9S -> draw 9C 9H AH (talon 0 left)

--- Phase: declare ---
  Declare point: rootbotz wins 5 pts (('point', 5, 'D'))
  Declare sequence: rootbotz wins 10 pts (('sequence', 5, 11, 'D'))
  Declare set: teambinary wins 14 pts (('set', 4, 14))

--- Phase: tricks ---
  Trick  1: rootbotz leads 10H, teambinary plays AH -> teambinary wins
  Trick  2: teambinary leads AS, rootbotz plays JS -> teambinary wins
  Trick  3: teambinary leads AC, rootbotz plays 10C -> teambinary wins
  Trick  4: teambinary leads AD, rootbotz plays 7D -> teambinary wins
  Trick  5: teambinary leads KC, rootbotz plays JC -> teambinary wins
  Trick  6: teambinary leads KD, rootbotz plays 8D -> teambinary wins
  Trick  7: teambinary leads KS, rootbotz plays QS -> teambinary wins
  Trick  8: teambinary leads QC, rootbotz plays 9D -> teambinary wins
  Trick  9: teambinary leads QD, rootbotz plays 10D -> teambinary wins
  Trick 10: teambinary leads 10S, rootbotz plays JD -> teambinary wins
  Trick 11: teambinary leads 9C, rootbotz plays JH -> teambinary wins
  Trick 12: teambinary leads 9H, rootbotz plays QH -> rootbotz wins
  Hand: rootbotz +17 / teambinary +35 (tricks 1-11)
  Match total: rootbotz 42 - 44 teambinary
Players: rootbotz vs teambinary
Dealer: rootbotz  |  Elder: teambinary
Match scores: 42 - 44
Talon (8): 7C KC AC 9D 10D 7H QH KH
rootbotz hand: 8C 9C 10C JC QC 8D JD QD 8H 9S QS AS
teambinary hand: 7D KD AD 9H 10H JH AH 7S 8S 10S JS KS
  Exchange teambinary: discard 7D 7S 8S -> draw 7C KC KH (talon 5 left)
  Exchange rootbotz: discard 8D JD 8H 9S AS -> draw AC 9D 10D 7H QH (talon 0 left)

--- Phase: declare ---
  Declare point: rootbotz wins 6 pts (('point', 6, 'C'))
  Declare sequence: rootbotz wins 10 pts (('sequence', 5, 12, 'C'))
  Declare set: teambinary wins 14 pts (('set', 4, 13))

--- Phase: tricks ---
  Trick  1: teambinary leads AH, rootbotz plays 7H -> teambinary wins
  Trick  2: teambinary leads AD, rootbotz plays 9D -> teambinary wins
  Trick  3: teambinary leads KH, rootbotz plays QH -> teambinary wins
  Trick  4: teambinary leads JH, rootbotz plays 8C -> teambinary wins
  Trick  5: teambinary leads KS, rootbotz plays QS -> teambinary wins
  Trick  6: teambinary leads 10H, rootbotz plays 9C -> teambinary wins
  Trick  7: teambinary leads JS, rootbotz plays 10D -> teambinary wins
  Trick  8: teambinary leads KC, rootbotz plays AC -> rootbotz wins
  Trick  9: rootbotz leads 10C, teambinary plays 7C -> rootbotz wins
  Trick 10: rootbotz leads JC, teambinary plays 9H -> rootbotz wins
  Trick 11: rootbotz leads QD, teambinary plays KD -> teambinary wins
  Trick 12: teambinary leads 10S, rootbotz plays QC -> teambinary wins
  Hand: rootbotz +19 / teambinary +34 (tricks 3-9)
  Match total: rootbotz 61 - 78 teambinary
Players: rootbotz vs teambinary
Dealer: teambinary  |  Elder: rootbotz
Match scores: 61 - 78
Talon (8): 7C 8C QC 10D JD QD 8S 9S
rootbotz hand: 10C KC 7D 8D KD 8H QH KH AH 10S JS QS
teambinary hand: 9C JC AC 9D AD 7H 9H 10H JH 7S KS AS
  Exchange rootbotz: discard 10C 7D 8D 8H 10S -> draw QC 10D JD QD 8S (talon 3 left)
  Exchange teambinary: discard 9D 7H 7S -> draw 7C 8C 9S (talon 0 left)

--- Phase: declare ---
  Declare point: teambinary wins 5 pts (('point', 5, 'C'))
  Declare sequence: rootbotz wins 4 pts (('sequence', 4, 13, 'D'))
  Declare set: teambinary wins 3 pts (('set', 3, 14))

--- Phase: tricks ---
  Trick  1: rootbotz leads AH, teambinary plays 9H -> rootbotz wins
  Trick  2: rootbotz leads QH, teambinary plays 10H -> rootbotz wins
  Trick  3: rootbotz leads KH, teambinary plays JH -> rootbotz wins
  Trick  4: rootbotz leads 10D, teambinary plays AD -> teambinary wins
  Trick  5: teambinary leads AC, rootbotz plays QC -> teambinary wins
  Trick  6: teambinary leads AS, rootbotz plays 8S -> teambinary wins
  Trick  7: teambinary leads JC, rootbotz plays KC -> rootbotz wins
  Trick  8: rootbotz leads JS, teambinary plays KS -> teambinary wins
  Trick  9: teambinary leads 9C, rootbotz plays JD -> teambinary wins
  Trick 10: teambinary leads 8C, rootbotz plays QS -> teambinary wins
  Trick 11: teambinary leads 9S, rootbotz plays QD -> teambinary wins
  Trick 12: teambinary leads 7C, rootbotz plays KD -> teambinary wins
  Hand: rootbotz +8 / teambinary +27 (tricks 4-8)
  Match total: rootbotz 69 - 105 teambinary
  Final: rootbotz 69 - 105 teambinary
  Winner: teambinary

============================================================
Game 8
============================================================
Players: teambinary vs rootbotz
Dealer: teambinary  |  Elder: rootbotz
Match scores: 0 - 0
Talon (8): 9C KC 7D 10D 7H 7S 8S 10S
teambinary hand: 8C JC QC AC 8D KD AD JH KH 9S JS KS
rootbotz hand: 7C 10C 9D JD QD 8H 9H 10H QH AH QS AS
  Exchange rootbotz: discard 7C 10C 9D JD -> draw 9C KC 7D 10S (talon 4 left)
  Exchange teambinary: discard 8C 8D 9S -> draw 7H 7S 8S (talon 1 left)

--- Phase: declare ---
  Declare point: rootbotz wins 5 pts (('point', 5, 'H'))
  Declare sequence: rootbotz wins 3 pts (('sequence', 3, 10, 'H'))
  Declare set: teambinary wins 3 pts (('set', 3, 13))

--- Phase: tricks ---
  Trick  1: rootbotz leads AS, teambinary plays 7S -> rootbotz wins
  Trick  2: rootbotz leads AH, teambinary plays 7H -> rootbotz wins
  Trick  3: rootbotz leads KC, teambinary plays AC -> teambinary wins
  Trick  4: teambinary leads AD, rootbotz plays 7D -> teambinary wins
  Trick  5: teambinary leads KS, rootbotz plays 10S -> teambinary wins
  Trick  6: teambinary leads JS, rootbotz plays QS -> rootbotz wins
  Trick  7: rootbotz leads 9C, teambinary plays JC -> teambinary wins
  Trick  8: teambinary leads KH, rootbotz plays 8H -> teambinary wins
  Trick  9: teambinary leads JH, rootbotz plays QH -> rootbotz wins
  Trick 10: rootbotz leads 9H, teambinary plays 8S -> rootbotz wins
  Trick 11: rootbotz leads 10H, teambinary plays QC -> rootbotz wins
  Trick 12: rootbotz leads QD, teambinary plays KD -> teambinary wins
  Hand: teambinary +10 / rootbotz +14 (tricks 6-6)
  Match total: teambinary 10 - 14 rootbotz
Players: teambinary vs rootbotz
Dealer: rootbotz  |  Elder: teambinary
Match scores: 10 - 14
Talon (8): 7C 8C 9C QC QD KH KS AS
teambinary hand: 10C JC KC AC 7D 8D 10D JD AD 7H 10H 7S
rootbotz hand: 9D KD 8H 9H JH QH AH 8S 9S 10S JS QS
  Exchange teambinary: discard 7D 8D 7H 7S -> draw 7C QD KS AS (talon 4 left)
  Exchange rootbotz: discard 9D 8H 9H -> draw 8C QC KH (talon 1 left)

--- Phase: declare ---
  Declare point: teambinary wins 5 pts (('point', 5, 'C'))
  Declare sequence: rootbotz wins 10 pts (('sequence', 5, 12, 'S'))
  Declare set: teambinary wins 3 pts (('set', 3, 14))

--- Phase: tricks ---
  Trick  1: teambinary leads AD, rootbotz plays KD -> teambinary wins
  Trick  2: teambinary leads AC, rootbotz plays 8C -> teambinary wins
  Trick  3: teambinary leads AS, rootbotz plays 8S -> teambinary wins
  Trick  4: teambinary leads KC, rootbotz plays QC -> teambinary wins
  Trick  5: teambinary leads QD, rootbotz plays 9S -> teambinary wins
  Trick  6: teambinary leads JC, rootbotz plays 10S -> teambinary wins
  Trick  7: teambinary leads JD, rootbotz plays JS -> teambinary wins
  Trick  8: teambinary leads 10C, rootbotz plays JH -> teambinary wins
  Trick  9: teambinary leads 10H, rootbotz plays QH -> rootbotz wins
  Trick 10: rootbotz leads AH, teambinary plays 7C -> rootbotz wins
  Trick 11: rootbotz leads KH, teambinary plays 10D -> rootbotz wins
  Trick 12: rootbotz leads QS, teambinary plays KS -> teambinary wins
  Hand: teambinary +28 / rootbotz +13 (tricks 9-3)
  Match total: teambinary 38 - 27 rootbotz
Players: teambinary vs rootbotz
Dealer: teambinary  |  Elder: rootbotz
Match scores: 38 - 27
Talon (8): 10C JC 8D 9D KD KH JS AS
teambinary hand: QC KC 7D 10D QD 7H 8H 9H QH AH 8S KS
rootbotz hand: 7C 8C 9C AC JD AD 10H JH 7S 9S 10S QS
  Exchange rootbotz: discard JD 10H JH 7S 10S -> draw 8D 9D KH JS AS (talon 3 left)
  Exchange teambinary: discard 7D 8S -> draw JC KD (talon 1 left)

--- Phase: declare ---
  Declare point: teambinary wins 5 pts (('point', 5, 'H'))
  Declare sequence: teambinary wins 3 pts (('sequence', 3, 13, 'C'))
  Declare set: rootbotz wins 3 pts (('set', 3, 14))

--- Phase: tricks ---
  Trick  1: rootbotz leads AS, teambinary plays KS -> rootbotz wins
  Trick  2: rootbotz leads AD, teambinary plays 10D -> rootbotz wins
  Trick  3: rootbotz leads AC, teambinary plays JC -> rootbotz wins
  Trick  4: rootbotz leads 9S, teambinary plays 7H -> rootbotz wins
  Trick  5: rootbotz leads JS, teambinary plays 8H -> rootbotz wins
  Trick  6: rootbotz leads QS, teambinary plays 9H -> rootbotz wins
  Trick  7: rootbotz leads KH, teambinary plays AH -> teambinary wins
  Trick  8: teambinary leads KD, rootbotz plays 8D -> teambinary wins
  Trick  9: teambinary leads KC, rootbotz plays 7C -> teambinary wins
  Trick 10: teambinary leads QD, rootbotz plays 9D -> teambinary wins
  Trick 11: teambinary leads QC, rootbotz plays 8C -> teambinary wins
  Trick 12: teambinary leads QH, rootbotz plays 9C -> teambinary wins
  Hand: teambinary +15 / rootbotz +9 (tricks 6-6)
  Match total: teambinary 53 - 36 rootbotz
Players: teambinary vs rootbotz
Dealer: rootbotz  |  Elder: teambinary
Match scores: 53 - 36
Talon (8): QC KC JD JH QH 9S JS QS
teambinary hand: 7C JC 7D 8D 9D 10D 8H 10H AH 10S KS AS
rootbotz hand: 8C 9C 10C AC QD KD AD 7H 9H KH 7S 8S
  Exchange teambinary: discard 7C 8H -> draw QC QS (talon 6 left)
  Exchange rootbotz: discard 8C 9C 7H 9H 7S 8S -> draw KC JD JH QH 9S JS (talon 0 left)

--- Phase: declare ---
  Declare sequence: rootbotz wins 4 pts (('sequence', 4, 14, 'D'))
  Declare set: rootbotz wins 3 pts (('set', 3, 13))

--- Phase: tricks ---
  Trick  1: teambinary leads AH, rootbotz plays JH -> teambinary wins
  Trick  2: teambinary leads AS, rootbotz plays 9S -> teambinary wins
  Trick  3: teambinary leads 10D, rootbotz plays JD -> rootbotz wins
  Trick  4: rootbotz leads AD, teambinary plays 7D -> rootbotz wins
  Trick  5: rootbotz leads AC, teambinary plays JC -> rootbotz wins
  Trick  6: rootbotz leads QH, teambinary plays 10H -> rootbotz wins
  Trick  7: rootbotz leads QD, teambinary plays 8D -> rootbotz wins
  Trick  8: rootbotz leads 10C, teambinary plays QC -> teambinary wins
  Trick  9: teambinary leads KS, rootbotz plays JS -> teambinary wins
  Trick 10: teambinary leads QS, rootbotz plays KH -> teambinary wins
  Trick 11: teambinary leads 10S, rootbotz plays KD -> teambinary wins
  Trick 12: teambinary leads 9D, rootbotz plays KC -> teambinary wins
  Hand: teambinary +18 / rootbotz +12 (tricks 7-5)
  Match total: teambinary 71 - 48 rootbotz
Players: teambinary vs rootbotz
Dealer: teambinary  |  Elder: rootbotz
Match scores: 71 - 48
Talon (8): 10C QC QD 9H JH 7S JS KS
teambinary hand: 7C 8C JC KC 9D 10D JD AD 8H 10H QH KH
rootbotz hand: 9C AC 7D 8D KD 7H AH 8S 9S 10S QS AS
  Exchange rootbotz: discard 9C 7D 8D 7H -> draw QC 9H 7S JS (talon 4 left)
  Exchange teambinary: discard 7C 8C 8H -> draw QD JH KS (talon 1 left)

--- Phase: declare ---
  Declare point: rootbotz wins 7 pts (('point', 7, 'S'))
  Declare sequence: rootbotz wins 11 pts (('sequence', 6, 12, 'S'))
  Declare set: rootbotz wins 3 pts (('set', 3, 14))

--- Phase: tricks ---
  Trick  1: rootbotz leads AS, teambinary plays KS -> rootbotz wins
  Trick  2: rootbotz leads AH, teambinary plays 10H -> rootbotz wins
  Trick  3: rootbotz leads AC, teambinary plays JC -> rootbotz wins
  Trick  4: rootbotz leads 7S, teambinary plays 9D -> rootbotz wins
  Trick  5: rootbotz leads 8S, teambinary plays 10D -> rootbotz wins
  Trick  6: rootbotz leads 9S, teambinary plays JD -> rootbotz wins
  Trick  7: rootbotz leads 10S, teambinary plays JH -> rootbotz wins
  Trick  8: rootbotz leads JS, teambinary plays QD -> rootbotz wins
  Trick  9: rootbotz leads QS, teambinary plays QH -> rootbotz wins
  Trick 10: rootbotz leads QC, teambinary plays KC -> teambinary wins
  Trick 11: teambinary leads AD, rootbotz plays KD -> teambinary wins
  Trick 12: teambinary leads KH, rootbotz plays 9H -> teambinary wins
  Hand: teambinary +4 / rootbotz +40 (tricks 3-9)
  Match total: teambinary 75 - 88 rootbotz
Players: teambinary vs rootbotz
Dealer: rootbotz  |  Elder: teambinary
Match scores: 75 - 88
Talon (8): 7C JC KC 9D 9S JS QS KS
teambinary hand: 8C 9C 10C AC QD AD 7H JH QH KH 7S AS
rootbotz hand: QC 7D 8D 10D JD KD 8H 9H 10H AH 8S 10S
  Exchange teambinary: discard 7H 7S -> draw 7C 9D (talon 6 left)
  Exchange rootbotz: discard QC 7D 8D JD KD 8S -> draw JC KC 9S JS QS KS (talon 0 left)

--- Phase: declare ---
  Declare point: rootbotz wins 5 pts (('point', 5, 'S'))
  Declare sequence: rootbotz wins 10 pts (('sequence', 5, 13, 'S'))
  Declare set: teambinary wins 3 pts (('set', 3, 14))

--- Phase: tricks ---
  Trick  1: teambinary leads AD, rootbotz plays 10D -> teambinary wins
  Trick  2: teambinary leads AS, rootbotz plays 9S -> teambinary wins
  Trick  3: teambinary leads AC, rootbotz plays JC -> teambinary wins
  Trick  4: teambinary leads 10C, rootbotz plays KC -> rootbotz wins
  Trick  5: rootbotz leads AH, teambinary plays JH -> rootbotz wins
  Trick  6: rootbotz leads 8H, teambinary plays QH -> teambinary wins
  Trick  7: teambinary leads 9C, rootbotz plays 9H -> teambinary wins
  Trick  8: teambinary leads QD, rootbotz plays 10H -> teambinary wins
  Trick  9: teambinary leads 8C, rootbotz plays 10S -> teambinary wins
  Trick 10: teambinary leads KH, rootbotz plays JS -> teambinary wins
  Trick 11: teambinary leads 9D, rootbotz plays QS -> teambinary wins
  Trick 12: teambinary leads 7C, rootbotz plays KS -> teambinary wins
  Hand: teambinary +24 / rootbotz +17 (tricks 10-2)
  Match total: teambinary 99 - 105 rootbotz
  Final: teambinary 99 - 105 rootbotz
  Winner: rootbotz

============================================================
Game 9
============================================================
Players: rootbotz vs teambinary
Dealer: rootbotz  |  Elder: teambinary
Match scores: 0 - 0
Talon (8): QC 9D JD KD AD 9H AH 9S
rootbotz hand: 7C 10C JC KC 10D QD 8H QH KH 8S QS KS
teambinary hand: 8C 9C AC 7D 8D 7H 10H JH 7S 10S JS AS
  Exchange teambinary: discard 8C 7D 8D 7H 7S -> draw QC 9D KD AD 9H (talon 3 left)
  Exchange rootbotz: discard 8H 8S QS -> draw JD AH 9S (talon 0 left)

--- Phase: declare ---
  Declare point: rootbotz wins 4 pts (('point', 4, 'C'))
  Declare sequence: rootbotz wins 3 pts (('sequence', 3, 14, 'H'))
  Declare set: teambinary wins 3 pts (('set', 3, 14))

--- Phase: tricks ---
  Trick  1: teambinary leads AS, rootbotz plays 9S -> teambinary wins
  Trick  2: teambinary leads AC, rootbotz plays 7C -> teambinary wins
  Trick  3: teambinary leads AD, rootbotz plays 10D -> teambinary wins
  Trick  4: teambinary leads JH, rootbotz plays QH -> rootbotz wins
  Trick  5: rootbotz leads AH, teambinary plays 9H -> rootbotz wins
  Trick  6: rootbotz leads KH, teambinary plays 10H -> rootbotz wins
  Trick  7: rootbotz leads 10C, teambinary plays QC -> teambinary wins
  Trick  8: teambinary leads JS, rootbotz plays KS -> rootbotz wins
  Trick  9: rootbotz leads JD, teambinary plays KD -> teambinary wins
  Trick 10: teambinary leads 10S, rootbotz plays JC -> teambinary wins
  Trick 11: teambinary leads 9C, rootbotz plays KC -> rootbotz wins
  Trick 12: rootbotz leads QD, teambinary plays 9D -> rootbotz wins
  Hand: rootbotz +14 / teambinary +9 (tricks 6-6)
  Match total: rootbotz 14 - 9 teambinary
Players: rootbotz vs teambinary
Dealer: teambinary  |  Elder: rootbotz
Match scores: 14 - 9
Talon (8): 7C AC 9D 10H JH QH KH 10S
rootbotz hand: 9C 7D JD QD AD 8H AH 7S 8S JS QS KS
teambinary hand: 8C 10C JC QC KC 8D 10D KD 7H 9H 9S AS
  Exchange rootbotz: discard 9C 7D 8H 7S -> draw 7C AC 10H KH (talon 4 left)
  Exchange teambinary: discard 8D 7H 9H 9S -> draw 9D JH QH 10S (talon 0 left)

--- Phase: declare ---
  Declare point: teambinary wins 5 pts (('point', 5, 'C'))
  Declare sequence: teambinary wins 4 pts (('sequence', 4, 13, 'C'))
  Declare set: rootbotz wins 3 pts (('set', 3, 14))

--- Phase: tricks ---
  Trick  1: rootbotz leads AH, teambinary plays JH -> rootbotz wins
  Trick  2: rootbotz leads AD, teambinary plays 9D -> rootbotz wins
  Trick  3: rootbotz leads AC, teambinary plays 8C -> rootbotz wins
  Trick  4: rootbotz leads KH, teambinary plays QH -> rootbotz wins
  Trick  5: rootbotz leads JS, teambinary plays AS -> teambinary wins
  Trick  6: teambinary leads KC, rootbotz plays 7C -> teambinary wins
  Trick  7: teambinary leads QC, rootbotz plays 8S -> teambinary wins
  Trick  8: teambinary leads KD, rootbotz plays JD -> teambinary wins
  Trick  9: teambinary leads JC, rootbotz plays 10H -> teambinary wins
  Trick 10: teambinary leads 10D, rootbotz plays QD -> rootbotz wins
  Trick 11: rootbotz leads QS, teambinary plays 10S -> rootbotz wins
  Trick 12: rootbotz leads KS, teambinary plays 10C -> rootbotz wins
  Hand: rootbotz +21 / teambinary +14 (tricks 7-5)
  Match total: rootbotz 35 - 23 teambinary
Players: rootbotz vs teambinary
Dealer: rootbotz  |  Elder: teambinary
Match scores: 35 - 23
Talon (8): 10C JC 7D QD KD QH 7S 8S
rootbotz hand: 7C 8C QC AC 9D AD 9H JH KH AH 9S KS
teambinary hand: 9C KC 8D 10D JD 7H 8H 10H 10S JS QS AS
  Exchange teambinary: discard 9C 8D 7H 8H -> draw 10C QD 7S 8S (talon 4 left)
  Exchange rootbotz: discard 7C 8C QC 9S -> draw JC 7D KD QH (talon 0 left)

--- Phase: declare ---
  Declare point: teambinary wins 6 pts (('point', 6, 'S'))
  Declare sequence: rootbotz wins 4 pts (('sequence', 4, 14, 'H'))
  Declare set: rootbotz wins 3 pts (('set', 3, 14))

--- Phase: tricks ---
  Trick  1: teambinary leads AS, rootbotz plays KS -> teambinary wins
  Trick  2: teambinary leads QS, rootbotz plays 7D -> teambinary wins
  Trick  3: teambinary leads JS, rootbotz plays 9D -> teambinary wins
  Trick  4: teambinary leads QD, rootbotz plays KD -> rootbotz wins
  Trick  5: rootbotz leads AH, teambinary plays 10H -> rootbotz wins
  Trick  6: rootbotz leads AD, teambinary plays 10D -> rootbotz wins
  Trick  7: rootbotz leads AC, teambinary plays 10C -> rootbotz wins
  Trick  8: rootbotz leads JH, teambinary plays 7S -> rootbotz wins
  Trick  9: rootbotz leads JC, teambinary plays KC -> teambinary wins
  Trick 10: teambinary leads 10S, rootbotz plays 9H -> teambinary wins
  Trick 11: teambinary leads JD, rootbotz plays QH -> teambinary wins
  Trick 12: teambinary leads 8S, rootbotz plays KH -> teambinary wins
  Hand: rootbotz +12 / teambinary +24 (tricks 5-7)
  Match total: rootbotz 47 - 47 teambinary
Players: rootbotz vs teambinary
Dealer: teambinary  |  Elder: rootbotz
Match scores: 47 - 47
Talon (8): 7C QC KD JH KH AH 7S KS
rootbotz hand: 10C JC 7D 9D 10D QD AD 9H 10S JS QS AS
teambinary hand: 8C 9C KC AC 8D JD 7H 8H 10H QH 8S 9S
  Exchange rootbotz: discard 7D 9D QD AD 9H -> draw QC JH AH 7S KS (talon 3 left)
  Exchange teambinary: discard 8D 8S 9S -> draw 7C KD KH (talon 0 left)

--- Phase: declare ---
  Declare point: rootbotz wins 6 pts (('point', 6, 'S'))
  Declare sequence: rootbotz wins 10 pts (('sequence', 5, 14, 'S'))
  Declare set: teambinary wins 3 pts (('set', 3, 13))

--- Phase: tricks ---
  Trick  1: rootbotz leads AS, teambinary plays 7C -> rootbotz wins
  Trick  2: rootbotz leads AH, teambinary plays 7H -> rootbotz wins
  Trick  3: rootbotz leads 10S, teambinary plays 8C -> rootbotz wins
  Trick  4: rootbotz leads JS, teambinary plays 8H -> rootbotz wins
  Trick  5: rootbotz leads QS, teambinary plays 9C -> rootbotz wins
  Trick  6: rootbotz leads KS, teambinary plays 10H -> rootbotz wins
  Trick  7: rootbotz leads 7S, teambinary plays JD -> rootbotz wins
  Trick  8: rootbotz leads 10D, teambinary plays KD -> teambinary wins
  Trick  9: teambinary leads AC, rootbotz plays 10C -> teambinary wins
  Trick 10: teambinary leads KH, rootbotz plays JH -> teambinary wins
  Trick 11: teambinary leads QH, rootbotz plays JC -> teambinary wins
  Trick 12: teambinary leads KC, rootbotz plays QC -> teambinary wins
  Hand: rootbotz +33 / teambinary +9 (tricks 7-5)
  Match total: rootbotz 80 - 56 teambinary
Players: rootbotz vs teambinary
Dealer: rootbotz  |  Elder: teambinary
Match scores: 80 - 56
Talon (8): 7C 8C 10C QD KD 7H 8H JS
rootbotz hand: JC QC KC 7D 8D AD 9H JH KH AH 7S 8S
teambinary hand: 9C AC 9D 10D JD 10H QH 9S 10S QS KS AS
  Exchange teambinary: discard 9C 9S -> draw 8C KD (talon 6 left)
  Exchange rootbotz: discard 7D 8D 9H JH 7S 8S -> draw 7C 10C QD 7H 8H JS (talon 0 left)

--- Phase: declare ---
  Declare point: rootbotz wins 5 pts (('point', 5, 'C'))
  Declare sequence: rootbotz wins 4 pts (('sequence', 4, 13, 'C'))
  Declare set: teambinary wins 3 pts (('set', 3, 10))

--- Phase: tricks ---
  Trick  1: teambinary leads AC, rootbotz plays 7C -> teambinary wins
  Trick  2: teambinary leads AS, rootbotz plays JS -> teambinary wins
  Trick  3: teambinary leads KD, rootbotz plays AD -> rootbotz wins
  Trick  4: rootbotz leads AH, teambinary plays 10H -> rootbotz wins
  Trick  5: rootbotz leads 10C, teambinary plays 8C -> rootbotz wins
  Trick  6: rootbotz leads JC, teambinary plays 9D -> rootbotz wins
  Trick  7: rootbotz leads QD, teambinary plays 10D -> rootbotz wins
  Trick  8: rootbotz leads QC, teambinary plays 10S -> rootbotz wins
  Trick  9: rootbotz leads KH, teambinary plays QH -> rootbotz wins
  Trick 10: rootbotz leads KC, teambinary plays JD -> rootbotz wins
  Trick 11: rootbotz leads 7H, teambinary plays QS -> rootbotz wins
  Trick 12: rootbotz leads 8H, teambinary plays KS -> rootbotz wins
  Hand: rootbotz +30 / teambinary +5 (tricks 10-2)
  Match total: rootbotz 110 - 61 teambinary
  Final: rootbotz 110 - 61 teambinary
  Winner: rootbotz

============================================================
Game 10
============================================================
Players: teambinary vs rootbotz
Dealer: teambinary  |  Elder: rootbotz
Match scores: 0 - 0
Talon (8): 8C 9H QH 8S 9S QS KS AS
teambinary hand: 10C JC KC 9D JD KD AD 8H KH 7S 10S JS
rootbotz hand: 7C 9C QC AC 7D 8D 10D QD 7H 10H JH AH
  Exchange rootbotz: discard 7C 9C QC 7D 8D -> draw 8C QH 9S QS AS (talon 3 left)
  Exchange teambinary: discard 9D 8H 7S -> draw 9H 8S KS (talon 0 left)

--- Phase: declare ---
  Declare point: rootbotz wins 5 pts (('point', 5, 'H'))
  Declare sequence: rootbotz wins 3 pts (('sequence', 3, 12, 'H'))
  Declare set: rootbotz wins 3 pts (('set', 3, 14))

--- Phase: tricks ---
  Trick  1: rootbotz leads AS, teambinary plays 8S -> rootbotz wins
  Trick  2: rootbotz leads AH, teambinary plays 9H -> rootbotz wins
  Trick  3: rootbotz leads AC, teambinary plays 10C -> rootbotz wins
  Trick  4: rootbotz leads 10H, teambinary plays KH -> teambinary wins
  Trick  5: teambinary leads AD, rootbotz plays 10D -> teambinary wins
  Trick  6: teambinary leads KS, rootbotz plays 9S -> teambinary wins
  Trick  7: teambinary leads KD, rootbotz plays QD -> teambinary wins
  Trick  8: teambinary leads JS, rootbotz plays QS -> rootbotz wins
  Trick  9: rootbotz leads JH, teambinary plays 10S -> rootbotz wins
  Trick 10: rootbotz leads QH, teambinary plays JC -> rootbotz wins
  Trick 11: rootbotz leads 7H, teambinary plays JD -> rootbotz wins
  Trick 12: rootbotz leads 8C, teambinary plays KC -> teambinary wins
  Hand: teambinary +6 / rootbotz +28 (tricks 5-7)
  Match total: teambinary 6 - 28 rootbotz
Players: teambinary vs rootbotz
Dealer: rootbotz  |  Elder: teambinary
Match scores: 6 - 28
Talon (8): 9C QC KC QD 10H 8S 10S JS
teambinary hand: 7C 8C AC 8D 9D JD KD AD KH 7S 9S AS
rootbotz hand: 10C JC 7D 10D 7H 8H 9H JH QH AH QS KS
  Exchange teambinary: discard 7C 8C 8D 7S 9S -> draw KC QD 10H 10S JS (talon 3 left)
  Exchange rootbotz: discard 10C 7D 10D -> draw 9C QC 8S (talon 0 left)

--- Phase: declare ---
  Declare point: rootbotz wins 6 pts (('point', 6, 'H'))
  Declare sequence: teambinary wins 4 pts (('sequence', 4, 14, 'D'))
  Declare set: teambinary wins 3 pts (('set', 3, 14))

--- Phase: tricks ---
  Trick  1: teambinary leads AD, rootbotz plays 7H -> teambinary wins
  Trick  2: teambinary leads AC, rootbotz plays 9C -> teambinary wins
  Trick  3: teambinary leads AS, rootbotz plays 8S -> teambinary wins
  Trick  4: teambinary leads KD, rootbotz plays 8H -> teambinary wins
  Trick  5: teambinary leads QD, rootbotz plays 9H -> teambinary wins
  Trick  6: teambinary leads KH, rootbotz plays AH -> rootbotz wins
  Trick  7: rootbotz leads JH, teambinary plays 10H -> rootbotz wins
  Trick  8: rootbotz leads QH, teambinary plays 9D -> rootbotz wins
  Trick  9: rootbotz leads JC, teambinary plays KC -> teambinary wins
  Trick 10: teambinary leads JS, rootbotz plays QS -> rootbotz wins
  Trick 11: rootbotz leads QC, teambinary plays 10S -> rootbotz wins
  Trick 12: rootbotz leads KS, teambinary plays JD -> rootbotz wins
  Hand: teambinary +13 / rootbotz +13 (tricks 6-6)
  Match total: teambinary 19 - 41 rootbotz
Players: teambinary vs rootbotz
Dealer: teambinary  |  Elder: rootbotz
Match scores: 19 - 41
Talon (8): 9C KC QH AH 7S 8S 10S JS
teambinary hand: 7C 8C 10C JC 9D AD 7H 9H 10H KH 9S AS
rootbotz hand: QC AC 7D 8D 10D JD QD KD 8H JH QS KS
  Exchange rootbotz: discard 7D 8D 8H JH -> draw 9C 8S 10S JS (talon 4 left)
  Exchange teambinary: discard 7C 9D 7H 9S -> draw KC QH AH 7S (talon 0 left)

--- Phase: declare ---
  Declare point: teambinary wins 5 pts (('point', 5, 'H'))
  Declare sequence: rootbotz wins 4 pts (('sequence', 4, 13, 'D'))
  Declare set: teambinary wins 3 pts (('set', 3, 14))

--- Phase: tricks ---
  Trick  1: rootbotz leads AC, teambinary plays 8C -> rootbotz wins
  Trick  2: rootbotz leads QC, teambinary plays KC -> teambinary wins
  Trick  3: teambinary leads AS, rootbotz plays 8S -> teambinary wins
  Trick  4: teambinary leads AD, rootbotz plays 10D -> teambinary wins
  Trick  5: teambinary leads AH, rootbotz plays 9C -> teambinary wins
  Trick  6: teambinary leads KH, rootbotz plays 10S -> teambinary wins
  Trick  7: teambinary leads QH, rootbotz plays JD -> teambinary wins
  Trick  8: teambinary leads 10H, rootbotz plays JS -> teambinary wins
  Trick  9: teambinary leads JC, rootbotz plays QS -> teambinary wins
  Trick 10: teambinary leads 9H, rootbotz plays QD -> teambinary wins
  Trick 11: teambinary leads 10C, rootbotz plays KS -> teambinary wins
  Trick 12: teambinary leads 7S, rootbotz plays KD -> teambinary wins
  Hand: teambinary +30 / rootbotz +5 (tricks 11-1)
  Match total: teambinary 49 - 46 rootbotz
Players: teambinary vs rootbotz
Dealer: rootbotz  |  Elder: teambinary
Match scores: 49 - 46
Talon (8): 9C 10C 9D JD QD 8S 9S JS
teambinary hand: 7C KC AC 7H 8H JH QH KH 7S QS KS AS
rootbotz hand: 8C JC QC 7D 8D 10D KD AD 9H 10H AH 10S
  Exchange teambinary: discard 7C 7H 8H 7S -> draw 10C JD QD 9S (talon 4 left)
  Exchange rootbotz: discard 8C JC QC 9H -> draw 9C 9D 8S JS (talon 0 left)

--- Phase: declare ---
  Declare point: rootbotz wins 6 pts (('point', 6, 'D'))
  Declare sequence: rootbotz wins 4 pts (('sequence', 4, 10, 'D'))
  Declare set: teambinary wins 3 pts (('set', 3, 13))

--- Phase: tricks ---
  Trick  1: teambinary leads AS, rootbotz plays 8S -> teambinary wins
  Trick  2: teambinary leads AC, rootbotz plays 9C -> teambinary wins
  Trick  3: teambinary leads KH, rootbotz plays AH -> rootbotz wins
  Trick  4: rootbotz leads AD, teambinary plays JD -> rootbotz wins
  Trick  5: rootbotz leads KD, teambinary plays QD -> rootbotz wins
  Trick  6: rootbotz leads 7D, teambinary plays 9S -> rootbotz wins
  Trick  7: rootbotz leads 8D, teambinary plays 10C -> rootbotz wins
  Trick  8: rootbotz leads 9D, teambinary plays JH -> rootbotz wins
  Trick  9: rootbotz leads 10D, teambinary plays QH -> rootbotz wins
  Trick 10: rootbotz leads 10S, teambinary plays QS -> teambinary wins
  Trick 11: teambinary leads KC, rootbotz plays 10H -> teambinary wins
  Trick 12: teambinary leads KS, rootbotz plays JS -> teambinary wins
  Hand: teambinary +9 / rootbotz +27 (tricks 5-7)
  Match total: teambinary 58 - 73 rootbotz
Players: teambinary vs rootbotz
Dealer: teambinary  |  Elder: rootbotz
Match scores: 58 - 73
Talon (8): 9C KD 8H 10H JH 7S 9S 10S
teambinary hand: 8C 10C JC QC 7D 9D 7H KH AH JS QS AS
rootbotz hand: 7C KC AC 8D 10D JD QD AD 9H QH 8S KS
  Exchange rootbotz: discard 7C 9H QH 8S -> draw 9C KD 7S 9S (talon 4 left)
  Exchange teambinary: discard 8C 7D 9D 7H -> draw 8H 10H JH 10S (talon 0 left)

--- Phase: declare ---
  Declare point: rootbotz wins 6 pts (('point', 6, 'D'))
  Declare sequence: rootbotz wins 10 pts (('sequence', 5, 14, 'D'))
  Declare set: rootbotz wins 3 pts (('set', 3, 13))

--- Phase: tricks ---
  Trick  1: rootbotz leads AD, teambinary plays 8H -> rootbotz wins
  Trick  2: rootbotz leads AC, teambinary plays 10C -> rootbotz wins
  Trick  3: rootbotz leads 10D, teambinary plays 10H -> rootbotz wins
  Trick  4: rootbotz leads JD, teambinary plays 10S -> rootbotz wins
  Trick  5: rootbotz leads QD, teambinary plays JC -> rootbotz wins
  Trick  6: rootbotz leads KD, teambinary plays JH -> rootbotz wins
  Trick  7: rootbotz leads KC, teambinary plays QC -> rootbotz wins
  Trick  8: rootbotz leads 8D, teambinary plays JS -> rootbotz wins
  Trick  9: rootbotz leads KS, teambinary plays AS -> teambinary wins
  Trick 10: teambinary leads AH, rootbotz plays 7S -> teambinary wins
  Trick 11: teambinary leads KH, rootbotz plays 9S -> teambinary wins
  Trick 12: teambinary leads QS, rootbotz plays 9C -> teambinary wins
  Hand: teambinary +5 / rootbotz +37 (tricks 4-8)
  Match total: teambinary 63 - 110 rootbotz
  Final: teambinary 63 - 110 rootbotz
  Winner: rootbotz

============================================================
Game 11
============================================================
Players: rootbotz vs teambinary
Dealer: rootbotz  |  Elder: teambinary
Match scores: 0 - 0
Talon (8): 9C JC 8D QH JS QS KS AS
rootbotz hand: 7C 8C QC 7D JD QD 7H 8H AH 8S 9S 10S
teambinary hand: 10C KC AC 9D 10D KD AD 9H 10H JH KH 7S
  Exchange teambinary: discard 9D 7S -> draw JC AS (talon 6 left)
  Exchange rootbotz: discard 7C 8C 7D JD 7H 8H -> draw 9C 8D QH JS QS KS (talon 0 left)

--- Phase: declare ---
  Declare point: rootbotz wins 6 pts (('point', 6, 'S'))
  Declare sequence: rootbotz wins 11 pts (('sequence', 6, 13, 'S'))
  Declare set: teambinary wins 3 pts (('set', 3, 14))

--- Phase: tricks ---
  Trick  1: teambinary leads AC, rootbotz plays 9C -> teambinary wins
  Trick  2: teambinary leads AD, rootbotz plays 8D -> teambinary wins
  Trick  3: teambinary leads AS, rootbotz plays 8S -> teambinary wins
  Trick  4: teambinary leads KH, rootbotz plays AH -> rootbotz wins
  Trick  5: rootbotz leads QH, teambinary plays 9H -> rootbotz wins
  Trick  6: rootbotz leads 9S, teambinary plays 10C -> rootbotz wins
  Trick  7: rootbotz leads 10S, teambinary plays 10D -> rootbotz wins
  Trick  8: rootbotz leads JS, teambinary plays 10H -> rootbotz wins
  Trick  9: rootbotz leads QS, teambinary plays JC -> rootbotz wins
  Trick 10: rootbotz leads QD, teambinary plays KD -> teambinary wins
  Trick 11: teambinary leads JH, rootbotz plays QC -> teambinary wins
  Trick 12: teambinary leads KC, rootbotz plays KS -> teambinary wins
  Hand: rootbotz +23 / teambinary +10 (tricks 6-6)
  Match total: rootbotz 23 - 10 teambinary
Players: rootbotz vs teambinary
Dealer: teambinary  |  Elder: rootbotz
Match scores: 23 - 10
Talon (8): JC AC 9D QD KD 8H JH KS
rootbotz hand: 9C QC 7D AD 7H QH AH 8S 9S 10S JS AS
teambinary hand: 7C 8C 10C KC 8D 10D JD 9H 10H KH 7S QS
  Exchange rootbotz: discard 9C QC 7D 7H QH -> draw AC 9D KD JH KS (talon 3 left)
  Exchange teambinary: discard 7C 8D 7S -> draw JC QD 8H (talon 0 left)

--- Phase: declare ---
  Declare point: rootbotz wins 6 pts (('point', 6, 'S'))
  Declare sequence: rootbotz wins 4 pts (('sequence', 4, 11, 'S'))
  Declare set: rootbotz wins 14 pts (('set', 4, 14))

--- Phase: tricks ---
  Trick  1: rootbotz leads AS, teambinary plays QS -> rootbotz wins
  Trick  2: rootbotz leads AH, teambinary plays 8H -> rootbotz wins
  Trick  3: rootbotz leads AD, teambinary plays 10D -> rootbotz wins
  Trick  4: rootbotz leads AC, teambinary plays 8C -> rootbotz wins
  Trick  5: rootbotz leads KS, teambinary plays 9H -> rootbotz wins
  Trick  6: rootbotz leads KD, teambinary plays JD -> rootbotz wins
  Trick  7: rootbotz leads 8S, teambinary plays 10C -> rootbotz wins
  Trick  8: rootbotz leads 9S, teambinary plays 10H -> rootbotz wins
  Trick  9: rootbotz leads 10S, teambinary plays JC -> rootbotz wins
  Trick 10: rootbotz leads JS, teambinary plays QD -> rootbotz wins
  Trick 11: rootbotz leads JH, teambinary plays KH -> teambinary wins
  Trick 12: teambinary leads KC, rootbotz plays 9D -> teambinary wins
  Hand: rootbotz +44 / teambinary +3 (tricks 10-2)
  Match total: rootbotz 67 - 13 teambinary
Players: rootbotz vs teambinary
Dealer: rootbotz  |  Elder: teambinary
Match scores: 67 - 13
Talon (8): AC 10D JD KD 8H AH 10S JS
rootbotz hand: 8C 9C JC 7D 9D 7H JH QH KH 8S QS AS
teambinary hand: 7C 10C QC KC 8D QD AD 9H 10H 7S 9S KS
  Exchange teambinary: discard 7C 8D 9H 7S 9S -> draw AC KD AH 10S JS (talon 3 left)
  Exchange rootbotz: discard 7D 8S QS -> draw 10D JD 8H (talon 0 left)

--- Phase: declare ---
  Declare point: rootbotz wins 5 pts (('point', 5, 'H'))
  Declare sequence: teambinary wins 3 pts (('sequence', 3, 14, 'D'))
  Declare set: teambinary wins 3 pts (('set', 3, 14))

--- Phase: tricks ---
  Trick  1: teambinary leads AD, rootbotz plays 9D -> teambinary wins
  Trick  2: teambinary leads AH, rootbotz plays 7H -> teambinary wins
  Trick  3: teambinary leads AC, rootbotz plays 8C -> teambinary wins
  Trick  4: teambinary leads KC, rootbotz plays 9C -> teambinary wins
  Trick  5: teambinary leads KS, rootbotz plays AS -> rootbotz wins
  Trick  6: rootbotz leads 10D, teambinary plays QD -> teambinary wins
  Trick  7: teambinary leads QC, rootbotz plays JC -> teambinary wins
  Trick  8: teambinary leads JS, rootbotz plays 8H -> teambinary wins
  Trick  9: teambinary leads 10H, rootbotz plays JH -> rootbotz wins
  Trick 10: rootbotz leads JD, teambinary plays KD -> teambinary wins
  Trick 11: teambinary leads 10C, rootbotz plays QH -> teambinary wins
  Trick 12: teambinary leads 10S, rootbotz plays KH -> teambinary wins
  Hand: rootbotz +7 / teambinary +27 (tricks 2-10)
  Match total: rootbotz 74 - 40 teambinary
Players: rootbotz vs teambinary
Dealer: teambinary  |  Elder: rootbotz
Match scores: 74 - 40
Talon (8): 10C QC QD 7H 10H JH 10S KS
rootbotz hand: 8C 9C JC KC 7D AD 9H AH 7S 8S QS AS
teambinary hand: 7C AC 8D 9D 10D JD KD 8H QH KH 9S JS
  Exchange rootbotz: discard 7D 9H 7S 8S QS -> draw 10C QD 7H 10H KS (talon 3 left)
  Exchange teambinary: discard 7C 8H 9S -> draw QC JH 10S (talon 0 left)

--- Phase: declare ---
  Declare set: rootbotz wins 3 pts (('set', 3, 14))

--- Phase: tricks ---
  Trick  1: rootbotz leads AS, teambinary plays 10S -> rootbotz wins
  Trick  2: rootbotz leads AH, teambinary plays JH -> rootbotz wins
  Trick  3: rootbotz leads AD, teambinary plays 8D -> rootbotz wins
  Trick  4: rootbotz leads KS, teambinary plays JS -> rootbotz wins
  Trick  5: rootbotz leads QD, teambinary plays KD -> teambinary wins
  Trick  6: teambinary leads AC, rootbotz plays 8C -> teambinary wins
  Trick  7: teambinary leads JD, rootbotz plays 7H -> teambinary wins
  Trick  8: teambinary leads 10D, rootbotz plays 9C -> teambinary wins
  Trick  9: teambinary leads KH, rootbotz plays 10H -> teambinary wins
  Trick 10: teambinary leads QH, rootbotz plays 10C -> teambinary wins
  Trick 11: teambinary leads 9D, rootbotz plays JC -> teambinary wins
  Trick 12: teambinary leads QC, rootbotz plays KC -> rootbotz wins
  Hand: rootbotz +9 / teambinary +17 (tricks 5-7)
  Match total: rootbotz 83 - 57 teambinary
Players: rootbotz vs teambinary
Dealer: rootbotz  |  Elder: teambinary
Match scores: 83 - 57
Talon (8): KC AC 7D 10D KD JH KH 10S
rootbotz hand: 7C JC QC JD QD AD 8H QH 8S 9S JS QS
teambinary hand: 8C 9C 10C 8D 9D 7H 9H 10H AH 7S KS AS
  Exchange teambinary: discard 8D 9D 7H 9H 7S -> draw AC 10D KD JH 10S (talon 3 left)
  Exchange rootbotz: discard 7C JD 8H -> draw KC 7D KH (talon 0 left)

--- Phase: declare ---
  Declare point: teambinary wins 4 pts (('point', 4, 'C'))
  Declare sequence: rootbotz wins 3 pts (('sequence', 3, 13, 'C'))
  Declare set: teambinary wins 3 pts (('set', 3, 14))

--- Phase: tricks ---
  Trick  1: teambinary leads AS, rootbotz plays 8S -> teambinary wins
  Trick  2: teambinary leads AH, rootbotz plays QH -> teambinary wins
  Trick  3: teambinary leads AC, rootbotz plays JC -> teambinary wins
  Trick  4: teambinary leads 10C, rootbotz plays QC -> rootbotz wins
  Trick  5: rootbotz leads AD, teambinary plays 10D -> rootbotz wins
  Trick  6: rootbotz leads QD, teambinary plays KD -> teambinary wins
  Trick  7: teambinary leads JH, rootbotz plays KH -> rootbotz wins
  Trick  8: rootbotz leads 7D, teambinary plays 8C -> rootbotz wins
  Trick  9: rootbotz leads 9S, teambinary plays 10S -> teambinary wins
  Trick 10: teambinary leads 10H, rootbotz plays JS -> teambinary wins
  Trick 11: teambinary leads 9C, rootbotz plays KC -> rootbotz wins
  Trick 12: rootbotz leads QS, teambinary plays KS -> teambinary wins
  Hand: rootbotz +8 / teambinary +25 (tricks 5-7)
  Match total: rootbotz 91 - 82 teambinary
Players: rootbotz vs teambinary
Dealer: teambinary  |  Elder: rootbotz
Match scores: 91 - 82
Talon (8): 8C 7D 9D AD 9H 7S QS AS
rootbotz hand: 7C 10C JC KC JD KD 7H 8H JH KH AH 8S
teambinary hand: 9C QC AC 8D 10D QD 10H QH 9S 10S JS KS
  Exchange rootbotz: discard 7C 10C JD 8H 8S -> draw 8C 7D AD 7S QS (talon 3 left)
  Exchange teambinary: discard 9C 8D -> draw 9H AS (talon 1 left)

--- Phase: declare ---
  Declare point: teambinary wins 5 pts (('point', 5, 'S'))
  Declare sequence: teambinary wins 3 pts (('sequence', 3, 11, 'S'))
  Declare set: rootbotz wins 3 pts (('set', 3, 13))

--- Phase: tricks ---
  Trick  1: rootbotz leads AH, teambinary plays 9H -> rootbotz wins
  Trick  2: rootbotz leads AD, teambinary plays 10D -> rootbotz wins
  Trick  3: rootbotz leads KH, teambinary plays 10H -> rootbotz wins
  Trick  4: rootbotz leads KD, teambinary plays QD -> rootbotz wins
  Trick  5: rootbotz leads JH, teambinary plays QH -> teambinary wins
  Trick  6: teambinary leads AC, rootbotz plays 8C -> teambinary wins
  Trick  7: teambinary leads AS, rootbotz plays 7S -> teambinary wins
  Trick  8: teambinary leads KS, rootbotz plays QS -> teambinary wins
  Trick  9: teambinary leads JS, rootbotz plays 7H -> teambinary wins
  Trick 10: teambinary leads 10S, rootbotz plays 7D -> teambinary wins
  Trick 11: teambinary leads 9S, rootbotz plays JC -> teambinary wins
  Trick 12: teambinary leads QC, rootbotz plays KC -> rootbotz wins
  Hand: rootbotz +9 / teambinary +25 (tricks 5-7)
  Match total: rootbotz 100 - 107 teambinary
  Final: rootbotz 100 - 107 teambinary
  Winner: teambinary

============================================================
Game 12
============================================================
Players: teambinary vs rootbotz
Dealer: teambinary  |  Elder: rootbotz
Match scores: 0 - 0
Talon (8): 9C KC 7D 10D AD 7H 8H 10S
teambinary hand: JC QC 8D KD 9H JH QH AH 7S 9S JS KS
rootbotz hand: 7C 8C 10C AC 9D JD QD 10H KH 8S QS AS
  Exchange rootbotz: discard 7C 8C 10C 10H 8S -> draw 9C 7D 10D 8H 10S (talon 3 left)
  Exchange teambinary: discard 8D 7S 9S -> draw KC AD 7H (talon 0 left)

--- Phase: declare ---
  Declare point: teambinary wins 5 pts (('point', 5, 'H'))
  Declare sequence: rootbotz wins 4 pts (('sequence', 4, 12, 'D'))
  Declare set: teambinary wins 3 pts (('set', 3, 13))

--- Phase: tricks ---
  Trick  1: rootbotz leads AS, teambinary plays JS -> rootbotz wins
  Trick  2: rootbotz leads AC, teambinary plays JC -> rootbotz wins
  Trick  3: rootbotz leads KH, teambinary plays AH -> teambinary wins
  Trick  4: teambinary leads AD, rootbotz plays 7D -> teambinary wins
  Trick  5: teambinary leads QH, rootbotz plays 8H -> teambinary wins
  Trick  6: teambinary leads JH, rootbotz plays 9C -> teambinary wins
  Trick  7: teambinary leads KC, rootbotz plays 9D -> teambinary wins
  Trick  8: teambinary leads 9H, rootbotz plays 10S -> teambinary wins
  Trick  9: teambinary leads QC, rootbotz plays 10D -> teambinary wins
  Trick 10: teambinary leads KD, rootbotz plays JD -> teambinary wins
  Trick 11: teambinary leads KS, rootbotz plays QS -> teambinary wins
  Trick 12: teambinary leads 7H, rootbotz plays QD -> teambinary wins
  Hand: teambinary +29 / rootbotz +6 (tricks 10-2)
  Match total: teambinary 29 - 6 rootbotz
Players: teambinary vs rootbotz
Dealer: rootbotz  |  Elder: teambinary
Match scores: 29 - 6
Talon (8): KC AC 7D 8H 9H JH KH QS
teambinary hand: 8C 9C JC QC 9D 10H QH AH 7S 8S JS KS
rootbotz hand: 7C 10C 8D 10D JD QD KD AD 7H 9S 10S AS
  Exchange teambinary: discard 8C 9C 9D 7S 8S -> draw KC 8H 9H JH QS (talon 3 left)
  Exchange rootbotz: discard 7C 7H 9S -> draw AC 7D KH (talon 0 left)

--- Phase: declare ---
  Declare point: rootbotz wins 7 pts (('point', 7, 'D'))
  Declare sequence: rootbotz wins 10 pts (('sequence', 5, 14, 'D'))
  Declare set: rootbotz wins 3 pts (('set', 3, 14))

--- Phase: tricks ---
  Trick  1: teambinary leads AH, rootbotz plays KH -> teambinary wins
  Trick  2: teambinary leads QH, rootbotz plays 7D -> teambinary wins
  Trick  3: teambinary leads JH, rootbotz plays 8D -> teambinary wins
  Trick  4: teambinary leads KS, rootbotz plays AS -> rootbotz wins
  Trick  5: rootbotz leads AD, teambinary plays 8H -> rootbotz wins
  Trick  6: rootbotz leads AC, teambinary plays JC -> rootbotz wins
  Trick  7: rootbotz leads 10D, teambinary plays 9H -> rootbotz wins
  Trick  8: rootbotz leads JD, teambinary plays 10H -> rootbotz wins
  Trick  9: rootbotz leads QD, teambinary plays JS -> rootbotz wins
  Trick 10: rootbotz leads KD, teambinary plays QC -> rootbotz wins
  Trick 11: rootbotz leads 10S, teambinary plays QS -> teambinary wins
  Trick 12: teambinary leads KC, rootbotz plays 10C -> teambinary wins
  Hand: teambinary +6 / rootbotz +37 (tricks 5-7)
  Match total: teambinary 35 - 43 rootbotz
Players: teambinary vs rootbotz
Dealer: teambinary  |  Elder: rootbotz
Match scores: 35 - 43
Talon (8): 8C 9C AC 10D JH AH 10S KS
teambinary hand: 7C JC 8D 9D JD KD 7H 9H 7S 8S 9S QS
rootbotz hand: 10C QC KC 7D QD AD 8H 10H QH KH JS AS
  Exchange rootbotz: discard 10C 7D 8H JS -> draw 8C 9C 10D JH (talon 4 left)
  Exchange teambinary: discard 7C 8D 7H 9H -> draw AC AH 10S KS (talon 0 left)

--- Phase: declare ---
  Declare point: teambinary wins 6 pts (('point', 6, 'S'))
  Declare sequence: rootbotz wins 4 pts (('sequence', 4, 13, 'H'))
  Declare set: rootbotz wins 3 pts (('set', 3, 12))

--- Phase: tricks ---
  Trick  1: rootbotz leads AS, teambinary plays 7S -> rootbotz wins
  Trick  2: rootbotz leads AD, teambinary plays 9D -> rootbotz wins
  Trick  3: rootbotz leads 10H, teambinary plays AH -> teambinary wins
  Trick  4: teambinary leads AC, rootbotz plays 8C -> teambinary wins
  Trick  5: teambinary leads KS, rootbotz plays 9C -> teambinary wins
  Trick  6: teambinary leads QS, rootbotz plays 10D -> teambinary wins
  Trick  7: teambinary leads 10S, rootbotz plays JH -> teambinary wins
  Trick  8: teambinary leads 9S, rootbotz plays QD -> teambinary wins
  Trick  9: teambinary leads KD, rootbotz plays QC -> teambinary wins
  Trick 10: teambinary leads 8S, rootbotz plays QH -> teambinary wins
  Trick 11: teambinary leads JC, rootbotz plays KC -> rootbotz wins
  Trick 12: rootbotz leads KH, teambinary plays JD -> rootbotz wins
  Hand: teambinary +24 / rootbotz +12 (tricks 8-4)
  Match total: teambinary 59 - 55 rootbotz
Players: teambinary vs rootbotz
Dealer: rootbotz  |  Elder: teambinary
Match scores: 59 - 55
Talon (8): 10C KC 7D JD KD KH AH KS
teambinary hand: 7C 8C JC AC 8D 9H 10H JH 7S 10S QS AS
rootbotz hand: 9C QC 9D 10D QD AD 7H 8H QH 8S 9S JS
  Exchange teambinary: discard 7C 8C 8D 7S -> draw KC JD KD KH (talon 4 left)
  Exchange rootbotz: discard 7H 8S 9S JS -> draw 10C 7D AH KS (talon 0 left)

--- Phase: declare ---
  Declare point: rootbotz wins 5 pts (('point', 5, 'D'))
  Declare sequence: teambinary wins 3 pts (('sequence', 3, 11, 'H'))
  Declare set: teambinary wins 3 pts (('set', 3, 13))

--- Phase: tricks ---
  Trick  1: teambinary leads AC, rootbotz plays 9C -> teambinary wins
  Trick  2: teambinary leads AS, rootbotz plays KS -> teambinary wins
  Trick  3: teambinary leads KH, rootbotz plays AH -> rootbotz wins
  Trick  4: rootbotz leads AD, teambinary plays JD -> rootbotz wins
  Trick  5: rootbotz leads QH, teambinary plays 9H -> rootbotz wins
  Trick  6: rootbotz leads 8H, teambinary plays 10H -> teambinary wins
  Trick  7: teambinary leads KC, rootbotz plays 10C -> teambinary wins
  Trick  8: teambinary leads QS, rootbotz plays 7D -> teambinary wins
  Trick  9: teambinary leads JC, rootbotz plays QC -> rootbotz wins
  Trick 10: rootbotz leads 9D, teambinary plays KD -> teambinary wins
  Trick 11: teambinary leads 10S, rootbotz plays 10D -> teambinary wins
  Trick 12: teambinary leads JH, rootbotz plays QD -> teambinary wins
  Hand: teambinary +25 / rootbotz +9 (tricks 8-4)
  Match total: teambinary 84 - 64 rootbotz
Players: teambinary vs rootbotz
Dealer: teambinary  |  Elder: rootbotz
Match scores: 84 - 64
Talon (8): 8C AC 10D AD 8H QH KH 8S
teambinary hand: 7C 9C 10C JC 9D JD 10H JH AH 7S 9S JS
rootbotz hand: QC KC 7D 8D QD KD 7H 9H 10S QS KS AS
  Exchange rootbotz: discard 7D 8D QD 7H 9H -> draw 8C AC 8H QH 8S (talon 3 left)
  Exchange teambinary: discard 7C 9D 7S -> draw 10D AD KH (talon 0 left)

--- Phase: declare ---
  Declare point: rootbotz wins 5 pts (('point', 5, 'S'))
  Declare sequence: rootbotz wins 3 pts (('sequence', 3, 14, 'C'))
  Declare set: rootbotz wins 3 pts (('set', 3, 13))

--- Phase: tricks ---
  Trick  1: rootbotz leads AS, teambinary plays 9S -> rootbotz wins
  Trick  2: rootbotz leads AC, teambinary plays 9C -> rootbotz wins
  Trick  3: rootbotz leads QS, teambinary plays JS -> rootbotz wins
  Trick  4: rootbotz leads QC, teambinary plays 10C -> rootbotz wins
  Trick  5: rootbotz leads KS, teambinary plays 10D -> rootbotz wins
  Trick  6: rootbotz leads KC, teambinary plays JC -> rootbotz wins
  Trick  7: rootbotz leads 10S, teambinary plays 10H -> rootbotz wins
  Trick  8: rootbotz leads KD, teambinary plays AD -> teambinary wins
  Trick  9: teambinary leads AH, rootbotz plays 8H -> teambinary wins
  Trick 10: teambinary leads KH, rootbotz plays QH -> teambinary wins
  Trick 11: teambinary leads JD, rootbotz plays 8S -> teambinary wins
  Trick 12: teambinary leads JH, rootbotz plays 8C -> teambinary wins
  Hand: teambinary +6 / rootbotz +28 (tricks 5-7)
  Match total: teambinary 90 - 92 rootbotz
Players: teambinary vs rootbotz
Dealer: rootbotz  |  Elder: teambinary
Match scores: 90 - 92
Talon (8): QC AC 8D 7H 10H AH 8S KS
teambinary hand: 7C 9C JC 7D 10D QD KD 8H KH JS QS AS
rootbotz hand: 8C 10C KC 9D JD AD 9H JH QH 7S 9S 10S
  Exchange teambinary: discard 7C 9C 7D 8H -> draw AC 10H 8S KS (talon 4 left)
  Exchange rootbotz: discard 8C 9H 7S 9S -> draw QC 8D 7H AH (talon 0 left)

--- Phase: declare ---
  Declare point: teambinary wins 5 pts (('point', 5, 'S'))
  Declare sequence: teambinary wins 4 pts (('sequence', 4, 14, 'S'))
  Declare set: teambinary wins 3 pts (('set', 3, 13))

--- Phase: tricks ---
  Trick  1: teambinary leads AS, rootbotz plays 10S -> teambinary wins
  Trick  2: teambinary leads AC, rootbotz plays 10C -> teambinary wins
  Trick  3: teambinary leads KS, rootbotz plays 7H -> teambinary wins
  Trick  4: teambinary leads KD, rootbotz plays AD -> rootbotz wins
  Trick  5: rootbotz leads AH, teambinary plays 10H -> rootbotz wins
  Trick  6: rootbotz leads QC, teambinary plays JC -> rootbotz wins
  Trick  7: rootbotz leads KC, teambinary plays 8S -> rootbotz wins
  Trick  8: rootbotz leads 8D, teambinary plays 10D -> teambinary wins
  Trick  9: teambinary leads QS, rootbotz plays 9D -> teambinary wins
  Trick 10: teambinary leads JS, rootbotz plays JD -> teambinary wins
  Trick 11: teambinary leads KH, rootbotz plays JH -> teambinary wins
  Trick 12: teambinary leads QD, rootbotz plays QH -> teambinary wins
  Hand: teambinary +31 / rootbotz +4 (tricks 8-4)
  Match total: teambinary 121 - 96 rootbotz
  Final: teambinary 121 - 96 rootbotz
  Winner: teambinary

============================================================
Game 13
============================================================
Players: rootbotz vs teambinary
Dealer: rootbotz  |  Elder: teambinary
Match scores: 0 - 0
Talon (8): 7C AC 7D 10D 8H AH 8S JS
rootbotz hand: 10C JC QC 8D 9D AD 7H 9H QH KH 7S 9S
teambinary hand: 8C 9C KC JD QD KD 10H JH 10S QS KS AS
  Exchange teambinary: discard 8C 9C -> draw 8H 8S (talon 6 left)
  Exchange rootbotz: discard 8D 9D 7H 9H 7S 9S -> draw 7C AC 7D 10D AH JS (talon 0 left)

--- Phase: declare ---
  Declare point: teambinary wins 5 pts (('point', 5, 'S'))
  Declare set: rootbotz wins 3 pts (('set', 3, 14))

--- Phase: tricks ---
  Trick  1: teambinary leads AS, rootbotz plays JS -> teambinary wins
  Trick  2: teambinary leads KS, rootbotz plays 7D -> teambinary wins
  Trick  3: teambinary leads KD, rootbotz plays AD -> rootbotz wins
  Trick  4: rootbotz leads AH, teambinary plays 8H -> rootbotz wins
  Trick  5: rootbotz leads AC, teambinary plays KC -> rootbotz wins
  Trick  6: rootbotz leads QH, teambinary plays 10H -> rootbotz wins
  Trick  7: rootbotz leads KH, teambinary plays JH -> rootbotz wins
  Trick  8: rootbotz leads 10D, teambinary plays JD -> teambinary wins
  Trick  9: teambinary leads QS, rootbotz plays 7C -> teambinary wins
  Trick 10: teambinary leads 10S, rootbotz plays 10C -> teambinary wins
  Trick 11: teambinary leads QD, rootbotz plays JC -> teambinary wins
  Trick 12: teambinary leads 8S, rootbotz plays QC -> teambinary wins
  Hand: rootbotz +8 / teambinary +23 (tricks 5-7)
  Match total: rootbotz 8 - 23 teambinary
Players: rootbotz vs teambinary
Dealer: teambinary  |  Elder: rootbotz
Match scores: 8 - 23
Talon (8): 7C AC 9D QD KD AD 10H AH
rootbotz hand: 8C 9C 10C JC QC JD 8H 7S 8S 9S QS KS
teambinary hand: KC 7D 8D 10D 7H 9H JH QH KH 10S JS AS
  Exchange rootbotz: discard JD 8H 7S 8S 9S -> draw 7C AC KD AD 10H (talon 3 left)
  Exchange teambinary: discard 7D 8D 7H -> draw 9D QD AH (talon 0 left)

--- Phase: declare ---
  Declare point: rootbotz wins 7 pts (('point', 7, 'C'))
  Declare sequence: rootbotz wins 11 pts (('sequence', 6, 12, 'C'))

--- Phase: tricks ---
  Trick  1: rootbotz leads AD, teambinary plays 9D -> rootbotz wins
  Trick  2: rootbotz leads AC, teambinary plays KC -> rootbotz wins
  Trick  3: rootbotz leads KD, teambinary plays 10D -> rootbotz wins
  Trick  4: rootbotz leads 7C, teambinary plays 9H -> rootbotz wins
  Trick  5: rootbotz leads 8C, teambinary plays 10S -> rootbotz wins
  Trick  6: rootbotz leads 9C, teambinary plays JH -> rootbotz wins
  Trick  7: rootbotz leads 10C, teambinary plays JS -> rootbotz wins
  Trick  8: rootbotz leads JC, teambinary plays QD -> rootbotz wins
  Trick  9: rootbotz leads QS, teambinary plays AS -> teambinary wins
  Trick 10: teambinary leads AH, rootbotz plays 10H -> teambinary wins
  Trick 11: teambinary leads KH, rootbotz plays QC -> teambinary wins
  Trick 12: teambinary leads QH, rootbotz plays KS -> teambinary wins
  Hand: rootbotz +36 / teambinary +5 (tricks 8-4)
  Match total: rootbotz 44 - 28 teambinary
Players: rootbotz vs teambinary
Dealer: rootbotz  |  Elder: teambinary
Match scores: 44 - 28
Talon (8): 10C KC QD 8H 9H AH 9S 10S
rootbotz hand: 8C JC AC 8D 9D 10D JD 7H JH 7S 8S KS
teambinary hand: 7C 9C QC 7D KD AD 10H QH KH JS QS AS
  Exchange teambinary: discard 7C 9C 7D -> draw KC QD 9H (talon 5 left)
  Exchange rootbotz: discard 8C 7H 7S 8S KS -> draw 10C 8H AH 9S 10S (talon 0 left)

--- Phase: declare ---
  Declare point: teambinary wins 4 pts (('point', 4, 'H'))
  Declare sequence: rootbotz wins 4 pts (('sequence', 4, 11, 'D'))
  Declare set: teambinary wins 3 pts (('set', 3, 13))

--- Phase: tricks ---
  Trick  1: teambinary leads AS, rootbotz plays 9S -> teambinary wins
  Trick  2: teambinary leads AD, rootbotz plays 8D -> teambinary wins
  Trick  3: teambinary leads KH, rootbotz plays AH -> rootbotz wins
  Trick  4: rootbotz leads AC, teambinary plays QC -> rootbotz wins
  Trick  5: rootbotz leads JH, teambinary plays QH -> teambinary wins
  Trick  6: teambinary leads 10H, rootbotz plays 8H -> teambinary wins
  Trick  7: teambinary leads QS, rootbotz plays 10S -> teambinary wins
  Trick  8: teambinary leads KD, rootbotz plays 9D -> teambinary wins
  Trick  9: teambinary leads JS, rootbotz plays 10D -> teambinary wins
  Trick 10: teambinary leads KC, rootbotz plays 10C -> teambinary wins
  Trick 11: teambinary leads QD, rootbotz plays JD -> teambinary wins
  Trick 12: teambinary leads 9H, rootbotz plays JC -> teambinary wins
  Hand: rootbotz +6 / teambinary +28 (tricks 2-10)
  Match total: rootbotz 50 - 56 teambinary
Players: rootbotz vs teambinary
Dealer: teambinary  |  Elder: rootbotz
Match scores: 50 - 56
Talon (8): 7C JC KC 8D 10D JH KH QS
rootbotz hand: 9C 10C AC 9D QD AD 9H 10H QH 7S 8S 10S
teambinary hand: 8C QC 7D JD KD 7H 8H AH 9S JS KS AS
  Exchange rootbotz: discard 9D 9H QH 7S 8S -> draw KC 8D 10D JH QS (talon 3 left)
  Exchange teambinary: discard 8C 7D 7H -> draw 7C JC KH (talon 0 left)

--- Phase: declare ---
  Declare set: teambinary wins 3 pts (('set', 3, 13))

--- Phase: tricks ---
  Trick  1: rootbotz leads AD, teambinary plays JD -> rootbotz wins
  Trick  2: rootbotz leads AC, teambinary plays 7C -> rootbotz wins
  Trick  3: rootbotz leads KC, teambinary plays JC -> rootbotz wins
  Trick  4: rootbotz leads 9C, teambinary plays QC -> teambinary wins
  Trick  5: teambinary leads AS, rootbotz plays 10S -> teambinary wins
  Trick  6: teambinary leads AH, rootbotz plays 10H -> teambinary wins
  Trick  7: teambinary leads KS, rootbotz plays QS -> teambinary wins
  Trick  8: teambinary leads JS, rootbotz plays 8D -> teambinary wins
  Trick  9: teambinary leads KH, rootbotz plays JH -> teambinary wins
  Trick 10: teambinary leads KD, rootbotz plays 10D -> teambinary wins
  Trick 11: teambinary leads 9S, rootbotz plays 10C -> teambinary wins
  Trick 12: teambinary leads 8H, rootbotz plays QD -> teambinary wins
  Hand: rootbotz +3 / teambinary +23 (tricks 3-9)
  Match total: rootbotz 53 - 79 teambinary
Players: rootbotz vs teambinary
Dealer: rootbotz  |  Elder: teambinary
Match scores: 53 - 79
Talon (8): 8C 9C AC 9D JD QD JH JS
rootbotz hand: 7C 8D 10D KD AD 7H QH KH 7S 9S 10S AS
teambinary hand: 10C JC QC KC 7D 8H 9H 10H AH 8S QS KS
  Exchange teambinary: discard 7D 8S -> draw AC JH (talon 6 left)
  Exchange rootbotz: discard 7C 8D 7H 7S 9S 10S -> draw 8C 9C 9D JD QD JS (talon 0 left)

--- Phase: declare ---
  Declare point: rootbotz wins 6 pts (('point', 6, 'D'))
  Declare sequence: rootbotz wins 11 pts (('sequence', 6, 14, 'D'))

--- Phase: tricks ---
  Trick  1: teambinary leads AH, rootbotz plays QH -> teambinary wins
  Trick  2: teambinary leads AC, rootbotz plays 8C -> teambinary wins
  Trick  3: teambinary leads JH, rootbotz plays KH -> rootbotz wins
  Trick  4: rootbotz leads AS, teambinary plays QS -> rootbotz wins
  Trick  5: rootbotz leads AD, teambinary plays 8H -> rootbotz wins
  Trick  6: rootbotz leads 9D, teambinary plays 9H -> rootbotz wins
  Trick  7: rootbotz leads 10D, teambinary plays 10C -> rootbotz wins
  Trick  8: rootbotz leads JD, teambinary plays 10H -> rootbotz wins
  Trick  9: rootbotz leads JS, teambinary plays KS -> teambinary wins
  Trick 10: teambinary leads KC, rootbotz plays 9C -> teambinary wins
  Trick 11: teambinary leads QC, rootbotz plays QD -> teambinary wins
  Trick 12: teambinary leads JC, rootbotz plays KD -> teambinary wins
  Hand: rootbotz +23 / teambinary +7 (tricks 6-6)
  Match total: rootbotz 76 - 86 teambinary
Players: rootbotz vs teambinary
Dealer: teambinary  |  Elder: rootbotz
Match scores: 76 - 86
Talon (8): 8C QC AC KD 8H AH 7S 9S
rootbotz hand: 10C JC KC 7D QD AD 9H JH KH 10S JS QS
teambinary hand: 7C 9C 8D 9D 10D JD 7H 10H QH 8S KS AS
  Exchange rootbotz: discard 10C KC 7D QD KH -> draw 8C QC AC KD 8H (talon 3 left)
  Exchange teambinary: discard 7C 7H 8S -> draw AH 7S 9S (talon 0 left)

--- Phase: declare ---
  Declare point: rootbotz wins 4 pts (('point', 4, 'C'))
  Declare sequence: teambinary wins 4 pts (('sequence', 4, 11, 'D'))
  Declare set: rootbotz wins 3 pts (('set', 3, 11))

--- Phase: tricks ---
  Trick  1: rootbotz leads AD, teambinary plays 8D -> rootbotz wins
  Trick  2: rootbotz leads AC, teambinary plays 9C -> rootbotz wins
  Trick  3: rootbotz leads JC, teambinary plays 7S -> rootbotz wins
  Trick  4: rootbotz leads QC, teambinary plays 9D -> rootbotz wins
  Trick  5: rootbotz leads KD, teambinary plays 10D -> rootbotz wins
  Trick  6: rootbotz leads 8C, teambinary plays 9S -> rootbotz wins
  Trick  7: rootbotz leads 10S, teambinary plays KS -> teambinary wins
  Trick  8: teambinary leads AS, rootbotz plays JS -> teambinary wins
  Trick  9: teambinary leads AH, rootbotz plays 8H -> teambinary wins
  Trick 10: teambinary leads QH, rootbotz plays 9H -> teambinary wins
  Trick 11: teambinary leads JD, rootbotz plays JH -> teambinary wins
  Trick 12: teambinary leads 10H, rootbotz plays QS -> teambinary wins
  Hand: rootbotz +13 / teambinary +11 (tricks 6-6)
  Match total: rootbotz 89 - 97 teambinary
Players: rootbotz vs teambinary
Dealer: rootbotz  |  Elder: teambinary
Match scores: 89 - 97
Talon (8): 8C JC 7D 10D 8H AH QS KS
rootbotz hand: 9C 10C AC JD KD AD 9H 10H QH 7S 8S 10S
teambinary hand: 7C QC KC 8D 9D QD 7H JH KH 9S JS AS
  Exchange teambinary: discard 7C 8D 9D 7H 9S -> draw JC 7D 10D AH QS (talon 3 left)
  Exchange rootbotz: discard 9H QH 8S -> draw 8C 8H KS (talon 0 left)

--- Phase: declare ---
  Declare point: rootbotz wins 4 pts (('point', 4, 'C'))
  Declare sequence: teambinary wins 3 pts (('sequence', 3, 13, 'C'))
  Declare set: teambinary wins 3 pts (('set', 3, 12))

--- Phase: tricks ---
  Trick  1: teambinary leads AS, rootbotz plays 7S -> teambinary wins
  Trick  2: teambinary leads AH, rootbotz plays 8H -> teambinary wins
  Trick  3: teambinary leads KC, rootbotz plays AC -> rootbotz wins
  Trick  4: rootbotz leads AD, teambinary plays 7D -> rootbotz wins
  Trick  5: rootbotz leads KS, teambinary plays JS -> rootbotz wins
  Trick  6: rootbotz leads KD, teambinary plays 10D -> rootbotz wins
  Trick  7: rootbotz leads JD, teambinary plays QD -> teambinary wins
  Trick  8: teambinary leads KH, rootbotz plays 10H -> teambinary wins
  Trick  9: teambinary leads QC, rootbotz plays 8C -> teambinary wins
  Trick 10: teambinary leads JH, rootbotz plays 9C -> teambinary wins
  Trick 11: teambinary leads QS, rootbotz plays 10S -> teambinary wins
  Trick 12: teambinary leads JC, rootbotz plays 10C -> teambinary wins
  Hand: rootbotz +8 / teambinary +25 (tricks 4-8)
  Match total: rootbotz 97 - 122 teambinary
  Final: rootbotz 97 - 122 teambinary
  Winner: teambinary

============================================================
Game 14
============================================================
Players: teambinary vs rootbotz
Dealer: teambinary  |  Elder: rootbotz
Match scores: 0 - 0
Talon (8): JC 10D 7H 9H JH KH 7S KS
teambinary hand: 7C 8C 9C 10C 9D QD KD AD 8H 10H 9S AS
rootbotz hand: QC KC AC 7D 8D JD QH AH 8S 10S JS QS
  Exchange rootbotz: discard 7D 8D JD 8S 10S -> draw JC 10D 9H KH KS (talon 3 left)
  Exchange teambinary: discard 9D 8H 9S -> draw 7H JH 7S (talon 0 left)

--- Phase: declare ---
  Declare point: rootbotz wins 4 pts (('point', 4, 'C'))
  Declare sequence: rootbotz wins 4 pts (('sequence', 4, 14, 'C'))
  Declare set: rootbotz wins 3 pts (('set', 3, 13))

--- Phase: tricks ---
  Trick  1: rootbotz leads AH, teambinary plays 7H -> rootbotz wins
  Trick  2: rootbotz leads AC, teambinary plays 7C -> rootbotz wins
  Trick  3: rootbotz leads JC, teambinary plays 8C -> rootbotz wins
  Trick  4: rootbotz leads QH, teambinary plays 10H -> rootbotz wins
  Trick  5: rootbotz leads QC, teambinary plays 9C -> rootbotz wins
  Trick  6: rootbotz leads KH, teambinary plays JH -> rootbotz wins
  Trick  7: rootbotz leads KC, teambinary plays 10C -> rootbotz wins
  Trick  8: rootbotz leads JS, teambinary plays AS -> teambinary wins
  Trick  9: teambinary leads AD, rootbotz plays 10D -> teambinary wins
  Trick 10: teambinary leads KD, rootbotz plays 9H -> teambinary wins
  Trick 11: teambinary leads QD, rootbotz plays QS -> teambinary wins
  Trick 12: teambinary leads 7S, rootbotz plays KS -> rootbotz wins
  Hand: teambinary +4 / rootbotz +30 (tricks 4-8)
  Match total: teambinary 4 - 30 rootbotz
Players: teambinary vs rootbotz
Dealer: rootbotz  |  Elder: teambinary
Match scores: 4 - 30
Talon (8): 7D JD 7H 10H JH QH KH 8S
teambinary hand: 7C 10C QC KC AC 9D KD AD 7S 10S QS AS
rootbotz hand: 8C 9C JC 8D 10D QD 8H 9H AH 9S JS KS
  Exchange teambinary: discard 7C 9D 7S -> draw JD JH KH (talon 5 left)
  Exchange rootbotz: discard 8C 9C 8D 8H 9H -> draw 7D 7H 10H QH 8S (talon 0 left)

--- Phase: declare ---
  Declare point: teambinary wins 4 pts (('point', 4, 'C'))
  Declare sequence: teambinary wins 3 pts (('sequence', 3, 14, 'C'))
  Declare set: teambinary wins 3 pts (('set', 3, 14))

--- Phase: tricks ---
  Trick  1: teambinary leads AS, rootbotz plays 8S -> teambinary wins
  Trick  2: teambinary leads AD, rootbotz plays 7D -> teambinary wins
  Trick  3: teambinary leads AC, rootbotz plays JC -> teambinary wins
  Trick  4: teambinary leads KC, rootbotz plays 7H -> teambinary wins
  Trick  5: teambinary leads KD, rootbotz plays 10D -> teambinary wins
  Trick  6: teambinary leads QS, rootbotz plays KS -> rootbotz wins
  Trick  7: rootbotz leads AH, teambinary plays JH -> rootbotz wins
  Trick  8: rootbotz leads 10H, teambinary plays KH -> teambinary wins
  Trick  9: teambinary leads QC, rootbotz plays 9S -> teambinary wins
  Trick 10: teambinary leads 10C, rootbotz plays JS -> teambinary wins
  Trick 11: teambinary leads 10S, rootbotz plays QD -> teambinary wins
  Trick 12: teambinary leads JD, rootbotz plays QH -> teambinary wins
  Hand: teambinary +31 / rootbotz +2 (tricks 10-2)
  Match total: teambinary 35 - 32 rootbotz
Players: teambinary vs rootbotz
Dealer: teambinary  |  Elder: rootbotz
Match scores: 35 - 32
Talon (8): JC KC 8D 10D 10H KH 7S KS
teambinary hand: 7C 8C 10C QC AC 7D 9D KD 7H 9H AH QS
rootbotz hand: 9C JD QD AD 8H JH QH 8S 9S 10S JS AS
  Exchange rootbotz: discard 9C QD AD QH -> draw KC 10D 10H KH (talon 4 left)
  Exchange teambinary: discard 7D 9D 7H 9H -> draw JC 8D 7S KS (talon 0 left)

--- Phase: declare ---
  Declare point: teambinary wins 6 pts (('point', 6, 'C'))
  Declare sequence: rootbotz wins 4 pts (('sequence', 4, 11, 'S'))
  Declare set: rootbotz wins 3 pts (('set', 3, 11))

--- Phase: tricks ---
  Trick  1: rootbotz leads AS, teambinary plays 7S -> rootbotz wins
  Trick  2: rootbotz leads 10H, teambinary plays AH -> teambinary wins
  Trick  3: teambinary leads AC, rootbotz plays KC -> teambinary wins
  Trick  4: teambinary leads QC, rootbotz plays 8H -> teambinary wins
  Trick  5: teambinary leads JC, rootbotz plays 8S -> teambinary wins
  Trick  6: teambinary leads 10C, rootbotz plays 9S -> teambinary wins
  Trick  7: teambinary leads 8C, rootbotz plays 10S -> teambinary wins
  Trick  8: teambinary leads KS, rootbotz plays JS -> teambinary wins
  Trick  9: teambinary leads KD, rootbotz plays 10D -> teambinary wins
  Trick 10: teambinary leads QS, rootbotz plays JD -> teambinary wins
  Trick 11: teambinary leads 7C, rootbotz plays JH -> teambinary wins
  Trick 12: teambinary leads 8D, rootbotz plays KH -> teambinary wins
  Hand: teambinary +28 / rootbotz +8 (tricks 11-1)
  Match total: teambinary 63 - 40 rootbotz
Players: teambinary vs rootbotz
Dealer: rootbotz  |  Elder: teambinary
Match scores: 63 - 40
Talon (8): 7D 8D 10D QH 7S 9S JS QS
teambinary hand: 10C AC JD QD KD AD 8H 9H JH KH 8S 10S
rootbotz hand: 7C 8C 9C JC QC KC 9D 7H 10H AH KS AS
  Exchange teambinary: discard 8H 9H 8S -> draw 9S JS QS (talon 5 left)
  Exchange rootbotz: discard 7C 8C 9D 7H 10H -> draw 7D 8D 10D QH 7S (talon 0 left)

--- Phase: declare ---
  Declare point: teambinary wins 4 pts (('point', 4, 'D'))
  Declare sequence: teambinary wins 4 pts (('sequence', 4, 14, 'D'))
  Declare set: teambinary wins 3 pts (('set', 3, 11))

--- Phase: tricks ---
  Trick  1: teambinary leads AD, rootbotz plays 7D -> teambinary wins
  Trick  2: teambinary leads AC, rootbotz plays 9C -> teambinary wins
  Trick  3: teambinary leads QS, rootbotz plays KS -> rootbotz wins
  Trick  4: rootbotz leads AS, teambinary plays 9S -> rootbotz wins
  Trick  5: rootbotz leads AH, teambinary plays JH -> rootbotz wins
  Trick  6: rootbotz leads JC, teambinary plays 10C -> rootbotz wins
  Trick  7: rootbotz leads QH, teambinary plays KH -> teambinary wins
  Trick  8: teambinary leads KD, rootbotz plays 8D -> teambinary wins
  Trick  9: teambinary leads QD, rootbotz plays 10D -> teambinary wins
  Trick 10: teambinary leads JS, rootbotz plays 7S -> teambinary wins
  Trick 11: teambinary leads JD, rootbotz plays QC -> teambinary wins
  Trick 12: teambinary leads 10S, rootbotz plays KC -> teambinary wins
  Hand: teambinary +30 / rootbotz +4 (tricks 8-4)
  Match total: teambinary 93 - 44 rootbotz
Players: teambinary vs rootbotz
Dealer: teambinary  |  Elder: rootbotz
Match scores: 93 - 44
Talon (8): 7C 7D 9H 10H JH QH KH KS
teambinary hand: 8C 9C 10C JC QC KC AC QD AH 7S 8S 10S
rootbotz hand: 8D 9D 10D JD KD AD 7H 8H 9S JS QS AS
  Exchange rootbotz: discard 7H 8H 9S JS QS -> draw 7C 9H 10H JH QH (talon 3 left)
  Exchange teambinary: discard 7S 8S -> draw KH KS (talon 1 left)

--- Phase: declare ---
  Declare point: teambinary wins 7 pts (('point', 7, 'C'))
  Declare sequence: teambinary wins 12 pts (('sequence', 7, 14, 'C'))
  Declare set: teambinary wins 3 pts (('set', 3, 13))

--- Phase: tricks ---
  Trick  1: rootbotz leads AS, teambinary plays 10S -> rootbotz wins
  Trick  2: rootbotz leads AD, teambinary plays QD -> rootbotz wins
  Trick  3: rootbotz leads KD, teambinary plays 8C -> rootbotz wins
  Trick  4: rootbotz leads 8D, teambinary plays 9C -> rootbotz wins
  Trick  5: rootbotz leads 9D, teambinary plays 10C -> rootbotz wins
  Trick  6: rootbotz leads 10D, teambinary plays JC -> rootbotz wins
  Trick  7: rootbotz leads JD, teambinary plays QC -> rootbotz wins
  Trick  8: rootbotz leads 7C, teambinary plays KC -> teambinary wins
  Trick  9: teambinary leads AH, rootbotz plays 9H -> teambinary wins
  Trick 10: teambinary leads AC, rootbotz plays 10H -> teambinary wins
  Trick 11: teambinary leads KS, rootbotz plays JH -> teambinary wins
  Trick 12: teambinary leads KH, rootbotz plays QH -> teambinary wins
  Hand: teambinary +28 / rootbotz +17 (tricks 5-7)
  Match total: teambinary 121 - 61 rootbotz
  Final: teambinary 121 - 61 rootbotz
  Winner: teambinary

============================================================
Game 15
============================================================
Players: rootbotz vs teambinary
Dealer: rootbotz  |  Elder: teambinary
Match scores: 0 - 0
Talon (8): 9C JC AC 10D QD KD 10H QH
rootbotz hand: 7C 8C 7D 9D JD 7H AH 7S 8S 9S 10S AS
teambinary hand: 10C QC KC 8D AD 8H 9H JH KH JS QS KS
  Exchange teambinary: discard 8D 8H 9H -> draw JC QD KD (talon 5 left)
  Exchange rootbotz: discard 7C 8C 7D 9D JD -> draw 9C AC 10D 10H QH (talon 0 left)

--- Phase: declare ---
  Declare point: rootbotz wins 5 pts (('point', 5, 'S'))
  Declare sequence: teambinary wins 4 pts (('sequence', 4, 13, 'C'))
  Declare set: rootbotz wins 3 pts (('set', 3, 14))

--- Phase: tricks ---
  Trick  1: teambinary leads AD, rootbotz plays 10D -> teambinary wins
  Trick  2: teambinary leads KC, rootbotz plays AC -> rootbotz wins
  Trick  3: rootbotz leads AS, teambinary plays JS -> rootbotz wins
  Trick  4: rootbotz leads AH, teambinary plays JH -> rootbotz wins
  Trick  5: rootbotz leads 9C, teambinary plays 10C -> teambinary wins
  Trick  6: teambinary leads QC, rootbotz plays 7H -> teambinary wins
  Trick  7: teambinary leads KS, rootbotz plays 7S -> teambinary wins
  Trick  8: teambinary leads KD, rootbotz plays 8S -> teambinary wins
  Trick  9: teambinary leads QS, rootbotz plays 9S -> teambinary wins
  Trick 10: teambinary leads KH, rootbotz plays 10H -> teambinary wins
  Trick 11: teambinary leads QD, rootbotz plays 10S -> teambinary wins
  Trick 12: teambinary leads JC, rootbotz plays QH -> teambinary wins
  Hand: rootbotz +11 / teambinary +24 (tricks 3-9)
  Match total: rootbotz 11 - 24 teambinary
Players: rootbotz vs teambinary
Dealer: teambinary  |  Elder: rootbotz
Match scores: 11 - 24
Talon (8): 8C 9C QC 7D QD 7H 10H KS
rootbotz hand: AC 8D 9D 10D 8H JH QH KH AH 8S 10S QS
teambinary hand: 7C 10C JC KC JD KD AD 9H 7S 9S JS AS
  Exchange rootbotz: discard 8D 9D 10D 8H 8S -> draw 9C 7D QD 7H 10H (talon 3 left)
  Exchange teambinary: discard 7C 9H 7S -> draw 8C QC KS (talon 0 left)

--- Phase: declare ---
  Declare point: rootbotz wins 6 pts (('point', 6, 'H'))
  Declare sequence: rootbotz wins 10 pts (('sequence', 5, 14, 'H'))
  Declare set: teambinary wins 3 pts (('set', 3, 13))

--- Phase: tricks ---
  Trick  1: rootbotz leads AH, teambinary plays 8C -> rootbotz wins
  Trick  2: rootbotz leads AC, teambinary plays 10C -> rootbotz wins
  Trick  3: rootbotz leads 10H, teambinary plays 9S -> rootbotz wins
  Trick  4: rootbotz leads JH, teambinary plays JC -> rootbotz wins
  Trick  5: rootbotz leads QH, teambinary plays JD -> rootbotz wins
  Trick  6: rootbotz leads KH, teambinary plays JS -> rootbotz wins
  Trick  7: rootbotz leads 7H, teambinary plays QC -> rootbotz wins
  Trick  8: rootbotz leads 7D, teambinary plays KD -> teambinary wins
  Trick  9: teambinary leads AD, rootbotz plays QD -> teambinary wins
  Trick 10: teambinary leads AS, rootbotz plays 10S -> teambinary wins
  Trick 11: teambinary leads KC, rootbotz plays 9C -> teambinary wins
  Trick 12: teambinary leads KS, rootbotz plays QS -> teambinary wins
  Hand: rootbotz +33 / teambinary +9 (tricks 7-5)
  Match total: rootbotz 44 - 33 teambinary
Players: rootbotz vs teambinary
Dealer: rootbotz  |  Elder: teambinary
Match scores: 44 - 33
Talon (8): 9C 8D JD KD 8H KH KS AS
rootbotz hand: 10C JC QC KC 7D 10D QD 7H 9H 10H JH 7S
teambinary hand: 7C 8C AC 9D AD QH AH 8S 9S 10S JS QS
  Exchange teambinary: discard 7C 8C 9D -> draw 8H KH KS (talon 5 left)
  Exchange rootbotz: discard 7D QD 9H JH 7S -> draw 9C 8D JD KD AS (talon 0 left)

--- Phase: declare ---
  Declare point: teambinary wins 6 pts (('point', 6, 'S'))
  Declare sequence: teambinary wins 11 pts (('sequence', 6, 13, 'S'))
  Declare set: teambinary wins 3 pts (('set', 3, 14))

--- Phase: tricks ---
  Trick  1: teambinary leads AC, rootbotz plays 9C -> teambinary wins
  Trick  2: teambinary leads AH, rootbotz plays 7H -> teambinary wins
  Trick  3: teambinary leads AD, rootbotz plays 8D -> teambinary wins
  Trick  4: teambinary leads KS, rootbotz plays AS -> rootbotz wins
  Trick  5: rootbotz leads 10H, teambinary plays QH -> teambinary wins
  Trick  6: teambinary leads QS, rootbotz plays 10D -> teambinary wins
  Trick  7: teambinary leads JS, rootbotz plays 10C -> teambinary wins
  Trick  8: teambinary leads 10S, rootbotz plays JD -> teambinary wins
  Trick  9: teambinary leads 9S, rootbotz plays JC -> teambinary wins
  Trick 10: teambinary leads KH, rootbotz plays QC -> teambinary wins
  Trick 11: teambinary leads 8S, rootbotz plays KC -> teambinary wins
  Trick 12: teambinary leads 8H, rootbotz plays KD -> teambinary wins
  Hand: rootbotz +1 / teambinary +42 (tricks 1-11)
  Match total: rootbotz 45 - 75 teambinary
Players: rootbotz vs teambinary
Dealer: teambinary  |  Elder: rootbotz
Match scores: 45 - 75
Talon (8): 7C JC 10D AD 7H QH KH 10S
rootbotz hand: 8C 9C QC 7D 8H JH AH 7S 8S 9S JS AS
teambinary hand: 10C KC AC 8D 9D JD QD KD 9H 10H QS KS
  Exchange rootbotz: discard 8C 9C QC 7D 8H -> draw 7C JC AD QH 10S (talon 3 left)
  Exchange teambinary: discard 8D 9D 9H -> draw 10D 7H KH (talon 0 left)

--- Phase: declare ---
  Declare point: rootbotz wins 6 pts (('point', 6, 'S'))
  Declare sequence: rootbotz wins 10 pts (('sequence', 5, 11, 'S'))
  Declare set: rootbotz wins 3 pts (('set', 3, 14))

--- Phase: tricks ---
  Trick  1: rootbotz leads AS, teambinary plays QS -> rootbotz wins
  Trick  2: rootbotz leads AH, teambinary plays 7H -> rootbotz wins
  Trick  3: rootbotz leads AD, teambinary plays 10D -> rootbotz wins
  Trick  4: rootbotz leads JH, teambinary plays KH -> teambinary wins
  Trick  5: teambinary leads AC, rootbotz plays 7C -> teambinary wins
  Trick  6: teambinary leads KD, rootbotz plays 7S -> teambinary wins
  Trick  7: teambinary leads QD, rootbotz plays 8S -> teambinary wins
  Trick  8: teambinary leads KC, rootbotz plays JC -> teambinary wins
  Trick  9: teambinary leads KS, rootbotz plays 9S -> teambinary wins
  Trick 10: teambinary leads 10H, rootbotz plays QH -> rootbotz wins
  Trick 11: rootbotz leads 10S, teambinary plays 10C -> rootbotz wins
  Trick 12: rootbotz leads JS, teambinary plays JD -> rootbotz wins
  Hand: rootbotz +26 / teambinary +6 (tricks 6-6)
  Match total: rootbotz 71 - 81 teambinary
Players: rootbotz vs teambinary
Dealer: rootbotz  |  Elder: teambinary
Match scores: 71 - 81
Talon (8): 10D QD AD 10H QH AH 8S KS
rootbotz hand: 8C 10C QC KC AC 9D JD KD 8H 9H 7S 10S
teambinary hand: 7C 9C JC 7D 8D 7H JH KH 9S JS QS AS
  Exchange teambinary: discard 7C 9C 7D 8D 7H -> draw AD QH AH 8S KS (talon 3 left)
  Exchange rootbotz: discard 8H 9H 7S -> draw 10D QD 10H (talon 0 left)

--- Phase: declare ---
  Declare point: teambinary wins 6 pts (('point', 6, 'S'))
  Declare sequence: rootbotz wins 10 pts (('sequence', 5, 13, 'D'))
  Declare set: teambinary wins 3 pts (('set', 3, 14))

--- Phase: tricks ---
  Trick  1: teambinary leads AS, rootbotz plays 10S -> teambinary wins
  Trick  2: teambinary leads AD, rootbotz plays 9D -> teambinary wins
  Trick  3: teambinary leads AH, rootbotz plays 10H -> teambinary wins
  Trick  4: teambinary leads KS, rootbotz plays 8C -> teambinary wins
  Trick  5: teambinary leads QS, rootbotz plays 10C -> teambinary wins
  Trick  6: teambinary leads KH, rootbotz plays 10D -> teambinary wins
  Trick  7: teambinary leads JS, rootbotz plays JD -> teambinary wins
  Trick  8: teambinary leads QH, rootbotz plays QD -> teambinary wins
  Trick  9: teambinary leads 9S, rootbotz plays QC -> teambinary wins
  Trick 10: teambinary leads JC, rootbotz plays KC -> rootbotz wins
  Trick 11: rootbotz leads AC, teambinary plays 8S -> rootbotz wins
  Trick 12: rootbotz leads KD, teambinary plays JH -> rootbotz wins
  Hand: rootbotz +14 / teambinary +28 (tricks 3-9)
  Match total: rootbotz 85 - 109 teambinary
  Final: rootbotz 85 - 109 teambinary
  Winner: teambinary

============================================================
Game 16
============================================================
Players: teambinary vs rootbotz
Dealer: teambinary  |  Elder: rootbotz
Match scores: 0 - 0
Talon (8): 9C JC KC 7D JD KH QS AS
teambinary hand: AC 8D 9D QD KD AD 9H JH AH 7S 9S 10S
rootbotz hand: 7C 8C 10C QC 10D 7H 8H 10H QH 8S JS KS
  Exchange rootbotz: discard 7C 8C 7H 8S -> draw 9C JD KH AS (talon 4 left)
  Exchange teambinary: discard 8D 9H 7S 9S -> draw JC KC 7D QS (talon 0 left)

--- Phase: declare ---
  Declare point: teambinary wins 5 pts (('point', 5, 'D'))
  Declare sequence: teambinary wins 3 pts (('sequence', 3, 14, 'D'))
  Declare set: teambinary wins 3 pts (('set', 3, 14))

--- Phase: tricks ---
  Trick  1: rootbotz leads AS, teambinary plays 10S -> rootbotz wins
  Trick  2: rootbotz leads KS, teambinary plays QS -> rootbotz wins
  Trick  3: rootbotz leads JS, teambinary plays 7D -> rootbotz wins
  Trick  4: rootbotz leads 10D, teambinary plays QD -> teambinary wins
  Trick  5: teambinary leads AH, rootbotz plays 8H -> teambinary wins
  Trick  6: teambinary leads AD, rootbotz plays JD -> teambinary wins
  Trick  7: teambinary leads AC, rootbotz plays 9C -> teambinary wins
  Trick  8: teambinary leads KD, rootbotz plays 10C -> teambinary wins
  Trick  9: teambinary leads KC, rootbotz plays QC -> teambinary wins
  Trick 10: teambinary leads 9D, rootbotz plays 10H -> teambinary wins
  Trick 11: teambinary leads JH, rootbotz plays QH -> rootbotz wins
  Trick 12: rootbotz leads KH, teambinary plays JC -> rootbotz wins
  Hand: teambinary +28 / rootbotz +6 (tricks 7-5)
  Match total: teambinary 28 - 6 rootbotz
Players: teambinary vs rootbotz
Dealer: rootbotz  |  Elder: teambinary
Match scores: 28 - 6
Talon (8): 7C 9C 10C KC 9D KD 7H 8S
teambinary hand: QC 7D JD QD 9H JH KH AH 10S JS QS AS
rootbotz hand: 8C JC AC 8D 10D AD 8H 10H QH 7S 9S KS
  Exchange teambinary: discard 7D 9H -> draw 10C 7H (talon 6 left)
  Exchange rootbotz: discard 8C JC 8D 10D 7S 9S -> draw 7C 9C KC 9D KD 8S (talon 0 left)

--- Phase: declare ---
  Declare point: teambinary wins 4 pts (('point', 4, 'S'))
  Declare sequence: teambinary wins 3 pts (('sequence', 3, 12, 'S'))
  Declare set: rootbotz wins 3 pts (('set', 3, 13))

--- Phase: tricks ---
  Trick  1: teambinary leads AS, rootbotz plays 8S -> teambinary wins
  Trick  2: teambinary leads AH, rootbotz plays 8H -> teambinary wins
  Trick  3: teambinary leads QS, rootbotz plays KS -> rootbotz wins
  Trick  4: rootbotz leads AD, teambinary plays JD -> rootbotz wins
  Trick  5: rootbotz leads AC, teambinary plays 10C -> rootbotz wins
  Trick  6: rootbotz leads KD, teambinary plays QD -> rootbotz wins
  Trick  7: rootbotz leads KC, teambinary plays QC -> rootbotz wins
  Trick  8: rootbotz leads 10H, teambinary plays JH -> teambinary wins
  Trick  9: teambinary leads JS, rootbotz plays 7C -> teambinary wins
  Trick 10: teambinary leads KH, rootbotz plays QH -> teambinary wins
  Trick 11: teambinary leads 10S, rootbotz plays 9C -> teambinary wins
  Trick 12: teambinary leads 7H, rootbotz plays 9D -> teambinary wins
  Hand: teambinary +25 / rootbotz +8 (tricks 7-5)
  Match total: teambinary 53 - 14 rootbotz
Players: teambinary vs rootbotz
Dealer: teambinary  |  Elder: rootbotz
Match scores: 53 - 14
Talon (8): 8C 9C KC 8D JD 9S JS AS
teambinary hand: 10C JC 7D 9D QD AD 8H 10H QH AH 10S QS
rootbotz hand: 7C QC AC 10D KD 7H 9H JH KH 7S 8S KS
  Exchange rootbotz: discard 7C 10D 9H 7S 8S -> draw 8C KC 8D 9S AS (talon 3 left)
  Exchange teambinary: discard 7D 9D 8H -> draw 9C JD JS (talon 0 left)

--- Phase: declare ---
  Declare point: rootbotz wins 4 pts (('point', 4, 'C'))
  Declare sequence: rootbotz wins 3 pts (('sequence', 3, 14, 'C'))
  Declare set: rootbotz wins 14 pts (('set', 4, 13))

--- Phase: tricks ---
  Trick  1: rootbotz leads AS, teambinary plays 10S -> rootbotz wins
  Trick  2: rootbotz leads AC, teambinary plays 9C -> rootbotz wins
  Trick  3: rootbotz leads QC, teambinary plays 10C -> rootbotz wins
  Trick  4: rootbotz leads KS, teambinary plays JS -> rootbotz wins
  Trick  5: rootbotz leads KC, teambinary plays JC -> rootbotz wins
  Trick  6: rootbotz leads KH, teambinary plays AH -> teambinary wins
  Trick  7: teambinary leads AD, rootbotz plays 8D -> teambinary wins
  Trick  8: teambinary leads QH, rootbotz plays 7H -> teambinary wins
  Trick  9: teambinary leads QD, rootbotz plays KD -> rootbotz wins
  Trick 10: rootbotz leads JH, teambinary plays 10H -> rootbotz wins
  Trick 11: rootbotz leads 8C, teambinary plays JD -> rootbotz wins
  Trick 12: rootbotz leads 9S, teambinary plays QS -> teambinary wins
  Hand: teambinary +5 / rootbotz +39 (tricks 4-8)
  Match total: teambinary 58 - 53 rootbotz
Players: teambinary vs rootbotz
Dealer: rootbotz  |  Elder: teambinary
Match scores: 58 - 53
Talon (8): 10C 9D JD QD KD JH 7S 8S
teambinary hand: 9C 7D 8D 10D AD 7H 8H 10H KH AH 10S KS
rootbotz hand: 7C 8C JC QC KC AC 9H QH 9S JS QS AS
  Exchange teambinary: discard 9C 7D 8D 7H 8H -> draw 10C QD JH 7S 8S (talon 3 left)
  Exchange rootbotz: discard 7C 9H JS -> draw 9D JD KD (talon 0 left)

--- Phase: declare ---
  Declare point: rootbotz wins 5 pts (('point', 5, 'C'))
  Declare sequence: rootbotz wins 4 pts (('sequence', 4, 14, 'C'))
  Declare set: rootbotz wins 3 pts (('set', 3, 12))

--- Phase: tricks ---
  Trick  1: teambinary leads AH, rootbotz plays QH -> teambinary wins
  Trick  2: teambinary leads AD, rootbotz plays 9D -> teambinary wins
  Trick  3: teambinary leads KS, rootbotz plays AS -> rootbotz wins
  Trick  4: rootbotz leads AC, teambinary plays 10C -> rootbotz wins
  Trick  5: rootbotz leads JC, teambinary plays 7S -> rootbotz wins
  Trick  6: rootbotz leads QS, teambinary plays 8S -> rootbotz wins
  Trick  7: rootbotz leads QC, teambinary plays 10D -> rootbotz wins
  Trick  8: rootbotz leads KD, teambinary plays QD -> rootbotz wins
  Trick  9: rootbotz leads JD, teambinary plays 10H -> rootbotz wins
  Trick 10: rootbotz leads KC, teambinary plays 10S -> rootbotz wins
  Trick 11: rootbotz leads 8C, teambinary plays JH -> rootbotz wins
  Trick 12: rootbotz leads 9S, teambinary plays KH -> rootbotz wins
  Hand: teambinary +2 / rootbotz +33 (tricks 2-10)
  Match total: teambinary 60 - 86 rootbotz
Players: teambinary vs rootbotz
Dealer: teambinary  |  Elder: rootbotz
Match scores: 60 - 86
Talon (8): 10C JC KC 8D KD AD 7H 10S
teambinary hand: 7C 9C 7D 9D 10D JD 8H JH QH 9S KS AS
rootbotz hand: 8C QC AC QD 9H 10H KH AH 7S 8S JS QS
  Exchange rootbotz: discard 8C 9H 7S 8S JS -> draw 10C JC KC 8D KD (talon 3 left)
  Exchange teambinary: discard 7C 7D 8H -> draw AD 7H 10S (talon 0 left)

--- Phase: declare ---
  Declare point: rootbotz wins 5 pts (('point', 5, 'C'))
  Declare sequence: rootbotz wins 10 pts (('sequence', 5, 14, 'C'))
  Declare set: rootbotz wins 3 pts (('set', 3, 13))

--- Phase: tricks ---
  Trick  1: rootbotz leads AH, teambinary plays 7H -> rootbotz wins
  Trick  2: rootbotz leads AC, teambinary plays 9C -> rootbotz wins
  Trick  3: rootbotz leads 10C, teambinary plays 9D -> rootbotz wins
  Trick  4: rootbotz leads JC, teambinary plays 9S -> rootbotz wins
  Trick  5: rootbotz leads QC, teambinary plays 10D -> rootbotz wins
  Trick  6: rootbotz leads KH, teambinary plays JH -> rootbotz wins
  Trick  7: rootbotz leads KC, teambinary plays 10S -> rootbotz wins
  Trick  8: rootbotz leads QD, teambinary plays AD -> teambinary wins
  Trick  9: teambinary leads AS, rootbotz plays QS -> teambinary wins
  Trick 10: teambinary leads QH, rootbotz plays 10H -> teambinary wins
  Trick 11: teambinary leads JD, rootbotz plays KD -> rootbotz wins
  Trick 12: rootbotz leads 8D, teambinary plays KS -> rootbotz wins
  Hand: teambinary +3 / rootbotz +38 (tricks 3-9)
  Match total: teambinary 63 - 124 rootbotz
  Final: teambinary 63 - 124 rootbotz
  Winner: rootbotz

============================================================
Game 17
============================================================
Players: rootbotz vs teambinary
Dealer: rootbotz  |  Elder: teambinary
Match scores: 0 - 0
Talon (8): 8C JC 7D 8D QD 8H 9H JS
rootbotz hand: 7C 10D KD AD JH KH AH 7S 9S 10S KS AS
teambinary hand: 9C 10C QC KC AC 9D JD 7H 10H QH 8S QS
  Exchange teambinary: discard 9C 9D 7H 8S -> draw 8C QD 9H JS (talon 4 left)
  Exchange rootbotz: discard 7C 10D JH 7S -> draw JC 7D 8D 8H (talon 0 left)

--- Phase: declare ---
  Declare point: teambinary wins 5 pts (('point', 5, 'C'))
  Declare sequence: teambinary wins 3 pts (('sequence', 3, 14, 'C'))
  Declare set: rootbotz wins 3 pts (('set', 3, 14))

--- Phase: tricks ---
  Trick  1: teambinary leads AC, rootbotz plays JC -> teambinary wins
  Trick  2: teambinary leads KC, rootbotz plays 7D -> teambinary wins
  Trick  3: teambinary leads QC, rootbotz plays 8H -> teambinary wins
  Trick  4: teambinary leads QH, rootbotz plays KH -> rootbotz wins
  Trick  5: rootbotz leads AS, teambinary plays JS -> rootbotz wins
  Trick  6: rootbotz leads AH, teambinary plays 9H -> rootbotz wins
  Trick  7: rootbotz leads AD, teambinary plays JD -> rootbotz wins
  Trick  8: rootbotz leads KS, teambinary plays QS -> rootbotz wins
  Trick  9: rootbotz leads KD, teambinary plays QD -> rootbotz wins
  Trick 10: rootbotz leads 8D, teambinary plays 8C -> rootbotz wins
  Trick 11: rootbotz leads 9S, teambinary plays 10C -> rootbotz wins
  Trick 12: rootbotz leads 10S, teambinary plays 10H -> rootbotz wins
  Hand: rootbotz +23 / teambinary +11 (tricks 9-3)
  Match total: rootbotz 23 - 11 teambinary
Players: rootbotz vs teambinary
Dealer: teambinary  |  Elder: rootbotz
Match scores: 23 - 11
Talon (8): 7C 10C KC KD 7H 8H AH 8S
rootbotz hand: 8C AC 8D 9D 10D 9H QH KH 7S 10S QS KS
teambinary hand: 9C JC QC 7D JD QD AD 10H JH 9S JS AS
  Exchange rootbotz: discard 9H QH 7S 10S QS -> draw 7C 10C KD 7H AH (talon 3 left)
  Exchange teambinary: discard 9C 7D 9S -> draw KC 8H 8S (talon 0 left)

--- Phase: declare ---
  Declare point: rootbotz wins 4 pts (('point', 4, 'D'))
  Declare sequence: teambinary wins 3 pts (('sequence', 3, 13, 'C'))
  Declare set: rootbotz wins 3 pts (('set', 3, 13))

--- Phase: tricks ---
  Trick  1: rootbotz leads AH, teambinary plays 8H -> rootbotz wins
  Trick  2: rootbotz leads AC, teambinary plays JC -> rootbotz wins
  Trick  3: rootbotz leads KH, teambinary plays 10H -> rootbotz wins
  Trick  4: rootbotz leads KS, teambinary plays AS -> teambinary wins
  Trick  5: teambinary leads AD, rootbotz plays 8D -> teambinary wins
  Trick  6: teambinary leads JS, rootbotz plays 7H -> teambinary wins
  Trick  7: teambinary leads QD, rootbotz plays KD -> rootbotz wins
  Trick  8: rootbotz leads 9D, teambinary plays JD -> teambinary wins
  Trick  9: teambinary leads KC, rootbotz plays 7C -> teambinary wins
  Trick 10: teambinary leads JH, rootbotz plays 8C -> teambinary wins
  Trick 11: teambinary leads QC, rootbotz plays 10C -> teambinary wins
  Trick 12: teambinary leads 8S, rootbotz plays 10D -> teambinary wins
  Hand: rootbotz +11 / teambinary +22 (tricks 4-8)
  Match total: rootbotz 34 - 33 teambinary
Players: rootbotz vs teambinary
Dealer: rootbotz  |  Elder: teambinary
Match scores: 34 - 33
Talon (8): 7C 8C JC 9D 10D 7H QH QS
rootbotz hand: 9C KC 8D JD KD AD 10H JH 8S 9S JS KS
teambinary hand: 10C QC AC 7D QD 8H 9H KH AH 7S 10S AS
  Exchange teambinary: discard 7D 8H 9H 7S -> draw 8C JC 9D 7H (talon 4 left)
  Exchange rootbotz: discard 9C 8D JD 10H -> draw 7C 10D QH QS (talon 0 left)

--- Phase: declare ---
  Declare point: teambinary wins 5 pts (('point', 5, 'C'))
  Declare sequence: rootbotz wins 3 pts (('sequence', 3, 13, 'S'))
  Declare set: teambinary wins 3 pts (('set', 3, 14))

--- Phase: tricks ---
  Trick  1: teambinary leads AH, rootbotz plays JH -> teambinary wins
  Trick  2: teambinary leads AS, rootbotz plays 8S -> teambinary wins
  Trick  3: teambinary leads AC, rootbotz plays 7C -> teambinary wins
  Trick  4: teambinary leads QC, rootbotz plays KC -> rootbotz wins
  Trick  5: rootbotz leads AD, teambinary plays 9D -> rootbotz wins
  Trick  6: rootbotz leads KD, teambinary plays QD -> rootbotz wins
  Trick  7: rootbotz leads 10D, teambinary plays 7H -> rootbotz wins
  Trick  8: rootbotz leads 9S, teambinary plays 10S -> teambinary wins
  Trick  9: teambinary leads JC, rootbotz plays JS -> teambinary wins
  Trick 10: teambinary leads 10C, rootbotz plays QH -> teambinary wins
  Trick 11: teambinary leads KH, rootbotz plays QS -> teambinary wins
  Trick 12: teambinary leads 8C, rootbotz plays KS -> teambinary wins
  Hand: rootbotz +7 / teambinary +27 (tricks 4-8)
  Match total: rootbotz 41 - 60 teambinary
Players: rootbotz vs teambinary
Dealer: teambinary  |  Elder: rootbotz
Match scores: 41 - 60
Talon (8): 9C 10C KC JD KD 9H 7S 10S
rootbotz hand: 7C 8C JC QC 10D QD 7H 8H 10H JS KS AS
teambinary hand: AC 7D 8D 9D AD JH QH KH AH 8S 9S QS
  Exchange rootbotz: discard 7C 8C 10D 8H 10H -> draw 9C KC JD 9H 7S (talon 3 left)
  Exchange teambinary: discard 8S 9S -> draw 10C KD (talon 1 left)

--- Phase: declare ---
  Declare point: teambinary wins 5 pts (('point', 5, 'D'))
  Declare sequence: teambinary wins 4 pts (('sequence', 4, 14, 'H'))
  Declare set: teambinary wins 3 pts (('set', 3, 14))

--- Phase: tricks ---
  Trick  1: rootbotz leads AS, teambinary plays QS -> rootbotz wins
  Trick  2: rootbotz leads KS, teambinary plays 7D -> rootbotz wins
  Trick  3: rootbotz leads JS, teambinary plays 8D -> rootbotz wins
  Trick  4: rootbotz leads 7H, teambinary plays JH -> teambinary wins
  Trick  5: teambinary leads AD, rootbotz plays JD -> teambinary wins
  Trick  6: teambinary leads AC, rootbotz plays 9C -> teambinary wins
  Trick  7: teambinary leads AH, rootbotz plays 9H -> teambinary wins
  Trick  8: teambinary leads KD, rootbotz plays QD -> teambinary wins
  Trick  9: teambinary leads KH, rootbotz plays 7S -> teambinary wins
  Trick 10: teambinary leads 9D, rootbotz plays JC -> teambinary wins
  Trick 11: teambinary leads QH, rootbotz plays QC -> teambinary wins
  Trick 12: teambinary leads 10C, rootbotz plays KC -> rootbotz wins
  Hand: rootbotz +5 / teambinary +30 (tricks 4-8)
  Match total: rootbotz 46 - 90 teambinary
Players: rootbotz vs teambinary
Dealer: rootbotz  |  Elder: teambinary
Match scores: 46 - 90
Talon (8): 8C QC 9D KD 8H 9H 10H AH
rootbotz hand: 7C 9C AC 8D 10D QH KH 7S 8S JS QS AS
teambinary hand: 10C JC KC 7D JD QD AD 7H JH 9S 10S KS
  Exchange teambinary: discard 7D 7H 9S -> draw 8C 9D 10H (talon 5 left)
  Exchange rootbotz: discard 7C 9C 8D 10D KH -> draw QC KD 8H 9H AH (talon 0 left)

--- Phase: declare ---
  Declare point: rootbotz wins 5 pts (('point', 5, 'S'))
  Declare set: rootbotz wins 3 pts (('set', 3, 14))

--- Phase: tricks ---
  Trick  1: teambinary leads AD, rootbotz plays KD -> teambinary wins
  Trick  2: teambinary leads KC, rootbotz plays AC -> rootbotz wins
  Trick  3: rootbotz leads AS, teambinary plays 10S -> rootbotz wins
  Trick  4: rootbotz leads AH, teambinary plays 10H -> rootbotz wins
  Trick  5: rootbotz leads QH, teambinary plays JH -> rootbotz wins
  Trick  6: rootbotz leads QC, teambinary plays 8C -> rootbotz wins
  Trick  7: rootbotz leads JS, teambinary plays KS -> teambinary wins
  Trick  8: teambinary leads QD, rootbotz plays 7S -> teambinary wins
  Trick  9: teambinary leads JC, rootbotz plays 8S -> teambinary wins
  Trick 10: teambinary leads JD, rootbotz plays 8H -> teambinary wins
  Trick 11: teambinary leads 10C, rootbotz plays 9H -> teambinary wins
  Trick 12: teambinary leads 9D, rootbotz plays QS -> teambinary wins
  Hand: rootbotz +13 / teambinary +18 (tricks 5-7)
  Match total: rootbotz 59 - 108 teambinary
  Final: rootbotz 59 - 108 teambinary
  Winner: teambinary

============================================================
Game 18
============================================================
Players: teambinary vs rootbotz
Dealer: teambinary  |  Elder: rootbotz
Match scores: 0 - 0
Talon (8): 9C 10C 7D 10D KD 9S 10S AS
teambinary hand: 7C JC QC KC AC AD 7H 9H JH QH 7S KS
rootbotz hand: 8C 8D 9D JD QD 8H 10H KH AH 8S JS QS
  Exchange rootbotz: discard 8C 8H 10H 8S QS -> draw 9C 10C 7D KD AS (talon 3 left)
  Exchange teambinary: discard 7C 7H 7S -> draw 10D 9S 10S (talon 0 left)

--- Phase: declare ---
  Declare point: rootbotz wins 6 pts (('point', 6, 'D'))
  Declare sequence: teambinary wins 4 pts (('sequence', 4, 14, 'C'))

--- Phase: tricks ---
  Trick  1: rootbotz leads AS, teambinary plays 9S -> rootbotz wins
  Trick  2: rootbotz leads AH, teambinary plays 9H -> rootbotz wins
  Trick  3: rootbotz leads KH, teambinary plays JH -> rootbotz wins
  Trick  4: rootbotz leads JS, teambinary plays KS -> teambinary wins
  Trick  5: teambinary leads AC, rootbotz plays 9C -> teambinary wins
  Trick  6: teambinary leads AD, rootbotz plays 7D -> teambinary wins
  Trick  7: teambinary leads KC, rootbotz plays 10C -> teambinary wins
  Trick  8: teambinary leads QC, rootbotz plays 8D -> teambinary wins
  Trick  9: teambinary leads JC, rootbotz plays 9D -> teambinary wins
  Trick 10: teambinary leads QH, rootbotz plays JD -> teambinary wins
  Trick 11: teambinary leads 10S, rootbotz plays QD -> teambinary wins
  Trick 12: teambinary leads 10D, rootbotz plays KD -> rootbotz wins
  Hand: teambinary +22 / rootbotz +11 (tricks 8-4)
  Match total: teambinary 22 - 11 rootbotz
Players: teambinary vs rootbotz
Dealer: rootbotz  |  Elder: teambinary
Match scores: 22 - 11
Talon (8): 7C 8C 8D JD 9H 10H QH 10S
teambinary hand: 9C JC KC AC 7D 10D KD 8H JH 9S KS AS
rootbotz hand: 10C QC 9D QD AD 7H KH AH 7S 8S JS QS
  Exchange teambinary: discard 9C 7D 8H 9S -> draw JD 9H 10H 10S (talon 4 left)
  Exchange rootbotz: discard 9D 7H 7S 8S -> draw 7C 8C 8D QH (talon 0 left)

--- Phase: declare ---
  Declare point: rootbotz wins 4 pts (('point', 4, 'C'))
  Declare sequence: rootbotz wins 3 pts (('sequence', 3, 14, 'H'))
  Declare set: teambinary wins 3 pts (('set', 3, 13))

--- Phase: tricks ---
  Trick  1: teambinary leads AC, rootbotz plays 7C -> teambinary wins
  Trick  2: teambinary leads AS, rootbotz plays JS -> teambinary wins
  Trick  3: teambinary leads JH, rootbotz plays QH -> rootbotz wins
  Trick  4: rootbotz leads AH, teambinary plays 9H -> rootbotz wins
  Trick  5: rootbotz leads AD, teambinary plays 10D -> rootbotz wins
  Trick  6: rootbotz leads KH, teambinary plays 10H -> rootbotz wins
  Trick  7: rootbotz leads 8D, teambinary plays JD -> teambinary wins
  Trick  8: teambinary leads KC, rootbotz plays 8C -> teambinary wins
  Trick  9: teambinary leads KS, rootbotz plays QS -> teambinary wins
  Trick 10: teambinary leads KD, rootbotz plays QD -> teambinary wins
  Trick 11: teambinary leads JC, rootbotz plays QC -> rootbotz wins
  Trick 12: rootbotz leads 10C, teambinary plays 10S -> rootbotz wins
  Hand: teambinary +9 / rootbotz +14 (tricks 6-6)
  Match total: teambinary 31 - 25 rootbotz
Players: teambinary vs rootbotz
Dealer: teambinary  |  Elder: rootbotz
Match scores: 31 - 25
Talon (8): KC 9D JD 9H 7S 8S JS QS
teambinary hand: QC AC 7D 8D 10D KD AD 8H JH KH 10S KS
rootbotz hand: 7C 8C 9C 10C JC QD 7H 10H QH AH 9S AS
  Exchange rootbotz: discard QD 7H 10H 9S -> draw KC JD 9H 7S (talon 4 left)
  Exchange teambinary: discard 7D 8D 8H -> draw 9D JS QS (talon 1 left)

--- Phase: declare ---
  Declare point: rootbotz wins 6 pts (('point', 6, 'C'))
  Declare sequence: rootbotz wins 10 pts (('sequence', 5, 11, 'C'))
  Declare set: teambinary wins 3 pts (('set', 3, 13))

--- Phase: tricks ---
  Trick  1: rootbotz leads AS, teambinary plays 10S -> rootbotz wins
  Trick  2: rootbotz leads AH, teambinary plays JH -> rootbotz wins
  Trick  3: rootbotz leads KC, teambinary plays AC -> teambinary wins
  Trick  4: teambinary leads AD, rootbotz plays JD -> teambinary wins
  Trick  5: teambinary leads KD, rootbotz plays 7S -> teambinary wins
  Trick  6: teambinary leads KS, rootbotz plays 7C -> teambinary wins
  Trick  7: teambinary leads 10D, rootbotz plays 8C -> teambinary wins
  Trick  8: teambinary leads QS, rootbotz plays 9H -> teambinary wins
  Trick  9: teambinary leads QC, rootbotz plays 9C -> teambinary wins
  Trick 10: teambinary leads KH, rootbotz plays QH -> teambinary wins
  Trick 11: teambinary leads JS, rootbotz plays 10C -> teambinary wins
  Trick 12: teambinary leads 9D, rootbotz plays JC -> teambinary wins
  Hand: teambinary +24 / rootbotz +18 (tricks 10-2)
  Match total: teambinary 55 - 43 rootbotz
Players: teambinary vs rootbotz
Dealer: rootbotz  |  Elder: teambinary
Match scores: 55 - 43
Talon (8): JC KC 7D 9D KD 7S 9S JS
teambinary hand: 7C 8C 9C 10C 10D 7H 8H QH AH 10S KS AS
rootbotz hand: QC AC 8D JD QD AD 9H 10H JH KH 8S QS
  Exchange teambinary: discard 7H 8H -> draw 9D 9S (talon 6 left)
  Exchange rootbotz: discard 8D JD AD 8S -> draw JC KC 7S JS (talon 2 left)

--- Phase: declare ---
  Declare point: rootbotz wins 4 pts (('point', 4, 'C'))
  Declare sequence: rootbotz wins 4 pts (('sequence', 4, 14, 'C'))
  Declare set: rootbotz wins 3 pts (('set', 3, 12))

--- Phase: tricks ---
  Trick  1: teambinary leads AS, rootbotz plays 7S -> teambinary wins
  Trick  2: teambinary leads AH, rootbotz plays 9H -> teambinary wins
  Trick  3: teambinary leads 10C, rootbotz plays JC -> rootbotz wins
  Trick  4: rootbotz leads AC, teambinary plays 7C -> rootbotz wins
  Trick  5: rootbotz leads QC, teambinary plays 8C -> rootbotz wins
  Trick  6: rootbotz leads KH, teambinary plays QH -> rootbotz wins
  Trick  7: rootbotz leads KC, teambinary plays 9C -> rootbotz wins
  Trick  8: rootbotz leads 10H, teambinary plays 9D -> rootbotz wins
  Trick  9: rootbotz leads JS, teambinary plays KS -> teambinary wins
  Trick 10: teambinary leads 10S, rootbotz plays QS -> rootbotz wins
  Trick 11: rootbotz leads JH, teambinary plays 9S -> rootbotz wins
  Trick 12: rootbotz leads QD, teambinary plays 10D -> rootbotz wins
  Hand: teambinary +3 / rootbotz +31 (tricks 3-9)
  Match total: teambinary 58 - 74 rootbotz
Players: teambinary vs rootbotz
Dealer: teambinary  |  Elder: rootbotz
Match scores: 58 - 74
Talon (8): QC KC 10D QD KD 7H 10S AS
teambinary hand: 7C 9C JC AC 7D AD 8H 9H 10H JH AH 8S
rootbotz hand: 8C 10C 8D 9D JD QH KH 7S 9S JS QS KS
  Exchange rootbotz: discard 8C 10C 8D 9D QH -> draw 10D QD 7H 10S AS (talon 3 left)
  Exchange teambinary: discard 7C 7D 8S -> draw QC KC KD (talon 0 left)

--- Phase: declare ---
  Declare point: rootbotz wins 7 pts (('point', 7, 'S'))
  Declare sequence: rootbotz wins 11 pts (('sequence', 6, 14, 'S'))
  Declare set: teambinary wins 3 pts (('set', 3, 14))

--- Phase: tricks ---
  Trick  1: rootbotz leads AS, teambinary plays 8H -> rootbotz wins
  Trick  2: rootbotz leads 9S, teambinary plays 9C -> rootbotz wins
  Trick  3: rootbotz leads 10S, teambinary plays 9H -> rootbotz wins
  Trick  4: rootbotz leads JS, teambinary plays 10H -> rootbotz wins
  Trick  5: rootbotz leads QS, teambinary plays JC -> rootbotz wins
  Trick  6: rootbotz leads KS, teambinary plays JH -> rootbotz wins
  Trick  7: rootbotz leads 7S, teambinary plays QC -> rootbotz wins
  Trick  8: rootbotz leads 10D, teambinary plays KD -> teambinary wins
  Trick  9: teambinary leads AC, rootbotz plays 7H -> teambinary wins
  Trick 10: teambinary leads AD, rootbotz plays JD -> teambinary wins
  Trick 11: teambinary leads AH, rootbotz plays KH -> teambinary wins
  Trick 12: teambinary leads KC, rootbotz plays QD -> teambinary wins
  Hand: teambinary +9 / rootbotz +35 (tricks 5-7)
  Match total: teambinary 67 - 109 rootbotz
  Final: teambinary 67 - 109 rootbotz
  Winner: rootbotz

============================================================
Game 19
============================================================
Players: rootbotz vs teambinary
Dealer: rootbotz  |  Elder: teambinary
Match scores: 0 - 0
Talon (8): 9C 7D 10D 8H 10H QH 7S QS
rootbotz hand: 7C KC AC QD KD AD 7H JH KH AH 8S 10S
teambinary hand: 8C 10C JC QC 8D 9D JD 9H 9S JS KS AS
  Exchange teambinary: discard 8C 8D 9D 9H 9S -> draw 7D 8H QH 7S QS (talon 3 left)
  Exchange rootbotz: discard 7H JH 8S -> draw 9C 10D 10H (talon 0 left)

--- Phase: declare ---
  Declare point: teambinary wins 5 pts (('point', 5, 'S'))
  Declare sequence: teambinary wins 4 pts (('sequence', 4, 14, 'S'))
  Declare set: rootbotz wins 3 pts (('set', 3, 14))

--- Phase: tricks ---
  Trick  1: teambinary leads AS, rootbotz plays 10S -> teambinary wins
  Trick  2: teambinary leads KS, rootbotz plays 7C -> teambinary wins
  Trick  3: teambinary leads QS, rootbotz plays 9C -> teambinary wins
  Trick  4: teambinary leads QC, rootbotz plays KC -> rootbotz wins
  Trick  5: rootbotz leads AH, teambinary plays 8H -> rootbotz wins
  Trick  6: rootbotz leads AD, teambinary plays 7D -> rootbotz wins
  Trick  7: rootbotz leads AC, teambinary plays 10C -> rootbotz wins
  Trick  8: rootbotz leads 10D, teambinary plays JD -> teambinary wins
  Trick  9: teambinary leads JS, rootbotz plays 10H -> teambinary wins
  Trick 10: teambinary leads JC, rootbotz plays QD -> teambinary wins
  Trick 11: teambinary leads QH, rootbotz plays KH -> rootbotz wins
  Trick 12: rootbotz leads KD, teambinary plays 7S -> rootbotz wins
  Hand: rootbotz +10 / teambinary +15 (tricks 6-6)
  Match total: rootbotz 10 - 15 teambinary
Players: rootbotz vs teambinary
Dealer: teambinary  |  Elder: rootbotz
Match scores: 10 - 15
Talon (8): 7D 9D 10D JD QD 9H QH 10S
rootbotz hand: 7C 8C JC QC AD 7H 7S 8S 9S QS KS AS
teambinary hand: 9C 10C KC AC 8D KD 8H 10H JH KH AH JS
  Exchange rootbotz: discard 7C 8C JC 7H 7S -> draw 7D 9D QD 9H 10S (talon 3 left)
  Exchange teambinary: discard 9C 8D 8H -> draw 10D JD QH (talon 0 left)

--- Phase: declare ---
  Declare point: rootbotz wins 6 pts (('point', 6, 'S'))
  Declare sequence: teambinary wins 10 pts (('sequence', 5, 14, 'H'))
  Declare set: teambinary wins 3 pts (('set', 3, 13))

--- Phase: tricks ---
  Trick  1: rootbotz leads AS, teambinary plays JS -> rootbotz wins
  Trick  2: rootbotz leads AD, teambinary plays 10D -> rootbotz wins
  Trick  3: rootbotz leads QS, teambinary plays 10C -> rootbotz wins
  Trick  4: rootbotz leads KS, teambinary plays 10H -> rootbotz wins
  Trick  5: rootbotz leads 8S, teambinary plays JD -> rootbotz wins
  Trick  6: rootbotz leads 9S, teambinary plays JH -> rootbotz wins
  Trick  7: rootbotz leads 10S, teambinary plays QH -> rootbotz wins
  Trick  8: rootbotz leads 7D, teambinary plays KD -> teambinary wins
  Trick  9: teambinary leads AC, rootbotz plays QC -> teambinary wins
  Trick 10: teambinary leads AH, rootbotz plays 9H -> teambinary wins
  Trick 11: teambinary leads KC, rootbotz plays 9D -> teambinary wins
  Trick 12: teambinary leads KH, rootbotz plays QD -> teambinary wins
  Hand: rootbotz +23 / teambinary +19 (tricks 7-5)
  Match total: rootbotz 33 - 34 teambinary
Players: rootbotz vs teambinary
Dealer: rootbotz  |  Elder: teambinary
Match scores: 33 - 34
Talon (8): JC KC 8D 10D QD KD QH 10S
rootbotz hand: 8C 9C AD 9H 10H JH AH 7S 8S 9S JS QS
teambinary hand: 7C 10C QC AC 7D 9D JD 7H 8H KH KS AS
  Exchange teambinary: discard 7C 7D 9D 7H 8H -> draw JC 8D QD KD 10S (talon 3 left)
  Exchange rootbotz: discard 8C 9C 7S -> draw KC 10D QH (talon 0 left)

--- Phase: declare ---
  Declare point: rootbotz wins 5 pts (('point', 5, 'H'))
  Declare sequence: rootbotz wins 4 pts (('sequence', 4, 12, 'H'))
  Declare set: teambinary wins 3 pts (('set', 3, 13))

--- Phase: tricks ---
  Trick  1: teambinary leads AC, rootbotz plays KC -> teambinary wins
  Trick  2: teambinary leads AS, rootbotz plays 8S -> teambinary wins
  Trick  3: teambinary leads KD, rootbotz plays AD -> rootbotz wins
  Trick  4: rootbotz leads AH, teambinary plays KH -> rootbotz wins
  Trick  5: rootbotz leads 9H, teambinary plays 8D -> rootbotz wins
  Trick  6: rootbotz leads 10H, teambinary plays 10C -> rootbotz wins
  Trick  7: rootbotz leads 10D, teambinary plays JD -> teambinary wins
  Trick  8: teambinary leads QC, rootbotz plays 9S -> teambinary wins
  Trick  9: teambinary leads KS, rootbotz plays JS -> teambinary wins
  Trick 10: teambinary leads 10S, rootbotz plays QS -> rootbotz wins
  Trick 11: rootbotz leads JH, teambinary plays JC -> rootbotz wins
  Trick 12: rootbotz leads QH, teambinary plays QD -> rootbotz wins
  Hand: rootbotz +27 / teambinary +8 (tricks 7-5)
  Match total: rootbotz 60 - 42 teambinary
Players: rootbotz vs teambinary
Dealer: teambinary  |  Elder: rootbotz
Match scores: 60 - 42
Talon (8): 7C 8C QC KC 9D 8H 10H 9S
rootbotz hand: JC 7D 10D JD KD JH KH AH 8S 10S JS KS
teambinary hand: 9C 10C AC 8D QD AD 7H 9H QH 7S QS AS
  Exchange rootbotz: discard 7D 10D KD 10S KS -> draw 7C 8C QC 9D 9S (talon 3 left)
  Exchange teambinary: discard 8D 7H 7S -> draw KC 8H 10H (talon 0 left)

--- Phase: declare ---
  Declare point: teambinary wins 4 pts (('point', 4, 'C'))
  Declare sequence: teambinary wins 3 pts (('sequence', 3, 10, 'H'))
  Declare set: teambinary wins 3 pts (('set', 3, 14))

--- Phase: tricks ---
  Trick  1: rootbotz leads AH, teambinary plays 8H -> rootbotz wins
  Trick  2: rootbotz leads KH, teambinary plays 9H -> rootbotz wins
  Trick  3: rootbotz leads JH, teambinary plays QH -> teambinary wins
  Trick  4: teambinary leads AS, rootbotz plays 8S -> teambinary wins
  Trick  5: teambinary leads AC, rootbotz plays 7C -> teambinary wins
  Trick  6: teambinary leads AD, rootbotz plays 9D -> teambinary wins
  Trick  7: teambinary leads KC, rootbotz plays 8C -> teambinary wins
  Trick  8: teambinary leads 10C, rootbotz plays JC -> rootbotz wins
  Trick  9: rootbotz leads QC, teambinary plays 9C -> rootbotz wins
  Trick 10: rootbotz leads 9S, teambinary plays QS -> teambinary wins
  Trick 11: teambinary leads QD, rootbotz plays JD -> teambinary wins
  Trick 12: teambinary leads 10H, rootbotz plays JS -> teambinary wins
  Hand: rootbotz +4 / teambinary +29 (tricks 4-8)
  Match total: rootbotz 64 - 71 teambinary
Players: rootbotz vs teambinary
Dealer: rootbotz  |  Elder: teambinary
Match scores: 64 - 71
Talon (8): 10C KC 7D 7H 8H 9H QH QS
rootbotz hand: 9C JC QC 8D KD AD 10H JH AH 8S 10S KS
teambinary hand: 7C 8C AC 9D 10D JD QD KH 7S 9S JS AS
  Exchange teambinary: discard 7C 8C 7S 9S -> draw KC 7H 9H QH (talon 4 left)
  Exchange rootbotz: discard 8D 10H 8S 10S -> draw 10C 7D 8H QS (talon 0 left)

--- Phase: declare ---

--- Phase: tricks ---
  Trick  1: teambinary leads AC, rootbotz plays 9C -> teambinary wins
  Trick  2: teambinary leads AS, rootbotz plays QS -> teambinary wins
  Trick  3: teambinary leads QD, rootbotz plays KD -> rootbotz wins
  Trick  4: rootbotz leads AH, teambinary plays 7H -> rootbotz wins
  Trick  5: rootbotz leads AD, teambinary plays 9D -> rootbotz wins
  Trick  6: rootbotz leads KS, teambinary plays JS -> rootbotz wins
  Trick  7: rootbotz leads 10C, teambinary plays KC -> teambinary wins
  Trick  8: teambinary leads KH, rootbotz plays 8H -> teambinary wins
  Trick  9: teambinary leads JD, rootbotz plays 7D -> teambinary wins
  Trick 10: teambinary leads QH, rootbotz plays JH -> teambinary wins
  Trick 11: teambinary leads 10D, rootbotz plays JC -> teambinary wins
  Trick 12: teambinary leads 9H, rootbotz plays QC -> teambinary wins
  Hand: rootbotz +4 / teambinary +19 (tricks 4-8)
  Match total: rootbotz 68 - 90 teambinary
Players: rootbotz vs teambinary
Dealer: teambinary  |  Elder: rootbotz
Match scores: 68 - 90
Talon (8): 9C QC AC 7D 9D QD KD 8H
rootbotz hand: 7C 8C KC 10D AD 9H AH 7S 10S QS KS AS
teambinary hand: 10C JC 8D JD 7H 10H JH QH KH 8S 9S JS
  Exchange rootbotz: discard 7C 8C 10D 9H 7S -> draw QC AC 7D 9D 8H (talon 3 left)
  Exchange teambinary: discard 8D 8S 9S -> draw 9C QD KD (talon 0 left)

--- Phase: declare ---
  Declare point: teambinary wins 5 pts (('point', 5, 'H'))
  Declare sequence: teambinary wins 4 pts (('sequence', 4, 13, 'H'))
  Declare set: rootbotz wins 14 pts (('set', 4, 14))

--- Phase: tricks ---
  Trick  1: rootbotz leads AS, teambinary plays JS -> rootbotz wins
  Trick  2: rootbotz leads AH, teambinary plays 7H -> rootbotz wins
  Trick  3: rootbotz leads AD, teambinary plays JD -> rootbotz wins
  Trick  4: rootbotz leads AC, teambinary plays 9C -> rootbotz wins
  Trick  5: rootbotz leads QS, teambinary plays 10C -> rootbotz wins
  Trick  6: rootbotz leads QC, teambinary plays JC -> rootbotz wins
  Trick  7: rootbotz leads KS, teambinary plays 10H -> rootbotz wins
  Trick  8: rootbotz leads KC, teambinary plays JH -> rootbotz wins
  Trick  9: rootbotz leads 7D, teambinary plays QD -> teambinary wins
  Trick 10: teambinary leads KH, rootbotz plays 8H -> teambinary wins
  Trick 11: teambinary leads QH, rootbotz plays 9D -> teambinary wins
  Trick 12: teambinary leads KD, rootbotz plays 10S -> teambinary wins
  Hand: rootbotz +32 / teambinary +14 (tricks 8-4)
  Match total: rootbotz 100 - 104 teambinary
  Final: rootbotz 100 - 104 teambinary
  Winner: teambinary

============================================================
Game 20
============================================================
Players: teambinary vs rootbotz
Dealer: teambinary  |  Elder: rootbotz
Match scores: 0 - 0
Talon (8): QC KC 9D JD QD 8H QH KS
teambinary hand: 8C 9C JC 7D 10D 7H 10H JH AH 7S 10S AS
rootbotz hand: 7C 10C AC 8D KD AD 9H KH 8S 9S JS QS
  Exchange rootbotz: discard 7C 10C 8D 9H KH -> draw QC 9D QD 8H QH (talon 3 left)
  Exchange teambinary: discard 7D 7H 7S -> draw KC JD KS (talon 0 left)

--- Phase: declare ---
  Declare point: rootbotz wins 4 pts (('point', 4, 'D'))
  Declare sequence: rootbotz wins 3 pts (('sequence', 3, 14, 'D'))
  Declare set: rootbotz wins 14 pts (('set', 4, 12))

--- Phase: tricks ---
  Trick  1: rootbotz leads AD, teambinary plays 10D -> rootbotz wins
  Trick  2: rootbotz leads AC, teambinary plays 8C -> rootbotz wins
  Trick  3: rootbotz leads QD, teambinary plays JD -> rootbotz wins
  Trick  4: rootbotz leads KD, teambinary plays 9C -> rootbotz wins
  Trick  5: rootbotz leads QH, teambinary plays AH -> teambinary wins
  Trick  6: teambinary leads AS, rootbotz plays 8S -> teambinary wins
  Trick  7: teambinary leads KS, rootbotz plays 9S -> teambinary wins
  Trick  8: teambinary leads KC, rootbotz plays QC -> teambinary wins
  Trick  9: teambinary leads JH, rootbotz plays 8H -> teambinary wins
  Trick 10: teambinary leads 10S, rootbotz plays JS -> rootbotz wins
  Trick 11: rootbotz leads QS, teambinary plays 10H -> rootbotz wins
  Trick 12: rootbotz leads 9D, teambinary plays JC -> rootbotz wins
  Hand: teambinary +5 / rootbotz +39 (tricks 5-7)
  Match total: teambinary 5 - 39 rootbotz
Players: teambinary vs rootbotz
Dealer: rootbotz  |  Elder: teambinary
Match scores: 5 - 39
Talon (8): 8D 9D JD KD 7H 10H 9S KS
teambinary hand: 9C 10C JC QC AC AD 8H KH AH 8S QS AS
rootbotz hand: 7C 8C KC 7D 10D QD 9H JH QH 7S 10S JS
  Exchange teambinary: discard 8H 8S -> draw 10H 9S (talon 6 left)
  Exchange rootbotz: discard 7C 8C 7D 7S 10S JS -> draw 8D 9D JD KD 7H KS (talon 0 left)

--- Phase: declare ---
  Declare point: rootbotz wins 6 pts (('point', 6, 'D'))
  Declare sequence: rootbotz wins 11 pts (('sequence', 6, 13, 'D'))
  Declare set: teambinary wins 14 pts (('set', 4, 14))

--- Phase: tricks ---
  Trick  1: teambinary leads AC, rootbotz plays KC -> teambinary wins
  Trick  2: teambinary leads AD, rootbotz plays 8D -> teambinary wins
  Trick  3: teambinary leads AS, rootbotz plays KS -> teambinary wins
  Trick  4: teambinary leads AH, rootbotz plays 7H -> teambinary wins
  Trick  5: teambinary leads QC, rootbotz plays 9H -> teambinary wins
  Trick  6: teambinary leads JC, rootbotz plays 9D -> teambinary wins
  Trick  7: teambinary leads 10C, rootbotz plays 10D -> teambinary wins
  Trick  8: teambinary leads KH, rootbotz plays JH -> teambinary wins
  Trick  9: teambinary leads QS, rootbotz plays JD -> teambinary wins
  Trick 10: teambinary leads 9C, rootbotz plays QH -> teambinary wins
  Trick 11: teambinary leads 10H, rootbotz plays QD -> teambinary wins
  Trick 12: teambinary leads 9S, rootbotz plays KD -> teambinary wins
  Hand: teambinary +97 / rootbotz +17 (tricks 12-0)
  Match total: teambinary 102 - 56 rootbotz
  Final: teambinary 102 - 56 rootbotz
  Winner: teambinary

============================================================
Game 21
============================================================
Players: rootbotz vs teambinary
Dealer: rootbotz  |  Elder: teambinary
Match scores: 0 - 0
Talon (8): 7C JC 10D 9H 10H JH 9S JS
rootbotz hand: 8C 9C 10C AC 8D 9D JD QD AH 7S KS AS
teambinary hand: QC KC 7D KD AD 7H 8H QH KH 8S 10S QS
  Exchange teambinary: discard 7D 7H 8H 8S -> draw 10D 10H JH JS (talon 4 left)
  Exchange rootbotz: discard 8D 9D JD 7S -> draw 7C JC 9H 9S (talon 0 left)

--- Phase: declare ---
  Declare point: rootbotz wins 6 pts (('point', 6, 'C'))
  Declare sequence: rootbotz wins 10 pts (('sequence', 5, 11, 'C'))
  Declare set: rootbotz wins 3 pts (('set', 3, 14))

--- Phase: tricks ---
  Trick  1: teambinary leads AD, rootbotz plays QD -> teambinary wins
  Trick  2: teambinary leads KH, rootbotz plays AH -> rootbotz wins
  Trick  3: rootbotz leads AS, teambinary plays 10S -> rootbotz wins
  Trick  4: rootbotz leads AC, teambinary plays QC -> rootbotz wins
  Trick  5: rootbotz leads KS, teambinary plays JS -> rootbotz wins
  Trick  6: rootbotz leads 9S, teambinary plays QS -> teambinary wins
  Trick  7: teambinary leads QH, rootbotz plays 9H -> teambinary wins
  Trick  8: teambinary leads KD, rootbotz plays 7C -> teambinary wins
  Trick  9: teambinary leads JH, rootbotz plays 8C -> teambinary wins
  Trick 10: teambinary leads KC, rootbotz plays 9C -> teambinary wins
  Trick 11: teambinary leads 10H, rootbotz plays 10C -> teambinary wins
  Trick 12: teambinary leads 10D, rootbotz plays JC -> teambinary wins
  Hand: rootbotz +23 / teambinary +19 (tricks 4-8)
  Match total: rootbotz 23 - 19 teambinary
Players: rootbotz vs teambinary
Dealer: teambinary  |  Elder: rootbotz
Match scores: 23 - 19
Talon (8): 9C JC KD 8H JH QH KH 7S
rootbotz hand: 7C 8C QC 7D 8D 9D 10D 7H 8S 10S JS AS
teambinary hand: 10C KC AC JD QD AD 9H 10H AH 9S QS KS
  Exchange rootbotz: discard 7C 8C 7H 8S JS -> draw JC KD JH QH 7S (talon 3 left)
  Exchange teambinary: discard 9H 9S -> draw 9C 8H (talon 1 left)

--- Phase: declare ---
  Declare point: rootbotz wins 5 pts (('point', 5, 'D'))
  Declare sequence: rootbotz wins 4 pts (('sequence', 4, 10, 'D'))
  Declare set: teambinary wins 3 pts (('set', 3, 14))

--- Phase: tricks ---
  Trick  1: rootbotz leads AS, teambinary plays QS -> rootbotz wins
  Trick  2: rootbotz leads KD, teambinary plays AD -> teambinary wins
  Trick  3: teambinary leads AH, rootbotz plays JH -> teambinary wins
  Trick  4: teambinary leads AC, rootbotz plays JC -> teambinary wins
  Trick  5: teambinary leads KC, rootbotz plays QC -> teambinary wins
  Trick  6: teambinary leads QD, rootbotz plays 7D -> teambinary wins
  Trick  7: teambinary leads 10H, rootbotz plays QH -> rootbotz wins
  Trick  8: rootbotz leads 10S, teambinary plays KS -> teambinary wins
  Trick  9: teambinary leads 10C, rootbotz plays 7S -> teambinary wins
  Trick 10: teambinary leads JD, rootbotz plays 8D -> teambinary wins
  Trick 11: teambinary leads 9C, rootbotz plays 9D -> teambinary wins
  Trick 12: teambinary leads 8H, rootbotz plays 10D -> teambinary wins
  Hand: rootbotz +11 / teambinary +24 (tricks 2-10)
  Match total: rootbotz 34 - 43 teambinary
Players: rootbotz vs teambinary
Dealer: rootbotz  |  Elder: teambinary
Match scores: 34 - 43
Talon (8): 7C 9C QC 9D 9S QS KS AS
rootbotz hand: KC AC 7D 8D JD QD AD 7H JH KH 7S JS
teambinary hand: 8C 10C JC 10D KD 8H 9H 10H QH AH 8S 10S
  Exchange teambinary: discard 8C 8S -> draw QC 9S (talon 6 left)
  Exchange rootbotz: discard 7D 8D 7H KH 7S -> draw 9C 9D QS KS AS (talon 1 left)

--- Phase: declare ---
  Declare point: teambinary wins 5 pts (('point', 5, 'H'))
  Declare sequence: rootbotz wins 4 pts (('sequence', 4, 14, 'S'))
  Declare set: rootbotz wins 3 pts (('set', 3, 14))

--- Phase: tricks ---
  Trick  1: teambinary leads AH, rootbotz plays JH -> teambinary wins
  Trick  2: teambinary leads QH, rootbotz plays 9C -> teambinary wins
  Trick  3: teambinary leads 10H, rootbotz plays 9D -> teambinary wins
  Trick  4: teambinary leads QC, rootbotz plays KC -> rootbotz wins
  Trick  5: rootbotz leads AS, teambinary plays 9S -> rootbotz wins
  Trick  6: rootbotz leads AD, teambinary plays 10D -> rootbotz wins
  Trick  7: rootbotz leads AC, teambinary plays 10C -> rootbotz wins
  Trick  8: rootbotz leads JS, teambinary plays 10S -> rootbotz wins
  Trick  9: rootbotz leads JD, teambinary plays KD -> teambinary wins
  Trick 10: teambinary leads 9H, rootbotz plays QD -> teambinary wins
  Trick 11: teambinary leads JC, rootbotz plays QS -> teambinary wins
  Trick 12: teambinary leads 8H, rootbotz plays KS -> teambinary wins
  Hand: rootbotz +12 / teambinary +23 (tricks 5-7)
  Match total: rootbotz 46 - 66 teambinary
Players: rootbotz vs teambinary
Dealer: teambinary  |  Elder: rootbotz
Match scores: 46 - 66
Talon (8): JC KD 7H 10H AH 8S JS AS
rootbotz hand: 7C 9C 10C AC 7D 9D 10D QD 9H JH 7S KS
teambinary hand: 8C QC KC 8D JD AD 8H QH KH 9S 10S QS
  Exchange rootbotz: discard 7C 9C 9H JH 7S -> draw JC KD 10H AH JS (talon 3 left)
  Exchange teambinary: discard 8C 8D 8H -> draw 7H 8S AS (talon 0 left)

--- Phase: declare ---
  Declare point: teambinary wins 5 pts (('point', 5, 'S'))
  Declare sequence: teambinary wins 3 pts (('sequence', 3, 10, 'S'))
  Declare set: teambinary wins 3 pts (('set', 3, 12))

--- Phase: tricks ---
  Trick  1: rootbotz leads AH, teambinary plays 7H -> rootbotz wins
  Trick  2: rootbotz leads AC, teambinary plays QC -> rootbotz wins
  Trick  3: rootbotz leads QD, teambinary plays AD -> teambinary wins
  Trick  4: teambinary leads AS, rootbotz plays JS -> teambinary wins
  Trick  5: teambinary leads QS, rootbotz plays KS -> rootbotz wins
  Trick  6: rootbotz leads KD, teambinary plays JD -> rootbotz wins
  Trick  7: rootbotz leads 9D, teambinary plays 8S -> rootbotz wins
  Trick  8: rootbotz leads 7D, teambinary plays 9S -> rootbotz wins
  Trick  9: rootbotz leads 10D, teambinary plays 10S -> rootbotz wins
  Trick 10: rootbotz leads 10H, teambinary plays QH -> teambinary wins
  Trick 11: teambinary leads KH, rootbotz plays 10C -> teambinary wins
  Trick 12: teambinary leads KC, rootbotz plays JC -> teambinary wins
  Hand: rootbotz +17 / teambinary +17 (tricks 7-5)
  Match total: rootbotz 63 - 83 teambinary
Players: rootbotz vs teambinary
Dealer: rootbotz  |  Elder: teambinary
Match scores: 63 - 83
Talon (8): 7C 10C AC JD JH 7S 10S AS
rootbotz hand: QC KC 8D 9D QD KD AD QH KH AH 9S JS
teambinary hand: 8C 9C JC 7D 10D 7H 8H 9H 10H 8S QS KS
  Exchange teambinary: discard 8C 9C 7D 8S -> draw 10C JD 7S 10S (talon 4 left)
  Exchange rootbotz: discard QC 9S JS -> draw 7C AC AS (talon 1 left)

--- Phase: declare ---
  Declare point: rootbotz wins 5 pts (('point', 5, 'D'))
  Declare sequence: teambinary wins 4 pts (('sequence', 4, 10, 'H'))
  Declare set: rootbotz wins 14 pts (('set', 4, 14))

--- Phase: tricks ---
  Trick  1: teambinary leads 10H, rootbotz plays QH -> rootbotz wins
  Trick  2: rootbotz leads AS, teambinary plays 7S -> rootbotz wins
  Trick  3: rootbotz leads AH, teambinary plays 7H -> rootbotz wins
  Trick  4: rootbotz leads AD, teambinary plays 10D -> rootbotz wins
  Trick  5: rootbotz leads AC, teambinary plays 10C -> rootbotz wins
  Trick  6: rootbotz leads QD, teambinary plays JD -> rootbotz wins
  Trick  7: rootbotz leads KH, teambinary plays 8H -> rootbotz wins
  Trick  8: rootbotz leads KD, teambinary plays 9H -> rootbotz wins
  Trick  9: rootbotz leads KC, teambinary plays JC -> rootbotz wins
  Trick 10: rootbotz leads 7C, teambinary plays 10S -> rootbotz wins
  Trick 11: rootbotz leads 8D, teambinary plays QS -> rootbotz wins
  Trick 12: rootbotz leads 9D, teambinary plays KS -> rootbotz wins
  Hand: rootbotz +102 / teambinary +4 (tricks 12-0)
  Match total: rootbotz 165 - 87 teambinary
  Final: rootbotz 165 - 87 teambinary
  Winner: rootbotz

============================================================
Game 22
============================================================
Players: teambinary vs rootbotz
Dealer: teambinary  |  Elder: rootbotz
Match scores: 0 - 0
Talon (8): 8C 9C QC 7D KD 8H 10H QS
teambinary hand: 7C 10C JC KC AC JD AD 7H QH 7S KS AS
rootbotz hand: 8D 9D 10D QD 9H JH KH AH 8S 9S 10S JS
  Exchange rootbotz: discard 8D 9D QD 9H -> draw 8C 7D KD 10H (talon 4 left)
  Exchange teambinary: discard 7C 7H 7S -> draw 9C QC QS (talon 1 left)

--- Phase: declare ---
  Declare point: teambinary wins 6 pts (('point', 6, 'C'))
  Declare sequence: teambinary wins 11 pts (('sequence', 6, 14, 'C'))
  Declare set: teambinary wins 3 pts (('set', 3, 14))

--- Phase: tricks ---
  Trick  1: rootbotz leads AH, teambinary plays QH -> rootbotz wins
  Trick  2: rootbotz leads KH, teambinary plays 9C -> rootbotz wins
  Trick  3: rootbotz leads 10H, teambinary plays 10C -> rootbotz wins
  Trick  4: rootbotz leads JH, teambinary plays JC -> rootbotz wins
  Trick  5: rootbotz leads 7D, teambinary plays JD -> teambinary wins
  Trick  6: teambinary leads AC, rootbotz plays 8C -> teambinary wins
  Trick  7: teambinary leads AD, rootbotz plays 10D -> teambinary wins
  Trick  8: teambinary leads AS, rootbotz plays 8S -> teambinary wins
  Trick  9: teambinary leads KC, rootbotz plays 9S -> teambinary wins
  Trick 10: teambinary leads KS, rootbotz plays 10S -> teambinary wins
  Trick 11: teambinary leads QC, rootbotz plays JS -> teambinary wins
  Trick 12: teambinary leads QS, rootbotz plays KD -> teambinary wins
  Hand: teambinary +39 / rootbotz +4 (tricks 8-4)
  Match total: teambinary 39 - 4 rootbotz
Players: teambinary vs rootbotz
Dealer: rootbotz  |  Elder: teambinary
Match scores: 39 - 4
Talon (8): 7C 8C 7D 10D 7S 8S KS AS
teambinary hand: 9C QC KC AC AD 7H 8H 9H 10H JH 10S QS
rootbotz hand: 10C JC 8D 9D JD QD KD QH KH AH 9S JS
  Exchange teambinary: discard 9C -> draw 8C (talon 7 left)
  Exchange rootbotz: discard 10C QH KH 9S -> draw 7C 7D 7S 8S (talon 3 left)

--- Phase: declare ---
  Declare point: rootbotz wins 6 pts (('point', 6, 'D'))
  Declare sequence: teambinary wins 10 pts (('sequence', 5, 11, 'H'))
  Declare set: rootbotz wins 3 pts (('set', 3, 11))

--- Phase: tricks ---
  Trick  1: teambinary leads AC, rootbotz plays 7C -> teambinary wins
  Trick  2: teambinary leads AD, rootbotz plays 7D -> teambinary wins
  Trick  3: teambinary leads JH, rootbotz plays AH -> rootbotz wins
  Trick  4: rootbotz leads JD, teambinary plays 7H -> rootbotz wins
  Trick  5: rootbotz leads QD, teambinary plays 8C -> rootbotz wins
  Trick  6: rootbotz leads KD, teambinary plays 8H -> rootbotz wins
  Trick  7: rootbotz leads 8D, teambinary plays 9H -> rootbotz wins
  Trick  8: rootbotz leads 7S, teambinary plays 10S -> teambinary wins
  Trick  9: teambinary leads KC, rootbotz plays JC -> teambinary wins
  Trick 10: teambinary leads 10H, rootbotz plays 8S -> teambinary wins
  Trick 11: teambinary leads QC, rootbotz plays 9D -> teambinary wins
  Trick 12: teambinary leads QS, rootbotz plays JS -> teambinary wins
  Hand: teambinary +28 / rootbotz +14 (tricks 7-5)
  Match total: teambinary 67 - 18 rootbotz
Players: teambinary vs rootbotz
Dealer: teambinary  |  Elder: rootbotz
Match scores: 67 - 18
Talon (8): KC 10D AD 7S 9S 10S KS AS
teambinary hand: 8C JC AC 7D 9D JD QD KD 10H JH QH KH
rootbotz hand: 7C 9C 10C QC 8D 7H 8H 9H AH 8S JS QS
  Exchange rootbotz: discard 7C 9C 10C 8D 8S -> draw KC 10D AD 7S KS (talon 3 left)
  Exchange teambinary: discard 8C 7D 9D -> draw 9S 10S AS (talon 0 left)

--- Phase: declare ---
  Declare point: teambinary wins 4 pts (('point', 4, 'H'))
  Declare sequence: teambinary wins 4 pts (('sequence', 4, 13, 'H'))
  Declare set: teambinary wins 3 pts (('set', 3, 11))

--- Phase: tricks ---
  Trick  1: rootbotz leads AH, teambinary plays 10H -> rootbotz wins
  Trick  2: rootbotz leads AD, teambinary plays JD -> rootbotz wins
  Trick  3: rootbotz leads JS, teambinary plays AS -> teambinary wins
  Trick  4: teambinary leads AC, rootbotz plays QC -> teambinary wins
  Trick  5: teambinary leads KH, rootbotz plays 7H -> teambinary wins
  Trick  6: teambinary leads KD, rootbotz plays 10D -> teambinary wins
  Trick  7: teambinary leads QH, rootbotz plays 8H -> teambinary wins
  Trick  8: teambinary leads 10S, rootbotz plays QS -> rootbotz wins
  Trick  9: rootbotz leads 7S, teambinary plays 9S -> teambinary wins
  Trick 10: teambinary leads QD, rootbotz plays 9H -> teambinary wins
  Trick 11: teambinary leads JC, rootbotz plays KC -> rootbotz wins
  Trick 12: rootbotz leads KS, teambinary plays JH -> rootbotz wins
  Hand: teambinary +28 / rootbotz +6 (tricks 7-5)
  Match total: teambinary 95 - 24 rootbotz
Players: teambinary vs rootbotz
Dealer: rootbotz  |  Elder: teambinary
Match scores: 95 - 24
Talon (8): 10D 7H JH QH AH 9S QS KS
teambinary hand: 9C QC KC AC 8D QD KD 9H 10H KH 7S 8S
rootbotz hand: 7C 8C 10C JC 7D 9D JD AD 8H 10S JS AS
  Exchange teambinary: discard 9C 8D 9H 7S 8S -> draw 10D JH QH AH QS (talon 3 left)
  Exchange rootbotz: discard 7D 9D 8H -> draw 7H 9S KS (talon 0 left)

--- Phase: declare ---
  Declare point: teambinary wins 5 pts (('point', 5, 'H'))
  Declare sequence: teambinary wins 10 pts (('sequence', 5, 14, 'H'))
  Declare set: teambinary wins 3 pts (('set', 3, 13))

--- Phase: tricks ---
  Trick  1: teambinary leads AC, rootbotz plays 7C -> teambinary wins
  Trick  2: teambinary leads AH, rootbotz plays 7H -> teambinary wins
  Trick  3: teambinary leads KH, rootbotz plays 8C -> teambinary wins
  Trick  4: teambinary leads KD, rootbotz plays AD -> rootbotz wins
  Trick  5: rootbotz leads AS, teambinary plays QS -> rootbotz wins
  Trick  6: rootbotz leads 9S, teambinary plays 10D -> rootbotz wins
  Trick  7: rootbotz leads 10S, teambinary plays 10H -> rootbotz wins
  Trick  8: rootbotz leads JS, teambinary plays JH -> rootbotz wins
  Trick  9: rootbotz leads KS, teambinary plays QC -> rootbotz wins
  Trick 10: rootbotz leads 10C, teambinary plays KC -> teambinary wins
  Trick 11: teambinary leads QD, rootbotz plays JD -> teambinary wins
  Trick 12: teambinary leads QH, rootbotz plays JC -> teambinary wins
  Hand: teambinary +25 / rootbotz +6 (tricks 6-6)
  Match total: teambinary 120 - 30 rootbotz
  Final: teambinary 120 - 30 rootbotz
  Winner: teambinary

============================================================
Game 23
============================================================
Players: rootbotz vs teambinary
Dealer: rootbotz  |  Elder: teambinary
Match scores: 0 - 0
Talon (8): 9C 10D AD 7H 9H 10H 8S JS
rootbotz hand: 10C JC 7D 9D JD QD KD KH 7S 9S 10S QS
teambinary hand: 7C 8C QC KC AC 8D 8H JH QH AH KS AS
  Exchange teambinary: discard 7C 8C 8D 8H -> draw 9C 9H 8S JS (talon 4 left)
  Exchange rootbotz: discard 10C 7D 7S 9S -> draw 10D AD 7H 10H (talon 0 left)

--- Phase: declare ---
  Declare point: rootbotz wins 6 pts (('point', 6, 'D'))
  Declare sequence: rootbotz wins 11 pts (('sequence', 6, 14, 'D'))
  Declare set: teambinary wins 3 pts (('set', 3, 14))

--- Phase: tricks ---
  Trick  1: teambinary leads AS, rootbotz plays 10S -> teambinary wins
  Trick  2: teambinary leads AC, rootbotz plays JC -> teambinary wins
  Trick  3: teambinary leads AH, rootbotz plays 7H -> teambinary wins
  Trick  4: teambinary leads QH, rootbotz plays KH -> rootbotz wins
  Trick  5: rootbotz leads AD, teambinary plays 8S -> rootbotz wins
  Trick  6: rootbotz leads 9D, teambinary plays 9C -> rootbotz wins
  Trick  7: rootbotz leads 10D, teambinary plays 9H -> rootbotz wins
  Trick  8: rootbotz leads JD, teambinary plays JH -> rootbotz wins
  Trick  9: rootbotz leads QD, teambinary plays JS -> rootbotz wins
  Trick 10: rootbotz leads KD, teambinary plays QC -> rootbotz wins
  Trick 11: rootbotz leads 10H, teambinary plays KC -> rootbotz wins
  Trick 12: rootbotz leads QS, teambinary plays KS -> teambinary wins
  Hand: rootbotz +35 / teambinary +8 (tricks 8-4)
  Match total: rootbotz 35 - 8 teambinary
Players: rootbotz vs teambinary
Dealer: teambinary  |  Elder: rootbotz
Match scores: 35 - 8
Talon (8): 9C 8D KD 7H AH 7S 10S QS
rootbotz hand: 7C 8C 10C JC QC KC 9D QD 8H 10H QH KS
teambinary hand: AC 7D 10D JD AD 9H JH KH 8S 9S JS AS
  Exchange rootbotz: discard 7C 9D 8H 10H -> draw 9C AH 10S QS (talon 4 left)
  Exchange teambinary: discard 7D 9H 8S 9S -> draw 8D KD 7H 7S (talon 0 left)

--- Phase: declare ---
  Declare point: rootbotz wins 6 pts (('point', 6, 'C'))
  Declare sequence: rootbotz wins 11 pts (('sequence', 6, 13, 'C'))
  Declare set: teambinary wins 3 pts (('set', 3, 14))

--- Phase: tricks ---
  Trick  1: rootbotz leads AH, teambinary plays 7H -> rootbotz wins
  Trick  2: rootbotz leads QH, teambinary plays KH -> teambinary wins
  Trick  3: teambinary leads AC, rootbotz plays 8C -> teambinary wins
  Trick  4: teambinary leads AD, rootbotz plays QD -> teambinary wins
  Trick  5: teambinary leads AS, rootbotz plays 10S -> teambinary wins
  Trick  6: teambinary leads KD, rootbotz plays 9C -> teambinary wins
  Trick  7: teambinary leads JD, rootbotz plays 10C -> teambinary wins
  Trick  8: teambinary leads JS, rootbotz plays QS -> rootbotz wins
  Trick  9: rootbotz leads JC, teambinary plays 7S -> rootbotz wins
  Trick 10: rootbotz leads QC, teambinary plays 8D -> rootbotz wins
  Trick 11: rootbotz leads KS, teambinary plays 10D -> rootbotz wins
  Trick 12: rootbotz leads KC, teambinary plays JH -> rootbotz wins
  Hand: rootbotz +24 / teambinary +9 (tricks 6-6)
  Match total: rootbotz 59 - 17 teambinary
Players: rootbotz vs teambinary
Dealer: rootbotz  |  Elder: teambinary
Match scores: 59 - 17
Talon (8): 8C 8D 9D JD 9H QH 8S JS
rootbotz hand: 9C 10C QC 10D QD 7H 8H JH AH 7S 10S AS
teambinary hand: 7C JC KC AC 7D KD AD 10H KH 9S QS KS
  Exchange teambinary: discard 7C 7D 9S -> draw 9D QH 8S (talon 5 left)
  Exchange rootbotz: discard QD 7H 8H JH 7S -> draw 8C 8D JD 9H JS (talon 0 left)

--- Phase: declare ---
  Declare point: rootbotz wins 4 pts (('point', 4, 'C'))
  Declare sequence: rootbotz wins 3 pts (('sequence', 3, 10, 'C'))
  Declare set: teambinary wins 14 pts (('set', 4, 13))

--- Phase: tricks ---
  Trick  1: teambinary leads AC, rootbotz plays 8C -> teambinary wins
  Trick  2: teambinary leads AD, rootbotz plays 8D -> teambinary wins
  Trick  3: teambinary leads KS, rootbotz plays AS -> rootbotz wins
  Trick  4: rootbotz leads AH, teambinary plays 10H -> rootbotz wins
  Trick  5: rootbotz leads 10D, teambinary plays KD -> teambinary wins
  Trick  6: teambinary leads KC, rootbotz plays 9C -> teambinary wins
  Trick  7: teambinary leads QS, rootbotz plays 10S -> teambinary wins
  Trick  8: teambinary leads KH, rootbotz plays 9H -> teambinary wins
  Trick  9: teambinary leads JC, rootbotz plays QC -> rootbotz wins
  Trick 10: rootbotz leads 10C, teambinary plays 8S -> rootbotz wins
  Trick 11: rootbotz leads JS, teambinary plays 9D -> rootbotz wins
  Trick 12: rootbotz leads JD, teambinary plays QH -> rootbotz wins
  Hand: rootbotz +14 / teambinary +20 (tricks 6-6)
  Match total: rootbotz 73 - 37 teambinary
Players: rootbotz vs teambinary
Dealer: teambinary  |  Elder: rootbotz
Match scores: 73 - 37
Talon (8): 7C JC JD QD AD 7H 8H JS
rootbotz hand: 8C 10C AC 8D 9D 10D QH KH 7S 10S QS AS
teambinary hand: 9C QC KC 7D KD 9H 10H JH AH 8S 9S KS
  Exchange rootbotz: discard 8C QH 7S QS -> draw 7C JC AD 8H (talon 4 left)
  Exchange teambinary: discard 9C 7D 8S 9S -> draw JD QD 7H JS (talon 0 left)

--- Phase: declare ---
  Declare point: teambinary wins 5 pts (('point', 5, 'H'))
  Declare sequence: teambinary wins 3 pts (('sequence', 3, 13, 'D'))
  Declare set: rootbotz wins 3 pts (('set', 3, 14))

--- Phase: tricks ---
  Trick  1: rootbotz leads AS, teambinary plays JS -> rootbotz wins
  Trick  2: rootbotz leads AD, teambinary plays JD -> rootbotz wins
  Trick  3: rootbotz leads AC, teambinary plays QC -> rootbotz wins
  Trick  4: rootbotz leads KH, teambinary plays AH -> teambinary wins
  Trick  5: teambinary leads JH, rootbotz plays 8H -> teambinary wins
  Trick  6: teambinary leads 10H, rootbotz plays 7C -> teambinary wins
  Trick  7: teambinary leads 9H, rootbotz plays 8D -> teambinary wins
  Trick  8: teambinary leads KD, rootbotz plays 9D -> teambinary wins
  Trick  9: teambinary leads KC, rootbotz plays 10C -> teambinary wins
  Trick 10: teambinary leads KS, rootbotz plays 10S -> teambinary wins
  Trick 11: teambinary leads 7H, rootbotz plays 10D -> teambinary wins
  Trick 12: teambinary leads QD, rootbotz plays JC -> teambinary wins
  Hand: rootbotz +6 / teambinary +28 (tricks 3-9)
  Match total: rootbotz 79 - 65 teambinary
Players: rootbotz vs teambinary
Dealer: rootbotz  |  Elder: teambinary
Match scores: 79 - 65
Talon (8): 8C JC QC 8D 9H KH 7S JS
rootbotz hand: 9C 10C KC 7D AD 8H JH AH 9S 10S KS AS
teambinary hand: 7C AC 9D 10D JD QD KD 7H 10H QH 8S QS
  Exchange teambinary: discard 7C 7H 8S -> draw QC 8D JS (talon 5 left)
  Exchange rootbotz: discard 9C KC 7D 8H JH -> draw 8C JC 9H KH 7S (talon 0 left)

--- Phase: declare ---
  Declare point: teambinary wins 6 pts (('point', 6, 'D'))
  Declare sequence: teambinary wins 11 pts (('sequence', 6, 13, 'D'))
  Declare set: rootbotz wins 3 pts (('set', 3, 14))

--- Phase: tricks ---
  Trick  1: teambinary leads AC, rootbotz plays 8C -> teambinary wins
  Trick  2: teambinary leads KD, rootbotz plays AD -> rootbotz wins
  Trick  3: rootbotz leads AS, teambinary plays JS -> rootbotz wins
  Trick  4: rootbotz leads AH, teambinary plays 10H -> rootbotz wins
  Trick  5: rootbotz leads KS, teambinary plays QS -> rootbotz wins
  Trick  6: rootbotz leads KH, teambinary plays QH -> rootbotz wins
  Trick  7: rootbotz leads 7S, teambinary plays 8D -> rootbotz wins
  Trick  8: rootbotz leads 9S, teambinary plays 9D -> rootbotz wins
  Trick  9: rootbotz leads 9H, teambinary plays 10D -> rootbotz wins
  Trick 10: rootbotz leads 10S, teambinary plays JD -> rootbotz wins
  Trick 11: rootbotz leads 10C, teambinary plays QC -> teambinary wins
  Trick 12: teambinary leads QD, rootbotz plays JC -> teambinary wins
  Hand: rootbotz +22 / teambinary +21 (tricks 9-3)
  Match total: rootbotz 101 - 86 teambinary
  Final: rootbotz 101 - 86 teambinary
  Winner: rootbotz

============================================================
Game 24
============================================================
Players: teambinary vs rootbotz
Dealer: teambinary  |  Elder: rootbotz
Match scores: 0 - 0
Talon (8): 9C QC 7D 7H QH AH 10S AS
teambinary hand: 8C 10C JC AC 9D 10D KD AD 8H 10H JH QS
rootbotz hand: 7C KC 8D JD QD 9H KH 7S 8S 9S JS KS
  Exchange rootbotz: discard 7C 8D QD 9H -> draw 9C 7D 7H QH (talon 4 left)
  Exchange teambinary: discard 8C 9D 8H -> draw AH 10S AS (talon 1 left)

--- Phase: declare ---
  Declare point: rootbotz wins 5 pts (('point', 5, 'S'))
  Declare sequence: rootbotz wins 3 pts (('sequence', 3, 9, 'S'))
  Declare set: teambinary wins 14 pts (('set', 4, 14))

--- Phase: tricks ---
  Trick  1: rootbotz leads QH, teambinary plays AH -> teambinary wins
  Trick  2: teambinary leads AC, rootbotz plays 9C -> teambinary wins
  Trick  3: teambinary leads AD, rootbotz plays 7D -> teambinary wins
  Trick  4: teambinary leads AS, rootbotz plays 7S -> teambinary wins
  Trick  5: teambinary leads JC, rootbotz plays KC -> rootbotz wins
  Trick  6: rootbotz leads KS, teambinary plays 10S -> rootbotz wins
  Trick  7: rootbotz leads 8S, teambinary plays QS -> teambinary wins
  Trick  8: teambinary leads KD, rootbotz plays JD -> teambinary wins
  Trick  9: teambinary leads JH, rootbotz plays KH -> rootbotz wins
  Trick 10: rootbotz leads 7H, teambinary plays 10H -> teambinary wins
  Trick 11: teambinary leads 10D, rootbotz plays 9S -> teambinary wins
  Trick 12: teambinary leads 10C, rootbotz plays JS -> teambinary wins
  Hand: teambinary +34 / rootbotz +11 (tricks 9-3)
  Match total: teambinary 34 - 11 rootbotz
Players: teambinary vs rootbotz
Dealer: rootbotz  |  Elder: teambinary
Match scores: 34 - 11
Talon (8): 10C JD QD JH QH 7S 10S QS
teambinary hand: 7C 9C KC AC 8D AD 7H 8H 10H KH AH JS
rootbotz hand: 8C JC QC 7D 9D 10D KD 9H 8S 9S KS AS
  Exchange teambinary: discard 7C 9C 8D 7H 8H -> draw 10C QD JH QH 7S (talon 3 left)
  Exchange rootbotz: discard 7D 9D 9H -> draw JD 10S QS (talon 0 left)

--- Phase: declare ---
  Declare point: rootbotz wins 6 pts (('point', 6, 'S'))
  Declare sequence: teambinary wins 10 pts (('sequence', 5, 14, 'H'))
  Declare set: teambinary wins 3 pts (('set', 3, 14))

--- Phase: tricks ---
  Trick  1: teambinary leads AC, rootbotz plays 8C -> teambinary wins
  Trick  2: teambinary leads AH, rootbotz plays 8S -> teambinary wins
  Trick  3: teambinary leads AD, rootbotz plays 10D -> teambinary wins
  Trick  4: teambinary leads KH, rootbotz plays 9S -> teambinary wins
  Trick  5: teambinary leads QH, rootbotz plays 10S -> teambinary wins
  Trick  6: teambinary leads JH, rootbotz plays JC -> teambinary wins
  Trick  7: teambinary leads JS, rootbotz plays QS -> rootbotz wins
  Trick  8: rootbotz leads AS, teambinary plays 7S -> rootbotz wins
  Trick  9: rootbotz leads KS, teambinary plays 10C -> rootbotz wins
  Trick 10: rootbotz leads JD, teambinary plays QD -> teambinary wins
  Trick 11: teambinary leads 10H, rootbotz plays QC -> teambinary wins
  Trick 12: teambinary leads KC, rootbotz plays KD -> teambinary wins
  Hand: teambinary +33 / rootbotz +9 (tricks 9-3)
  Match total: teambinary 67 - 20 rootbotz
Players: teambinary vs rootbotz
Dealer: teambinary  |  Elder: rootbotz
Match scores: 67 - 20
Talon (8): 10C QC KC JD 10H AH QS AS
teambinary hand: 9C JC 8D 10D QD KD AD 8H 9H KH 8S 9S
rootbotz hand: 7C 8C AC 7D 9D 7H JH QH 7S 10S JS KS
  Exchange rootbotz: discard 7C 8C 7D 9D 7H -> draw QC KC JD 10H QS (talon 3 left)
  Exchange teambinary: discard 9C 8H 8S -> draw 10C AH AS (talon 0 left)

--- Phase: declare ---
  Declare point: teambinary wins 5 pts (('point', 5, 'D'))
  Declare sequence: rootbotz wins 4 pts (('sequence', 4, 13, 'S'))
  Declare set: teambinary wins 3 pts (('set', 3, 14))

--- Phase: tricks ---
  Trick  1: rootbotz leads AC, teambinary plays 10C -> rootbotz wins
  Trick  2: rootbotz leads QC, teambinary plays JC -> rootbotz wins
  Trick  3: rootbotz leads KC, teambinary plays 8D -> rootbotz wins
  Trick  4: rootbotz leads 10S, teambinary plays AS -> teambinary wins
  Trick  5: teambinary leads AD, rootbotz plays JD -> teambinary wins
  Trick  6: teambinary leads AH, rootbotz plays 10H -> teambinary wins
  Trick  7: teambinary leads KD, rootbotz plays 7S -> teambinary wins
  Trick  8: teambinary leads QD, rootbotz plays JH -> teambinary wins
  Trick  9: teambinary leads KH, rootbotz plays QH -> teambinary wins
  Trick 10: teambinary leads 10D, rootbotz plays JS -> teambinary wins
  Trick 11: teambinary leads 9H, rootbotz plays QS -> teambinary wins
  Trick 12: teambinary leads 9S, rootbotz plays KS -> rootbotz wins
  Hand: teambinary +26 / rootbotz +9 (tricks 8-4)
  Match total: teambinary 93 - 29 rootbotz
Players: teambinary vs rootbotz
Dealer: rootbotz  |  Elder: teambinary
Match scores: 93 - 29
Talon (8): 8C 10C KC AC 9D AD 7H KH
teambinary hand: 7C 9C JC QC 8D KD 8H 10H QH 9S JS KS
rootbotz hand: 7D 10D JD QD 9H JH AH 7S 8S 10S QS AS
  Exchange teambinary: discard 7C 9C 8D 8H 9S -> draw 8C KC 9D AD 7H (talon 3 left)
  Exchange rootbotz: discard 9H JH 8S -> draw 10C AC KH (talon 0 left)

--- Phase: declare ---
  Declare sequence: teambinary wins 3 pts (('sequence', 3, 13, 'C'))
  Declare set: rootbotz wins 3 pts (('set', 3, 14))

--- Phase: tricks ---
  Trick  1: teambinary leads AD, rootbotz plays 7D -> teambinary wins
  Trick  2: teambinary leads KC, rootbotz plays AC -> rootbotz wins
  Trick  3: rootbotz leads AS, teambinary plays JS -> rootbotz wins
  Trick  4: rootbotz leads AH, teambinary plays 7H -> rootbotz wins
  Trick  5: rootbotz leads KH, teambinary plays 10H -> rootbotz wins
  Trick  6: rootbotz leads 10D, teambinary plays KD -> teambinary wins
  Trick  7: teambinary leads QC, rootbotz plays 10C -> teambinary wins
  Trick  8: teambinary leads JC, rootbotz plays 7S -> teambinary wins
  Trick  9: teambinary leads KS, rootbotz plays 10S -> teambinary wins
  Trick 10: teambinary leads QH, rootbotz plays JD -> teambinary wins
  Trick 11: teambinary leads 8C, rootbotz plays QD -> teambinary wins
  Trick 12: teambinary leads 9D, rootbotz plays QS -> teambinary wins
  Hand: teambinary +22 / rootbotz +7 (tricks 8-4)
  Match total: teambinary 115 - 36 rootbotz
  Final: teambinary 115 - 36 rootbotz
  Winner: teambinary

============================================================
Game 25
============================================================
Players: rootbotz vs teambinary
Dealer: rootbotz  |  Elder: teambinary
Match scores: 0 - 0
Talon (8): 7C 9C QC 9H 8S 9S QS KS
rootbotz hand: 8C JC KC 7D 8D 9D JD QD 10H JH KH 10S
teambinary hand: 10C AC 10D KD AD 7H 8H QH AH 7S JS AS
  Exchange teambinary: discard 7H 8H 7S -> draw 9H 8S KS (talon 5 left)
  Exchange rootbotz: discard 8C KC 10H KH 10S -> draw 7C 9C QC 9S QS (talon 0 left)

--- Phase: declare ---
  Declare point: rootbotz wins 5 pts (('point', 5, 'D'))
  Declare sequence: rootbotz wins 3 pts (('sequence', 3, 9, 'D'))
  Declare set: teambinary wins 14 pts (('set', 4, 14))

--- Phase: tricks ---
  Trick  1: teambinary leads AC, rootbotz plays 7C -> teambinary wins
  Trick  2: teambinary leads AS, rootbotz plays 9S -> teambinary wins
  Trick  3: teambinary leads AD, rootbotz plays 7D -> teambinary wins
  Trick  4: teambinary leads AH, rootbotz plays JH -> teambinary wins
  Trick  5: teambinary leads KS, rootbotz plays QS -> teambinary wins
  Trick  6: teambinary leads JS, rootbotz plays 8D -> teambinary wins
  Trick  7: teambinary leads KD, rootbotz plays 9D -> teambinary wins
  Trick  8: teambinary leads QH, rootbotz plays 9C -> teambinary wins
  Trick  9: teambinary leads 10D, rootbotz plays JD -> rootbotz wins
  Trick 10: rootbotz leads JC, teambinary plays 10C -> rootbotz wins
  Trick 11: rootbotz leads QD, teambinary plays 8S -> rootbotz wins
  Trick 12: rootbotz leads QC, teambinary plays 9H -> rootbotz wins
  Hand: rootbotz +13 / teambinary +32 (tricks 4-8)
  Match total: rootbotz 13 - 32 teambinary
Players: rootbotz vs teambinary
Dealer: teambinary  |  Elder: rootbotz
Match scores: 13 - 32
Talon (8): 8C 9C 7D QD 8H 8S 9S JS
rootbotz hand: 10C JC QC AC 9D 10D JD 9H JH QH 7S KS
teambinary hand: 7C KC 8D KD AD 7H 10H KH AH 10S QS AS
  Exchange rootbotz: discard 10D 9H QH 7S KS -> draw 8C 9C QD 8S 9S (talon 3 left)
  Exchange teambinary: discard 7C 8D 7H -> draw 7D 8H JS (talon 0 left)

--- Phase: declare ---
  Declare point: rootbotz wins 6 pts (('point', 6, 'C'))
  Declare sequence: rootbotz wins 10 pts (('sequence', 5, 12, 'C'))
  Declare set: teambinary wins 3 pts (('set', 3, 14))

--- Phase: tricks ---
  Trick  1: rootbotz leads AC, teambinary plays KC -> rootbotz wins
  Trick  2: rootbotz leads 8C, teambinary plays 7D -> rootbotz wins
  Trick  3: rootbotz leads 9C, teambinary plays 8H -> rootbotz wins
  Trick  4: rootbotz leads 10C, teambinary plays 10H -> rootbotz wins
  Trick  5: rootbotz leads JC, teambinary plays 10S -> rootbotz wins
  Trick  6: rootbotz leads QC, teambinary plays JS -> rootbotz wins
  Trick  7: rootbotz leads 9D, teambinary plays KD -> teambinary wins
  Trick  8: teambinary leads AD, rootbotz plays JD -> teambinary wins
  Trick  9: teambinary leads AS, rootbotz plays 8S -> teambinary wins
  Trick 10: teambinary leads AH, rootbotz plays JH -> teambinary wins
  Trick 11: teambinary leads KH, rootbotz plays 9S -> teambinary wins
  Trick 12: teambinary leads QS, rootbotz plays QD -> teambinary wins
  Hand: rootbotz +22 / teambinary +10 (tricks 6-6)
  Match total: rootbotz 35 - 42 teambinary
Players: rootbotz vs teambinary
Dealer: rootbotz  |  Elder: teambinary
Match scores: 35 - 42
Talon (8): JC 7D QD 10H QH AH 7S 9S
rootbotz hand: 7C 9C 10C QC 8D KD 9H KH 8S 10S JS KS
teambinary hand: 8C KC AC 9D 10D JD AD 7H 8H JH QS AS
  Exchange teambinary: discard 8C 7H 8H -> draw JC QD AH (talon 5 left)
  Exchange rootbotz: discard 7C 9C 10C QC 9H -> draw 7D 10H QH 7S 9S (talon 0 left)

--- Phase: declare ---
  Declare point: rootbotz wins 6 pts (('point', 6, 'S'))
  Declare sequence: rootbotz wins 10 pts (('sequence', 5, 11, 'S'))
  Declare set: teambinary wins 14 pts (('set', 4, 14))

--- Phase: tricks ---
  Trick  1: teambinary leads AD, rootbotz plays 7D -> teambinary wins
  Trick  2: teambinary leads AS, rootbotz plays 7S -> teambinary wins
  Trick  3: teambinary leads AC, rootbotz plays 8D -> teambinary wins
  Trick  4: teambinary leads AH, rootbotz plays 10H -> teambinary wins
  Trick  5: teambinary leads QD, rootbotz plays KD -> rootbotz wins
  Trick  6: rootbotz leads 8S, teambinary plays QS -> teambinary wins
  Trick  7: teambinary leads JD, rootbotz plays 9S -> teambinary wins
  Trick  8: teambinary leads KC, rootbotz plays 10S -> teambinary wins
  Trick  9: teambinary leads 10D, rootbotz plays JS -> teambinary wins
  Trick 10: teambinary leads JH, rootbotz plays QH -> rootbotz wins
  Trick 11: rootbotz leads KS, teambinary plays 9D -> rootbotz wins
  Trick 12: rootbotz leads KH, teambinary plays JC -> rootbotz wins
  Hand: rootbotz +21 / teambinary +32 (tricks 4-8)
  Match total: rootbotz 56 - 74 teambinary
Players: rootbotz vs teambinary
Dealer: teambinary  |  Elder: rootbotz
Match scores: 56 - 74
Talon (8): 7C 9C 10C KC QD 8S KS AS
rootbotz hand: 8D 9D 10D KD AD 7H 8H JH KH AH 7S 9S
teambinary hand: 8C JC QC AC 7D JD 9H 10H QH 10S JS QS
  Exchange rootbotz: discard 8H JH 7S 9S -> draw 10C QD 8S KS (talon 4 left)
  Exchange teambinary: discard 8C 7D 9H -> draw 7C KC AS (talon 1 left)

--- Phase: declare ---
  Declare point: rootbotz wins 6 pts (('point', 6, 'D'))
  Declare sequence: teambinary wins 4 pts (('sequence', 4, 14, 'C'))
  Declare set: rootbotz wins 3 pts (('set', 3, 13))

--- Phase: tricks ---
  Trick  1: rootbotz leads AH, teambinary plays 10H -> rootbotz wins
  Trick  2: rootbotz leads AD, teambinary plays JD -> rootbotz wins
  Trick  3: rootbotz leads QD, teambinary plays 7C -> rootbotz wins
  Trick  4: rootbotz leads KH, teambinary plays QH -> rootbotz wins
  Trick  5: rootbotz leads KD, teambinary plays 10S -> rootbotz wins
  Trick  6: rootbotz leads 8D, teambinary plays JC -> rootbotz wins
  Trick  7: rootbotz leads 9D, teambinary plays JS -> rootbotz wins
  Trick  8: rootbotz leads 10D, teambinary plays QC -> rootbotz wins
  Trick  9: rootbotz leads 7H, teambinary plays QS -> rootbotz wins
  Trick 10: rootbotz leads 8S, teambinary plays AS -> teambinary wins
  Trick 11: teambinary leads AC, rootbotz plays 10C -> teambinary wins
  Trick 12: teambinary leads KC, rootbotz plays KS -> teambinary wins
  Hand: rootbotz +28 / teambinary +8 (tricks 9-3)
  Match total: rootbotz 84 - 82 teambinary
Players: rootbotz vs teambinary
Dealer: rootbotz  |  Elder: teambinary
Match scores: 84 - 82
Talon (8): 7C 10C QD KD 7H 7S 9S KS
rootbotz hand: 9C JC QC 7D 10D JD AD 8H 9H JH 8S QS
teambinary hand: 8C KC AC 8D 9D 10H QH KH AH 10S JS AS
  Exchange teambinary: discard 8C 8D 9D -> draw 10C KD 9S (talon 5 left)
  Exchange rootbotz: discard 9C 8H 9H 8S QS -> draw 7C QD 7H 7S KS (talon 0 left)

--- Phase: declare ---
  Declare point: rootbotz wins 5 pts (('point', 5, 'D'))
  Declare sequence: teambinary wins 3 pts (('sequence', 3, 14, 'H'))
  Declare set: teambinary wins 3 pts (('set', 3, 14))

--- Phase: tricks ---
  Trick  1: teambinary leads AC, rootbotz plays 7C -> teambinary wins
  Trick  2: teambinary leads AS, rootbotz plays 7S -> teambinary wins
  Trick  3: teambinary leads AH, rootbotz plays 7H -> teambinary wins
  Trick  4: teambinary leads KH, rootbotz plays JH -> teambinary wins
  Trick  5: teambinary leads JS, rootbotz plays KS -> rootbotz wins
  Trick  6: rootbotz leads AD, teambinary plays KD -> rootbotz wins
  Trick  7: rootbotz leads 10D, teambinary plays 9S -> rootbotz wins
  Trick  8: rootbotz leads 7D, teambinary plays 10C -> rootbotz wins
  Trick  9: rootbotz leads JD, teambinary plays 10H -> rootbotz wins
  Trick 10: rootbotz leads QD, teambinary plays 10S -> rootbotz wins
  Trick 11: rootbotz leads JC, teambinary plays KC -> teambinary wins
  Trick 12: teambinary leads QH, rootbotz plays QC -> teambinary wins
  Hand: rootbotz +11 / teambinary +13 (tricks 6-6)
  Match total: rootbotz 95 - 95 teambinary
Players: rootbotz vs teambinary
Dealer: teambinary  |  Elder: rootbotz
Match scores: 95 - 95
Talon (8): 9C AC 7D 8H 10H AH 8S 9S
rootbotz hand: 8C 10C JC QC KC 10D JD QD 7H 9H QS AS
teambinary hand: 7C 8D 9D KD AD JH QH KH 7S 10S JS KS
  Exchange rootbotz: discard 8C JD 7H 9H -> draw 9C 7D AH 9S (talon 4 left)
  Exchange teambinary: discard 7C 8D 9D 7S -> draw AC 8H 10H 8S (talon 0 left)

--- Phase: declare ---
  Declare point: rootbotz wins 5 pts (('point', 5, 'C'))
  Declare sequence: rootbotz wins 10 pts (('sequence', 5, 13, 'C'))
  Declare set: teambinary wins 3 pts (('set', 3, 13))

--- Phase: tricks ---
  Trick  1: rootbotz leads AS, teambinary plays 8S -> rootbotz wins
  Trick  2: rootbotz leads AH, teambinary plays 8H -> rootbotz wins
  Trick  3: rootbotz leads 9C, teambinary plays AC -> teambinary wins
  Trick  4: teambinary leads AD, rootbotz plays 7D -> teambinary wins
  Trick  5: teambinary leads KH, rootbotz plays 9S -> teambinary wins
  Trick  6: teambinary leads KS, rootbotz plays QS -> teambinary wins
  Trick  7: teambinary leads QH, rootbotz plays 10D -> teambinary wins
  Trick  8: teambinary leads JS, rootbotz plays 10C -> teambinary wins
  Trick  9: teambinary leads JH, rootbotz plays JC -> teambinary wins
  Trick 10: teambinary leads 10S, rootbotz plays QD -> teambinary wins
  Trick 11: teambinary leads KD, rootbotz plays QC -> teambinary wins
  Trick 12: teambinary leads 10H, rootbotz plays KC -> teambinary wins
  Hand: rootbotz +17 / teambinary +24 (tricks 2-10)
  Match total: rootbotz 112 - 119 teambinary
  Final: rootbotz 112 - 119 teambinary
  Winner: teambinary

============================================================
Game 26
============================================================
Players: teambinary vs rootbotz
Dealer: teambinary  |  Elder: rootbotz
Match scores: 0 - 0
Talon (8): 10C QC 10D 7H 9H 10H JH 8S
teambinary hand: 7C 8C JC KC AC 7D 8D KH 7S JS QS KS
rootbotz hand: 9C 9D JD QD KD AD 8H QH AH 9S 10S AS
  Exchange rootbotz: discard 9C 9D QH 9S 10S -> draw 10C 10D 7H 9H 10H (talon 3 left)
  Exchange teambinary: discard 7D 8D 7S -> draw QC JH 8S (talon 0 left)

--- Phase: declare ---
  Declare point: teambinary wins 6 pts (('point', 6, 'C'))
  Declare sequence: rootbotz wins 10 pts (('sequence', 5, 14, 'D'))
  Declare set: rootbotz wins 3 pts (('set', 3, 14))

--- Phase: tricks ---
  Trick  1: rootbotz leads AS, teambinary plays 8S -> rootbotz wins
  Trick  2: rootbotz leads AH, teambinary plays JH -> rootbotz wins
  Trick  3: rootbotz leads AD, teambinary plays 7C -> rootbotz wins
  Trick  4: rootbotz leads 10D, teambinary plays 8C -> rootbotz wins
  Trick  5: rootbotz leads JD, teambinary plays JC -> rootbotz wins
  Trick  6: rootbotz leads QD, teambinary plays JS -> rootbotz wins
  Trick  7: rootbotz leads KD, teambinary plays QC -> rootbotz wins
  Trick  8: rootbotz leads 7H, teambinary plays KH -> teambinary wins
  Trick  9: teambinary leads AC, rootbotz plays 10C -> teambinary wins
  Trick 10: teambinary leads KS, rootbotz plays 8H -> teambinary wins
  Trick 11: teambinary leads KC, rootbotz plays 9H -> teambinary wins
  Trick 12: teambinary leads QS, rootbotz plays 10H -> teambinary wins
  Hand: teambinary +12 / rootbotz +30 (tricks 5-7)
  Match total: teambinary 12 - 30 rootbotz
Players: teambinary vs rootbotz
Dealer: rootbotz  |  Elder: teambinary
Match scores: 12 - 30
Talon (8): 8C 10D AD 10H JH QH 9S QS
teambinary hand: 7C 10C AC 7D 8D QD KD 8H KH AH 8S KS
rootbotz hand: 9C JC QC KC 9D JD 7H 9H 7S 10S JS AS
  Exchange teambinary: discard 7C 7D 8D 8H 8S -> draw 8C 10D JH 9S QS (talon 3 left)
  Exchange rootbotz: discard 7H 9H 7S -> draw AD 10H QH (talon 0 left)

--- Phase: declare ---
  Declare point: rootbotz wins 4 pts (('point', 4, 'C'))
  Declare sequence: rootbotz wins 3 pts (('sequence', 3, 13, 'C'))
  Declare set: teambinary wins 3 pts (('set', 3, 13))

--- Phase: tricks ---
  Trick  1: teambinary leads AH, rootbotz plays 10H -> teambinary wins
  Trick  2: teambinary leads AC, rootbotz plays 9C -> teambinary wins
  Trick  3: teambinary leads KD, rootbotz plays AD -> rootbotz wins
  Trick  4: rootbotz leads AS, teambinary plays 9S -> rootbotz wins
  Trick  5: rootbotz leads JC, teambinary plays 8C -> rootbotz wins
  Trick  6: rootbotz leads QC, teambinary plays 10C -> rootbotz wins
  Trick  7: rootbotz leads KC, teambinary plays 10D -> rootbotz wins
  Trick  8: rootbotz leads 10S, teambinary plays QS -> teambinary wins
  Trick  9: teambinary leads KH, rootbotz plays QH -> teambinary wins
  Trick 10: teambinary leads QD, rootbotz plays 9D -> teambinary wins
  Trick 11: teambinary leads KS, rootbotz plays JS -> teambinary wins
  Trick 12: teambinary leads JH, rootbotz plays JD -> teambinary wins
  Hand: teambinary +21 / rootbotz +12 (tricks 7-5)
  Match total: teambinary 33 - 42 rootbotz
Players: teambinary vs rootbotz
Dealer: teambinary  |  Elder: rootbotz
Match scores: 33 - 42
Talon (8): 8C QC 7D 10D JD AD 7H 8S
teambinary hand: 10C 9D JH QH AH 7S 9S 10S JS QS KS AS
rootbotz hand: 7C 9C JC KC AC 8D QD KD 8H 9H 10H KH
  Exchange rootbotz: discard 7C 9C JC AC QD -> draw 8C QC 7D 10D 7H (talon 3 left)
  Exchange teambinary: discard 9D 7S -> draw AD 8S (talon 1 left)

--- Phase: declare ---
  Declare point: teambinary wins 7 pts (('point', 7, 'S'))
  Declare sequence: teambinary wins 12 pts (('sequence', 7, 14, 'S'))
  Declare set: teambinary wins 3 pts (('set', 3, 14))

--- Phase: tricks ---
  Trick  1: rootbotz leads QC, teambinary plays 10C -> rootbotz wins
  Trick  2: rootbotz leads KC, teambinary plays 8S -> rootbotz wins
  Trick  3: rootbotz leads 8C, teambinary plays 9S -> rootbotz wins
  Trick  4: rootbotz leads KH, teambinary plays AH -> teambinary wins
  Trick  5: teambinary leads AS, rootbotz plays 7D -> teambinary wins
  Trick  6: teambinary leads AD, rootbotz plays 8D -> teambinary wins
  Trick  7: teambinary leads KS, rootbotz plays 7H -> teambinary wins
  Trick  8: teambinary leads QS, rootbotz plays 8H -> teambinary wins
  Trick  9: teambinary leads QH, rootbotz plays 9H -> teambinary wins
  Trick 10: teambinary leads JS, rootbotz plays 10H -> teambinary wins
  Trick 11: teambinary leads JH, rootbotz plays 10D -> teambinary wins
  Trick 12: teambinary leads 10S, rootbotz plays KD -> teambinary wins
  Hand: teambinary +42 / rootbotz +3 (tricks 9-3)
  Match total: teambinary 75 - 45 rootbotz
Players: teambinary vs rootbotz
Dealer: rootbotz  |  Elder: teambinary
Match scores: 75 - 45
Talon (8): 9C QC AC 7D KH AH 7S KS
teambinary hand: 10C 9D 10D JD KD AD 7H JH QH 8S JS QS
rootbotz hand: 7C 8C JC KC 8D QD 8H 9H 10H 9S 10S AS
  Exchange teambinary: discard 7H 8S -> draw QC AH (talon 6 left)
  Exchange rootbotz: discard 7C 8C JC 8D QD 9S -> draw 9C AC 7D KH 7S KS (talon 0 left)

--- Phase: declare ---
  Declare point: teambinary wins 5 pts (('point', 5, 'D'))
  Declare sequence: teambinary wins 3 pts (('sequence', 3, 11, 'D'))
  Declare set: rootbotz wins 3 pts (('set', 3, 13))

--- Phase: tricks ---
  Trick  1: teambinary leads AD, rootbotz plays 7D -> teambinary wins
  Trick  2: teambinary leads AH, rootbotz plays 8H -> teambinary wins
  Trick  3: teambinary leads KD, rootbotz plays 7S -> teambinary wins
  Trick  4: teambinary leads JD, rootbotz plays 9H -> teambinary wins
  Trick  5: teambinary leads QH, rootbotz plays KH -> rootbotz wins
  Trick  6: rootbotz leads AS, teambinary plays JS -> rootbotz wins
  Trick  7: rootbotz leads AC, teambinary plays 10C -> rootbotz wins
  Trick  8: rootbotz leads KS, teambinary plays QS -> rootbotz wins
  Trick  9: rootbotz leads KC, teambinary plays QC -> rootbotz wins
  Trick 10: rootbotz leads 9C, teambinary plays 9D -> rootbotz wins
  Trick 11: rootbotz leads 10S, teambinary plays 10D -> rootbotz wins
  Trick 12: rootbotz leads 10H, teambinary plays JH -> teambinary wins
  Hand: teambinary +14 / rootbotz +20 (tricks 5-7)
  Match total: teambinary 89 - 65 rootbotz
Players: teambinary vs rootbotz
Dealer: teambinary  |  Elder: rootbotz
Match scores: 89 - 65
Talon (8): QC 10D JD QD 7H 8H JH AS
teambinary hand: 7C 8C 9C JC AC 8D KD AD 10H QH JS KS
rootbotz hand: 10C KC 7D 9D 9H KH AH 7S 8S 9S 10S QS
  Exchange rootbotz: discard 10C 7D 9D 9H -> draw 10D QD 7H 8H (talon 4 left)
  Exchange teambinary: discard 8D -> draw AS (talon 3 left)

--- Phase: declare ---
  Declare point: teambinary wins 5 pts (('point', 5, 'C'))
  Declare sequence: rootbotz wins 4 pts (('sequence', 4, 10, 'S'))
  Declare set: teambinary wins 3 pts (('set', 3, 14))

--- Phase: tricks ---
  Trick  1: rootbotz leads AH, teambinary plays 10H -> rootbotz wins
  Trick  2: rootbotz leads KH, teambinary plays QH -> rootbotz wins
  Trick  3: rootbotz leads 7H, teambinary plays 7C -> rootbotz wins
  Trick  4: rootbotz leads 8H, teambinary plays 8C -> rootbotz wins
  Trick  5: rootbotz leads KC, teambinary plays AC -> teambinary wins
  Trick  6: teambinary leads AD, rootbotz plays 10D -> teambinary wins
  Trick  7: teambinary leads AS, rootbotz plays 7S -> teambinary wins
  Trick  8: teambinary leads KS, rootbotz plays 8S -> teambinary wins
  Trick  9: teambinary leads JC, rootbotz plays 9S -> teambinary wins
  Trick 10: teambinary leads JS, rootbotz plays QS -> rootbotz wins
  Trick 11: rootbotz leads 10S, teambinary plays 9C -> rootbotz wins
  Trick 12: rootbotz leads QD, teambinary plays KD -> teambinary wins
  Hand: teambinary +15 / rootbotz +10 (tricks 6-6)
  Match total: teambinary 104 - 75 rootbotz
  Final: teambinary 104 - 75 rootbotz
  Winner: teambinary

============================================================
Game 27
============================================================
Players: rootbotz vs teambinary
Dealer: rootbotz  |  Elder: teambinary
Match scores: 0 - 0
Talon (8): 8C 10C QC KC KD 9H 9S 10S
rootbotz hand: 7C 9C 7D 8D QD AD 10H QH AH 7S QS AS
teambinary hand: JC AC 9D 10D JD 7H 8H JH KH 8S JS KS
  Exchange teambinary: discard 7H 8H 8S -> draw 8C KC 9H (talon 5 left)
  Exchange rootbotz: discard 7C 9C 10H 7S QS -> draw 10C QC KD 9S 10S (talon 0 left)

--- Phase: declare ---
  Declare point: rootbotz wins 5 pts (('point', 5, 'D'))
  Declare sequence: rootbotz wins 3 pts (('sequence', 3, 14, 'D'))
  Declare set: rootbotz wins 3 pts (('set', 3, 14))

--- Phase: tricks ---
  Trick  1: teambinary leads AC, rootbotz plays 10C -> teambinary wins
  Trick  2: teambinary leads KH, rootbotz plays AH -> rootbotz wins
  Trick  3: rootbotz leads AS, teambinary plays JS -> rootbotz wins
  Trick  4: rootbotz leads AD, teambinary plays 9D -> rootbotz wins
  Trick  5: rootbotz leads QH, teambinary plays 9H -> rootbotz wins
  Trick  6: rootbotz leads QD, teambinary plays 10D -> rootbotz wins
  Trick  7: rootbotz leads KD, teambinary plays JD -> rootbotz wins
  Trick  8: rootbotz leads 7D, teambinary plays 8C -> rootbotz wins
  Trick  9: rootbotz leads 8D, teambinary plays JC -> rootbotz wins
  Trick 10: rootbotz leads 9S, teambinary plays KS -> teambinary wins
  Trick 11: teambinary leads JH, rootbotz plays 10S -> teambinary wins
  Trick 12: teambinary leads KC, rootbotz plays QC -> teambinary wins
  Hand: rootbotz +29 / teambinary +5 (tricks 8-4)
  Match total: rootbotz 29 - 5 teambinary
Players: rootbotz vs teambinary
Dealer: teambinary  |  Elder: rootbotz
Match scores: 29 - 5
Talon (8): 10C QC KC 8D QD KD 8H KS
rootbotz hand: 9C 7D 9D JD JH QH KH AH 8S JS QS AS
teambinary hand: 7C 8C JC AC 10D AD 7H 9H 10H 7S 9S 10S
  Exchange rootbotz: discard 9C 7D 9D 8S QS -> draw 10C QC KC QD KS (talon 3 left)
  Exchange teambinary: discard 7C 7H 7S -> draw 8D KD 8H (talon 0 left)

--- Phase: declare ---
  Declare point: rootbotz wins 4 pts (('point', 4, 'H'))
  Declare sequence: rootbotz wins 4 pts (('sequence', 4, 14, 'H'))
  Declare set: rootbotz wins 3 pts (('set', 3, 13))

--- Phase: tricks ---
  Trick  1: rootbotz leads AS, teambinary plays 9S -> rootbotz wins
  Trick  2: rootbotz leads AH, teambinary plays 8H -> rootbotz wins
  Trick  3: rootbotz leads JS, teambinary plays 10S -> rootbotz wins
  Trick  4: rootbotz leads JH, teambinary plays 9H -> rootbotz wins
  Trick  5: rootbotz leads QH, teambinary plays 10H -> rootbotz wins
  Trick  6: rootbotz leads KS, teambinary plays 8C -> rootbotz wins
  Trick  7: rootbotz leads KH, teambinary plays 8D -> rootbotz wins
  Trick  8: rootbotz leads QC, teambinary plays AC -> teambinary wins
  Trick  9: teambinary leads AD, rootbotz plays JD -> teambinary wins
  Trick 10: teambinary leads KD, rootbotz plays QD -> teambinary wins
  Trick 11: teambinary leads JC, rootbotz plays KC -> rootbotz wins
  Trick 12: rootbotz leads 10C, teambinary plays 10D -> rootbotz wins
  Hand: rootbotz +31 / teambinary +3 (tricks 9-3)
  Match total: rootbotz 60 - 8 teambinary
Players: rootbotz vs teambinary
Dealer: rootbotz  |  Elder: teambinary
Match scores: 60 - 8
Talon (8): 7C 8C QC 9D AD 7H 10S QS
rootbotz hand: 9C 10C JC KC 7D 10D 9H 10H JH KH 7S 9S
teambinary hand: AC 8D JD QD KD 8H QH AH 8S JS KS AS
  Exchange teambinary: discard 8D 8H 8S -> draw QC 9D 7H (talon 5 left)
  Exchange rootbotz: discard 7D 9H JH 7S 9S -> draw 7C 8C AD 10S QS (talon 0 left)

--- Phase: declare ---
  Declare point: rootbotz wins 6 pts (('point', 6, 'C'))
  Declare sequence: rootbotz wins 10 pts (('sequence', 5, 11, 'C'))
  Declare set: teambinary wins 3 pts (('set', 3, 14))

--- Phase: tricks ---
  Trick  1: teambinary leads AC, rootbotz plays 7C -> teambinary wins
  Trick  2: teambinary leads AH, rootbotz plays 10H -> teambinary wins
  Trick  3: teambinary leads AS, rootbotz plays 10S -> teambinary wins
  Trick  4: teambinary leads KD, rootbotz plays AD -> rootbotz wins
  Trick  5: rootbotz leads 10D, teambinary plays JD -> teambinary wins
  Trick  6: teambinary leads KS, rootbotz plays QS -> teambinary wins
  Trick  7: teambinary leads QD, rootbotz plays 8C -> teambinary wins
  Trick  8: teambinary leads QH, rootbotz plays KH -> rootbotz wins
  Trick  9: rootbotz leads 9C, teambinary plays QC -> teambinary wins
  Trick 10: teambinary leads JS, rootbotz plays 10C -> teambinary wins
  Trick 11: teambinary leads 7H, rootbotz plays JC -> teambinary wins
  Trick 12: teambinary leads 9D, rootbotz plays KC -> teambinary wins
  Hand: rootbotz +18 / teambinary +24 (tricks 2-10)
  Match total: rootbotz 78 - 32 teambinary
Players: rootbotz vs teambinary
Dealer: teambinary  |  Elder: rootbotz
Match scores: 78 - 32
Talon (8): 7C 10C 10D QD JH QH JS QS
rootbotz hand: KC 7D 9D JD 7H 9H KH AH 8S 9S 10S KS
teambinary hand: 8C 9C JC QC AC 8D KD AD 8H 10H 7S AS
  Exchange rootbotz: discard 7D 9D JD 7H 9H -> draw 10C 10D QD JS QS (talon 3 left)
  Exchange teambinary: discard 8D 8H 7S -> draw 7C JH QH (talon 0 left)

--- Phase: declare ---
  Declare point: rootbotz wins 6 pts (('point', 6, 'S'))
  Declare sequence: rootbotz wins 11 pts (('sequence', 6, 13, 'S'))
  Declare set: teambinary wins 3 pts (('set', 3, 14))

--- Phase: tricks ---
  Trick  1: rootbotz leads AH, teambinary plays 10H -> rootbotz wins
  Trick  2: rootbotz leads KH, teambinary plays JH -> rootbotz wins
  Trick  3: rootbotz leads 8S, teambinary plays AS -> teambinary wins
  Trick  4: teambinary leads AD, rootbotz plays 10D -> teambinary wins
  Trick  5: teambinary leads AC, rootbotz plays 10C -> teambinary wins
  Trick  6: teambinary leads QC, rootbotz plays KC -> rootbotz wins
  Trick  7: rootbotz leads QD, teambinary plays KD -> teambinary wins
  Trick  8: teambinary leads JC, rootbotz plays 9S -> teambinary wins
  Trick  9: teambinary leads 9C, rootbotz plays 10S -> teambinary wins
  Trick 10: teambinary leads 8C, rootbotz plays JS -> teambinary wins
  Trick 11: teambinary leads QH, rootbotz plays QS -> teambinary wins
  Trick 12: teambinary leads 7C, rootbotz plays KS -> teambinary wins
  Hand: rootbotz +20 / teambinary +23 (tricks 3-9)
  Match total: rootbotz 98 - 55 teambinary
Players: rootbotz vs teambinary
Dealer: rootbotz  |  Elder: teambinary
Match scores: 98 - 55
Talon (8): 7C 9C QC 7D AD 9S JS KS
rootbotz hand: 8C JC AC JD 7H 9H 10H JH 7S 8S 10S QS
teambinary hand: 10C KC 8D 9D 10D QD KD 8H QH KH AH AS
  Exchange teambinary: discard 8H -> draw 9S (talon 7 left)
  Exchange rootbotz: discard 7H 7S 8S 10S QS -> draw 7C QC 7D AD KS (talon 2 left)

--- Phase: declare ---
  Declare point: teambinary wins 5 pts (('point', 5, 'D'))
  Declare sequence: teambinary wins 3 pts (('sequence', 3, 14, 'H'))
  Declare set: teambinary wins 3 pts (('set', 3, 13))

--- Phase: tricks ---
  Trick  1: teambinary leads AS, rootbotz plays KS -> teambinary wins
  Trick  2: teambinary leads AH, rootbotz plays 9H -> teambinary wins
  Trick  3: teambinary leads KD, rootbotz plays AD -> rootbotz wins
  Trick  4: rootbotz leads AC, teambinary plays 10C -> rootbotz wins
  Trick  5: rootbotz leads JD, teambinary plays QD -> teambinary wins
  Trick  6: teambinary leads 10D, rootbotz plays 7D -> teambinary wins
  Trick  7: teambinary leads 9D, rootbotz plays 7C -> teambinary wins
  Trick  8: teambinary leads KH, rootbotz plays 10H -> teambinary wins
  Trick  9: teambinary leads KC, rootbotz plays 8C -> teambinary wins
  Trick 10: teambinary leads QH, rootbotz plays JH -> teambinary wins
  Trick 11: teambinary leads 8D, rootbotz plays JC -> teambinary wins
  Trick 12: teambinary leads 9S, rootbotz plays QC -> teambinary wins
  Hand: rootbotz +2 / teambinary +32 (tricks 2-10)
  Match total: rootbotz 100 - 87 teambinary
  Final: rootbotz 100 - 87 teambinary
  Winner: rootbotz

============================================================
Game 28
============================================================
Players: teambinary vs rootbotz
Dealer: teambinary  |  Elder: rootbotz
Match scores: 0 - 0
Talon (8): QC AD 10H JH AH 7S 8S QS
teambinary hand: 8C 9C KC AC 10D JD KD 8H 9S JS KS AS
rootbotz hand: 7C 10C JC 7D 8D 9D QD 7H 9H QH KH 10S
  Exchange rootbotz: discard 7C 10C 7H 9H 10S -> draw JH AH 7S 8S QS (talon 3 left)
  Exchange teambinary: discard 8C 9C 8H -> draw QC AD 10H (talon 0 left)

--- Phase: declare ---
  Declare sequence: rootbotz wins 4 pts (('sequence', 4, 14, 'H'))
  Declare set: teambinary wins 3 pts (('set', 3, 14))

--- Phase: tricks ---
  Trick  1: rootbotz leads AH, teambinary plays 10H -> rootbotz wins
  Trick  2: rootbotz leads JH, teambinary plays 9S -> rootbotz wins
  Trick  3: rootbotz leads QH, teambinary plays 10D -> rootbotz wins
  Trick  4: rootbotz leads KH, teambinary plays JD -> rootbotz wins
  Trick  5: rootbotz leads QS, teambinary plays KS -> teambinary wins
  Trick  6: teambinary leads AC, rootbotz plays JC -> teambinary wins
  Trick  7: teambinary leads AS, rootbotz plays 7S -> teambinary wins
  Trick  8: teambinary leads AD, rootbotz plays 7D -> teambinary wins
  Trick  9: teambinary leads KC, rootbotz plays 8S -> teambinary wins
  Trick 10: teambinary leads KD, rootbotz plays 8D -> teambinary wins
  Trick 11: teambinary leads JS, rootbotz plays 9D -> teambinary wins
  Trick 12: teambinary leads QC, rootbotz plays QD -> teambinary wins
  Hand: teambinary +22 / rootbotz +8 (tricks 8-4)
  Match total: teambinary 22 - 8 rootbotz
Players: teambinary vs rootbotz
Dealer: rootbotz  |  Elder: teambinary
Match scores: 22 - 8
Talon (8): 7C 8D 9D 7H 8H 10H 10S AS
teambinary hand: 9C AC 10D JD QD KD AD 9H 7S 8S 9S KS
rootbotz hand: 8C 10C JC QC KC 7D JH QH KH AH JS QS
  Exchange teambinary: discard 9C 9H -> draw 7H 10S (talon 6 left)
  Exchange rootbotz: discard 8C 10C JC 7D JS -> draw 7C 8D 8H 10H AS (talon 1 left)

--- Phase: declare ---
  Declare point: rootbotz wins 6 pts (('point', 6, 'H'))
  Declare set: rootbotz wins 3 pts (('set', 3, 12))

--- Phase: tricks ---
  Trick  1: teambinary leads AC, rootbotz plays 7C -> teambinary wins
  Trick  2: teambinary leads AD, rootbotz plays 8D -> teambinary wins
  Trick  3: teambinary leads KS, rootbotz plays AS -> rootbotz wins
  Trick  4: rootbotz leads AH, teambinary plays 7H -> rootbotz wins
  Trick  5: rootbotz leads 10H, teambinary plays 7S -> rootbotz wins
  Trick  6: rootbotz leads JH, teambinary plays 8S -> rootbotz wins
  Trick  7: rootbotz leads QS, teambinary plays 9S -> rootbotz wins
  Trick  8: rootbotz leads QH, teambinary plays 10D -> rootbotz wins
  Trick  9: rootbotz leads 8H, teambinary plays 10S -> rootbotz wins
  Trick 10: rootbotz leads QC, teambinary plays JD -> rootbotz wins
  Trick 11: rootbotz leads KH, teambinary plays QD -> rootbotz wins
  Trick 12: rootbotz leads KC, teambinary plays KD -> rootbotz wins
  Hand: teambinary +2 / rootbotz +30 (tricks 2-10)
  Match total: teambinary 24 - 38 rootbotz
Players: teambinary vs rootbotz
Dealer: teambinary  |  Elder: rootbotz
Match scores: 24 - 38
Talon (8): 7C QC 10D QD 10H 7S 8S 10S
teambinary hand: 8C KC AC 8D JD KD 9H JH KH 9S QS AS
rootbotz hand: 9C 10C JC 7D 9D AD 7H 8H QH AH JS KS
  Exchange rootbotz: discard 7D 9D 7H 8H JS -> draw 7C 10D 10H 7S 8S (talon 3 left)
  Exchange teambinary: discard 8C 8D 9S -> draw QC QD 10S (talon 0 left)

--- Phase: declare ---
  Declare point: rootbotz wins 4 pts (('point', 4, 'C'))
  Declare sequence: teambinary wins 3 pts (('sequence', 3, 14, 'C'))
  Declare set: teambinary wins 3 pts (('set', 3, 13))

--- Phase: tricks ---
  Trick  1: rootbotz leads AH, teambinary plays 9H -> rootbotz wins
  Trick  2: rootbotz leads AD, teambinary plays JD -> rootbotz wins
  Trick  3: rootbotz leads KS, teambinary plays AS -> teambinary wins
  Trick  4: teambinary leads AC, rootbotz plays 7C -> teambinary wins
  Trick  5: teambinary leads KH, rootbotz plays 10H -> teambinary wins
  Trick  6: teambinary leads QS, rootbotz plays 7S -> teambinary wins
  Trick  7: teambinary leads KC, rootbotz plays 9C -> teambinary wins
  Trick  8: teambinary leads KD, rootbotz plays 10D -> teambinary wins
  Trick  9: teambinary leads JH, rootbotz plays QH -> rootbotz wins
  Trick 10: rootbotz leads 8S, teambinary plays 10S -> teambinary wins
  Trick 11: teambinary leads QC, rootbotz plays 10C -> teambinary wins
  Trick 12: teambinary leads QD, rootbotz plays JC -> teambinary wins
  Hand: teambinary +26 / rootbotz +7 (tricks 9-3)
  Match total: teambinary 50 - 45 rootbotz
Players: teambinary vs rootbotz
Dealer: rootbotz  |  Elder: teambinary
Match scores: 50 - 45
Talon (8): KC 7D 10D 9H JH KH 7S AS
teambinary hand: QC KD AD 8H QH AH 8S 9S 10S JS QS KS
rootbotz hand: 7C 8C 9C 10C JC AC 8D 9D JD QD 7H 10H
  Exchange teambinary: discard 8H -> draw KH (talon 7 left)
  Exchange rootbotz: discard 8D 9D QD 7H 10H -> draw KC 10D 9H JH AS (talon 2 left)

--- Phase: declare ---
  Declare point: rootbotz wins 7 pts (('point', 7, 'C'))
  Declare sequence: teambinary wins 11 pts (('sequence', 6, 13, 'S'))
  Declare set: teambinary wins 3 pts (('set', 3, 13))

--- Phase: tricks ---
  Trick  1: teambinary leads AH, rootbotz plays 9H -> teambinary wins
  Trick  2: teambinary leads AD, rootbotz plays 10D -> teambinary wins
  Trick  3: teambinary leads KS, rootbotz plays AS -> rootbotz wins
  Trick  4: rootbotz leads AC, teambinary plays QC -> rootbotz wins
  Trick  5: rootbotz leads 7C, teambinary plays 8S -> rootbotz wins
  Trick  6: rootbotz leads 8C, teambinary plays 9S -> rootbotz wins
  Trick  7: rootbotz leads 9C, teambinary plays 10S -> rootbotz wins
  Trick  8: rootbotz leads 10C, teambinary plays JS -> rootbotz wins
  Trick  9: rootbotz leads JC, teambinary plays QH -> rootbotz wins
  Trick 10: rootbotz leads KC, teambinary plays QS -> rootbotz wins
  Trick 11: rootbotz leads JH, teambinary plays KH -> teambinary wins
  Trick 12: teambinary leads KD, rootbotz plays JD -> teambinary wins
  Hand: teambinary +19 / rootbotz +25 (tricks 4-8)
  Match total: teambinary 69 - 70 rootbotz
Players: teambinary vs rootbotz
Dealer: teambinary  |  Elder: rootbotz
Match scores: 69 - 70
Talon (8): 8C KC 7D KD 7H 10H KH QS
teambinary hand: 7C 9C QC 9D JD AD 8H AH 7S 10S JS AS
rootbotz hand: 10C JC AC 8D 10D QD 9H JH QH 8S 9S KS
  Exchange rootbotz: discard 10C 8D 10D 8S 9S -> draw 8C 7D KD KH QS (talon 3 left)
  Exchange teambinary: discard 7C 8H 7S -> draw KC 7H 10H (talon 0 left)

--- Phase: declare ---
  Declare point: rootbotz wins 4 pts (('point', 4, 'H'))
  Declare sequence: rootbotz wins 3 pts (('sequence', 3, 13, 'H'))
  Declare set: teambinary wins 3 pts (('set', 3, 14))

--- Phase: tricks ---
  Trick  1: rootbotz leads AC, teambinary plays 9C -> rootbotz wins
  Trick  2: rootbotz leads JH, teambinary plays AH -> teambinary wins
  Trick  3: teambinary leads AS, rootbotz plays QS -> teambinary wins
  Trick  4: teambinary leads AD, rootbotz plays 7D -> teambinary wins
  Trick  5: teambinary leads JD, rootbotz plays QD -> rootbotz wins
  Trick  6: rootbotz leads KS, teambinary plays 10S -> rootbotz wins
  Trick  7: rootbotz leads KD, teambinary plays 9D -> rootbotz wins
  Trick  8: rootbotz leads JC, teambinary plays QC -> teambinary wins
  Trick  9: teambinary leads 10H, rootbotz plays QH -> rootbotz wins
  Trick 10: rootbotz leads 8C, teambinary plays KC -> teambinary wins
  Trick 11: teambinary leads JS, rootbotz plays 9H -> teambinary wins
  Trick 12: teambinary leads 7H, rootbotz plays KH -> rootbotz wins
  Hand: teambinary +9 / rootbotz +14 (tricks 6-6)
  Match total: teambinary 78 - 84 rootbotz
Players: teambinary vs rootbotz
Dealer: rootbotz  |  Elder: teambinary
Match scores: 78 - 84
Talon (8): 7C 10C 10D JD 7H AH 7S JS
teambinary hand: 9C QC KC AC 8D 9D QD KD AD 9H 10S AS
rootbotz hand: 8C JC 7D 8H 10H JH QH KH 8S 9S QS KS
  Exchange teambinary: discard 9C 8D 9D 9H -> draw 7C 10C JD JS (talon 4 left)
  Exchange rootbotz: discard 7D 8H 8S 9S -> draw 10D 7H AH 7S (talon 0 left)

--- Phase: declare ---
  Declare point: rootbotz wins 6 pts (('point', 6, 'H'))
  Declare sequence: rootbotz wins 10 pts (('sequence', 5, 14, 'H'))
  Declare set: teambinary wins 3 pts (('set', 3, 14))

--- Phase: tricks ---
  Trick  1: teambinary leads AS, rootbotz plays 7S -> teambinary wins
  Trick  2: teambinary leads AD, rootbotz plays 10D -> teambinary wins
  Trick  3: teambinary leads AC, rootbotz plays 8C -> teambinary wins
  Trick  4: teambinary leads KC, rootbotz plays JC -> teambinary wins
  Trick  5: teambinary leads QC, rootbotz plays 7H -> teambinary wins
  Trick  6: teambinary leads KD, rootbotz plays 10H -> teambinary wins
  Trick  7: teambinary leads JS, rootbotz plays QS -> rootbotz wins
  Trick  8: rootbotz leads AH, teambinary plays 7C -> rootbotz wins
  Trick  9: rootbotz leads JH, teambinary plays 10C -> rootbotz wins
  Trick 10: rootbotz leads QH, teambinary plays 10S -> rootbotz wins
  Trick 11: rootbotz leads KH, teambinary plays JD -> rootbotz wins
  Trick 12: rootbotz leads KS, teambinary plays QD -> rootbotz wins
  Hand: teambinary +9 / rootbotz +23 (tricks 6-6)
  Match total: teambinary 87 - 107 rootbotz
  Final: teambinary 87 - 107 rootbotz
  Winner: rootbotz

============================================================
Game 29
============================================================
Players: rootbotz vs teambinary
Dealer: rootbotz  |  Elder: teambinary
Match scores: 0 - 0
Talon (8): 10C JD AD 7H JH KH QS KS
rootbotz hand: 7C 8C 9C QC KC 8D 9D 10D QD KD 10S JS
teambinary hand: JC AC 7D 8H 9H 10H QH AH 7S 8S 9S AS
  Exchange teambinary: discard 7D -> draw AD (talon 7 left)
  Exchange rootbotz: discard 7C 8C 9C QC 10S JS -> draw 10C JD JH KH QS KS (talon 1 left)

--- Phase: declare ---
  Declare point: rootbotz wins 6 pts (('point', 6, 'D'))
  Declare sequence: rootbotz wins 11 pts (('sequence', 6, 13, 'D'))
  Declare set: teambinary wins 14 pts (('set', 4, 14))

--- Phase: tricks ---
  Trick  1: teambinary leads AC, rootbotz plays 10C -> teambinary wins
  Trick  2: teambinary leads AS, rootbotz plays QS -> teambinary wins
  Trick  3: teambinary leads AH, rootbotz plays JH -> teambinary wins
  Trick  4: teambinary leads AD, rootbotz plays 8D -> teambinary wins
  Trick  5: teambinary leads QH, rootbotz plays KH -> rootbotz wins
  Trick  6: rootbotz leads 9D, teambinary plays 7S -> rootbotz wins
  Trick  7: rootbotz leads 10D, teambinary plays 8H -> rootbotz wins
  Trick  8: rootbotz leads JD, teambinary plays 8S -> rootbotz wins
  Trick  9: rootbotz leads QD, teambinary plays 9H -> rootbotz wins
  Trick 10: rootbotz leads KS, teambinary plays 9S -> rootbotz wins
  Trick 11: rootbotz leads KD, teambinary plays 10H -> rootbotz wins
  Trick 12: rootbotz leads KC, teambinary plays JC -> rootbotz wins
  Hand: rootbotz +36 / teambinary +18 (tricks 8-4)
  Match total: rootbotz 36 - 18 teambinary
Players: rootbotz vs teambinary
Dealer: teambinary  |  Elder: rootbotz
Match scores: 36 - 18
Talon (8): 7C AC 10D KD AD 7H 8H QH
rootbotz hand: 8C 10C QC 7D 9D KH 7S 8S 10S JS KS AS
teambinary hand: 9C JC KC 8D JD QD 9H 10H JH AH 9S QS
  Exchange rootbotz: discard 8C 10C 7D 9D -> draw 7C AC KD AD (talon 4 left)
  Exchange teambinary: discard 9C 8D 9S -> draw 10D 7H 8H (talon 1 left)

--- Phase: declare ---
  Declare point: rootbotz wins 6 pts (('point', 6, 'S'))
  Declare sequence: teambinary wins 10 pts (('sequence', 5, 11, 'H'))
  Declare set: rootbotz wins 3 pts (('set', 3, 14))

--- Phase: tricks ---
  Trick  1: rootbotz leads AS, teambinary plays QS -> rootbotz wins
  Trick  2: rootbotz leads AD, teambinary plays 10D -> rootbotz wins
  Trick  3: rootbotz leads AC, teambinary plays JC -> rootbotz wins
  Trick  4: rootbotz leads KS, teambinary plays 7H -> rootbotz wins
  Trick  5: rootbotz leads KD, teambinary plays JD -> rootbotz wins
  Trick  6: rootbotz leads 10S, teambinary plays 8H -> rootbotz wins
  Trick  7: rootbotz leads JS, teambinary plays 9H -> rootbotz wins
  Trick  8: rootbotz leads 7S, teambinary plays 10H -> rootbotz wins
  Trick  9: rootbotz leads 7C, teambinary plays KC -> teambinary wins
  Trick 10: teambinary leads AH, rootbotz plays KH -> teambinary wins
  Trick 11: teambinary leads QD, rootbotz plays 8S -> teambinary wins
  Trick 12: teambinary leads JH, rootbotz plays QC -> teambinary wins
  Hand: rootbotz +27 / teambinary +15 (tricks 8-4)
  Match total: rootbotz 63 - 33 teambinary
Players: rootbotz vs teambinary
Dealer: rootbotz  |  Elder: teambinary
Match scores: 63 - 33
Talon (8): 7C JC QC 10D QD 7H QH 8S
rootbotz hand: 8C 10C 7D JD 8H 9H JH 7S 9S 10S QS KS
teambinary hand: 9C KC AC 8D 9D KD AD 10H KH AH JS AS
  Exchange teambinary: discard 9C 8D 9D -> draw 10D 7H QH (talon 5 left)
  Exchange rootbotz: discard 8C 7D JD 8H 9H -> draw 7C JC QC QD 8S (talon 0 left)

--- Phase: declare ---
  Declare point: rootbotz wins 6 pts (('point', 6, 'S'))
  Declare sequence: rootbotz wins 4 pts (('sequence', 4, 10, 'S'))
  Declare set: teambinary wins 14 pts (('set', 4, 14))

--- Phase: tricks ---
  Trick  1: teambinary leads AS, rootbotz plays 7S -> teambinary wins
  Trick  2: teambinary leads AH, rootbotz plays JH -> teambinary wins
  Trick  3: teambinary leads AC, rootbotz plays 7C -> teambinary wins
  Trick  4: teambinary leads AD, rootbotz plays QD -> teambinary wins
  Trick  5: teambinary leads KH, rootbotz plays 8S -> teambinary wins
  Trick  6: teambinary leads QH, rootbotz plays 9S -> teambinary wins
  Trick  7: teambinary leads 10H, rootbotz plays 10S -> teambinary wins
  Trick  8: teambinary leads KD, rootbotz plays 10C -> teambinary wins
  Trick  9: teambinary leads JS, rootbotz plays QS -> rootbotz wins
  Trick 10: rootbotz leads JC, teambinary plays KC -> teambinary wins
  Trick 11: teambinary leads 10D, rootbotz plays QC -> teambinary wins
  Trick 12: teambinary leads 7H, rootbotz plays KS -> teambinary wins
  Hand: rootbotz +11 / teambinary +36 (tricks 1-11)
  Match total: rootbotz 74 - 69 teambinary
Players: rootbotz vs teambinary
Dealer: teambinary  |  Elder: rootbotz
Match scores: 74 - 69
Talon (8): 9C KC 10D 7H AH 7S KS AS
rootbotz hand: 7C 8C JC AC 7D JD 10H QH KH 9S 10S QS
teambinary hand: 10C QC 8D 9D QD KD AD 8H 9H JH 8S JS
  Exchange rootbotz: discard 7C 8C 7D 9S 10S -> draw 9C KC 7H 7S AS (talon 3 left)
  Exchange teambinary: discard 8H 9H 8S -> draw 10D AH KS (talon 0 left)

--- Phase: declare ---
  Declare point: teambinary wins 6 pts (('point', 6, 'D'))
  Declare sequence: teambinary wins 3 pts (('sequence', 3, 14, 'D'))

--- Phase: tricks ---
  Trick  1: rootbotz leads AS, teambinary plays JS -> rootbotz wins
  Trick  2: rootbotz leads AC, teambinary plays 10C -> rootbotz wins
  Trick  3: rootbotz leads KC, teambinary plays QC -> rootbotz wins
  Trick  4: rootbotz leads JC, teambinary plays 8D -> rootbotz wins
  Trick  5: rootbotz leads QS, teambinary plays KS -> teambinary wins
  Trick  6: teambinary leads AD, rootbotz plays JD -> teambinary wins
  Trick  7: teambinary leads AH, rootbotz plays 7H -> teambinary wins
  Trick  8: teambinary leads KD, rootbotz plays 7S -> teambinary wins
  Trick  9: teambinary leads QD, rootbotz plays 9C -> teambinary wins
  Trick 10: teambinary leads 10D, rootbotz plays 10H -> teambinary wins
  Trick 11: teambinary leads 9D, rootbotz plays QH -> teambinary wins
  Trick 12: teambinary leads JH, rootbotz plays KH -> rootbotz wins
  Hand: rootbotz +6 / teambinary +26 (tricks 5-7)
  Match total: rootbotz 80 - 95 teambinary
Players: rootbotz vs teambinary
Dealer: rootbotz  |  Elder: teambinary
Match scores: 80 - 95
Talon (8): 8C 7D QD KD 8H 9S 10S AS
rootbotz hand: QC AC 8D 9D AD 7H 9H KH 7S 8S JS QS
teambinary hand: 7C 9C 10C JC KC 10D JD 10H JH QH AH KS
  Exchange teambinary: discard 7C -> draw KD (talon 7 left)
  Exchange rootbotz: discard QC 8D 9D 7H 9H 7S -> draw 7D QD 8H 9S 10S AS (talon 1 left)

--- Phase: declare ---
  Declare point: rootbotz wins 6 pts (('point', 6, 'S'))
  Declare sequence: rootbotz wins 10 pts (('sequence', 5, 12, 'S'))
  Declare set: rootbotz wins 3 pts (('set', 3, 14))

--- Phase: tricks ---
  Trick  1: teambinary leads AH, rootbotz plays 8H -> teambinary wins
  Trick  2: teambinary leads KC, rootbotz plays AC -> rootbotz wins
  Trick  3: rootbotz leads AS, teambinary plays KS -> rootbotz wins
  Trick  4: rootbotz leads AD, teambinary plays 10D -> rootbotz wins
  Trick  5: rootbotz leads KH, teambinary plays 10H -> rootbotz wins
  Trick  6: rootbotz leads 8S, teambinary plays 9C -> rootbotz wins
  Trick  7: rootbotz leads 9S, teambinary plays 10C -> rootbotz wins
  Trick  8: rootbotz leads 7D, teambinary plays JD -> teambinary wins
  Trick  9: teambinary leads QH, rootbotz plays 10S -> teambinary wins
  Trick 10: teambinary leads JH, rootbotz plays JS -> teambinary wins
  Trick 11: teambinary leads JC, rootbotz plays QS -> teambinary wins
  Trick 12: teambinary leads KD, rootbotz plays QD -> teambinary wins
  Hand: rootbotz +25 / teambinary +7 (tricks 6-6)
  Match total: rootbotz 105 - 102 teambinary
  Final: rootbotz 105 - 102 teambinary
  Winner: rootbotz

============================================================
Game 30
============================================================
Players: teambinary vs rootbotz
Dealer: teambinary  |  Elder: rootbotz
Match scores: 0 - 0
Talon (8): 8C JC 10D JD KD 7H JH QS
teambinary hand: QC 7D 8D 9D QD AD 7S 8S 9S 10S JS KS
rootbotz hand: 7C 9C 10C KC AC 8H 9H 10H QH KH AH AS
  Exchange rootbotz: discard 7C 9C 10C KC -> draw 8C JD KD 7H (talon 4 left)
  Exchange teambinary: discard  -> draw  (talon 4 left)

--- Phase: declare ---
  Declare point: rootbotz wins 7 pts (('point', 7, 'H'))
  Declare sequence: teambinary wins 10 pts (('sequence', 5, 11, 'S'))
  Declare set: rootbotz wins 3 pts (('set', 3, 14))

--- Phase: tricks ---
  Trick  1: rootbotz leads AS, teambinary plays 7S -> rootbotz wins
  Trick  2: rootbotz leads AH, teambinary plays 7D -> rootbotz wins
  Trick  3: rootbotz leads AC, teambinary plays QC -> rootbotz wins
  Trick  4: rootbotz leads QH, teambinary plays 8D -> rootbotz wins
  Trick  5: rootbotz leads KH, teambinary plays 8S -> rootbotz wins
  Trick  6: rootbotz leads 7H, teambinary plays 9D -> rootbotz wins
  Trick  7: rootbotz leads 8H, teambinary plays 9S -> rootbotz wins
  Trick  8: rootbotz leads 8C, teambinary plays 10S -> rootbotz wins
  Trick  9: rootbotz leads 9H, teambinary plays JS -> rootbotz wins
  Trick 10: rootbotz leads 10H, teambinary plays QD -> rootbotz wins
  Trick 11: rootbotz leads JD, teambinary plays AD -> teambinary wins
  Trick 12: teambinary leads KS, rootbotz plays KD -> teambinary wins
  Hand: teambinary +13 / rootbotz +30 (tricks 2-10)
  Match total: teambinary 13 - 30 rootbotz
Players: teambinary vs rootbotz
Dealer: rootbotz  |  Elder: teambinary
Match scores: 13 - 30
Talon (8): KC JD KD 7H QH AH 8S AS
teambinary hand: 8C 10C JC QC 7D 10D 8H KH 7S 9S 10S QS
rootbotz hand: 7C 9C AC 8D 9D QD AD 9H 10H JH JS KS
  Exchange teambinary: discard 8C 7D 8H 7S 9S -> draw KC KD QH 8S AS (talon 3 left)
  Exchange rootbotz: discard 7C 8D 9D -> draw JD 7H AH (talon 0 left)

--- Phase: declare ---
  Declare point: rootbotz wins 5 pts (('point', 5, 'H'))
  Declare sequence: teambinary wins 4 pts (('sequence', 4, 13, 'C'))
  Declare set: rootbotz wins 3 pts (('set', 3, 14))

--- Phase: tricks ---
  Trick  1: teambinary leads AS, rootbotz plays JS -> teambinary wins
  Trick  2: teambinary leads KC, rootbotz plays AC -> rootbotz wins
  Trick  3: rootbotz leads AH, teambinary plays QH -> rootbotz wins
  Trick  4: rootbotz leads AD, teambinary plays 10D -> rootbotz wins
  Trick  5: rootbotz leads KS, teambinary plays 8S -> rootbotz wins
  Trick  6: rootbotz leads 9C, teambinary plays 10C -> teambinary wins
  Trick  7: teambinary leads QS, rootbotz plays 7H -> teambinary wins
  Trick  8: teambinary leads QC, rootbotz plays 9H -> teambinary wins
  Trick  9: teambinary leads 10S, rootbotz plays 10H -> teambinary wins
  Trick 10: teambinary leads KH, rootbotz plays JH -> teambinary wins
  Trick 11: teambinary leads JC, rootbotz plays JD -> teambinary wins
  Trick 12: teambinary leads KD, rootbotz plays QD -> teambinary wins
  Hand: teambinary +23 / rootbotz +12 (tricks 8-4)
  Match total: teambinary 36 - 42 rootbotz
Players: teambinary vs rootbotz
Dealer: teambinary  |  Elder: rootbotz
Match scores: 36 - 42
Talon (8): 7C 10C KC 10D QD 7S 8S 10S
teambinary hand: 9C JC AC 7D KD AD 7H 8H 9H JH AH KS
rootbotz hand: 8C QC 8D 9D JD 10H QH KH 9S JS QS AS
  Exchange rootbotz: discard 8C 8D 9D JD 9S -> draw 7C 10C KC QD 10S (talon 3 left)
  Exchange teambinary: discard 9C 7D -> draw 7S 8S (talon 1 left)

--- Phase: declare ---
  Declare point: teambinary wins 5 pts (('point', 5, 'H'))
  Declare sequence: rootbotz wins 3 pts (('sequence', 3, 12, 'S'))
  Declare set: teambinary wins 3 pts (('set', 3, 14))

--- Phase: tricks ---
  Trick  1: rootbotz leads AS, teambinary plays 7S -> rootbotz wins
  Trick  2: rootbotz leads 10S, teambinary plays KS -> teambinary wins
  Trick  3: teambinary leads AC, rootbotz plays 7C -> teambinary wins
  Trick  4: teambinary leads AH, rootbotz plays 10H -> teambinary wins
  Trick  5: teambinary leads AD, rootbotz plays QD -> teambinary wins
  Trick  6: teambinary leads JH, rootbotz plays QH -> rootbotz wins
  Trick  7: rootbotz leads QC, teambinary plays JC -> rootbotz wins
  Trick  8: rootbotz leads KH, teambinary plays 7H -> rootbotz wins
  Trick  9: rootbotz leads KC, teambinary plays 8H -> rootbotz wins
  Trick 10: rootbotz leads 10C, teambinary plays 8S -> rootbotz wins
  Trick 11: rootbotz leads JS, teambinary plays 9H -> rootbotz wins
  Trick 12: rootbotz leads QS, teambinary plays KD -> rootbotz wins
  Hand: teambinary +12 / rootbotz +22 (tricks 4-8)
  Match total: teambinary 48 - 64 rootbotz
Players: teambinary vs rootbotz
Dealer: rootbotz  |  Elder: teambinary
Match scores: 48 - 64
Talon (8): QC 7D 7H QH KH AH 7S QS
teambinary hand: 10C KC AC 9D KD AD 8H 10H 8S 9S KS AS
rootbotz hand: 7C 8C 9C JC 8D 10D JD QD 9H JH 10S JS
  Exchange teambinary: discard 9D 8H 8S 9S -> draw 7D 7H KH AH (talon 4 left)
  Exchange rootbotz: discard 7C 8C 9C 10S -> draw QC QH 7S QS (talon 0 left)

--- Phase: declare ---
  Declare sequence: rootbotz wins 3 pts (('sequence', 3, 12, 'D'))
  Declare set: teambinary wins 14 pts (('set', 4, 14))

--- Phase: tricks ---
  Trick  1: teambinary leads AD, rootbotz plays 8D -> teambinary wins
  Trick  2: teambinary leads AS, rootbotz plays 7S -> teambinary wins
  Trick  3: teambinary leads AC, rootbotz plays JC -> teambinary wins
  Trick  4: teambinary leads AH, rootbotz plays 9H -> teambinary wins
  Trick  5: teambinary leads KH, rootbotz plays JH -> teambinary wins
  Trick  6: teambinary leads 10H, rootbotz plays QH -> rootbotz wins
  Trick  7: rootbotz leads 10D, teambinary plays KD -> teambinary wins
  Trick  8: teambinary leads KC, rootbotz plays QC -> teambinary wins
  Trick  9: teambinary leads 10C, rootbotz plays JS -> teambinary wins
  Trick 10: teambinary leads KS, rootbotz plays QS -> teambinary wins
  Trick 11: teambinary leads 7H, rootbotz plays JD -> teambinary wins
  Trick 12: teambinary leads 7D, rootbotz plays QD -> rootbotz wins
  Hand: teambinary +34 / rootbotz +6 (tricks 10-2)
  Match total: teambinary 82 - 70 rootbotz
Players: teambinary vs rootbotz
Dealer: teambinary  |  Elder: rootbotz
Match scores: 82 - 70
Talon (8): 8C 10C JC 8D 9H 7S 9S AS
teambinary hand: 7C 9C KC 7D 10D QD KD 10H QH AH 10S QS
rootbotz hand: QC AC 9D JD AD 7H 8H JH KH 8S JS KS
  Exchange rootbotz: discard 7H 8H 8S KS -> draw 8C JC 8D 7S (talon 4 left)
  Exchange teambinary: discard 7C 9C 7D -> draw 9H 9S AS (talon 1 left)

--- Phase: declare ---
  Declare point: teambinary wins 4 pts (('point', 4, 'H'))
  Declare set: teambinary wins 3 pts (('set', 3, 12))

--- Phase: tricks ---
  Trick  1: rootbotz leads AD, teambinary plays 10D -> rootbotz wins
  Trick  2: rootbotz leads AC, teambinary plays KC -> rootbotz wins
  Trick  3: rootbotz leads JC, teambinary plays 9H -> rootbotz wins
  Trick  4: rootbotz leads QC, teambinary plays 9S -> rootbotz wins
  Trick  5: rootbotz leads KH, teambinary plays AH -> teambinary wins
  Trick  6: teambinary leads AS, rootbotz plays 7S -> teambinary wins
  Trick  7: teambinary leads QS, rootbotz plays JS -> teambinary wins
  Trick  8: teambinary leads KD, rootbotz plays 8D -> teambinary wins
  Trick  9: teambinary leads QH, rootbotz plays JH -> teambinary wins
  Trick 10: teambinary leads 10S, rootbotz plays 8C -> teambinary wins
  Trick 11: teambinary leads 10H, rootbotz plays 9D -> teambinary wins
  Trick 12: teambinary leads QD, rootbotz plays JD -> teambinary wins
  Hand: teambinary +26 / rootbotz +4 (tricks 8-4)
  Match total: teambinary 108 - 74 rootbotz
  Final: teambinary 108 - 74 rootbotz
  Winner: teambinary

============================================================
Game 31
============================================================
Players: rootbotz vs teambinary
Dealer: rootbotz  |  Elder: teambinary
Match scores: 0 - 0
Talon (8): JC 9D 10D KD AD 8H JH AH
rootbotz hand: 8C 9C QC 7D 8D JD QD 9H 7S 10S QS KS
teambinary hand: 7C 10C KC AC 7H 10H QH KH 8S 9S JS AS
  Exchange teambinary: discard 7C 7H 8S 9S -> draw 10D AD 8H JH (talon 4 left)
  Exchange rootbotz: discard 9C 7D 8D 9H -> draw JC 9D KD AH (talon 0 left)

--- Phase: declare ---
  Declare point: teambinary wins 5 pts (('point', 5, 'H'))
  Declare sequence: teambinary wins 4 pts (('sequence', 4, 13, 'H'))
  Declare set: teambinary wins 3 pts (('set', 3, 14))

--- Phase: tricks ---
  Trick  1: teambinary leads AS, rootbotz plays 7S -> teambinary wins
  Trick  2: teambinary leads AC, rootbotz plays 8C -> teambinary wins
  Trick  3: teambinary leads AD, rootbotz plays 9D -> teambinary wins
  Trick  4: teambinary leads KH, rootbotz plays AH -> rootbotz wins
  Trick  5: rootbotz leads JD, teambinary plays 10D -> rootbotz wins
  Trick  6: rootbotz leads 10S, teambinary plays JS -> teambinary wins
  Trick  7: teambinary leads QH, rootbotz plays JC -> teambinary wins
  Trick  8: teambinary leads JH, rootbotz plays QC -> teambinary wins
  Trick  9: teambinary leads KC, rootbotz plays QD -> teambinary wins
  Trick 10: teambinary leads 10H, rootbotz plays QS -> teambinary wins
  Trick 11: teambinary leads 10C, rootbotz plays KS -> teambinary wins
  Trick 12: teambinary leads 8H, rootbotz plays KD -> teambinary wins
  Hand: rootbotz +2 / teambinary +33 (tricks 2-10)
  Match total: rootbotz 2 - 33 teambinary
Players: rootbotz vs teambinary
Dealer: teambinary  |  Elder: rootbotz
Match scores: 2 - 33
Talon (8): AC 7D QD KD 10H 8S 9S JS
rootbotz hand: 7C 8C 8D 9D JD AD 9H QH KH 10S QS AS
teambinary hand: 9C 10C JC QC KC 10D 7H 8H JH AH 7S KS
  Exchange rootbotz: discard 7C 8C 8D 9D 10S -> draw AC 7D KD 10H JS (talon 3 left)
  Exchange teambinary: discard 7H 8H 7S -> draw QD 8S 9S (talon 0 left)

--- Phase: declare ---
  Declare point: teambinary wins 5 pts (('point', 5, 'C'))
  Declare sequence: teambinary wins 10 pts (('sequence', 5, 13, 'C'))
  Declare set: rootbotz wins 3 pts (('set', 3, 14))

--- Phase: tricks ---
  Trick  1: rootbotz leads AS, teambinary plays 8S -> rootbotz wins
  Trick  2: rootbotz leads AD, teambinary plays 10D -> rootbotz wins
  Trick  3: rootbotz leads AC, teambinary plays 9C -> rootbotz wins
  Trick  4: rootbotz leads KD, teambinary plays QD -> rootbotz wins
  Trick  5: rootbotz leads JS, teambinary plays KS -> teambinary wins
  Trick  6: teambinary leads AH, rootbotz plays 9H -> teambinary wins
  Trick  7: teambinary leads KC, rootbotz plays 7D -> teambinary wins
  Trick  8: teambinary leads QC, rootbotz plays 10H -> teambinary wins
  Trick  9: teambinary leads JC, rootbotz plays JD -> teambinary wins
  Trick 10: teambinary leads JH, rootbotz plays QH -> rootbotz wins
  Trick 11: rootbotz leads QS, teambinary plays 9S -> rootbotz wins
  Trick 12: rootbotz leads KH, teambinary plays 10C -> rootbotz wins
  Hand: rootbotz +21 / teambinary +20 (tricks 7-5)
  Match total: rootbotz 23 - 53 teambinary
Players: rootbotz vs teambinary
Dealer: rootbotz  |  Elder: teambinary
Match scores: 23 - 53
Talon (8): 7C 10C 7D 10D 7H 8H 10S QS
rootbotz hand: AC 8D 9D QD AD 9H QH KH AH 9S KS AS
teambinary hand: 8C 9C JC QC KC JD KD 10H JH 7S 8S JS
  Exchange teambinary: discard 8C 9C 7S 8S -> draw 7D 7H 10S QS (talon 4 left)
  Exchange rootbotz: discard 8D 9D QD 9S -> draw 7C 10C 10D 8H (talon 0 left)

--- Phase: declare ---
  Declare point: rootbotz wins 5 pts (('point', 5, 'H'))
  Declare sequence: rootbotz wins 3 pts (('sequence', 3, 14, 'H'))
  Declare set: rootbotz wins 14 pts (('set', 4, 14))

--- Phase: tricks ---
  Trick  1: teambinary leads KC, rootbotz plays AC -> rootbotz wins
  Trick  2: rootbotz leads AS, teambinary plays 10S -> rootbotz wins
  Trick  3: rootbotz leads AH, teambinary plays 7H -> rootbotz wins
  Trick  4: rootbotz leads AD, teambinary plays 7D -> rootbotz wins
  Trick  5: rootbotz leads QH, teambinary plays 10H -> rootbotz wins
  Trick  6: rootbotz leads KS, teambinary plays JS -> rootbotz wins
  Trick  7: rootbotz leads KH, teambinary plays JH -> rootbotz wins
  Trick  8: rootbotz leads 7C, teambinary plays JC -> teambinary wins
  Trick  9: teambinary leads KD, rootbotz plays 10D -> teambinary wins
  Trick 10: teambinary leads QC, rootbotz plays 10C -> teambinary wins
  Trick 11: teambinary leads JD, rootbotz plays 8H -> teambinary wins
  Trick 12: teambinary leads QS, rootbotz plays 9H -> teambinary wins
  Hand: rootbotz +39 / teambinary +6 (tricks 7-5)
  Match total: rootbotz 62 - 59 teambinary
Players: rootbotz vs teambinary
Dealer: teambinary  |  Elder: rootbotz
Match scores: 62 - 59
Talon (8): 8C 9C 10C 8H AH 7S 8S KS
rootbotz hand: 7C KC 7D 9D 10D JD QD 7H 9H JH JS AS
teambinary hand: JC QC AC 8D KD AD 10H QH KH 9S 10S QS
  Exchange rootbotz: discard 7C 7D 7H 9H -> draw 10C 8H 8S KS (talon 4 left)
  Exchange teambinary: discard 8D 9S -> draw 8C AH (talon 2 left)

--- Phase: declare ---
  Declare point: teambinary wins 4 pts (('point', 4, 'H'))
  Declare sequence: rootbotz wins 4 pts (('sequence', 4, 12, 'D'))
  Declare set: teambinary wins 3 pts (('set', 3, 14))

--- Phase: tricks ---
  Trick  1: rootbotz leads AS, teambinary plays 10S -> rootbotz wins
  Trick  2: rootbotz leads KS, teambinary plays QS -> rootbotz wins
  Trick  3: rootbotz leads JS, teambinary plays 8C -> rootbotz wins
  Trick  4: rootbotz leads 8S, teambinary plays 10H -> rootbotz wins
  Trick  5: rootbotz leads KC, teambinary plays AC -> teambinary wins
  Trick  6: teambinary leads AD, rootbotz plays 9D -> teambinary wins
  Trick  7: teambinary leads AH, rootbotz plays 8H -> teambinary wins
  Trick  8: teambinary leads QC, rootbotz plays 10C -> teambinary wins
  Trick  9: teambinary leads KH, rootbotz plays JH -> teambinary wins
  Trick 10: teambinary leads JC, rootbotz plays 10D -> teambinary wins
  Trick 11: teambinary leads QH, rootbotz plays JD -> teambinary wins
  Trick 12: teambinary leads KD, rootbotz plays QD -> teambinary wins
  Hand: rootbotz +8 / teambinary +26 (tricks 4-8)
  Match total: rootbotz 70 - 85 teambinary
Players: rootbotz vs teambinary
Dealer: rootbotz  |  Elder: teambinary
Match scores: 70 - 85
Talon (8): 10C QC 7D QD 9H JH 8S JS
rootbotz hand: 7C 8C JC 8D 10D AD 10H QH AH 7S 9S AS
teambinary hand: 9C KC AC 9D JD KD 7H 8H KH 10S QS KS
  Exchange teambinary: discard 9C 9D 7H 8H -> draw 10C QC 7D 9H (talon 4 left)
  Exchange rootbotz: discard 7C 8C 7S 9S -> draw QD JH 8S JS (talon 0 left)

--- Phase: declare ---
  Declare sequence: teambinary wins 3 pts (('sequence', 3, 14, 'C'))
  Declare set: rootbotz wins 3 pts (('set', 3, 14))

--- Phase: tricks ---
  Trick  1: teambinary leads AC, rootbotz plays JC -> teambinary wins
  Trick  2: teambinary leads KD, rootbotz plays AD -> rootbotz wins
  Trick  3: rootbotz leads AS, teambinary plays 10S -> rootbotz wins
  Trick  4: rootbotz leads AH, teambinary plays 9H -> rootbotz wins
  Trick  5: rootbotz leads QD, teambinary plays 7D -> rootbotz wins
  Trick  6: rootbotz leads 10D, teambinary plays JD -> teambinary wins
  Trick  7: teambinary leads KC, rootbotz plays 8D -> teambinary wins
  Trick  8: teambinary leads KS, rootbotz plays 8S -> teambinary wins
  Trick  9: teambinary leads QC, rootbotz plays 10H -> teambinary wins
  Trick 10: teambinary leads KH, rootbotz plays JH -> teambinary wins
  Trick 11: teambinary leads QS, rootbotz plays JS -> teambinary wins
  Trick 12: teambinary leads 10C, rootbotz plays QH -> teambinary wins
  Hand: rootbotz +7 / teambinary +22 (tricks 4-8)
  Match total: rootbotz 77 - 107 teambinary
  Final: rootbotz 77 - 107 teambinary
  Winner: teambinary

============================================================
Game 32
============================================================
Players: teambinary vs rootbotz
Dealer: teambinary  |  Elder: rootbotz
Match scores: 0 - 0
Talon (8): 9D JD KD AD 8H QH 10S KS
teambinary hand: 8C 10C JC QC AC 7D 10D QD 7H 8S QS AS
rootbotz hand: 7C 9C KC 8D 9H 10H JH KH AH 7S 9S JS
  Exchange rootbotz: discard 9C 8D 7S 9S JS -> draw KD AD 8H QH 10S (talon 3 left)
  Exchange teambinary: discard 7D 7H 8S -> draw 9D JD KS (talon 0 left)

--- Phase: declare ---
  Declare point: rootbotz wins 7 pts (('point', 7, 'H'))
  Declare sequence: rootbotz wins 12 pts (('sequence', 7, 14, 'H'))
  Declare set: rootbotz wins 3 pts (('set', 3, 13))

--- Phase: tricks ---
  Trick  1: rootbotz leads AH, teambinary plays 8C -> rootbotz wins
  Trick  2: rootbotz leads AD, teambinary plays 9D -> rootbotz wins
  Trick  3: rootbotz leads 8H, teambinary plays 10C -> rootbotz wins
  Trick  4: rootbotz leads 9H, teambinary plays 10D -> rootbotz wins
  Trick  5: rootbotz leads 10H, teambinary plays JC -> rootbotz wins
  Trick  6: rootbotz leads JH, teambinary plays JD -> rootbotz wins
  Trick  7: rootbotz leads QH, teambinary plays QC -> rootbotz wins
  Trick  8: rootbotz leads KH, teambinary plays QD -> rootbotz wins
  Trick  9: rootbotz leads KD, teambinary plays QS -> rootbotz wins
  Trick 10: rootbotz leads KC, teambinary plays AC -> teambinary wins
  Trick 11: teambinary leads AS, rootbotz plays 10S -> teambinary wins
  Trick 12: teambinary leads KS, rootbotz plays 7C -> teambinary wins
  Hand: teambinary +4 / rootbotz +41 (tricks 3-9)
  Match total: teambinary 4 - 41 rootbotz
Players: teambinary vs rootbotz
Dealer: rootbotz  |  Elder: teambinary
Match scores: 4 - 41
Talon (8): 7C 8C AC 8D JD 8H 10H KS
teambinary hand: 9C JC QC 7D 9D 10D QD 7H KH AH 8S AS
rootbotz hand: 10C KC KD AD 9H JH QH 7S 9S 10S JS QS
  Exchange teambinary: discard 9C 7D 9D 7H 8S -> draw 7C AC 8D 8H KS (talon 3 left)
  Exchange rootbotz: discard 10C 9H 7S -> draw 8C JD 10H (talon 0 left)

--- Phase: declare ---
  Declare point: rootbotz wins 4 pts (('point', 4, 'S'))
  Declare sequence: rootbotz wins 4 pts (('sequence', 4, 12, 'S'))
  Declare set: teambinary wins 3 pts (('set', 3, 14))

--- Phase: tricks ---
  Trick  1: teambinary leads AS, rootbotz plays 9S -> teambinary wins
  Trick  2: teambinary leads AH, rootbotz plays 10H -> teambinary wins
  Trick  3: teambinary leads AC, rootbotz plays 8C -> teambinary wins
  Trick  4: teambinary leads QD, rootbotz plays KD -> rootbotz wins
  Trick  5: rootbotz leads AD, teambinary plays 8D -> rootbotz wins
  Trick  6: rootbotz leads JD, teambinary plays 10D -> rootbotz wins
  Trick  7: rootbotz leads 10S, teambinary plays KS -> teambinary wins
  Trick  8: teambinary leads QC, rootbotz plays KC -> rootbotz wins
  Trick  9: rootbotz leads JS, teambinary plays 7C -> rootbotz wins
  Trick 10: rootbotz leads JH, teambinary plays KH -> teambinary wins
  Trick 11: teambinary leads JC, rootbotz plays QH -> teambinary wins
  Trick 12: teambinary leads 8H, rootbotz plays QS -> teambinary wins
  Hand: teambinary +21 / rootbotz +13 (tricks 7-5)
  Match total: teambinary 25 - 54 rootbotz
Players: teambinary vs rootbotz
Dealer: teambinary  |  Elder: rootbotz
Match scores: 25 - 54
Talon (8): 9C 10C QC 10D JD QD 9H JH
teambinary hand: 8C 9D KD AD 8H 10H QH KH 9S 10S JS KS
rootbotz hand: 7C JC KC AC 7D 8D 7H AH 7S 8S QS AS
  Exchange rootbotz: discard 8D 7H 7S 8S QS -> draw 9C 10C QC 10D QD (talon 3 left)
  Exchange teambinary: discard 8C 9D 8H -> draw JD 9H JH (talon 0 left)

--- Phase: declare ---
  Declare point: rootbotz wins 7 pts (('point', 7, 'C'))
  Declare sequence: rootbotz wins 11 pts (('sequence', 6, 14, 'C'))
  Declare set: rootbotz wins 3 pts (('set', 3, 14))

--- Phase: tricks ---
  Trick  1: rootbotz leads AS, teambinary plays 9S -> rootbotz wins
  Trick  2: rootbotz leads AH, teambinary plays 9H -> rootbotz wins
  Trick  3: rootbotz leads AC, teambinary plays 10H -> rootbotz wins
  Trick  4: rootbotz leads 9C, teambinary plays 10S -> rootbotz wins
  Trick  5: rootbotz leads 10C, teambinary plays JD -> rootbotz wins
  Trick  6: rootbotz leads JC, teambinary plays JH -> rootbotz wins
  Trick  7: rootbotz leads QC, teambinary plays JS -> rootbotz wins
  Trick  8: rootbotz leads KC, teambinary plays QH -> rootbotz wins
  Trick  9: rootbotz leads 7C, teambinary plays KD -> rootbotz wins
  Trick 10: rootbotz leads QD, teambinary plays AD -> teambinary wins
  Trick 11: teambinary leads KH, rootbotz plays 7D -> teambinary wins
  Trick 12: teambinary leads KS, rootbotz plays 10D -> teambinary wins
  Hand: teambinary +4 / rootbotz +40 (tricks 3-9)
  Match total: teambinary 29 - 94 rootbotz
Players: teambinary vs rootbotz
Dealer: rootbotz  |  Elder: teambinary
Match scores: 29 - 94
Talon (8): 8C 7D 8D 7H JH KH 8S KS
teambinary hand: 7C 10C JC QC AC 10D QD 9H QH 7S JS QS
rootbotz hand: 9C KC 9D JD KD AD 8H 10H AH 9S 10S AS
  Exchange teambinary: discard 7C 9H 7S -> draw 7H JH KH (talon 5 left)
  Exchange rootbotz: discard 9C KC 8H 10H 10S -> draw 8C 7D 8D 8S KS (talon 0 left)

--- Phase: declare ---
  Declare point: rootbotz wins 6 pts (('point', 6, 'D'))
  Declare sequence: teambinary wins 3 pts (('sequence', 3, 13, 'H'))
  Declare set: rootbotz wins 3 pts (('set', 3, 14))

--- Phase: tricks ---
  Trick  1: teambinary leads AC, rootbotz plays 8C -> teambinary wins
  Trick  2: teambinary leads KH, rootbotz plays AH -> rootbotz wins
  Trick  3: rootbotz leads AS, teambinary plays JS -> rootbotz wins
  Trick  4: rootbotz leads AD, teambinary plays 10D -> rootbotz wins
  Trick  5: rootbotz leads KS, teambinary plays QS -> rootbotz wins
  Trick  6: rootbotz leads KD, teambinary plays QD -> rootbotz wins
  Trick  7: rootbotz leads 7D, teambinary plays 7H -> rootbotz wins
  Trick  8: rootbotz leads 8S, teambinary plays 10C -> rootbotz wins
  Trick  9: rootbotz leads 8D, teambinary plays JC -> rootbotz wins
  Trick 10: rootbotz leads 9S, teambinary plays JH -> rootbotz wins
  Trick 11: rootbotz leads 9D, teambinary plays QC -> rootbotz wins
  Trick 12: rootbotz leads JD, teambinary plays QH -> rootbotz wins
  Hand: teambinary +4 / rootbotz +31 (tricks 1-11)
  Match total: teambinary 33 - 125 rootbotz
  Final: teambinary 33 - 125 rootbotz
  Winner: rootbotz

============================================================
Game 33
============================================================
Players: rootbotz vs teambinary
Dealer: rootbotz  |  Elder: teambinary
Match scores: 0 - 0
Talon (8): 7C 7D 8D JD KD AH JS AS
rootbotz hand: 8C 9C JC QC AC 9H 10H KH 8S 10S QS KS
teambinary hand: 10C KC 9D 10D QD AD 7H 8H JH QH 7S 9S
  Exchange teambinary: discard 9D 7H 8H 7S 9S -> draw 7C 8D JD AH AS (talon 3 left)
  Exchange rootbotz: discard 9H 10H 8S -> draw 7D KD JS (talon 0 left)

--- Phase: declare ---
  Declare point: teambinary wins 5 pts (('point', 5, 'D'))
  Declare sequence: rootbotz wins 4 pts (('sequence', 4, 13, 'S'))
  Declare set: teambinary wins 3 pts (('set', 3, 14))

--- Phase: tricks ---
  Trick  1: teambinary leads AD, rootbotz plays 7D -> teambinary wins
  Trick  2: teambinary leads AH, rootbotz plays KH -> teambinary wins
  Trick  3: teambinary leads AS, rootbotz plays 10S -> teambinary wins
  Trick  4: teambinary leads QD, rootbotz plays KD -> rootbotz wins
  Trick  5: rootbotz leads AC, teambinary plays 7C -> rootbotz wins
  Trick  6: rootbotz leads JC, teambinary plays KC -> teambinary wins
  Trick  7: teambinary leads JD, rootbotz plays 8C -> teambinary wins
  Trick  8: teambinary leads 10D, rootbotz plays 9C -> teambinary wins
  Trick  9: teambinary leads QH, rootbotz plays JS -> teambinary wins
  Trick 10: teambinary leads JH, rootbotz plays QC -> teambinary wins
  Trick 11: teambinary leads 10C, rootbotz plays QS -> teambinary wins
  Trick 12: teambinary leads 8D, rootbotz plays KS -> teambinary wins
  Hand: rootbotz +6 / teambinary +29 (tricks 2-10)
  Match total: rootbotz 6 - 29 teambinary
Players: rootbotz vs teambinary
Dealer: teambinary  |  Elder: rootbotz
Match scores: 6 - 29
Talon (8): 9C 10C 8D 10D AD 10H 8S AS
rootbotz hand: 8C JC 7D JD KD 7H 8H 9H KH 7S 10S JS
teambinary hand: 7C QC KC AC 9D QD JH QH AH 9S QS KS
  Exchange rootbotz: discard 8C 7D KD KH 7S -> draw 10C 10D AD 8S AS (talon 3 left)
  Exchange teambinary: discard 7C 9D 9S -> draw 9C 8D 10H (talon 0 left)

--- Phase: declare ---
  Declare point: teambinary wins 4 pts (('point', 4, 'H'))
  Declare sequence: teambinary wins 3 pts (('sequence', 3, 14, 'C'))
  Declare set: teambinary wins 14 pts (('set', 4, 12))

--- Phase: tricks ---
  Trick  1: rootbotz leads AS, teambinary plays QS -> rootbotz wins
  Trick  2: rootbotz leads AD, teambinary plays 8D -> rootbotz wins
  Trick  3: rootbotz leads 10D, teambinary plays QD -> teambinary wins
  Trick  4: teambinary leads AH, rootbotz plays 7H -> teambinary wins
  Trick  5: teambinary leads AC, rootbotz plays 10C -> teambinary wins
  Trick  6: teambinary leads KC, rootbotz plays JC -> teambinary wins
  Trick  7: teambinary leads QH, rootbotz plays 8H -> teambinary wins
  Trick  8: teambinary leads QC, rootbotz plays 8S -> teambinary wins
  Trick  9: teambinary leads JH, rootbotz plays 9H -> teambinary wins
  Trick 10: teambinary leads KS, rootbotz plays 10S -> teambinary wins
  Trick 11: teambinary leads 9C, rootbotz plays JD -> teambinary wins
  Trick 12: teambinary leads 10H, rootbotz plays JS -> teambinary wins
  Hand: rootbotz +2 / teambinary +42 (tricks 2-10)
  Match total: rootbotz 8 - 71 teambinary
Players: rootbotz vs teambinary
Dealer: rootbotz  |  Elder: teambinary
Match scores: 8 - 71
Talon (8): JC QC KD 8H JH AH 7S QS
rootbotz hand: 7C 8C 10C 9D 10D QD 7H QH KH 9S 10S KS
teambinary hand: 9C KC AC 7D 8D JD AD 9H 10H 8S JS AS
  Exchange teambinary: discard 9C 7D 8D 9H 8S -> draw QC 8H AH 7S QS (talon 3 left)
  Exchange rootbotz: discard 7C 8C QD -> draw JC KD JH (talon 0 left)

--- Phase: declare ---
  Declare point: teambinary wins 4 pts (('point', 4, 'S'))
  Declare sequence: teambinary wins 3 pts (('sequence', 3, 14, 'C'))
  Declare set: teambinary wins 14 pts (('set', 4, 14))

--- Phase: tricks ---
  Trick  1: teambinary leads AS, rootbotz plays 9S -> teambinary wins
  Trick  2: teambinary leads AD, rootbotz plays 9D -> teambinary wins
  Trick  3: teambinary leads AC, rootbotz plays 10C -> teambinary wins
  Trick  4: teambinary leads AH, rootbotz plays 7H -> teambinary wins
  Trick  5: teambinary leads QS, rootbotz plays KS -> rootbotz wins
  Trick  6: rootbotz leads JH, teambinary plays 8H -> rootbotz wins
  Trick  7: rootbotz leads 10S, teambinary plays JS -> teambinary wins
  Trick  8: teambinary leads KC, rootbotz plays JC -> teambinary wins
  Trick  9: teambinary leads JD, rootbotz plays KD -> rootbotz wins
  Trick 10: rootbotz leads 10D, teambinary plays 7S -> rootbotz wins
  Trick 11: rootbotz leads QH, teambinary plays 10H -> rootbotz wins
  Trick 12: rootbotz leads KH, teambinary plays QC -> rootbotz wins
  Hand: rootbotz +7 / teambinary +27 (tricks 6-6)
  Match total: rootbotz 15 - 98 teambinary
Players: rootbotz vs teambinary
Dealer: teambinary  |  Elder: rootbotz
Match scores: 15 - 98
Talon (8): JC 7D JD 9H 10H 7S 10S JS
rootbotz hand: 7C 8C QC AC QD AD 7H JH 8S 9S QS KS
teambinary hand: 9C 10C KC 8D 9D 10D KD 8H QH KH AH AS
  Exchange rootbotz: discard 7C 7H JH 8S 9S -> draw JC JD 10H 7S JS (talon 3 left)
  Exchange teambinary: discard 9C 8H -> draw 7D 10S (talon 1 left)

--- Phase: declare ---
  Declare point: teambinary wins 5 pts (('point', 5, 'D'))
  Declare sequence: teambinary wins 4 pts (('sequence', 4, 10, 'D'))
  Declare set: teambinary wins 3 pts (('set', 3, 13))

--- Phase: tricks ---
  Trick  1: rootbotz leads AD, teambinary plays 7D -> rootbotz wins
  Trick  2: rootbotz leads AC, teambinary plays 10C -> rootbotz wins
  Trick  3: rootbotz leads JS, teambinary plays AS -> teambinary wins
  Trick  4: teambinary leads AH, rootbotz plays 10H -> teambinary wins
  Trick  5: teambinary leads KD, rootbotz plays JD -> teambinary wins
  Trick  6: teambinary leads 10D, rootbotz plays QD -> rootbotz wins
  Trick  7: rootbotz leads 7S, teambinary plays 10S -> teambinary wins
  Trick  8: teambinary leads 9D, rootbotz plays 8C -> teambinary wins
  Trick  9: teambinary leads KH, rootbotz plays JC -> teambinary wins
  Trick 10: teambinary leads 8D, rootbotz plays QC -> teambinary wins
  Trick 11: teambinary leads KC, rootbotz plays QS -> teambinary wins
  Trick 12: teambinary leads QH, rootbotz plays KS -> teambinary wins
  Hand: rootbotz +3 / teambinary +32 (tricks 3-9)
  Match total: rootbotz 18 - 130 teambinary
  Final: rootbotz 18 - 130 teambinary
  Winner: teambinary

============================================================
Game 34
============================================================
Players: teambinary vs rootbotz
Dealer: teambinary  |  Elder: rootbotz
Match scores: 0 - 0
Talon (8): 7C 10C JC 10D JD KD 10H AH
teambinary hand: 9C AC 7D 9D 7H 8H JH KH 9S 10S QS AS
rootbotz hand: 8C QC KC 8D QD AD 9H QH 7S 8S JS KS
  Exchange rootbotz: discard 8C 8D 9H 7S 8S -> draw 10C JC JD 10H AH (talon 3 left)
  Exchange teambinary: discard 9C 7D 7H -> draw 7C 10D KD (talon 0 left)

--- Phase: declare ---
  Declare sequence: rootbotz wins 4 pts (('sequence', 4, 13, 'C'))
  Declare set: rootbotz wins 3 pts (('set', 3, 12))

--- Phase: tricks ---
  Trick  1: rootbotz leads AH, teambinary plays 8H -> rootbotz wins
  Trick  2: rootbotz leads AD, teambinary plays 9D -> rootbotz wins
  Trick  3: rootbotz leads 10C, teambinary plays AC -> teambinary wins
  Trick  4: teambinary leads AS, rootbotz plays JS -> teambinary wins
  Trick  5: teambinary leads QS, rootbotz plays KS -> rootbotz wins
  Trick  6: rootbotz leads JD, teambinary plays KD -> teambinary wins
  Trick  7: teambinary leads KH, rootbotz plays 10H -> teambinary wins
  Trick  8: teambinary leads 10S, rootbotz plays JC -> teambinary wins
  Trick  9: teambinary leads 9S, rootbotz plays QD -> teambinary wins
  Trick 10: teambinary leads JH, rootbotz plays QH -> rootbotz wins
  Trick 11: rootbotz leads QC, teambinary plays 7C -> rootbotz wins
  Trick 12: rootbotz leads KC, teambinary plays 10D -> rootbotz wins
  Hand: teambinary +6 / rootbotz +14 (tricks 6-6)
  Match total: teambinary 6 - 14 rootbotz
Players: teambinary vs rootbotz
Dealer: rootbotz  |  Elder: teambinary
Match scores: 6 - 14
Talon (8): 7C 10C 8D 9H JH 8S KS AS
teambinary hand: 8C 9C KC 9D QD KD AD 8H KH AH 10S JS
rootbotz hand: JC QC AC 7D 10D JD 7H 10H QH 7S 9S QS
  Exchange teambinary: discard 8C 9C 9D 8H -> draw 10C 9H KS AS (talon 4 left)
  Exchange rootbotz: discard 7D 10D JD 7S -> draw 7C 8D JH 8S (talon 0 left)

--- Phase: declare ---
  Declare point: teambinary wins 4 pts (('point', 4, 'S'))
  Declare sequence: teambinary wins 3 pts (('sequence', 3, 14, 'D'))
  Declare set: teambinary wins 3 pts (('set', 3, 14))

--- Phase: tricks ---
  Trick  1: teambinary leads AH, rootbotz plays 7H -> teambinary wins
  Trick  2: teambinary leads AD, rootbotz plays 8D -> teambinary wins
  Trick  3: teambinary leads AS, rootbotz plays 8S -> teambinary wins
  Trick  4: teambinary leads KS, rootbotz plays 9S -> teambinary wins
  Trick  5: teambinary leads KD, rootbotz plays 7C -> teambinary wins
  Trick  6: teambinary leads KH, rootbotz plays 10H -> teambinary wins
  Trick  7: teambinary leads JS, rootbotz plays QS -> rootbotz wins
  Trick  8: rootbotz leads AC, teambinary plays 10C -> rootbotz wins
  Trick  9: rootbotz leads JC, teambinary plays KC -> teambinary wins
  Trick 10: teambinary leads QD, rootbotz plays JH -> teambinary wins
  Trick 11: teambinary leads 10S, rootbotz plays QC -> teambinary wins
  Trick 12: teambinary leads 9H, rootbotz plays QH -> rootbotz wins
  Hand: teambinary +29 / rootbotz +4 (tricks 9-3)
  Match total: teambinary 35 - 18 rootbotz
Players: teambinary vs rootbotz
Dealer: teambinary  |  Elder: rootbotz
Match scores: 35 - 18
Talon (8): QC KC 8D AD KH 8S JS KS
teambinary hand: 7C 8C 10C 10D QD 7H 9H JH QH 9S 10S AS
rootbotz hand: 9C JC AC 7D 9D JD KD 8H 10H AH 7S QS
  Exchange rootbotz: discard 9C 8H 10H 7S QS -> draw KC 8D 8S JS KS (talon 3 left)
  Exchange teambinary: discard 7C 8C 7H -> draw QC AD KH (talon 0 left)

--- Phase: declare ---
  Declare point: rootbotz wins 5 pts (('point', 5, 'D'))
  Declare sequence: teambinary wins 3 pts (('sequence', 3, 13, 'H'))
  Declare set: rootbotz wins 3 pts (('set', 3, 13))

--- Phase: tricks ---
  Trick  1: rootbotz leads AH, teambinary plays 9H -> rootbotz wins
  Trick  2: rootbotz leads AC, teambinary plays 10C -> rootbotz wins
  Trick  3: rootbotz leads KC, teambinary plays QC -> rootbotz wins
  Trick  4: rootbotz leads JS, teambinary plays AS -> teambinary wins
  Trick  5: teambinary leads AD, rootbotz plays 7D -> teambinary wins
  Trick  6: teambinary leads KH, rootbotz plays 8S -> teambinary wins
  Trick  7: teambinary leads QH, rootbotz plays 8D -> teambinary wins
  Trick  8: teambinary leads QD, rootbotz plays KD -> rootbotz wins
  Trick  9: rootbotz leads JD, teambinary plays 10D -> rootbotz wins
  Trick 10: rootbotz leads 9D, teambinary plays 9S -> rootbotz wins
  Trick 11: rootbotz leads JC, teambinary plays 10S -> rootbotz wins
  Trick 12: rootbotz leads KS, teambinary plays JH -> rootbotz wins
  Hand: teambinary +7 / rootbotz +27 (tricks 4-8)
  Match total: teambinary 42 - 45 rootbotz
Players: teambinary vs rootbotz
Dealer: rootbotz  |  Elder: teambinary
Match scores: 42 - 45
Talon (8): 7C QD AD 8H 10H QH AH 8S
teambinary hand: 9C AC 7D 9D 10D 7H 9H JH KH 7S 9S 10S
rootbotz hand: 8C 10C JC QC KC 8D JD KD JS QS KS AS
  Exchange teambinary: discard 9C 7D 9D 7H 7S -> draw QD AD 8H 10H 8S (talon 3 left)
  Exchange rootbotz: discard JD JS QS -> draw 7C QH AH (talon 0 left)

--- Phase: declare ---
  Declare point: rootbotz wins 6 pts (('point', 6, 'C'))
  Declare sequence: rootbotz wins 4 pts (('sequence', 4, 13, 'C'))
  Declare set: rootbotz wins 3 pts (('set', 3, 13))

--- Phase: tricks ---
  Trick  1: teambinary leads AC, rootbotz plays 7C -> teambinary wins
  Trick  2: teambinary leads AD, rootbotz plays 8D -> teambinary wins
  Trick  3: teambinary leads KH, rootbotz plays AH -> rootbotz wins
  Trick  4: rootbotz leads AS, teambinary plays 8S -> rootbotz wins
  Trick  5: rootbotz leads 10C, teambinary plays 8H -> rootbotz wins
  Trick  6: rootbotz leads JC, teambinary plays 9H -> rootbotz wins
  Trick  7: rootbotz leads 8C, teambinary plays 9S -> rootbotz wins
  Trick  8: rootbotz leads QC, teambinary plays 10D -> rootbotz wins
  Trick  9: rootbotz leads KS, teambinary plays 10S -> rootbotz wins
  Trick 10: rootbotz leads KD, teambinary plays QD -> rootbotz wins
  Trick 11: rootbotz leads KC, teambinary plays 10H -> rootbotz wins
  Trick 12: rootbotz leads QH, teambinary plays JH -> rootbotz wins
  Hand: teambinary +2 / rootbotz +34 (tricks 2-10)
  Match total: teambinary 44 - 79 rootbotz
Players: teambinary vs rootbotz
Dealer: teambinary  |  Elder: rootbotz
Match scores: 44 - 79
Talon (8): 8C AC 9D JD 7H 9H 7S 9S
teambinary hand: 10C JC KC 7D 8D 10H QH AH 8S JS KS AS
rootbotz hand: 7C 9C QC 10D QD KD AD 8H JH KH 10S QS
  Exchange rootbotz: discard 9C 8H JH KH 10S -> draw AC JD 7H 9H 7S (talon 3 left)
  Exchange teambinary: discard 7D 8D 8S -> draw 8C 9D 9S (talon 0 left)

--- Phase: declare ---
  Declare point: rootbotz wins 5 pts (('point', 5, 'D'))
  Declare sequence: rootbotz wins 10 pts (('sequence', 5, 14, 'D'))
  Declare set: rootbotz wins 3 pts (('set', 3, 12))

--- Phase: tricks ---
  Trick  1: rootbotz leads AD, teambinary plays 9D -> rootbotz wins
  Trick  2: rootbotz leads AC, teambinary plays 8C -> rootbotz wins
  Trick  3: rootbotz leads 10D, teambinary plays 9S -> rootbotz wins
  Trick  4: rootbotz leads JD, teambinary plays 10C -> rootbotz wins
  Trick  5: rootbotz leads QD, teambinary plays 10H -> rootbotz wins
  Trick  6: rootbotz leads KD, teambinary plays JC -> rootbotz wins
  Trick  7: rootbotz leads QC, teambinary plays KC -> teambinary wins
  Trick  8: teambinary leads AS, rootbotz plays 7S -> teambinary wins
  Trick  9: teambinary leads AH, rootbotz plays 7H -> teambinary wins
  Trick 10: teambinary leads KS, rootbotz plays QS -> teambinary wins
  Trick 11: teambinary leads JS, rootbotz plays 7C -> teambinary wins
  Trick 12: teambinary leads QH, rootbotz plays 9H -> teambinary wins
  Hand: teambinary +7 / rootbotz +24 (tricks 6-6)
  Match total: teambinary 51 - 103 rootbotz
  Final: teambinary 51 - 103 rootbotz
  Winner: rootbotz

============================================================
Game 35
============================================================
Players: rootbotz vs teambinary
Dealer: rootbotz  |  Elder: teambinary
Match scores: 0 - 0
Talon (8): 9C 10C 10D QD AD 7H JH 10S
rootbotz hand: JC QC KC AC 9D JD 9H 10H QH AH 9S JS
teambinary hand: 7C 8C 7D 8D KD 8H KH 7S 8S QS KS AS
  Exchange teambinary: discard 7C 8C 7D 8D 8H -> draw 9C 10D AD 7H JH (talon 3 left)
  Exchange rootbotz: discard 9D 10H QH -> draw 10C QD 10S (talon 0 left)

--- Phase: declare ---
  Declare point: rootbotz wins 5 pts (('point', 5, 'C'))
  Declare sequence: rootbotz wins 10 pts (('sequence', 5, 14, 'C'))
  Declare set: teambinary wins 3 pts (('set', 3, 13))

--- Phase: tricks ---
  Trick  1: teambinary leads AS, rootbotz plays 9S -> teambinary wins
  Trick  2: teambinary leads AD, rootbotz plays JD -> teambinary wins
  Trick  3: teambinary leads KS, rootbotz plays 10S -> teambinary wins
  Trick  4: teambinary leads KH, rootbotz plays AH -> rootbotz wins
  Trick  5: rootbotz leads AC, teambinary plays 9C -> rootbotz wins
  Trick  6: rootbotz leads 10C, teambinary plays 7H -> rootbotz wins
  Trick  7: rootbotz leads JC, teambinary plays 7S -> rootbotz wins
  Trick  8: rootbotz leads QC, teambinary plays 8S -> rootbotz wins
  Trick  9: rootbotz leads KC, teambinary plays 10D -> rootbotz wins
  Trick 10: rootbotz leads 9H, teambinary plays JH -> teambinary wins
  Trick 11: teambinary leads QS, rootbotz plays JS -> teambinary wins
  Trick 12: teambinary leads KD, rootbotz plays QD -> teambinary wins
  Hand: rootbotz +21 / teambinary +10 (tricks 6-6)
  Match total: rootbotz 21 - 10 teambinary
Players: rootbotz vs teambinary
Dealer: teambinary  |  Elder: rootbotz
Match scores: 21 - 10
Talon (8): 7C 8D QD KD 9H JH KS AS
rootbotz hand: 9C 10C 7D 9D AD 7H 8H KH AH 10S JS QS
teambinary hand: 8C JC QC KC AC 10D JD 10H QH 7S 8S 9S
  Exchange rootbotz: discard 9C 7D 9D 7H 8H -> draw 8D QD KD 9H AS (talon 3 left)
  Exchange teambinary: discard 8C 7S -> draw JH KS (talon 1 left)

--- Phase: declare ---
  Declare sequence: teambinary wins 4 pts (('sequence', 4, 14, 'C'))
  Declare set: rootbotz wins 3 pts (('set', 3, 14))

--- Phase: tricks ---
  Trick  1: rootbotz leads AS, teambinary plays 8S -> rootbotz wins
  Trick  2: rootbotz leads AH, teambinary plays 10H -> rootbotz wins
  Trick  3: rootbotz leads AD, teambinary plays 10D -> rootbotz wins
  Trick  4: rootbotz leads QD, teambinary plays JD -> rootbotz wins
  Trick  5: rootbotz leads KH, teambinary plays JH -> rootbotz wins
  Trick  6: rootbotz leads KD, teambinary plays 9S -> rootbotz wins
  Trick  7: rootbotz leads 10S, teambinary plays KS -> teambinary wins
  Trick  8: teambinary leads AC, rootbotz plays 10C -> teambinary wins
  Trick  9: teambinary leads KC, rootbotz plays 8D -> teambinary wins
  Trick 10: teambinary leads QC, rootbotz plays 9H -> teambinary wins
  Trick 11: teambinary leads JC, rootbotz plays JS -> teambinary wins
  Trick 12: teambinary leads QH, rootbotz plays QS -> teambinary wins
  Hand: rootbotz +9 / teambinary +11 (tricks 6-6)
  Match total: rootbotz 30 - 21 teambinary
Players: rootbotz vs teambinary
Dealer: rootbotz  |  Elder: teambinary
Match scores: 30 - 21
Talon (8): JC QC 7D 9H JH 8S 10S QS
rootbotz hand: 7C 8C 9C 10C 9D 10D QD KD 7H AH JS AS
teambinary hand: KC AC 8D JD AD 8H 10H QH KH 7S 9S KS
  Exchange teambinary: discard 8D 8H 7S 9S -> draw 7D JH 8S 10S (talon 4 left)
  Exchange rootbotz: discard 9D 10D QD 7H -> draw JC QC 9H QS (talon 0 left)

--- Phase: declare ---
  Declare point: rootbotz wins 6 pts (('point', 6, 'C'))
  Declare sequence: rootbotz wins 11 pts (('sequence', 6, 12, 'C'))
  Declare set: teambinary wins 3 pts (('set', 3, 13))

--- Phase: tricks ---
  Trick  1: teambinary leads AD, rootbotz plays KD -> teambinary wins
  Trick  2: teambinary leads AC, rootbotz plays 7C -> teambinary wins
  Trick  3: teambinary leads KH, rootbotz plays AH -> rootbotz wins
  Trick  4: rootbotz leads AS, teambinary plays 8S -> rootbotz wins
  Trick  5: rootbotz leads 8C, teambinary plays KC -> teambinary wins
  Trick  6: teambinary leads QH, rootbotz plays 9H -> teambinary wins
  Trick  7: teambinary leads JH, rootbotz plays 9C -> teambinary wins
  Trick  8: teambinary leads KS, rootbotz plays JS -> teambinary wins
  Trick  9: teambinary leads JD, rootbotz plays 10C -> teambinary wins
  Trick 10: teambinary leads 10H, rootbotz plays JC -> teambinary wins
  Trick 11: teambinary leads 7D, rootbotz plays QC -> teambinary wins
  Trick 12: teambinary leads 10S, rootbotz plays QS -> rootbotz wins
  Hand: rootbotz +21 / teambinary +22 (tricks 3-9)
  Match total: rootbotz 51 - 43 teambinary
Players: rootbotz vs teambinary
Dealer: teambinary  |  Elder: rootbotz
Match scores: 51 - 43
Talon (8): 8C 9C 10D 9H 10H 7S 9S AS
rootbotz hand: 7C 10C JC 7D AD 7H JH QH KH JS QS KS
teambinary hand: QC KC AC 8D 9D JD QD KD 8H AH 8S 10S
  Exchange rootbotz: discard 7C 10C 7D QH -> draw 8C 9C 9H 10H (talon 4 left)
  Exchange teambinary: discard 8D 9D 8H 8S -> draw 10D 7S 9S AS (talon 0 left)

--- Phase: declare ---
  Declare point: rootbotz wins 5 pts (('point', 5, 'H'))
  Declare sequence: teambinary wins 4 pts (('sequence', 4, 13, 'D'))
  Declare set: teambinary wins 3 pts (('set', 3, 14))

--- Phase: tricks ---
  Trick  1: rootbotz leads AD, teambinary plays 10D -> rootbotz wins
  Trick  2: rootbotz leads 9H, teambinary plays AH -> teambinary wins
  Trick  3: teambinary leads AC, rootbotz plays 8C -> teambinary wins
  Trick  4: teambinary leads AS, rootbotz plays JS -> teambinary wins
  Trick  5: teambinary leads KD, rootbotz plays 7H -> teambinary wins
  Trick  6: teambinary leads 10S, rootbotz plays QS -> rootbotz wins
  Trick  7: rootbotz leads KS, teambinary plays 7S -> rootbotz wins
  Trick  8: rootbotz leads 9C, teambinary plays QC -> teambinary wins
  Trick  9: teambinary leads QD, rootbotz plays 10H -> teambinary wins
  Trick 10: teambinary leads JD, rootbotz plays JC -> teambinary wins
  Trick 11: teambinary leads KC, rootbotz plays JH -> teambinary wins
  Trick 12: teambinary leads 9S, rootbotz plays KH -> teambinary wins
  Hand: rootbotz +8 / teambinary +27 (tricks 3-9)
  Match total: rootbotz 59 - 70 teambinary
Players: rootbotz vs teambinary
Dealer: rootbotz  |  Elder: teambinary
Match scores: 59 - 70
Talon (8): 9C AC 7D 10H QH QS KS AS
rootbotz hand: 7C 10C QC KC 10D JD QD KD 8H KH 8S 9S
teambinary hand: 8C JC 8D 9D AD 7H 9H JH AH 7S 10S JS
  Exchange teambinary: discard 8C 8D 9D 7H 7S -> draw AC 7D QH KS AS (talon 3 left)
  Exchange rootbotz: discard 7C 10C 8S -> draw 9C 10H QS (talon 0 left)

--- Phase: declare ---
  Declare point: teambinary wins 4 pts (('point', 4, 'S'))
  Declare sequence: rootbotz wins 4 pts (('sequence', 4, 13, 'D'))
  Declare set: teambinary wins 14 pts (('set', 4, 14))

--- Phase: tricks ---
  Trick  1: teambinary leads AD, rootbotz plays 10D -> teambinary wins
  Trick  2: teambinary leads AH, rootbotz plays 8H -> teambinary wins
  Trick  3: teambinary leads AC, rootbotz plays 9C -> teambinary wins
  Trick  4: teambinary leads AS, rootbotz plays 9S -> teambinary wins
  Trick  5: teambinary leads QH, rootbotz plays KH -> rootbotz wins
  Trick  6: rootbotz leads JD, teambinary plays 7D -> rootbotz wins
  Trick  7: rootbotz leads 10H, teambinary plays JH -> teambinary wins
  Trick  8: teambinary leads KS, rootbotz plays QS -> teambinary wins
  Trick  9: teambinary leads JS, rootbotz plays QC -> teambinary wins
  Trick 10: teambinary leads 9H, rootbotz plays QD -> teambinary wins
  Trick 11: teambinary leads JC, rootbotz plays KC -> rootbotz wins
  Trick 12: rootbotz leads KD, teambinary plays 10S -> rootbotz wins
  Hand: rootbotz +9 / teambinary +36 (tricks 4-8)
  Match total: rootbotz 68 - 106 teambinary
  Final: rootbotz 68 - 106 teambinary
  Winner: teambinary

============================================================
Game 36
============================================================
Players: teambinary vs rootbotz
Dealer: teambinary  |  Elder: rootbotz
Match scores: 0 - 0
Talon (8): 9D JD AD 7S 9S 10S JS QS
teambinary hand: 7C 8C 9C 10C JC KC 7D KD QH AH 8S KS
rootbotz hand: QC AC 8D 10D QD 7H 8H 9H 10H JH KH AS
  Exchange rootbotz: discard QC 8D 10D QD KH -> draw 9D JD 7S 10S QS (talon 3 left)
  Exchange teambinary: discard 7D 8S -> draw AD JS (talon 1 left)

--- Phase: declare ---
  Declare point: teambinary wins 6 pts (('point', 6, 'C'))
  Declare set: teambinary wins 3 pts (('set', 3, 13))

--- Phase: tricks ---
  Trick  1: rootbotz leads AS, teambinary plays JS -> rootbotz wins
  Trick  2: rootbotz leads AC, teambinary plays 7C -> rootbotz wins
  Trick  3: rootbotz leads QS, teambinary plays KS -> teambinary wins
  Trick  4: teambinary leads AH, rootbotz plays 7H -> teambinary wins
  Trick  5: teambinary leads AD, rootbotz plays 9D -> teambinary wins
  Trick  6: teambinary leads KC, rootbotz plays 7S -> teambinary wins
  Trick  7: teambinary leads JC, rootbotz plays 8H -> teambinary wins
  Trick  8: teambinary leads 10C, rootbotz plays 9H -> teambinary wins
  Trick  9: teambinary leads 9C, rootbotz plays 10S -> teambinary wins
  Trick 10: teambinary leads QH, rootbotz plays 10H -> teambinary wins
  Trick 11: teambinary leads KD, rootbotz plays JD -> teambinary wins
  Trick 12: teambinary leads 8C, rootbotz plays JH -> teambinary wins
  Hand: teambinary +30 / rootbotz +2 (tricks 10-2)
  Match total: teambinary 30 - 2 rootbotz
Players: teambinary vs rootbotz
Dealer: rootbotz  |  Elder: teambinary
Match scores: 30 - 2
Talon (8): QC KC 7D KD 7S 8S 9S JS
teambinary hand: 7C 8C 9D 10D JD AD 7H 8H 9H JH AH QS
rootbotz hand: 9C 10C JC AC 8D QD 10H QH KH 10S KS AS
  Exchange teambinary: discard 7C 8C -> draw KD 7S (talon 6 left)
  Exchange rootbotz: discard 8D QD QH KH KS -> draw QC 7D 8S 9S JS (talon 1 left)

--- Phase: declare ---
  Declare sequence: rootbotz wins 4 pts (('sequence', 4, 12, 'C'))
  Declare set: rootbotz wins 3 pts (('set', 3, 10))

--- Phase: tricks ---
  Trick  1: teambinary leads AH, rootbotz plays 10H -> teambinary wins
  Trick  2: teambinary leads AD, rootbotz plays 7D -> teambinary wins
  Trick  3: teambinary leads KD, rootbotz plays 8S -> teambinary wins
  Trick  4: teambinary leads JH, rootbotz plays 9S -> teambinary wins
  Trick  5: teambinary leads JD, rootbotz plays 9C -> teambinary wins
  Trick  6: teambinary leads 9H, rootbotz plays 10S -> teambinary wins
  Trick  7: teambinary leads 10D, rootbotz plays 10C -> teambinary wins
  Trick  8: teambinary leads 8H, rootbotz plays JS -> teambinary wins
  Trick  9: teambinary leads QS, rootbotz plays AS -> rootbotz wins
  Trick 10: rootbotz leads AC, teambinary plays 7H -> rootbotz wins
  Trick 11: rootbotz leads JC, teambinary plays 7S -> rootbotz wins
  Trick 12: rootbotz leads QC, teambinary plays 9D -> rootbotz wins
  Hand: teambinary +18 / rootbotz +12 (tricks 8-4)
  Match total: teambinary 48 - 14 rootbotz
Players: teambinary vs rootbotz
Dealer: teambinary  |  Elder: rootbotz
Match scores: 48 - 14
Talon (8): 8D 8H 9H JH AH 8S 10S KS
teambinary hand: 8C QC KC 9D JD AD 7H 10H QH 7S 9S AS
rootbotz hand: 7C 9C 10C JC AC 7D 10D QD KD KH JS QS
  Exchange rootbotz: discard 7D 10D QD JS -> draw 8H 9H AH KS (talon 4 left)
  Exchange teambinary: discard 8C 7H 7S 9S -> draw 8D JH 8S 10S (talon 0 left)

--- Phase: declare ---
  Declare point: rootbotz wins 5 pts (('point', 5, 'C'))
  Declare sequence: teambinary wins 3 pts (('sequence', 3, 12, 'H'))
  Declare set: rootbotz wins 3 pts (('set', 3, 13))

--- Phase: tricks ---
  Trick  1: rootbotz leads AH, teambinary plays 10H -> rootbotz wins
  Trick  2: rootbotz leads AC, teambinary plays QC -> rootbotz wins
  Trick  3: rootbotz leads KH, teambinary plays JH -> rootbotz wins
  Trick  4: rootbotz leads QS, teambinary plays AS -> teambinary wins
  Trick  5: teambinary leads AD, rootbotz plays KD -> teambinary wins
  Trick  6: teambinary leads JD, rootbotz plays 7C -> teambinary wins
  Trick  7: teambinary leads 9D, rootbotz plays 8H -> teambinary wins
  Trick  8: teambinary leads 10S, rootbotz plays KS -> rootbotz wins
  Trick  9: rootbotz leads 9C, teambinary plays KC -> teambinary wins
  Trick 10: teambinary leads QH, rootbotz plays 9H -> teambinary wins
  Trick 11: teambinary leads 8D, rootbotz plays 10C -> teambinary wins
  Trick 12: teambinary leads 8S, rootbotz plays JC -> teambinary wins
  Hand: teambinary +22 / rootbotz +12 (tricks 8-4)
  Match total: teambinary 70 - 26 rootbotz
Players: teambinary vs rootbotz
Dealer: rootbotz  |  Elder: teambinary
Match scores: 70 - 26
Talon (8): 8C QC AD 9H AH 8S 10S JS
teambinary hand: JC KC 8D 10D JD QD KD 7H KH QS KS AS
rootbotz hand: 7C 9C 10C AC 7D 9D 8H 10H JH QH 7S 9S
  Exchange teambinary: discard 8D 7H -> draw 10S JS (talon 6 left)
  Exchange rootbotz: discard 7C 9C 10C 7D 9D 9S -> draw 8C QC AD 9H AH 8S (talon 0 left)

--- Phase: declare ---
  Declare point: rootbotz wins 6 pts (('point', 6, 'H'))
  Declare sequence: teambinary wins 10 pts (('sequence', 5, 14, 'S'))
  Declare set: rootbotz wins 3 pts (('set', 3, 14))

--- Phase: tricks ---
  Trick  1: teambinary leads AS, rootbotz plays 7S -> teambinary wins
  Trick  2: teambinary leads KS, rootbotz plays 8S -> teambinary wins
  Trick  3: teambinary leads KD, rootbotz plays AD -> rootbotz wins
  Trick  4: rootbotz leads AH, teambinary plays KH -> rootbotz wins
  Trick  5: rootbotz leads AC, teambinary plays JC -> rootbotz wins
  Trick  6: rootbotz leads 8H, teambinary plays 10D -> rootbotz wins
  Trick  7: rootbotz leads 8C, teambinary plays KC -> teambinary wins
  Trick  8: teambinary leads QS, rootbotz plays 9H -> teambinary wins
  Trick  9: teambinary leads QD, rootbotz plays 10H -> teambinary wins
  Trick 10: teambinary leads JS, rootbotz plays JH -> teambinary wins
  Trick 11: teambinary leads JD, rootbotz plays QH -> teambinary wins
  Trick 12: teambinary leads 10S, rootbotz plays QC -> teambinary wins
  Hand: teambinary +29 / rootbotz +13 (tricks 8-4)
  Match total: teambinary 99 - 39 rootbotz
Players: teambinary vs rootbotz
Dealer: teambinary  |  Elder: rootbotz
Match scores: 99 - 39
Talon (8): KC 7H 8H 9H KH AH 8S JS
teambinary hand: 7C 10C AC 7D 8D KD AD JH 9S 10S KS AS
rootbotz hand: 8C 9C JC QC 9D 10D JD QD 10H QH 7S QS
  Exchange rootbotz: discard 8C 9C JC 10H 7S -> draw 7H 8H KH AH JS (talon 3 left)
  Exchange teambinary: discard 7C 7D 8D -> draw KC 9H 8S (talon 0 left)

--- Phase: declare ---
  Declare point: teambinary wins 5 pts (('point', 5, 'S'))
  Declare sequence: rootbotz wins 4 pts (('sequence', 4, 12, 'D'))
  Declare set: teambinary wins 3 pts (('set', 3, 14))

--- Phase: tricks ---
  Trick  1: rootbotz leads AH, teambinary plays 9H -> rootbotz wins
  Trick  2: rootbotz leads QH, teambinary plays JH -> rootbotz wins
  Trick  3: rootbotz leads KH, teambinary plays 8S -> rootbotz wins
  Trick  4: rootbotz leads 7H, teambinary plays 9S -> rootbotz wins
  Trick  5: rootbotz leads 8H, teambinary plays 10C -> rootbotz wins
  Trick  6: rootbotz leads 9D, teambinary plays KD -> teambinary wins
  Trick  7: teambinary leads AC, rootbotz plays QC -> teambinary wins
  Trick  8: teambinary leads AD, rootbotz plays 10D -> teambinary wins
  Trick  9: teambinary leads AS, rootbotz plays JS -> teambinary wins
  Trick 10: teambinary leads KS, rootbotz plays QS -> teambinary wins
  Trick 11: teambinary leads 10S, rootbotz plays JD -> teambinary wins
  Trick 12: teambinary leads KC, rootbotz plays QD -> teambinary wins
  Hand: teambinary +26 / rootbotz +9 (tricks 7-5)
  Match total: teambinary 125 - 48 rootbotz
  Final: teambinary 125 - 48 rootbotz
  Winner: teambinary

============================================================
Game 37
============================================================
Players: rootbotz vs teambinary
Dealer: rootbotz  |  Elder: teambinary
Match scores: 0 - 0
Talon (8): 9C JC 10D KD KH 7S 9S KS
rootbotz hand: 8C 10C QC 8D QD 7H 8H 9H JH AH JS AS
teambinary hand: 7C KC AC 7D 9D JD AD 10H QH 8S 10S QS
  Exchange teambinary: discard 7C 7D 9D 8S -> draw JC 10D KH 9S (talon 4 left)
  Exchange rootbotz: discard 8C 10C QC 8D -> draw 9C KD 7S KS (talon 0 left)

--- Phase: declare ---
  Declare point: rootbotz wins 5 pts (('point', 5, 'H'))
  Declare sequence: rootbotz wins 3 pts (('sequence', 3, 9, 'H'))
  Declare set: teambinary wins 3 pts (('set', 3, 10))

--- Phase: tricks ---
  Trick  1: teambinary leads AC, rootbotz plays 9C -> teambinary wins
  Trick  2: teambinary leads AD, rootbotz plays QD -> teambinary wins
  Trick  3: teambinary leads KH, rootbotz plays AH -> rootbotz wins
  Trick  4: rootbotz leads AS, teambinary plays 9S -> rootbotz wins
  Trick  5: rootbotz leads KS, teambinary plays 10S -> rootbotz wins
  Trick  6: rootbotz leads KD, teambinary plays 10D -> rootbotz wins
  Trick  7: rootbotz leads JS, teambinary plays QS -> teambinary wins
  Trick  8: teambinary leads QH, rootbotz plays 7H -> teambinary wins
  Trick  9: teambinary leads KC, rootbotz plays 7S -> teambinary wins
  Trick 10: teambinary leads JD, rootbotz plays 8H -> teambinary wins
  Trick 11: teambinary leads 10H, rootbotz plays JH -> rootbotz wins
  Trick 12: rootbotz leads 9H, teambinary plays JC -> rootbotz wins
  Hand: rootbotz +15 / teambinary +9 (tricks 6-6)
  Match total: rootbotz 15 - 9 teambinary
Players: rootbotz vs teambinary
Dealer: teambinary  |  Elder: rootbotz
Match scores: 15 - 9
Talon (8): 8C KC 7D 10D AD 7S QS KS
rootbotz hand: JC AC 9D QD KD 7H JH QH 8S 9S 10S JS
teambinary hand: 7C 9C 10C QC 8D JD 8H 9H 10H KH AH AS
  Exchange rootbotz: discard 9D QD KD 7H QH -> draw 8C 7D 10D QS KS (talon 3 left)
  Exchange teambinary: discard 7C 9C 8D -> draw KC AD 7S (talon 0 left)

--- Phase: declare ---
  Declare point: rootbotz wins 6 pts (('point', 6, 'S'))
  Declare sequence: rootbotz wins 11 pts (('sequence', 6, 13, 'S'))
  Declare set: teambinary wins 3 pts (('set', 3, 14))

--- Phase: tricks ---
  Trick  1: rootbotz leads AC, teambinary plays 10C -> rootbotz wins
  Trick  2: rootbotz leads 8S, teambinary plays AS -> teambinary wins
  Trick  3: teambinary leads AH, rootbotz plays JH -> teambinary wins
  Trick  4: teambinary leads AD, rootbotz plays 7D -> teambinary wins
  Trick  5: teambinary leads KH, rootbotz plays 8C -> teambinary wins
  Trick  6: teambinary leads 10H, rootbotz plays 9S -> teambinary wins
  Trick  7: teambinary leads 9H, rootbotz plays 10D -> teambinary wins
  Trick  8: teambinary leads KC, rootbotz plays JC -> teambinary wins
  Trick  9: teambinary leads JD, rootbotz plays 10S -> teambinary wins
  Trick 10: teambinary leads 8H, rootbotz plays JS -> teambinary wins
  Trick 11: teambinary leads QC, rootbotz plays QS -> teambinary wins
  Trick 12: teambinary leads 7S, rootbotz plays KS -> rootbotz wins
  Hand: rootbotz +20 / teambinary +23 (tricks 2-10)
  Match total: rootbotz 35 - 32 teambinary
Players: rootbotz vs teambinary
Dealer: rootbotz  |  Elder: teambinary
Match scores: 35 - 32
Talon (8): JC AC KD AD JH KH 10S AS
rootbotz hand: 8C QC 7D 10D JD 7H 8H 9H 10H QH AH JS
teambinary hand: 7C 9C 10C KC 8D 9D QD 7S 8S 9S QS KS
  Exchange teambinary: discard 7C 9C 8D 9D -> draw AC AD KH AS (talon 4 left)
  Exchange rootbotz: discard 8C 7D 10D JS -> draw JC KD JH 10S (talon 0 left)

--- Phase: declare ---
  Declare point: rootbotz wins 7 pts (('point', 7, 'H'))
  Declare sequence: rootbotz wins 11 pts (('sequence', 6, 12, 'H'))
  Declare set: teambinary wins 3 pts (('set', 3, 14))

--- Phase: tricks ---
  Trick  1: teambinary leads AD, rootbotz plays JD -> teambinary wins
  Trick  2: teambinary leads AC, rootbotz plays JC -> teambinary wins
  Trick  3: teambinary leads AS, rootbotz plays 10S -> teambinary wins
  Trick  4: teambinary leads KS, rootbotz plays 7H -> teambinary wins
  Trick  5: teambinary leads QS, rootbotz plays 8H -> teambinary wins
  Trick  6: teambinary leads 9S, rootbotz plays 9H -> teambinary wins
  Trick  7: teambinary leads KC, rootbotz plays QC -> teambinary wins
  Trick  8: teambinary leads 8S, rootbotz plays 10H -> teambinary wins
  Trick  9: teambinary leads 10C, rootbotz plays JH -> teambinary wins
  Trick 10: teambinary leads 7S, rootbotz plays QH -> teambinary wins
  Trick 11: teambinary leads QD, rootbotz plays KD -> rootbotz wins
  Trick 12: rootbotz leads AH, teambinary plays KH -> rootbotz wins
  Hand: rootbotz +21 / teambinary +23 (tricks 2-10)
  Match total: rootbotz 56 - 55 teambinary
Players: rootbotz vs teambinary
Dealer: teambinary  |  Elder: rootbotz
Match scores: 56 - 55
Talon (8): KC 8D AD 8H JH QH AH 9S
rootbotz hand: 7C 8C AC 10D JD 7H 9H 7S 8S 10S JS KS
teambinary hand: 9C 10C JC QC 7D 9D QD KD 10H KH QS AS
  Exchange rootbotz: discard 7C 8C 7H 9H 7S -> draw 8D 8H JH QH 9S (talon 3 left)
  Exchange teambinary: discard 7D 9D -> draw AD AH (talon 1 left)

--- Phase: declare ---
  Declare point: rootbotz wins 5 pts (('point', 5, 'S'))
  Declare sequence: teambinary wins 4 pts (('sequence', 4, 12, 'C'))
  Declare set: teambinary wins 3 pts (('set', 3, 14))

--- Phase: tricks ---
  Trick  1: rootbotz leads AC, teambinary plays 9C -> rootbotz wins
  Trick  2: rootbotz leads KS, teambinary plays AS -> teambinary wins
  Trick  3: teambinary leads AD, rootbotz plays 8D -> teambinary wins
  Trick  4: teambinary leads AH, rootbotz plays 8H -> teambinary wins
  Trick  5: teambinary leads QC, rootbotz plays 8S -> teambinary wins
  Trick  6: teambinary leads KH, rootbotz plays JH -> teambinary wins
  Trick  7: teambinary leads KD, rootbotz plays 10D -> teambinary wins
  Trick  8: teambinary leads JC, rootbotz plays 9S -> teambinary wins
  Trick  9: teambinary leads 10H, rootbotz plays QH -> rootbotz wins
  Trick 10: rootbotz leads JD, teambinary plays QD -> teambinary wins
  Trick 11: teambinary leads QS, rootbotz plays 10S -> teambinary wins
  Trick 12: teambinary leads 10C, rootbotz plays JS -> teambinary wins
  Hand: rootbotz +7 / teambinary +28 (tricks 2-10)
  Match total: rootbotz 63 - 83 teambinary
Players: rootbotz vs teambinary
Dealer: rootbotz  |  Elder: teambinary
Match scores: 63 - 83
Talon (8): JC QC 7D QD KD 8H JS KS
rootbotz hand: 7C 8C 9C 10C KC AC 8D 9D 10D JD AH AS
teambinary hand: AD 7H 9H 10H JH QH KH 7S 8S 9S 10S QS
  Exchange teambinary: discard 7H -> draw JC (talon 7 left)
  Exchange rootbotz: discard 7C 8C 9C 10C -> draw 7D QD KD JS (talon 3 left)

--- Phase: declare ---
  Declare point: rootbotz wins 7 pts (('point', 7, 'D'))
  Declare sequence: rootbotz wins 12 pts (('sequence', 7, 13, 'D'))
  Declare set: rootbotz wins 3 pts (('set', 3, 14))

--- Phase: tricks ---
  Trick  1: teambinary leads AD, rootbotz plays 7D -> teambinary wins
  Trick  2: teambinary leads KH, rootbotz plays AH -> rootbotz wins
  Trick  3: rootbotz leads AS, teambinary plays 7S -> rootbotz wins
  Trick  4: rootbotz leads AC, teambinary plays JC -> rootbotz wins
  Trick  5: rootbotz leads 8D, teambinary plays 8S -> rootbotz wins
  Trick  6: rootbotz leads 9D, teambinary plays 9H -> rootbotz wins
  Trick  7: rootbotz leads 10D, teambinary plays 9S -> rootbotz wins
  Trick  8: rootbotz leads JD, teambinary plays 10H -> rootbotz wins
  Trick  9: rootbotz leads JS, teambinary plays QS -> teambinary wins
  Trick 10: teambinary leads QH, rootbotz plays QD -> teambinary wins
  Trick 11: teambinary leads 10S, rootbotz plays KC -> teambinary wins
  Trick 12: teambinary leads JH, rootbotz plays KD -> teambinary wins
  Hand: rootbotz +39 / teambinary +6 (tricks 7-5)
  Match total: rootbotz 102 - 89 teambinary
  Final: rootbotz 102 - 89 teambinary
  Winner: rootbotz

============================================================
Game 38
============================================================
Players: teambinary vs rootbotz
Dealer: teambinary  |  Elder: rootbotz
Match scores: 0 - 0
Talon (8): 7C JC 7D JD 7H 8H JH 10S
teambinary hand: 9C QC KC 10D 10H QH KH 7S 8S 9S KS AS
rootbotz hand: 8C 10C AC 8D 9D QD KD AD 9H AH JS QS
  Exchange rootbotz: discard 8C 10C 9H JS QS -> draw 7C JC 7H 8H 10S (talon 3 left)
  Exchange teambinary: discard 9C -> draw JH (talon 2 left)

--- Phase: declare ---
  Declare point: rootbotz wins 5 pts (('point', 5, 'D'))
  Declare sequence: teambinary wins 4 pts (('sequence', 4, 13, 'H'))
  Declare set: rootbotz wins 3 pts (('set', 3, 14))

--- Phase: tricks ---
  Trick  1: rootbotz leads AH, teambinary plays 10H -> rootbotz wins
  Trick  2: rootbotz leads AD, teambinary plays 10D -> rootbotz wins
  Trick  3: rootbotz leads AC, teambinary plays QC -> rootbotz wins
  Trick  4: rootbotz leads QD, teambinary plays 7S -> rootbotz wins
  Trick  5: rootbotz leads KD, teambinary plays 8S -> rootbotz wins
  Trick  6: rootbotz leads 8D, teambinary plays 9S -> rootbotz wins
  Trick  7: rootbotz leads 9D, teambinary plays JH -> rootbotz wins
  Trick  8: rootbotz leads 10S, teambinary plays KS -> teambinary wins
  Trick  9: teambinary leads AS, rootbotz plays 7C -> teambinary wins
  Trick 10: teambinary leads KH, rootbotz plays 7H -> teambinary wins
  Trick 11: teambinary leads KC, rootbotz plays JC -> teambinary wins
  Trick 12: teambinary leads QH, rootbotz plays 8H -> teambinary wins
  Hand: teambinary +10 / rootbotz +25 (tricks 5-7)
  Match total: teambinary 10 - 25 rootbotz
Players: teambinary vs rootbotz
Dealer: rootbotz  |  Elder: teambinary
Match scores: 10 - 25
Talon (8): 7C 8C JC KC JD KD JH 8S
teambinary hand: 9C AC 7D 9D 10D QD AD 8H QH 7S 10S AS
rootbotz hand: 10C QC 8D 7H 9H 10H KH AH 9S JS QS KS
  Exchange teambinary: discard 9C 7D 9D 8H 7S -> draw 7C 8C KC JD KD (talon 3 left)
  Exchange rootbotz: discard 10C 8D 10H -> draw JC JH 8S (talon 0 left)

--- Phase: declare ---
  Declare point: teambinary wins 5 pts (('point', 5, 'D'))
  Declare sequence: teambinary wins 10 pts (('sequence', 5, 14, 'D'))
  Declare set: teambinary wins 3 pts (('set', 3, 14))

--- Phase: tricks ---
  Trick  1: teambinary leads AD, rootbotz plays 7H -> teambinary wins
  Trick  2: teambinary leads AC, rootbotz plays JC -> teambinary wins
  Trick  3: teambinary leads AS, rootbotz plays 8S -> teambinary wins
  Trick  4: teambinary leads KD, rootbotz plays 9S -> teambinary wins
  Trick  5: teambinary leads QD, rootbotz plays 9H -> teambinary wins
  Trick  6: teambinary leads KC, rootbotz plays QC -> teambinary wins
  Trick  7: teambinary leads JD, rootbotz plays JS -> teambinary wins
  Trick  8: teambinary leads 8C, rootbotz plays JH -> teambinary wins
  Trick  9: teambinary leads QH, rootbotz plays KH -> rootbotz wins
  Trick 10: rootbotz leads AH, teambinary plays 7C -> rootbotz wins
  Trick 11: rootbotz leads QS, teambinary plays 10S -> rootbotz wins
  Trick 12: rootbotz leads KS, teambinary plays 10D -> rootbotz wins
  Hand: teambinary +36 / rootbotz +5 (tricks 8-4)
  Match total: teambinary 46 - 30 rootbotz
Players: teambinary vs rootbotz
Dealer: teambinary  |  Elder: rootbotz
Match scores: 46 - 30
Talon (8): 10C QC 9D JD KD 8H 10H 8S
teambinary hand: 7C 9C 7D 10D QD AD 7H 7S 10S JS QS KS
rootbotz hand: 8C JC KC AC 8D 9H JH QH KH AH 9S AS
  Exchange rootbotz: discard 8C JC KC 8D 9S -> draw 10C QC 9D JD 8S (talon 3 left)
  Exchange teambinary: discard 7C 7D 7H -> draw KD 8H 10H (talon 0 left)

--- Phase: declare ---
  Declare point: rootbotz wins 5 pts (('point', 5, 'H'))
  Declare sequence: rootbotz wins 4 pts (('sequence', 4, 14, 'H'))
  Declare set: rootbotz wins 3 pts (('set', 3, 14))

--- Phase: tricks ---
  Trick  1: rootbotz leads AS, teambinary plays 7S -> rootbotz wins
  Trick  2: rootbotz leads AH, teambinary plays 8H -> rootbotz wins
  Trick  3: rootbotz leads AC, teambinary plays 9C -> rootbotz wins
  Trick  4: rootbotz leads 10C, teambinary plays 10D -> rootbotz wins
  Trick  5: rootbotz leads JH, teambinary plays 10H -> rootbotz wins
  Trick  6: rootbotz leads QH, teambinary plays 10S -> rootbotz wins
  Trick  7: rootbotz leads QC, teambinary plays JS -> rootbotz wins
  Trick  8: rootbotz leads KH, teambinary plays QD -> rootbotz wins
  Trick  9: rootbotz leads 9H, teambinary plays QS -> rootbotz wins
  Trick 10: rootbotz leads JD, teambinary plays KD -> teambinary wins
  Trick 11: teambinary leads AD, rootbotz plays 9D -> teambinary wins
  Trick 12: teambinary leads KS, rootbotz plays 8S -> teambinary wins
  Hand: teambinary +4 / rootbotz +31 (tricks 3-9)
  Match total: teambinary 50 - 61 rootbotz
Players: teambinary vs rootbotz
Dealer: rootbotz  |  Elder: teambinary
Match scores: 50 - 61
Talon (8): 7C KC 7D 8D 10D 8H KH 9S
teambinary hand: 10C 9D QD KD 7H 9H JH AH 8S 10S QS AS
rootbotz hand: 8C 9C JC QC AC JD AD 10H QH 7S JS KS
  Exchange teambinary: discard 9D 7H 9H 8S -> draw 7C 10D KH 9S (talon 4 left)
  Exchange rootbotz: discard 10H 7S KS -> draw KC 7D 8D (talon 1 left)

--- Phase: declare ---
  Declare point: rootbotz wins 6 pts (('point', 6, 'C'))
  Declare sequence: rootbotz wins 4 pts (('sequence', 4, 14, 'C'))
  Declare set: rootbotz wins 3 pts (('set', 3, 11))

--- Phase: tricks ---
  Trick  1: teambinary leads AS, rootbotz plays JS -> teambinary wins
  Trick  2: teambinary leads AH, rootbotz plays QH -> teambinary wins
  Trick  3: teambinary leads QS, rootbotz plays 7D -> teambinary wins
  Trick  4: teambinary leads KD, rootbotz plays AD -> rootbotz wins
  Trick  5: rootbotz leads AC, teambinary plays 7C -> rootbotz wins
  Trick  6: rootbotz leads JC, teambinary plays 10C -> rootbotz wins
  Trick  7: rootbotz leads QC, teambinary plays 9S -> rootbotz wins
  Trick  8: rootbotz leads KC, teambinary plays 10D -> rootbotz wins
  Trick  9: rootbotz leads 8C, teambinary plays 10S -> rootbotz wins
  Trick 10: rootbotz leads 9C, teambinary plays JH -> rootbotz wins
  Trick 11: rootbotz leads JD, teambinary plays QD -> teambinary wins
  Trick 12: teambinary leads KH, rootbotz plays 8D -> teambinary wins
  Hand: teambinary +6 / rootbotz +30 (tricks 5-7)
  Match total: teambinary 56 - 91 rootbotz
Players: teambinary vs rootbotz
Dealer: teambinary  |  Elder: rootbotz
Match scores: 56 - 91
Talon (8): 8C 9C 10D KD 10H 8S 10S JS
teambinary hand: 7C 10C KC AC 9D JD AD 8H 9H QH QS KS
rootbotz hand: JC QC 7D 8D QD 7H JH KH AH 7S 9S AS
  Exchange rootbotz: discard 7D 8D 7H 7S 9S -> draw 10D KD 8S 10S JS (talon 3 left)
  Exchange teambinary: discard 7C 9D 8H -> draw 8C 9C 10H (talon 0 left)

--- Phase: declare ---
  Declare point: teambinary wins 5 pts (('point', 5, 'C'))
  Declare sequence: teambinary wins 3 pts (('sequence', 3, 10, 'C'))
  Declare set: rootbotz wins 3 pts (('set', 3, 11))

--- Phase: tricks ---
  Trick  1: rootbotz leads AS, teambinary plays QS -> rootbotz wins
  Trick  2: rootbotz leads AH, teambinary plays 9H -> rootbotz wins
  Trick  3: rootbotz leads KH, teambinary plays 10H -> rootbotz wins
  Trick  4: rootbotz leads JH, teambinary plays QH -> teambinary wins
  Trick  5: teambinary leads AC, rootbotz plays JC -> teambinary wins
  Trick  6: teambinary leads AD, rootbotz plays 10D -> teambinary wins
  Trick  7: teambinary leads KC, rootbotz plays QC -> teambinary wins
  Trick  8: teambinary leads 10C, rootbotz plays 8S -> teambinary wins
  Trick  9: teambinary leads 9C, rootbotz plays 10S -> teambinary wins
  Trick 10: teambinary leads KS, rootbotz plays JS -> teambinary wins
  Trick 11: teambinary leads JD, rootbotz plays QD -> rootbotz wins
  Trick 12: rootbotz leads KD, teambinary plays 8C -> rootbotz wins
  Hand: teambinary +25 / rootbotz +9 (tricks 7-5)
  Match total: teambinary 81 - 100 rootbotz
  Final: teambinary 81 - 100 rootbotz
  Winner: rootbotz

============================================================
Game 39
============================================================
Players: rootbotz vs teambinary
Dealer: rootbotz  |  Elder: teambinary
Match scores: 0 - 0
Talon (8): 10C JC QC 7D 10D QD AD AS
rootbotz hand: 8C AC JD KD 9H QH 7S 8S 9S 10S JS QS
teambinary hand: 7C 9C KC 8D 9D 7H 8H 10H JH KH AH KS
  Exchange teambinary: discard 7C 9C 8D 9D 7H -> draw JC 7D 10D AD AS (talon 3 left)
  Exchange rootbotz: discard 8C JD 9H -> draw 10C QC QD (talon 0 left)

--- Phase: declare ---
  Declare point: rootbotz wins 6 pts (('point', 6, 'S'))
  Declare sequence: rootbotz wins 11 pts (('sequence', 6, 12, 'S'))
  Declare set: teambinary wins 3 pts (('set', 3, 14))

--- Phase: tricks ---
  Trick  1: teambinary leads AH, rootbotz plays QH -> teambinary wins
  Trick  2: teambinary leads AD, rootbotz plays QD -> teambinary wins
  Trick  3: teambinary leads AS, rootbotz plays 7S -> teambinary wins
  Trick  4: teambinary leads KH, rootbotz plays 8S -> teambinary wins
  Trick  5: teambinary leads JH, rootbotz plays 9S -> teambinary wins
  Trick  6: teambinary leads KC, rootbotz plays AC -> rootbotz wins
  Trick  7: rootbotz leads QC, teambinary plays JC -> rootbotz wins
  Trick  8: rootbotz leads 10C, teambinary plays 7D -> rootbotz wins
  Trick  9: rootbotz leads 10S, teambinary plays KS -> teambinary wins
  Trick 10: teambinary leads 10H, rootbotz plays JS -> teambinary wins
  Trick 11: teambinary leads 8H, rootbotz plays QS -> teambinary wins
  Trick 12: teambinary leads 10D, rootbotz plays KD -> rootbotz wins
  Hand: rootbotz +22 / teambinary +21 (tricks 4-8)
  Match total: rootbotz 22 - 21 teambinary
Players: rootbotz vs teambinary
Dealer: teambinary  |  Elder: rootbotz
Match scores: 22 - 21
Talon (8): 7C JC JD KD 10H QH KH AH
rootbotz hand: 8C 10C 7D 8D 9D 8H 9H 7S 8S 9S KS AS
teambinary hand: 9C QC KC AC 10D QD AD 7H JH 10S JS QS
  Exchange rootbotz: discard 8C 7D 8D 9D 9H -> draw JD KD 10H QH AH (talon 3 left)
  Exchange teambinary: discard 9C 7H -> draw JC KH (talon 1 left)

--- Phase: declare ---
  Declare point: rootbotz wins 5 pts (('point', 5, 'S'))
  Declare sequence: teambinary wins 4 pts (('sequence', 4, 14, 'C'))
  Declare set: teambinary wins 3 pts (('set', 3, 12))

--- Phase: tricks ---
  Trick  1: rootbotz leads AS, teambinary plays 10S -> rootbotz wins
  Trick  2: rootbotz leads AH, teambinary plays JH -> rootbotz wins
  Trick  3: rootbotz leads KS, teambinary plays JS -> rootbotz wins
  Trick  4: rootbotz leads QH, teambinary plays KH -> teambinary wins
  Trick  5: teambinary leads AD, rootbotz plays JD -> teambinary wins
  Trick  6: teambinary leads AC, rootbotz plays 10C -> teambinary wins
  Trick  7: teambinary leads KC, rootbotz plays 7S -> teambinary wins
  Trick  8: teambinary leads QD, rootbotz plays KD -> rootbotz wins
  Trick  9: rootbotz leads 8H, teambinary plays 10D -> rootbotz wins
  Trick 10: rootbotz leads 10H, teambinary plays JC -> rootbotz wins
  Trick 11: rootbotz leads 8S, teambinary plays QS -> teambinary wins
  Trick 12: teambinary leads QC, rootbotz plays 9S -> teambinary wins
  Hand: rootbotz +11 / teambinary +14 (tricks 6-6)
  Match total: rootbotz 33 - 35 teambinary
Players: rootbotz vs teambinary
Dealer: rootbotz  |  Elder: teambinary
Match scores: 33 - 35
Talon (8): 7C 8C QC QH 9S QS KS AS
rootbotz hand: 9C 10C JC KC JD KD AD 7H 8H 10H JH AH
teambinary hand: AC 7D 8D 9D 10D QD 9H KH 7S 8S 10S JS
  Exchange teambinary: discard 9H 7S 8S -> draw 7C 9S QS (talon 5 left)
  Exchange rootbotz: discard 7H 8H 10H AH -> draw 8C QC QH AS (talon 1 left)

--- Phase: declare ---
  Declare point: rootbotz wins 6 pts (('point', 6, 'C'))
  Declare sequence: rootbotz wins 11 pts (('sequence', 6, 13, 'C'))
  Declare set: rootbotz wins 3 pts (('set', 3, 11))

--- Phase: tricks ---
  Trick  1: teambinary leads AC, rootbotz plays 8C -> teambinary wins
  Trick  2: teambinary leads QD, rootbotz plays KD -> rootbotz wins
  Trick  3: rootbotz leads AS, teambinary plays 9S -> rootbotz wins
  Trick  4: rootbotz leads AD, teambinary plays 7D -> rootbotz wins
  Trick  5: rootbotz leads 9C, teambinary plays 7C -> rootbotz wins
  Trick  6: rootbotz leads 10C, teambinary plays 8D -> rootbotz wins
  Trick  7: rootbotz leads JC, teambinary plays 9D -> rootbotz wins
  Trick  8: rootbotz leads QC, teambinary plays 10D -> rootbotz wins
  Trick  9: rootbotz leads JH, teambinary plays KH -> teambinary wins
  Trick 10: teambinary leads QS, rootbotz plays JD -> teambinary wins
  Trick 11: teambinary leads JS, rootbotz plays QH -> teambinary wins
  Trick 12: teambinary leads 10S, rootbotz plays KC -> teambinary wins
  Hand: rootbotz +37 / teambinary +6 (tricks 7-5)
  Match total: rootbotz 70 - 41 teambinary
Players: rootbotz vs teambinary
Dealer: teambinary  |  Elder: rootbotz
Match scores: 70 - 41
Talon (8): 7C 8C AC 9D 8H QH KH AS
rootbotz hand: 9C QC 10D KD 7H 10H AH 7S 9S 10S JS QS
teambinary hand: 10C JC KC 7D 8D JD QD AD 9H JH 8S KS
  Exchange rootbotz: discard 9C QC KD 7H 7S -> draw 8C 9D 8H KH AS (talon 3 left)
  Exchange teambinary: discard 7D 9H 8S -> draw 7C AC QH (talon 0 left)

--- Phase: declare ---
  Declare point: rootbotz wins 5 pts (('point', 5, 'S'))
  Declare sequence: rootbotz wins 4 pts (('sequence', 4, 12, 'S'))
  Declare set: teambinary wins 3 pts (('set', 3, 11))

--- Phase: tricks ---
  Trick  1: rootbotz leads AS, teambinary plays KS -> rootbotz wins
  Trick  2: rootbotz leads AH, teambinary plays JH -> rootbotz wins
  Trick  3: rootbotz leads KH, teambinary plays QH -> rootbotz wins
  Trick  4: rootbotz leads 9S, teambinary plays 7C -> rootbotz wins
  Trick  5: rootbotz leads 10S, teambinary plays 8D -> rootbotz wins
  Trick  6: rootbotz leads JS, teambinary plays 10C -> rootbotz wins
  Trick  7: rootbotz leads QS, teambinary plays JC -> rootbotz wins
  Trick  8: rootbotz leads 8H, teambinary plays JD -> rootbotz wins
  Trick  9: rootbotz leads 10H, teambinary plays QD -> rootbotz wins
  Trick 10: rootbotz leads 8C, teambinary plays KC -> teambinary wins
  Trick 11: teambinary leads AD, rootbotz plays 9D -> teambinary wins
  Trick 12: teambinary leads AC, rootbotz plays 10D -> teambinary wins
  Hand: rootbotz +28 / teambinary +7 (tricks 9-3)
  Match total: rootbotz 98 - 48 teambinary
Players: rootbotz vs teambinary
Dealer: rootbotz  |  Elder: teambinary
Match scores: 98 - 48
Talon (8): KC 7D 8D 9D 8H QH KH AS
rootbotz hand: 7C 9C 10C JC 10D JD AD 7H 9H 7S 8S KS
teambinary hand: 8C QC AC QD KD 10H JH AH 9S 10S JS QS
  Exchange teambinary: discard 8C -> draw QH (talon 7 left)
  Exchange rootbotz: discard 10D 7H 9H 7S 8S KS -> draw KC 7D 8D 9D 8H KH (talon 1 left)

--- Phase: declare ---
  Declare point: rootbotz wins 5 pts (('point', 5, 'C'))
  Declare sequence: teambinary wins 4 pts (('sequence', 4, 12, 'S'))
  Declare set: teambinary wins 14 pts (('set', 4, 12))

--- Phase: tricks ---
  Trick  1: teambinary leads AC, rootbotz plays 7C -> teambinary wins
  Trick  2: teambinary leads AH, rootbotz plays 8H -> teambinary wins
  Trick  3: teambinary leads QS, rootbotz plays 7D -> teambinary wins
  Trick  4: teambinary leads JS, rootbotz plays 8D -> teambinary wins
  Trick  5: teambinary leads QH, rootbotz plays KH -> rootbotz wins
  Trick  6: rootbotz leads AD, teambinary plays QD -> rootbotz wins
  Trick  7: rootbotz leads KC, teambinary plays QC -> rootbotz wins
  Trick  8: rootbotz leads 9D, teambinary plays KD -> teambinary wins
  Trick  9: teambinary leads 10S, rootbotz plays 9C -> teambinary wins
  Trick 10: teambinary leads JH, rootbotz plays 10C -> teambinary wins
  Trick 11: teambinary leads 9S, rootbotz plays JC -> teambinary wins
  Trick 12: teambinary leads 10H, rootbotz plays JD -> teambinary wins
  Hand: rootbotz +8 / teambinary +38 (tricks 3-9)
  Match total: rootbotz 106 - 86 teambinary
  Final: rootbotz 106 - 86 teambinary
  Winner: rootbotz

============================================================
Game 40
============================================================
Players: teambinary vs rootbotz
Dealer: teambinary  |  Elder: rootbotz
Match scores: 0 - 0
Talon (8): 7C AD 7H 8H QH 8S 10S JS
teambinary hand: 8C 10C KC AC 7D 9D JD KD 10H JH 9S QS
rootbotz hand: 9C JC QC 8D 10D QD 9H KH AH 7S KS AS
  Exchange rootbotz: discard 8D 10D QD 9H 7S -> draw 7H 8H QH 8S JS (talon 3 left)
  Exchange teambinary: discard 8C 7D 9S -> draw 7C AD 10S (talon 0 left)

--- Phase: declare ---
  Declare point: rootbotz wins 5 pts (('point', 5, 'H'))
  Declare sequence: rootbotz wins 3 pts (('sequence', 3, 14, 'H'))
  Declare set: teambinary wins 3 pts (('set', 3, 10))

--- Phase: tricks ---
  Trick  1: rootbotz leads AS, teambinary plays 10S -> rootbotz wins
  Trick  2: rootbotz leads AH, teambinary plays 10H -> rootbotz wins
  Trick  3: rootbotz leads QH, teambinary plays JH -> rootbotz wins
  Trick  4: rootbotz leads KS, teambinary plays QS -> rootbotz wins
  Trick  5: rootbotz leads KH, teambinary plays 7C -> rootbotz wins
  Trick  6: rootbotz leads JS, teambinary plays 9D -> rootbotz wins
  Trick  7: rootbotz leads 7H, teambinary plays 10C -> rootbotz wins
  Trick  8: rootbotz leads 8H, teambinary plays JD -> rootbotz wins
  Trick  9: rootbotz leads JC, teambinary plays KC -> teambinary wins
  Trick 10: teambinary leads AC, rootbotz plays 9C -> teambinary wins
  Trick 11: teambinary leads AD, rootbotz plays 8S -> teambinary wins
  Trick 12: teambinary leads KD, rootbotz plays QC -> teambinary wins
  Hand: teambinary +8 / rootbotz +26 (tricks 4-8)
  Match total: teambinary 8 - 26 rootbotz
Players: teambinary vs rootbotz
Dealer: rootbotz  |  Elder: teambinary
Match scores: 8 - 26
Talon (8): JC 7D KD 8H KH AH 10S JS
teambinary hand: 8C KC AC 9D 10D QD JH 7S 9S QS KS AS
rootbotz hand: 7C 9C 10C QC 8D JD AD 7H 9H 10H QH 8S
  Exchange teambinary: discard 8C 9D 7S 9S -> draw JC KD 8H 10S (talon 4 left)
  Exchange rootbotz: discard 7C 9C 8D 8S -> draw 7D KH AH JS (talon 0 left)

--- Phase: declare ---
  Declare point: rootbotz wins 6 pts (('point', 6, 'H'))
  Declare set: teambinary wins 3 pts (('set', 3, 13))

--- Phase: tricks ---
  Trick  1: teambinary leads AC, rootbotz plays 10C -> teambinary wins
  Trick  2: teambinary leads AS, rootbotz plays JS -> teambinary wins
  Trick  3: teambinary leads KD, rootbotz plays AD -> rootbotz wins
  Trick  4: rootbotz leads AH, teambinary plays 8H -> rootbotz wins
  Trick  5: rootbotz leads QH, teambinary plays JH -> rootbotz wins
  Trick  6: rootbotz leads KH, teambinary plays 10D -> rootbotz wins
  Trick  7: rootbotz leads 9H, teambinary plays 10S -> rootbotz wins
  Trick  8: rootbotz leads 10H, teambinary plays JC -> rootbotz wins
  Trick  9: rootbotz leads 7H, teambinary plays QD -> rootbotz wins
  Trick 10: rootbotz leads 7D, teambinary plays QS -> rootbotz wins
  Trick 11: rootbotz leads JD, teambinary plays KC -> rootbotz wins
  Trick 12: rootbotz leads QC, teambinary plays KS -> rootbotz wins
  Hand: teambinary +5 / rootbotz +27 (tricks 2-10)
  Match total: teambinary 13 - 53 rootbotz
Players: teambinary vs rootbotz
Dealer: teambinary  |  Elder: rootbotz
Match scores: 13 - 53
Talon (8): 9C 8D JH QH AH 7S QS KS
teambinary hand: 8C JC QC KC 9D QD KD AD 10H KH 9S JS
rootbotz hand: 7C 10C AC 7D 10D JD 7H 8H 9H 8S 10S AS
  Exchange rootbotz: discard 7C 7D 7H 8H 9H -> draw 9C 8D AH 7S KS (talon 3 left)
  Exchange teambinary: discard 8C 9D 9S -> draw JH QH QS (talon 0 left)

--- Phase: declare ---
  Declare point: rootbotz wins 5 pts (('point', 5, 'S'))
  Declare sequence: teambinary wins 4 pts (('sequence', 4, 13, 'H'))
  Declare set: rootbotz wins 3 pts (('set', 3, 14))

--- Phase: tricks ---
  Trick  1: rootbotz leads AS, teambinary plays JS -> rootbotz wins
  Trick  2: rootbotz leads AH, teambinary plays 10H -> rootbotz wins
  Trick  3: rootbotz leads AC, teambinary plays JC -> rootbotz wins
  Trick  4: rootbotz leads KS, teambinary plays QS -> rootbotz wins
  Trick  5: rootbotz leads 10S, teambinary plays JH -> rootbotz wins
  Trick  6: rootbotz leads 7S, teambinary plays QC -> rootbotz wins
  Trick  7: rootbotz leads 8S, teambinary plays QD -> rootbotz wins
  Trick  8: rootbotz leads 9C, teambinary plays KC -> teambinary wins
  Trick  9: teambinary leads AD, rootbotz plays 8D -> teambinary wins
  Trick 10: teambinary leads KH, rootbotz plays 10C -> teambinary wins
  Trick 11: teambinary leads KD, rootbotz plays 10D -> teambinary wins
  Trick 12: teambinary leads QH, rootbotz plays JD -> teambinary wins
  Hand: teambinary +10 / rootbotz +25 (tricks 5-7)
  Match total: teambinary 23 - 78 rootbotz
Players: teambinary vs rootbotz
Dealer: rootbotz  |  Elder: teambinary
Match scores: 23 - 78
Talon (8): 7C 8C JC JD AD 7H JH AH
teambinary hand: 9C 10C KC AC 8D QD KD 8H 10H QH 10S QS
rootbotz hand: QC 7D 9D 10D 9H KH 7S 8S 9S JS KS AS
  Exchange teambinary: discard 9C 8D 8H -> draw 7C JC JH (talon 5 left)
  Exchange rootbotz: discard QC 7D 9D 10D 9H -> draw 8C JD AD 7H AH (talon 0 left)

--- Phase: declare ---
  Declare point: rootbotz wins 6 pts (('point', 6, 'S'))
  Declare sequence: teambinary wins 3 pts (('sequence', 3, 12, 'H'))
  Declare set: rootbotz wins 3 pts (('set', 3, 14))

--- Phase: tricks ---
  Trick  1: teambinary leads AC, rootbotz plays 8C -> teambinary wins
  Trick  2: teambinary leads KC, rootbotz plays 7H -> teambinary wins
  Trick  3: teambinary leads QH, rootbotz plays KH -> rootbotz wins
  Trick  4: rootbotz leads AS, teambinary plays 10S -> rootbotz wins
  Trick  5: rootbotz leads AH, teambinary plays 10H -> rootbotz wins
  Trick  6: rootbotz leads AD, teambinary plays QD -> rootbotz wins
  Trick  7: rootbotz leads KS, teambinary plays QS -> rootbotz wins
  Trick  8: rootbotz leads JS, teambinary plays 7C -> rootbotz wins
  Trick  9: rootbotz leads 7S, teambinary plays 10C -> rootbotz wins
  Trick 10: rootbotz leads 8S, teambinary plays JC -> rootbotz wins
  Trick 11: rootbotz leads 9S, teambinary plays JH -> rootbotz wins
  Trick 12: rootbotz leads JD, teambinary plays KD -> teambinary wins
  Hand: teambinary +7 / rootbotz +28 (tricks 3-9)
  Match total: teambinary 30 - 106 rootbotz
  Final: teambinary 30 - 106 rootbotz
  Winner: rootbotz

============================================================
Game 41
============================================================
Players: rootbotz vs teambinary
Dealer: rootbotz  |  Elder: teambinary
Match scores: 0 - 0
Talon (8): 7C QC KC 7D 10H QH AH 8S
rootbotz hand: 8C JC AC 9D JD AD 7H 9S 10S JS KS AS
teambinary hand: 9C 10C 8D 10D QD KD 8H 9H JH KH 7S QS
  Exchange teambinary: discard 9C 8D 8H 9H 7S -> draw 7C KC 7D 10H 8S (talon 3 left)
  Exchange rootbotz: discard 8C 9D 7H -> draw QC QH AH (talon 0 left)

--- Phase: declare ---
  Declare point: rootbotz wins 5 pts (('point', 5, 'S'))
  Declare sequence: rootbotz wins 3 pts (('sequence', 3, 11, 'S'))
  Declare set: rootbotz wins 14 pts (('set', 4, 14))

--- Phase: tricks ---
  Trick  1: teambinary leads KD, rootbotz plays AD -> rootbotz wins
  Trick  2: rootbotz leads AS, teambinary plays 8S -> rootbotz wins
  Trick  3: rootbotz leads AH, teambinary plays 10H -> rootbotz wins
  Trick  4: rootbotz leads AC, teambinary plays 7C -> rootbotz wins
  Trick  5: rootbotz leads KS, teambinary plays QS -> rootbotz wins
  Trick  6: rootbotz leads 9S, teambinary plays 7D -> rootbotz wins
  Trick  7: rootbotz leads 10S, teambinary plays 10C -> rootbotz wins
  Trick  8: rootbotz leads JS, teambinary plays 10D -> rootbotz wins
  Trick  9: rootbotz leads JD, teambinary plays QD -> teambinary wins
  Trick 10: teambinary leads KH, rootbotz plays QH -> teambinary wins
  Trick 11: teambinary leads JH, rootbotz plays JC -> teambinary wins
  Trick 12: teambinary leads KC, rootbotz plays QC -> teambinary wins
  Hand: rootbotz +40 / teambinary +5 (tricks 8-4)
  Match total: rootbotz 40 - 5 teambinary
Players: rootbotz vs teambinary
Dealer: teambinary  |  Elder: rootbotz
Match scores: 40 - 5
Talon (8): 7D KD 7H JH QH 9S 10S KS
rootbotz hand: 8C 10C JC QC KC AC 8D 9D 10H KH AH JS
teambinary hand: 7C 9C 10D JD QD AD 8H 9H 7S 8S QS AS
  Exchange rootbotz: discard 8D 9D 10H JS -> draw JH QH 9S 10S (talon 4 left)
  Exchange teambinary: discard 7C 9C 8H 9H -> draw 7D KD 7H KS (talon 0 left)

--- Phase: declare ---
  Declare point: rootbotz wins 6 pts (('point', 6, 'C'))

--- Phase: tricks ---
  Trick  1: rootbotz leads AH, teambinary plays 7H -> rootbotz wins
  Trick  2: rootbotz leads AC, teambinary plays 7D -> rootbotz wins
  Trick  3: rootbotz leads 10C, teambinary plays 7S -> rootbotz wins
  Trick  4: rootbotz leads JH, teambinary plays 8S -> rootbotz wins
  Trick  5: rootbotz leads JC, teambinary plays 10D -> rootbotz wins
  Trick  6: rootbotz leads QH, teambinary plays JD -> rootbotz wins
  Trick  7: rootbotz leads QC, teambinary plays QD -> rootbotz wins
  Trick  8: rootbotz leads KH, teambinary plays QS -> rootbotz wins
  Trick  9: rootbotz leads KC, teambinary plays KD -> rootbotz wins
  Trick 10: rootbotz leads 8C, teambinary plays KS -> rootbotz wins
  Trick 11: rootbotz leads 9S, teambinary plays AS -> teambinary wins
  Trick 12: teambinary leads AD, rootbotz plays 10S -> teambinary wins
  Hand: rootbotz +26 / teambinary +3 (tricks 10-2)
  Match total: rootbotz 66 - 8 teambinary
Players: rootbotz vs teambinary
Dealer: rootbotz  |  Elder: teambinary
Match scores: 66 - 8
Talon (8): 7C JD QD KD JH KH 10S JS
rootbotz hand: QC KC AC 7D 8D 9D 7H 9H 10H AH QS KS
teambinary hand: 8C 9C 10C JC 10D AD 8H QH 7S 8S 9S AS
  Exchange teambinary: discard 8H -> draw KD (talon 7 left)
  Exchange rootbotz: discard 7D 8D 9D 7H 9H 10H QS -> draw 7C JD QD JH KH 10S JS (talon 0 left)

--- Phase: declare ---
  Declare point: rootbotz wins 4 pts (('point', 4, 'C'))
  Declare sequence: teambinary wins 4 pts (('sequence', 4, 11, 'C'))
  Declare set: rootbotz wins 3 pts (('set', 3, 13))

--- Phase: tricks ---
  Trick  1: teambinary leads AD, rootbotz plays JD -> teambinary wins
  Trick  2: teambinary leads AS, rootbotz plays 10S -> teambinary wins
  Trick  3: teambinary leads JC, rootbotz plays QC -> rootbotz wins
  Trick  4: rootbotz leads AH, teambinary plays QH -> rootbotz wins
  Trick  5: rootbotz leads AC, teambinary plays 8C -> rootbotz wins
  Trick  6: rootbotz leads JS, teambinary plays 7S -> rootbotz wins
  Trick  7: rootbotz leads KS, teambinary plays 8S -> rootbotz wins
  Trick  8: rootbotz leads KH, teambinary plays 9C -> rootbotz wins
  Trick  9: rootbotz leads JH, teambinary plays 9S -> rootbotz wins
  Trick 10: rootbotz leads QD, teambinary plays KD -> teambinary wins
  Trick 11: teambinary leads 10D, rootbotz plays 7C -> teambinary wins
  Trick 12: teambinary leads 10C, rootbotz plays KC -> rootbotz wins
  Hand: rootbotz +26 / teambinary +8 (tricks 8-4)
  Match total: rootbotz 92 - 16 teambinary
Players: rootbotz vs teambinary
Dealer: teambinary  |  Elder: rootbotz
Match scores: 92 - 16
Talon (8): 9C 10C 8D AD 7H 8H 10H 7S
rootbotz hand: JC KC 7D 9D JD QD KD JH KH 8S QS KS
teambinary hand: 7C 8C QC AC 10D 9H QH AH 9S 10S JS AS
  Exchange rootbotz: discard JC JH 8S QS -> draw 9C 10C 7H 8H (talon 4 left)
  Exchange teambinary: discard 7C 8C 9H -> draw AD 10H 7S (talon 1 left)

--- Phase: declare ---
  Declare point: teambinary wins 5 pts (('point', 5, 'S'))
  Declare sequence: rootbotz wins 3 pts (('sequence', 3, 13, 'D'))
  Declare set: teambinary wins 14 pts (('set', 4, 14))

--- Phase: tricks ---
  Trick  1: rootbotz leads JD, teambinary plays AD -> teambinary wins
  Trick  2: teambinary leads AC, rootbotz plays 9C -> teambinary wins
  Trick  3: teambinary leads AH, rootbotz plays 7H -> teambinary wins
  Trick  4: teambinary leads AS, rootbotz plays KS -> teambinary wins
  Trick  5: teambinary leads JS, rootbotz plays 7D -> teambinary wins
  Trick  6: teambinary leads 10S, rootbotz plays 8H -> teambinary wins
  Trick  7: teambinary leads 9S, rootbotz plays 9D -> teambinary wins
  Trick  8: teambinary leads QH, rootbotz plays KH -> rootbotz wins
  Trick  9: rootbotz leads 10C, teambinary plays QC -> teambinary wins
  Trick 10: teambinary leads 10D, rootbotz plays QD -> rootbotz wins
  Trick 11: rootbotz leads KD, teambinary plays 7S -> rootbotz wins
  Trick 12: rootbotz leads KC, teambinary plays 10H -> rootbotz wins
  Hand: rootbotz +8 / teambinary +37 (tricks 4-8)
  Match total: rootbotz 100 - 53 teambinary
  Final: rootbotz 100 - 53 teambinary
  Winner: rootbotz

============================================================
Game 42
============================================================
Players: teambinary vs rootbotz
Dealer: teambinary  |  Elder: rootbotz
Match scores: 0 - 0
Talon (8): QC AC 8D 8H KH AH 8S KS
teambinary hand: 7C 9C JC 7D 9D 10D JD KD AD 7H JH JS
rootbotz hand: 8C 10C KC QD 9H 10H QH 7S 9S 10S QS AS
  Exchange rootbotz: discard 8C 10C KC 9H 10H -> draw AC 8D KH AH KS (talon 3 left)
  Exchange teambinary: discard 7C 9C 7H -> draw QC 8H 8S (talon 0 left)

--- Phase: declare ---
  Declare sequence: rootbotz wins 3 pts (('sequence', 3, 14, 'H'))
  Declare set: rootbotz wins 3 pts (('set', 3, 14))

--- Phase: tricks ---
  Trick  1: rootbotz leads AS, teambinary plays 8S -> rootbotz wins
  Trick  2: rootbotz leads AH, teambinary plays 8H -> rootbotz wins
  Trick  3: rootbotz leads AC, teambinary plays JC -> rootbotz wins
  Trick  4: rootbotz leads QS, teambinary plays JS -> rootbotz wins
  Trick  5: rootbotz leads QH, teambinary plays JH -> rootbotz wins
  Trick  6: rootbotz leads KS, teambinary plays 7D -> rootbotz wins
  Trick  7: rootbotz leads KH, teambinary plays 9D -> rootbotz wins
  Trick  8: rootbotz leads 9S, teambinary plays 10D -> rootbotz wins
  Trick  9: rootbotz leads 10S, teambinary plays JD -> rootbotz wins
  Trick 10: rootbotz leads 7S, teambinary plays QC -> rootbotz wins
  Trick 11: rootbotz leads QD, teambinary plays KD -> teambinary wins
  Trick 12: teambinary leads AD, rootbotz plays 8D -> teambinary wins
  Hand: teambinary +3 / rootbotz +26 (tricks 2-10)
  Match total: teambinary 3 - 26 rootbotz
Players: teambinary vs rootbotz
Dealer: rootbotz  |  Elder: teambinary
Match scores: 3 - 26
Talon (8): 7C QC JD 7H 10H QH 7S 9S
teambinary hand: 9C JC AC 7D 8D KD 8H AH 10S JS KS AS
rootbotz hand: 8C 10C KC 9D 10D QD AD 9H JH KH 8S QS
  Exchange teambinary: discard 9C 7D 8D 8H -> draw 7C QC JD 10H (talon 4 left)
  Exchange rootbotz: discard 8C 9H JH 8S -> draw 7H QH 7S 9S (talon 0 left)

--- Phase: declare ---
  Declare point: teambinary wins 4 pts (('point', 4, 'S'))
  Declare set: teambinary wins 3 pts (('set', 3, 14))

--- Phase: tricks ---
  Trick  1: teambinary leads AH, rootbotz plays 7H -> teambinary wins
  Trick  2: teambinary leads AS, rootbotz plays 7S -> teambinary wins
  Trick  3: teambinary leads AC, rootbotz plays 10C -> teambinary wins
  Trick  4: teambinary leads QC, rootbotz plays KC -> rootbotz wins
  Trick  5: rootbotz leads AD, teambinary plays JD -> rootbotz wins
  Trick  6: rootbotz leads QD, teambinary plays KD -> teambinary wins
  Trick  7: teambinary leads KS, rootbotz plays 9S -> teambinary wins
  Trick  8: teambinary leads JC, rootbotz plays 9D -> teambinary wins
  Trick  9: teambinary leads JS, rootbotz plays QS -> rootbotz wins
  Trick 10: rootbotz leads 10D, teambinary plays 7C -> rootbotz wins
  Trick 11: rootbotz leads QH, teambinary plays 10H -> rootbotz wins
  Trick 12: rootbotz leads KH, teambinary plays 10S -> rootbotz wins
  Hand: teambinary +13 / rootbotz +7 (tricks 6-6)
  Match total: teambinary 16 - 33 rootbotz
Players: teambinary vs rootbotz
Dealer: teambinary  |  Elder: rootbotz
Match scores: 16 - 33
Talon (8): JC AC QD KD 10H KH 7S JS
teambinary hand: 8C QC KC JD AD 8H JH AH 8S 9S KS AS
rootbotz hand: 7C 9C 10C 7D 8D 9D 10D 7H 9H QH 10S QS
  Exchange rootbotz: discard 7C 9C 7H QH -> draw QD 10H KH JS (talon 4 left)
  Exchange teambinary: discard 8C 8H 8S 9S -> draw JC AC KD 7S (talon 0 left)

--- Phase: declare ---
  Declare point: rootbotz wins 5 pts (('point', 5, 'D'))
  Declare sequence: teambinary wins 4 pts (('sequence', 4, 14, 'C'))
  Declare set: teambinary wins 14 pts (('set', 4, 14))

--- Phase: tricks ---
  Trick  1: rootbotz leads 10C, teambinary plays JC -> teambinary wins
  Trick  2: teambinary leads AH, rootbotz plays 9H -> teambinary wins
  Trick  3: teambinary leads AS, rootbotz plays 10S -> teambinary wins
  Trick  4: teambinary leads AD, rootbotz plays 7D -> teambinary wins
  Trick  5: teambinary leads AC, rootbotz plays 8D -> teambinary wins
  Trick  6: teambinary leads KD, rootbotz plays 9D -> teambinary wins
  Trick  7: teambinary leads KS, rootbotz plays JS -> teambinary wins
  Trick  8: teambinary leads KC, rootbotz plays 10D -> teambinary wins
  Trick  9: teambinary leads JD, rootbotz plays QD -> rootbotz wins
  Trick 10: rootbotz leads 10H, teambinary plays JH -> teambinary wins
  Trick 11: teambinary leads QC, rootbotz plays QS -> teambinary wins
  Trick 12: teambinary leads 7S, rootbotz plays KH -> teambinary wins
  Hand: teambinary +40 / rootbotz +6 (tricks 11-1)
  Match total: teambinary 56 - 39 rootbotz
Players: teambinary vs rootbotz
Dealer: rootbotz  |  Elder: teambinary
Match scores: 56 - 39
Talon (8): 9C 7D 10D QD QH KH 7S JS
teambinary hand: 8C KC AC 9D KD 7H 8H 9H 10H AH 9S KS
rootbotz hand: 7C 10C JC QC 8D JD AD JH 8S 10S QS AS
  Exchange teambinary: discard 8C 9D 9S -> draw 9C QH 7S (talon 5 left)
  Exchange rootbotz: discard 7C 8D 8S QS -> draw 10D QD KH JS (talon 1 left)

--- Phase: declare ---
  Declare point: teambinary wins 6 pts (('point', 6, 'H'))
  Declare sequence: teambinary wins 4 pts (('sequence', 4, 10, 'H'))
  Declare set: teambinary wins 3 pts (('set', 3, 13))

--- Phase: tricks ---
  Trick  1: teambinary leads AC, rootbotz plays 10C -> teambinary wins
  Trick  2: teambinary leads AH, rootbotz plays JH -> teambinary wins
  Trick  3: teambinary leads QH, rootbotz plays KH -> rootbotz wins
  Trick  4: rootbotz leads AS, teambinary plays 7S -> rootbotz wins
  Trick  5: rootbotz leads AD, teambinary plays KD -> rootbotz wins
  Trick  6: rootbotz leads 10S, teambinary plays KS -> teambinary wins
  Trick  7: teambinary leads 10H, rootbotz plays 10D -> teambinary wins
  Trick  8: teambinary leads 9H, rootbotz plays JS -> teambinary wins
  Trick  9: teambinary leads KC, rootbotz plays JC -> teambinary wins
  Trick 10: teambinary leads 8H, rootbotz plays JD -> teambinary wins
  Trick 11: teambinary leads 7H, rootbotz plays QC -> teambinary wins
  Trick 12: teambinary leads 9C, rootbotz plays QD -> teambinary wins
  Hand: teambinary +33 / rootbotz +3 (tricks 9-3)
  Match total: teambinary 89 - 42 rootbotz
Players: teambinary vs rootbotz
Dealer: teambinary  |  Elder: rootbotz
Match scores: 89 - 42
Talon (8): 9C 10C QC 9D 10D 9H 10H AH
teambinary hand: 7C 8C JD QD KD 8H QH KH 7S 8S 9S AS
rootbotz hand: JC KC AC 7D 8D AD 7H JH 10S JS QS KS
  Exchange rootbotz: discard KC AC 7D 8D 7H -> draw 10C QC 9D 10D 10H (talon 3 left)
  Exchange teambinary: discard 7C 8C 8H -> draw 9C 9H AH (talon 0 left)

--- Phase: declare ---
  Declare sequence: rootbotz wins 4 pts (('sequence', 4, 13, 'S'))
  Declare set: rootbotz wins 3 pts (('set', 3, 11))

--- Phase: tricks ---
  Trick  1: rootbotz leads AD, teambinary plays JD -> rootbotz wins
  Trick  2: rootbotz leads 10C, teambinary plays 9C -> rootbotz wins
  Trick  3: rootbotz leads JC, teambinary plays 7S -> rootbotz wins
  Trick  4: rootbotz leads QC, teambinary plays 8S -> rootbotz wins
  Trick  5: rootbotz leads 10S, teambinary plays AS -> teambinary wins
  Trick  6: teambinary leads AH, rootbotz plays 10H -> teambinary wins
  Trick  7: teambinary leads KH, rootbotz plays JH -> teambinary wins
  Trick  8: teambinary leads QH, rootbotz plays 9D -> teambinary wins
  Trick  9: teambinary leads KD, rootbotz plays 10D -> teambinary wins
  Trick 10: teambinary leads 9S, rootbotz plays JS -> rootbotz wins
  Trick 11: rootbotz leads QS, teambinary plays 9H -> rootbotz wins
  Trick 12: rootbotz leads KS, teambinary plays QD -> rootbotz wins
  Hand: teambinary +5 / rootbotz +25 (tricks 5-7)
  Match total: teambinary 94 - 67 rootbotz
Players: teambinary vs rootbotz
Dealer: rootbotz  |  Elder: teambinary
Match scores: 94 - 67
Talon (8): 7D QD AD KH AH 7S 9S JS
teambinary hand: QC KC AC 8D 9D 7H 8H 8S 10S QS KS AS
rootbotz hand: 7C 8C 9C 10C JC 10D JD KD 9H 10H JH QH
  Exchange teambinary: discard 8D 9D 7H 8H 8S -> draw AD KH AH 7S 9S (talon 3 left)
  Exchange rootbotz: discard 10D KD 9H -> draw 7D QD JS (talon 0 left)

--- Phase: declare ---
  Declare point: teambinary wins 6 pts (('point', 6, 'S'))
  Declare sequence: rootbotz wins 10 pts (('sequence', 5, 11, 'C'))
  Declare set: teambinary wins 14 pts (('set', 4, 14))

--- Phase: tricks ---
  Trick  1: teambinary leads AS, rootbotz plays JS -> teambinary wins
  Trick  2: teambinary leads AC, rootbotz plays 7C -> teambinary wins
  Trick  3: teambinary leads AD, rootbotz plays 7D -> teambinary wins
  Trick  4: teambinary leads AH, rootbotz plays 10H -> teambinary wins
  Trick  5: teambinary leads KS, rootbotz plays 8C -> teambinary wins
  Trick  6: teambinary leads QS, rootbotz plays 9C -> teambinary wins
  Trick  7: teambinary leads 10S, rootbotz plays 10C -> teambinary wins
  Trick  8: teambinary leads KC, rootbotz plays JC -> teambinary wins
  Trick  9: teambinary leads 9S, rootbotz plays JH -> teambinary wins
  Trick 10: teambinary leads QC, rootbotz plays JD -> teambinary wins
  Trick 11: teambinary leads 7S, rootbotz plays QH -> teambinary wins
  Trick 12: teambinary leads KH, rootbotz plays QD -> teambinary wins
  Hand: teambinary +103 / rootbotz +10 (tricks 12-0)
  Match total: teambinary 197 - 77 rootbotz
  Final: teambinary 197 - 77 rootbotz
  Winner: teambinary

============================================================
Game 43
============================================================
Players: rootbotz vs teambinary
Dealer: rootbotz  |  Elder: teambinary
Match scores: 0 - 0
Talon (8): 10C KC 9D AD 9H 10H 8S QS
rootbotz hand: 7C 9C QC AC 8D 10D QD KD 7S 9S 10S KS
teambinary hand: 8C JC 7D JD 7H 8H JH QH KH AH JS AS
  Exchange teambinary: discard 8C 7D 7H 8H -> draw 10C KC 9H QS (talon 4 left)
  Exchange rootbotz: discard 10D 7S 9S 10S -> draw 9D AD 10H 8S (talon 0 left)

--- Phase: declare ---
  Declare point: teambinary wins 5 pts (('point', 5, 'H'))
  Declare sequence: teambinary wins 4 pts (('sequence', 4, 14, 'H'))
  Declare set: teambinary wins 14 pts (('set', 4, 11))

--- Phase: tricks ---
  Trick  1: teambinary leads AS, rootbotz plays 8S -> teambinary wins
  Trick  2: teambinary leads AH, rootbotz plays 10H -> teambinary wins
  Trick  3: teambinary leads KH, rootbotz plays 7C -> teambinary wins
  Trick  4: teambinary leads KC, rootbotz plays AC -> rootbotz wins
  Trick  5: rootbotz leads AD, teambinary plays JD -> rootbotz wins
  Trick  6: rootbotz leads QD, teambinary plays 9H -> rootbotz wins
  Trick  7: rootbotz leads QC, teambinary plays 10C -> rootbotz wins
  Trick  8: rootbotz leads KS, teambinary plays JS -> rootbotz wins
  Trick  9: rootbotz leads KD, teambinary plays JC -> rootbotz wins
  Trick 10: rootbotz leads 8D, teambinary plays JH -> rootbotz wins
  Trick 11: rootbotz leads 9D, teambinary plays QH -> rootbotz wins
  Trick 12: rootbotz leads 9C, teambinary plays QS -> rootbotz wins
  Hand: rootbotz +20 / teambinary +26 (tricks 9-3)
  Match total: rootbotz 20 - 26 teambinary
Players: rootbotz vs teambinary
Dealer: teambinary  |  Elder: rootbotz
Match scores: 20 - 26
Talon (8): 9D JH QH KH 7S 9S QS KS
rootbotz hand: 8C 10C QC KC AC 10D KD 8H 9H 10H AH AS
teambinary hand: 7C 9C JC 7D 8D JD QD AD 7H 8S 10S JS
  Exchange rootbotz: discard 10D KD 8H 9H 10H -> draw 9D JH QH KH KS (talon 3 left)
  Exchange teambinary: discard 7C 7H 8S -> draw 7S 9S QS (talon 0 left)

--- Phase: declare ---
  Declare point: rootbotz wins 5 pts (('point', 5, 'C'))
  Declare sequence: rootbotz wins 4 pts (('sequence', 4, 14, 'H'))
  Declare set: rootbotz wins 3 pts (('set', 3, 14))

--- Phase: tricks ---
  Trick  1: rootbotz leads AS, teambinary plays 7S -> rootbotz wins
  Trick  2: rootbotz leads AH, teambinary plays 7D -> rootbotz wins
  Trick  3: rootbotz leads AC, teambinary plays 9C -> rootbotz wins
  Trick  4: rootbotz leads JH, teambinary plays 8D -> rootbotz wins
  Trick  5: rootbotz leads QH, teambinary plays 9S -> rootbotz wins
  Trick  6: rootbotz leads QC, teambinary plays JC -> rootbotz wins
  Trick  7: rootbotz leads KS, teambinary plays 10S -> rootbotz wins
  Trick  8: rootbotz leads KH, teambinary plays JD -> rootbotz wins
  Trick  9: rootbotz leads KC, teambinary plays JS -> rootbotz wins
  Trick 10: rootbotz leads 10C, teambinary plays QD -> rootbotz wins
  Trick 11: rootbotz leads 8C, teambinary plays QS -> rootbotz wins
  Trick 12: rootbotz leads 9D, teambinary plays AD -> teambinary wins
  Hand: rootbotz +33 / teambinary +2 (tricks 11-1)
  Match total: rootbotz 53 - 28 teambinary
Players: rootbotz vs teambinary
Dealer: rootbotz  |  Elder: teambinary
Match scores: 53 - 28
Talon (8): JC 9D AD 7H 8H 7S 9S AS
rootbotz hand: 7C 8C 9C 8D JD QD JH 8S 10S JS QS KS
teambinary hand: 10C QC KC AC 7D 10D KD 9H 10H QH KH AH
  Exchange teambinary: discard 7D 9H -> draw JC 8H (talon 6 left)
  Exchange rootbotz: discard 7C 8C 9C 8D QD 8S -> draw 9D AD 7H 7S 9S AS (talon 0 left)

--- Phase: declare ---
  Declare point: rootbotz wins 7 pts (('point', 7, 'S'))
  Declare sequence: rootbotz wins 11 pts (('sequence', 6, 14, 'S'))
  Declare set: teambinary wins 3 pts (('set', 3, 13))

--- Phase: tricks ---
  Trick  1: teambinary leads AC, rootbotz plays 7H -> teambinary wins
  Trick  2: teambinary leads AH, rootbotz plays JH -> teambinary wins
  Trick  3: teambinary leads KC, rootbotz plays 7S -> teambinary wins
  Trick  4: teambinary leads KH, rootbotz plays 9D -> teambinary wins
  Trick  5: teambinary leads QH, rootbotz plays 9S -> teambinary wins
  Trick  6: teambinary leads QC, rootbotz plays 10S -> teambinary wins
  Trick  7: teambinary leads KD, rootbotz plays AD -> rootbotz wins
  Trick  8: rootbotz leads AS, teambinary plays 8H -> rootbotz wins
  Trick  9: rootbotz leads JS, teambinary plays 10C -> rootbotz wins
  Trick 10: rootbotz leads QS, teambinary plays 10D -> rootbotz wins
  Trick 11: rootbotz leads KS, teambinary plays 10H -> rootbotz wins
  Trick 12: rootbotz leads JD, teambinary plays JC -> rootbotz wins
  Hand: rootbotz +25 / teambinary +9 (tricks 6-6)
  Match total: rootbotz 78 - 37 teambinary
Players: rootbotz vs teambinary
Dealer: teambinary  |  Elder: rootbotz
Match scores: 78 - 37
Talon (8): 8C JC AC 9D 8H 10H KH JS
rootbotz hand: KC 10D QD KD AD 9H JH AH 10S QS KS AS
teambinary hand: 7C 9C 10C QC 7D 8D JD 7H QH 7S 8S 9S
  Exchange rootbotz: discard KC 9H JH -> draw 9D 10H JS (talon 5 left)
  Exchange teambinary: discard 7C 9C 7D 8D 7H -> draw 8C JC AC 8H KH (talon 0 left)

--- Phase: declare ---
  Declare point: rootbotz wins 5 pts (('point', 5, 'S'))
  Declare sequence: rootbotz wins 10 pts (('sequence', 5, 14, 'S'))
  Declare set: rootbotz wins 3 pts (('set', 3, 14))

--- Phase: tricks ---
  Trick  1: rootbotz leads AS, teambinary plays 7S -> rootbotz wins
  Trick  2: rootbotz leads AH, teambinary plays 8H -> rootbotz wins
  Trick  3: rootbotz leads AD, teambinary plays JD -> rootbotz wins
  Trick  4: rootbotz leads 10S, teambinary plays 8S -> rootbotz wins
  Trick  5: rootbotz leads JS, teambinary plays 9S -> rootbotz wins
  Trick  6: rootbotz leads QS, teambinary plays 8C -> rootbotz wins
  Trick  7: rootbotz leads QD, teambinary plays 10C -> rootbotz wins
  Trick  8: rootbotz leads KS, teambinary plays JC -> rootbotz wins
  Trick  9: rootbotz leads KD, teambinary plays QC -> rootbotz wins
  Trick 10: rootbotz leads 9D, teambinary plays QH -> rootbotz wins
  Trick 11: rootbotz leads 10D, teambinary plays KH -> rootbotz wins
  Trick 12: rootbotz leads 10H, teambinary plays AC -> rootbotz wins
  Hand: rootbotz +101 / teambinary +0 (tricks 12-0)
  Match total: rootbotz 179 - 37 teambinary
  Final: rootbotz 179 - 37 teambinary
  Winner: rootbotz

============================================================
Game 44
============================================================
Players: teambinary vs rootbotz
Dealer: teambinary  |  Elder: rootbotz
Match scores: 0 - 0
Talon (8): 9C JC QC 7D QD 8H AH KS
teambinary hand: 8C AC 8D 9D 10H JH KH 8S 9S 10S QS AS
rootbotz hand: 7C 10C KC 10D JD KD AD 7H 9H QH 7S JS
  Exchange rootbotz: discard 7C 7H 9H QH 7S -> draw 9C JC QC 8H KS (talon 3 left)
  Exchange teambinary: discard 8C 8D 9D -> draw 7D QD AH (talon 0 left)

--- Phase: declare ---
  Declare point: rootbotz wins 5 pts (('point', 5, 'C'))
  Declare sequence: rootbotz wins 10 pts (('sequence', 5, 13, 'C'))
  Declare set: teambinary wins 3 pts (('set', 3, 14))

--- Phase: tricks ---
  Trick  1: rootbotz leads AD, teambinary plays 7D -> rootbotz wins
  Trick  2: rootbotz leads KD, teambinary plays QD -> rootbotz wins
  Trick  3: rootbotz leads 10D, teambinary plays 8S -> rootbotz wins
  Trick  4: rootbotz leads JD, teambinary plays 9S -> rootbotz wins
  Trick  5: rootbotz leads 9C, teambinary plays AC -> teambinary wins
  Trick  6: teambinary leads AS, rootbotz plays JS -> teambinary wins
  Trick  7: teambinary leads AH, rootbotz plays 8H -> teambinary wins
  Trick  8: teambinary leads KH, rootbotz plays 10C -> teambinary wins
  Trick  9: teambinary leads JH, rootbotz plays JC -> teambinary wins
  Trick 10: teambinary leads QS, rootbotz plays KS -> rootbotz wins
  Trick 11: rootbotz leads QC, teambinary plays 10H -> rootbotz wins
  Trick 12: rootbotz leads KC, teambinary plays 10S -> rootbotz wins
  Hand: teambinary +8 / rootbotz +33 (tricks 5-7)
  Match total: teambinary 8 - 33 rootbotz
Players: teambinary vs rootbotz
Dealer: rootbotz  |  Elder: teambinary
Match scores: 8 - 33
Talon (8): 7C JC 8D 9D QD AD 9H 10H
teambinary hand: 9C QC KC 7D 10D JH KH AH 7S 8S KS AS
rootbotz hand: 8C 10C AC JD KD 7H 8H QH 9S 10S JS QS
  Exchange teambinary: discard 9C 7D 7S 8S -> draw 8D 9D AD 10H (talon 4 left)
  Exchange rootbotz: discard 8C 10C 7H 8H -> draw 7C JC QD 9H (talon 0 left)

--- Phase: declare ---
  Declare point: teambinary wins 4 pts (('point', 4, 'H'))
  Declare sequence: rootbotz wins 4 pts (('sequence', 4, 12, 'S'))
  Declare set: teambinary wins 3 pts (('set', 3, 14))

--- Phase: tricks ---
  Trick  1: teambinary leads AS, rootbotz plays 9S -> teambinary wins
  Trick  2: teambinary leads AH, rootbotz plays 9H -> teambinary wins
  Trick  3: teambinary leads AD, rootbotz plays JD -> teambinary wins
  Trick  4: teambinary leads KH, rootbotz plays QH -> teambinary wins
  Trick  5: teambinary leads 10D, rootbotz plays QD -> rootbotz wins
  Trick  6: rootbotz leads AC, teambinary plays QC -> rootbotz wins
  Trick  7: rootbotz leads JC, teambinary plays KC -> teambinary wins
  Trick  8: teambinary leads JH, rootbotz plays 7C -> teambinary wins
  Trick  9: teambinary leads 9D, rootbotz plays KD -> rootbotz wins
  Trick 10: rootbotz leads 10S, teambinary plays KS -> teambinary wins
  Trick 11: teambinary leads 10H, rootbotz plays JS -> teambinary wins
  Trick 12: teambinary leads 8D, rootbotz plays QS -> teambinary wins
  Hand: teambinary +27 / rootbotz +7 (tricks 9-3)
  Match total: teambinary 35 - 40 rootbotz
Players: teambinary vs rootbotz
Dealer: teambinary  |  Elder: rootbotz
Match scores: 35 - 40
Talon (8): AC 7D 8D 10D QD 9H JH KH
teambinary hand: 7C 9C JC QC KC KD AD 8H QH AH 7S 9S
rootbotz hand: 8C 10C 9D JD 7H 10H 8S 10S JS QS KS AS
  Exchange rootbotz: discard 8C 9D JD 7H -> draw 10D QD 9H JH (talon 4 left)
  Exchange teambinary: discard 7C 8H 7S 9S -> draw AC 7D 8D KH (talon 0 left)

--- Phase: declare ---
  Declare point: rootbotz wins 6 pts (('point', 6, 'S'))
  Declare sequence: rootbotz wins 10 pts (('sequence', 5, 14, 'S'))
  Declare set: teambinary wins 3 pts (('set', 3, 14))

--- Phase: tricks ---
  Trick  1: rootbotz leads AS, teambinary plays 7D -> rootbotz wins
  Trick  2: rootbotz leads 10S, teambinary plays 8D -> rootbotz wins
  Trick  3: rootbotz leads JS, teambinary plays 9C -> rootbotz wins
  Trick  4: rootbotz leads QS, teambinary plays JC -> rootbotz wins
  Trick  5: rootbotz leads KS, teambinary plays QC -> rootbotz wins
  Trick  6: rootbotz leads 8S, teambinary plays QH -> rootbotz wins
  Trick  7: rootbotz leads 10D, teambinary plays KD -> teambinary wins
  Trick  8: teambinary leads AH, rootbotz plays 9H -> teambinary wins
  Trick  9: teambinary leads AD, rootbotz plays QD -> teambinary wins
  Trick 10: teambinary leads AC, rootbotz plays 10C -> teambinary wins
  Trick 11: teambinary leads KC, rootbotz plays 10H -> teambinary wins
  Trick 12: teambinary leads KH, rootbotz plays JH -> teambinary wins
  Hand: teambinary +10 / rootbotz +22 (tricks 6-6)
  Match total: teambinary 45 - 62 rootbotz
Players: teambinary vs rootbotz
Dealer: rootbotz  |  Elder: teambinary
Match scores: 45 - 62
Talon (8): 8C JC QC 7D KD AD 9H AH
teambinary hand: 7C 10C KC AC 8D 10D 8H JH 9S 10S QS KS
rootbotz hand: 9C 9D JD QD 7H 10H QH KH 7S 8S JS AS
  Exchange teambinary: discard 7C 8D 8H 9S -> draw 8C JC KD 9H (talon 4 left)
  Exchange rootbotz: discard 9C 9D 7S 8S -> draw QC 7D AD AH (talon 0 left)

--- Phase: declare ---
  Declare point: teambinary wins 5 pts (('point', 5, 'C'))
  Declare sequence: rootbotz wins 3 pts (('sequence', 3, 14, 'H'))
  Declare set: rootbotz wins 3 pts (('set', 3, 14))

--- Phase: tricks ---
  Trick  1: teambinary leads AC, rootbotz plays QC -> teambinary wins
  Trick  2: teambinary leads KC, rootbotz plays 7D -> teambinary wins
  Trick  3: teambinary leads KS, rootbotz plays AS -> rootbotz wins
  Trick  4: rootbotz leads AH, teambinary plays 9H -> rootbotz wins
  Trick  5: rootbotz leads AD, teambinary plays 10D -> rootbotz wins
  Trick  6: rootbotz leads QH, teambinary plays JH -> rootbotz wins
  Trick  7: rootbotz leads KH, teambinary plays 8C -> rootbotz wins
  Trick  8: rootbotz leads 10H, teambinary plays 10C -> rootbotz wins
  Trick  9: rootbotz leads JS, teambinary plays QS -> teambinary wins
  Trick 10: teambinary leads 10S, rootbotz plays 7H -> teambinary wins
  Trick 11: teambinary leads JC, rootbotz plays JD -> teambinary wins
  Trick 12: teambinary leads KD, rootbotz plays QD -> teambinary wins
  Hand: teambinary +12 / rootbotz +12 (tricks 6-6)
  Match total: teambinary 57 - 74 rootbotz
Players: teambinary vs rootbotz
Dealer: teambinary  |  Elder: rootbotz
Match scores: 57 - 74
Talon (8): KC 10D JD KD 8H JH 7S 8S
teambinary hand: 7C 9C 10C QC AD 9H 10H QH KH 10S KS AS
rootbotz hand: 8C JC AC 7D 8D 9D QD 7H AH 9S JS QS
  Exchange rootbotz: discard 8C JC 7H 9S JS -> draw KC JD KD 7S 8S (talon 3 left)
  Exchange teambinary: discard 7C 9C 9H -> draw 10D 8H JH (talon 0 left)

--- Phase: declare ---
  Declare point: rootbotz wins 6 pts (('point', 6, 'D'))
  Declare sequence: teambinary wins 4 pts (('sequence', 4, 13, 'H'))
  Declare set: teambinary wins 14 pts (('set', 4, 10))

--- Phase: tricks ---
  Trick  1: rootbotz leads AH, teambinary plays 8H -> rootbotz wins
  Trick  2: rootbotz leads AC, teambinary plays 10C -> rootbotz wins
  Trick  3: rootbotz leads KC, teambinary plays QC -> rootbotz wins
  Trick  4: rootbotz leads JD, teambinary plays AD -> teambinary wins
  Trick  5: teambinary leads AS, rootbotz plays 7S -> teambinary wins
  Trick  6: teambinary leads KH, rootbotz plays 7D -> teambinary wins
  Trick  7: teambinary leads QH, rootbotz plays 8S -> teambinary wins
  Trick  8: teambinary leads JH, rootbotz plays 8D -> teambinary wins
  Trick  9: teambinary leads KS, rootbotz plays QS -> teambinary wins
  Trick 10: teambinary leads 10H, rootbotz plays 9D -> teambinary wins
  Trick 11: teambinary leads 10S, rootbotz plays QD -> teambinary wins
  Trick 12: teambinary leads 10D, rootbotz plays KD -> rootbotz wins
  Hand: teambinary +36 / rootbotz +11 (tricks 8-4)
  Match total: teambinary 93 - 85 rootbotz
Players: teambinary vs rootbotz
Dealer: rootbotz  |  Elder: teambinary
Match scores: 93 - 85
Talon (8): 9C AC AD 8H KH AH 7S 8S
teambinary hand: 7C JC QC JD KD 7H 9H 10H JH 9S 10S JS
rootbotz hand: 8C 10C KC 7D 8D 9D 10D QD QH QS KS AS
  Exchange teambinary: discard 7C 7H -> draw 7S 8S (talon 6 left)
  Exchange rootbotz: discard 8C 10C 7D 8D 9D 10D -> draw 9C AC AD 8H KH AH (talon 0 left)

--- Phase: declare ---
  Declare point: teambinary wins 5 pts (('point', 5, 'S'))
  Declare sequence: teambinary wins 10 pts (('sequence', 5, 11, 'S'))
  Declare set: rootbotz wins 14 pts (('set', 4, 14))

--- Phase: tricks ---
  Trick  1: teambinary leads JS, rootbotz plays QS -> rootbotz wins
  Trick  2: rootbotz leads AH, teambinary plays 9H -> rootbotz wins
  Trick  3: rootbotz leads AD, teambinary plays JD -> rootbotz wins
  Trick  4: rootbotz leads AC, teambinary plays JC -> rootbotz wins
  Trick  5: rootbotz leads AS, teambinary plays 7S -> rootbotz wins
  Trick  6: rootbotz leads QH, teambinary plays 10H -> rootbotz wins
  Trick  7: rootbotz leads QD, teambinary plays KD -> teambinary wins
  Trick  8: teambinary leads 10S, rootbotz plays KS -> rootbotz wins
  Trick  9: rootbotz leads KH, teambinary plays JH -> rootbotz wins
  Trick 10: rootbotz leads KC, teambinary plays QC -> rootbotz wins
  Trick 11: rootbotz leads 8H, teambinary plays 8S -> rootbotz wins
  Trick 12: rootbotz leads 9C, teambinary plays 9S -> rootbotz wins
  Hand: teambinary +16 / rootbotz +36 (tricks 1-11)
  Match total: teambinary 109 - 121 rootbotz
  Final: teambinary 109 - 121 rootbotz
  Winner: rootbotz

============================================================
Game 45
============================================================
Players: rootbotz vs teambinary
Dealer: rootbotz  |  Elder: teambinary
Match scores: 0 - 0
Talon (8): JC AC KD 7H JH AH 7S 10S
rootbotz hand: 8C 9C KC 7D 8D 9D 10D 10H KH 9S QS KS
teambinary hand: 7C 10C QC JD QD AD 8H 9H QH 8S JS AS
  Exchange teambinary: discard 7C 8H 9H 8S -> draw AC JH AH 10S (talon 4 left)
  Exchange rootbotz: discard 8C 9C 9S QS -> draw JC KD 7H 7S (talon 0 left)

--- Phase: declare ---
  Declare point: rootbotz wins 5 pts (('point', 5, 'D'))
  Declare sequence: rootbotz wins 4 pts (('sequence', 4, 10, 'D'))
  Declare set: teambinary wins 14 pts (('set', 4, 14))

--- Phase: tricks ---
  Trick  1: teambinary leads AS, rootbotz plays 7S -> teambinary wins
  Trick  2: teambinary leads AD, rootbotz plays 7D -> teambinary wins
  Trick  3: teambinary leads AC, rootbotz plays JC -> teambinary wins
  Trick  4: teambinary leads AH, rootbotz plays 7H -> teambinary wins
  Trick  5: teambinary leads QC, rootbotz plays KC -> rootbotz wins
  Trick  6: rootbotz leads KS, teambinary plays 10S -> rootbotz wins
  Trick  7: rootbotz leads 8D, teambinary plays JD -> teambinary wins
  Trick  8: teambinary leads QH, rootbotz plays KH -> rootbotz wins
  Trick  9: rootbotz leads 9D, teambinary plays QD -> teambinary wins
  Trick 10: teambinary leads JS, rootbotz plays 10H -> teambinary wins
  Trick 11: teambinary leads 10C, rootbotz plays 10D -> teambinary wins
  Trick 12: teambinary leads JH, rootbotz plays KD -> teambinary wins
  Hand: rootbotz +12 / teambinary +34 (tricks 3-9)
  Match total: rootbotz 12 - 34 teambinary
Players: rootbotz vs teambinary
Dealer: teambinary  |  Elder: rootbotz
Match scores: 12 - 34
Talon (8): JC KC 7D 10D KH 8S 9S AS
rootbotz hand: 8C 10C QC 8D 9D KD AD 9H JH QH 7S KS
teambinary hand: 7C 9C AC JD QD 7H 8H 10H AH 10S JS QS
  Exchange rootbotz: discard 8C 10C QC 9H 7S -> draw JC 7D 10D 9S AS (talon 3 left)
  Exchange teambinary: discard 7C 7H 8H -> draw KC KH 8S (talon 0 left)

--- Phase: declare ---
  Declare point: rootbotz wins 6 pts (('point', 6, 'D'))
  Declare sequence: rootbotz wins 4 pts (('sequence', 4, 10, 'D'))

--- Phase: tricks ---
  Trick  1: rootbotz leads AS, teambinary plays 8S -> rootbotz wins
  Trick  2: rootbotz leads AD, teambinary plays JD -> rootbotz wins
  Trick  3: rootbotz leads KS, teambinary plays 10S -> rootbotz wins
  Trick  4: rootbotz leads KD, teambinary plays QD -> rootbotz wins
  Trick  5: rootbotz leads 7D, teambinary plays 9C -> rootbotz wins
  Trick  6: rootbotz leads 8D, teambinary plays 10H -> rootbotz wins
  Trick  7: rootbotz leads 9D, teambinary plays JS -> rootbotz wins
  Trick  8: rootbotz leads 10D, teambinary plays QS -> rootbotz wins
  Trick  9: rootbotz leads JH, teambinary plays KH -> teambinary wins
  Trick 10: teambinary leads AC, rootbotz plays JC -> teambinary wins
  Trick 11: teambinary leads AH, rootbotz plays QH -> teambinary wins
  Trick 12: teambinary leads KC, rootbotz plays 9S -> teambinary wins
  Hand: rootbotz +28 / teambinary +5 (tricks 8-4)
  Match total: rootbotz 40 - 39 teambinary
Players: rootbotz vs teambinary
Dealer: rootbotz  |  Elder: teambinary
Match scores: 40 - 39
Talon (8): 8C 9C 10C JC 9H 10H 7S QS
rootbotz hand: 7C 7D 8D 10D QD KD 8H JH QH KH 8S AS
teambinary hand: QC KC AC 9D JD AD 7H AH 9S 10S JS KS
  Exchange teambinary: discard 9D 7H -> draw 8C 10H (talon 6 left)
  Exchange rootbotz: discard 7C 7D 8D 8S -> draw 10C JC 9H 7S (talon 2 left)

--- Phase: declare ---
  Declare point: rootbotz wins 5 pts (('point', 5, 'H'))
  Declare sequence: teambinary wins 3 pts (('sequence', 3, 14, 'C'))
  Declare set: teambinary wins 3 pts (('set', 3, 14))

--- Phase: tricks ---
  Trick  1: teambinary leads AD, rootbotz plays 10D -> teambinary wins
  Trick  2: teambinary leads AC, rootbotz plays 10C -> teambinary wins
  Trick  3: teambinary leads AH, rootbotz plays 8H -> teambinary wins
  Trick  4: teambinary leads KS, rootbotz plays AS -> rootbotz wins
  Trick  5: rootbotz leads 7S, teambinary plays 9S -> teambinary wins
  Trick  6: teambinary leads KC, rootbotz plays JC -> teambinary wins
  Trick  7: teambinary leads JS, rootbotz plays 9H -> teambinary wins
  Trick  8: teambinary leads QC, rootbotz plays JH -> teambinary wins
  Trick  9: teambinary leads 10S, rootbotz plays QH -> teambinary wins
  Trick 10: teambinary leads JD, rootbotz plays QD -> rootbotz wins
  Trick 11: rootbotz leads KH, teambinary plays 10H -> rootbotz wins
  Trick 12: rootbotz leads KD, teambinary plays 8C -> rootbotz wins
  Hand: rootbotz +10 / teambinary +24 (tricks 4-8)
  Match total: rootbotz 50 - 63 teambinary
Players: rootbotz vs teambinary
Dealer: teambinary  |  Elder: rootbotz
Match scores: 50 - 63
Talon (8): KC 7D 10D 7H 8H KH 7S JS
rootbotz hand: 8C 9C 10C QC AC 9D JD QD KD 9H JH QS
teambinary hand: 7C JC 8D AD 10H QH AH 8S 9S 10S KS AS
  Exchange rootbotz: discard JD KD 9H JH -> draw 7H 8H KH JS (talon 4 left)
  Exchange teambinary: discard 7C 8D -> draw 10D 7S (talon 2 left)

--- Phase: declare ---
  Declare point: teambinary wins 6 pts (('point', 6, 'S'))
  Declare sequence: teambinary wins 4 pts (('sequence', 4, 10, 'S'))
  Declare set: teambinary wins 3 pts (('set', 3, 14))

--- Phase: tricks ---
  Trick  1: rootbotz leads AC, teambinary plays JC -> rootbotz wins
  Trick  2: rootbotz leads QC, teambinary plays 7S -> rootbotz wins
  Trick  3: rootbotz leads 8C, teambinary plays 8S -> rootbotz wins
  Trick  4: rootbotz leads 9C, teambinary plays 9S -> rootbotz wins
  Trick  5: rootbotz leads 10C, teambinary plays 10D -> rootbotz wins
  Trick  6: rootbotz leads 7H, teambinary plays 10H -> teambinary wins
  Trick  7: teambinary leads AD, rootbotz plays 9D -> teambinary wins
  Trick  8: teambinary leads AH, rootbotz plays 8H -> teambinary wins
  Trick  9: teambinary leads AS, rootbotz plays JS -> teambinary wins
  Trick 10: teambinary leads KS, rootbotz plays QS -> teambinary wins
  Trick 11: teambinary leads QH, rootbotz plays KH -> rootbotz wins
  Trick 12: rootbotz leads QD, teambinary plays 10S -> rootbotz wins
  Hand: rootbotz +18 / teambinary +18 (tricks 7-5)
  Match total: rootbotz 68 - 81 teambinary
Players: rootbotz vs teambinary
Dealer: rootbotz  |  Elder: teambinary
Match scores: 68 - 81
Talon (8): QC 9D KD AD AH 10S KS AS
rootbotz hand: 8C 9C 10C JC 7D 8D 9H JH QH KH 9S JS
teambinary hand: 7C KC AC 10D JD QD 7H 8H 10H 7S 8S QS
  Exchange teambinary: discard 7C 7H 8H 7S 8S -> draw 9D KD AD 10S KS (talon 3 left)
  Exchange rootbotz: discard 7D 8D QH -> draw QC AH AS (talon 0 left)

--- Phase: declare ---
  Declare point: teambinary wins 6 pts (('point', 6, 'D'))
  Declare sequence: teambinary wins 11 pts (('sequence', 6, 14, 'D'))
  Declare set: teambinary wins 3 pts (('set', 3, 13))

--- Phase: tricks ---
  Trick  1: teambinary leads AC, rootbotz plays 8C -> teambinary wins
  Trick  2: teambinary leads AD, rootbotz plays 9S -> teambinary wins
  Trick  3: teambinary leads KD, rootbotz plays 9H -> teambinary wins
  Trick  4: teambinary leads QD, rootbotz plays 9C -> teambinary wins
  Trick  5: teambinary leads JD, rootbotz plays 10C -> teambinary wins
  Trick  6: teambinary leads KS, rootbotz plays AS -> rootbotz wins
  Trick  7: rootbotz leads AH, teambinary plays 10H -> rootbotz wins
  Trick  8: rootbotz leads JH, teambinary plays 9D -> rootbotz wins
  Trick  9: rootbotz leads KH, teambinary plays 10D -> rootbotz wins
  Trick 10: rootbotz leads JS, teambinary plays QS -> teambinary wins
  Trick 11: teambinary leads KC, rootbotz plays JC -> teambinary wins
  Trick 12: teambinary leads 10S, rootbotz plays QC -> teambinary wins
  Hand: rootbotz +4 / teambinary +39 (tricks 4-8)
  Match total: rootbotz 72 - 120 teambinary
  Final: rootbotz 72 - 120 teambinary
  Winner: teambinary

============================================================
Game 46
============================================================
Players: teambinary vs rootbotz
Dealer: teambinary  |  Elder: rootbotz
Match scores: 0 - 0
Talon (8): JC QC 9D 7H QH 7S 9S JS
teambinary hand: 8C 10C KC 7D 10D JD QD JH KH AH 10S KS
rootbotz hand: 7C 9C AC 8D KD AD 8H 9H 10H 8S QS AS
  Exchange rootbotz: discard 7C 9C 8D 8S QS -> draw QC 7H QH 7S 9S (talon 3 left)
  Exchange teambinary: discard 8C 7D -> draw 9D JS (talon 1 left)

--- Phase: declare ---
  Declare point: rootbotz wins 5 pts (('point', 5, 'H'))
  Declare sequence: teambinary wins 4 pts (('sequence', 4, 12, 'D'))
  Declare set: rootbotz wins 3 pts (('set', 3, 14))

--- Phase: tricks ---
  Trick  1: rootbotz leads AS, teambinary plays 10S -> rootbotz wins
  Trick  2: rootbotz leads AD, teambinary plays 9D -> rootbotz wins
  Trick  3: rootbotz leads AC, teambinary plays 10C -> rootbotz wins
  Trick  4: rootbotz leads KD, teambinary plays 10D -> rootbotz wins
  Trick  5: rootbotz leads QC, teambinary plays KC -> teambinary wins
  Trick  6: teambinary leads AH, rootbotz plays 7H -> teambinary wins
  Trick  7: teambinary leads QD, rootbotz plays 7S -> teambinary wins
  Trick  8: teambinary leads KH, rootbotz plays 8H -> teambinary wins
  Trick  9: teambinary leads KS, rootbotz plays 9S -> teambinary wins
  Trick 10: teambinary leads JD, rootbotz plays 9H -> teambinary wins
  Trick 11: teambinary leads JH, rootbotz plays QH -> rootbotz wins
  Trick 12: rootbotz leads 10H, teambinary plays JS -> rootbotz wins
  Hand: teambinary +10 / rootbotz +15 (tricks 6-6)
  Match total: teambinary 10 - 15 rootbotz
Players: teambinary vs rootbotz
Dealer: rootbotz  |  Elder: teambinary
Match scores: 10 - 15
Talon (8): 7C 10C QC JD KD 7H 7S QS
teambinary hand: 8C 9C JC AC 9D 10D QD AD 9H 9S 10S KS
rootbotz hand: KC 7D 8D 8H 10H JH QH KH AH 8S JS AS
  Exchange teambinary: discard 8C 9C 9D 9H 9S -> draw QC JD 7H 7S QS (talon 3 left)
  Exchange rootbotz: discard 7D 8D 8S -> draw 7C 10C KD (talon 0 left)

--- Phase: declare ---
  Declare point: rootbotz wins 6 pts (('point', 6, 'H'))
  Declare sequence: rootbotz wins 10 pts (('sequence', 5, 14, 'H'))
  Declare set: rootbotz wins 3 pts (('set', 3, 13))

--- Phase: tricks ---
  Trick  1: teambinary leads AC, rootbotz plays 7C -> teambinary wins
  Trick  2: teambinary leads AD, rootbotz plays KD -> teambinary wins
  Trick  3: teambinary leads KS, rootbotz plays AS -> rootbotz wins
  Trick  4: rootbotz leads AH, teambinary plays 7H -> rootbotz wins
  Trick  5: rootbotz leads 10H, teambinary plays 7S -> rootbotz wins
  Trick  6: rootbotz leads JH, teambinary plays 10D -> rootbotz wins
  Trick  7: rootbotz leads QH, teambinary plays 10S -> rootbotz wins
  Trick  8: rootbotz leads 8H, teambinary plays JC -> rootbotz wins
  Trick  9: rootbotz leads KH, teambinary plays JD -> rootbotz wins
  Trick 10: rootbotz leads KC, teambinary plays QC -> rootbotz wins
  Trick 11: rootbotz leads 10C, teambinary plays QD -> rootbotz wins
  Trick 12: rootbotz leads JS, teambinary plays QS -> teambinary wins
  Hand: teambinary +4 / rootbotz +38 (tricks 3-9)
  Match total: teambinary 14 - 53 rootbotz
Players: teambinary vs rootbotz
Dealer: teambinary  |  Elder: rootbotz
Match scores: 14 - 53
Talon (8): 7D 9D JD 8H 9H KH JS KS
teambinary hand: 7C KC AC 8D 10D QD KD AD QH AH 8S AS
rootbotz hand: 8C 9C 10C JC QC 7H 10H JH 7S 9S 10S QS
  Exchange rootbotz: discard JH 7S 9S QS -> draw 9D 9H KH KS (talon 4 left)
  Exchange teambinary: discard 7C 8D 8S -> draw 7D JD 8H (talon 1 left)

--- Phase: declare ---
  Declare point: teambinary wins 6 pts (('point', 6, 'D'))
  Declare sequence: teambinary wins 10 pts (('sequence', 5, 14, 'D'))
  Declare set: teambinary wins 14 pts (('set', 4, 14))

--- Phase: tricks ---
  Trick  1: rootbotz leads 9D, teambinary plays 10D -> teambinary wins
  Trick  2: teambinary leads AS, rootbotz plays 10S -> teambinary wins
  Trick  3: teambinary leads AH, rootbotz plays 7H -> teambinary wins
  Trick  4: teambinary leads AC, rootbotz plays 8C -> teambinary wins
  Trick  5: teambinary leads AD, rootbotz plays 9H -> teambinary wins
  Trick  6: teambinary leads KD, rootbotz plays 9C -> teambinary wins
  Trick  7: teambinary leads QD, rootbotz plays 10H -> teambinary wins
  Trick  8: teambinary leads QH, rootbotz plays KH -> rootbotz wins
  Trick  9: rootbotz leads 10C, teambinary plays KC -> teambinary wins
  Trick 10: teambinary leads JD, rootbotz plays JC -> teambinary wins
  Trick 11: teambinary leads 7D, rootbotz plays QC -> teambinary wins
  Trick 12: teambinary leads 8H, rootbotz plays KS -> teambinary wins
  Hand: teambinary +112 / rootbotz +1 (tricks 11-1)
  Match total: teambinary 126 - 54 rootbotz
  Final: teambinary 126 - 54 rootbotz
  Winner: teambinary

============================================================
Game 47
============================================================
Players: rootbotz vs teambinary
Dealer: rootbotz  |  Elder: teambinary
Match scores: 0 - 0
Talon (8): 8C 10C JC 7D QD KD QH QS
rootbotz hand: 9C 8D 9D 10D JD 8H 9H KH 9S JS KS AS
teambinary hand: 7C QC KC AC AD 7H 10H JH AH 7S 8S 10S
  Exchange teambinary: discard 7C 7H 7S 8S -> draw 8C 10C 7D QD (talon 4 left)
  Exchange rootbotz: discard 9C 8H 9H 9S -> draw JC KD QH QS (talon 0 left)

--- Phase: declare ---
  Declare point: teambinary wins 5 pts (('point', 5, 'C'))
  Declare sequence: rootbotz wins 4 pts (('sequence', 4, 14, 'S'))
  Declare set: teambinary wins 3 pts (('set', 3, 14))

--- Phase: tricks ---
  Trick  1: teambinary leads AC, rootbotz plays JC -> teambinary wins
  Trick  2: teambinary leads AH, rootbotz plays QH -> teambinary wins
  Trick  3: teambinary leads AD, rootbotz plays 8D -> teambinary wins
  Trick  4: teambinary leads KC, rootbotz plays 9D -> teambinary wins
  Trick  5: teambinary leads QC, rootbotz plays 10D -> teambinary wins
  Trick  6: teambinary leads JH, rootbotz plays KH -> rootbotz wins
  Trick  7: rootbotz leads AS, teambinary plays 10S -> rootbotz wins
  Trick  8: rootbotz leads JS, teambinary plays 7D -> rootbotz wins
  Trick  9: rootbotz leads QS, teambinary plays 8C -> rootbotz wins
  Trick 10: rootbotz leads KS, teambinary plays 10C -> rootbotz wins
  Trick 11: rootbotz leads JD, teambinary plays QD -> teambinary wins
  Trick 12: teambinary leads 10H, rootbotz plays KD -> teambinary wins
  Hand: rootbotz +9 / teambinary +26 (tricks 5-7)
  Match total: rootbotz 9 - 26 teambinary
Players: rootbotz vs teambinary
Dealer: teambinary  |  Elder: rootbotz
Match scores: 9 - 26
Talon (8): 10D JD QD AD 7H KH 10S KS
rootbotz hand: 10C QC KC 7D 8H 9H QH 7S 9S JS QS AS
teambinary hand: 7C 8C 9C JC AC 8D 9D KD 10H JH AH 8S
  Exchange rootbotz: discard 10C 7D 8H 9H -> draw 10D QD 7H KH (talon 4 left)
  Exchange teambinary: discard 8D 9D 8S -> draw AD 10S KS (talon 1 left)

--- Phase: declare ---
  Declare point: rootbotz wins 5 pts (('point', 5, 'S'))
  Declare sequence: teambinary wins 3 pts (('sequence', 3, 9, 'C'))
  Declare set: teambinary wins 3 pts (('set', 3, 14))

--- Phase: tricks ---
  Trick  1: rootbotz leads AS, teambinary plays 10S -> rootbotz wins
  Trick  2: rootbotz leads JS, teambinary plays KS -> teambinary wins
  Trick  3: teambinary leads AC, rootbotz plays QC -> teambinary wins
  Trick  4: teambinary leads AH, rootbotz plays 7H -> teambinary wins
  Trick  5: teambinary leads AD, rootbotz plays 10D -> teambinary wins
  Trick  6: teambinary leads JC, rootbotz plays KC -> rootbotz wins
  Trick  7: rootbotz leads QH, teambinary plays 10H -> rootbotz wins
  Trick  8: rootbotz leads KH, teambinary plays JH -> rootbotz wins
  Trick  9: rootbotz leads QS, teambinary plays 7C -> rootbotz wins
  Trick 10: rootbotz leads 7S, teambinary plays 8C -> rootbotz wins
  Trick 11: rootbotz leads 9S, teambinary plays 9C -> rootbotz wins
  Trick 12: rootbotz leads QD, teambinary plays KD -> teambinary wins
  Hand: rootbotz +22 / teambinary +12 (tricks 7-5)
  Match total: rootbotz 31 - 38 teambinary
Players: rootbotz vs teambinary
Dealer: rootbotz  |  Elder: teambinary
Match scores: 31 - 38
Talon (8): 9C 8D 10D QD 10H QH AH AS
rootbotz hand: 7C KC AC 9D 7H 8H KH 7S 8S 9S JS QS
teambinary hand: 8C 10C JC QC 7D JD KD AD 9H JH 10S KS
  Exchange teambinary: discard 8C 7D 9H -> draw 10H QH AS (talon 5 left)
  Exchange rootbotz: discard 7C 9D 7H 8H -> draw 8D 10D QD AH (talon 1 left)

--- Phase: declare ---
  Declare point: rootbotz wins 5 pts (('point', 5, 'S'))
  Declare sequence: teambinary wins 3 pts (('sequence', 3, 12, 'H'))
  Declare set: teambinary wins 3 pts (('set', 3, 11))

--- Phase: tricks ---
  Trick  1: teambinary leads AD, rootbotz plays 8D -> teambinary wins
  Trick  2: teambinary leads AS, rootbotz plays 7S -> teambinary wins
  Trick  3: teambinary leads QC, rootbotz plays KC -> rootbotz wins
  Trick  4: rootbotz leads AH, teambinary plays 10H -> rootbotz wins
  Trick  5: rootbotz leads AC, teambinary plays 10C -> rootbotz wins
  Trick  6: rootbotz leads KH, teambinary plays JH -> rootbotz wins
  Trick  7: rootbotz leads JS, teambinary plays KS -> teambinary wins
  Trick  8: teambinary leads KD, rootbotz plays 10D -> teambinary wins
  Trick  9: teambinary leads JC, rootbotz plays 8S -> teambinary wins
  Trick 10: teambinary leads JD, rootbotz plays QD -> rootbotz wins
  Trick 11: rootbotz leads 9S, teambinary plays 10S -> teambinary wins
  Trick 12: teambinary leads QH, rootbotz plays QS -> teambinary wins
  Hand: rootbotz +10 / teambinary +24 (tricks 5-7)
  Match total: rootbotz 41 - 62 teambinary
Players: rootbotz vs teambinary
Dealer: teambinary  |  Elder: rootbotz
Match scores: 41 - 62
Talon (8): 9C QC AC KD 8H JH JS AS
rootbotz hand: 7C 8C JC KC 9D 10D JD 7H 10H AH 9S 10S
teambinary hand: 10C 7D 8D QD AD 9H QH KH 7S 8S QS KS
  Exchange rootbotz: discard 7C 8C JC 7H 9S -> draw 9C AC 8H JS AS (talon 3 left)
  Exchange teambinary: discard 7D 9H 7S -> draw QC KD JH (talon 0 left)

--- Phase: declare ---
  Declare point: teambinary wins 4 pts (('point', 4, 'D'))
  Declare sequence: teambinary wins 3 pts (('sequence', 3, 14, 'D'))
  Declare set: rootbotz wins 3 pts (('set', 3, 14))

--- Phase: tricks ---
  Trick  1: rootbotz leads AS, teambinary plays 8S -> rootbotz wins
  Trick  2: rootbotz leads AH, teambinary plays JH -> rootbotz wins
  Trick  3: rootbotz leads AC, teambinary plays 10C -> rootbotz wins
  Trick  4: rootbotz leads KC, teambinary plays QC -> rootbotz wins
  Trick  5: rootbotz leads 9C, teambinary plays 8D -> rootbotz wins
  Trick  6: rootbotz leads 10S, teambinary plays QS -> teambinary wins
  Trick  7: teambinary leads AD, rootbotz plays 9D -> teambinary wins
  Trick  8: teambinary leads KH, rootbotz plays 8H -> teambinary wins
  Trick  9: teambinary leads KD, rootbotz plays 10D -> teambinary wins
  Trick 10: teambinary leads QH, rootbotz plays 10H -> teambinary wins
  Trick 11: teambinary leads KS, rootbotz plays JS -> teambinary wins
  Trick 12: teambinary leads QD, rootbotz plays JD -> teambinary wins
  Hand: rootbotz +8 / teambinary +25 (tricks 5-7)
  Match total: rootbotz 49 - 87 teambinary
Players: rootbotz vs teambinary
Dealer: rootbotz  |  Elder: teambinary
Match scores: 49 - 87
Talon (8): 7D QD 7H JH AH 7S JS QS
rootbotz hand: 7C 8C 9C 10C KC 8D 9D JD 8H QH KS AS
teambinary hand: JC QC AC 10D KD AD 9H 10H KH 8S 9S 10S
  Exchange teambinary: discard 9H -> draw JH (talon 7 left)
  Exchange rootbotz: discard 8D 9D JD 8H QH -> draw 7D QD 7H 7S QS (talon 2 left)

--- Phase: declare ---
  Declare point: rootbotz wins 5 pts (('point', 5, 'C'))
  Declare sequence: rootbotz wins 4 pts (('sequence', 4, 10, 'C'))
  Declare set: teambinary wins 3 pts (('set', 3, 10))

--- Phase: tricks ---
  Trick  1: teambinary leads AC, rootbotz plays 7C -> teambinary wins
  Trick  2: teambinary leads AD, rootbotz plays 7D -> teambinary wins
  Trick  3: teambinary leads 10S, rootbotz plays QS -> rootbotz wins
  Trick  4: rootbotz leads AS, teambinary plays 8S -> rootbotz wins
  Trick  5: rootbotz leads KS, teambinary plays 9S -> rootbotz wins
  Trick  6: rootbotz leads KC, teambinary plays JC -> rootbotz wins
  Trick  7: rootbotz leads QD, teambinary plays KD -> teambinary wins
  Trick  8: teambinary leads KH, rootbotz plays 7H -> teambinary wins
  Trick  9: teambinary leads JH, rootbotz plays 7S -> teambinary wins
  Trick 10: teambinary leads QC, rootbotz plays 8C -> teambinary wins
  Trick 11: teambinary leads 10D, rootbotz plays 9C -> teambinary wins
  Trick 12: teambinary leads 10H, rootbotz plays 10C -> teambinary wins
  Hand: rootbotz +13 / teambinary +22 (tricks 4-8)
  Match total: rootbotz 62 - 109 teambinary
  Final: rootbotz 62 - 109 teambinary
  Winner: teambinary

============================================================
Game 48
============================================================
Players: teambinary vs rootbotz
Dealer: teambinary  |  Elder: rootbotz
Match scores: 0 - 0
Talon (8): 8D AD 8H 9H QH KH 10S KS
teambinary hand: 7C 9C 10C KC AC 7D 9D 10D QD 10H JH 7S
rootbotz hand: 8C JC QC JD KD 7H AH 8S 9S JS QS AS
  Exchange rootbotz: discard 8C QC 7H 8S 9S -> draw 8D AD QH KH KS (talon 3 left)
  Exchange teambinary: discard 7C 7D 7S -> draw 8H 9H 10S (talon 0 left)

--- Phase: declare ---
  Declare point: rootbotz wins 4 pts (('point', 4, 'S'))
  Declare sequence: rootbotz wins 4 pts (('sequence', 4, 14, 'S'))
  Declare set: rootbotz wins 3 pts (('set', 3, 14))

--- Phase: tricks ---
  Trick  1: rootbotz leads AS, teambinary plays 10S -> rootbotz wins
  Trick  2: rootbotz leads AH, teambinary plays 8H -> rootbotz wins
  Trick  3: rootbotz leads AD, teambinary plays 9D -> rootbotz wins
  Trick  4: rootbotz leads JS, teambinary plays 9C -> rootbotz wins
  Trick  5: rootbotz leads QS, teambinary plays 9H -> rootbotz wins
  Trick  6: rootbotz leads QH, teambinary plays 10H -> rootbotz wins
  Trick  7: rootbotz leads KS, teambinary plays 10C -> rootbotz wins
  Trick  8: rootbotz leads KH, teambinary plays JH -> rootbotz wins
  Trick  9: rootbotz leads KD, teambinary plays 10D -> rootbotz wins
  Trick 10: rootbotz leads JD, teambinary plays QD -> teambinary wins
  Trick 11: teambinary leads AC, rootbotz plays JC -> teambinary wins
  Trick 12: teambinary leads KC, rootbotz plays 8D -> teambinary wins
  Hand: teambinary +4 / rootbotz +30 (tricks 3-9)
  Match total: teambinary 4 - 30 rootbotz
Players: teambinary vs rootbotz
Dealer: rootbotz  |  Elder: teambinary
Match scores: 4 - 30
Talon (8): 9C JC 7D 8D KD AD AH 7S
teambinary hand: 10C QC AC QD 9H JH QH KH 8S 9S QS KS
rootbotz hand: 7C 8C KC 9D 10D JD 7H 8H 10H 10S JS AS
  Exchange teambinary: discard 9H 8S 9S -> draw 9C JC AD (talon 5 left)
  Exchange rootbotz: discard 7C 8C KC 8H JS -> draw 7D 8D KD AH 7S (talon 0 left)

--- Phase: declare ---
  Declare point: rootbotz wins 6 pts (('point', 6, 'D'))
  Declare sequence: rootbotz wins 10 pts (('sequence', 5, 11, 'D'))
  Declare set: teambinary wins 14 pts (('set', 4, 12))

--- Phase: tricks ---
  Trick  1: teambinary leads AC, rootbotz plays 7H -> teambinary wins
  Trick  2: teambinary leads AD, rootbotz plays 7D -> teambinary wins
  Trick  3: teambinary leads QC, rootbotz plays 7S -> teambinary wins
  Trick  4: teambinary leads JC, rootbotz plays 8D -> teambinary wins
  Trick  5: teambinary leads KH, rootbotz plays AH -> rootbotz wins
  Trick  6: rootbotz leads AS, teambinary plays QS -> rootbotz wins
  Trick  7: rootbotz leads KD, teambinary plays QD -> rootbotz wins
  Trick  8: rootbotz leads 9D, teambinary plays 9C -> rootbotz wins
  Trick  9: rootbotz leads 10S, teambinary plays KS -> teambinary wins
  Trick 10: teambinary leads QH, rootbotz plays 10H -> teambinary wins
  Trick 11: teambinary leads 10C, rootbotz plays 10D -> teambinary wins
  Trick 12: teambinary leads JH, rootbotz plays JD -> teambinary wins
  Hand: teambinary +33 / rootbotz +20 (tricks 8-4)
  Match total: teambinary 37 - 50 rootbotz
Players: teambinary vs rootbotz
Dealer: teambinary  |  Elder: rootbotz
Match scores: 37 - 50
Talon (8): 8C 9C 10C QD JH QH 8S KS
teambinary hand: 7C QC AC 7D 9D 8H 9H KH 7S 10S JS AS
rootbotz hand: JC KC 8D 10D JD KD AD 7H 10H AH 9S QS
  Exchange rootbotz: discard 7H 10H 9S QS -> draw 8C 10C 8S KS (talon 4 left)
  Exchange teambinary: discard 7C 7D 8H 7S -> draw 9C QD JH QH (talon 0 left)

--- Phase: declare ---
  Declare point: rootbotz wins 5 pts (('point', 5, 'D'))
  Declare sequence: teambinary wins 3 pts (('sequence', 3, 13, 'H'))
  Declare set: rootbotz wins 3 pts (('set', 3, 13))

--- Phase: tricks ---
  Trick  1: rootbotz leads AH, teambinary plays 9H -> rootbotz wins
  Trick  2: rootbotz leads AD, teambinary plays 9D -> rootbotz wins
  Trick  3: rootbotz leads KD, teambinary plays QD -> rootbotz wins
  Trick  4: rootbotz leads 10D, teambinary plays 9C -> rootbotz wins
  Trick  5: rootbotz leads JD, teambinary plays 10S -> rootbotz wins
  Trick  6: rootbotz leads KS, teambinary plays AS -> teambinary wins
  Trick  7: teambinary leads AC, rootbotz plays 8C -> teambinary wins
  Trick  8: teambinary leads KH, rootbotz plays 8D -> teambinary wins
  Trick  9: teambinary leads QH, rootbotz plays 8S -> teambinary wins
  Trick 10: teambinary leads JS, rootbotz plays 10C -> teambinary wins
  Trick 11: teambinary leads QC, rootbotz plays KC -> rootbotz wins
  Trick 12: rootbotz leads JC, teambinary plays JH -> rootbotz wins
  Hand: teambinary +8 / rootbotz +26 (tricks 5-7)
  Match total: teambinary 45 - 76 rootbotz
Players: teambinary vs rootbotz
Dealer: rootbotz  |  Elder: teambinary
Match scores: 45 - 76
Talon (8): 9C JC JH QH AH 7S 10S KS
teambinary hand: 7C 10C QC KC AC 7D 9D 10D KD AD 8S 9S
rootbotz hand: 8C 8D JD QD 7H 8H 9H 10H KH JS QS AS
  Exchange teambinary: discard 7C 7D 9D 8S 9S -> draw 9C AH 7S 10S KS (talon 3 left)
  Exchange rootbotz: discard 8D JD JS -> draw JC JH QH (talon 0 left)

--- Phase: declare ---
  Declare point: rootbotz wins 7 pts (('point', 7, 'H'))
  Declare sequence: rootbotz wins 12 pts (('sequence', 7, 13, 'H'))
  Declare set: teambinary wins 3 pts (('set', 3, 14))

--- Phase: tricks ---
  Trick  1: teambinary leads AD, rootbotz plays QD -> teambinary wins
  Trick  2: teambinary leads AC, rootbotz plays 8C -> teambinary wins
  Trick  3: teambinary leads AH, rootbotz plays 7H -> teambinary wins
  Trick  4: teambinary leads KC, rootbotz plays JC -> teambinary wins
  Trick  5: teambinary leads QC, rootbotz plays 8H -> teambinary wins
  Trick  6: teambinary leads KS, rootbotz plays AS -> rootbotz wins
  Trick  7: rootbotz leads QS, teambinary plays 7S -> rootbotz wins
  Trick  8: rootbotz leads 9H, teambinary plays 9C -> rootbotz wins
  Trick  9: rootbotz leads 10H, teambinary plays 10C -> rootbotz wins
  Trick 10: rootbotz leads JH, teambinary plays 10D -> rootbotz wins
  Trick 11: rootbotz leads QH, teambinary plays 10S -> rootbotz wins
  Trick 12: rootbotz leads KH, teambinary plays KD -> rootbotz wins
  Hand: teambinary +8 / rootbotz +37 (tricks 5-7)
  Match total: teambinary 53 - 113 rootbotz
  Final: teambinary 53 - 113 rootbotz
  Winner: rootbotz

============================================================
Game 49
============================================================
Players: rootbotz vs teambinary
Dealer: rootbotz  |  Elder: teambinary
Match scores: 0 - 0
Talon (8): 10C 10D AD 7H KH 10S KS AS
rootbotz hand: 9C JC KC AC 7D 8D 9D QD 8H 9H QH QS
teambinary hand: 7C 8C QC JD KD 10H JH AH 7S 8S 9S JS
  Exchange teambinary: discard 7C 8C -> draw 10D KS (talon 6 left)
  Exchange rootbotz: discard 9C JC KC AC 8H 9H -> draw 10C AD 7H KH 10S AS (talon 0 left)

--- Phase: declare ---
  Declare point: rootbotz wins 5 pts (('point', 5, 'D'))
  Declare set: rootbotz wins 3 pts (('set', 3, 12))

--- Phase: tricks ---
  Trick  1: teambinary leads AH, rootbotz plays 7H -> teambinary wins
  Trick  2: teambinary leads KS, rootbotz plays AS -> rootbotz wins
  Trick  3: rootbotz leads AD, teambinary plays 10D -> rootbotz wins
  Trick  4: rootbotz leads QH, teambinary plays 10H -> rootbotz wins
  Trick  5: rootbotz leads KH, teambinary plays JH -> rootbotz wins
  Trick  6: rootbotz leads QS, teambinary plays 7S -> rootbotz wins
  Trick  7: rootbotz leads 10C, teambinary plays QC -> teambinary wins
  Trick  8: teambinary leads JS, rootbotz plays 10S -> teambinary wins
  Trick  9: teambinary leads 9S, rootbotz plays 7D -> teambinary wins
  Trick 10: teambinary leads KD, rootbotz plays 8D -> teambinary wins
  Trick 11: teambinary leads JD, rootbotz plays QD -> rootbotz wins
  Trick 12: rootbotz leads 9D, teambinary plays 8S -> rootbotz wins
  Hand: rootbotz +26 / teambinary +5 (tricks 7-5)
  Match total: rootbotz 26 - 5 teambinary
Players: rootbotz vs teambinary
Dealer: teambinary  |  Elder: rootbotz
Match scores: 26 - 5
Talon (8): 8C JC 7D 8D AD QH 8S KS
rootbotz hand: 10C QC AC 10D QD KD 7H 8H 10H AH 7S 9S
teambinary hand: 7C 9C KC 9D JD 9H JH KH 10S JS QS AS
  Exchange rootbotz: discard QC 7H 8H 7S 9S -> draw 8C JC AD QH KS (talon 3 left)
  Exchange teambinary: discard 7C 9C 9D -> draw 7D 8D 8S (talon 0 left)

--- Phase: declare ---
  Declare point: teambinary wins 5 pts (('point', 5, 'S'))
  Declare sequence: rootbotz wins 3 pts (('sequence', 3, 14, 'D'))
  Declare set: rootbotz wins 3 pts (('set', 3, 14))

--- Phase: tricks ---
  Trick  1: rootbotz leads AH, teambinary plays 9H -> rootbotz wins
  Trick  2: rootbotz leads AD, teambinary plays 7D -> rootbotz wins
  Trick  3: rootbotz leads AC, teambinary plays KC -> rootbotz wins
  Trick  4: rootbotz leads QD, teambinary plays 8D -> rootbotz wins
  Trick  5: rootbotz leads KD, teambinary plays JD -> rootbotz wins
  Trick  6: rootbotz leads 10D, teambinary plays 8S -> rootbotz wins
  Trick  7: rootbotz leads 10C, teambinary plays 10S -> rootbotz wins
  Trick  8: rootbotz leads JC, teambinary plays JH -> rootbotz wins
  Trick  9: rootbotz leads QH, teambinary plays KH -> teambinary wins
  Trick 10: teambinary leads AS, rootbotz plays KS -> teambinary wins
  Trick 11: teambinary leads QS, rootbotz plays 8C -> teambinary wins
  Trick 12: teambinary leads JS, rootbotz plays 10H -> teambinary wins
  Hand: rootbotz +24 / teambinary +10 (tricks 8-4)
  Match total: rootbotz 50 - 15 teambinary
Players: rootbotz vs teambinary
Dealer: rootbotz  |  Elder: teambinary
Match scores: 50 - 15
Talon (8): 9D 10H AH 7S 8S 9S JS AS
rootbotz hand: 7C 9C JC AC 10D QD AD 9H JH QH KH 10S
teambinary hand: 8C 10C QC KC 7D 8D JD KD 7H 8H QS KS
  Exchange teambinary: discard 8C 7D 8D 7H 8H -> draw 9D 10H AH JS AS (talon 3 left)
  Exchange rootbotz: discard 7C 10D 10S -> draw 7S 8S 9S (talon 0 left)

--- Phase: declare ---
  Declare point: teambinary wins 4 pts (('point', 4, 'S'))
  Declare sequence: teambinary wins 4 pts (('sequence', 4, 14, 'S'))
  Declare set: teambinary wins 3 pts (('set', 3, 13))

--- Phase: tricks ---
  Trick  1: teambinary leads AS, rootbotz plays 7S -> teambinary wins
  Trick  2: teambinary leads AH, rootbotz plays 9H -> teambinary wins
  Trick  3: teambinary leads KD, rootbotz plays AD -> rootbotz wins
  Trick  4: rootbotz leads AC, teambinary plays 10C -> rootbotz wins
  Trick  5: rootbotz leads JH, teambinary plays 10H -> rootbotz wins
  Trick  6: rootbotz leads QH, teambinary plays 9D -> rootbotz wins
  Trick  7: rootbotz leads KH, teambinary plays JD -> rootbotz wins
  Trick  8: rootbotz leads 8S, teambinary plays JS -> teambinary wins
  Trick  9: teambinary leads KC, rootbotz plays 9C -> teambinary wins
  Trick 10: teambinary leads KS, rootbotz plays 9S -> teambinary wins
  Trick 11: teambinary leads QC, rootbotz plays JC -> teambinary wins
  Trick 12: teambinary leads QS, rootbotz plays QD -> teambinary wins
  Hand: rootbotz +5 / teambinary +29 (tricks 5-7)
  Match total: rootbotz 55 - 44 teambinary
Players: rootbotz vs teambinary
Dealer: teambinary  |  Elder: rootbotz
Match scores: 55 - 44
Talon (8): 8C QC AC QD 7H JH AH 10S
rootbotz hand: 7C JC 7D 8D JD KD 9H 10H QH 8S JS AS
teambinary hand: 9C 10C KC 9D 10D AD 8H KH 7S 9S QS KS
  Exchange rootbotz: discard 7C 9H 10H QH 8S -> draw 8C QC AC 7H 10S (talon 3 left)
  Exchange teambinary: discard 9C 8H 7S -> draw QD JH AH (talon 0 left)

--- Phase: declare ---
  Declare point: teambinary wins 4 pts (('point', 4, 'D'))
  Declare set: teambinary wins 3 pts (('set', 3, 13))

--- Phase: tricks ---
  Trick  1: rootbotz leads AS, teambinary plays 9S -> rootbotz wins
  Trick  2: rootbotz leads AC, teambinary plays 10C -> rootbotz wins
  Trick  3: rootbotz leads KD, teambinary plays AD -> teambinary wins
  Trick  4: teambinary leads AH, rootbotz plays 7H -> teambinary wins
  Trick  5: teambinary leads QD, rootbotz plays 7D -> teambinary wins
  Trick  6: teambinary leads KS, rootbotz plays 10S -> teambinary wins
  Trick  7: teambinary leads KH, rootbotz plays 8D -> teambinary wins
  Trick  8: teambinary leads 10D, rootbotz plays JD -> rootbotz wins
  Trick  9: rootbotz leads JS, teambinary plays QS -> teambinary wins
  Trick 10: teambinary leads KC, rootbotz plays 8C -> teambinary wins
  Trick 11: teambinary leads 9D, rootbotz plays JC -> teambinary wins
  Trick 12: teambinary leads JH, rootbotz plays QC -> teambinary wins
  Hand: rootbotz +3 / teambinary +27 (tricks 3-9)
  Match total: rootbotz 58 - 71 teambinary
Players: rootbotz vs teambinary
Dealer: rootbotz  |  Elder: teambinary
Match scores: 58 - 71
Talon (8): 10C 10D 7H 8H 10H JH QH 8S
rootbotz hand: 8C JC QC AC JD QD KD AD 9S JS KS AS
teambinary hand: 7C 9C KC 7D 8D 9D 9H KH AH 7S 10S QS
  Exchange teambinary: discard 7C 9C 7D 9H 7S -> draw 10C 7H 8H JH 8S (talon 3 left)
  Exchange rootbotz: discard 8C QC 9S -> draw 10D 10H QH (talon 0 left)

--- Phase: declare ---
  Declare point: rootbotz wins 5 pts (('point', 5, 'D'))
  Declare sequence: rootbotz wins 10 pts (('sequence', 5, 14, 'D'))
  Declare set: rootbotz wins 3 pts (('set', 3, 14))

--- Phase: tricks ---
  Trick  1: teambinary leads AH, rootbotz plays 10H -> teambinary wins
  Trick  2: teambinary leads KH, rootbotz plays QH -> teambinary wins
  Trick  3: teambinary leads QS, rootbotz plays KS -> rootbotz wins
  Trick  4: rootbotz leads AS, teambinary plays 8S -> rootbotz wins
  Trick  5: rootbotz leads AD, teambinary plays 8D -> rootbotz wins
  Trick  6: rootbotz leads AC, teambinary plays 10C -> rootbotz wins
  Trick  7: rootbotz leads 10D, teambinary plays 9D -> rootbotz wins
  Trick  8: rootbotz leads JS, teambinary plays 10S -> rootbotz wins
  Trick  9: rootbotz leads JD, teambinary plays 7H -> rootbotz wins
  Trick 10: rootbotz leads QD, teambinary plays 8H -> rootbotz wins
  Trick 11: rootbotz leads KD, teambinary plays JH -> rootbotz wins
  Trick 12: rootbotz leads JC, teambinary plays KC -> teambinary wins
  Hand: rootbotz +37 / teambinary +4 (tricks 9-3)
  Match total: rootbotz 95 - 75 teambinary
Players: rootbotz vs teambinary
Dealer: teambinary  |  Elder: rootbotz
Match scores: 95 - 75
Talon (8): 10C JC 8D KH 8S QS KS AS
rootbotz hand: 8C 9C QC KC 7D 9D JD AD 8H JH QH JS
teambinary hand: 7C AC 10D QD KD 7H 9H 10H AH 7S 9S 10S
  Exchange rootbotz: discard 8C 9C QC KC 8H -> draw 10C JC 8S QS AS (talon 3 left)
  Exchange teambinary: discard 7C 7H 7S -> draw 8D KH KS (talon 0 left)

--- Phase: declare ---
  Declare point: teambinary wins 4 pts (('point', 4, 'H'))
  Declare set: teambinary wins 3 pts (('set', 3, 13))

--- Phase: tricks ---
  Trick  1: rootbotz leads AS, teambinary plays 9S -> rootbotz wins
  Trick  2: rootbotz leads AD, teambinary plays 8D -> rootbotz wins
  Trick  3: rootbotz leads 10C, teambinary plays AC -> teambinary wins
  Trick  4: teambinary leads AH, rootbotz plays JH -> teambinary wins
  Trick  5: teambinary leads KD, rootbotz plays 7D -> teambinary wins
  Trick  6: teambinary leads KH, rootbotz plays QH -> teambinary wins
  Trick  7: teambinary leads KS, rootbotz plays 8S -> teambinary wins
  Trick  8: teambinary leads QD, rootbotz plays 9D -> teambinary wins
  Trick  9: teambinary leads 10H, rootbotz plays JD -> teambinary wins
  Trick 10: teambinary leads 10S, rootbotz plays JS -> rootbotz wins
  Trick 11: rootbotz leads QS, teambinary plays 9H -> rootbotz wins
  Trick 12: rootbotz leads JC, teambinary plays 10D -> rootbotz wins
  Hand: rootbotz +6 / teambinary +24 (tricks 5-7)
  Match total: rootbotz 101 - 99 teambinary
  Final: rootbotz 101 - 99 teambinary
  Winner: rootbotz

============================================================
Game 50
============================================================
Players: teambinary vs rootbotz
Dealer: teambinary  |  Elder: rootbotz
Match scores: 0 - 0
Talon (8): 9C QD KD 9H JH 8S 9S QS
teambinary hand: 7C 10C KC 7D 9D AD 8H QH KH 7S 10S AS
rootbotz hand: 8C JC QC AC 8D 10D JD 7H 10H AH JS KS
  Exchange rootbotz: discard 8C 8D 10D 7H 10H -> draw 9C QD KD 9H 8S (talon 3 left)
  Exchange teambinary: discard 7C 7D 7S -> draw JH 9S QS (talon 0 left)

--- Phase: declare ---
  Declare set: rootbotz wins 3 pts (('set', 3, 11))

--- Phase: tricks ---
  Trick  1: rootbotz leads AH, teambinary plays 8H -> rootbotz wins
  Trick  2: rootbotz leads AC, teambinary plays 10C -> rootbotz wins
  Trick  3: rootbotz leads JD, teambinary plays AD -> teambinary wins
  Trick  4: teambinary leads AS, rootbotz plays 8S -> teambinary wins
  Trick  5: teambinary leads KH, rootbotz plays 9H -> teambinary wins
  Trick  6: teambinary leads QS, rootbotz plays KS -> rootbotz wins
  Trick  7: rootbotz leads JS, teambinary plays 9S -> rootbotz wins
  Trick  8: rootbotz leads JC, teambinary plays KC -> teambinary wins
  Trick  9: teambinary leads QH, rootbotz plays 9C -> teambinary wins
  Trick 10: teambinary leads 10S, rootbotz plays QC -> teambinary wins
  Trick 11: teambinary leads 9D, rootbotz plays QD -> rootbotz wins
  Trick 12: rootbotz leads KD, teambinary plays JH -> rootbotz wins
  Hand: teambinary +6 / rootbotz +10 (tricks 6-6)
  Match total: teambinary 6 - 10 rootbotz
Players: teambinary vs rootbotz
Dealer: rootbotz  |  Elder: teambinary
Match scores: 6 - 10
Talon (8): 7C 10C QC 8H QH AH 8S QS
teambinary hand: 9C JC AC 9D 10D JD KD 9H JH KH 9S JS
rootbotz hand: 8C KC 7D 8D QD AD 7H 10H 7S 10S KS AS
  Exchange teambinary: discard 9C 9H 9S -> draw 7C 8H 8S (talon 5 left)
  Exchange rootbotz: discard 8C 7D 8D 7H 10H -> draw 10C QC QH AH QS (talon 0 left)

--- Phase: declare ---
  Declare point: rootbotz wins 5 pts (('point', 5, 'S'))
  Declare sequence: rootbotz wins 3 pts (('sequence', 3, 14, 'S'))
  Declare set: rootbotz wins 3 pts (('set', 3, 14))

--- Phase: tricks ---
  Trick  1: teambinary leads AC, rootbotz plays 10C -> teambinary wins
  Trick  2: teambinary leads KD, rootbotz plays AD -> rootbotz wins
  Trick  3: rootbotz leads AS, teambinary plays 8S -> rootbotz wins
  Trick  4: rootbotz leads AH, teambinary plays 8H -> rootbotz wins
  Trick  5: rootbotz leads QS, teambinary plays JS -> rootbotz wins
  Trick  6: rootbotz leads QD, teambinary plays 9D -> rootbotz wins
  Trick  7: rootbotz leads QH, teambinary plays KH -> teambinary wins
  Trick  8: teambinary leads JD, rootbotz plays 7S -> teambinary wins
  Trick  9: teambinary leads JC, rootbotz plays QC -> rootbotz wins
  Trick 10: rootbotz leads KS, teambinary plays 7C -> rootbotz wins
  Trick 11: rootbotz leads KC, teambinary plays 10D -> rootbotz wins
  Trick 12: rootbotz leads 10S, teambinary plays JH -> rootbotz wins
  Hand: teambinary +3 / rootbotz +31 (tricks 3-9)
  Match total: teambinary 9 - 41 rootbotz
Players: teambinary vs rootbotz
Dealer: teambinary  |  Elder: rootbotz
Match scores: 9 - 41
Talon (8): 8C 10D 7H 8H 10H KH 7S KS
teambinary hand: 10C 8D 9D JD KD AD QH 8S 9S JS QS AS
rootbotz hand: 7C 9C JC QC KC AC 7D QD 9H JH AH 10S
  Exchange rootbotz: discard 7C 7D QD 9H 10S -> draw 8C 10D 7H KH 7S (talon 3 left)
  Exchange teambinary: discard 8D 8S 9S -> draw 8H 10H KS (talon 0 left)

--- Phase: declare ---
  Declare point: rootbotz wins 6 pts (('point', 6, 'C'))

--- Phase: tricks ---
  Trick  1: rootbotz leads AH, teambinary plays 8H -> rootbotz wins
  Trick  2: rootbotz leads AC, teambinary plays 10C -> rootbotz wins
  Trick  3: rootbotz leads JC, teambinary plays 9D -> rootbotz wins
  Trick  4: rootbotz leads QC, teambinary plays 10H -> rootbotz wins
  Trick  5: rootbotz leads KH, teambinary plays QH -> rootbotz wins
  Trick  6: rootbotz leads KC, teambinary plays JD -> rootbotz wins
  Trick  7: rootbotz leads 8C, teambinary plays JS -> rootbotz wins
  Trick  8: rootbotz leads 9C, teambinary plays QS -> rootbotz wins
  Trick  9: rootbotz leads JH, teambinary plays KD -> rootbotz wins
  Trick 10: rootbotz leads 7H, teambinary plays KS -> rootbotz wins
  Trick 11: rootbotz leads 10D, teambinary plays AD -> teambinary wins
  Trick 12: teambinary leads AS, rootbotz plays 7S -> teambinary wins
  Hand: teambinary +3 / rootbotz +26 (tricks 2-10)
  Match total: teambinary 12 - 67 rootbotz
Players: teambinary vs rootbotz
Dealer: rootbotz  |  Elder: teambinary
Match scores: 12 - 67
Talon (8): 8C KC AC 8D 9H AH 7S AS
teambinary hand: 7C 9C 10C 9D KD AD 7H 8H 10H QH KH KS
rootbotz hand: JC QC 7D 10D JD QD JH 8S 9S 10S JS QS
  Exchange teambinary: discard 7C 9C 9D 7H 8H -> draw KC AC 8D 9H AS (talon 3 left)
  Exchange rootbotz: discard QC 7D QD -> draw 8C AH 7S (talon 0 left)

--- Phase: declare ---
  Declare point: rootbotz wins 6 pts (('point', 6, 'S'))
  Declare sequence: rootbotz wins 11 pts (('sequence', 6, 12, 'S'))
  Declare set: teambinary wins 3 pts (('set', 3, 14))

--- Phase: tricks ---
  Trick  1: teambinary leads AD, rootbotz plays 10D -> teambinary wins
  Trick  2: teambinary leads AC, rootbotz plays 8C -> teambinary wins
  Trick  3: teambinary leads AS, rootbotz plays 7S -> teambinary wins
  Trick  4: teambinary leads KH, rootbotz plays AH -> rootbotz wins
  Trick  5: rootbotz leads JH, teambinary plays QH -> teambinary wins
  Trick  6: teambinary leads KC, rootbotz plays JC -> teambinary wins
  Trick  7: teambinary leads KD, rootbotz plays JD -> teambinary wins
  Trick  8: teambinary leads 10H, rootbotz plays 8S -> teambinary wins
  Trick  9: teambinary leads KS, rootbotz plays 9S -> teambinary wins
  Trick 10: teambinary leads 10C, rootbotz plays 10S -> teambinary wins
  Trick 11: teambinary leads 9H, rootbotz plays JS -> teambinary wins
  Trick 12: teambinary leads 8D, rootbotz plays QS -> teambinary wins
  Hand: teambinary +25 / rootbotz +18 (tricks 11-1)
  Match total: teambinary 37 - 85 rootbotz
Players: teambinary vs rootbotz
Dealer: teambinary  |  Elder: rootbotz
Match scores: 37 - 85
Talon (8): 8C KC AD 7H 8H JS QS KS
teambinary hand: 7C 10C 10D JD QD KD 10H JH QH KH 7S 8S
rootbotz hand: 9C JC QC AC 7D 8D 9D 9H AH 9S 10S AS
  Exchange rootbotz: discard JC QC 9H 9S 10S -> draw 8C KC AD 7H KS (talon 3 left)
  Exchange teambinary: discard 7C 7S 8S -> draw 8H JS QS (talon 0 left)

--- Phase: declare ---
  Declare point: teambinary wins 5 pts (('point', 5, 'H'))
  Declare sequence: teambinary wins 4 pts (('sequence', 4, 13, 'H'))
  Declare set: rootbotz wins 14 pts (('set', 4, 14))

--- Phase: tricks ---
  Trick  1: rootbotz leads AS, teambinary plays JS -> rootbotz wins
  Trick  2: rootbotz leads AH, teambinary plays 8H -> rootbotz wins
  Trick  3: rootbotz leads AD, teambinary plays 10D -> rootbotz wins
  Trick  4: rootbotz leads AC, teambinary plays 10C -> rootbotz wins
  Trick  5: rootbotz leads KS, teambinary plays QS -> rootbotz wins
  Trick  6: rootbotz leads KC, teambinary plays 10H -> rootbotz wins
  Trick  7: rootbotz leads 8C, teambinary plays JD -> rootbotz wins
  Trick  8: rootbotz leads 9C, teambinary plays JH -> rootbotz wins
  Trick  9: rootbotz leads 7D, teambinary plays QD -> teambinary wins
  Trick 10: teambinary leads KH, rootbotz plays 7H -> teambinary wins
  Trick 11: teambinary leads KD, rootbotz plays 8D -> teambinary wins
  Trick 12: teambinary leads QH, rootbotz plays 9D -> teambinary wins
  Hand: teambinary +14 / rootbotz +32 (tricks 4-8)
  Match total: teambinary 51 - 117 rootbotz
  Final: teambinary 51 - 117 rootbotz
  Winner: rootbotz

============================================================
Game 51
============================================================
Players: rootbotz vs teambinary
Dealer: rootbotz  |  Elder: teambinary
Match scores: 0 - 0
Talon (8): 7C 8C 9C QC QD 8H JH 7S
rootbotz hand: KC 7D 8D 9D AD 9H AH 8S 9S 10S JS AS
teambinary hand: 10C JC AC 10D JD KD 7H 10H QH KH QS KS
  Exchange teambinary: discard 7H -> draw QC (talon 7 left)
  Exchange rootbotz: discard 7D 8D 9D 9H -> draw 8C 9C QD JH (talon 3 left)

--- Phase: declare ---
  Declare point: rootbotz wins 5 pts (('point', 5, 'S'))
  Declare sequence: rootbotz wins 4 pts (('sequence', 4, 11, 'S'))
  Declare set: rootbotz wins 3 pts (('set', 3, 14))

--- Phase: tricks ---
  Trick  1: teambinary leads AC, rootbotz plays 8C -> teambinary wins
  Trick  2: teambinary leads KH, rootbotz plays AH -> rootbotz wins
  Trick  3: rootbotz leads AS, teambinary plays QS -> rootbotz wins
  Trick  4: rootbotz leads AD, teambinary plays 10D -> rootbotz wins
  Trick  5: rootbotz leads KC, teambinary plays 10C -> rootbotz wins
  Trick  6: rootbotz leads JH, teambinary plays QH -> teambinary wins
  Trick  7: teambinary leads KD, rootbotz plays QD -> teambinary wins
  Trick  8: teambinary leads QC, rootbotz plays 9C -> teambinary wins
  Trick  9: teambinary leads JD, rootbotz plays 8S -> teambinary wins
  Trick 10: teambinary leads KS, rootbotz plays 9S -> teambinary wins
  Trick 11: teambinary leads 10H, rootbotz plays 10S -> teambinary wins
  Trick 12: teambinary leads JC, rootbotz plays JS -> teambinary wins
  Hand: rootbotz +16 / teambinary +19 (tricks 4-8)
  Match total: rootbotz 16 - 19 teambinary
Players: rootbotz vs teambinary
Dealer: teambinary  |  Elder: rootbotz
Match scores: 16 - 19
Talon (8): 10C 10D KD JH QH KH 9S QS
rootbotz hand: 7C 8C 9C JC KC AC 7D 8D 9H 10H 7S 10S
teambinary hand: QC 9D JD QD AD 7H 8H AH 8S JS KS AS
  Exchange rootbotz: discard 7D 8D 9H 7S 10S -> draw 10C 10D KH 9S QS (talon 3 left)
  Exchange teambinary: discard 7H 8H 8S -> draw KD JH QH (talon 0 left)

--- Phase: declare ---
  Declare point: rootbotz wins 7 pts (('point', 7, 'C'))
  Declare sequence: rootbotz wins 10 pts (('sequence', 5, 11, 'C'))
  Declare set: teambinary wins 3 pts (('set', 3, 14))

--- Phase: tricks ---
  Trick  1: rootbotz leads AC, teambinary plays QC -> rootbotz wins
  Trick  2: rootbotz leads KC, teambinary plays 9D -> rootbotz wins
  Trick  3: rootbotz leads 7C, teambinary plays JD -> rootbotz wins
  Trick  4: rootbotz leads 8C, teambinary plays JH -> rootbotz wins
  Trick  5: rootbotz leads 9C, teambinary plays JS -> rootbotz wins
  Trick  6: rootbotz leads 10C, teambinary plays QD -> rootbotz wins
  Trick  7: rootbotz leads JC, teambinary plays QH -> rootbotz wins
  Trick  8: rootbotz leads 9S, teambinary plays KS -> teambinary wins
  Trick  9: teambinary leads AD, rootbotz plays 10D -> teambinary wins
  Trick 10: teambinary leads AH, rootbotz plays 10H -> teambinary wins
  Trick 11: teambinary leads AS, rootbotz plays QS -> teambinary wins
  Trick 12: teambinary leads KD, rootbotz plays KH -> teambinary wins
  Hand: rootbotz +34 / teambinary +9 (tricks 7-5)
  Match total: rootbotz 50 - 28 teambinary
Players: rootbotz vs teambinary
Dealer: rootbotz  |  Elder: teambinary
Match scores: 50 - 28
Talon (8): 7C 7D 10D 7H QH KH 8S AS
rootbotz hand: 9C 10C 8D AD JH AH 7S 9S 10S JS QS KS
teambinary hand: 8C JC QC KC AC 9D JD QD KD 8H 9H 10H
  Exchange teambinary: discard 8C 9D -> draw 7D AS (talon 6 left)
  Exchange rootbotz: discard 9C 10C 8D 7S -> draw 7C QH KH 8S (talon 2 left)

--- Phase: declare ---
  Declare point: rootbotz wins 6 pts (('point', 6, 'S'))
  Declare sequence: rootbotz wins 11 pts (('sequence', 6, 13, 'S'))

--- Phase: tricks ---
  Trick  1: teambinary leads AC, rootbotz plays 7C -> teambinary wins
  Trick  2: teambinary leads AS, rootbotz plays 8S -> teambinary wins
  Trick  3: teambinary leads KD, rootbotz plays AD -> rootbotz wins
  Trick  4: rootbotz leads AH, teambinary plays 8H -> rootbotz wins
  Trick  5: rootbotz leads 9S, teambinary plays 7D -> rootbotz wins
  Trick  6: rootbotz leads 10S, teambinary plays 9H -> rootbotz wins
  Trick  7: rootbotz leads JS, teambinary plays 10H -> rootbotz wins
  Trick  8: rootbotz leads JH, teambinary plays JC -> rootbotz wins
  Trick  9: rootbotz leads QS, teambinary plays JD -> rootbotz wins
  Trick 10: rootbotz leads QH, teambinary plays QC -> rootbotz wins
  Trick 11: rootbotz leads KS, teambinary plays QD -> rootbotz wins
  Trick 12: rootbotz leads KH, teambinary plays KC -> rootbotz wins
  Hand: rootbotz +38 / teambinary +2 (tricks 10-2)
  Match total: rootbotz 88 - 30 teambinary
Players: rootbotz vs teambinary
Dealer: teambinary  |  Elder: rootbotz
Match scores: 88 - 30
Talon (8): 8C 9C QC 9H QH KH AH 10S
rootbotz hand: 7C KC 7D 9D 10D QD KD 7H 8H 8S JS KS
teambinary hand: 10C JC AC 8D JD AD 10H JH 7S 9S QS AS
  Exchange rootbotz: discard 7C 7D 7H 8H JS -> draw 8C 9C QC 9H KH (talon 3 left)
  Exchange teambinary: discard 8D 7S 9S -> draw QH AH 10S (talon 0 left)

--- Phase: declare ---
  Declare point: teambinary wins 4 pts (('point', 4, 'H'))
  Declare sequence: teambinary wins 3 pts (('sequence', 3, 12, 'H'))
  Declare set: teambinary wins 14 pts (('set', 4, 14))

--- Phase: tricks ---
  Trick  1: rootbotz leads 9H, teambinary plays 10H -> teambinary wins
  Trick  2: teambinary leads AD, rootbotz plays 9D -> teambinary wins
  Trick  3: teambinary leads AS, rootbotz plays 8S -> teambinary wins
  Trick  4: teambinary leads AC, rootbotz plays 8C -> teambinary wins
  Trick  5: teambinary leads AH, rootbotz plays KH -> teambinary wins
  Trick  6: teambinary leads QS, rootbotz plays KS -> rootbotz wins
  Trick  7: rootbotz leads 9C, teambinary plays 10C -> teambinary wins
  Trick  8: teambinary leads QH, rootbotz plays 10D -> teambinary wins
  Trick  9: teambinary leads JD, rootbotz plays QD -> rootbotz wins
  Trick 10: rootbotz leads QC, teambinary plays JC -> rootbotz wins
  Trick 11: rootbotz leads KD, teambinary plays 10S -> rootbotz wins
  Trick 12: rootbotz leads KC, teambinary plays JH -> rootbotz wins
  Hand: rootbotz +6 / teambinary +38 (tricks 5-7)
  Match total: rootbotz 94 - 68 teambinary
Players: rootbotz vs teambinary
Dealer: rootbotz  |  Elder: teambinary
Match scores: 94 - 68
Talon (8): 7C 10C QC 8H QH 8S 10S QS
rootbotz hand: 7D 8D QD KD 9H JH KH AH 9S JS KS AS
teambinary hand: 8C 9C JC KC AC 9D 10D JD AD 7H 10H 7S
  Exchange teambinary: discard 8C 9C 7H 7S -> draw 8H 8S 10S QS (talon 4 left)
  Exchange rootbotz: discard 7D 8D 9S JS -> draw 7C 10C QC QH (talon 0 left)

--- Phase: declare ---
  Declare point: rootbotz wins 5 pts (('point', 5, 'H'))
  Declare sequence: rootbotz wins 4 pts (('sequence', 4, 14, 'H'))
  Declare set: rootbotz wins 3 pts (('set', 3, 13))

--- Phase: tricks ---
  Trick  1: teambinary leads AC, rootbotz plays 7C -> teambinary wins
  Trick  2: teambinary leads AD, rootbotz plays QD -> teambinary wins
  Trick  3: teambinary leads JD, rootbotz plays KD -> rootbotz wins
  Trick  4: rootbotz leads AS, teambinary plays 8S -> rootbotz wins
  Trick  5: rootbotz leads AH, teambinary plays 8H -> rootbotz wins
  Trick  6: rootbotz leads JH, teambinary plays 10H -> rootbotz wins
  Trick  7: rootbotz leads QH, teambinary plays 9D -> rootbotz wins
  Trick  8: rootbotz leads KS, teambinary plays 10S -> rootbotz wins
  Trick  9: rootbotz leads 10C, teambinary plays JC -> teambinary wins
  Trick 10: teambinary leads KC, rootbotz plays QC -> teambinary wins
  Trick 11: teambinary leads 10D, rootbotz plays 9H -> teambinary wins
  Trick 12: teambinary leads QS, rootbotz plays KH -> teambinary wins
  Hand: rootbotz +18 / teambinary +7 (tricks 6-6)
  Match total: rootbotz 112 - 75 teambinary
  Final: rootbotz 112 - 75 teambinary
  Winner: rootbotz

============================================================
Game 52
============================================================
Players: teambinary vs rootbotz
Dealer: teambinary  |  Elder: rootbotz
Match scores: 0 - 0
Talon (8): QC 8D 9D 8H 9H QH KH 9S
teambinary hand: JC AC JD KD AD 7H AH 8S 10S JS KS AS
rootbotz hand: 7C 8C 9C 10C KC 7D 10D QD 10H JH 7S QS
  Exchange rootbotz: discard 7D QD JH 7S QS -> draw QC 8D 8H KH 9S (talon 3 left)
  Exchange teambinary: discard 7H 8S -> draw 9H QH (talon 1 left)

--- Phase: declare ---
  Declare point: rootbotz wins 6 pts (('point', 6, 'C'))
  Declare sequence: rootbotz wins 4 pts (('sequence', 4, 10, 'C'))
  Declare set: teambinary wins 14 pts (('set', 4, 14))

--- Phase: tricks ---
  Trick  1: rootbotz leads QC, teambinary plays AC -> teambinary wins
  Trick  2: teambinary leads AD, rootbotz plays 8D -> teambinary wins
  Trick  3: teambinary leads AS, rootbotz plays 9S -> teambinary wins
  Trick  4: teambinary leads AH, rootbotz plays 8H -> teambinary wins
  Trick  5: teambinary leads KS, rootbotz plays 7C -> teambinary wins
  Trick  6: teambinary leads JS, rootbotz plays 8C -> teambinary wins
  Trick  7: teambinary leads KD, rootbotz plays 10D -> teambinary wins
  Trick  8: teambinary leads QH, rootbotz plays KH -> rootbotz wins
  Trick  9: rootbotz leads 9C, teambinary plays JC -> teambinary wins
  Trick 10: teambinary leads 10S, rootbotz plays 10H -> teambinary wins
  Trick 11: teambinary leads JD, rootbotz plays 10C -> teambinary wins
  Trick 12: teambinary leads 9H, rootbotz plays KC -> teambinary wins
  Hand: teambinary +36 / rootbotz +11 (tricks 11-1)
  Match total: teambinary 36 - 11 rootbotz
Players: teambinary vs rootbotz
Dealer: rootbotz  |  Elder: teambinary
Match scores: 36 - 11
Talon (8): JC JD 8H 9H QH 10S JS AS
teambinary hand: KC AC 7D 9D 10D QD AD 7H 10H AH 9S QS
rootbotz hand: 7C 8C 9C 10C QC 8D KD JH KH 7S 8S KS
  Exchange teambinary: discard 7D 9D 7H 9S -> draw JD 8H QH 10S (talon 4 left)
  Exchange rootbotz: discard 8D JH 7S 8S -> draw JC 9H JS AS (talon 0 left)

--- Phase: declare ---
  Declare point: rootbotz wins 6 pts (('point', 6, 'C'))
  Declare sequence: rootbotz wins 11 pts (('sequence', 6, 12, 'C'))
  Declare set: teambinary wins 3 pts (('set', 3, 14))

--- Phase: tricks ---
  Trick  1: teambinary leads AH, rootbotz plays 9H -> teambinary wins
  Trick  2: teambinary leads AC, rootbotz plays 7C -> teambinary wins
  Trick  3: teambinary leads AD, rootbotz plays KD -> teambinary wins
  Trick  4: teambinary leads QD, rootbotz plays 8C -> teambinary wins
  Trick  5: teambinary leads QH, rootbotz plays KH -> rootbotz wins
  Trick  6: rootbotz leads AS, teambinary plays 10S -> rootbotz wins
  Trick  7: rootbotz leads KS, teambinary plays QS -> rootbotz wins
  Trick  8: rootbotz leads JS, teambinary plays 8H -> rootbotz wins
  Trick  9: rootbotz leads 9C, teambinary plays KC -> teambinary wins
  Trick 10: teambinary leads JD, rootbotz plays 10C -> teambinary wins
  Trick 11: teambinary leads 10H, rootbotz plays JC -> teambinary wins
  Trick 12: teambinary leads 10D, rootbotz plays QC -> teambinary wins
  Hand: teambinary +22 / rootbotz +21 (tricks 8-4)
  Match total: teambinary 58 - 32 rootbotz
Players: teambinary vs rootbotz
Dealer: teambinary  |  Elder: rootbotz
Match scores: 58 - 32
Talon (8): 7C JC KD 7H QH 10S JS QS
teambinary hand: 10C QC 7D 9D JD 8H 9H 10H KH 8S 9S AS
rootbotz hand: 8C 9C KC AC 8D 10D QD AD JH AH 7S KS
  Exchange rootbotz: discard 8C 9C 8D JH 7S -> draw 7C KD QH JS QS (talon 3 left)
  Exchange teambinary: discard 7D 9D 8S -> draw JC 7H 10S (talon 0 left)

--- Phase: declare ---
  Declare point: teambinary wins 5 pts (('point', 5, 'H'))
  Declare sequence: teambinary wins 4 pts (('sequence', 4, 10, 'H'))
  Declare set: rootbotz wins 3 pts (('set', 3, 14))

--- Phase: tricks ---
  Trick  1: rootbotz leads AH, teambinary plays 7H -> rootbotz wins
  Trick  2: rootbotz leads AD, teambinary plays JD -> rootbotz wins
  Trick  3: rootbotz leads AC, teambinary plays 10C -> rootbotz wins
  Trick  4: rootbotz leads QD, teambinary plays 8H -> rootbotz wins
  Trick  5: rootbotz leads KD, teambinary plays 9H -> rootbotz wins
  Trick  6: rootbotz leads KC, teambinary plays JC -> rootbotz wins
  Trick  7: rootbotz leads 10D, teambinary plays 9S -> rootbotz wins
  Trick  8: rootbotz leads JS, teambinary plays AS -> teambinary wins
  Trick  9: teambinary leads KH, rootbotz plays QH -> teambinary wins
  Trick 10: teambinary leads QC, rootbotz plays 7C -> teambinary wins
  Trick 11: teambinary leads 10H, rootbotz plays QS -> teambinary wins
  Trick 12: teambinary leads 10S, rootbotz plays KS -> rootbotz wins
  Hand: teambinary +13 / rootbotz +22 (tricks 4-8)
  Match total: teambinary 71 - 54 rootbotz
Players: teambinary vs rootbotz
Dealer: rootbotz  |  Elder: teambinary
Match scores: 71 - 54
Talon (8): 8C 9C 10D AD 7H JH QH 7S
teambinary hand: 10C JC 8D 9D JD QD 10H KH 8S 9S KS AS
rootbotz hand: 7C QC KC AC 7D KD 8H 9H AH 10S JS QS
  Exchange teambinary: discard 8D 9D 8S 9S -> draw 9C 7H QH 7S (talon 4 left)
  Exchange rootbotz: discard 7C 7D 8H 9H -> draw 8C 10D AD JH (talon 0 left)

--- Phase: declare ---
  Declare point: rootbotz wins 4 pts (('point', 4, 'C'))
  Declare sequence: rootbotz wins 3 pts (('sequence', 3, 14, 'C'))
  Declare set: rootbotz wins 3 pts (('set', 3, 14))

--- Phase: tricks ---
  Trick  1: teambinary leads AS, rootbotz plays 10S -> teambinary wins
  Trick  2: teambinary leads KH, rootbotz plays AH -> rootbotz wins
  Trick  3: rootbotz leads AD, teambinary plays JD -> rootbotz wins
  Trick  4: rootbotz leads AC, teambinary plays 9C -> rootbotz wins
  Trick  5: rootbotz leads QC, teambinary plays 10C -> rootbotz wins
  Trick  6: rootbotz leads KD, teambinary plays QD -> rootbotz wins
  Trick  7: rootbotz leads KC, teambinary plays JC -> rootbotz wins
  Trick  8: rootbotz leads JS, teambinary plays KS -> teambinary wins
  Trick  9: teambinary leads QH, rootbotz plays JH -> teambinary wins
  Trick 10: teambinary leads 10H, rootbotz plays 8C -> teambinary wins
  Trick 11: teambinary leads 7H, rootbotz plays 10D -> teambinary wins
  Trick 12: teambinary leads 7S, rootbotz plays QS -> rootbotz wins
  Hand: teambinary +5 / rootbotz +28 (tricks 5-7)
  Match total: teambinary 76 - 82 rootbotz
Players: teambinary vs rootbotz
Dealer: teambinary  |  Elder: rootbotz
Match scores: 76 - 82
Talon (8): KC 9D 10D 9H KH 7S 8S JS
teambinary hand: 7C 8C 7D 8D JD KD AD 7H 8H 10H AH 9S
rootbotz hand: 9C 10C JC QC AC QD JH QH 10S QS KS AS
  Exchange rootbotz: discard JH KS AS -> draw 10D KH JS (talon 5 left)
  Exchange teambinary: discard 7C 8C 7D 7H 9S -> draw KC 9D 9H 7S 8S (talon 0 left)

--- Phase: declare ---
  Declare point: rootbotz wins 5 pts (('point', 5, 'C'))
  Declare sequence: rootbotz wins 4 pts (('sequence', 4, 12, 'C'))
  Declare set: rootbotz wins 14 pts (('set', 4, 12))

--- Phase: tricks ---
  Trick  1: rootbotz leads AC, teambinary plays KC -> rootbotz wins
  Trick  2: rootbotz leads 10S, teambinary plays 7S -> rootbotz wins
  Trick  3: rootbotz leads JS, teambinary plays 8S -> rootbotz wins
  Trick  4: rootbotz leads QS, teambinary plays 8D -> rootbotz wins
  Trick  5: rootbotz leads 9C, teambinary plays 8H -> rootbotz wins
  Trick  6: rootbotz leads 10C, teambinary plays 9D -> rootbotz wins
  Trick  7: rootbotz leads JC, teambinary plays 9H -> rootbotz wins
  Trick  8: rootbotz leads QH, teambinary plays AH -> teambinary wins
  Trick  9: teambinary leads AD, rootbotz plays 10D -> teambinary wins
  Trick 10: teambinary leads KD, rootbotz plays QD -> teambinary wins
  Trick 11: teambinary leads 10H, rootbotz plays KH -> rootbotz wins
  Trick 12: rootbotz leads QC, teambinary plays JD -> rootbotz wins
  Hand: teambinary +3 / rootbotz +43 (tricks 3-9)
  Match total: teambinary 79 - 125 rootbotz
  Final: teambinary 79 - 125 rootbotz
  Winner: rootbotz

============================================================
Game 53
============================================================
Players: rootbotz vs teambinary
Dealer: rootbotz  |  Elder: teambinary
Match scores: 0 - 0
Talon (8): 9C 10C 10D 8H 9H JH KH 10S
rootbotz hand: 8C KC KD 7H 10H QH 7S 8S 9S JS KS AS
teambinary hand: 7C JC QC AC 7D 8D 9D JD QD AD AH QS
  Exchange teambinary: discard 7C -> draw 10S (talon 7 left)
  Exchange rootbotz: discard 8C 7H 10H QH -> draw 9C 10D 9H KH (talon 3 left)

--- Phase: declare ---
  Declare set: teambinary wins 3 pts (('set', 3, 14))

--- Phase: tricks ---
  Trick  1: teambinary leads AD, rootbotz plays 10D -> teambinary wins
  Trick  2: teambinary leads AC, rootbotz plays 9C -> teambinary wins
  Trick  3: teambinary leads AH, rootbotz plays 9H -> teambinary wins
  Trick  4: teambinary leads QD, rootbotz plays KD -> rootbotz wins
  Trick  5: rootbotz leads AS, teambinary plays 10S -> rootbotz wins
  Trick  6: rootbotz leads KS, teambinary plays QS -> rootbotz wins
  Trick  7: rootbotz leads 7S, teambinary plays 7D -> rootbotz wins
  Trick  8: rootbotz leads 8S, teambinary plays 8D -> rootbotz wins
  Trick  9: rootbotz leads 9S, teambinary plays 9D -> rootbotz wins
  Trick 10: rootbotz leads JS, teambinary plays JC -> rootbotz wins
  Trick 11: rootbotz leads KH, teambinary plays JD -> rootbotz wins
  Trick 12: rootbotz leads KC, teambinary plays QC -> rootbotz wins
  Hand: rootbotz +20 / teambinary +6 (tricks 9-3)
  Match total: rootbotz 20 - 6 teambinary
Players: rootbotz vs teambinary
Dealer: teambinary  |  Elder: rootbotz
Match scores: 20 - 6
Talon (8): AC 7D 10D QD 8H AH 9S AS
rootbotz hand: 10C QC KC 8D 9D 7H 9H 10H QH 10S JS QS
teambinary hand: 7C 8C 9C JC JD KD AD JH KH 7S 8S KS
  Exchange rootbotz: discard 8D 9D 7H 9H -> draw AC 10D QD 8H (talon 4 left)
  Exchange teambinary: discard 7S 8S -> draw AH AS (talon 2 left)

--- Phase: declare ---
  Declare point: rootbotz wins 4 pts (('point', 4, 'C'))
  Declare sequence: rootbotz wins 3 pts (('sequence', 3, 14, 'C'))
  Declare set: teambinary wins 3 pts (('set', 3, 14))

--- Phase: tricks ---
  Trick  1: rootbotz leads AC, teambinary plays 7C -> rootbotz wins
  Trick  2: rootbotz leads QC, teambinary plays 8C -> rootbotz wins
  Trick  3: rootbotz leads KC, teambinary plays 9C -> rootbotz wins
  Trick  4: rootbotz leads 10C, teambinary plays JC -> teambinary wins
  Trick  5: teambinary leads AD, rootbotz plays 10D -> teambinary wins
  Trick  6: teambinary leads AS, rootbotz plays 10S -> teambinary wins
  Trick  7: teambinary leads AH, rootbotz plays 8H -> teambinary wins
  Trick  8: teambinary leads KD, rootbotz plays QD -> teambinary wins
  Trick  9: teambinary leads KH, rootbotz plays 10H -> teambinary wins
  Trick 10: teambinary leads JD, rootbotz plays JS -> teambinary wins
  Trick 11: teambinary leads JH, rootbotz plays QH -> rootbotz wins
  Trick 12: rootbotz leads QS, teambinary plays KS -> teambinary wins
  Hand: rootbotz +11 / teambinary +22 (tricks 4-8)
  Match total: rootbotz 31 - 28 teambinary
Players: rootbotz vs teambinary
Dealer: rootbotz  |  Elder: teambinary
Match scores: 31 - 28
Talon (8): 8C AC JD KD AD 10H AH AS
rootbotz hand: 7C 9C JC 8D 9D QD 8H JH QH KH 9S QS
teambinary hand: 10C QC KC 7D 10D 7H 9H 7S 8S 10S JS KS
  Exchange teambinary: discard 7D 7H 9H 7S 8S -> draw 8C AC JD AD AS (talon 3 left)
  Exchange rootbotz: discard 7C 9C JC -> draw KD 10H AH (talon 0 left)

--- Phase: declare ---
  Declare point: rootbotz wins 6 pts (('point', 6, 'H'))
  Declare sequence: rootbotz wins 10 pts (('sequence', 5, 14, 'H'))
  Declare set: teambinary wins 3 pts (('set', 3, 14))

--- Phase: tricks ---
  Trick  1: teambinary leads AD, rootbotz plays 8D -> teambinary wins
  Trick  2: teambinary leads AC, rootbotz plays 8H -> teambinary wins
  Trick  3: teambinary leads AS, rootbotz plays 9S -> teambinary wins
  Trick  4: teambinary leads KC, rootbotz plays 9D -> teambinary wins
  Trick  5: teambinary leads KS, rootbotz plays QS -> teambinary wins
  Trick  6: teambinary leads QC, rootbotz plays 10H -> teambinary wins
  Trick  7: teambinary leads JD, rootbotz plays QD -> rootbotz wins
  Trick  8: rootbotz leads AH, teambinary plays 8C -> rootbotz wins
  Trick  9: rootbotz leads JH, teambinary plays 10C -> rootbotz wins
  Trick 10: rootbotz leads QH, teambinary plays 10D -> rootbotz wins
  Trick 11: rootbotz leads KH, teambinary plays 10S -> rootbotz wins
  Trick 12: rootbotz leads KD, teambinary plays JS -> rootbotz wins
  Hand: rootbotz +23 / teambinary +9 (tricks 6-6)
  Match total: rootbotz 54 - 37 teambinary
Players: rootbotz vs teambinary
Dealer: teambinary  |  Elder: rootbotz
Match scores: 54 - 37
Talon (8): 8C 8D 10D QD JH AH 7S 10S
rootbotz hand: 10C JC 7D 9D JD AD 7H 8H KH 8S QS AS
teambinary hand: 7C 9C QC KC AC KD 9H 10H QH 9S JS KS
  Exchange rootbotz: discard 10C 7H 8H KH 8S -> draw 8C 10D QD JH 10S (talon 3 left)
  Exchange teambinary: discard 7C 9H 9S -> draw 8D AH 7S (talon 0 left)

--- Phase: declare ---
  Declare point: rootbotz wins 6 pts (('point', 6, 'D'))
  Declare sequence: rootbotz wins 4 pts (('sequence', 4, 12, 'D'))
  Declare set: teambinary wins 3 pts (('set', 3, 13))

--- Phase: tricks ---
  Trick  1: rootbotz leads AS, teambinary plays 7S -> rootbotz wins
  Trick  2: rootbotz leads AD, teambinary plays 8D -> rootbotz wins
  Trick  3: rootbotz leads 9D, teambinary plays KD -> teambinary wins
  Trick  4: teambinary leads AC, rootbotz plays 8C -> teambinary wins
  Trick  5: teambinary leads AH, rootbotz plays JH -> teambinary wins
  Trick  6: teambinary leads KC, rootbotz plays JC -> teambinary wins
  Trick  7: teambinary leads QC, rootbotz plays 7D -> teambinary wins
  Trick  8: teambinary leads KS, rootbotz plays 10S -> teambinary wins
  Trick  9: teambinary leads QH, rootbotz plays 10D -> teambinary wins
  Trick 10: teambinary leads 9C, rootbotz plays JD -> teambinary wins
  Trick 11: teambinary leads JS, rootbotz plays QS -> rootbotz wins
  Trick 12: rootbotz leads QD, teambinary plays 10H -> rootbotz wins
  Hand: rootbotz +15 / teambinary +21 (tricks 4-8)
  Match total: rootbotz 69 - 58 teambinary
Players: rootbotz vs teambinary
Dealer: rootbotz  |  Elder: teambinary
Match scores: 69 - 58
Talon (8): 10C JC QC JD 8H 9H QH 10S
rootbotz hand: 7C 9C KC AC QD KD AD 7H JH 7S 8S QS
teambinary hand: 8C 7D 8D 9D 10D 10H KH AH 9S JS KS AS
  Exchange teambinary: discard 8C 9S -> draw JD QH (talon 6 left)
  Exchange rootbotz: discard 7C 9C 7H JH 7S 8S -> draw 10C JC QC 8H 9H 10S (talon 0 left)

--- Phase: declare ---
  Declare point: rootbotz wins 5 pts (('point', 5, 'C'))
  Declare sequence: rootbotz wins 10 pts (('sequence', 5, 14, 'C'))
  Declare set: rootbotz wins 3 pts (('set', 3, 12))

--- Phase: tricks ---
  Trick  1: teambinary leads AS, rootbotz plays 10S -> teambinary wins
  Trick  2: teambinary leads AH, rootbotz plays 8H -> teambinary wins
  Trick  3: teambinary leads JD, rootbotz plays QD -> rootbotz wins
  Trick  4: rootbotz leads AC, teambinary plays 7D -> rootbotz wins
  Trick  5: rootbotz leads AD, teambinary plays 8D -> rootbotz wins
  Trick  6: rootbotz leads 10C, teambinary plays 9D -> rootbotz wins
  Trick  7: rootbotz leads JC, teambinary plays 10D -> rootbotz wins
  Trick  8: rootbotz leads QC, teambinary plays 10H -> rootbotz wins
  Trick  9: rootbotz leads 9H, teambinary plays QH -> teambinary wins
  Trick 10: teambinary leads KS, rootbotz plays QS -> teambinary wins
  Trick 11: teambinary leads JS, rootbotz plays KC -> teambinary wins
  Trick 12: teambinary leads KH, rootbotz plays KD -> teambinary wins
  Hand: rootbotz +24 / teambinary +7 (tricks 6-6)
  Match total: rootbotz 93 - 65 teambinary
Players: rootbotz vs teambinary
Dealer: teambinary  |  Elder: rootbotz
Match scores: 93 - 65
Talon (8): 9C JC 9D 10D KD AD 10S JS
rootbotz hand: 10C KC AC JD 7H 8H 9H 10H QH KH 9S AS
teambinary hand: 7C 8C QC 7D 8D QD JH AH 7S 8S QS KS
  Exchange rootbotz: discard 10C JD QH 9S -> draw 9C 9D 10D KD (talon 4 left)
  Exchange teambinary: discard 7C 8C 7D 7S -> draw JC AD 10S JS (talon 0 left)

--- Phase: declare ---
  Declare point: teambinary wins 5 pts (('point', 5, 'S'))
  Declare sequence: teambinary wins 4 pts (('sequence', 4, 13, 'S'))
  Declare set: rootbotz wins 3 pts (('set', 3, 13))

--- Phase: tricks ---
  Trick  1: rootbotz leads AS, teambinary plays 8S -> rootbotz wins
  Trick  2: rootbotz leads AC, teambinary plays JC -> rootbotz wins
  Trick  3: rootbotz leads KC, teambinary plays QC -> rootbotz wins
  Trick  4: rootbotz leads KH, teambinary plays AH -> teambinary wins
  Trick  5: teambinary leads AD, rootbotz plays 9D -> teambinary wins
  Trick  6: teambinary leads KS, rootbotz plays 7H -> teambinary wins
  Trick  7: teambinary leads QS, rootbotz plays 8H -> teambinary wins
  Trick  8: teambinary leads QD, rootbotz plays KD -> rootbotz wins
  Trick  9: rootbotz leads 9H, teambinary plays JH -> teambinary wins
  Trick 10: teambinary leads JS, rootbotz plays 9C -> teambinary wins
  Trick 11: teambinary leads 8D, rootbotz plays 10D -> rootbotz wins
  Trick 12: rootbotz leads 10H, teambinary plays 10S -> rootbotz wins
  Hand: rootbotz +10 / teambinary +15 (tricks 6-6)
  Match total: rootbotz 103 - 80 teambinary
  Final: rootbotz 103 - 80 teambinary
  Winner: rootbotz

============================================================
Game 54
============================================================
Players: teambinary vs rootbotz
Dealer: teambinary  |  Elder: rootbotz
Match scores: 0 - 0
Talon (8): KC 7D 8D 7H 8H 10H QH QS
teambinary hand: 10C QC 9D JD QD AD JH AH 8S 9S JS AS
rootbotz hand: 7C 8C 9C JC AC 10D KD 9H KH 7S 10S KS
  Exchange rootbotz: discard 10D 7S 10S -> draw 8D 8H QH (talon 5 left)
  Exchange teambinary: discard 9D 8S 9S -> draw KC 7D 7H (talon 2 left)

--- Phase: declare ---
  Declare point: rootbotz wins 5 pts (('point', 5, 'C'))
  Declare sequence: rootbotz wins 3 pts (('sequence', 3, 9, 'C'))
  Declare set: teambinary wins 3 pts (('set', 3, 14))

--- Phase: tricks ---
  Trick  1: rootbotz leads AC, teambinary plays 10C -> rootbotz wins
  Trick  2: rootbotz leads JC, teambinary plays QC -> teambinary wins
  Trick  3: teambinary leads AH, rootbotz plays 8H -> teambinary wins
  Trick  4: teambinary leads AS, rootbotz plays KS -> teambinary wins
  Trick  5: teambinary leads AD, rootbotz plays 8D -> teambinary wins
  Trick  6: teambinary leads QD, rootbotz plays KD -> rootbotz wins
  Trick  7: rootbotz leads QH, teambinary plays 7H -> rootbotz wins
  Trick  8: rootbotz leads KH, teambinary plays JH -> rootbotz wins
  Trick  9: rootbotz leads 9H, teambinary plays 7D -> rootbotz wins
  Trick 10: rootbotz leads 7C, teambinary plays KC -> teambinary wins
  Trick 11: teambinary leads JS, rootbotz plays 8C -> teambinary wins
  Trick 12: teambinary leads JD, rootbotz plays 9C -> teambinary wins
  Hand: teambinary +21 / rootbotz +13 (tricks 7-5)
  Match total: teambinary 21 - 13 rootbotz
Players: teambinary vs rootbotz
Dealer: rootbotz  |  Elder: teambinary
Match scores: 21 - 13
Talon (8): JC AC 7D 8D 7H 9H 10H KH
teambinary hand: 7C 9C 10C QC KC 10D JD AD 8H JH 8S 10S
rootbotz hand: 8C 9D QD KD QH AH 7S 9S JS QS KS AS
  Exchange teambinary: discard 7C 9C 8H 8S -> draw AC 8D 7H KH (talon 4 left)
  Exchange rootbotz: discard 8C 9D KD 7S -> draw JC 7D 9H 10H (talon 0 left)

--- Phase: declare ---
  Declare point: rootbotz wins 5 pts (('point', 5, 'S'))
  Declare sequence: rootbotz wins 4 pts (('sequence', 4, 14, 'S'))
  Declare set: rootbotz wins 3 pts (('set', 3, 12))

--- Phase: tricks ---
  Trick  1: teambinary leads AD, rootbotz plays 7D -> teambinary wins
  Trick  2: teambinary leads AC, rootbotz plays JC -> teambinary wins
  Trick  3: teambinary leads KC, rootbotz plays 9H -> teambinary wins
  Trick  4: teambinary leads KH, rootbotz plays AH -> rootbotz wins
  Trick  5: rootbotz leads AS, teambinary plays 10S -> rootbotz wins
  Trick  6: rootbotz leads JS, teambinary plays 7H -> rootbotz wins
  Trick  7: rootbotz leads QS, teambinary plays 8D -> rootbotz wins
  Trick  8: rootbotz leads QH, teambinary plays JH -> rootbotz wins
  Trick  9: rootbotz leads 10H, teambinary plays 10C -> rootbotz wins
  Trick 10: rootbotz leads QD, teambinary plays 10D -> rootbotz wins
  Trick 11: rootbotz leads KS, teambinary plays JD -> rootbotz wins
  Trick 12: rootbotz leads 9S, teambinary plays QC -> rootbotz wins
  Hand: teambinary +3 / rootbotz +32 (tricks 3-9)
  Match total: teambinary 24 - 45 rootbotz
Players: teambinary vs rootbotz
Dealer: teambinary  |  Elder: rootbotz
Match scores: 24 - 45
Talon (8): 7C 10C JD 8H QH KH AH KS
teambinary hand: JC QC AC KD 7H 9H 7S 8S 9S 10S JS QS
rootbotz hand: 8C 9C KC 7D 8D 9D 10D QD AD 10H JH AS
  Exchange rootbotz: discard 8C 9C KC QD JH -> draw 7C JD 8H QH KS (talon 3 left)
  Exchange teambinary: discard 7H 9H -> draw KH AH (talon 1 left)

--- Phase: declare ---
  Declare point: rootbotz wins 6 pts (('point', 6, 'D'))
  Declare sequence: teambinary wins 11 pts (('sequence', 6, 12, 'S'))

--- Phase: tricks ---
  Trick  1: rootbotz leads AS, teambinary plays 7S -> rootbotz wins
  Trick  2: rootbotz leads AD, teambinary plays KD -> rootbotz wins
  Trick  3: rootbotz leads KS, teambinary plays 8S -> rootbotz wins
  Trick  4: rootbotz leads 7D, teambinary plays 9S -> rootbotz wins
  Trick  5: rootbotz leads 8D, teambinary plays 10S -> rootbotz wins
  Trick  6: rootbotz leads 9D, teambinary plays JC -> rootbotz wins
  Trick  7: rootbotz leads 7C, teambinary plays QC -> teambinary wins
  Trick  8: teambinary leads AC, rootbotz plays 8H -> teambinary wins
  Trick  9: teambinary leads AH, rootbotz plays 10H -> teambinary wins
  Trick 10: teambinary leads QS, rootbotz plays 10D -> teambinary wins
  Trick 11: teambinary leads JS, rootbotz plays JD -> teambinary wins
  Trick 12: teambinary leads KH, rootbotz plays QH -> teambinary wins
  Hand: teambinary +18 / rootbotz +12 (tricks 6-6)
  Match total: teambinary 42 - 57 rootbotz
Players: teambinary vs rootbotz
Dealer: rootbotz  |  Elder: teambinary
Match scores: 42 - 57
Talon (8): 8C 9C JC QC KC QD JS QS
teambinary hand: 7C 7D 8D KD AD 7H 9H KH 7S 9S 10S AS
rootbotz hand: 10C AC 9D 10D JD 8H 10H JH QH AH 8S KS
  Exchange teambinary: discard 7C 7D 8D 7H 7S -> draw 8C QC QD JS QS (talon 3 left)
  Exchange rootbotz: discard 9D JD KS -> draw 9C JC KC (talon 0 left)

--- Phase: declare ---
  Declare sequence: teambinary wins 4 pts (('sequence', 4, 12, 'S'))
  Declare set: teambinary wins 3 pts (('set', 3, 12))

--- Phase: tricks ---
  Trick  1: teambinary leads AD, rootbotz plays 10D -> teambinary wins
  Trick  2: teambinary leads AS, rootbotz plays 8S -> teambinary wins
  Trick  3: teambinary leads QS, rootbotz plays 8H -> teambinary wins
  Trick  4: teambinary leads JS, rootbotz plays 9C -> teambinary wins
  Trick  5: teambinary leads 10S, rootbotz plays 10C -> teambinary wins
  Trick  6: teambinary leads KH, rootbotz plays AH -> rootbotz wins
  Trick  7: rootbotz leads AC, teambinary plays 8C -> rootbotz wins
  Trick  8: rootbotz leads 10H, teambinary plays 9H -> rootbotz wins
  Trick  9: rootbotz leads JH, teambinary plays 9S -> rootbotz wins
  Trick 10: rootbotz leads QH, teambinary plays QC -> rootbotz wins
  Trick 11: rootbotz leads KC, teambinary plays QD -> rootbotz wins
  Trick 12: rootbotz leads JC, teambinary plays KD -> rootbotz wins
  Hand: teambinary +12 / rootbotz +18 (tricks 5-7)
  Match total: teambinary 54 - 75 rootbotz
Players: teambinary vs rootbotz
Dealer: teambinary  |  Elder: rootbotz
Match scores: 54 - 75
Talon (8): 7C 8D QD 8H 9H 10H KH 10S
teambinary hand: 9C JC 7D 10D JD KD AD QH AH 7S KS AS
rootbotz hand: 8C 10C QC KC AC 9D 7H JH 8S 9S JS QS
  Exchange rootbotz: discard 9D 7H JH 8S 9S -> draw 7C 8D 8H 9H 10S (talon 3 left)
  Exchange teambinary: discard 9C 7D 7S -> draw QD 10H KH (talon 0 left)

--- Phase: declare ---
  Declare point: rootbotz wins 6 pts (('point', 6, 'C'))
  Declare sequence: teambinary wins 10 pts (('sequence', 5, 14, 'D'))
  Declare set: teambinary wins 3 pts (('set', 3, 14))

--- Phase: tricks ---
  Trick  1: rootbotz leads AC, teambinary plays JC -> rootbotz wins
  Trick  2: rootbotz leads QC, teambinary plays 10D -> rootbotz wins
  Trick  3: rootbotz leads KC, teambinary plays 10H -> rootbotz wins
  Trick  4: rootbotz leads 10C, teambinary plays JD -> rootbotz wins
  Trick  5: rootbotz leads 7C, teambinary plays QD -> rootbotz wins
  Trick  6: rootbotz leads 8C, teambinary plays QH -> rootbotz wins
  Trick  7: rootbotz leads 8H, teambinary plays KH -> teambinary wins
  Trick  8: teambinary leads AD, rootbotz plays 8D -> teambinary wins
  Trick  9: teambinary leads AH, rootbotz plays 9H -> teambinary wins
  Trick 10: teambinary leads AS, rootbotz plays 10S -> teambinary wins
  Trick 11: teambinary leads KS, rootbotz plays JS -> teambinary wins
  Trick 12: teambinary leads KD, rootbotz plays QS -> teambinary wins
  Hand: teambinary +20 / rootbotz +12 (tricks 6-6)
  Match total: teambinary 74 - 87 rootbotz
Players: teambinary vs rootbotz
Dealer: rootbotz  |  Elder: teambinary
Match scores: 74 - 87
Talon (8): 7C 8C QD KD 9H JH 10S QS
teambinary hand: QC AC 7D 10D JD AD 8H 10H KH AH 9S JS
rootbotz hand: 9C 10C JC KC 8D 9D 7H QH 7S 8S KS AS
  Exchange teambinary: discard 7D 8H 9S -> draw KD 9H 10S (talon 5 left)
  Exchange rootbotz: discard 8D 9D 7H QH 8S -> draw 7C 8C QD JH QS (talon 0 left)

--- Phase: declare ---
  Declare point: rootbotz wins 6 pts (('point', 6, 'C'))
  Declare sequence: rootbotz wins 10 pts (('sequence', 5, 11, 'C'))
  Declare set: teambinary wins 3 pts (('set', 3, 14))

--- Phase: tricks ---
  Trick  1: teambinary leads AH, rootbotz plays JH -> teambinary wins
  Trick  2: teambinary leads AC, rootbotz plays 7C -> teambinary wins
  Trick  3: teambinary leads AD, rootbotz plays QD -> teambinary wins
  Trick  4: teambinary leads KH, rootbotz plays 7S -> teambinary wins
  Trick  5: teambinary leads KD, rootbotz plays 8C -> teambinary wins
  Trick  6: teambinary leads JD, rootbotz plays 9C -> teambinary wins
  Trick  7: teambinary leads JS, rootbotz plays QS -> rootbotz wins
  Trick  8: rootbotz leads AS, teambinary plays 10S -> rootbotz wins
  Trick  9: rootbotz leads KS, teambinary plays 9H -> rootbotz wins
  Trick 10: rootbotz leads 10C, teambinary plays QC -> teambinary wins
  Trick 11: teambinary leads 10D, rootbotz plays JC -> teambinary wins
  Trick 12: teambinary leads 10H, rootbotz plays KC -> teambinary wins
  Hand: teambinary +23 / rootbotz +19 (tricks 9-3)
  Match total: teambinary 97 - 106 rootbotz
  Final: teambinary 97 - 106 rootbotz
  Winner: rootbotz

============================================================
Game 55
============================================================
Players: rootbotz vs teambinary
Dealer: rootbotz  |  Elder: teambinary
Match scores: 0 - 0
Talon (8): 7D 10D 9H QH KH 7S 10S QS
rootbotz hand: 8C 10C QC AC 8D JD 7H JH 8S 9S JS AS
teambinary hand: 7C 9C JC KC 9D QD KD AD 8H 10H AH KS
  Exchange teambinary: discard 7C 9C 9D 8H -> draw 7D 9H QH KH (talon 4 left)
  Exchange rootbotz: discard 8C 10C 8D 7H -> draw 10D 7S 10S QS (talon 0 left)

--- Phase: declare ---
  Declare point: rootbotz wins 7 pts (('point', 7, 'S'))
  Declare sequence: rootbotz wins 11 pts (('sequence', 6, 12, 'S'))
  Declare set: teambinary wins 14 pts (('set', 4, 13))

--- Phase: tricks ---
  Trick  1: teambinary leads AD, rootbotz plays 10D -> teambinary wins
  Trick  2: teambinary leads AH, rootbotz plays JH -> teambinary wins
  Trick  3: teambinary leads KH, rootbotz plays 7S -> teambinary wins
  Trick  4: teambinary leads QH, rootbotz plays 8S -> teambinary wins
  Trick  5: teambinary leads KD, rootbotz plays JD -> teambinary wins
  Trick  6: teambinary leads 10H, rootbotz plays 9S -> teambinary wins
  Trick  7: teambinary leads QD, rootbotz plays 10S -> teambinary wins
  Trick  8: teambinary leads KC, rootbotz plays AC -> rootbotz wins
  Trick  9: rootbotz leads AS, teambinary plays KS -> rootbotz wins
  Trick 10: rootbotz leads JS, teambinary plays 7D -> rootbotz wins
  Trick 11: rootbotz leads QS, teambinary plays 9H -> rootbotz wins
  Trick 12: rootbotz leads QC, teambinary plays JC -> rootbotz wins
  Hand: rootbotz +24 / teambinary +31 (tricks 5-7)
  Match total: rootbotz 24 - 31 teambinary
Players: rootbotz vs teambinary
Dealer: teambinary  |  Elder: rootbotz
Match scores: 24 - 31
Talon (8): 7C KC AC 9D AD 7H 10H KH
rootbotz hand: 8C 9C QC 8D 10D KD 9H QH AH 7S 8S 10S
teambinary hand: 10C JC 7D JD QD 8H JH 9S JS QS KS AS
  Exchange rootbotz: discard 8D 9H 7S 8S 10S -> draw KC 9D 7H 10H KH (talon 3 left)
  Exchange teambinary: discard 7D 8H 9S -> draw 7C AC AD (talon 0 left)

--- Phase: declare ---
  Declare point: rootbotz wins 5 pts (('point', 5, 'H'))
  Declare sequence: teambinary wins 4 pts (('sequence', 4, 14, 'S'))
  Declare set: teambinary wins 3 pts (('set', 3, 14))

--- Phase: tricks ---
  Trick  1: rootbotz leads AH, teambinary plays JH -> rootbotz wins
  Trick  2: rootbotz leads QH, teambinary plays 7C -> rootbotz wins
  Trick  3: rootbotz leads KH, teambinary plays 10C -> rootbotz wins
  Trick  4: rootbotz leads 10H, teambinary plays JC -> rootbotz wins
  Trick  5: rootbotz leads 7H, teambinary plays JD -> rootbotz wins
  Trick  6: rootbotz leads 8C, teambinary plays AC -> teambinary wins
  Trick  7: teambinary leads AS, rootbotz plays 9C -> teambinary wins
  Trick  8: teambinary leads AD, rootbotz plays 9D -> teambinary wins
  Trick  9: teambinary leads KS, rootbotz plays 10D -> teambinary wins
  Trick 10: teambinary leads QS, rootbotz plays QC -> teambinary wins
  Trick 11: teambinary leads JS, rootbotz plays KD -> teambinary wins
  Trick 12: teambinary leads QD, rootbotz plays KC -> teambinary wins
  Hand: rootbotz +10 / teambinary +25 (tricks 5-7)
  Match total: rootbotz 34 - 56 teambinary
Players: rootbotz vs teambinary
Dealer: rootbotz  |  Elder: teambinary
Match scores: 34 - 56
Talon (8): 7C 9C QC AC 10D JD JH JS
rootbotz hand: KC 8D KD AD 7H 9H 10H QH KH AH 8S 9S
teambinary hand: 8C 10C JC 7D 9D QD 8H 7S 10S QS KS AS
  Exchange teambinary: discard 8C 7D 9D 8H 7S -> draw 7C 9C QC JH JS (talon 3 left)
  Exchange rootbotz: discard 8D 8S 9S -> draw AC 10D JD (talon 0 left)

--- Phase: declare ---
  Declare point: rootbotz wins 6 pts (('point', 6, 'H'))
  Declare sequence: teambinary wins 10 pts (('sequence', 5, 14, 'S'))
  Declare set: rootbotz wins 3 pts (('set', 3, 14))

--- Phase: tricks ---
  Trick  1: teambinary leads AS, rootbotz plays 7H -> teambinary wins
  Trick  2: teambinary leads QC, rootbotz plays KC -> rootbotz wins
  Trick  3: rootbotz leads AH, teambinary plays JH -> rootbotz wins
  Trick  4: rootbotz leads AD, teambinary plays QD -> rootbotz wins
  Trick  5: rootbotz leads AC, teambinary plays 7C -> rootbotz wins
  Trick  6: rootbotz leads QH, teambinary plays 9C -> rootbotz wins
  Trick  7: rootbotz leads 9H, teambinary plays 10C -> rootbotz wins
  Trick  8: rootbotz leads 10H, teambinary plays 10S -> rootbotz wins
  Trick  9: rootbotz leads KH, teambinary plays JC -> rootbotz wins
  Trick 10: rootbotz leads KD, teambinary plays JS -> rootbotz wins
  Trick 11: rootbotz leads 10D, teambinary plays QS -> rootbotz wins
  Trick 12: rootbotz leads JD, teambinary plays KS -> rootbotz wins
  Hand: rootbotz +31 / teambinary +11 (tricks 11-1)
  Match total: rootbotz 65 - 67 teambinary
Players: rootbotz vs teambinary
Dealer: teambinary  |  Elder: rootbotz
Match scores: 65 - 67
Talon (8): 7C 10C JC 9D JD KD 7H 8S
rootbotz hand: 9C QC 8D 10D QD AD 9H JH AH 7S JS AS
teambinary hand: 8C KC AC 7D 8H 10H QH KH 9S 10S QS KS
  Exchange rootbotz: discard 9C 9H JH 7S JS -> draw 7C JD KD 7H 8S (talon 3 left)
  Exchange teambinary: discard 8C 7D 8H -> draw 10C JC 9D (talon 0 left)

--- Phase: declare ---
  Declare point: rootbotz wins 6 pts (('point', 6, 'D'))
  Declare sequence: rootbotz wins 10 pts (('sequence', 5, 14, 'D'))
  Declare set: rootbotz wins 3 pts (('set', 3, 14))

--- Phase: tricks ---
  Trick  1: rootbotz leads AS, teambinary plays 9S -> rootbotz wins
  Trick  2: rootbotz leads AH, teambinary plays 10H -> rootbotz wins
  Trick  3: rootbotz leads AD, teambinary plays 9D -> rootbotz wins
  Trick  4: rootbotz leads 10D, teambinary plays 10C -> rootbotz wins
  Trick  5: rootbotz leads JD, teambinary plays 10S -> rootbotz wins
  Trick  6: rootbotz leads QD, teambinary plays JC -> rootbotz wins
  Trick  7: rootbotz leads KD, teambinary plays QH -> rootbotz wins
  Trick  8: rootbotz leads 8D, teambinary plays QS -> rootbotz wins
  Trick  9: rootbotz leads QC, teambinary plays KC -> teambinary wins
  Trick 10: teambinary leads AC, rootbotz plays 7C -> teambinary wins
  Trick 11: teambinary leads KS, rootbotz plays 8S -> teambinary wins
  Trick 12: teambinary leads KH, rootbotz plays 7H -> teambinary wins
  Hand: rootbotz +37 / teambinary +5 (tricks 8-4)
  Match total: rootbotz 102 - 72 teambinary
  Final: rootbotz 102 - 72 teambinary
  Winner: rootbotz

============================================================
Game 56
============================================================
Players: teambinary vs rootbotz
Dealer: teambinary  |  Elder: rootbotz
Match scores: 0 - 0
Talon (8): 8C 10C QC 7S 9S 10S JS KS
teambinary hand: 7C JC KC AC 8D AD 9H 10H QH AH 8S QS
rootbotz hand: 9C 7D 9D 10D JD QD KD 7H 8H JH KH AS
  Exchange rootbotz: discard 9C 7D 7H 8H JH -> draw 10C QC 10S JS KS (talon 3 left)
  Exchange teambinary: discard 7C 8D 8S -> draw 8C 7S 9S (talon 0 left)

--- Phase: declare ---
  Declare point: rootbotz wins 5 pts (('point', 5, 'D'))
  Declare sequence: rootbotz wins 10 pts (('sequence', 5, 13, 'D'))
  Declare set: teambinary wins 3 pts (('set', 3, 14))

--- Phase: tricks ---
  Trick  1: rootbotz leads AS, teambinary plays 7S -> rootbotz wins
  Trick  2: rootbotz leads KS, teambinary plays 9S -> rootbotz wins
  Trick  3: rootbotz leads 10S, teambinary plays QS -> teambinary wins
  Trick  4: teambinary leads AC, rootbotz plays 10C -> teambinary wins
  Trick  5: teambinary leads AH, rootbotz plays KH -> teambinary wins
  Trick  6: teambinary leads AD, rootbotz plays 9D -> teambinary wins
  Trick  7: teambinary leads QH, rootbotz plays 10D -> teambinary wins
  Trick  8: teambinary leads KC, rootbotz plays QC -> teambinary wins
  Trick  9: teambinary leads 10H, rootbotz plays JS -> teambinary wins
  Trick 10: teambinary leads JC, rootbotz plays JD -> teambinary wins
  Trick 11: teambinary leads 9H, rootbotz plays QD -> teambinary wins
  Trick 12: teambinary leads 8C, rootbotz plays KD -> teambinary wins
  Hand: teambinary +24 / rootbotz +17 (tricks 10-2)
  Match total: teambinary 24 - 17 rootbotz
Players: teambinary vs rootbotz
Dealer: rootbotz  |  Elder: teambinary
Match scores: 24 - 17
Talon (8): 8C 10C JC 8H JH 7S 9S 10S
teambinary hand: QC KC AC JD QD 7H 10H KH AH 8S QS KS
rootbotz hand: 7C 9C 7D 8D 9D 10D KD AD 9H QH JS AS
  Exchange teambinary: discard 7H 8S -> draw 7S 10S (talon 6 left)
  Exchange rootbotz: discard 7C 9C 9H JS -> draw 8C 10C 8H 9S (talon 2 left)

--- Phase: declare ---
  Declare point: rootbotz wins 6 pts (('point', 6, 'D'))
  Declare sequence: rootbotz wins 4 pts (('sequence', 4, 10, 'D'))
  Declare set: teambinary wins 3 pts (('set', 3, 13))

--- Phase: tricks ---
  Trick  1: teambinary leads AC, rootbotz plays 8C -> teambinary wins
  Trick  2: teambinary leads AH, rootbotz plays 8H -> teambinary wins
  Trick  3: teambinary leads KS, rootbotz plays AS -> rootbotz wins
  Trick  4: rootbotz leads AD, teambinary plays JD -> rootbotz wins
  Trick  5: rootbotz leads KD, teambinary plays QD -> rootbotz wins
  Trick  6: rootbotz leads 7D, teambinary plays 7S -> rootbotz wins
  Trick  7: rootbotz leads 8D, teambinary plays 10H -> rootbotz wins
  Trick  8: rootbotz leads 9D, teambinary plays 10S -> rootbotz wins
  Trick  9: rootbotz leads 10D, teambinary plays QC -> rootbotz wins
  Trick 10: rootbotz leads 9S, teambinary plays QS -> teambinary wins
  Trick 11: teambinary leads KC, rootbotz plays 10C -> teambinary wins
  Trick 12: teambinary leads KH, rootbotz plays QH -> teambinary wins
  Hand: teambinary +9 / rootbotz +27 (tricks 5-7)
  Match total: teambinary 33 - 44 rootbotz
Players: teambinary vs rootbotz
Dealer: teambinary  |  Elder: rootbotz
Match scores: 33 - 44
Talon (8): QC 9D 10D AD 8H 10H 7S JS
teambinary hand: 8C 9C JC AC 7D JD 7H 9H JH KH AH 10S
rootbotz hand: 7C 10C KC 8D QD KD QH 8S 9S QS KS AS
  Exchange rootbotz: discard 7C 10C 8D QD QH -> draw QC 9D 10D AD 7S (talon 3 left)
  Exchange teambinary: discard 8C 7D 7H -> draw 8H 10H JS (talon 0 left)

--- Phase: declare ---
  Declare point: teambinary wins 6 pts (('point', 6, 'H'))
  Declare sequence: teambinary wins 4 pts (('sequence', 4, 11, 'H'))
  Declare set: rootbotz wins 3 pts (('set', 3, 13))

--- Phase: tricks ---
  Trick  1: rootbotz leads AS, teambinary plays 10S -> rootbotz wins
  Trick  2: rootbotz leads AD, teambinary plays JD -> rootbotz wins
  Trick  3: rootbotz leads QS, teambinary plays JS -> rootbotz wins
  Trick  4: rootbotz leads KS, teambinary plays 8H -> rootbotz wins
  Trick  5: rootbotz leads KD, teambinary plays 9C -> rootbotz wins
  Trick  6: rootbotz leads 9D, teambinary plays 9H -> rootbotz wins
  Trick  7: rootbotz leads 10D, teambinary plays 10H -> rootbotz wins
  Trick  8: rootbotz leads QC, teambinary plays AC -> teambinary wins
  Trick  9: teambinary leads AH, rootbotz plays 7S -> teambinary wins
  Trick 10: teambinary leads KH, rootbotz plays 8S -> teambinary wins
  Trick 11: teambinary leads JH, rootbotz plays 9S -> teambinary wins
  Trick 12: teambinary leads JC, rootbotz plays KC -> rootbotz wins
  Hand: teambinary +14 / rootbotz +22 (tricks 4-8)
  Match total: teambinary 47 - 66 rootbotz
Players: teambinary vs rootbotz
Dealer: rootbotz  |  Elder: teambinary
Match scores: 47 - 66
Talon (8): 8C AC 9D JD QD 9H AH QS
teambinary hand: 7C 9C 10C QC KC 8D 10D KH 9S 10S KS AS
rootbotz hand: JC 7D KD AD 7H 8H 10H JH QH 7S 8S JS
  Exchange teambinary: discard 7C 9C 8D 9S -> draw 8C 9D QD QS (talon 4 left)
  Exchange rootbotz: discard 7H 7S 8S -> draw AC JD AH (talon 1 left)

--- Phase: declare ---
  Declare point: rootbotz wins 5 pts (('point', 5, 'H'))
  Declare sequence: teambinary wins 3 pts (('sequence', 3, 14, 'S'))
  Declare set: rootbotz wins 3 pts (('set', 3, 14))

--- Phase: tricks ---
  Trick  1: teambinary leads AS, rootbotz plays JS -> teambinary wins
  Trick  2: teambinary leads KC, rootbotz plays AC -> rootbotz wins
  Trick  3: rootbotz leads AH, teambinary plays KH -> rootbotz wins
  Trick  4: rootbotz leads AD, teambinary plays 9D -> rootbotz wins
  Trick  5: rootbotz leads KD, teambinary plays 10D -> rootbotz wins
  Trick  6: rootbotz leads JD, teambinary plays QD -> teambinary wins
  Trick  7: teambinary leads QC, rootbotz plays JC -> teambinary wins
  Trick  8: teambinary leads KS, rootbotz plays 7D -> teambinary wins
  Trick  9: teambinary leads 10C, rootbotz plays 8H -> teambinary wins
  Trick 10: teambinary leads QS, rootbotz plays 10H -> teambinary wins
  Trick 11: teambinary leads 10S, rootbotz plays JH -> teambinary wins
  Trick 12: teambinary leads 8C, rootbotz plays QH -> teambinary wins
  Hand: teambinary +22 / rootbotz +12 (tricks 8-4)
  Match total: teambinary 69 - 78 rootbotz
Players: teambinary vs rootbotz
Dealer: teambinary  |  Elder: rootbotz
Match scores: 69 - 78
Talon (8): 8C 9C KC 9D JD AD 9H AH
teambinary hand: 7C 10C JC QC AC 8D QD KD JH 7S 8S 9S
rootbotz hand: 7D 10D 7H 8H 10H QH KH 10S JS QS KS AS
  Exchange rootbotz: discard 7D 7H 8H QH KH -> draw 9C KC 9D 9H AH (talon 3 left)
  Exchange teambinary: discard 7C 8D 7S -> draw 8C JD AD (talon 0 left)

--- Phase: declare ---
  Declare point: rootbotz wins 5 pts (('point', 5, 'S'))
  Declare sequence: rootbotz wins 10 pts (('sequence', 5, 14, 'S'))
  Declare set: teambinary wins 3 pts (('set', 3, 11))

--- Phase: tricks ---
  Trick  1: rootbotz leads AS, teambinary plays 8S -> rootbotz wins
  Trick  2: rootbotz leads AH, teambinary plays JH -> rootbotz wins
  Trick  3: rootbotz leads 10S, teambinary plays 9S -> rootbotz wins
  Trick  4: rootbotz leads JS, teambinary plays 8C -> rootbotz wins
  Trick  5: rootbotz leads QS, teambinary plays 10C -> rootbotz wins
  Trick  6: rootbotz leads KS, teambinary plays JC -> rootbotz wins
  Trick  7: rootbotz leads KC, teambinary plays AC -> teambinary wins
  Trick  8: teambinary leads AD, rootbotz plays 9D -> teambinary wins
  Trick  9: teambinary leads KD, rootbotz plays 10D -> teambinary wins
  Trick 10: teambinary leads QD, rootbotz plays 9C -> teambinary wins
  Trick 11: teambinary leads QC, rootbotz plays 9H -> teambinary wins
  Trick 12: teambinary leads JD, rootbotz plays 10H -> teambinary wins
  Hand: teambinary +10 / rootbotz +21 (tricks 6-6)
  Match total: teambinary 79 - 99 rootbotz
Players: teambinary vs rootbotz
Dealer: rootbotz  |  Elder: teambinary
Match scores: 79 - 99
Talon (8): 10C AC JD KD 9H JH QH KS
teambinary hand: 8C 9C JC KC 7D 8D 9D AH 7S 9S QS AS
rootbotz hand: 7C QC 10D QD AD 7H 8H 10H KH 8S 10S JS
  Exchange teambinary: discard 8C 9C 7D 7S 9S -> draw 10C AC JD KD KS (talon 3 left)
  Exchange rootbotz: discard 7C QC 8H -> draw 9H JH QH (talon 0 left)

--- Phase: declare ---
  Declare point: rootbotz wins 6 pts (('point', 6, 'H'))
  Declare sequence: rootbotz wins 10 pts (('sequence', 5, 13, 'H'))
  Declare set: teambinary wins 3 pts (('set', 3, 14))

--- Phase: tricks ---
  Trick  1: teambinary leads AS, rootbotz plays 8S -> teambinary wins
  Trick  2: teambinary leads AH, rootbotz plays 7H -> teambinary wins
  Trick  3: teambinary leads AC, rootbotz plays 9H -> teambinary wins
  Trick  4: teambinary leads KD, rootbotz plays AD -> rootbotz wins
  Trick  5: rootbotz leads QD, teambinary plays 8D -> rootbotz wins
  Trick  6: rootbotz leads 10D, teambinary plays JD -> teambinary wins
  Trick  7: teambinary leads KC, rootbotz plays 10S -> teambinary wins
  Trick  8: teambinary leads KS, rootbotz plays JS -> teambinary wins
  Trick  9: teambinary leads JC, rootbotz plays 10H -> teambinary wins
  Trick 10: teambinary leads 9D, rootbotz plays JH -> teambinary wins
  Trick 11: teambinary leads QS, rootbotz plays QH -> teambinary wins
  Trick 12: teambinary leads 10C, rootbotz plays KH -> teambinary wins
  Hand: teambinary +24 / rootbotz +18 (tricks 10-2)
  Match total: teambinary 103 - 117 rootbotz
  Final: teambinary 103 - 117 rootbotz
  Winner: rootbotz

============================================================
Game 57
============================================================
Players: rootbotz vs teambinary
Dealer: rootbotz  |  Elder: teambinary
Match scores: 0 - 0
Talon (8): 9C KC 10D JD 7H 9H 10S QS
rootbotz hand: 7C 8C 7D 8D 9D QD KD 8H QH AH 8S 9S
teambinary hand: 10C JC QC AC AD 10H JH KH 7S JS KS AS
  Exchange teambinary: discard 7S -> draw 9C (talon 7 left)
  Exchange rootbotz: discard 7C 8C 8H 8S 9S -> draw 10D JD 7H 10S QS (talon 2 left)

--- Phase: declare ---
  Declare point: rootbotz wins 7 pts (('point', 7, 'D'))
  Declare sequence: rootbotz wins 12 pts (('sequence', 7, 13, 'D'))
  Declare set: teambinary wins 3 pts (('set', 3, 14))

--- Phase: tricks ---
  Trick  1: teambinary leads AS, rootbotz plays 10S -> teambinary wins
  Trick  2: teambinary leads AC, rootbotz plays 7H -> teambinary wins
  Trick  3: teambinary leads AD, rootbotz plays 7D -> teambinary wins
  Trick  4: teambinary leads QC, rootbotz plays 8D -> teambinary wins
  Trick  5: teambinary leads JC, rootbotz plays 9D -> teambinary wins
  Trick  6: teambinary leads KH, rootbotz plays AH -> rootbotz wins
  Trick  7: rootbotz leads QH, teambinary plays 10H -> rootbotz wins
  Trick  8: rootbotz leads 10D, teambinary plays 9C -> rootbotz wins
  Trick  9: rootbotz leads JD, teambinary plays 10C -> rootbotz wins
  Trick 10: rootbotz leads QS, teambinary plays KS -> teambinary wins
  Trick 11: teambinary leads JH, rootbotz plays QD -> teambinary wins
  Trick 12: teambinary leads JS, rootbotz plays KD -> teambinary wins
  Hand: rootbotz +23 / teambinary +22 (tricks 4-8)
  Match total: rootbotz 23 - 22 teambinary
Players: rootbotz vs teambinary
Dealer: teambinary  |  Elder: rootbotz
Match scores: 23 - 22
Talon (8): 8C JC KC AC KD KH JS KS
rootbotz hand: 10C 7D QD AD 7H 8H 9H JH AH 7S 8S 9S
teambinary hand: 7C 9C QC 8D 9D 10D JD 10H QH 10S QS AS
  Exchange rootbotz: discard 10C 7D 7S 8S 9S -> draw JC KC KH JS KS (talon 3 left)
  Exchange teambinary: discard 7C 9C -> draw 8C KD (talon 1 left)

--- Phase: declare ---
  Declare point: rootbotz wins 6 pts (('point', 6, 'H'))
  Declare sequence: teambinary wins 4 pts (('sequence', 4, 11, 'D'))
  Declare set: rootbotz wins 3 pts (('set', 3, 13))

--- Phase: tricks ---
  Trick  1: rootbotz leads AH, teambinary plays 10H -> rootbotz wins
  Trick  2: rootbotz leads AD, teambinary plays 8D -> rootbotz wins
  Trick  3: rootbotz leads KH, teambinary plays QH -> rootbotz wins
  Trick  4: rootbotz leads JH, teambinary plays 8C -> rootbotz wins
  Trick  5: rootbotz leads QD, teambinary plays KD -> teambinary wins
  Trick  6: teambinary leads AS, rootbotz plays JS -> teambinary wins
  Trick  7: teambinary leads JD, rootbotz plays 7H -> teambinary wins
  Trick  8: teambinary leads QS, rootbotz plays KS -> rootbotz wins
  Trick  9: rootbotz leads 8H, teambinary plays 9D -> rootbotz wins
  Trick 10: rootbotz leads 9H, teambinary plays 10D -> rootbotz wins
  Trick 11: rootbotz leads JC, teambinary plays QC -> teambinary wins
  Trick 12: teambinary leads 10S, rootbotz plays KC -> teambinary wins
  Hand: rootbotz +26 / teambinary +10 (tricks 7-5)
  Match total: rootbotz 49 - 32 teambinary
Players: rootbotz vs teambinary
Dealer: rootbotz  |  Elder: teambinary
Match scores: 49 - 32
Talon (8): 8C 9D 8H 9H AH 8S 9S AS
rootbotz hand: 7C 10C QC 8D JD AD 7H JH KH 7S 10S KS
teambinary hand: 9C JC KC AC 7D 10D QD KD 10H QH JS QS
  Exchange teambinary: discard 9C 7D -> draw 8H AS (talon 6 left)
  Exchange rootbotz: discard 7C 10C QC 8D 7S 10S -> draw 8C 9D 9H AH 8S 9S (talon 0 left)

--- Phase: declare ---
  Declare point: rootbotz wins 5 pts (('point', 5, 'H'))
  Declare set: teambinary wins 3 pts (('set', 3, 12))

--- Phase: tricks ---
  Trick  1: teambinary leads AC, rootbotz plays 8C -> teambinary wins
  Trick  2: teambinary leads AS, rootbotz plays 8S -> teambinary wins
  Trick  3: teambinary leads KD, rootbotz plays AD -> rootbotz wins
  Trick  4: rootbotz leads AH, teambinary plays 8H -> rootbotz wins
  Trick  5: rootbotz leads KS, teambinary plays JS -> rootbotz wins
  Trick  6: rootbotz leads KH, teambinary plays 10H -> rootbotz wins
  Trick  7: rootbotz leads JH, teambinary plays QH -> teambinary wins
  Trick  8: teambinary leads KC, rootbotz plays 7H -> teambinary wins
  Trick  9: teambinary leads QD, rootbotz plays 9D -> teambinary wins
  Trick 10: teambinary leads JC, rootbotz plays 9H -> teambinary wins
  Trick 11: teambinary leads QS, rootbotz plays 9S -> teambinary wins
  Trick 12: teambinary leads 10D, rootbotz plays JD -> rootbotz wins
  Hand: rootbotz +11 / teambinary +20 (tricks 5-7)
  Match total: rootbotz 60 - 52 teambinary
Players: rootbotz vs teambinary
Dealer: teambinary  |  Elder: rootbotz
Match scores: 60 - 52
Talon (8): JC 10D JD KD AD 10H QS KS
rootbotz hand: QC AC 7D 9D QD 7H 8H JH KH AH 7S 10S
teambinary hand: 7C 8C 9C 10C KC 8D 9H QH 8S 9S JS AS
  Exchange rootbotz: discard 7D 9D 8H 7S 10S -> draw JC KD AD 10H KS (talon 3 left)
  Exchange teambinary: discard 8D 9H 8S -> draw 10D JD QS (talon 0 left)

--- Phase: declare ---
  Declare point: rootbotz wins 5 pts (('point', 5, 'H'))
  Declare sequence: teambinary wins 4 pts (('sequence', 4, 10, 'C'))
  Declare set: rootbotz wins 3 pts (('set', 3, 14))

--- Phase: tricks ---
  Trick  1: rootbotz leads AH, teambinary plays QH -> rootbotz wins
  Trick  2: rootbotz leads AD, teambinary plays 10D -> rootbotz wins
  Trick  3: rootbotz leads AC, teambinary plays 7C -> rootbotz wins
  Trick  4: rootbotz leads QD, teambinary plays JD -> rootbotz wins
  Trick  5: rootbotz leads KH, teambinary plays 8C -> rootbotz wins
  Trick  6: rootbotz leads KD, teambinary plays 9C -> rootbotz wins
  Trick  7: rootbotz leads 10H, teambinary plays 9S -> rootbotz wins
  Trick  8: rootbotz leads JH, teambinary plays 10C -> rootbotz wins
  Trick  9: rootbotz leads 7H, teambinary plays JS -> rootbotz wins
  Trick 10: rootbotz leads JC, teambinary plays KC -> teambinary wins
  Trick 11: teambinary leads AS, rootbotz plays KS -> teambinary wins
  Trick 12: teambinary leads QS, rootbotz plays QC -> teambinary wins
  Hand: rootbotz +27 / teambinary +8 (tricks 9-3)
  Match total: rootbotz 87 - 60 teambinary
Players: rootbotz vs teambinary
Dealer: rootbotz  |  Elder: teambinary
Match scores: 87 - 60
Talon (8): 7C QC KC 8D AD 10H AH QS
rootbotz hand: 9C 10C JC AC 9D 8H 9H QH KH 9S JS KS
teambinary hand: 8C 7D 10D JD QD KD 7H JH 7S 8S 10S AS
  Exchange teambinary: discard 8C 7D 7H 7S 8S -> draw 7C QC 8D 10H AH (talon 3 left)
  Exchange rootbotz: discard 8H 9H QH -> draw KC AD QS (talon 0 left)

--- Phase: declare ---
  Declare point: rootbotz wins 5 pts (('point', 5, 'C'))
  Declare sequence: teambinary wins 4 pts (('sequence', 4, 13, 'D'))
  Declare set: rootbotz wins 3 pts (('set', 3, 13))

--- Phase: tricks ---
  Trick  1: teambinary leads AS, rootbotz plays 9S -> teambinary wins
  Trick  2: teambinary leads AH, rootbotz plays KH -> teambinary wins
  Trick  3: teambinary leads KD, rootbotz plays AD -> rootbotz wins
  Trick  4: rootbotz leads AC, teambinary plays 7C -> rootbotz wins
  Trick  5: rootbotz leads JS, teambinary plays 10S -> rootbotz wins
  Trick  6: rootbotz leads QS, teambinary plays 8D -> rootbotz wins
  Trick  7: rootbotz leads 9C, teambinary plays QC -> teambinary wins
  Trick  8: teambinary leads QD, rootbotz plays 9D -> teambinary wins
  Trick  9: teambinary leads JD, rootbotz plays 10C -> teambinary wins
  Trick 10: teambinary leads JH, rootbotz plays JC -> teambinary wins
  Trick 11: teambinary leads 10D, rootbotz plays KS -> teambinary wins
  Trick 12: teambinary leads 10H, rootbotz plays KC -> teambinary wins
  Hand: rootbotz +12 / teambinary +23 (tricks 4-8)
  Match total: rootbotz 99 - 83 teambinary
Players: rootbotz vs teambinary
Dealer: teambinary  |  Elder: rootbotz
Match scores: 99 - 83
Talon (8): 9C AC 10D AD AH 8S 9S JS
rootbotz hand: 8C 10C 9D QD 7H JH QH KH 7S 10S QS AS
teambinary hand: 7C JC QC KC 7D 8D JD KD 8H 9H 10H KS
  Exchange rootbotz: discard 8C 10C 7H 7S 10S -> draw 9C AH 8S 9S JS (talon 3 left)
  Exchange teambinary: discard 7C 7D 8D -> draw AC 10D AD (talon 0 left)

--- Phase: declare ---
  Declare point: rootbotz wins 5 pts (('point', 5, 'S'))
  Declare set: teambinary wins 3 pts (('set', 3, 13))

--- Phase: tricks ---
  Trick  1: rootbotz leads AS, teambinary plays KS -> rootbotz wins
  Trick  2: rootbotz leads AH, teambinary plays 8H -> rootbotz wins
  Trick  3: rootbotz leads JH, teambinary plays 9H -> rootbotz wins
  Trick  4: rootbotz leads QH, teambinary plays 10H -> rootbotz wins
  Trick  5: rootbotz leads KH, teambinary plays 10D -> rootbotz wins
  Trick  6: rootbotz leads 8S, teambinary plays JC -> rootbotz wins
  Trick  7: rootbotz leads 9S, teambinary plays JD -> rootbotz wins
  Trick  8: rootbotz leads JS, teambinary plays QC -> rootbotz wins
  Trick  9: rootbotz leads QS, teambinary plays KC -> rootbotz wins
  Trick 10: rootbotz leads 9D, teambinary plays KD -> teambinary wins
  Trick 11: teambinary leads AC, rootbotz plays 9C -> teambinary wins
  Trick 12: teambinary leads AD, rootbotz plays QD -> teambinary wins
  Hand: rootbotz +24 / teambinary +7 (tricks 9-3)
  Match total: rootbotz 123 - 90 teambinary
  Final: rootbotz 123 - 90 teambinary
  Winner: rootbotz

============================================================
Game 58
============================================================
Players: teambinary vs rootbotz
Dealer: teambinary  |  Elder: rootbotz
Match scores: 0 - 0
Talon (8): 7C JC AC 7D 9D QD 7H QH
teambinary hand: 8C 8D 10D KD AD 8H 9H 10H AH 7S KS AS
rootbotz hand: 9C 10C QC KC JD JH KH 8S 9S 10S JS QS
  Exchange rootbotz: discard 9C 10C QC KC KH -> draw JC AC 7D 9D 7H (talon 3 left)
  Exchange teambinary: discard 8C 8D 7S -> draw 7C QD QH (talon 0 left)

--- Phase: declare ---
  Declare point: teambinary wins 5 pts (('point', 5, 'H'))
  Declare sequence: rootbotz wins 10 pts (('sequence', 5, 12, 'S'))
  Declare set: teambinary wins 3 pts (('set', 3, 14))

--- Phase: tricks ---
  Trick  1: rootbotz leads AC, teambinary plays 7C -> rootbotz wins
  Trick  2: rootbotz leads JC, teambinary plays 8H -> rootbotz wins
  Trick  3: rootbotz leads 8S, teambinary plays KS -> teambinary wins
  Trick  4: teambinary leads AS, rootbotz plays 9S -> teambinary wins
  Trick  5: teambinary leads AH, rootbotz plays 7H -> teambinary wins
  Trick  6: teambinary leads AD, rootbotz plays 7D -> teambinary wins
  Trick  7: teambinary leads QH, rootbotz plays JH -> teambinary wins
  Trick  8: teambinary leads KD, rootbotz plays 9D -> teambinary wins
  Trick  9: teambinary leads 10H, rootbotz plays 10S -> teambinary wins
  Trick 10: teambinary leads QD, rootbotz plays JD -> teambinary wins
  Trick 11: teambinary leads 9H, rootbotz plays JS -> teambinary wins
  Trick 12: teambinary leads 10D, rootbotz plays QS -> teambinary wins
  Hand: teambinary +29 / rootbotz +12 (tricks 10-2)
  Match total: teambinary 29 - 12 rootbotz
Players: teambinary vs rootbotz
Dealer: rootbotz  |  Elder: teambinary
Match scores: 29 - 12
Talon (8): 9C 8D QD 9H 10H AH JS QS
teambinary hand: 10C JC QC 9D JD KD AD 8H KH 7S 8S 10S
rootbotz hand: 7C 8C KC AC 7D 10D 7H JH QH 9S KS AS
  Exchange teambinary: discard 9D 8H 7S 8S -> draw 9C 8D 9H JS (talon 4 left)
  Exchange rootbotz: discard 7D 10D 7H 9S -> draw QD 10H AH QS (talon 0 left)

--- Phase: declare ---
  Declare point: rootbotz wins 4 pts (('point', 4, 'H'))
  Declare sequence: teambinary wins 4 pts (('sequence', 4, 12, 'C'))
  Declare set: rootbotz wins 3 pts (('set', 3, 14))

--- Phase: tricks ---
  Trick  1: teambinary leads AD, rootbotz plays QD -> teambinary wins
  Trick  2: teambinary leads QC, rootbotz plays KC -> rootbotz wins
  Trick  3: rootbotz leads AS, teambinary plays 10S -> rootbotz wins
  Trick  4: rootbotz leads AH, teambinary plays 9H -> rootbotz wins
  Trick  5: rootbotz leads AC, teambinary plays 9C -> rootbotz wins
  Trick  6: rootbotz leads QS, teambinary plays JS -> rootbotz wins
  Trick  7: rootbotz leads 10H, teambinary plays KH -> teambinary wins
  Trick  8: teambinary leads KD, rootbotz plays 7C -> teambinary wins
  Trick  9: teambinary leads JD, rootbotz plays 8C -> teambinary wins
  Trick 10: teambinary leads JC, rootbotz plays JH -> teambinary wins
  Trick 11: teambinary leads 10C, rootbotz plays QH -> teambinary wins
  Trick 12: teambinary leads 8D, rootbotz plays KS -> teambinary wins
  Hand: teambinary +22 / rootbotz +12 (tricks 7-5)
  Match total: teambinary 51 - 24 rootbotz
Players: teambinary vs rootbotz
Dealer: teambinary  |  Elder: rootbotz
Match scores: 51 - 24
Talon (8): 10C JC QC 8D 9H 7S 8S AS
teambinary hand: 9C KC AC 7D 10D KD 10H QH KH 9S QS KS
rootbotz hand: 7C 8C 9D JD QD AD 7H 8H JH AH 10S JS
  Exchange rootbotz: discard 7C 8C 9D 7H 8H -> draw JC QC 8D 9H 8S (talon 3 left)
  Exchange teambinary: discard 9C 7D 9S -> draw 10C 7S AS (talon 0 left)

--- Phase: declare ---
  Declare point: rootbotz wins 4 pts (('point', 4, 'D'))
  Declare sequence: teambinary wins 3 pts (('sequence', 3, 14, 'S'))
  Declare set: teambinary wins 14 pts (('set', 4, 13))

--- Phase: tricks ---
  Trick  1: rootbotz leads AH, teambinary plays 10H -> rootbotz wins
  Trick  2: rootbotz leads AD, teambinary plays 10D -> rootbotz wins
  Trick  3: rootbotz leads 10S, teambinary plays QS -> teambinary wins
  Trick  4: teambinary leads AC, rootbotz plays JC -> teambinary wins
  Trick  5: teambinary leads AS, rootbotz plays 8S -> teambinary wins
  Trick  6: teambinary leads KC, rootbotz plays QC -> teambinary wins
  Trick  7: teambinary leads KH, rootbotz plays 9H -> teambinary wins
  Trick  8: teambinary leads KS, rootbotz plays JS -> teambinary wins
  Trick  9: teambinary leads QH, rootbotz plays JH -> teambinary wins
  Trick 10: teambinary leads KD, rootbotz plays 8D -> teambinary wins
  Trick 11: teambinary leads 10C, rootbotz plays JD -> teambinary wins
  Trick 12: teambinary leads 7S, rootbotz plays QD -> teambinary wins
  Hand: teambinary +38 / rootbotz +6 (tricks 10-2)
  Match total: teambinary 89 - 30 rootbotz
Players: teambinary vs rootbotz
Dealer: rootbotz  |  Elder: teambinary
Match scores: 89 - 30
Talon (8): 8C 9C KC QD 8H 10H QH QS
teambinary hand: JC QC 9D 10D JD KD 7H 9H JH KH AH AS
rootbotz hand: 7C 10C AC 7D 8D AD 7S 8S 9S 10S JS KS
  Exchange teambinary: discard 7H 9H -> draw 8C 10H (talon 6 left)
  Exchange rootbotz: discard 7C 10C 7D 8D KS -> draw KC QD 8H QH QS (talon 1 left)

--- Phase: declare ---
  Declare point: rootbotz wins 6 pts (('point', 6, 'S'))
  Declare sequence: rootbotz wins 11 pts (('sequence', 6, 12, 'S'))
  Declare set: rootbotz wins 3 pts (('set', 3, 12))

--- Phase: tricks ---
  Trick  1: teambinary leads AS, rootbotz plays 7S -> teambinary wins
  Trick  2: teambinary leads AH, rootbotz plays 8H -> teambinary wins
  Trick  3: teambinary leads KD, rootbotz plays AD -> rootbotz wins
  Trick  4: rootbotz leads AC, teambinary plays 8C -> rootbotz wins
  Trick  5: rootbotz leads 8S, teambinary plays 9D -> rootbotz wins
  Trick  6: rootbotz leads 9S, teambinary plays 10D -> rootbotz wins
  Trick  7: rootbotz leads 10S, teambinary plays 10H -> rootbotz wins
  Trick  8: rootbotz leads JS, teambinary plays JC -> rootbotz wins
  Trick  9: rootbotz leads QS, teambinary plays JD -> rootbotz wins
  Trick 10: rootbotz leads QH, teambinary plays KH -> teambinary wins
  Trick 11: teambinary leads QC, rootbotz plays KC -> rootbotz wins
  Trick 12: rootbotz leads QD, teambinary plays JH -> rootbotz wins
  Hand: teambinary +3 / rootbotz +40 (tricks 3-9)
  Match total: teambinary 92 - 70 rootbotz
Players: teambinary vs rootbotz
Dealer: teambinary  |  Elder: rootbotz
Match scores: 92 - 70
Talon (8): 9C AC 7D 10D JD KD AH 8S
teambinary hand: 10C JC KC 7H 8H 9H JH QH 10S JS QS KS
rootbotz hand: 7C 8C QC 8D 9D QD AD 10H KH 7S 9S AS
  Exchange rootbotz: discard 7C 8C 9D 7S 9S -> draw 9C 7D 10D JD AH (talon 3 left)
  Exchange teambinary: discard  -> draw  (talon 3 left)

--- Phase: declare ---
  Declare point: rootbotz wins 6 pts (('point', 6, 'D'))
  Declare sequence: teambinary wins 4 pts (('sequence', 4, 13, 'S'))
  Declare set: rootbotz wins 3 pts (('set', 3, 14))

--- Phase: tricks ---
  Trick  1: rootbotz leads AS, teambinary plays 10S -> rootbotz wins
  Trick  2: rootbotz leads AH, teambinary plays 7H -> rootbotz wins
  Trick  3: rootbotz leads AD, teambinary plays 8H -> rootbotz wins
  Trick  4: rootbotz leads KH, teambinary plays 9H -> rootbotz wins
  Trick  5: rootbotz leads 7D, teambinary plays 10C -> rootbotz wins
  Trick  6: rootbotz leads 8D, teambinary plays JC -> rootbotz wins
  Trick  7: rootbotz leads 10D, teambinary plays JH -> rootbotz wins
  Trick  8: rootbotz leads JD, teambinary plays JS -> rootbotz wins
  Trick  9: rootbotz leads 9C, teambinary plays KC -> teambinary wins
  Trick 10: teambinary leads KS, rootbotz plays 10H -> teambinary wins
  Trick 11: teambinary leads QH, rootbotz plays QD -> teambinary wins
  Trick 12: teambinary leads QS, rootbotz plays QC -> teambinary wins
  Hand: teambinary +9 / rootbotz +27 (tricks 4-8)
  Match total: teambinary 101 - 97 rootbotz
  Final: teambinary 101 - 97 rootbotz
  Winner: teambinary

============================================================
Game 59
============================================================
Players: rootbotz vs teambinary
Dealer: rootbotz  |  Elder: teambinary
Match scores: 0 - 0
Talon (8): JC KC 10D JD 8H QH 7S QS
rootbotz hand: 7C 8C 10C AC 8D QD KD AD 7H 10H JS AS
teambinary hand: 9C QC 7D 9D 9H JH KH AH 8S 9S 10S KS
  Exchange teambinary: discard 9C 7D 9D 9H -> draw 10D JD 8H QS (talon 4 left)
  Exchange rootbotz: discard 8D 7H 10H JS -> draw JC KC QH 7S (talon 0 left)

--- Phase: declare ---
  Declare point: rootbotz wins 6 pts (('point', 6, 'C'))
  Declare sequence: rootbotz wins 3 pts (('sequence', 3, 14, 'D'))
  Declare set: rootbotz wins 3 pts (('set', 3, 14))

--- Phase: tricks ---
  Trick  1: teambinary leads AH, rootbotz plays QH -> teambinary wins
  Trick  2: teambinary leads KS, rootbotz plays AS -> rootbotz wins
  Trick  3: rootbotz leads AD, teambinary plays 10D -> rootbotz wins
  Trick  4: rootbotz leads AC, teambinary plays QC -> rootbotz wins
  Trick  5: rootbotz leads QD, teambinary plays JD -> rootbotz wins
  Trick  6: rootbotz leads KD, teambinary plays 8H -> rootbotz wins
  Trick  7: rootbotz leads KC, teambinary plays 8S -> rootbotz wins
  Trick  8: rootbotz leads 10C, teambinary plays 9S -> rootbotz wins
  Trick  9: rootbotz leads JC, teambinary plays 10S -> rootbotz wins
  Trick 10: rootbotz leads 7C, teambinary plays JH -> rootbotz wins
  Trick 11: rootbotz leads 8C, teambinary plays QS -> rootbotz wins
  Trick 12: rootbotz leads 7S, teambinary plays KH -> rootbotz wins
  Hand: rootbotz +34 / teambinary +1 (tricks 11-1)
  Match total: rootbotz 34 - 1 teambinary
Players: rootbotz vs teambinary
Dealer: teambinary  |  Elder: rootbotz
Match scores: 34 - 1
Talon (8): 8C 10C JC KC AC KD 8H 7S
rootbotz hand: 7C 9C 8D 10D 9H JH QH KH AH 8S QS AS
teambinary hand: QC 7D 9D JD QD AD 7H 10H 9S 10S JS KS
  Exchange rootbotz: discard 7C 9C 8D 8S QS -> draw 8C 10C JC KD 7S (talon 3 left)
  Exchange teambinary: discard 7D 9D 7H -> draw KC AC 8H (talon 0 left)

--- Phase: declare ---
  Declare point: rootbotz wins 5 pts (('point', 5, 'H'))
  Declare sequence: rootbotz wins 4 pts (('sequence', 4, 14, 'H'))

--- Phase: tricks ---
  Trick  1: rootbotz leads AS, teambinary plays 9S -> rootbotz wins
  Trick  2: rootbotz leads AH, teambinary plays 8H -> rootbotz wins
  Trick  3: rootbotz leads JH, teambinary plays 10H -> rootbotz wins
  Trick  4: rootbotz leads QH, teambinary plays 10S -> rootbotz wins
  Trick  5: rootbotz leads KH, teambinary plays JD -> rootbotz wins
  Trick  6: rootbotz leads 9H, teambinary plays JS -> rootbotz wins
  Trick  7: rootbotz leads KD, teambinary plays AD -> teambinary wins
  Trick  8: teambinary leads AC, rootbotz plays 8C -> teambinary wins
  Trick  9: teambinary leads KC, rootbotz plays 10C -> teambinary wins
  Trick 10: teambinary leads QC, rootbotz plays JC -> teambinary wins
  Trick 11: teambinary leads KS, rootbotz plays 7S -> teambinary wins
  Trick 12: teambinary leads QD, rootbotz plays 10D -> teambinary wins
  Hand: rootbotz +15 / teambinary +7 (tricks 6-6)
  Match total: rootbotz 49 - 8 teambinary
Players: rootbotz vs teambinary
Dealer: rootbotz  |  Elder: teambinary
Match scores: 49 - 8
Talon (8): 7D 8D QD 9H QH 7S 8S JS
rootbotz hand: 7C 8C JC 9D 10D JD 7H 8H 10H AH 9S KS
teambinary hand: 9C 10C QC KC AC KD AD JH KH 10S QS AS
  Exchange teambinary: discard 9C -> draw JS (talon 7 left)
  Exchange rootbotz: discard 7C 8C JC 7H 8H 9S -> draw 7D 8D QD 9H 7S 8S (talon 1 left)

--- Phase: declare ---
  Declare point: rootbotz wins 6 pts (('point', 6, 'D'))
  Declare sequence: rootbotz wins 11 pts (('sequence', 6, 12, 'D'))
  Declare set: teambinary wins 3 pts (('set', 3, 14))

--- Phase: tricks ---
  Trick  1: teambinary leads AC, rootbotz plays 7S -> teambinary wins
  Trick  2: teambinary leads AD, rootbotz plays 7D -> teambinary wins
  Trick  3: teambinary leads AS, rootbotz plays 8S -> teambinary wins
  Trick  4: teambinary leads KC, rootbotz plays 8D -> teambinary wins
  Trick  5: teambinary leads QS, rootbotz plays KS -> rootbotz wins
  Trick  6: rootbotz leads AH, teambinary plays JH -> rootbotz wins
  Trick  7: rootbotz leads 9H, teambinary plays KH -> teambinary wins
  Trick  8: teambinary leads QC, rootbotz plays 9D -> teambinary wins
  Trick  9: teambinary leads JS, rootbotz plays 10H -> teambinary wins
  Trick 10: teambinary leads 10C, rootbotz plays 10D -> teambinary wins
  Trick 11: teambinary leads 10S, rootbotz plays JD -> teambinary wins
  Trick 12: teambinary leads KD, rootbotz plays QD -> teambinary wins
  Hand: rootbotz +19 / teambinary +24 (tricks 2-10)
  Match total: rootbotz 68 - 32 teambinary
Players: rootbotz vs teambinary
Dealer: teambinary  |  Elder: rootbotz
Match scores: 68 - 32
Talon (8): 8C QC JD JH KH 7S QS AS
rootbotz hand: 7C 9C AC 7D KD 7H 8H 10H QH 8S JS KS
teambinary hand: 10C JC KC 8D 9D 10D QD AD 9H AH 9S 10S
  Exchange rootbotz: discard 7C 9C 7D 7H 8H -> draw 8C QC JH 7S QS (talon 3 left)
  Exchange teambinary: discard 9H 9S -> draw KH AS (talon 1 left)

--- Phase: declare ---
  Declare point: teambinary wins 5 pts (('point', 5, 'D'))
  Declare sequence: rootbotz wins 3 pts (('sequence', 3, 13, 'S'))
  Declare set: teambinary wins 3 pts (('set', 3, 14))

--- Phase: tricks ---
  Trick  1: rootbotz leads AC, teambinary plays 10C -> rootbotz wins
  Trick  2: rootbotz leads QC, teambinary plays KC -> teambinary wins
  Trick  3: teambinary leads AH, rootbotz plays 10H -> teambinary wins
  Trick  4: teambinary leads AD, rootbotz plays KD -> teambinary wins
  Trick  5: teambinary leads AS, rootbotz plays 7S -> teambinary wins
  Trick  6: teambinary leads QD, rootbotz plays 8C -> teambinary wins
  Trick  7: teambinary leads 10D, rootbotz plays 8S -> teambinary wins
  Trick  8: teambinary leads 9D, rootbotz plays JH -> teambinary wins
  Trick  9: teambinary leads 8D, rootbotz plays JS -> teambinary wins
  Trick 10: teambinary leads JC, rootbotz plays QH -> teambinary wins
  Trick 11: teambinary leads 10S, rootbotz plays QS -> rootbotz wins
  Trick 12: rootbotz leads KS, teambinary plays KH -> rootbotz wins
  Hand: rootbotz +7 / teambinary +27 (tricks 3-9)
  Match total: rootbotz 75 - 59 teambinary
Players: rootbotz vs teambinary
Dealer: rootbotz  |  Elder: teambinary
Match scores: 75 - 59
Talon (8): 9C 10C 10H QH JS QS KS AS
rootbotz hand: 7C 8C JC QC 8D 9D 10D QD KD AD 8H AH
teambinary hand: KC AC 7D JD 7H 9H JH KH 7S 8S 9S 10S
  Exchange teambinary: discard 7D 7H 9H -> draw JS QS AS (talon 5 left)
  Exchange rootbotz: discard 7C 8C JC 8D -> draw 9C 10C 10H QH (talon 1 left)

--- Phase: declare ---
  Declare point: teambinary wins 7 pts (('point', 7, 'S'))
  Declare sequence: teambinary wins 11 pts (('sequence', 6, 12, 'S'))
  Declare set: rootbotz wins 3 pts (('set', 3, 12))

--- Phase: tricks ---
  Trick  1: teambinary leads AC, rootbotz plays 9C -> teambinary wins
  Trick  2: teambinary leads AS, rootbotz plays 8H -> teambinary wins
  Trick  3: teambinary leads QS, rootbotz plays 9D -> teambinary wins
  Trick  4: teambinary leads JS, rootbotz plays 10C -> teambinary wins
  Trick  5: teambinary leads 10S, rootbotz plays 10H -> teambinary wins
  Trick  6: teambinary leads 9S, rootbotz plays 10D -> teambinary wins
  Trick  7: teambinary leads 8S, rootbotz plays QC -> teambinary wins
  Trick  8: teambinary leads KH, rootbotz plays AH -> rootbotz wins
  Trick  9: rootbotz leads AD, teambinary plays JD -> rootbotz wins
  Trick 10: rootbotz leads QH, teambinary plays JH -> rootbotz wins
  Trick 11: rootbotz leads QD, teambinary plays 7S -> rootbotz wins
  Trick 12: rootbotz leads KD, teambinary plays KC -> rootbotz wins
  Hand: rootbotz +9 / teambinary +35 (tricks 5-7)
  Match total: rootbotz 84 - 94 teambinary
Players: rootbotz vs teambinary
Dealer: teambinary  |  Elder: rootbotz
Match scores: 84 - 94
Talon (8): 7C 10C JD 9H JH QH AH 9S
rootbotz hand: 8C QC 7D 9D 10D AD KH 8S 10S QS KS AS
teambinary hand: 9C JC KC AC 8D QD KD 7H 8H 10H 7S JS
  Exchange rootbotz: discard 8C 7D 9D 10D 8S -> draw 7C 10C JD QH 9S (talon 3 left)
  Exchange teambinary: discard 8D 7H 7S -> draw 9H JH AH (talon 0 left)

--- Phase: declare ---
  Declare point: rootbotz wins 5 pts (('point', 5, 'S'))
  Declare sequence: teambinary wins 4 pts (('sequence', 4, 11, 'H'))
  Declare set: rootbotz wins 3 pts (('set', 3, 12))

--- Phase: tricks ---
  Trick  1: rootbotz leads AS, teambinary plays JS -> rootbotz wins
  Trick  2: rootbotz leads AD, teambinary plays QD -> rootbotz wins
  Trick  3: rootbotz leads QS, teambinary plays 8H -> rootbotz wins
  Trick  4: rootbotz leads KS, teambinary plays 9C -> rootbotz wins
  Trick  5: rootbotz leads 9S, teambinary plays 9H -> rootbotz wins
  Trick  6: rootbotz leads 10S, teambinary plays 10H -> rootbotz wins
  Trick  7: rootbotz leads QH, teambinary plays AH -> teambinary wins
  Trick  8: teambinary leads AC, rootbotz plays 7C -> teambinary wins
  Trick  9: teambinary leads KC, rootbotz plays 10C -> teambinary wins
  Trick 10: teambinary leads KD, rootbotz plays JD -> teambinary wins
  Trick 11: teambinary leads JC, rootbotz plays QC -> rootbotz wins
  Trick 12: rootbotz leads KH, teambinary plays JH -> rootbotz wins
  Hand: rootbotz +27 / teambinary +8 (tricks 8-4)
  Match total: rootbotz 111 - 102 teambinary
  Final: rootbotz 111 - 102 teambinary
  Winner: rootbotz

============================================================
Game 60
============================================================
Players: teambinary vs rootbotz
Dealer: teambinary  |  Elder: rootbotz
Match scores: 0 - 0
Talon (8): JC JD AD JH 8S 10S QS KS
teambinary hand: 8C 9C KC 9D 10D KD 7H 8H 9H 10H QH 9S
rootbotz hand: 7C 10C QC AC 7D 8D QD KH AH 7S JS AS
  Exchange rootbotz: discard 7C 7D 8D 7S JS -> draw JD AD JH 10S KS (talon 3 left)
  Exchange teambinary: discard 8C 9C 9S -> draw JC 8S QS (talon 0 left)

--- Phase: declare ---
  Declare point: teambinary wins 5 pts (('point', 5, 'H'))
  Declare sequence: teambinary wins 4 pts (('sequence', 4, 10, 'H'))
  Declare set: rootbotz wins 14 pts (('set', 4, 14))

--- Phase: tricks ---
  Trick  1: rootbotz leads AS, teambinary plays 8S -> rootbotz wins
  Trick  2: rootbotz leads AH, teambinary plays 7H -> rootbotz wins
  Trick  3: rootbotz leads AD, teambinary plays 9D -> rootbotz wins
  Trick  4: rootbotz leads AC, teambinary plays JC -> rootbotz wins
  Trick  5: rootbotz leads KS, teambinary plays QS -> rootbotz wins
  Trick  6: rootbotz leads KH, teambinary plays 8H -> rootbotz wins
  Trick  7: rootbotz leads 10S, teambinary plays 9H -> rootbotz wins
  Trick  8: rootbotz leads JH, teambinary plays QH -> teambinary wins
  Trick  9: teambinary leads KD, rootbotz plays JD -> teambinary wins
  Trick 10: teambinary leads 10D, rootbotz plays QD -> rootbotz wins
  Trick 11: rootbotz leads 10C, teambinary plays KC -> teambinary wins
  Trick 12: teambinary leads 10H, rootbotz plays QC -> teambinary wins
  Hand: teambinary +14 / rootbotz +32 (tricks 4-8)
  Match total: teambinary 14 - 32 rootbotz
Players: teambinary vs rootbotz
Dealer: rootbotz  |  Elder: teambinary
Match scores: 14 - 32
Talon (8): 8C 9C QC 8D AD 9H 9S 10S
teambinary hand: AC 7D 10D JD QD 8H JH AH 7S JS QS KS
rootbotz hand: 7C 10C JC KC 9D KD 7H 10H QH KH 8S AS
  Exchange teambinary: discard 7D 8H 7S -> draw 8C 9C 10S (talon 5 left)
  Exchange rootbotz: discard 7C 10C JC 9D 8S -> draw QC 8D AD 9H 9S (talon 0 left)

--- Phase: declare ---
  Declare point: rootbotz wins 5 pts (('point', 5, 'H'))
  Declare sequence: teambinary wins 4 pts (('sequence', 4, 13, 'S'))
  Declare set: rootbotz wins 3 pts (('set', 3, 13))

--- Phase: tricks ---
  Trick  1: teambinary leads AH, rootbotz plays 7H -> teambinary wins
  Trick  2: teambinary leads AC, rootbotz plays QC -> teambinary wins
  Trick  3: teambinary leads KS, rootbotz plays AS -> rootbotz wins
  Trick  4: rootbotz leads AD, teambinary plays 10D -> rootbotz wins
  Trick  5: rootbotz leads QH, teambinary plays JH -> rootbotz wins
  Trick  6: rootbotz leads KH, teambinary plays 8C -> rootbotz wins
  Trick  7: rootbotz leads KD, teambinary plays JD -> rootbotz wins
  Trick  8: rootbotz leads KC, teambinary plays 9C -> rootbotz wins
  Trick  9: rootbotz leads 8D, teambinary plays QD -> teambinary wins
  Trick 10: teambinary leads QS, rootbotz plays 9S -> teambinary wins
  Trick 11: teambinary leads JS, rootbotz plays 9H -> teambinary wins
  Trick 12: teambinary leads 10S, rootbotz plays 10H -> teambinary wins
  Hand: teambinary +11 / rootbotz +14 (tricks 6-6)
  Match total: teambinary 25 - 46 rootbotz
Players: teambinary vs rootbotz
Dealer: teambinary  |  Elder: rootbotz
Match scores: 25 - 46
Talon (8): KC 7D 10D JD AD AH 7S AS
teambinary hand: 8C 9C 10C QC 8D 9D 7H 8H 10H KH QS KS
rootbotz hand: 7C JC AC QD KD 9H JH QH 8S 9S 10S JS
  Exchange rootbotz: discard 7C QD KD 9H QH -> draw KC 7D 10D 7S AS (talon 3 left)
  Exchange teambinary: discard 8D 9D 7H -> draw JD AD AH (talon 0 left)

--- Phase: declare ---
  Declare point: rootbotz wins 6 pts (('point', 6, 'S'))
  Declare sequence: rootbotz wins 10 pts (('sequence', 5, 11, 'S'))
  Declare set: rootbotz wins 3 pts (('set', 3, 11))

--- Phase: tricks ---
  Trick  1: rootbotz leads AS, teambinary plays QS -> rootbotz wins
  Trick  2: rootbotz leads AC, teambinary plays 8C -> rootbotz wins
  Trick  3: rootbotz leads KC, teambinary plays 9C -> rootbotz wins
  Trick  4: rootbotz leads JC, teambinary plays QC -> teambinary wins
  Trick  5: teambinary leads AD, rootbotz plays 7D -> teambinary wins
  Trick  6: teambinary leads AH, rootbotz plays JH -> teambinary wins
  Trick  7: teambinary leads KH, rootbotz plays 7S -> teambinary wins
  Trick  8: teambinary leads 10H, rootbotz plays 8S -> teambinary wins
  Trick  9: teambinary leads 8H, rootbotz plays 9S -> teambinary wins
  Trick 10: teambinary leads 10C, rootbotz plays 10D -> teambinary wins
  Trick 11: teambinary leads KS, rootbotz plays 10S -> teambinary wins
  Trick 12: teambinary leads JD, rootbotz plays JS -> teambinary wins
  Hand: teambinary +20 / rootbotz +22 (tricks 9-3)
  Match total: teambinary 45 - 68 rootbotz
Players: teambinary vs rootbotz
Dealer: rootbotz  |  Elder: teambinary
Match scores: 45 - 68
Talon (8): 7C JC QD AD 8H AH 7S JS
teambinary hand: 8C 10C QC AC 7D 10D JD KD 9H QH KH AS
rootbotz hand: 9C KC 8D 9D 7H 10H JH 8S 9S 10S QS KS
  Exchange teambinary: discard 8C 7D 9H -> draw JC AH JS (talon 5 left)
  Exchange rootbotz: discard 8D 9D 7H JH -> draw 7C QD 8H 7S (talon 1 left)

--- Phase: declare ---
  Declare point: rootbotz wins 6 pts (('point', 6, 'S'))
  Declare sequence: rootbotz wins 4 pts (('sequence', 4, 10, 'S'))
  Declare set: teambinary wins 3 pts (('set', 3, 14))

--- Phase: tricks ---
  Trick  1: teambinary leads AS, rootbotz plays 7S -> teambinary wins
  Trick  2: teambinary leads AC, rootbotz plays 7C -> teambinary wins
  Trick  3: teambinary leads AH, rootbotz plays 8H -> teambinary wins
  Trick  4: teambinary leads KD, rootbotz plays QD -> teambinary wins
  Trick  5: teambinary leads QC, rootbotz plays KC -> rootbotz wins
  Trick  6: rootbotz leads QS, teambinary plays JS -> rootbotz wins
  Trick  7: rootbotz leads KS, teambinary plays 10C -> rootbotz wins
  Trick  8: rootbotz leads 8S, teambinary plays 10D -> rootbotz wins
  Trick  9: rootbotz leads 9S, teambinary plays JC -> rootbotz wins
  Trick 10: rootbotz leads 10S, teambinary plays JD -> rootbotz wins
  Trick 11: rootbotz leads 9C, teambinary plays QH -> rootbotz wins
  Trick 12: rootbotz leads 10H, teambinary plays KH -> teambinary wins
  Hand: teambinary +9 / rootbotz +27 (tricks 5-7)
  Match total: teambinary 54 - 95 rootbotz
Players: teambinary vs rootbotz
Dealer: teambinary  |  Elder: rootbotz
Match scores: 54 - 95
Talon (8): 8C JC 8D 9S JS QS KS AS
teambinary hand: 7C 10C KC 7D 9D JD QD 7H 8H 9H 10H KH
rootbotz hand: 9C QC AC 10D KD AD JH QH AH 7S 8S 10S
  Exchange rootbotz: discard 10D JH 7S 8S 10S -> draw JC 9S QS KS AS (talon 3 left)
  Exchange teambinary: discard 7C 7D 9D -> draw 8C 8D JS (talon 0 left)

--- Phase: declare ---
  Declare point: teambinary wins 5 pts (('point', 5, 'H'))
  Declare sequence: teambinary wins 4 pts (('sequence', 4, 10, 'H'))
  Declare set: rootbotz wins 14 pts (('set', 4, 14))

--- Phase: tricks ---
  Trick  1: rootbotz leads AS, teambinary plays JS -> rootbotz wins
  Trick  2: rootbotz leads AH, teambinary plays 7H -> rootbotz wins
  Trick  3: rootbotz leads AD, teambinary plays 8D -> rootbotz wins
  Trick  4: rootbotz leads AC, teambinary plays 8C -> rootbotz wins
  Trick  5: rootbotz leads QS, teambinary plays 8H -> rootbotz wins
  Trick  6: rootbotz leads KS, teambinary plays 9H -> rootbotz wins
  Trick  7: rootbotz leads KD, teambinary plays JD -> rootbotz wins
  Trick  8: rootbotz leads 9S, teambinary plays 10C -> rootbotz wins
  Trick  9: rootbotz leads 9C, teambinary plays KC -> teambinary wins
  Trick 10: teambinary leads KH, rootbotz plays QH -> teambinary wins
  Trick 11: teambinary leads 10H, rootbotz plays JC -> teambinary wins
  Trick 12: teambinary leads QD, rootbotz plays QC -> teambinary wins
  Hand: teambinary +14 / rootbotz +32 (tricks 4-8)
  Match total: teambinary 68 - 127 rootbotz
  Final: teambinary 68 - 127 rootbotz
  Winner: rootbotz

============================================================
Game 61
============================================================
Players: rootbotz vs teambinary
Dealer: rootbotz  |  Elder: teambinary
Match scores: 0 - 0
Talon (8): 7C QC KC 10D AD 8H KH AH
rootbotz hand: 8C JC 7D 8D 9D JD KD 10H QH 7S 10S AS
teambinary hand: 9C 10C AC QD 7H 9H JH 8S 9S JS QS KS
  Exchange teambinary: discard 9C 7H 9H 8S 9S -> draw 7C QC 10D AD KH (talon 3 left)
  Exchange rootbotz: discard 8C QH 7S -> draw KC 8H AH (talon 0 left)

--- Phase: declare ---
  Declare point: rootbotz wins 5 pts (('point', 5, 'D'))
  Declare sequence: teambinary wins 3 pts (('sequence', 3, 13, 'S'))
  Declare set: teambinary wins 3 pts (('set', 3, 12))

--- Phase: tricks ---
  Trick  1: teambinary leads AC, rootbotz plays JC -> teambinary wins
  Trick  2: teambinary leads AD, rootbotz plays 7D -> teambinary wins
  Trick  3: teambinary leads KS, rootbotz plays AS -> rootbotz wins
  Trick  4: rootbotz leads AH, teambinary plays JH -> rootbotz wins
  Trick  5: rootbotz leads KD, teambinary plays 10D -> rootbotz wins
  Trick  6: rootbotz leads KC, teambinary plays 7C -> rootbotz wins
  Trick  7: rootbotz leads JD, teambinary plays QD -> teambinary wins
  Trick  8: teambinary leads QS, rootbotz plays 10S -> teambinary wins
  Trick  9: teambinary leads QC, rootbotz plays 8D -> teambinary wins
  Trick 10: teambinary leads JS, rootbotz plays 8H -> teambinary wins
  Trick 11: teambinary leads 10C, rootbotz plays 9D -> teambinary wins
  Trick 12: teambinary leads KH, rootbotz plays 10H -> teambinary wins
  Hand: rootbotz +9 / teambinary +25 (tricks 4-8)
  Match total: rootbotz 9 - 25 teambinary
Players: rootbotz vs teambinary
Dealer: teambinary  |  Elder: rootbotz
Match scores: 9 - 25
Talon (8): 9C 8D 10D JH AH 8S 9S AS
rootbotz hand: AC 7D QD 7H 9H QH KH 7S 10S JS QS KS
teambinary hand: 7C 8C 10C JC QC KC 9D JD KD AD 8H 10H
  Exchange rootbotz: discard 7D 7H 9H KH 7S -> draw 8D 10D AH 8S AS (talon 3 left)
  Exchange teambinary: discard 7C 9D 8H -> draw 9C JH 9S (talon 0 left)

--- Phase: declare ---
  Declare point: rootbotz wins 6 pts (('point', 6, 'S'))
  Declare sequence: teambinary wins 11 pts (('sequence', 6, 13, 'C'))
  Declare set: rootbotz wins 3 pts (('set', 3, 14))

--- Phase: tricks ---
  Trick  1: rootbotz leads AS, teambinary plays 9S -> rootbotz wins
  Trick  2: rootbotz leads AH, teambinary plays 10H -> rootbotz wins
  Trick  3: rootbotz leads AC, teambinary plays 8C -> rootbotz wins
  Trick  4: rootbotz leads 10S, teambinary plays 9C -> rootbotz wins
  Trick  5: rootbotz leads JS, teambinary plays 10C -> rootbotz wins
  Trick  6: rootbotz leads QS, teambinary plays JC -> rootbotz wins
  Trick  7: rootbotz leads 8S, teambinary plays JD -> rootbotz wins
  Trick  8: rootbotz leads 8D, teambinary plays KD -> teambinary wins
  Trick  9: teambinary leads AD, rootbotz plays 10D -> teambinary wins
  Trick 10: teambinary leads KC, rootbotz plays QD -> teambinary wins
  Trick 11: teambinary leads QC, rootbotz plays QH -> teambinary wins
  Trick 12: teambinary leads JH, rootbotz plays KS -> teambinary wins
  Hand: rootbotz +26 / teambinary +17 (tricks 7-5)
  Match total: rootbotz 35 - 42 teambinary
Players: rootbotz vs teambinary
Dealer: rootbotz  |  Elder: teambinary
Match scores: 35 - 42
Talon (8): 7C 10C AC 7D 8D KD JH JS
rootbotz hand: 8C 9D 10D QD AD 7H 9H KH 10S QS KS AS
teambinary hand: 9C JC QC KC JD 8H 10H QH AH 7S 8S 9S
  Exchange teambinary: discard 9C 8H 7S -> draw 7C KD JH (talon 5 left)
  Exchange rootbotz: discard 8C 9D 10D 7H 9H -> draw 10C AC 7D 8D JS (talon 0 left)

--- Phase: declare ---
  Declare point: rootbotz wins 5 pts (('point', 5, 'S'))
  Declare sequence: rootbotz wins 10 pts (('sequence', 5, 14, 'S'))
  Declare set: rootbotz wins 3 pts (('set', 3, 14))

--- Phase: tricks ---
  Trick  1: teambinary leads AH, rootbotz plays KH -> teambinary wins
  Trick  2: teambinary leads KC, rootbotz plays AC -> rootbotz wins
  Trick  3: rootbotz leads AS, teambinary plays 8S -> rootbotz wins
  Trick  4: rootbotz leads AD, teambinary plays JD -> rootbotz wins
  Trick  5: rootbotz leads 10S, teambinary plays 9S -> rootbotz wins
  Trick  6: rootbotz leads JS, teambinary plays 7C -> rootbotz wins
  Trick  7: rootbotz leads QS, teambinary plays 10H -> rootbotz wins
  Trick  8: rootbotz leads KS, teambinary plays JC -> rootbotz wins
  Trick  9: rootbotz leads QD, teambinary plays KD -> teambinary wins
  Trick 10: teambinary leads QH, rootbotz plays 7D -> teambinary wins
  Trick 11: teambinary leads QC, rootbotz plays 10C -> teambinary wins
  Trick 12: teambinary leads JH, rootbotz plays 8D -> teambinary wins
  Hand: rootbotz +35 / teambinary +6 (tricks 7-5)
  Match total: rootbotz 70 - 48 teambinary
Players: rootbotz vs teambinary
Dealer: teambinary  |  Elder: rootbotz
Match scores: 70 - 48
Talon (8): 9C QC JD 8H KH AH QS AS
rootbotz hand: 7C 8C JC 9D 10D QD 7H 9H 10H JH QH 7S
teambinary hand: 10C KC AC 7D 8D KD AD 8S 9S 10S JS KS
  Exchange rootbotz: discard 7C 8C 9D QD 7S -> draw 9C QC JD QS AS (talon 3 left)
  Exchange teambinary: discard 7D 8D -> draw KH AH (talon 1 left)

--- Phase: declare ---
  Declare point: teambinary wins 5 pts (('point', 5, 'S'))
  Declare sequence: rootbotz wins 4 pts (('sequence', 4, 12, 'H'))
  Declare set: teambinary wins 3 pts (('set', 3, 14))

--- Phase: tricks ---
  Trick  1: rootbotz leads AS, teambinary plays 8S -> rootbotz wins
  Trick  2: rootbotz leads QS, teambinary plays KS -> teambinary wins
  Trick  3: teambinary leads AC, rootbotz plays 9C -> teambinary wins
  Trick  4: teambinary leads AD, rootbotz plays 10D -> teambinary wins
  Trick  5: teambinary leads AH, rootbotz plays 7H -> teambinary wins
  Trick  6: teambinary leads JS, rootbotz plays 9H -> teambinary wins
  Trick  7: teambinary leads KC, rootbotz plays JC -> teambinary wins
  Trick  8: teambinary leads 10S, rootbotz plays 10H -> teambinary wins
  Trick  9: teambinary leads 10C, rootbotz plays QC -> rootbotz wins
  Trick 10: rootbotz leads JH, teambinary plays KH -> teambinary wins
  Trick 11: teambinary leads 9S, rootbotz plays JD -> teambinary wins
  Trick 12: teambinary leads KD, rootbotz plays QH -> teambinary wins
  Hand: rootbotz +6 / teambinary +29 (tricks 2-10)
  Match total: rootbotz 76 - 77 teambinary
Players: rootbotz vs teambinary
Dealer: rootbotz  |  Elder: teambinary
Match scores: 76 - 77
Talon (8): 7C 9D JD 7H 9H QH KH KS
rootbotz hand: 8C 9C JC QC 7D JH AH 7S 8S JS QS AS
teambinary hand: 10C KC AC 8D 10D QD KD AD 8H 10H 9S 10S
  Exchange teambinary: discard 8D 8H 9S -> draw JD 9H KS (talon 5 left)
  Exchange rootbotz: discard 8C 9C QC 7D -> draw 7C 9D QH KH (talon 1 left)

--- Phase: declare ---
  Declare point: teambinary wins 5 pts (('point', 5, 'D'))
  Declare sequence: teambinary wins 10 pts (('sequence', 5, 14, 'D'))
  Declare set: teambinary wins 3 pts (('set', 3, 13))

--- Phase: tricks ---
  Trick  1: teambinary leads AD, rootbotz plays 9D -> teambinary wins
  Trick  2: teambinary leads AC, rootbotz plays 7C -> teambinary wins
  Trick  3: teambinary leads KD, rootbotz plays 7S -> teambinary wins
  Trick  4: teambinary leads QD, rootbotz plays 8S -> teambinary wins
  Trick  5: teambinary leads KC, rootbotz plays JC -> teambinary wins
  Trick  6: teambinary leads JD, rootbotz plays JS -> teambinary wins
  Trick  7: teambinary leads KS, rootbotz plays AS -> rootbotz wins
  Trick  8: rootbotz leads AH, teambinary plays 9H -> rootbotz wins
  Trick  9: rootbotz leads JH, teambinary plays 10H -> rootbotz wins
  Trick 10: rootbotz leads QH, teambinary plays 10C -> rootbotz wins
  Trick 11: rootbotz leads KH, teambinary plays 10D -> rootbotz wins
  Trick 12: rootbotz leads QS, teambinary plays 10S -> rootbotz wins
  Hand: rootbotz +7 / teambinary +24 (tricks 6-6)
  Match total: rootbotz 83 - 101 teambinary
  Final: rootbotz 83 - 101 teambinary
  Winner: teambinary

============================================================
Game 62
============================================================
Players: teambinary vs rootbotz
Dealer: teambinary  |  Elder: rootbotz
Match scores: 0 - 0
Talon (8): 7C QC AC QD 7H 9H KH 10S
teambinary hand: 10C KC 7D 8D 9D AD JH QH JS QS KS AS
rootbotz hand: 8C 9C JC 10D JD KD 8H 10H AH 7S 8S 9S
  Exchange rootbotz: discard 8C 9C JC 8H -> draw 7C QC 7H 9H (talon 4 left)
  Exchange teambinary: discard  -> draw  (talon 4 left)

--- Phase: declare ---
  Declare point: teambinary wins 4 pts (('point', 4, 'S'))
  Declare sequence: teambinary wins 4 pts (('sequence', 4, 14, 'S'))

--- Phase: tricks ---
  Trick  1: rootbotz leads AH, teambinary plays JH -> rootbotz wins
  Trick  2: rootbotz leads KD, teambinary plays AD -> teambinary wins
  Trick  3: teambinary leads AS, rootbotz plays 7S -> teambinary wins
  Trick  4: teambinary leads 9D, rootbotz plays 10D -> rootbotz wins
  Trick  5: rootbotz leads JD, teambinary plays 7D -> rootbotz wins
  Trick  6: rootbotz leads QC, teambinary plays KC -> teambinary wins
  Trick  7: teambinary leads KS, rootbotz plays 8S -> teambinary wins
  Trick  8: teambinary leads QS, rootbotz plays 9S -> teambinary wins
  Trick  9: teambinary leads 10C, rootbotz plays 7C -> teambinary wins
  Trick 10: teambinary leads QH, rootbotz plays 7H -> teambinary wins
  Trick 11: teambinary leads JS, rootbotz plays 9H -> teambinary wins
  Trick 12: teambinary leads 8D, rootbotz plays 10H -> teambinary wins
  Hand: teambinary +28 / rootbotz +3 (tricks 9-3)
  Match total: teambinary 28 - 3 rootbotz
Players: teambinary vs rootbotz
Dealer: rootbotz  |  Elder: teambinary
Match scores: 28 - 3
Talon (8): KC 10D KD 8H 10H 9S JS KS
teambinary hand: 7C 8C 10C QC 7D JD 9H JH QH KH 7S 8S
rootbotz hand: 9C JC AC 8D 9D QD AD 7H AH 10S QS AS
  Exchange teambinary: discard 7C 8C 7D 7S 8S -> draw 10D KD 10H JS KS (talon 3 left)
  Exchange rootbotz: discard 9C JC 7H -> draw KC 8H 9S (talon 0 left)

--- Phase: declare ---
  Declare point: teambinary wins 5 pts (('point', 5, 'H'))
  Declare sequence: teambinary wins 10 pts (('sequence', 5, 13, 'H'))
  Declare set: rootbotz wins 14 pts (('set', 4, 14))

--- Phase: tricks ---
  Trick  1: teambinary leads KH, rootbotz plays AH -> rootbotz wins
  Trick  2: rootbotz leads AS, teambinary plays JS -> rootbotz wins
  Trick  3: rootbotz leads AD, teambinary plays 10D -> rootbotz wins
  Trick  4: rootbotz leads AC, teambinary plays 10C -> rootbotz wins
  Trick  5: rootbotz leads KC, teambinary plays QC -> rootbotz wins
  Trick  6: rootbotz leads 8D, teambinary plays JD -> teambinary wins
  Trick  7: teambinary leads QH, rootbotz plays 8H -> teambinary wins
  Trick  8: teambinary leads JH, rootbotz plays 9D -> teambinary wins
  Trick  9: teambinary leads 10H, rootbotz plays 9S -> teambinary wins
  Trick 10: teambinary leads 9H, rootbotz plays 10S -> teambinary wins
  Trick 11: teambinary leads KS, rootbotz plays QS -> teambinary wins
  Trick 12: teambinary leads KD, rootbotz plays QD -> teambinary wins
  Hand: teambinary +33 / rootbotz +19 (tricks 7-5)
  Match total: teambinary 61 - 22 rootbotz
Players: teambinary vs rootbotz
Dealer: teambinary  |  Elder: rootbotz
Match scores: 61 - 22
Talon (8): QC 7D 9D 10D 7H 8H QH KS
teambinary hand: 8C JC KC 8D JD QD 9H 10H AH 7S 10S QS
rootbotz hand: 7C 9C 10C AC KD AD JH KH 8S 9S JS AS
  Exchange rootbotz: discard 7C 9C 10C JH KH -> draw QC 7D 9D 10D KS (talon 3 left)
  Exchange teambinary: discard 8C 8D 7S -> draw 7H 8H QH (talon 0 left)

--- Phase: declare ---
  Declare point: teambinary wins 6 pts (('point', 6, 'H'))
  Declare sequence: teambinary wins 4 pts (('sequence', 4, 10, 'H'))
  Declare set: rootbotz wins 3 pts (('set', 3, 14))

--- Phase: tricks ---
  Trick  1: rootbotz leads AS, teambinary plays 10S -> rootbotz wins
  Trick  2: rootbotz leads AD, teambinary plays JD -> rootbotz wins
  Trick  3: rootbotz leads AC, teambinary plays JC -> rootbotz wins
  Trick  4: rootbotz leads KS, teambinary plays QS -> rootbotz wins
  Trick  5: rootbotz leads KD, teambinary plays QD -> rootbotz wins
  Trick  6: rootbotz leads JS, teambinary plays 7H -> rootbotz wins
  Trick  7: rootbotz leads QC, teambinary plays KC -> teambinary wins
  Trick  8: teambinary leads AH, rootbotz plays 7D -> teambinary wins
  Trick  9: teambinary leads QH, rootbotz plays 8S -> teambinary wins
  Trick 10: teambinary leads 10H, rootbotz plays 9S -> teambinary wins
  Trick 11: teambinary leads 9H, rootbotz plays 9D -> teambinary wins
  Trick 12: teambinary leads 8H, rootbotz plays 10D -> teambinary wins
  Hand: teambinary +17 / rootbotz +9 (tricks 6-6)
  Match total: teambinary 78 - 31 rootbotz
Players: teambinary vs rootbotz
Dealer: rootbotz  |  Elder: teambinary
Match scores: 78 - 31
Talon (8): AC 9D 10D 7H 8H AH 9S KS
teambinary hand: 7C 9C 10C KC QD AD 9H QH KH 7S 10S AS
rootbotz hand: 8C JC QC 7D 8D JD KD 10H JH 8S JS QS
  Exchange teambinary: discard 7C 9C 9H 7S -> draw AC 8H AH 9S (talon 4 left)
  Exchange rootbotz: discard 8C QC 7D 8D -> draw 9D 10D 7H KS (talon 0 left)

--- Phase: declare ---
  Declare sequence: teambinary wins 3 pts (('sequence', 3, 14, 'H'))
  Declare set: teambinary wins 14 pts (('set', 4, 14))

--- Phase: tricks ---
  Trick  1: teambinary leads AD, rootbotz plays 9D -> teambinary wins
  Trick  2: teambinary leads AS, rootbotz plays 8S -> teambinary wins
  Trick  3: teambinary leads AC, rootbotz plays JC -> teambinary wins
  Trick  4: teambinary leads AH, rootbotz plays 7H -> teambinary wins
  Trick  5: teambinary leads KH, rootbotz plays 10H -> teambinary wins
  Trick  6: teambinary leads QH, rootbotz plays JH -> teambinary wins
  Trick  7: teambinary leads 10S, rootbotz plays JS -> rootbotz wins
  Trick  8: rootbotz leads 10D, teambinary plays QD -> teambinary wins
  Trick  9: teambinary leads KC, rootbotz plays JD -> teambinary wins
  Trick 10: teambinary leads 10C, rootbotz plays QS -> teambinary wins
  Trick 11: teambinary leads 8H, rootbotz plays KD -> teambinary wins
  Trick 12: teambinary leads 9S, rootbotz plays KS -> rootbotz wins
  Hand: teambinary +37 / rootbotz +3 (tricks 10-2)
  Match total: teambinary 115 - 34 rootbotz
  Final: teambinary 115 - 34 rootbotz
  Winner: teambinary

============================================================
Game 63
============================================================
Players: rootbotz vs teambinary
Dealer: rootbotz  |  Elder: teambinary
Match scores: 0 - 0
Talon (8): 7C 10C JD QD KD QH KH 8S
rootbotz hand: 8C JC QC 7D 9D 10D AD 10H AH 9S JS AS
teambinary hand: 9C KC AC 8D 7H 8H 9H JH 7S 10S QS KS
  Exchange teambinary: discard 9C 8D 7S -> draw 7C JD 8S (talon 5 left)
  Exchange rootbotz: discard 8C 7D 9D 10D 10H -> draw 10C QD KD QH KH (talon 0 left)

--- Phase: declare ---
  Declare point: teambinary wins 4 pts (('point', 4, 'S'))
  Declare sequence: rootbotz wins 3 pts (('sequence', 3, 14, 'H'))
  Declare set: rootbotz wins 3 pts (('set', 3, 14))

--- Phase: tricks ---
  Trick  1: teambinary leads AC, rootbotz plays 10C -> teambinary wins
  Trick  2: teambinary leads JH, rootbotz plays QH -> rootbotz wins
  Trick  3: rootbotz leads AS, teambinary plays 8S -> rootbotz wins
  Trick  4: rootbotz leads AH, teambinary plays 7H -> rootbotz wins
  Trick  5: rootbotz leads AD, teambinary plays JD -> rootbotz wins
  Trick  6: rootbotz leads QD, teambinary plays 7C -> rootbotz wins
  Trick  7: rootbotz leads KH, teambinary plays 8H -> rootbotz wins
  Trick  8: rootbotz leads KD, teambinary plays 9H -> rootbotz wins
  Trick  9: rootbotz leads JC, teambinary plays KC -> teambinary wins
  Trick 10: teambinary leads KS, rootbotz plays 9S -> teambinary wins
  Trick 11: teambinary leads QS, rootbotz plays JS -> teambinary wins
  Trick 12: teambinary leads 10S, rootbotz plays QC -> teambinary wins
  Hand: rootbotz +23 / teambinary +10 (tricks 7-5)
  Match total: rootbotz 23 - 10 teambinary
Players: rootbotz vs teambinary
Dealer: teambinary  |  Elder: rootbotz
Match scores: 23 - 10
Talon (8): 7C 10C 9D 10D JD 9H 10H AS
rootbotz hand: 9C JC AC 8D QD KD JH QH KH AH 9S QS
teambinary hand: 8C QC KC 7D AD 7H 8H 7S 8S 10S JS KS
  Exchange rootbotz: discard 9C JC AC 8D KD -> draw 10C JD 9H 10H AS (talon 3 left)
  Exchange teambinary: discard 7D 7H 8H -> draw 7C 9D 10D (talon 0 left)

--- Phase: declare ---
  Declare point: rootbotz wins 6 pts (('point', 6, 'H'))
  Declare sequence: rootbotz wins 11 pts (('sequence', 6, 14, 'H'))
  Declare set: rootbotz wins 3 pts (('set', 3, 12))

--- Phase: tricks ---
  Trick  1: rootbotz leads AS, teambinary plays 7S -> rootbotz wins
  Trick  2: rootbotz leads AH, teambinary plays 7C -> rootbotz wins
  Trick  3: rootbotz leads 9H, teambinary plays 8C -> rootbotz wins
  Trick  4: rootbotz leads 10H, teambinary plays 8S -> rootbotz wins
  Trick  5: rootbotz leads JH, teambinary plays 9D -> rootbotz wins
  Trick  6: rootbotz leads QH, teambinary plays 10D -> rootbotz wins
  Trick  7: rootbotz leads KH, teambinary plays 10S -> rootbotz wins
  Trick  8: rootbotz leads JD, teambinary plays AD -> teambinary wins
  Trick  9: teambinary leads KC, rootbotz plays 10C -> teambinary wins
  Trick 10: teambinary leads KS, rootbotz plays 9S -> teambinary wins
  Trick 11: teambinary leads QC, rootbotz plays QD -> teambinary wins
  Trick 12: teambinary leads JS, rootbotz plays QS -> rootbotz wins
  Hand: rootbotz +39 / teambinary +4 (tricks 8-4)
  Match total: rootbotz 62 - 14 teambinary
Players: rootbotz vs teambinary
Dealer: rootbotz  |  Elder: teambinary
Match scores: 62 - 14
Talon (8): 10C QC AC KD 10H JH 8S JS
rootbotz hand: 9C JC KC 8D 9D AD 7H QH AH 7S KS AS
teambinary hand: 7C 8C 7D 10D JD QD 8H 9H KH 9S 10S QS
  Exchange teambinary: discard 7C 8C 7D 8H 9H -> draw QC AC KD 10H 8S (talon 3 left)
  Exchange rootbotz: discard 8D 9D 7S -> draw 10C JH JS (talon 0 left)

--- Phase: declare ---
  Declare point: teambinary wins 4 pts (('point', 4, 'D'))
  Declare sequence: teambinary wins 4 pts (('sequence', 4, 13, 'D'))
  Declare set: rootbotz wins 3 pts (('set', 3, 14))

--- Phase: tricks ---
  Trick  1: teambinary leads AC, rootbotz plays 9C -> teambinary wins
  Trick  2: teambinary leads KD, rootbotz plays AD -> rootbotz wins
  Trick  3: rootbotz leads AS, teambinary plays 8S -> rootbotz wins
  Trick  4: rootbotz leads AH, teambinary plays 10H -> rootbotz wins
  Trick  5: rootbotz leads KS, teambinary plays 9S -> rootbotz wins
  Trick  6: rootbotz leads KC, teambinary plays QC -> rootbotz wins
  Trick  7: rootbotz leads 7H, teambinary plays KH -> teambinary wins
  Trick  8: teambinary leads QD, rootbotz plays 10C -> teambinary wins
  Trick  9: teambinary leads JD, rootbotz plays JC -> teambinary wins
  Trick 10: teambinary leads QS, rootbotz plays JS -> teambinary wins
  Trick 11: teambinary leads 10D, rootbotz plays JH -> teambinary wins
  Trick 12: teambinary leads 10S, rootbotz plays QH -> teambinary wins
  Hand: rootbotz +8 / teambinary +26 (tricks 5-7)
  Match total: rootbotz 70 - 40 teambinary
Players: rootbotz vs teambinary
Dealer: teambinary  |  Elder: rootbotz
Match scores: 70 - 40
Talon (8): 8C QC KC QD 7H 8H 9H KS
rootbotz hand: 10C 7D 8D 9D JD KD 10H QH 9S JS QS AS
teambinary hand: 7C 9C JC AC 10D AD JH KH AH 7S 8S 10S
  Exchange rootbotz: discard 10C 10H QH 9S QS -> draw 8C QC QD 8H 9H (talon 3 left)
  Exchange teambinary: discard 7C 7S 8S -> draw KC 7H KS (talon 0 left)

--- Phase: declare ---
  Declare point: rootbotz wins 6 pts (('point', 6, 'D'))
  Declare sequence: rootbotz wins 3 pts (('sequence', 3, 13, 'D'))
  Declare set: teambinary wins 3 pts (('set', 3, 14))

--- Phase: tricks ---
  Trick  1: rootbotz leads AS, teambinary plays 10S -> rootbotz wins
  Trick  2: rootbotz leads JS, teambinary plays KS -> teambinary wins
  Trick  3: teambinary leads AD, rootbotz plays 7D -> teambinary wins
  Trick  4: teambinary leads AC, rootbotz plays 8C -> teambinary wins
  Trick  5: teambinary leads AH, rootbotz plays 8H -> teambinary wins
  Trick  6: teambinary leads KH, rootbotz plays 9H -> teambinary wins
  Trick  7: teambinary leads KC, rootbotz plays QC -> teambinary wins
  Trick  8: teambinary leads JC, rootbotz plays 8D -> teambinary wins
  Trick  9: teambinary leads JH, rootbotz plays 9D -> teambinary wins
  Trick 10: teambinary leads 9C, rootbotz plays JD -> teambinary wins
  Trick 11: teambinary leads 10D, rootbotz plays QD -> rootbotz wins
  Trick 12: rootbotz leads KD, teambinary plays 7H -> rootbotz wins
  Hand: rootbotz +13 / teambinary +22 (tricks 3-9)
  Match total: rootbotz 83 - 62 teambinary
Players: rootbotz vs teambinary
Dealer: rootbotz  |  Elder: teambinary
Match scores: 83 - 62
Talon (8): 9C QD JH QH 9S 10S JS QS
rootbotz hand: 7C 10C 7D 10D KD 7H 8H 9H KH AH 7S KS
teambinary hand: 8C JC QC KC AC 8D 9D JD AD 10H 8S AS
  Exchange teambinary: discard 8C 8D 9D 8S -> draw QD JH 9S JS (talon 4 left)
  Exchange rootbotz: discard 7C 10C 10D 7S -> draw 9C QH 10S QS (talon 0 left)

--- Phase: declare ---
  Declare point: rootbotz wins 6 pts (('point', 6, 'H'))
  Declare sequence: teambinary wins 4 pts (('sequence', 4, 14, 'C'))
  Declare set: teambinary wins 3 pts (('set', 3, 14))

--- Phase: tricks ---
  Trick  1: teambinary leads AS, rootbotz plays 10S -> teambinary wins
  Trick  2: teambinary leads AD, rootbotz plays 7D -> teambinary wins
  Trick  3: teambinary leads AC, rootbotz plays 9C -> teambinary wins
  Trick  4: teambinary leads KC, rootbotz plays 7H -> teambinary wins
  Trick  5: teambinary leads JH, rootbotz plays QH -> rootbotz wins
  Trick  6: rootbotz leads AH, teambinary plays 10H -> rootbotz wins
  Trick  7: rootbotz leads 8H, teambinary plays 9S -> rootbotz wins
  Trick  8: rootbotz leads 9H, teambinary plays JC -> rootbotz wins
  Trick  9: rootbotz leads KH, teambinary plays JD -> rootbotz wins
  Trick 10: rootbotz leads QS, teambinary plays JS -> rootbotz wins
  Trick 11: rootbotz leads KS, teambinary plays QC -> rootbotz wins
  Trick 12: rootbotz leads KD, teambinary plays QD -> rootbotz wins
  Hand: rootbotz +25 / teambinary +11 (tricks 8-4)
  Match total: rootbotz 108 - 73 teambinary
  Final: rootbotz 108 - 73 teambinary
  Winner: rootbotz

============================================================
Game 64
============================================================
Players: teambinary vs rootbotz
Dealer: teambinary  |  Elder: rootbotz
Match scores: 0 - 0
Talon (8): KC 9D KD 8H JH QS KS AS
teambinary hand: 10C JC 10D JD QD AD 7H 10H KH AH 9S JS
rootbotz hand: 7C 8C 9C QC AC 7D 8D 9H QH 7S 8S 10S
  Exchange rootbotz: discard 8D 9H 7S 8S 10S -> draw KC 9D KD JH QS (talon 3 left)
  Exchange teambinary: discard 7H 9S -> draw 8H KS (talon 1 left)

--- Phase: declare ---
  Declare point: rootbotz wins 6 pts (('point', 6, 'C'))
  Declare sequence: rootbotz wins 3 pts (('sequence', 3, 14, 'C'))
  Declare set: rootbotz wins 3 pts (('set', 3, 12))

--- Phase: tricks ---
  Trick  1: rootbotz leads AC, teambinary plays 10C -> rootbotz wins
  Trick  2: rootbotz leads QC, teambinary plays JC -> rootbotz wins
  Trick  3: rootbotz leads KC, teambinary plays 8H -> rootbotz wins
  Trick  4: rootbotz leads KD, teambinary plays AD -> teambinary wins
  Trick  5: teambinary leads AH, rootbotz plays JH -> teambinary wins
  Trick  6: teambinary leads QD, rootbotz plays 7D -> teambinary wins
  Trick  7: teambinary leads JD, rootbotz plays 9D -> teambinary wins
  Trick  8: teambinary leads KS, rootbotz plays QS -> teambinary wins
  Trick  9: teambinary leads KH, rootbotz plays QH -> teambinary wins
  Trick 10: teambinary leads JS, rootbotz plays 7C -> teambinary wins
  Trick 11: teambinary leads 10D, rootbotz plays 8C -> teambinary wins
  Trick 12: teambinary leads 10H, rootbotz plays 9C -> teambinary wins
  Hand: teambinary +20 / rootbotz +15 (tricks 9-3)
  Match total: teambinary 20 - 15 rootbotz
Players: teambinary vs rootbotz
Dealer: rootbotz  |  Elder: teambinary
Match scores: 20 - 15
Talon (8): KC 9D 10D KD 7H JH KH 10S
teambinary hand: 9C 10C JC AC 7D AD 8H 9H 10H JS KS AS
rootbotz hand: 7C 8C QC 8D JD QD QH AH 7S 8S 9S QS
  Exchange teambinary: discard 7D -> draw 10D (talon 7 left)
  Exchange rootbotz: discard 7C 8C 8D -> draw 7H JH 10S (talon 4 left)

--- Phase: declare ---
  Declare point: rootbotz wins 5 pts (('point', 5, 'S'))
  Declare sequence: rootbotz wins 4 pts (('sequence', 4, 10, 'S'))
  Declare set: teambinary wins 3 pts (('set', 3, 14))

--- Phase: tricks ---
  Trick  1: teambinary leads AC, rootbotz plays QC -> teambinary wins
  Trick  2: teambinary leads AD, rootbotz plays JD -> teambinary wins
  Trick  3: teambinary leads AS, rootbotz plays 7S -> teambinary wins
  Trick  4: teambinary leads 10H, rootbotz plays JH -> rootbotz wins
  Trick  5: rootbotz leads AH, teambinary plays 8H -> rootbotz wins
  Trick  6: rootbotz leads QH, teambinary plays 9H -> rootbotz wins
  Trick  7: rootbotz leads 7H, teambinary plays 9C -> rootbotz wins
  Trick  8: rootbotz leads 8S, teambinary plays JS -> teambinary wins
  Trick  9: teambinary leads JC, rootbotz plays 9S -> teambinary wins
  Trick 10: teambinary leads KS, rootbotz plays 10S -> teambinary wins
  Trick 11: teambinary leads 10C, rootbotz plays QS -> teambinary wins
  Trick 12: teambinary leads 10D, rootbotz plays QD -> rootbotz wins
  Hand: teambinary +20 / rootbotz +15 (tricks 7-5)
  Match total: teambinary 40 - 30 rootbotz
Players: teambinary vs rootbotz
Dealer: teambinary  |  Elder: rootbotz
Match scores: 40 - 30
Talon (8): KC 10D QD 7H JH KH JS QS
teambinary hand: 8C 9C 10C JC QC AC 7D KD 9H 10H QH 8S
rootbotz hand: 7C 8D 9D JD AD 8H AH 7S 9S 10S KS AS
  Exchange rootbotz: discard 7C 8D 9D JD 8H -> draw 10D QD JH KH JS (talon 3 left)
  Exchange teambinary: discard 7D 9H 8S -> draw KC 7H QS (talon 0 left)

--- Phase: declare ---
  Declare point: teambinary wins 7 pts (('point', 7, 'C'))
  Declare sequence: teambinary wins 12 pts (('sequence', 7, 14, 'C'))
  Declare set: rootbotz wins 3 pts (('set', 3, 14))

--- Phase: tricks ---
  Trick  1: rootbotz leads AS, teambinary plays QS -> rootbotz wins
  Trick  2: rootbotz leads AH, teambinary plays 7H -> rootbotz wins
  Trick  3: rootbotz leads AD, teambinary plays KD -> rootbotz wins
  Trick  4: rootbotz leads KS, teambinary plays 8C -> rootbotz wins
  Trick  5: rootbotz leads KH, teambinary plays 10H -> rootbotz wins
  Trick  6: rootbotz leads 7S, teambinary plays 9C -> rootbotz wins
  Trick  7: rootbotz leads 9S, teambinary plays 10C -> rootbotz wins
  Trick  8: rootbotz leads 10S, teambinary plays JC -> rootbotz wins
  Trick  9: rootbotz leads 10D, teambinary plays QC -> rootbotz wins
  Trick 10: rootbotz leads JS, teambinary plays QH -> rootbotz wins
  Trick 11: rootbotz leads JH, teambinary plays KC -> rootbotz wins
  Trick 12: rootbotz leads QD, teambinary plays AC -> rootbotz wins
  Hand: teambinary +19 / rootbotz +86 (tricks 0-12)
  Match total: teambinary 59 - 116 rootbotz
  Final: teambinary 59 - 116 rootbotz
  Winner: rootbotz

============================================================
Game 65
============================================================
Players: rootbotz vs teambinary
Dealer: rootbotz  |  Elder: teambinary
Match scores: 0 - 0
Talon (8): QC 7D JD 7H KH 9S 10S KS
rootbotz hand: 7C 8C JC 8D 9D 10D KD AD 10H JH AH QS
teambinary hand: 9C 10C KC AC QD 8H 9H QH 7S 8S JS AS
  Exchange teambinary: discard 9C 8H 9H 7S 8S -> draw QC JD KH 10S KS (talon 3 left)
  Exchange rootbotz: discard 7C 8C QS -> draw 7D 7H 9S (talon 0 left)

--- Phase: declare ---
  Declare point: rootbotz wins 6 pts (('point', 6, 'D'))
  Declare sequence: rootbotz wins 4 pts (('sequence', 4, 10, 'D'))
  Declare set: teambinary wins 3 pts (('set', 3, 13))

--- Phase: tricks ---
  Trick  1: teambinary leads AC, rootbotz plays JC -> teambinary wins
  Trick  2: teambinary leads AS, rootbotz plays 9S -> teambinary wins
  Trick  3: teambinary leads KS, rootbotz plays 7H -> teambinary wins
  Trick  4: teambinary leads KC, rootbotz plays 7D -> teambinary wins
  Trick  5: teambinary leads JS, rootbotz plays 8D -> teambinary wins
  Trick  6: teambinary leads QC, rootbotz plays 9D -> teambinary wins
  Trick  7: teambinary leads QD, rootbotz plays KD -> rootbotz wins
  Trick  8: rootbotz leads AH, teambinary plays QH -> rootbotz wins
  Trick  9: rootbotz leads AD, teambinary plays JD -> rootbotz wins
  Trick 10: rootbotz leads 10D, teambinary plays 10C -> rootbotz wins
  Trick 11: rootbotz leads 10H, teambinary plays KH -> teambinary wins
  Trick 12: teambinary leads 10S, rootbotz plays JH -> teambinary wins
  Hand: rootbotz +14 / teambinary +22 (tricks 4-8)
  Match total: rootbotz 14 - 22 teambinary
Players: rootbotz vs teambinary
Dealer: teambinary  |  Elder: rootbotz
Match scores: 14 - 22
Talon (8): KC 7D 8H 10H QH 10S QS KS
rootbotz hand: 7C 9C 10C QC AC 9D QD KD 7H 9H AH 8S
teambinary hand: 8C JC 8D 10D JD AD JH KH 7S 9S JS AS
  Exchange rootbotz: discard 9C 9D 7H 9H 8S -> draw 7D 10H QH 10S KS (talon 3 left)
  Exchange teambinary: discard 8C 8D 7S -> draw KC 8H QS (talon 0 left)

--- Phase: declare ---
  Declare point: teambinary wins 4 pts (('point', 4, 'S'))
  Declare set: rootbotz wins 3 pts (('set', 3, 12))

--- Phase: tricks ---
  Trick  1: rootbotz leads AH, teambinary plays 8H -> rootbotz wins
  Trick  2: rootbotz leads AC, teambinary plays JC -> rootbotz wins
  Trick  3: rootbotz leads QH, teambinary plays KH -> teambinary wins
  Trick  4: teambinary leads AS, rootbotz plays 10S -> teambinary wins
  Trick  5: teambinary leads AD, rootbotz plays 7D -> teambinary wins
  Trick  6: teambinary leads QS, rootbotz plays KS -> rootbotz wins
  Trick  7: rootbotz leads QD, teambinary plays 10D -> rootbotz wins
  Trick  8: rootbotz leads KD, teambinary plays JD -> rootbotz wins
  Trick  9: rootbotz leads QC, teambinary plays KC -> teambinary wins
  Trick 10: teambinary leads JS, rootbotz plays 7C -> teambinary wins
  Trick 11: teambinary leads JH, rootbotz plays 10H -> teambinary wins
  Trick 12: teambinary leads 9S, rootbotz plays 10C -> teambinary wins
  Hand: rootbotz +8 / teambinary +22 (tricks 5-7)
  Match total: rootbotz 22 - 44 teambinary
Players: rootbotz vs teambinary
Dealer: rootbotz  |  Elder: teambinary
Match scores: 22 - 44
Talon (8): 9C QC QD KD QH AH JS KS
rootbotz hand: 8C 10C JC 10D JD AD 7H 8H 10H KH 10S AS
teambinary hand: 7C KC AC 7D 8D 9D 9H JH 7S 8S 9S QS
  Exchange teambinary: discard 7C 7D 9H -> draw 9C QD KS (talon 5 left)
  Exchange rootbotz: discard 8C JC AD -> draw KD QH JS (talon 2 left)

--- Phase: declare ---
  Declare point: rootbotz wins 5 pts (('point', 5, 'H'))
  Declare sequence: teambinary wins 3 pts (('sequence', 3, 9, 'S'))
  Declare set: rootbotz wins 14 pts (('set', 4, 10))

--- Phase: tricks ---
  Trick  1: teambinary leads AC, rootbotz plays 10C -> teambinary wins
  Trick  2: teambinary leads KS, rootbotz plays AS -> rootbotz wins
  Trick  3: rootbotz leads KD, teambinary plays 8D -> rootbotz wins
  Trick  4: rootbotz leads 10D, teambinary plays QD -> teambinary wins
  Trick  5: teambinary leads QS, rootbotz plays 10S -> teambinary wins
  Trick  6: teambinary leads 9S, rootbotz plays JS -> rootbotz wins
  Trick  7: rootbotz leads JD, teambinary plays 9D -> rootbotz wins
  Trick  8: rootbotz leads QH, teambinary plays JH -> rootbotz wins
  Trick  9: rootbotz leads KH, teambinary plays 7S -> rootbotz wins
  Trick 10: rootbotz leads 7H, teambinary plays 8S -> rootbotz wins
  Trick 11: rootbotz leads 8H, teambinary plays 9C -> rootbotz wins
  Trick 12: rootbotz leads 10H, teambinary plays KC -> rootbotz wins
  Hand: rootbotz +39 / teambinary +6 (tricks 9-3)
  Match total: rootbotz 61 - 50 teambinary
Players: rootbotz vs teambinary
Dealer: teambinary  |  Elder: rootbotz
Match scores: 61 - 50
Talon (8): QD KD AD 8H 10S QS KS AS
rootbotz hand: KC AC 7D 8D 10D JD 7H JH QH AH 7S 8S
teambinary hand: 7C 8C 9C 10C JC QC 9D 9H 10H KH 9S JS
  Exchange rootbotz: discard 7D 8D 10D JD 8S -> draw KD 8H 10S QS AS (talon 3 left)
  Exchange teambinary: discard 9D 9H 9S -> draw QD AD KS (talon 0 left)

--- Phase: declare ---
  Declare point: teambinary wins 6 pts (('point', 6, 'C'))
  Declare sequence: teambinary wins 11 pts (('sequence', 6, 12, 'C'))
  Declare set: rootbotz wins 3 pts (('set', 3, 14))

--- Phase: tricks ---
  Trick  1: rootbotz leads AS, teambinary plays JS -> rootbotz wins
  Trick  2: rootbotz leads AH, teambinary plays 10H -> rootbotz wins
  Trick  3: rootbotz leads AC, teambinary plays 7C -> rootbotz wins
  Trick  4: rootbotz leads KC, teambinary plays 8C -> rootbotz wins
  Trick  5: rootbotz leads JH, teambinary plays KH -> teambinary wins
  Trick  6: teambinary leads AD, rootbotz plays KD -> teambinary wins
  Trick  7: teambinary leads QC, rootbotz plays 7S -> teambinary wins
  Trick  8: teambinary leads JC, rootbotz plays 7H -> teambinary wins
  Trick  9: teambinary leads 10C, rootbotz plays 8H -> teambinary wins
  Trick 10: teambinary leads 9C, rootbotz plays 10S -> teambinary wins
  Trick 11: teambinary leads KS, rootbotz plays QS -> teambinary wins
  Trick 12: teambinary leads QD, rootbotz plays QH -> teambinary wins
  Hand: rootbotz +7 / teambinary +36 (tricks 4-8)
  Match total: rootbotz 68 - 86 teambinary
Players: rootbotz vs teambinary
Dealer: rootbotz  |  Elder: teambinary
Match scores: 68 - 86
Talon (8): 9C 9D JD KD 7H 8H 9S AS
rootbotz hand: 8C JC KC AC 8D 10D 9H 10H QH KH AH QS
teambinary hand: 7C 10C QC 7D QD AD JH 7S 8S 10S JS KS
  Exchange teambinary: discard 7C 7D 7S 8S -> draw 9D KD 7H AS (talon 4 left)
  Exchange rootbotz: discard 8C JC 8D 9H -> draw 9C JD 8H 9S (talon 0 left)

--- Phase: declare ---
  Declare point: rootbotz wins 5 pts (('point', 5, 'H'))

--- Phase: tricks ---
  Trick  1: teambinary leads AD, rootbotz plays 10D -> teambinary wins
  Trick  2: teambinary leads AS, rootbotz plays 9S -> teambinary wins
  Trick  3: teambinary leads KS, rootbotz plays QS -> teambinary wins
  Trick  4: teambinary leads KD, rootbotz plays JD -> teambinary wins
  Trick  5: teambinary leads JS, rootbotz plays 8H -> teambinary wins
  Trick  6: teambinary leads QC, rootbotz plays KC -> rootbotz wins
  Trick  7: rootbotz leads AH, teambinary plays 7H -> rootbotz wins
  Trick  8: rootbotz leads AC, teambinary plays 10C -> rootbotz wins
  Trick  9: rootbotz leads QH, teambinary plays JH -> rootbotz wins
  Trick 10: rootbotz leads KH, teambinary plays 9D -> rootbotz wins
  Trick 11: rootbotz leads 9C, teambinary plays 10S -> rootbotz wins
  Trick 12: rootbotz leads 10H, teambinary plays QD -> rootbotz wins
  Hand: rootbotz +23 / teambinary +5 (tricks 7-5)
  Match total: rootbotz 91 - 91 teambinary
Players: rootbotz vs teambinary
Dealer: teambinary  |  Elder: rootbotz
Match scores: 91 - 91
Talon (8): QC 8D 10D JD 8H 10H AH KS
rootbotz hand: 7C 8C 9C 7D KD AD 7H 9H 7S 8S QS AS
teambinary hand: 10C JC KC AC 9D QD JH QH KH 9S 10S JS
  Exchange rootbotz: discard 7D 7H 9H 7S 8S -> draw 8D 10D JD 8H KS (talon 3 left)
  Exchange teambinary: discard 9D -> draw AH (talon 2 left)

--- Phase: declare ---
  Declare point: rootbotz wins 5 pts (('point', 5, 'D'))
  Declare sequence: teambinary wins 4 pts (('sequence', 4, 14, 'H'))
  Declare set: teambinary wins 3 pts (('set', 3, 11))

--- Phase: tricks ---
  Trick  1: rootbotz leads AS, teambinary plays 9S -> rootbotz wins
  Trick  2: rootbotz leads AD, teambinary plays QD -> rootbotz wins
  Trick  3: rootbotz leads QS, teambinary plays 10S -> rootbotz wins
  Trick  4: rootbotz leads KS, teambinary plays JS -> rootbotz wins
  Trick  5: rootbotz leads KD, teambinary plays 10C -> rootbotz wins
  Trick  6: rootbotz leads 10D, teambinary plays JC -> rootbotz wins
  Trick  7: rootbotz leads 8D, teambinary plays JH -> rootbotz wins
  Trick  8: rootbotz leads JD, teambinary plays QH -> rootbotz wins
  Trick  9: rootbotz leads 7C, teambinary plays KC -> teambinary wins
  Trick 10: teambinary leads AC, rootbotz plays 8C -> teambinary wins
  Trick 11: teambinary leads AH, rootbotz plays 8H -> teambinary wins
  Trick 12: teambinary leads KH, rootbotz plays 9C -> teambinary wins
  Hand: rootbotz +23 / teambinary +12 (tricks 8-4)
  Match total: rootbotz 114 - 103 teambinary
  Final: rootbotz 114 - 103 teambinary
  Winner: rootbotz

============================================================
Game 66
============================================================
Players: teambinary vs rootbotz
Dealer: teambinary  |  Elder: rootbotz
Match scores: 0 - 0
Talon (8): 8C 10C QC AC JD QH AH QS
teambinary hand: 9C JC 7D AD 7H 8H 9H KH 7S 8S 9S 10S
rootbotz hand: 7C KC 8D 9D 10D QD KD 10H JH JS KS AS
  Exchange rootbotz: discard 7C 10H JH JS AS -> draw 10C QC AC AH QS (talon 3 left)
  Exchange teambinary: discard 9C 7D -> draw 8C QH (talon 1 left)

--- Phase: declare ---
  Declare point: rootbotz wins 5 pts (('point', 5, 'D'))
  Declare sequence: teambinary wins 4 pts (('sequence', 4, 10, 'S'))
  Declare set: rootbotz wins 3 pts (('set', 3, 13))

--- Phase: tricks ---
  Trick  1: rootbotz leads AH, teambinary plays 7H -> rootbotz wins
  Trick  2: rootbotz leads AC, teambinary plays 8C -> rootbotz wins
  Trick  3: rootbotz leads QS, teambinary plays 7S -> rootbotz wins
  Trick  4: rootbotz leads QC, teambinary plays JC -> rootbotz wins
  Trick  5: rootbotz leads KS, teambinary plays 8S -> rootbotz wins
  Trick  6: rootbotz leads KC, teambinary plays 8H -> rootbotz wins
  Trick  7: rootbotz leads 10C, teambinary plays 9H -> rootbotz wins
  Trick  8: rootbotz leads QD, teambinary plays AD -> teambinary wins
  Trick  9: teambinary leads 10S, rootbotz plays 8D -> teambinary wins
  Trick 10: teambinary leads KH, rootbotz plays 9D -> teambinary wins
  Trick 11: teambinary leads 9S, rootbotz plays 10D -> teambinary wins
  Trick 12: teambinary leads QH, rootbotz plays KD -> teambinary wins
  Hand: teambinary +10 / rootbotz +25 (tricks 5-7)
  Match total: teambinary 10 - 25 rootbotz
Players: teambinary vs rootbotz
Dealer: rootbotz  |  Elder: teambinary
Match scores: 10 - 25
Talon (8): KC 8D 9D AD QH AH 8S JS
teambinary hand: 8C JC AC 10D JD 7H 10H KH 7S 9S QS KS
rootbotz hand: 7C 9C 10C QC 7D QD KD 8H 9H JH 10S AS
  Exchange teambinary: discard 8C 7H 7S 9S -> draw 8D AD 8S JS (talon 4 left)
  Exchange rootbotz: discard 7D 8H 9H JH -> draw KC 9D QH AH (talon 0 left)

--- Phase: declare ---
  Declare point: rootbotz wins 5 pts (('point', 5, 'C'))
  Declare sequence: teambinary wins 3 pts (('sequence', 3, 13, 'S'))
  Declare set: rootbotz wins 3 pts (('set', 3, 12))

--- Phase: tricks ---
  Trick  1: teambinary leads AC, rootbotz plays 7C -> teambinary wins
  Trick  2: teambinary leads AD, rootbotz plays 9D -> teambinary wins
  Trick  3: teambinary leads KS, rootbotz plays AS -> rootbotz wins
  Trick  4: rootbotz leads AH, teambinary plays 10H -> rootbotz wins
  Trick  5: rootbotz leads QD, teambinary plays 8D -> rootbotz wins
  Trick  6: rootbotz leads QC, teambinary plays JC -> rootbotz wins
  Trick  7: rootbotz leads KD, teambinary plays 10D -> rootbotz wins
  Trick  8: rootbotz leads KC, teambinary plays 8S -> rootbotz wins
  Trick  9: rootbotz leads 9C, teambinary plays JD -> rootbotz wins
  Trick 10: rootbotz leads 10C, teambinary plays JS -> rootbotz wins
  Trick 11: rootbotz leads QH, teambinary plays KH -> teambinary wins
  Trick 12: teambinary leads QS, rootbotz plays 10S -> teambinary wins
  Hand: teambinary +8 / rootbotz +26 (tricks 4-8)
  Match total: teambinary 18 - 51 rootbotz
Players: teambinary vs rootbotz
Dealer: teambinary  |  Elder: rootbotz
Match scores: 18 - 51
Talon (8): 10C 7D 8D QD 7H 8H AH AS
teambinary hand: 7C AC 9D JD 9H JH QH 7S 8S 9S JS KS
rootbotz hand: 8C 9C JC QC KC 10D KD AD 10H KH 10S QS
  Exchange rootbotz: discard 8C 10D 10H 10S -> draw 8D 8H AH AS (talon 4 left)
  Exchange teambinary: discard 7C 9D 9H -> draw 10C 7D QD (talon 1 left)

--- Phase: declare ---
  Declare point: teambinary wins 5 pts (('point', 5, 'S'))
  Declare sequence: rootbotz wins 3 pts (('sequence', 3, 13, 'C'))
  Declare set: rootbotz wins 3 pts (('set', 3, 14))

--- Phase: tricks ---
  Trick  1: rootbotz leads AS, teambinary plays 7S -> rootbotz wins
  Trick  2: rootbotz leads AH, teambinary plays JH -> rootbotz wins
  Trick  3: rootbotz leads AD, teambinary plays 7D -> rootbotz wins
  Trick  4: rootbotz leads KH, teambinary plays QH -> rootbotz wins
  Trick  5: rootbotz leads KD, teambinary plays JD -> rootbotz wins
  Trick  6: rootbotz leads JC, teambinary plays AC -> teambinary wins
  Trick  7: teambinary leads KS, rootbotz plays QS -> teambinary wins
  Trick  8: teambinary leads JS, rootbotz plays 8D -> teambinary wins
  Trick  9: teambinary leads 9S, rootbotz plays 8H -> teambinary wins
  Trick 10: teambinary leads 8S, rootbotz plays 9C -> teambinary wins
  Trick 11: teambinary leads 10C, rootbotz plays QC -> rootbotz wins
  Trick 12: rootbotz leads KC, teambinary plays QD -> rootbotz wins
  Hand: teambinary +10 / rootbotz +24 (tricks 5-7)
  Match total: teambinary 28 - 75 rootbotz
Players: teambinary vs rootbotz
Dealer: rootbotz  |  Elder: teambinary
Match scores: 28 - 75
Talon (8): 8C 10C AC AD 9H 10H KH AH
teambinary hand: JC 8D QD KD 8H QH 8S 9S JS QS KS AS
rootbotz hand: 7C 9C QC KC 7D 9D 10D JD 7H JH 7S 10S
  Exchange teambinary: discard 8D 8H 8S 9S -> draw AC AD 9H 10H (talon 4 left)
  Exchange rootbotz: discard 7C 7H 7S 10S -> draw 8C 10C KH AH (talon 0 left)

--- Phase: declare ---
  Declare point: rootbotz wins 5 pts (('point', 5, 'C'))
  Declare sequence: teambinary wins 4 pts (('sequence', 4, 14, 'S'))
  Declare set: teambinary wins 3 pts (('set', 3, 14))

--- Phase: tricks ---
  Trick  1: teambinary leads AS, rootbotz plays 7D -> teambinary wins
  Trick  2: teambinary leads AC, rootbotz plays 8C -> teambinary wins
  Trick  3: teambinary leads AD, rootbotz plays 9D -> teambinary wins
  Trick  4: teambinary leads QH, rootbotz plays KH -> rootbotz wins
  Trick  5: rootbotz leads AH, teambinary plays 9H -> rootbotz wins
  Trick  6: rootbotz leads JH, teambinary plays 10H -> rootbotz wins
  Trick  7: rootbotz leads 9C, teambinary plays JC -> teambinary wins
  Trick  8: teambinary leads KS, rootbotz plays 10D -> teambinary wins
  Trick  9: teambinary leads QS, rootbotz plays 10C -> teambinary wins
  Trick 10: teambinary leads KD, rootbotz plays JD -> teambinary wins
  Trick 11: teambinary leads JS, rootbotz plays QC -> teambinary wins
  Trick 12: teambinary leads QD, rootbotz plays KC -> teambinary wins
  Hand: teambinary +27 / rootbotz +8 (tricks 9-3)
  Match total: teambinary 55 - 83 rootbotz
Players: teambinary vs rootbotz
Dealer: teambinary  |  Elder: rootbotz
Match scores: 55 - 83
Talon (8): 8C 9C AC KD JH KH 9S AS
teambinary hand: JC QC KC 9D 10D 7H 8H 9H QH 8S 10S QS
rootbotz hand: 7C 10C 7D 8D JD QD AD 10H AH 7S JS KS
  Exchange rootbotz: discard 7C 10C 8D 10H 7S -> draw 8C AC JH 9S AS (talon 3 left)
  Exchange teambinary: discard 9D 8S -> draw KD KH (talon 1 left)

--- Phase: declare ---
  Declare point: teambinary wins 5 pts (('point', 5, 'H'))
  Declare sequence: teambinary wins 3 pts (('sequence', 3, 13, 'C'))
  Declare set: rootbotz wins 14 pts (('set', 4, 14))

--- Phase: tricks ---
  Trick  1: rootbotz leads AS, teambinary plays 10S -> rootbotz wins
  Trick  2: rootbotz leads AH, teambinary plays 7H -> rootbotz wins
  Trick  3: rootbotz leads AD, teambinary plays 10D -> rootbotz wins
  Trick  4: rootbotz leads AC, teambinary plays JC -> rootbotz wins
  Trick  5: rootbotz leads KS, teambinary plays QS -> rootbotz wins
  Trick  6: rootbotz leads JS, teambinary plays 8H -> rootbotz wins
  Trick  7: rootbotz leads JD, teambinary plays KD -> teambinary wins
  Trick  8: teambinary leads KH, rootbotz plays JH -> teambinary wins
  Trick  9: teambinary leads KC, rootbotz plays 8C -> teambinary wins
  Trick 10: teambinary leads QH, rootbotz plays 7D -> teambinary wins
  Trick 11: teambinary leads 9H, rootbotz plays 9S -> teambinary wins
  Trick 12: teambinary leads QC, rootbotz plays QD -> teambinary wins
  Hand: teambinary +15 / rootbotz +20 (tricks 6-6)
  Match total: teambinary 70 - 103 rootbotz
  Final: teambinary 70 - 103 rootbotz
  Winner: rootbotz

============================================================
Game 67
============================================================
Players: rootbotz vs teambinary
Dealer: rootbotz  |  Elder: teambinary
Match scores: 0 - 0
Talon (8): 7C QC KC QD KD AD AH KS
rootbotz hand: 8C 10C AC 7D 9D JD 7H 8H QH 7S 8S 9S
teambinary hand: 9C JC 8D 10D 9H 10H JH KH 10S JS QS AS
  Exchange teambinary: discard 9C 8D -> draw QC KS (talon 6 left)
  Exchange rootbotz: discard 8C 10C 9D JD 7H 8H -> draw 7C KC QD KD AD AH (talon 0 left)

--- Phase: declare ---
  Declare point: teambinary wins 5 pts (('point', 5, 'S'))
  Declare sequence: teambinary wins 10 pts (('sequence', 5, 14, 'S'))
  Declare set: rootbotz wins 3 pts (('set', 3, 14))

--- Phase: tricks ---
  Trick  1: teambinary leads AS, rootbotz plays 7S -> teambinary wins
  Trick  2: teambinary leads KH, rootbotz plays AH -> rootbotz wins
  Trick  3: rootbotz leads AD, teambinary plays 10D -> rootbotz wins
  Trick  4: rootbotz leads AC, teambinary plays JC -> rootbotz wins
  Trick  5: rootbotz leads QH, teambinary plays 9H -> rootbotz wins
  Trick  6: rootbotz leads QD, teambinary plays 10H -> rootbotz wins
  Trick  7: rootbotz leads KD, teambinary plays 10S -> rootbotz wins
  Trick  8: rootbotz leads 7D, teambinary plays JH -> rootbotz wins
  Trick  9: rootbotz leads 7C, teambinary plays QC -> teambinary wins
  Trick 10: teambinary leads KS, rootbotz plays 8S -> teambinary wins
  Trick 11: teambinary leads QS, rootbotz plays 9S -> teambinary wins
  Trick 12: teambinary leads JS, rootbotz plays KC -> teambinary wins
  Hand: rootbotz +20 / teambinary +21 (tricks 7-5)
  Match total: rootbotz 20 - 21 teambinary
Players: rootbotz vs teambinary
Dealer: teambinary  |  Elder: rootbotz
Match scores: 20 - 21
Talon (8): JC 7D JD 8H KH 8S QS AS
rootbotz hand: 7C QC 8D 9D KD AD 9H JH QH 7S 10S JS
teambinary hand: 8C 9C 10C KC AC 10D QD 7H 10H AH 9S KS
  Exchange rootbotz: discard 7C 9H 7S 10S JS -> draw JC 7D 8H KH AS (talon 3 left)
  Exchange teambinary: discard 7H 9S -> draw 8S QS (talon 1 left)

--- Phase: declare ---
  Declare point: teambinary wins 5 pts (('point', 5, 'C'))
  Declare sequence: rootbotz wins 3 pts (('sequence', 3, 13, 'H'))
  Declare set: teambinary wins 3 pts (('set', 3, 10))

--- Phase: tricks ---
  Trick  1: rootbotz leads AS, teambinary plays 8S -> rootbotz wins
  Trick  2: rootbotz leads AD, teambinary plays 10D -> rootbotz wins
  Trick  3: rootbotz leads KD, teambinary plays QD -> rootbotz wins
  Trick  4: rootbotz leads JH, teambinary plays AH -> teambinary wins
  Trick  5: teambinary leads AC, rootbotz plays JC -> teambinary wins
  Trick  6: teambinary leads KC, rootbotz plays QC -> teambinary wins
  Trick  7: teambinary leads 10C, rootbotz plays 7D -> teambinary wins
  Trick  8: teambinary leads KS, rootbotz plays 8D -> teambinary wins
  Trick  9: teambinary leads 9C, rootbotz plays 8H -> teambinary wins
  Trick 10: teambinary leads 10H, rootbotz plays QH -> rootbotz wins
  Trick 11: rootbotz leads KH, teambinary plays 8C -> rootbotz wins
  Trick 12: rootbotz leads 9D, teambinary plays QS -> rootbotz wins
  Hand: rootbotz +10 / teambinary +14 (tricks 6-6)
  Match total: rootbotz 30 - 35 teambinary
Players: rootbotz vs teambinary
Dealer: rootbotz  |  Elder: teambinary
Match scores: 30 - 35
Talon (8): 8C 9D JD QD AD 7H 10S KS
rootbotz hand: 7C JC QC AC KD JH KH AH 7S 9S JS AS
teambinary hand: 9C 10C KC 7D 8D 10D 8H 9H 10H QH 8S QS
  Exchange teambinary: discard 9C 7D 8D 8S -> draw 8C 9D AD KS (talon 4 left)
  Exchange rootbotz: discard 7C 7S 9S JS -> draw JD QD 7H 10S (talon 0 left)

--- Phase: declare ---
  Declare point: rootbotz wins 4 pts (('point', 4, 'H'))
  Declare sequence: rootbotz wins 3 pts (('sequence', 3, 13, 'D'))
  Declare set: rootbotz wins 3 pts (('set', 3, 14))

--- Phase: tricks ---
  Trick  1: teambinary leads AD, rootbotz plays JD -> teambinary wins
  Trick  2: teambinary leads QH, rootbotz plays KH -> rootbotz wins
  Trick  3: rootbotz leads AS, teambinary plays QS -> rootbotz wins
  Trick  4: rootbotz leads AH, teambinary plays 8H -> rootbotz wins
  Trick  5: rootbotz leads AC, teambinary plays 8C -> rootbotz wins
  Trick  6: rootbotz leads JH, teambinary plays 9H -> rootbotz wins
  Trick  7: rootbotz leads QD, teambinary plays 9D -> rootbotz wins
  Trick  8: rootbotz leads 10S, teambinary plays KS -> teambinary wins
  Trick  9: teambinary leads KC, rootbotz plays JC -> teambinary wins
  Trick 10: teambinary leads 10D, rootbotz plays KD -> rootbotz wins
  Trick 11: rootbotz leads QC, teambinary plays 10C -> rootbotz wins
  Trick 12: rootbotz leads 7H, teambinary plays 10H -> teambinary wins
  Hand: rootbotz +28 / teambinary +5 (tricks 8-4)
  Match total: rootbotz 58 - 40 teambinary
Players: rootbotz vs teambinary
Dealer: teambinary  |  Elder: rootbotz
Match scores: 58 - 40
Talon (8): 8C 10C QC JD QD 10H 10S JS
rootbotz hand: 7D 8D 9D 10D KD 8H JH AH 7S 9S QS AS
teambinary hand: 7C 9C JC KC AC AD 7H 9H QH KH 8S KS
  Exchange rootbotz: discard 8H JH 7S 9S QS -> draw 8C JD QD 10S JS (talon 3 left)
  Exchange teambinary: discard 7C 7H 8S -> draw 10C QC 10H (talon 0 left)

--- Phase: declare ---
  Declare point: rootbotz wins 7 pts (('point', 7, 'D'))
  Declare sequence: rootbotz wins 12 pts (('sequence', 7, 13, 'D'))
  Declare set: teambinary wins 3 pts (('set', 3, 13))

--- Phase: tricks ---
  Trick  1: rootbotz leads AS, teambinary plays KS -> rootbotz wins
  Trick  2: rootbotz leads AH, teambinary plays 9H -> rootbotz wins
  Trick  3: rootbotz leads 7D, teambinary plays AD -> teambinary wins
  Trick  4: teambinary leads AC, rootbotz plays 8C -> teambinary wins
  Trick  5: teambinary leads KC, rootbotz plays 8D -> teambinary wins
  Trick  6: teambinary leads QC, rootbotz plays 9D -> teambinary wins
  Trick  7: teambinary leads JC, rootbotz plays 10S -> teambinary wins
  Trick  8: teambinary leads KH, rootbotz plays 10D -> teambinary wins
  Trick  9: teambinary leads 10C, rootbotz plays JS -> teambinary wins
  Trick 10: teambinary leads QH, rootbotz plays JD -> teambinary wins
  Trick 11: teambinary leads 9C, rootbotz plays QD -> teambinary wins
  Trick 12: teambinary leads 10H, rootbotz plays KD -> teambinary wins
  Hand: rootbotz +21 / teambinary +24 (tricks 2-10)
  Match total: rootbotz 79 - 64 teambinary
Players: rootbotz vs teambinary
Dealer: rootbotz  |  Elder: teambinary
Match scores: 79 - 64
Talon (8): 9C KC 7D 7H QH 8S 9S QS
rootbotz hand: 8C 10C QC 9D 10D QD AD 8H 7S JS KS AS
teambinary hand: 7C JC AC 8D JD KD 9H 10H JH KH AH 10S
  Exchange teambinary: discard 7C 8D -> draw 7D QH (talon 6 left)
  Exchange rootbotz: discard 8C 10C QC 8H 7S JS -> draw 9C KC 7H 8S 9S QS (talon 0 left)

--- Phase: declare ---
  Declare point: teambinary wins 6 pts (('point', 6, 'H'))
  Declare sequence: teambinary wins 11 pts (('sequence', 6, 14, 'H'))
  Declare set: teambinary wins 3 pts (('set', 3, 11))

--- Phase: tricks ---
  Trick  1: teambinary leads AC, rootbotz plays 9C -> teambinary wins
  Trick  2: teambinary leads AH, rootbotz plays 7H -> teambinary wins
  Trick  3: teambinary leads KH, rootbotz plays 8S -> teambinary wins
  Trick  4: teambinary leads QH, rootbotz plays 9D -> teambinary wins
  Trick  5: teambinary leads KD, rootbotz plays AD -> rootbotz wins
  Trick  6: rootbotz leads AS, teambinary plays 10S -> rootbotz wins
  Trick  7: rootbotz leads 9S, teambinary plays 7D -> rootbotz wins
  Trick  8: rootbotz leads 10D, teambinary plays JD -> teambinary wins
  Trick  9: teambinary leads JH, rootbotz plays QD -> teambinary wins
  Trick 10: teambinary leads 10H, rootbotz plays QS -> teambinary wins
  Trick 11: teambinary leads JC, rootbotz plays KC -> rootbotz wins
  Trick 12: rootbotz leads KS, teambinary plays 9H -> rootbotz wins
  Hand: rootbotz +6 / teambinary +37 (tricks 5-7)
  Match total: rootbotz 85 - 101 teambinary
  Final: rootbotz 85 - 101 teambinary
  Winner: teambinary

============================================================
Game 68
============================================================
Players: teambinary vs rootbotz
Dealer: teambinary  |  Elder: rootbotz
Match scores: 0 - 0
Talon (8): 8C QC KC AC 7D AD 9H KS
teambinary hand: 7C 9C 8D JD KD 8H 10H JH AH 7S 8S AS
rootbotz hand: 10C JC 9D 10D QD 7H QH KH 9S 10S JS QS
  Exchange rootbotz: discard 10C JC 9D 10D 7H -> draw 8C KC 7D AD KS (talon 3 left)
  Exchange teambinary: discard 7C 9C 7S -> draw QC AC 9H (talon 0 left)

--- Phase: declare ---
  Declare point: rootbotz wins 5 pts (('point', 5, 'S'))
  Declare sequence: rootbotz wins 10 pts (('sequence', 5, 13, 'S'))
  Declare set: teambinary wins 3 pts (('set', 3, 14))

--- Phase: tricks ---
  Trick  1: rootbotz leads AD, teambinary plays 8D -> rootbotz wins
  Trick  2: rootbotz leads QD, teambinary plays KD -> teambinary wins
  Trick  3: teambinary leads AH, rootbotz plays QH -> teambinary wins
  Trick  4: teambinary leads AS, rootbotz plays 9S -> teambinary wins
  Trick  5: teambinary leads AC, rootbotz plays 8C -> teambinary wins
  Trick  6: teambinary leads JH, rootbotz plays KH -> rootbotz wins
  Trick  7: rootbotz leads 10S, teambinary plays 8S -> rootbotz wins
  Trick  8: rootbotz leads JS, teambinary plays 8H -> rootbotz wins
  Trick  9: rootbotz leads QS, teambinary plays 9H -> rootbotz wins
  Trick 10: rootbotz leads KS, teambinary plays 10H -> rootbotz wins
  Trick 11: rootbotz leads KC, teambinary plays QC -> rootbotz wins
  Trick 12: rootbotz leads 7D, teambinary plays JD -> teambinary wins
  Hand: teambinary +9 / rootbotz +32 (tricks 5-7)
  Match total: teambinary 9 - 32 rootbotz
Players: teambinary vs rootbotz
Dealer: rootbotz  |  Elder: teambinary
Match scores: 9 - 32
Talon (8): 7C 8C JC JD QD 9H 8S JS
teambinary hand: 9C 9D KD AD 7H 8H 10H KH 7S QS KS AS
rootbotz hand: 10C QC KC AC 7D 8D 10D JH QH AH 9S 10S
  Exchange teambinary: discard 9C 9D 7H 8H 7S -> draw 8C JD QD 9H JS (talon 3 left)
  Exchange rootbotz: discard 7D 8D 9S -> draw 7C JC 8S (talon 0 left)

--- Phase: declare ---
  Declare point: rootbotz wins 6 pts (('point', 6, 'C'))
  Declare sequence: rootbotz wins 10 pts (('sequence', 5, 14, 'C'))
  Declare set: teambinary wins 3 pts (('set', 3, 13))

--- Phase: tricks ---
  Trick  1: teambinary leads AS, rootbotz plays 8S -> teambinary wins
  Trick  2: teambinary leads AD, rootbotz plays 10D -> teambinary wins
  Trick  3: teambinary leads KD, rootbotz plays 7C -> teambinary wins
  Trick  4: teambinary leads KS, rootbotz plays 10S -> teambinary wins
  Trick  5: teambinary leads KH, rootbotz plays AH -> rootbotz wins
  Trick  6: rootbotz leads AC, teambinary plays 8C -> rootbotz wins
  Trick  7: rootbotz leads 10C, teambinary plays 9H -> rootbotz wins
  Trick  8: rootbotz leads JC, teambinary plays 10H -> rootbotz wins
  Trick  9: rootbotz leads QC, teambinary plays JD -> rootbotz wins
  Trick 10: rootbotz leads KC, teambinary plays JS -> rootbotz wins
  Trick 11: rootbotz leads JH, teambinary plays QD -> rootbotz wins
  Trick 12: rootbotz leads QH, teambinary plays QS -> rootbotz wins
  Hand: teambinary +7 / rootbotz +35 (tricks 4-8)
  Match total: teambinary 16 - 67 rootbotz
Players: teambinary vs rootbotz
Dealer: teambinary  |  Elder: rootbotz
Match scores: 16 - 67
Talon (8): JC 7D 8D QD KD 7H 7S 9S
teambinary hand: 7C 8C 9C 10C AD 8H 10H QH 10S JS QS KS
rootbotz hand: QC KC AC 9D 10D JD 9H JH KH AH 8S AS
  Exchange rootbotz: discard 9D 10D 9H 8S -> draw JC 7D KD 7H (talon 4 left)
  Exchange teambinary: discard 8H -> draw QD (talon 3 left)

--- Phase: declare ---
  Declare point: rootbotz wins 4 pts (('point', 4, 'C'))
  Declare sequence: rootbotz wins 4 pts (('sequence', 4, 14, 'C'))
  Declare set: rootbotz wins 3 pts (('set', 3, 14))

--- Phase: tricks ---
  Trick  1: rootbotz leads AS, teambinary plays 10S -> rootbotz wins
  Trick  2: rootbotz leads AH, teambinary plays 10H -> rootbotz wins
  Trick  3: rootbotz leads AC, teambinary plays 7C -> rootbotz wins
  Trick  4: rootbotz leads JC, teambinary plays 8C -> rootbotz wins
  Trick  5: rootbotz leads QC, teambinary plays 9C -> rootbotz wins
  Trick  6: rootbotz leads KH, teambinary plays QH -> rootbotz wins
  Trick  7: rootbotz leads KC, teambinary plays 10C -> rootbotz wins
  Trick  8: rootbotz leads JH, teambinary plays JS -> rootbotz wins
  Trick  9: rootbotz leads KD, teambinary plays AD -> teambinary wins
  Trick 10: teambinary leads KS, rootbotz plays 7H -> teambinary wins
  Trick 11: teambinary leads QS, rootbotz plays 7D -> teambinary wins
  Trick 12: teambinary leads QD, rootbotz plays JD -> teambinary wins
  Hand: teambinary +5 / rootbotz +29 (tricks 4-8)
  Match total: teambinary 21 - 96 rootbotz
Players: teambinary vs rootbotz
Dealer: rootbotz  |  Elder: teambinary
Match scores: 21 - 96
Talon (8): 7C KC AC QD KD 7H 10H JS
teambinary hand: 8C JC 8D 9D AD JH QH AH 7S 9S QS KS
rootbotz hand: 9C 10C QC 7D 10D JD 8H 9H KH 8S 10S AS
  Exchange teambinary: discard 8C 8D 9D 7S 9S -> draw 7C KC KD 7H 10H (talon 3 left)
  Exchange rootbotz: discard 9C 7D 9H -> draw AC QD JS (talon 0 left)

--- Phase: declare ---
  Declare point: teambinary wins 5 pts (('point', 5, 'H'))
  Declare set: teambinary wins 3 pts (('set', 3, 13))

--- Phase: tricks ---
  Trick  1: teambinary leads AD, rootbotz plays 10D -> teambinary wins
  Trick  2: teambinary leads AH, rootbotz plays 8H -> teambinary wins
  Trick  3: teambinary leads QH, rootbotz plays KH -> rootbotz wins
  Trick  4: rootbotz leads AS, teambinary plays QS -> rootbotz wins
  Trick  5: rootbotz leads AC, teambinary plays 7C -> rootbotz wins
  Trick  6: rootbotz leads JD, teambinary plays KD -> teambinary wins
  Trick  7: teambinary leads JH, rootbotz plays 8S -> teambinary wins
  Trick  8: teambinary leads KC, rootbotz plays 10C -> teambinary wins
  Trick  9: teambinary leads 10H, rootbotz plays 10S -> teambinary wins
  Trick 10: teambinary leads JC, rootbotz plays QC -> rootbotz wins
  Trick 11: rootbotz leads JS, teambinary plays KS -> teambinary wins
  Trick 12: teambinary leads 7H, rootbotz plays QD -> teambinary wins
  Hand: teambinary +27 / rootbotz +4 (tricks 8-4)
  Match total: teambinary 48 - 100 rootbotz
  Final: teambinary 48 - 100 rootbotz
  Winner: rootbotz

============================================================
Game 69
============================================================
Players: rootbotz vs teambinary
Dealer: rootbotz  |  Elder: teambinary
Match scores: 0 - 0
Talon (8): 7C 7D 8D 9D 7H 10H QH 9S
rootbotz hand: 9C 10C JC AC KD AD AH 8S JS QS KS AS
teambinary hand: 8C QC KC 10D JD QD 8H 9H JH KH 7S 10S
  Exchange teambinary: discard 8C 8H 9H 7S -> draw 7C 7D 9D 10H (talon 4 left)
  Exchange rootbotz: discard 9C 10C JC 8S -> draw 8D 7H QH 9S (talon 0 left)

--- Phase: declare ---
  Declare point: rootbotz wins 5 pts (('point', 5, 'S'))
  Declare sequence: rootbotz wins 4 pts (('sequence', 4, 14, 'S'))
  Declare set: rootbotz wins 14 pts (('set', 4, 14))

--- Phase: tricks ---
  Trick  1: teambinary leads QD, rootbotz plays KD -> rootbotz wins
  Trick  2: rootbotz leads AS, teambinary plays 10S -> rootbotz wins
  Trick  3: rootbotz leads AH, teambinary plays 10H -> rootbotz wins
  Trick  4: rootbotz leads AC, teambinary plays 7C -> rootbotz wins
  Trick  5: rootbotz leads AD, teambinary plays 7D -> rootbotz wins
  Trick  6: rootbotz leads JS, teambinary plays 9D -> rootbotz wins
  Trick  7: rootbotz leads QS, teambinary plays 10D -> rootbotz wins
  Trick  8: rootbotz leads KS, teambinary plays JD -> rootbotz wins
  Trick  9: rootbotz leads 9S, teambinary plays JH -> rootbotz wins
  Trick 10: rootbotz leads 7H, teambinary plays KH -> teambinary wins
  Trick 11: teambinary leads KC, rootbotz plays 8D -> teambinary wins
  Trick 12: teambinary leads QC, rootbotz plays QH -> teambinary wins
  Hand: rootbotz +42 / teambinary +4 (tricks 9-3)
  Match total: rootbotz 42 - 4 teambinary
Players: rootbotz vs teambinary
Dealer: teambinary  |  Elder: rootbotz
Match scores: 42 - 4
Talon (8): JC QC 8D 10D 9H 10H 10S QS
rootbotz hand: AC 9D QD KD AD 7H JH KH AH 7S 8S JS
teambinary hand: 7C 8C 9C 10C KC 7D JD 8H QH 9S KS AS
  Exchange rootbotz: discard 9D 7H 7S 8S JS -> draw QC 10D 9H 10H 10S (talon 3 left)
  Exchange teambinary: discard 7D 8H 9S -> draw JC 8D QS (talon 0 left)

--- Phase: declare ---
  Declare point: teambinary wins 6 pts (('point', 6, 'C'))
  Declare sequence: teambinary wins 10 pts (('sequence', 5, 11, 'C'))
  Declare set: rootbotz wins 3 pts (('set', 3, 14))

--- Phase: tricks ---
  Trick  1: rootbotz leads AH, teambinary plays QH -> rootbotz wins
  Trick  2: rootbotz leads AD, teambinary plays 8D -> rootbotz wins
  Trick  3: rootbotz leads AC, teambinary plays 7C -> rootbotz wins
  Trick  4: rootbotz leads QD, teambinary plays JD -> rootbotz wins
  Trick  5: rootbotz leads KH, teambinary plays 8C -> rootbotz wins
  Trick  6: rootbotz leads KD, teambinary plays 9C -> rootbotz wins
  Trick  7: rootbotz leads 9H, teambinary plays 10C -> rootbotz wins
  Trick  8: rootbotz leads 10S, teambinary plays QS -> teambinary wins
  Trick  9: teambinary leads AS, rootbotz plays 10D -> teambinary wins
  Trick 10: teambinary leads KC, rootbotz plays QC -> teambinary wins
  Trick 11: teambinary leads KS, rootbotz plays 10H -> teambinary wins
  Trick 12: teambinary leads JC, rootbotz plays JH -> teambinary wins
  Hand: rootbotz +20 / teambinary +22 (tricks 7-5)
  Match total: rootbotz 62 - 26 teambinary
Players: rootbotz vs teambinary
Dealer: rootbotz  |  Elder: teambinary
Match scores: 62 - 26
Talon (8): 8C 9C 10C AC 7D AD AH 7S
rootbotz hand: JC QC 9D JD QD 8H 9H JH QH JS QS AS
teambinary hand: 7C KC 8D 10D KD 7H 10H KH 8S 9S 10S KS
  Exchange teambinary: discard 7C 8D 7H -> draw 9C 7D AD (talon 5 left)
  Exchange rootbotz: discard 9D JD 8H 9H JH -> draw 8C 10C AC AH 7S (talon 0 left)

--- Phase: declare ---
  Declare point: rootbotz wins 5 pts (('point', 5, 'C'))
  Declare sequence: rootbotz wins 3 pts (('sequence', 3, 12, 'C'))
  Declare set: rootbotz wins 3 pts (('set', 3, 14))

--- Phase: tricks ---
  Trick  1: teambinary leads AD, rootbotz plays QD -> teambinary wins
  Trick  2: teambinary leads KS, rootbotz plays AS -> rootbotz wins
  Trick  3: rootbotz leads AH, teambinary plays 10H -> rootbotz wins
  Trick  4: rootbotz leads AC, teambinary plays 9C -> rootbotz wins
  Trick  5: rootbotz leads JS, teambinary plays 8S -> rootbotz wins
  Trick  6: rootbotz leads QS, teambinary plays 9S -> rootbotz wins
  Trick  7: rootbotz leads 7S, teambinary plays 10S -> teambinary wins
  Trick  8: teambinary leads KD, rootbotz plays 8C -> teambinary wins
  Trick  9: teambinary leads 10D, rootbotz plays 10C -> teambinary wins
  Trick 10: teambinary leads KC, rootbotz plays JC -> teambinary wins
  Trick 11: teambinary leads KH, rootbotz plays QH -> teambinary wins
  Trick 12: teambinary leads 7D, rootbotz plays QC -> teambinary wins
  Hand: rootbotz +16 / teambinary +18 (tricks 5-7)
  Match total: rootbotz 78 - 44 teambinary
Players: rootbotz vs teambinary
Dealer: teambinary  |  Elder: rootbotz
Match scores: 78 - 44
Talon (8): 8C QC 7D 7H JH 8S 9S JS
rootbotz hand: 7C 9C 10C JC 9D 10D JD 10H KH 10S QS KS
teambinary hand: KC AC 8D QD KD AD 8H 9H QH AH 7S AS
  Exchange rootbotz: discard 9D JD KH QS KS -> draw 8C QC 7H JH 9S (talon 3 left)
  Exchange teambinary: discard 8D 8H 7S -> draw 7D 8S JS (talon 0 left)

--- Phase: declare ---
  Declare point: rootbotz wins 6 pts (('point', 6, 'C'))
  Declare sequence: rootbotz wins 11 pts (('sequence', 6, 12, 'C'))
  Declare set: teambinary wins 14 pts (('set', 4, 14))

--- Phase: tricks ---
  Trick  1: rootbotz leads 7C, teambinary plays KC -> teambinary wins
  Trick  2: teambinary leads AD, rootbotz plays 10D -> teambinary wins
  Trick  3: teambinary leads AS, rootbotz plays 9S -> teambinary wins
  Trick  4: teambinary leads AC, rootbotz plays 8C -> teambinary wins
  Trick  5: teambinary leads AH, rootbotz plays 7H -> teambinary wins
  Trick  6: teambinary leads KD, rootbotz plays 9C -> teambinary wins
  Trick  7: teambinary leads QH, rootbotz plays 10H -> teambinary wins
  Trick  8: teambinary leads QD, rootbotz plays 10S -> teambinary wins
  Trick  9: teambinary leads JS, rootbotz plays 10C -> teambinary wins
  Trick 10: teambinary leads 9H, rootbotz plays JH -> rootbotz wins
  Trick 11: rootbotz leads JC, teambinary plays 7D -> rootbotz wins
  Trick 12: rootbotz leads QC, teambinary plays 8S -> rootbotz wins
  Hand: rootbotz +21 / teambinary +33 (tricks 3-9)
  Match total: rootbotz 99 - 77 teambinary
Players: rootbotz vs teambinary
Dealer: rootbotz  |  Elder: teambinary
Match scores: 99 - 77
Talon (8): 9C AC 8H QH AH 7S KS AS
rootbotz hand: 7C KC 7D 9D 10D KD 10H JH KH 8S 9S 10S
teambinary hand: 8C 10C JC QC 8D JD QD AD 7H 9H JS QS
  Exchange teambinary: discard 8C 8D 7H 9H -> draw 9C AC AH 7S (talon 4 left)
  Exchange rootbotz: discard 7C 10D 10H JH -> draw 8H QH KS AS (talon 0 left)

--- Phase: declare ---
  Declare point: teambinary wins 5 pts (('point', 5, 'C'))
  Declare sequence: teambinary wins 4 pts (('sequence', 4, 12, 'C'))
  Declare set: teambinary wins 3 pts (('set', 3, 14))

--- Phase: tricks ---
  Trick  1: teambinary leads AD, rootbotz plays 7D -> teambinary wins
  Trick  2: teambinary leads AC, rootbotz plays KC -> teambinary wins
  Trick  3: teambinary leads AH, rootbotz plays 8H -> teambinary wins
  Trick  4: teambinary leads QC, rootbotz plays 8S -> teambinary wins
  Trick  5: teambinary leads JC, rootbotz plays 9D -> teambinary wins
  Trick  6: teambinary leads QS, rootbotz plays KS -> rootbotz wins
  Trick  7: rootbotz leads AS, teambinary plays 7S -> rootbotz wins
  Trick  8: rootbotz leads 9S, teambinary plays JS -> teambinary wins
  Trick  9: teambinary leads 10C, rootbotz plays 10S -> teambinary wins
  Trick 10: teambinary leads QD, rootbotz plays KD -> rootbotz wins
  Trick 11: rootbotz leads QH, teambinary plays 9C -> rootbotz wins
  Trick 12: rootbotz leads KH, teambinary plays JD -> rootbotz wins
  Hand: rootbotz +6 / teambinary +29 (tricks 5-7)
  Match total: rootbotz 105 - 106 teambinary
  Final: rootbotz 105 - 106 teambinary
  Winner: teambinary

============================================================
Game 70
============================================================
Players: teambinary vs rootbotz
Dealer: teambinary  |  Elder: rootbotz
Match scores: 0 - 0
Talon (8): 10C JC 7D QD KD AH 9S AS
teambinary hand: 7C QC AC JD AD 8H 9H 10H JH QH 8S QS
rootbotz hand: 8C 9C KC 8D 9D 10D 7H KH 7S 10S JS KS
  Exchange rootbotz: discard 8C 9C 7H 10S JS -> draw 10C 7D QD AH AS (talon 3 left)
  Exchange teambinary: discard 7C 8S -> draw KD 9S (talon 1 left)

--- Phase: declare ---
  Declare point: teambinary wins 5 pts (('point', 5, 'H'))
  Declare sequence: teambinary wins 10 pts (('sequence', 5, 12, 'H'))
  Declare set: rootbotz wins 3 pts (('set', 3, 13))

--- Phase: tricks ---
  Trick  1: rootbotz leads AS, teambinary plays 9S -> rootbotz wins
  Trick  2: rootbotz leads AH, teambinary plays 8H -> rootbotz wins
  Trick  3: rootbotz leads KS, teambinary plays QS -> rootbotz wins
  Trick  4: rootbotz leads KH, teambinary plays 9H -> rootbotz wins
  Trick  5: rootbotz leads KC, teambinary plays AC -> teambinary wins
  Trick  6: teambinary leads AD, rootbotz plays 7D -> teambinary wins
  Trick  7: teambinary leads QH, rootbotz plays 7S -> teambinary wins
  Trick  8: teambinary leads JH, rootbotz plays 8D -> teambinary wins
  Trick  9: teambinary leads KD, rootbotz plays 9D -> teambinary wins
  Trick 10: teambinary leads 10H, rootbotz plays 10C -> teambinary wins
  Trick 11: teambinary leads QC, rootbotz plays 10D -> teambinary wins
  Trick 12: teambinary leads JD, rootbotz plays QD -> rootbotz wins
  Hand: teambinary +32 / rootbotz +9 (tricks 7-5)
  Match total: teambinary 32 - 9 rootbotz
Players: teambinary vs rootbotz
Dealer: rootbotz  |  Elder: teambinary
Match scores: 32 - 9
Talon (8): 8C 9C KC 7D AH 7S 8S 10S
teambinary hand: 7C JC 9D 10D JD 9H 10H JH QH KH JS AS
rootbotz hand: 10C QC AC 8D QD KD AD 7H 8H 9S QS KS
  Exchange teambinary: discard 7C -> draw KC (talon 7 left)
  Exchange rootbotz: discard 10C 8D 7H 8H 9S KS -> draw 8C 9C 7D AH 8S 10S (talon 1 left)

--- Phase: declare ---
  Declare point: teambinary wins 5 pts (('point', 5, 'H'))
  Declare sequence: teambinary wins 10 pts (('sequence', 5, 13, 'H'))
  Declare set: rootbotz wins 3 pts (('set', 3, 14))

--- Phase: tricks ---
  Trick  1: teambinary leads AS, rootbotz plays 8S -> teambinary wins
  Trick  2: teambinary leads KH, rootbotz plays AH -> rootbotz wins
  Trick  3: rootbotz leads AD, teambinary plays 9D -> rootbotz wins
  Trick  4: rootbotz leads AC, teambinary plays JC -> rootbotz wins
  Trick  5: rootbotz leads QS, teambinary plays JS -> rootbotz wins
  Trick  6: rootbotz leads QD, teambinary plays 10D -> rootbotz wins
  Trick  7: rootbotz leads QC, teambinary plays KC -> teambinary wins
  Trick  8: teambinary leads QH, rootbotz plays 7D -> teambinary wins
  Trick  9: teambinary leads JH, rootbotz plays 8C -> teambinary wins
  Trick 10: teambinary leads 10H, rootbotz plays 9C -> teambinary wins
  Trick 11: teambinary leads JD, rootbotz plays KD -> rootbotz wins
  Trick 12: rootbotz leads 10S, teambinary plays 9H -> rootbotz wins
  Hand: teambinary +20 / rootbotz +21 (tricks 5-7)
  Match total: teambinary 52 - 30 rootbotz
Players: teambinary vs rootbotz
Dealer: teambinary  |  Elder: rootbotz
Match scores: 52 - 30
Talon (8): 8C KC AC 7D 8H 9S 10S KS
teambinary hand: 9C 10C 9D 10D KD 7H JH AH 7S 8S JS AS
rootbotz hand: 7C JC QC 8D JD QD AD 9H 10H QH KH QS
  Exchange rootbotz: discard 7C JC 8D -> draw KC 8H 10S (talon 5 left)
  Exchange teambinary: discard 9C 9D 7H 7S 8S -> draw 8C AC 7D 9S KS (talon 0 left)

--- Phase: declare ---
  Declare point: rootbotz wins 5 pts (('point', 5, 'H'))
  Declare sequence: rootbotz wins 3 pts (('sequence', 3, 10, 'H'))
  Declare set: teambinary wins 3 pts (('set', 3, 14))

--- Phase: tricks ---
  Trick  1: rootbotz leads AD, teambinary plays 7D -> rootbotz wins
  Trick  2: rootbotz leads JD, teambinary plays KD -> teambinary wins
  Trick  3: teambinary leads AH, rootbotz plays 8H -> teambinary wins
  Trick  4: teambinary leads AS, rootbotz plays 10S -> teambinary wins
  Trick  5: teambinary leads AC, rootbotz plays QC -> teambinary wins
  Trick  6: teambinary leads KS, rootbotz plays QS -> teambinary wins
  Trick  7: teambinary leads 10C, rootbotz plays KC -> rootbotz wins
  Trick  8: rootbotz leads QH, teambinary plays JH -> rootbotz wins
  Trick  9: rootbotz leads KH, teambinary plays 8C -> rootbotz wins
  Trick 10: rootbotz leads 9H, teambinary plays 9S -> rootbotz wins
  Trick 11: rootbotz leads 10H, teambinary plays 10D -> rootbotz wins
  Trick 12: rootbotz leads QD, teambinary plays JS -> rootbotz wins
  Hand: teambinary +8 / rootbotz +26 (tricks 5-7)
  Match total: teambinary 60 - 56 rootbotz
Players: teambinary vs rootbotz
Dealer: rootbotz  |  Elder: teambinary
Match scores: 60 - 56
Talon (8): 7C 8C QC 8H JH 7S JS AS
teambinary hand: 9C 8D 9D 10D JD AD 9H QH KH AH QS KS
rootbotz hand: 10C JC KC AC 7D QD KD 7H 10H 8S 9S 10S
  Exchange teambinary: discard 9C 9H -> draw QC 7S (talon 6 left)
  Exchange rootbotz: discard 7D QD KD 7H -> draw 7C 8C JH AS (talon 2 left)

--- Phase: declare ---
  Declare point: rootbotz wins 6 pts (('point', 6, 'C'))
  Declare sequence: teambinary wins 4 pts (('sequence', 4, 11, 'D'))
  Declare set: teambinary wins 3 pts (('set', 3, 12))

--- Phase: tricks ---
  Trick  1: teambinary leads AH, rootbotz plays 10H -> teambinary wins
  Trick  2: teambinary leads AD, rootbotz plays 7C -> teambinary wins
  Trick  3: teambinary leads JD, rootbotz plays 8S -> teambinary wins
  Trick  4: teambinary leads KS, rootbotz plays AS -> rootbotz wins
  Trick  5: rootbotz leads AC, teambinary plays QC -> rootbotz wins
  Trick  6: rootbotz leads KC, teambinary plays 7S -> rootbotz wins
  Trick  7: rootbotz leads 10C, teambinary plays 8D -> rootbotz wins
  Trick  8: rootbotz leads JC, teambinary plays 9D -> rootbotz wins
  Trick  9: rootbotz leads 8C, teambinary plays 10D -> rootbotz wins
  Trick 10: rootbotz leads 9S, teambinary plays QS -> teambinary wins
  Trick 11: teambinary leads KH, rootbotz plays JH -> teambinary wins
  Trick 12: teambinary leads QH, rootbotz plays 10S -> teambinary wins
  Hand: teambinary +14 / rootbotz +12 (tricks 6-6)
  Match total: teambinary 74 - 68 rootbotz
Players: teambinary vs rootbotz
Dealer: teambinary  |  Elder: rootbotz
Match scores: 74 - 68
Talon (8): JC QC KD 7H QH KH 9S AS
teambinary hand: AC 9D JD QD AD 9H JH AH 8S JS QS KS
rootbotz hand: 7C 8C 9C 10C KC 7D 8D 10D 8H 10H 7S 10S
  Exchange rootbotz: discard 7D 8D 7S -> draw JC 7H KH (talon 5 left)
  Exchange teambinary: discard 9D 9H 8S -> draw QC KD 9S (talon 2 left)

--- Phase: declare ---
  Declare point: rootbotz wins 6 pts (('point', 6, 'C'))
  Declare sequence: rootbotz wins 10 pts (('sequence', 5, 11, 'C'))
  Declare set: teambinary wins 3 pts (('set', 3, 14))

--- Phase: tricks ---
  Trick  1: rootbotz leads KH, teambinary plays AH -> teambinary wins
  Trick  2: teambinary leads AD, rootbotz plays 10D -> teambinary wins
  Trick  3: teambinary leads AC, rootbotz plays 7C -> teambinary wins
  Trick  4: teambinary leads KS, rootbotz plays 10S -> teambinary wins
  Trick  5: teambinary leads KD, rootbotz plays 7H -> teambinary wins
  Trick  6: teambinary leads QS, rootbotz plays 8H -> teambinary wins
  Trick  7: teambinary leads QD, rootbotz plays 8C -> teambinary wins
  Trick  8: teambinary leads JS, rootbotz plays 9C -> teambinary wins
  Trick  9: teambinary leads JD, rootbotz plays 10H -> teambinary wins
  Trick 10: teambinary leads JH, rootbotz plays 10C -> teambinary wins
  Trick 11: teambinary leads 9S, rootbotz plays JC -> teambinary wins
  Trick 12: teambinary leads QC, rootbotz plays KC -> rootbotz wins
  Hand: teambinary +24 / rootbotz +18 (tricks 11-1)
  Match total: teambinary 98 - 86 rootbotz
Players: teambinary vs rootbotz
Dealer: rootbotz  |  Elder: teambinary
Match scores: 98 - 86
Talon (8): 8C JC AC 7D JD 7H JH JS
teambinary hand: 7C 9C 10C QC 10D KD AD 8H 10H KH 10S KS
rootbotz hand: KC 8D 9D QD 9H QH AH 7S 8S 9S QS AS
  Exchange teambinary: discard 7C 9C 8H -> draw AC JD JH (talon 5 left)
  Exchange rootbotz: discard 8D 9D 9H AS -> draw 8C JC 7D JS (talon 1 left)

--- Phase: declare ---
  Declare point: rootbotz wins 5 pts (('point', 5, 'S'))
  Declare sequence: rootbotz wins 3 pts (('sequence', 3, 9, 'S'))
  Declare set: teambinary wins 3 pts (('set', 3, 13))

--- Phase: tricks ---
  Trick  1: teambinary leads AD, rootbotz plays 7D -> teambinary wins
  Trick  2: teambinary leads AC, rootbotz plays 8C -> teambinary wins
  Trick  3: teambinary leads KD, rootbotz plays QD -> teambinary wins
  Trick  4: teambinary leads KH, rootbotz plays AH -> rootbotz wins
  Trick  5: rootbotz leads KC, teambinary plays 10C -> rootbotz wins
  Trick  6: rootbotz leads JC, teambinary plays QC -> teambinary wins
  Trick  7: teambinary leads JD, rootbotz plays 7S -> teambinary wins
  Trick  8: teambinary leads JH, rootbotz plays QH -> rootbotz wins
  Trick  9: rootbotz leads 8S, teambinary plays 10S -> teambinary wins
  Trick 10: teambinary leads 10D, rootbotz plays 9S -> teambinary wins
  Trick 11: teambinary leads 10H, rootbotz plays JS -> teambinary wins
  Trick 12: teambinary leads KS, rootbotz plays QS -> teambinary wins
  Hand: teambinary +23 / rootbotz +11 (tricks 9-3)
  Match total: teambinary 121 - 97 rootbotz
  Final: teambinary 121 - 97 rootbotz
  Winner: teambinary

============================================================
Game 71
============================================================
Players: rootbotz vs teambinary
Dealer: rootbotz  |  Elder: teambinary
Match scores: 0 - 0
Talon (8): 10D AD 7H 10H 7S 8S 9S AS
rootbotz hand: 8C 9C QC KC 9D JD KD 8H JH KH QS KS
teambinary hand: 7C 10C JC AC 7D 8D QD 9H QH AH 10S JS
  Exchange teambinary: discard 7C 7D 8D 9H -> draw 7H 10H 7S 9S (talon 4 left)
  Exchange rootbotz: discard 8C 9D 8H JH -> draw 10D AD 8S AS (talon 0 left)

--- Phase: declare ---
  Declare point: rootbotz wins 4 pts (('point', 4, 'D'))
  Declare sequence: rootbotz wins 3 pts (('sequence', 3, 14, 'S'))
  Declare set: rootbotz wins 14 pts (('set', 4, 13))

--- Phase: tricks ---
  Trick  1: teambinary leads AH, rootbotz plays KH -> teambinary wins
  Trick  2: teambinary leads AC, rootbotz plays 9C -> teambinary wins
  Trick  3: teambinary leads JS, rootbotz plays QS -> rootbotz wins
  Trick  4: rootbotz leads AS, teambinary plays 7S -> rootbotz wins
  Trick  5: rootbotz leads AD, teambinary plays QD -> rootbotz wins
  Trick  6: rootbotz leads QC, teambinary plays 10C -> rootbotz wins
  Trick  7: rootbotz leads KS, teambinary plays 9S -> rootbotz wins
  Trick  8: rootbotz leads KD, teambinary plays 7H -> rootbotz wins
  Trick  9: rootbotz leads 10D, teambinary plays 10H -> rootbotz wins
  Trick 10: rootbotz leads JD, teambinary plays 10S -> rootbotz wins
  Trick 11: rootbotz leads KC, teambinary plays JC -> rootbotz wins
  Trick 12: rootbotz leads 8S, teambinary plays QH -> rootbotz wins
  Hand: rootbotz +42 / teambinary +2 (tricks 10-2)
  Match total: rootbotz 42 - 2 teambinary
Players: rootbotz vs teambinary
Dealer: teambinary  |  Elder: rootbotz
Match scores: 42 - 2
Talon (8): KC 9D KD AD 7H 9H AH 7S
rootbotz hand: 10C QC AC 10D JD QD 8H 8S 9S JS QS AS
teambinary hand: 7C 8C 9C JC 7D 8D 10H JH QH KH 10S KS
  Exchange rootbotz: discard 10C 8H 8S 9S JS -> draw KC AD 9H AH 7S (talon 3 left)
  Exchange teambinary: discard 7D 8D -> draw 9D KD (talon 1 left)

--- Phase: declare ---
  Declare point: rootbotz wins 4 pts (('point', 4, 'D'))
  Declare sequence: teambinary wins 4 pts (('sequence', 4, 13, 'H'))
  Declare set: rootbotz wins 14 pts (('set', 4, 14))

--- Phase: tricks ---
  Trick  1: rootbotz leads AS, teambinary plays 10S -> rootbotz wins
  Trick  2: rootbotz leads AH, teambinary plays 10H -> rootbotz wins
  Trick  3: rootbotz leads AD, teambinary plays 9D -> rootbotz wins
  Trick  4: rootbotz leads AC, teambinary plays 7C -> rootbotz wins
  Trick  5: rootbotz leads QC, teambinary plays 8C -> rootbotz wins
  Trick  6: rootbotz leads KC, teambinary plays 9C -> rootbotz wins
  Trick  7: rootbotz leads 10D, teambinary plays KD -> teambinary wins
  Trick  8: teambinary leads KH, rootbotz plays 9H -> teambinary wins
  Trick  9: teambinary leads QH, rootbotz plays 7S -> teambinary wins
  Trick 10: teambinary leads JC, rootbotz plays JD -> teambinary wins
  Trick 11: teambinary leads JH, rootbotz plays QD -> teambinary wins
  Trick 12: teambinary leads KS, rootbotz plays QS -> teambinary wins
  Hand: rootbotz +24 / teambinary +11 (tricks 6-6)
  Match total: rootbotz 66 - 13 teambinary
Players: rootbotz vs teambinary
Dealer: rootbotz  |  Elder: teambinary
Match scores: 66 - 13
Talon (8): 8C 9C 9H 10H QH KH 8S KS
rootbotz hand: 10C QC 8D 9D JD QD AD JH 7S 9S JS AS
teambinary hand: 7C JC KC AC 7D 10D KD 7H 8H AH 10S QS
  Exchange teambinary: discard 7C 7D 7H 8H -> draw 9C 9H 10H KS (talon 4 left)
  Exchange rootbotz: discard 10C QC 8D 9D -> draw 8C QH KH 8S (talon 0 left)

--- Phase: declare ---
  Declare point: rootbotz wins 5 pts (('point', 5, 'S'))
  Declare sequence: rootbotz wins 3 pts (('sequence', 3, 13, 'H'))
  Declare set: teambinary wins 3 pts (('set', 3, 13))

--- Phase: tricks ---
  Trick  1: teambinary leads AH, rootbotz plays JH -> teambinary wins
  Trick  2: teambinary leads AC, rootbotz plays 8C -> teambinary wins
  Trick  3: teambinary leads KC, rootbotz plays 7S -> teambinary wins
  Trick  4: teambinary leads KS, rootbotz plays AS -> rootbotz wins
  Trick  5: rootbotz leads AD, teambinary plays 10D -> rootbotz wins
  Trick  6: rootbotz leads QH, teambinary plays 9H -> rootbotz wins
  Trick  7: rootbotz leads KH, teambinary plays 10H -> rootbotz wins
  Trick  8: rootbotz leads JD, teambinary plays KD -> teambinary wins
  Trick  9: teambinary leads JC, rootbotz plays 8S -> teambinary wins
  Trick 10: teambinary leads QS, rootbotz plays 9S -> teambinary wins
  Trick 11: teambinary leads 10S, rootbotz plays JS -> rootbotz wins
  Trick 12: rootbotz leads QD, teambinary plays 9C -> rootbotz wins
  Hand: rootbotz +15 / teambinary +9 (tricks 6-6)
  Match total: rootbotz 81 - 22 teambinary
Players: rootbotz vs teambinary
Dealer: teambinary  |  Elder: rootbotz
Match scores: 81 - 22
Talon (8): 7C 8C 10C AC 8D 9D 10H JH
rootbotz hand: 9C KC 7D QD AD 7H 8H KH AH 7S 8S 10S
teambinary hand: JC QC 10D JD KD 9H QH 9S JS QS KS AS
  Exchange rootbotz: discard 9C 7H 8H 7S 8S -> draw 8C AC 8D 9D 10H (talon 3 left)
  Exchange teambinary: discard 9H 9S -> draw 7C JH (talon 1 left)

--- Phase: declare ---
  Declare point: rootbotz wins 5 pts (('point', 5, 'D'))
  Declare sequence: teambinary wins 4 pts (('sequence', 4, 14, 'S'))
  Declare set: rootbotz wins 3 pts (('set', 3, 14))

--- Phase: tricks ---
  Trick  1: rootbotz leads AH, teambinary plays JH -> rootbotz wins
  Trick  2: rootbotz leads AD, teambinary plays 10D -> rootbotz wins
  Trick  3: rootbotz leads AC, teambinary plays 7C -> rootbotz wins
  Trick  4: rootbotz leads KH, teambinary plays QH -> rootbotz wins
  Trick  5: rootbotz leads KC, teambinary plays JC -> rootbotz wins
  Trick  6: rootbotz leads QD, teambinary plays KD -> teambinary wins
  Trick  7: teambinary leads AS, rootbotz plays 10S -> teambinary wins
  Trick  8: teambinary leads KS, rootbotz plays 7D -> teambinary wins
  Trick  9: teambinary leads QS, rootbotz plays 8C -> teambinary wins
  Trick 10: teambinary leads JD, rootbotz plays 8D -> teambinary wins
  Trick 11: teambinary leads JS, rootbotz plays 9D -> teambinary wins
  Trick 12: teambinary leads QC, rootbotz plays 10H -> teambinary wins
  Hand: rootbotz +13 / teambinary +22 (tricks 5-7)
  Match total: rootbotz 94 - 44 teambinary
Players: rootbotz vs teambinary
Dealer: rootbotz  |  Elder: teambinary
Match scores: 94 - 44
Talon (8): JC KC 7D 9H QH AH 9S QS
rootbotz hand: 10C QC AC 8D 9D 10D JD QD KD 8S 10S KS
teambinary hand: 7C 8C 9C AD 7H 8H 10H JH KH 7S JS AS
  Exchange teambinary: discard 7C 7H 8H 7S -> draw QH AH 9S QS (talon 4 left)
  Exchange rootbotz: discard QC 8S KS -> draw JC KC 7D (talon 1 left)

--- Phase: declare ---
  Declare point: rootbotz wins 7 pts (('point', 7, 'D'))
  Declare sequence: rootbotz wins 12 pts (('sequence', 7, 13, 'D'))
  Declare set: teambinary wins 3 pts (('set', 3, 14))

--- Phase: tricks ---
  Trick  1: teambinary leads AS, rootbotz plays 10S -> teambinary wins
  Trick  2: teambinary leads AD, rootbotz plays 7D -> teambinary wins
  Trick  3: teambinary leads AH, rootbotz plays 8D -> teambinary wins
  Trick  4: teambinary leads KH, rootbotz plays 9D -> teambinary wins
  Trick  5: teambinary leads QH, rootbotz plays 10C -> teambinary wins
  Trick  6: teambinary leads QS, rootbotz plays 10D -> teambinary wins
  Trick  7: teambinary leads JH, rootbotz plays JD -> teambinary wins
  Trick  8: teambinary leads 9C, rootbotz plays JC -> rootbotz wins
  Trick  9: rootbotz leads AC, teambinary plays 8C -> rootbotz wins
  Trick 10: rootbotz leads KC, teambinary plays 9S -> rootbotz wins
  Trick 11: rootbotz leads QD, teambinary plays 10H -> rootbotz wins
  Trick 12: rootbotz leads KD, teambinary plays JS -> rootbotz wins
  Hand: rootbotz +25 / teambinary +20 (tricks 5-7)
  Match total: rootbotz 119 - 64 teambinary
  Final: rootbotz 119 - 64 teambinary
  Winner: rootbotz

============================================================
Game 72
============================================================
Players: teambinary vs rootbotz
Dealer: teambinary  |  Elder: rootbotz
Match scores: 0 - 0
Talon (8): KC 9D AD 7H 8H JH KS AS
teambinary hand: 7C 9C 7D 10D JD QD KD 9H 10H KH AH QS
rootbotz hand: 8C 10C JC QC AC 8D QH 7S 8S 9S 10S JS
  Exchange rootbotz: discard 8C JC QC 8D QH -> draw KC 7H 8H KS AS (talon 3 left)
  Exchange teambinary: discard 7C 9C 7D -> draw 9D AD JH (talon 0 left)

--- Phase: declare ---
  Declare point: rootbotz wins 7 pts (('point', 7, 'S'))
  Declare sequence: teambinary wins 11 pts (('sequence', 6, 14, 'D'))

--- Phase: tricks ---
  Trick  1: rootbotz leads AS, teambinary plays QS -> rootbotz wins
  Trick  2: rootbotz leads AC, teambinary plays 9D -> rootbotz wins
  Trick  3: rootbotz leads 10C, teambinary plays 9H -> rootbotz wins
  Trick  4: rootbotz leads KS, teambinary plays 10D -> rootbotz wins
  Trick  5: rootbotz leads KC, teambinary plays 10H -> rootbotz wins
  Trick  6: rootbotz leads 7S, teambinary plays JD -> rootbotz wins
  Trick  7: rootbotz leads 7H, teambinary plays JH -> teambinary wins
  Trick  8: teambinary leads AH, rootbotz plays 8H -> teambinary wins
  Trick  9: teambinary leads AD, rootbotz plays 8S -> teambinary wins
  Trick 10: teambinary leads KD, rootbotz plays 9S -> teambinary wins
  Trick 11: teambinary leads KH, rootbotz plays 10S -> teambinary wins
  Trick 12: teambinary leads QD, rootbotz plays JS -> teambinary wins
  Hand: teambinary +18 / rootbotz +13 (tricks 6-6)
  Match total: teambinary 18 - 13 rootbotz
Players: teambinary vs rootbotz
Dealer: rootbotz  |  Elder: teambinary
Match scores: 18 - 13
Talon (8): 8C 9C AC JD QH 8S 9S KS
teambinary hand: QC 8D 9D KD AD 7H 8H 9H 10H JH 10S QS
rootbotz hand: 7C 10C JC KC 7D 10D QD KH AH 7S JS AS
  Exchange teambinary: discard 8D 9D -> draw 8C AC (talon 6 left)
  Exchange rootbotz: discard 7C 7D 10D QD 7S JS -> draw 9C JD QH 8S 9S KS (talon 0 left)

--- Phase: declare ---
  Declare point: teambinary wins 5 pts (('point', 5, 'H'))
  Declare sequence: teambinary wins 10 pts (('sequence', 5, 11, 'H'))
  Declare set: rootbotz wins 3 pts (('set', 3, 13))

--- Phase: tricks ---
  Trick  1: teambinary leads AD, rootbotz plays JD -> teambinary wins
  Trick  2: teambinary leads AC, rootbotz plays 9C -> teambinary wins
  Trick  3: teambinary leads JH, rootbotz plays QH -> rootbotz wins
  Trick  4: rootbotz leads AS, teambinary plays 10S -> rootbotz wins
  Trick  5: rootbotz leads AH, teambinary plays 7H -> rootbotz wins
  Trick  6: rootbotz leads KS, teambinary plays QS -> rootbotz wins
  Trick  7: rootbotz leads KC, teambinary plays 8C -> rootbotz wins
  Trick  8: rootbotz leads 8S, teambinary plays 8H -> rootbotz wins
  Trick  9: rootbotz leads 9S, teambinary plays 9H -> rootbotz wins
  Trick 10: rootbotz leads 10C, teambinary plays QC -> teambinary wins
  Trick 11: teambinary leads KD, rootbotz plays JC -> teambinary wins
  Trick 12: teambinary leads 10H, rootbotz plays KH -> rootbotz wins
  Hand: teambinary +19 / rootbotz +22 (tricks 4-8)
  Match total: teambinary 37 - 35 rootbotz
Players: teambinary vs rootbotz
Dealer: teambinary  |  Elder: rootbotz
Match scores: 37 - 35
Talon (8): KC 9D 10D QD 9H 9S 10S QS
teambinary hand: 8C 9C 10C AC KD 7H 8H AH 7S JS KS AS
rootbotz hand: 7C JC QC 7D 8D JD AD 10H JH QH KH 8S
  Exchange rootbotz: discard 7C QC 7D 8D AD -> draw 9D 10D QD 9H 10S (talon 3 left)
  Exchange teambinary: discard 7H 8H 7S -> draw KC 9S QS (talon 0 left)

--- Phase: declare ---
  Declare point: teambinary wins 5 pts (('point', 5, 'S'))
  Declare sequence: rootbotz wins 10 pts (('sequence', 5, 13, 'H'))
  Declare set: teambinary wins 3 pts (('set', 3, 14))

--- Phase: tricks ---
  Trick  1: rootbotz leads 9H, teambinary plays AH -> teambinary wins
  Trick  2: teambinary leads AS, rootbotz plays 8S -> teambinary wins
  Trick  3: teambinary leads AC, rootbotz plays JC -> teambinary wins
  Trick  4: teambinary leads KC, rootbotz plays 9D -> teambinary wins
  Trick  5: teambinary leads KS, rootbotz plays 10S -> teambinary wins
  Trick  6: teambinary leads 10C, rootbotz plays 10D -> teambinary wins
  Trick  7: teambinary leads QS, rootbotz plays 10H -> teambinary wins
  Trick  8: teambinary leads JS, rootbotz plays JD -> teambinary wins
  Trick  9: teambinary leads 9C, rootbotz plays JH -> teambinary wins
  Trick 10: teambinary leads KD, rootbotz plays QD -> teambinary wins
  Trick 11: teambinary leads 8C, rootbotz plays QH -> teambinary wins
  Trick 12: teambinary leads 9S, rootbotz plays KH -> teambinary wins
  Hand: teambinary +91 / rootbotz +10 (tricks 12-0)
  Match total: teambinary 128 - 45 rootbotz
  Final: teambinary 128 - 45 rootbotz
  Winner: teambinary

============================================================
Game 73
============================================================
Players: rootbotz vs teambinary
Dealer: rootbotz  |  Elder: teambinary
Match scores: 0 - 0
Talon (8): JC QC 10D AD JH AH 8S QS
rootbotz hand: 7C 8C 9C KC 9D JD KD 7H 8H 9H 10H 7S
teambinary hand: 10C AC 7D 8D QD QH KH 9S 10S JS KS AS
  Exchange teambinary: discard 7D 8D -> draw AD AH (talon 6 left)
  Exchange rootbotz: discard 7C 8C 9C 9D JD 7S -> draw JC QC 10D JH 8S QS (talon 0 left)

--- Phase: declare ---
  Declare point: teambinary wins 5 pts (('point', 5, 'S'))
  Declare sequence: rootbotz wins 10 pts (('sequence', 5, 11, 'H'))
  Declare set: teambinary wins 14 pts (('set', 4, 14))

--- Phase: tricks ---
  Trick  1: teambinary leads AC, rootbotz plays JC -> teambinary wins
  Trick  2: teambinary leads AS, rootbotz plays 8S -> teambinary wins
  Trick  3: teambinary leads AD, rootbotz plays 10D -> teambinary wins
  Trick  4: teambinary leads AH, rootbotz plays 7H -> teambinary wins
  Trick  5: teambinary leads KS, rootbotz plays QS -> teambinary wins
  Trick  6: teambinary leads JS, rootbotz plays 8H -> teambinary wins
  Trick  7: teambinary leads KH, rootbotz plays 9H -> teambinary wins
  Trick  8: teambinary leads 10S, rootbotz plays 10H -> teambinary wins
  Trick  9: teambinary leads QH, rootbotz plays JH -> teambinary wins
  Trick 10: teambinary leads 9S, rootbotz plays QC -> teambinary wins
  Trick 11: teambinary leads QD, rootbotz plays KD -> rootbotz wins
  Trick 12: rootbotz leads KC, teambinary plays 10C -> rootbotz wins
  Hand: rootbotz +13 / teambinary +39 (tricks 2-10)
  Match total: rootbotz 13 - 39 teambinary
Players: rootbotz vs teambinary
Dealer: teambinary  |  Elder: rootbotz
Match scores: 13 - 39
Talon (8): 8C KD AD 10H QH KH 8S KS
rootbotz hand: KC 7D 9D 10D QD 7H JH AH 7S 10S JS QS
teambinary hand: 7C 9C 10C JC QC AC 8D JD 8H 9H 9S AS
  Exchange rootbotz: discard 7D 9D 10D 7H 7S -> draw AD QH KH 8S KS (talon 3 left)
  Exchange teambinary: discard 8D 8H 9S -> draw 8C KD 10H (talon 0 left)

--- Phase: declare ---
  Declare point: teambinary wins 7 pts (('point', 7, 'C'))
  Declare sequence: teambinary wins 11 pts (('sequence', 6, 12, 'C'))
  Declare set: rootbotz wins 3 pts (('set', 3, 13))

--- Phase: tricks ---
  Trick  1: rootbotz leads AH, teambinary plays 9H -> rootbotz wins
  Trick  2: rootbotz leads AD, teambinary plays JD -> rootbotz wins
  Trick  3: rootbotz leads JH, teambinary plays 10H -> rootbotz wins
  Trick  4: rootbotz leads QH, teambinary plays 7C -> rootbotz wins
  Trick  5: rootbotz leads KH, teambinary plays 8C -> rootbotz wins
  Trick  6: rootbotz leads 10S, teambinary plays AS -> teambinary wins
  Trick  7: teambinary leads AC, rootbotz plays KC -> teambinary wins
  Trick  8: teambinary leads QC, rootbotz plays 8S -> teambinary wins
  Trick  9: teambinary leads JC, rootbotz plays JS -> teambinary wins
  Trick 10: teambinary leads 10C, rootbotz plays QD -> teambinary wins
  Trick 11: teambinary leads 9C, rootbotz plays QS -> teambinary wins
  Trick 12: teambinary leads KD, rootbotz plays KS -> teambinary wins
  Hand: rootbotz +8 / teambinary +36 (tricks 5-7)
  Match total: rootbotz 21 - 75 teambinary
Players: rootbotz vs teambinary
Dealer: rootbotz  |  Elder: teambinary
Match scores: 21 - 75
Talon (8): JC QC 7D 8H 9H JH 9S 10S
rootbotz hand: 8C 10C AC 8D 9D 10D QD KD 7H KH 8S AS
teambinary hand: 7C 9C KC JD AD 10H QH AH 7S JS QS KS
  Exchange teambinary: discard 7C 9C 7S -> draw JC JH 10S (talon 5 left)
  Exchange rootbotz: discard 8C 10C 7H 8S -> draw QC 7D 8H 9H (talon 1 left)

--- Phase: declare ---
  Declare point: rootbotz wins 6 pts (('point', 6, 'D'))
  Declare sequence: teambinary wins 4 pts (('sequence', 4, 13, 'S'))
  Declare set: teambinary wins 14 pts (('set', 4, 11))

--- Phase: tricks ---
  Trick  1: teambinary leads AH, rootbotz plays 8H -> teambinary wins
  Trick  2: teambinary leads AD, rootbotz plays 7D -> teambinary wins
  Trick  3: teambinary leads KS, rootbotz plays AS -> rootbotz wins
  Trick  4: rootbotz leads AC, teambinary plays JC -> rootbotz wins
  Trick  5: rootbotz leads QD, teambinary plays JD -> rootbotz wins
  Trick  6: rootbotz leads QC, teambinary plays KC -> teambinary wins
  Trick  7: teambinary leads QH, rootbotz plays KH -> rootbotz wins
  Trick  8: rootbotz leads KD, teambinary plays 10H -> rootbotz wins
  Trick  9: rootbotz leads 8D, teambinary plays 10S -> rootbotz wins
  Trick 10: rootbotz leads 9H, teambinary plays JH -> teambinary wins
  Trick 11: teambinary leads QS, rootbotz plays 9D -> teambinary wins
  Trick 12: teambinary leads JS, rootbotz plays 10D -> teambinary wins
  Hand: rootbotz +12 / teambinary +25 (tricks 6-6)
  Match total: rootbotz 33 - 100 teambinary
  Final: rootbotz 33 - 100 teambinary
  Winner: teambinary

============================================================
Game 74
============================================================
Players: teambinary vs rootbotz
Dealer: teambinary  |  Elder: rootbotz
Match scores: 0 - 0
Talon (8): 8C 10C QC KD 7H 9H 10H QH
teambinary hand: JC KC AC 7D 8D JD 8H KH 7S QS KS AS
rootbotz hand: 7C 9C 9D 10D QD AD JH AH 8S 9S 10S JS
  Exchange rootbotz: discard 7C 9C 9D 10D JH -> draw 8C 10C 7H 9H QH (talon 3 left)
  Exchange teambinary: discard 7D 8D 8H -> draw QC KD 10H (talon 0 left)

--- Phase: declare ---
  Declare point: teambinary wins 4 pts (('point', 4, 'C'))
  Declare sequence: teambinary wins 4 pts (('sequence', 4, 14, 'C'))
  Declare set: teambinary wins 14 pts (('set', 4, 13))

--- Phase: tricks ---
  Trick  1: rootbotz leads AH, teambinary plays 10H -> rootbotz wins
  Trick  2: rootbotz leads AD, teambinary plays JD -> rootbotz wins
  Trick  3: rootbotz leads 8C, teambinary plays JC -> teambinary wins
  Trick  4: teambinary leads AC, rootbotz plays 10C -> teambinary wins
  Trick  5: teambinary leads AS, rootbotz plays 8S -> teambinary wins
  Trick  6: teambinary leads KS, rootbotz plays 9S -> teambinary wins
  Trick  7: teambinary leads QS, rootbotz plays 10S -> teambinary wins
  Trick  8: teambinary leads KC, rootbotz plays 7H -> teambinary wins
  Trick  9: teambinary leads KH, rootbotz plays 9H -> teambinary wins
  Trick 10: teambinary leads 7S, rootbotz plays JS -> rootbotz wins
  Trick 11: rootbotz leads QH, teambinary plays QC -> rootbotz wins
  Trick 12: rootbotz leads QD, teambinary plays KD -> teambinary wins
  Hand: teambinary +41 / rootbotz +4 (tricks 8-4)
  Match total: teambinary 41 - 4 rootbotz
Players: teambinary vs rootbotz
Dealer: rootbotz  |  Elder: teambinary
Match scores: 41 - 4
Talon (8): QC 9D 10D KD AH 8S 10S JS
teambinary hand: 9C JC KC 8D QD AD 7H 9H 10H QH 9S QS
rootbotz hand: 7C 8C 10C AC 7D JD 8H JH KH 7S KS AS
  Exchange teambinary: discard 9C 8D 7H 9H 9S -> draw QC KD 8S 10S JS (talon 3 left)
  Exchange rootbotz: discard 7D 8H 7S -> draw 9D 10D AH (talon 0 left)

--- Phase: declare ---
  Declare point: teambinary wins 4 pts (('point', 4, 'S'))
  Declare sequence: teambinary wins 3 pts (('sequence', 3, 14, 'D'))
  Declare set: rootbotz wins 3 pts (('set', 3, 14))

--- Phase: tricks ---
  Trick  1: teambinary leads AD, rootbotz plays 9D -> teambinary wins
  Trick  2: teambinary leads QS, rootbotz plays KS -> rootbotz wins
  Trick  3: rootbotz leads AS, teambinary plays 8S -> rootbotz wins
  Trick  4: rootbotz leads AH, teambinary plays 10H -> rootbotz wins
  Trick  5: rootbotz leads AC, teambinary plays JC -> rootbotz wins
  Trick  6: rootbotz leads KH, teambinary plays QH -> rootbotz wins
  Trick  7: rootbotz leads 7C, teambinary plays QC -> teambinary wins
  Trick  8: teambinary leads KD, rootbotz plays 10D -> teambinary wins
  Trick  9: teambinary leads JS, rootbotz plays 8C -> teambinary wins
  Trick 10: teambinary leads QD, rootbotz plays JD -> teambinary wins
  Trick 11: teambinary leads KC, rootbotz plays 10C -> teambinary wins
  Trick 12: teambinary leads 10S, rootbotz plays JH -> teambinary wins
  Hand: teambinary +25 / rootbotz +8 (tricks 7-5)
  Match total: teambinary 66 - 12 rootbotz
Players: teambinary vs rootbotz
Dealer: teambinary  |  Elder: rootbotz
Match scores: 66 - 12
Talon (8): 10C JC 7D 10H KH 10S JS KS
teambinary hand: 9C QC JD QD KD 8H 9H JH AH 7S QS AS
rootbotz hand: 7C 8C KC AC 8D 9D 10D AD 7H QH 8S 9S
  Exchange rootbotz: discard 7C 8C 7H 8S 9S -> draw 7D 10H KH 10S KS (talon 3 left)
  Exchange teambinary: discard 9C 8H 7S -> draw 10C JC JS (talon 0 left)

--- Phase: declare ---
  Declare point: rootbotz wins 5 pts (('point', 5, 'D'))
  Declare sequence: rootbotz wins 4 pts (('sequence', 4, 10, 'D'))
  Declare set: rootbotz wins 3 pts (('set', 3, 13))

--- Phase: tricks ---
  Trick  1: rootbotz leads AD, teambinary plays JD -> rootbotz wins
  Trick  2: rootbotz leads AC, teambinary plays 10C -> rootbotz wins
  Trick  3: rootbotz leads KC, teambinary plays JC -> rootbotz wins
  Trick  4: rootbotz leads QH, teambinary plays AH -> teambinary wins
  Trick  5: teambinary leads AS, rootbotz plays 10S -> teambinary wins
  Trick  6: teambinary leads JH, rootbotz plays KH -> rootbotz wins
  Trick  7: rootbotz leads KS, teambinary plays JS -> rootbotz wins
  Trick  8: rootbotz leads 10H, teambinary plays 9H -> rootbotz wins
  Trick  9: rootbotz leads 7D, teambinary plays QD -> teambinary wins
  Trick 10: teambinary leads KD, rootbotz plays 8D -> teambinary wins
  Trick 11: teambinary leads QS, rootbotz plays 9D -> teambinary wins
  Trick 12: teambinary leads QC, rootbotz plays 10D -> teambinary wins
  Hand: teambinary +7 / rootbotz +18 (tricks 6-6)
  Match total: teambinary 73 - 30 rootbotz
Players: teambinary vs rootbotz
Dealer: rootbotz  |  Elder: teambinary
Match scores: 73 - 30
Talon (8): 8C 9C AC 8D JD 10H 10S JS
teambinary hand: QC KC 9D KD 7H QH KH AH 7S 9S QS KS
rootbotz hand: 7C 10C JC 7D 10D QD AD 8H 9H JH 8S AS
  Exchange teambinary: discard 9D 7H 7S 9S -> draw 9C 8D JD 10S (talon 4 left)
  Exchange rootbotz: discard 7C 8H 9H 8S -> draw 8C AC 10H JS (talon 0 left)

--- Phase: declare ---
  Declare point: rootbotz wins 4 pts (('point', 4, 'C'))
  Declare sequence: teambinary wins 3 pts (('sequence', 3, 14, 'H'))
  Declare set: rootbotz wins 3 pts (('set', 3, 14))

--- Phase: tricks ---
  Trick  1: teambinary leads AH, rootbotz plays 10H -> teambinary wins
  Trick  2: teambinary leads KC, rootbotz plays AC -> rootbotz wins
  Trick  3: rootbotz leads AS, teambinary plays 10S -> rootbotz wins
  Trick  4: rootbotz leads AD, teambinary plays 8D -> rootbotz wins
  Trick  5: rootbotz leads 10C, teambinary plays QC -> teambinary wins
  Trick  6: teambinary leads KH, rootbotz plays JH -> teambinary wins
  Trick  7: teambinary leads KD, rootbotz plays 7D -> teambinary wins
  Trick  8: teambinary leads KS, rootbotz plays JS -> teambinary wins
  Trick  9: teambinary leads QH, rootbotz plays 8C -> teambinary wins
  Trick 10: teambinary leads QS, rootbotz plays 10D -> teambinary wins
  Trick 11: teambinary leads 9C, rootbotz plays JC -> rootbotz wins
  Trick 12: rootbotz leads QD, teambinary plays JD -> rootbotz wins
  Hand: teambinary +20 / rootbotz +13 (tricks 7-5)
  Match total: teambinary 93 - 43 rootbotz
Players: teambinary vs rootbotz
Dealer: teambinary  |  Elder: rootbotz
Match scores: 93 - 43
Talon (8): 7C JC 8D 9D 9H JS KS AS
teambinary hand: 8C KC AC 7D 10D KD AD JH AH 7S 10S QS
rootbotz hand: 9C 10C QC JD QD 7H 8H 10H QH KH 8S 9S
  Exchange rootbotz: discard 9C JD 8H 8S 9S -> draw 7C 8D 9H JS KS (talon 3 left)
  Exchange teambinary: discard 8C 7D 7S -> draw JC 9D AS (talon 0 left)

--- Phase: declare ---
  Declare point: rootbotz wins 5 pts (('point', 5, 'H'))
  Declare set: teambinary wins 14 pts (('set', 4, 14))

--- Phase: tricks ---
  Trick  1: rootbotz leads QH, teambinary plays AH -> teambinary wins
  Trick  2: teambinary leads AC, rootbotz plays 7C -> teambinary wins
  Trick  3: teambinary leads AD, rootbotz plays 8D -> teambinary wins
  Trick  4: teambinary leads AS, rootbotz plays JS -> teambinary wins
  Trick  5: teambinary leads KD, rootbotz plays QD -> teambinary wins
  Trick  6: teambinary leads KC, rootbotz plays 10C -> teambinary wins
  Trick  7: teambinary leads 10D, rootbotz plays 7H -> teambinary wins
  Trick  8: teambinary leads QS, rootbotz plays KS -> rootbotz wins
  Trick  9: rootbotz leads 9H, teambinary plays JH -> teambinary wins
  Trick 10: teambinary leads 10S, rootbotz plays 10H -> teambinary wins
  Trick 11: teambinary leads 9D, rootbotz plays QC -> teambinary wins
  Trick 12: teambinary leads JC, rootbotz plays KH -> teambinary wins
  Hand: teambinary +36 / rootbotz +6 (tricks 11-1)
  Match total: teambinary 129 - 49 rootbotz
  Final: teambinary 129 - 49 rootbotz
  Winner: teambinary

============================================================
Game 75
============================================================
Players: rootbotz vs teambinary
Dealer: rootbotz  |  Elder: teambinary
Match scores: 0 - 0
Talon (8): 7C 9C 10C JC 10D AD JS QS
rootbotz hand: KC 7D 9D 7H 9H 10H QH KH AH 9S 10S KS
teambinary hand: 8C QC AC 8D JD QD KD 8H JH 7S 8S AS
  Exchange teambinary: discard 8C 8D 8H 7S 8S -> draw 9C 10C JC 10D AD (talon 3 left)
  Exchange rootbotz: discard 9D 9S 10S -> draw 7C JS QS (talon 0 left)

--- Phase: declare ---
  Declare point: rootbotz wins 6 pts (('point', 6, 'H'))
  Declare sequence: teambinary wins 10 pts (('sequence', 5, 14, 'D'))
  Declare set: teambinary wins 3 pts (('set', 3, 14))

--- Phase: tricks ---
  Trick  1: teambinary leads AS, rootbotz plays JS -> teambinary wins
  Trick  2: teambinary leads AC, rootbotz plays 7C -> teambinary wins
  Trick  3: teambinary leads AD, rootbotz plays 7D -> teambinary wins
  Trick  4: teambinary leads QC, rootbotz plays KC -> rootbotz wins
  Trick  5: rootbotz leads AH, teambinary plays JH -> rootbotz wins
  Trick  6: rootbotz leads 7H, teambinary plays 9C -> rootbotz wins
  Trick  7: rootbotz leads 9H, teambinary plays 10C -> rootbotz wins
  Trick  8: rootbotz leads 10H, teambinary plays 10D -> rootbotz wins
  Trick  9: rootbotz leads QH, teambinary plays JC -> rootbotz wins
  Trick 10: rootbotz leads KH, teambinary plays JD -> rootbotz wins
  Trick 11: rootbotz leads QS, teambinary plays QD -> rootbotz wins
  Trick 12: rootbotz leads KS, teambinary plays KD -> rootbotz wins
  Hand: rootbotz +26 / teambinary +16 (tricks 9-3)
  Match total: rootbotz 26 - 16 teambinary
Players: rootbotz vs teambinary
Dealer: teambinary  |  Elder: rootbotz
Match scores: 26 - 16
Talon (8): JC 8D KD 7H 8H QH 10S AS
rootbotz hand: 7C 9C QC KC 10D JD QD 9H 7S 9S JS KS
teambinary hand: 8C 10C AC 7D 9D AD 10H JH KH AH 8S QS
  Exchange rootbotz: discard 7C 9C 9H 7S 9S -> draw JC KD 7H QH 10S (talon 3 left)
  Exchange teambinary: discard 8C 7D 8S -> draw 8D 8H AS (talon 0 left)

--- Phase: declare ---
  Declare point: teambinary wins 5 pts (('point', 5, 'H'))
  Declare sequence: rootbotz wins 4 pts (('sequence', 4, 13, 'D'))
  Declare set: teambinary wins 14 pts (('set', 4, 14))

--- Phase: tricks ---
  Trick  1: rootbotz leads 10D, teambinary plays AD -> teambinary wins
  Trick  2: teambinary leads AH, rootbotz plays 7H -> teambinary wins
  Trick  3: teambinary leads AC, rootbotz plays JC -> teambinary wins
  Trick  4: teambinary leads AS, rootbotz plays 10S -> teambinary wins
  Trick  5: teambinary leads KH, rootbotz plays QH -> teambinary wins
  Trick  6: teambinary leads JH, rootbotz plays JS -> teambinary wins
  Trick  7: teambinary leads 10H, rootbotz plays JD -> teambinary wins
  Trick  8: teambinary leads 9D, rootbotz plays QD -> rootbotz wins
  Trick  9: rootbotz leads QC, teambinary plays 10C -> rootbotz wins
  Trick 10: rootbotz leads KS, teambinary plays QS -> rootbotz wins
  Trick 11: rootbotz leads KD, teambinary plays 8D -> rootbotz wins
  Trick 12: rootbotz leads KC, teambinary plays 8H -> rootbotz wins
  Hand: rootbotz +10 / teambinary +36 (tricks 5-7)
  Match total: rootbotz 36 - 52 teambinary
Players: rootbotz vs teambinary
Dealer: rootbotz  |  Elder: teambinary
Match scores: 36 - 52
Talon (8): QC QD 7H AH 8S 10S QS KS
rootbotz hand: 8C 9C JC AC 7D 8D 10D KD AD QH 7S 9S
teambinary hand: 7C 10C KC 9D JD 8H 9H 10H JH KH JS AS
  Exchange teambinary: discard 7C 9D -> draw AH KS (talon 6 left)
  Exchange rootbotz: discard 8C 9C JC 7D 7S 9S -> draw QC QD 7H 8S 10S QS (talon 0 left)

--- Phase: declare ---
  Declare point: teambinary wins 6 pts (('point', 6, 'H'))
  Declare sequence: teambinary wins 4 pts (('sequence', 4, 11, 'H'))
  Declare set: teambinary wins 3 pts (('set', 3, 13))

--- Phase: tricks ---
  Trick  1: teambinary leads AS, rootbotz plays 8S -> teambinary wins
  Trick  2: teambinary leads AH, rootbotz plays 7H -> teambinary wins
  Trick  3: teambinary leads KH, rootbotz plays QH -> teambinary wins
  Trick  4: teambinary leads JH, rootbotz plays 8D -> teambinary wins
  Trick  5: teambinary leads 10H, rootbotz plays 10S -> teambinary wins
  Trick  6: teambinary leads KC, rootbotz plays AC -> rootbotz wins
  Trick  7: rootbotz leads AD, teambinary plays JD -> rootbotz wins
  Trick  8: rootbotz leads 10D, teambinary plays 8H -> rootbotz wins
  Trick  9: rootbotz leads QD, teambinary plays 9H -> rootbotz wins
  Trick 10: rootbotz leads KD, teambinary plays 10C -> rootbotz wins
  Trick 11: rootbotz leads QS, teambinary plays KS -> teambinary wins
  Trick 12: teambinary leads JS, rootbotz plays QC -> teambinary wins
  Hand: rootbotz +5 / teambinary +31 (tricks 5-7)
  Match total: rootbotz 41 - 83 teambinary
Players: rootbotz vs teambinary
Dealer: teambinary  |  Elder: rootbotz
Match scores: 41 - 83
Talon (8): 10C JC 7D 8D 10H 9S KS AS
rootbotz hand: 9C JD KD 7H 8H 9H QH KH AH 8S 10S JS
teambinary hand: 7C 8C QC KC AC 9D 10D QD AD JH 7S QS
  Exchange rootbotz: discard 9C 8H 8S 10S JS -> draw JC 7D 10H KS AS (talon 3 left)
  Exchange teambinary: discard 7C 9D 7S -> draw 10C 8D 9S (talon 0 left)

--- Phase: declare ---
  Declare point: rootbotz wins 6 pts (('point', 6, 'H'))
  Declare set: rootbotz wins 3 pts (('set', 3, 13))

--- Phase: tricks ---
  Trick  1: rootbotz leads AS, teambinary plays 9S -> rootbotz wins
  Trick  2: rootbotz leads AH, teambinary plays JH -> rootbotz wins
  Trick  3: rootbotz leads QH, teambinary plays 8C -> rootbotz wins
  Trick  4: rootbotz leads KS, teambinary plays QS -> rootbotz wins
  Trick  5: rootbotz leads KH, teambinary plays 8D -> rootbotz wins
  Trick  6: rootbotz leads 7H, teambinary plays 10C -> rootbotz wins
  Trick  7: rootbotz leads 9H, teambinary plays 10D -> rootbotz wins
  Trick  8: rootbotz leads 10H, teambinary plays QC -> rootbotz wins
  Trick  9: rootbotz leads KD, teambinary plays AD -> teambinary wins
  Trick 10: teambinary leads AC, rootbotz plays JC -> teambinary wins
  Trick 11: teambinary leads QD, rootbotz plays 7D -> teambinary wins
  Trick 12: teambinary leads KC, rootbotz plays JD -> teambinary wins
  Hand: rootbotz +27 / teambinary +5 (tricks 8-4)
  Match total: rootbotz 68 - 88 teambinary
Players: rootbotz vs teambinary
Dealer: rootbotz  |  Elder: teambinary
Match scores: 68 - 88
Talon (8): 7C KC AC 9H JH QH 10S JS
rootbotz hand: 8C QC 7D 10D JD 7H 10H KH AH 9S QS AS
teambinary hand: 9C 10C JC 8D 9D QD KD AD 8H 7S 8S KS
  Exchange teambinary: discard 8D 9D 8H 7S 8S -> draw KC JH QH 10S JS (talon 3 left)
  Exchange rootbotz: discard 8C 7H 9S -> draw 7C AC 9H (talon 0 left)

--- Phase: declare ---
  Declare point: rootbotz wins 4 pts (('point', 4, 'H'))
  Declare sequence: teambinary wins 3 pts (('sequence', 3, 14, 'D'))
  Declare set: rootbotz wins 3 pts (('set', 3, 14))

--- Phase: tricks ---
  Trick  1: teambinary leads AD, rootbotz plays 7D -> teambinary wins
  Trick  2: teambinary leads KC, rootbotz plays AC -> rootbotz wins
  Trick  3: rootbotz leads AS, teambinary plays 10S -> rootbotz wins
  Trick  4: rootbotz leads AH, teambinary plays JH -> rootbotz wins
  Trick  5: rootbotz leads QC, teambinary plays 9C -> rootbotz wins
  Trick  6: rootbotz leads KH, teambinary plays QH -> rootbotz wins
  Trick  7: rootbotz leads 9H, teambinary plays 10C -> rootbotz wins
  Trick  8: rootbotz leads 10H, teambinary plays JC -> rootbotz wins
  Trick  9: rootbotz leads 7C, teambinary plays JS -> rootbotz wins
  Trick 10: rootbotz leads 10D, teambinary plays QD -> teambinary wins
  Trick 11: teambinary leads KD, rootbotz plays JD -> teambinary wins
  Trick 12: teambinary leads KS, rootbotz plays QS -> teambinary wins
  Hand: rootbotz +25 / teambinary +8 (tricks 8-4)
  Match total: rootbotz 93 - 96 teambinary
Players: rootbotz vs teambinary
Dealer: teambinary  |  Elder: rootbotz
Match scores: 93 - 96
Talon (8): 7C AC 8D KD 10H 9S JS AS
rootbotz hand: 8C 10C QC KC 10D AD 9H JH KH AH 8S 10S
teambinary hand: 9C JC 7D 9D JD QD 7H 8H QH 7S QS KS
  Exchange rootbotz: discard QC KC 8S -> draw AC JS AS (talon 5 left)
  Exchange teambinary: discard 9C 7D 7H 8H 7S -> draw 7C 8D KD 10H 9S (talon 0 left)

--- Phase: declare ---
  Declare point: teambinary wins 5 pts (('point', 5, 'D'))
  Declare sequence: teambinary wins 3 pts (('sequence', 3, 13, 'D'))
  Declare set: rootbotz wins 14 pts (('set', 4, 14))

--- Phase: tricks ---
  Trick  1: rootbotz leads AS, teambinary plays 9S -> rootbotz wins
  Trick  2: rootbotz leads AH, teambinary plays 10H -> rootbotz wins
  Trick  3: rootbotz leads AD, teambinary plays 8D -> rootbotz wins
  Trick  4: rootbotz leads AC, teambinary plays 7C -> rootbotz wins
  Trick  5: rootbotz leads KH, teambinary plays QH -> rootbotz wins
  Trick  6: rootbotz leads 10C, teambinary plays JC -> teambinary wins
  Trick  7: teambinary leads KD, rootbotz plays 10D -> teambinary wins
  Trick  8: teambinary leads QD, rootbotz plays 8C -> teambinary wins
  Trick  9: teambinary leads KS, rootbotz plays 10S -> teambinary wins
  Trick 10: teambinary leads JD, rootbotz plays 9H -> teambinary wins
  Trick 11: teambinary leads QS, rootbotz plays JS -> teambinary wins
  Trick 12: teambinary leads 9D, rootbotz plays JH -> teambinary wins
  Hand: rootbotz +19 / teambinary +26 (tricks 5-7)
  Match total: rootbotz 112 - 122 teambinary
  Final: rootbotz 112 - 122 teambinary
  Winner: teambinary

============================================================
Game 76
============================================================
Players: teambinary vs rootbotz
Dealer: teambinary  |  Elder: rootbotz
Match scores: 0 - 0
Talon (8): QC AC JD KD 7H AH 9S KS
teambinary hand: 7C 9C 10C 10D QD AD 8H 10H 7S 8S JS AS
rootbotz hand: 8C JC KC 7D 8D 9D 9H JH QH KH 10S QS
  Exchange rootbotz: discard 8C JC 7D 8D 10S -> draw QC AC KD 7H AH (talon 3 left)
  Exchange teambinary: discard 7C 8H 7S -> draw JD 9S KS (talon 0 left)

--- Phase: declare ---
  Declare point: rootbotz wins 6 pts (('point', 6, 'H'))
  Declare sequence: rootbotz wins 4 pts (('sequence', 4, 14, 'H'))
  Declare set: rootbotz wins 3 pts (('set', 3, 13))

--- Phase: tricks ---
  Trick  1: rootbotz leads AH, teambinary plays 10H -> rootbotz wins
  Trick  2: rootbotz leads AC, teambinary plays 9C -> rootbotz wins
  Trick  3: rootbotz leads JH, teambinary plays 8S -> rootbotz wins
  Trick  4: rootbotz leads QH, teambinary plays 9S -> rootbotz wins
  Trick  5: rootbotz leads QC, teambinary plays 10C -> rootbotz wins
  Trick  6: rootbotz leads KH, teambinary plays 10D -> rootbotz wins
  Trick  7: rootbotz leads KC, teambinary plays JD -> rootbotz wins
  Trick  8: rootbotz leads 9H, teambinary plays JS -> rootbotz wins
  Trick  9: rootbotz leads KD, teambinary plays AD -> teambinary wins
  Trick 10: teambinary leads AS, rootbotz plays QS -> teambinary wins
  Trick 11: teambinary leads QD, rootbotz plays 9D -> teambinary wins
  Trick 12: teambinary leads KS, rootbotz plays 7H -> teambinary wins
  Hand: teambinary +5 / rootbotz +31 (tricks 4-8)
  Match total: teambinary 5 - 31 rootbotz
Players: teambinary vs rootbotz
Dealer: rootbotz  |  Elder: teambinary
Match scores: 5 - 31
Talon (8): 10C AD 7H 10H JH 9S QS KS
teambinary hand: 7C 9C 7D 9D 10D QD 9H QH KH 7S JS AS
rootbotz hand: 8C JC QC KC AC 8D JD KD 8H AH 8S 10S
  Exchange teambinary: discard 7C 9C 7D 9H 7S -> draw 10C 7H 10H JH QS (talon 3 left)
  Exchange rootbotz: discard 8D 8H 8S -> draw AD 9S KS (talon 0 left)

--- Phase: declare ---
  Declare point: rootbotz wins 5 pts (('point', 5, 'C'))
  Declare sequence: rootbotz wins 4 pts (('sequence', 4, 14, 'C'))
  Declare set: rootbotz wins 3 pts (('set', 3, 14))

--- Phase: tricks ---
  Trick  1: teambinary leads AS, rootbotz plays 9S -> teambinary wins
  Trick  2: teambinary leads KH, rootbotz plays AH -> rootbotz wins
  Trick  3: rootbotz leads AD, teambinary plays 9D -> rootbotz wins
  Trick  4: rootbotz leads AC, teambinary plays 10C -> rootbotz wins
  Trick  5: rootbotz leads JC, teambinary plays 7H -> rootbotz wins
  Trick  6: rootbotz leads QC, teambinary plays 10D -> rootbotz wins
  Trick  7: rootbotz leads KS, teambinary plays JS -> rootbotz wins
  Trick  8: rootbotz leads 8C, teambinary plays 10H -> rootbotz wins
  Trick  9: rootbotz leads KD, teambinary plays QD -> rootbotz wins
  Trick 10: rootbotz leads KC, teambinary plays JH -> rootbotz wins
  Trick 11: rootbotz leads 10S, teambinary plays QS -> teambinary wins
  Trick 12: teambinary leads QH, rootbotz plays JD -> teambinary wins
  Hand: teambinary +4 / rootbotz +31 (tricks 3-9)
  Match total: teambinary 9 - 62 rootbotz
Players: teambinary vs rootbotz
Dealer: teambinary  |  Elder: rootbotz
Match scores: 9 - 62
Talon (8): 7C JC KD 8S 9S 10S QS KS
teambinary hand: 8C 9C 10C QC KC AC 9D 9H 10H QH AH JS
rootbotz hand: 7D 8D 10D JD QD AD 7H 8H JH KH 7S AS
  Exchange rootbotz: discard 7D 7H 8H JH 7S -> draw JC 8S 9S QS KS (talon 3 left)
  Exchange teambinary: discard 9D 9H -> draw 7C KD (talon 1 left)

--- Phase: declare ---
  Declare point: teambinary wins 7 pts (('point', 7, 'C'))
  Declare sequence: teambinary wins 4 pts (('sequence', 4, 10, 'C'))

--- Phase: tricks ---
  Trick  1: rootbotz leads AS, teambinary plays JS -> rootbotz wins
  Trick  2: rootbotz leads AD, teambinary plays KD -> rootbotz wins
  Trick  3: rootbotz leads QS, teambinary plays 7C -> rootbotz wins
  Trick  4: rootbotz leads KS, teambinary plays 8C -> rootbotz wins
  Trick  5: rootbotz leads 10D, teambinary plays 9C -> rootbotz wins
  Trick  6: rootbotz leads JD, teambinary plays 10C -> rootbotz wins
  Trick  7: rootbotz leads QD, teambinary plays 10H -> rootbotz wins
  Trick  8: rootbotz leads KH, teambinary plays AH -> teambinary wins
  Trick  9: teambinary leads AC, rootbotz plays JC -> teambinary wins
  Trick 10: teambinary leads KC, rootbotz plays 8D -> teambinary wins
  Trick 11: teambinary leads QC, rootbotz plays 8S -> teambinary wins
  Trick 12: teambinary leads QH, rootbotz plays 9S -> teambinary wins
  Hand: teambinary +17 / rootbotz +17 (tricks 5-7)
  Match total: teambinary 26 - 79 rootbotz
Players: teambinary vs rootbotz
Dealer: rootbotz  |  Elder: teambinary
Match scores: 26 - 79
Talon (8): 7C QC AC 8H JH KH 9S KS
teambinary hand: JC KC 7D 9D JD QH AH 7S 8S JS QS AS
rootbotz hand: 8C 9C 10C 8D 10D QD KD AD 7H 9H 10H 10S
  Exchange teambinary: discard 7D 9D 7S 8S -> draw 7C JH KH KS (talon 4 left)
  Exchange rootbotz: discard 8C 9C 7H -> draw QC 8H 9S (talon 1 left)

--- Phase: declare ---
  Declare point: rootbotz wins 5 pts (('point', 5, 'D'))
  Declare sequence: teambinary wins 4 pts (('sequence', 4, 14, 'H'))
  Declare set: teambinary wins 3 pts (('set', 3, 13))

--- Phase: tricks ---
  Trick  1: teambinary leads AH, rootbotz plays 8H -> teambinary wins
  Trick  2: teambinary leads AS, rootbotz plays 9S -> teambinary wins
  Trick  3: teambinary leads KS, rootbotz plays 10S -> teambinary wins
  Trick  4: teambinary leads KH, rootbotz plays 9H -> teambinary wins
  Trick  5: teambinary leads KC, rootbotz plays 10C -> teambinary wins
  Trick  6: teambinary leads QS, rootbotz plays 8D -> teambinary wins
  Trick  7: teambinary leads QH, rootbotz plays 10H -> teambinary wins
  Trick  8: teambinary leads JC, rootbotz plays QC -> rootbotz wins
  Trick  9: rootbotz leads AD, teambinary plays JD -> rootbotz wins
  Trick 10: rootbotz leads 10D, teambinary plays 7C -> rootbotz wins
  Trick 11: rootbotz leads QD, teambinary plays JH -> rootbotz wins
  Trick 12: rootbotz leads KD, teambinary plays JS -> rootbotz wins
  Hand: teambinary +24 / rootbotz +11 (tricks 7-5)
  Match total: teambinary 50 - 90 rootbotz
Players: teambinary vs rootbotz
Dealer: teambinary  |  Elder: rootbotz
Match scores: 50 - 90
Talon (8): 9C 10D AD 8H 9H KH AH AS
teambinary hand: 7C 10C KC 7D 8D 9D QD KD 10H JH 9S 10S
rootbotz hand: 8C JC QC AC JD 7H QH 7S 8S JS QS KS
  Exchange rootbotz: discard 8C JC JD 7H 7S -> draw 9C 10D AD 9H AS (talon 3 left)
  Exchange teambinary: discard 7C 9S -> draw 8H KH (talon 1 left)

--- Phase: declare ---
  Declare point: rootbotz wins 5 pts (('point', 5, 'S'))
  Declare sequence: rootbotz wins 4 pts (('sequence', 4, 14, 'S'))
  Declare set: rootbotz wins 3 pts (('set', 3, 14))

--- Phase: tricks ---
  Trick  1: rootbotz leads AS, teambinary plays 10S -> rootbotz wins
  Trick  2: rootbotz leads AD, teambinary plays 7D -> rootbotz wins
  Trick  3: rootbotz leads AC, teambinary plays 10C -> rootbotz wins
  Trick  4: rootbotz leads JS, teambinary plays 8D -> rootbotz wins
  Trick  5: rootbotz leads QS, teambinary plays 8H -> rootbotz wins
  Trick  6: rootbotz leads KS, teambinary plays 9D -> rootbotz wins
  Trick  7: rootbotz leads QC, teambinary plays KC -> teambinary wins
  Trick  8: teambinary leads KH, rootbotz plays 9H -> teambinary wins
  Trick  9: teambinary leads JH, rootbotz plays QH -> rootbotz wins
  Trick 10: rootbotz leads 8S, teambinary plays 10H -> rootbotz wins
  Trick 11: rootbotz leads 9C, teambinary plays QD -> rootbotz wins
  Trick 12: rootbotz leads 10D, teambinary plays KD -> teambinary wins
  Hand: teambinary +4 / rootbotz +31 (tricks 3-9)
  Match total: teambinary 54 - 121 rootbotz
  Final: teambinary 54 - 121 rootbotz
  Winner: rootbotz

============================================================
Game 77
============================================================
Players: rootbotz vs teambinary
Dealer: rootbotz  |  Elder: teambinary
Match scores: 0 - 0
Talon (8): 8C 9C JC 9D AD 7H 7S JS
rootbotz hand: KC AC 7D 10D JD QD KD 8H 10H QH AH KS
teambinary hand: 7C 10C QC 8D 9H JH KH 8S 9S 10S QS AS
  Exchange teambinary: discard 7C 8D 9H -> draw 9C 9D AD (talon 5 left)
  Exchange rootbotz: discard AC 7D 8H 10H QH -> draw 8C JC 7H 7S JS (talon 0 left)

--- Phase: declare ---
  Declare point: teambinary wins 5 pts (('point', 5, 'S'))
  Declare sequence: rootbotz wins 4 pts (('sequence', 4, 13, 'D'))
  Declare set: rootbotz wins 3 pts (('set', 3, 13))

--- Phase: tricks ---
  Trick  1: teambinary leads AS, rootbotz plays 7S -> teambinary wins
  Trick  2: teambinary leads AD, rootbotz plays 10D -> teambinary wins
  Trick  3: teambinary leads QS, rootbotz plays KS -> rootbotz wins
  Trick  4: rootbotz leads AH, teambinary plays JH -> rootbotz wins
  Trick  5: rootbotz leads JD, teambinary plays 9D -> rootbotz wins
  Trick  6: rootbotz leads QD, teambinary plays 8S -> rootbotz wins
  Trick  7: rootbotz leads KD, teambinary plays 9C -> rootbotz wins
  Trick  8: rootbotz leads KC, teambinary plays 10C -> rootbotz wins
  Trick  9: rootbotz leads JS, teambinary plays 9S -> rootbotz wins
  Trick 10: rootbotz leads 7H, teambinary plays KH -> teambinary wins
  Trick 11: teambinary leads 10S, rootbotz plays 8C -> teambinary wins
  Trick 12: teambinary leads QC, rootbotz plays JC -> teambinary wins
  Hand: rootbotz +24 / teambinary +11 (tricks 7-5)
  Match total: rootbotz 24 - 11 teambinary
Players: rootbotz vs teambinary
Dealer: teambinary  |  Elder: rootbotz
Match scores: 24 - 11
Talon (8): 10C KC 7D 10D AD 9H AH JS
rootbotz hand: 9C QC AC 8D 9D 7H 8H KH 7S 10S QS KS
teambinary hand: 7C 8C JC JD QD KD 10H JH QH 8S 9S AS
  Exchange rootbotz: discard 9C 8D 9D 7H 7S -> draw 10C 10D AD AH JS (talon 3 left)
  Exchange teambinary: discard 7C 8C 8S -> draw KC 7D 9H (talon 0 left)

--- Phase: declare ---
  Declare point: rootbotz wins 4 pts (('point', 4, 'S'))
  Declare sequence: rootbotz wins 4 pts (('sequence', 4, 13, 'S'))
  Declare set: rootbotz wins 3 pts (('set', 3, 14))

--- Phase: tricks ---
  Trick  1: rootbotz leads AH, teambinary plays 9H -> rootbotz wins
  Trick  2: rootbotz leads AD, teambinary plays 7D -> rootbotz wins
  Trick  3: rootbotz leads AC, teambinary plays JC -> rootbotz wins
  Trick  4: rootbotz leads KH, teambinary plays 10H -> rootbotz wins
  Trick  5: rootbotz leads 10S, teambinary plays AS -> teambinary wins
  Trick  6: teambinary leads KD, rootbotz plays 10D -> teambinary wins
  Trick  7: teambinary leads QD, rootbotz plays 8H -> teambinary wins
  Trick  8: teambinary leads QH, rootbotz plays 10C -> teambinary wins
  Trick  9: teambinary leads 9S, rootbotz plays JS -> rootbotz wins
  Trick 10: rootbotz leads QS, teambinary plays JD -> rootbotz wins
  Trick 11: rootbotz leads QC, teambinary plays KC -> teambinary wins
  Trick 12: teambinary leads JH, rootbotz plays KS -> teambinary wins
  Hand: rootbotz +17 / teambinary +7 (tricks 6-6)
  Match total: rootbotz 41 - 18 teambinary
Players: rootbotz vs teambinary
Dealer: rootbotz  |  Elder: teambinary
Match scores: 41 - 18
Talon (8): KC 8D 10D JD 7H 9H KH 7S
rootbotz hand: 8C 9C AC 7D 9D KD AD 10H JH 8S 10S AS
teambinary hand: 7C 10C JC QC QD 8H QH AH 9S JS QS KS
  Exchange teambinary: discard 7C 8H 9S -> draw 10D JD 9H (talon 5 left)
  Exchange rootbotz: discard 8C 9C 10H JH 8S -> draw KC 8D 7H KH 7S (talon 0 left)

--- Phase: declare ---
  Declare point: rootbotz wins 5 pts (('point', 5, 'D'))
  Declare sequence: teambinary wins 3 pts (('sequence', 3, 13, 'S'))
  Declare set: rootbotz wins 3 pts (('set', 3, 14))

--- Phase: tricks ---
  Trick  1: teambinary leads AH, rootbotz plays 7H -> teambinary wins
  Trick  2: teambinary leads KS, rootbotz plays AS -> rootbotz wins
  Trick  3: rootbotz leads AD, teambinary plays 10D -> rootbotz wins
  Trick  4: rootbotz leads AC, teambinary plays 10C -> rootbotz wins
  Trick  5: rootbotz leads KH, teambinary plays 9H -> rootbotz wins
  Trick  6: rootbotz leads KD, teambinary plays JD -> rootbotz wins
  Trick  7: rootbotz leads KC, teambinary plays JC -> rootbotz wins
  Trick  8: rootbotz leads 7S, teambinary plays JS -> teambinary wins
  Trick  9: teambinary leads QH, rootbotz plays 7D -> teambinary wins
  Trick 10: teambinary leads QS, rootbotz plays 10S -> teambinary wins
  Trick 11: teambinary leads QC, rootbotz plays 8D -> teambinary wins
  Trick 12: teambinary leads QD, rootbotz plays 9D -> teambinary wins
  Hand: rootbotz +14 / teambinary +10 (tricks 6-6)
  Match total: rootbotz 55 - 28 teambinary
Players: rootbotz vs teambinary
Dealer: teambinary  |  Elder: rootbotz
Match scores: 55 - 28
Talon (8): 7C JC AC QD 9H 7S KS AS
rootbotz hand: 8C 10C KC 7D 9D 10D KD KH AH 10S JS QS
teambinary hand: 9C QC 8D JD AD 7H 8H 10H JH QH 8S 9S
  Exchange rootbotz: discard 8C KC 7D 9D KD -> draw JC AC QD 9H 7S (talon 3 left)
  Exchange teambinary: discard 9C 8D 8S -> draw 7C KS AS (talon 0 left)

--- Phase: declare ---
  Declare point: teambinary wins 5 pts (('point', 5, 'H'))
  Declare set: rootbotz wins 3 pts (('set', 3, 10))

--- Phase: tricks ---
  Trick  1: rootbotz leads AH, teambinary plays 7H -> rootbotz wins
  Trick  2: rootbotz leads AC, teambinary plays 7C -> rootbotz wins
  Trick  3: rootbotz leads KH, teambinary plays 8H -> rootbotz wins
  Trick  4: rootbotz leads 10C, teambinary plays QC -> teambinary wins
  Trick  5: teambinary leads AD, rootbotz plays 10D -> teambinary wins
  Trick  6: teambinary leads AS, rootbotz plays 7S -> teambinary wins
  Trick  7: teambinary leads QH, rootbotz plays 9H -> teambinary wins
  Trick  8: teambinary leads JH, rootbotz plays 10S -> teambinary wins
  Trick  9: teambinary leads KS, rootbotz plays JS -> teambinary wins
  Trick 10: teambinary leads JD, rootbotz plays QD -> rootbotz wins
  Trick 11: rootbotz leads QS, teambinary plays 9S -> rootbotz wins
  Trick 12: rootbotz leads JC, teambinary plays 10H -> rootbotz wins
  Hand: rootbotz +10 / teambinary +11 (tricks 6-6)
  Match total: rootbotz 65 - 39 teambinary
Players: rootbotz vs teambinary
Dealer: rootbotz  |  Elder: teambinary
Match scores: 65 - 39
Talon (8): AC 9D KD 7H 9H 10H JH KS
rootbotz hand: 7C 8C 10C QC KC 7D 10D JD QD QH 9S AS
teambinary hand: 9C JC 8D AD 8H KH AH 7S 8S 10S JS QS
  Exchange teambinary: discard 9C 8D 8H 7S 8S -> draw AC 9H 10H JH KS (talon 3 left)
  Exchange rootbotz: discard 7C 8C 7D -> draw 9D KD 7H (talon 0 left)

--- Phase: declare ---
  Declare point: teambinary wins 5 pts (('point', 5, 'H'))
  Declare sequence: rootbotz wins 10 pts (('sequence', 5, 13, 'D'))
  Declare set: teambinary wins 3 pts (('set', 3, 14))

--- Phase: tricks ---
  Trick  1: teambinary leads AH, rootbotz plays 7H -> teambinary wins
  Trick  2: teambinary leads AD, rootbotz plays 9D -> teambinary wins
  Trick  3: teambinary leads AC, rootbotz plays 10C -> teambinary wins
  Trick  4: teambinary leads KH, rootbotz plays QH -> teambinary wins
  Trick  5: teambinary leads KS, rootbotz plays AS -> rootbotz wins
  Trick  6: rootbotz leads 9S, teambinary plays 10S -> teambinary wins
  Trick  7: teambinary leads JH, rootbotz plays 10D -> teambinary wins
  Trick  8: teambinary leads QS, rootbotz plays JD -> teambinary wins
  Trick  9: teambinary leads 10H, rootbotz plays QD -> teambinary wins
  Trick 10: teambinary leads JC, rootbotz plays QC -> rootbotz wins
  Trick 11: rootbotz leads KD, teambinary plays 9H -> rootbotz wins
  Trick 12: rootbotz leads KC, teambinary plays JS -> rootbotz wins
  Hand: rootbotz +15 / teambinary +26 (tricks 4-8)
  Match total: rootbotz 80 - 65 teambinary
Players: rootbotz vs teambinary
Dealer: teambinary  |  Elder: rootbotz
Match scores: 80 - 65
Talon (8): JC KC QD AD 10H 7S 9S KS
rootbotz hand: 9C QC 8D 9D 10D JD 7H AH 8S 10S JS AS
teambinary hand: 7C 8C 10C AC 7D KD 8H 9H JH QH KH QS
  Exchange rootbotz: discard 9C QC 7H 8S 10S -> draw KC QD 10H 7S 9S (talon 3 left)
  Exchange teambinary: discard 7C 8C 7D -> draw JC AD KS (talon 0 left)

--- Phase: declare ---
  Declare sequence: rootbotz wins 10 pts (('sequence', 5, 12, 'D'))
  Declare set: teambinary wins 3 pts (('set', 3, 13))

--- Phase: tricks ---
  Trick  1: rootbotz leads AS, teambinary plays QS -> rootbotz wins
  Trick  2: rootbotz leads AH, teambinary plays 8H -> rootbotz wins
  Trick  3: rootbotz leads KC, teambinary plays AC -> teambinary wins
  Trick  4: teambinary leads AD, rootbotz plays 8D -> teambinary wins
  Trick  5: teambinary leads KH, rootbotz plays 10H -> teambinary wins
  Trick  6: teambinary leads QH, rootbotz plays 7S -> teambinary wins
  Trick  7: teambinary leads JH, rootbotz plays 9S -> teambinary wins
  Trick  8: teambinary leads JC, rootbotz plays 9D -> teambinary wins
  Trick  9: teambinary leads 9H, rootbotz plays 10D -> teambinary wins
  Trick 10: teambinary leads 10C, rootbotz plays JS -> teambinary wins
  Trick 11: teambinary leads KD, rootbotz plays JD -> teambinary wins
  Trick 12: teambinary leads KS, rootbotz plays QD -> teambinary wins
  Hand: rootbotz +12 / teambinary +24 (tricks 2-10)
  Match total: rootbotz 92 - 89 teambinary
Players: rootbotz vs teambinary
Dealer: rootbotz  |  Elder: teambinary
Match scores: 92 - 89
Talon (8): 7D KD AD 8H 9H JH QH QS
rootbotz hand: 7C 8C QC AC 9D JD QD 7H AH 8S 10S JS
teambinary hand: 9C 10C JC KC 8D 10D 10H KH 7S 9S KS AS
  Exchange teambinary: discard 8D 7S 9S -> draw AD 8H QS (talon 5 left)
  Exchange rootbotz: discard 9D 7H 8S 10S JS -> draw 7D KD 9H JH QH (talon 0 left)

--- Phase: declare ---
  Declare point: rootbotz wins 4 pts (('point', 4, 'H'))
  Declare sequence: teambinary wins 3 pts (('sequence', 3, 14, 'S'))
  Declare set: teambinary wins 3 pts (('set', 3, 13))

--- Phase: tricks ---
  Trick  1: teambinary leads AS, rootbotz plays 7C -> teambinary wins
  Trick  2: teambinary leads AD, rootbotz plays 7D -> teambinary wins
  Trick  3: teambinary leads KC, rootbotz plays AC -> rootbotz wins
  Trick  4: rootbotz leads AH, teambinary plays 8H -> rootbotz wins
  Trick  5: rootbotz leads JD, teambinary plays 10D -> rootbotz wins
  Trick  6: rootbotz leads QD, teambinary plays 9C -> rootbotz wins
  Trick  7: rootbotz leads KD, teambinary plays 10C -> rootbotz wins
  Trick  8: rootbotz leads 8C, teambinary plays JC -> teambinary wins
  Trick  9: teambinary leads KS, rootbotz plays 9H -> teambinary wins
  Trick 10: teambinary leads KH, rootbotz plays JH -> teambinary wins
  Trick 11: teambinary leads 10H, rootbotz plays QH -> rootbotz wins
  Trick 12: rootbotz leads QC, teambinary plays QS -> rootbotz wins
  Hand: rootbotz +22 / teambinary +11 (tricks 7-5)
  Match total: rootbotz 114 - 100 teambinary
  Final: rootbotz 114 - 100 teambinary
  Winner: rootbotz

============================================================
Game 78
============================================================
Players: teambinary vs rootbotz
Dealer: teambinary  |  Elder: rootbotz
Match scores: 0 - 0
Talon (8): 7C 9C 9D KD AD 8H 10H QS
teambinary hand: 8C JC KC AC 8D JD 9H 7S 8S 9S 10S AS
rootbotz hand: 10C QC 7D 10D QD 7H JH QH KH AH JS KS
  Exchange rootbotz: discard 10C 7D 10D 7H JS -> draw 9D KD 8H 10H QS (talon 3 left)
  Exchange teambinary: discard 8C 8D 9H -> draw 7C 9C AD (talon 0 left)

--- Phase: declare ---
  Declare point: rootbotz wins 6 pts (('point', 6, 'H'))
  Declare sequence: rootbotz wins 10 pts (('sequence', 5, 14, 'H'))
  Declare set: teambinary wins 3 pts (('set', 3, 14))

--- Phase: tricks ---
  Trick  1: rootbotz leads AH, teambinary plays 7C -> rootbotz wins
  Trick  2: rootbotz leads 10H, teambinary plays 7S -> rootbotz wins
  Trick  3: rootbotz leads JH, teambinary plays 8S -> rootbotz wins
  Trick  4: rootbotz leads QH, teambinary plays 9C -> rootbotz wins
  Trick  5: rootbotz leads KH, teambinary plays 9S -> rootbotz wins
  Trick  6: rootbotz leads 8H, teambinary plays 10S -> rootbotz wins
  Trick  7: rootbotz leads QS, teambinary plays AS -> teambinary wins
  Trick  8: teambinary leads AC, rootbotz plays QC -> teambinary wins
  Trick  9: teambinary leads AD, rootbotz plays 9D -> teambinary wins
  Trick 10: teambinary leads KC, rootbotz plays QD -> teambinary wins
  Trick 11: teambinary leads JC, rootbotz plays KS -> teambinary wins
  Trick 12: teambinary leads JD, rootbotz plays KD -> rootbotz wins
  Hand: teambinary +8 / rootbotz +34 (tricks 5-7)
  Match total: teambinary 8 - 34 rootbotz
Players: teambinary vs rootbotz
Dealer: rootbotz  |  Elder: teambinary
Match scores: 8 - 34
Talon (8): 7C 9C AD JH QH AH 7S KS
teambinary hand: 10C JC KC AC JD QD 7H 9H 8S 9S 10S JS
rootbotz hand: 8C QC 7D 8D 9D 10D KD 8H 10H KH QS AS
  Exchange teambinary: discard 7H 9H -> draw 9C QH (talon 6 left)
  Exchange rootbotz: discard 8C QC 8H 10H QS -> draw 7C JH AH 7S KS (talon 1 left)

--- Phase: declare ---
  Declare point: teambinary wins 5 pts (('point', 5, 'C'))
  Declare sequence: teambinary wins 4 pts (('sequence', 4, 11, 'S'))
  Declare set: rootbotz wins 3 pts (('set', 3, 13))

--- Phase: tricks ---
  Trick  1: teambinary leads AC, rootbotz plays 7C -> teambinary wins
  Trick  2: teambinary leads JS, rootbotz plays KS -> rootbotz wins
  Trick  3: rootbotz leads AS, teambinary plays 8S -> rootbotz wins
  Trick  4: rootbotz leads AH, teambinary plays QH -> rootbotz wins
  Trick  5: rootbotz leads KH, teambinary plays 9C -> rootbotz wins
  Trick  6: rootbotz leads JH, teambinary plays 9S -> rootbotz wins
  Trick  7: rootbotz leads KD, teambinary plays JD -> rootbotz wins
  Trick  8: rootbotz leads 7S, teambinary plays 10S -> teambinary wins
  Trick  9: teambinary leads KC, rootbotz plays 7D -> teambinary wins
  Trick 10: teambinary leads JC, rootbotz plays 8D -> teambinary wins
  Trick 11: teambinary leads QD, rootbotz plays 9D -> teambinary wins
  Trick 12: teambinary leads 10C, rootbotz plays 10D -> teambinary wins
  Hand: teambinary +16 / rootbotz +9 (tricks 6-6)
  Match total: teambinary 24 - 43 rootbotz
Players: teambinary vs rootbotz
Dealer: teambinary  |  Elder: rootbotz
Match scores: 24 - 43
Talon (8): JC QC 8D QD KD 10H 10S JS
teambinary hand: 8C 9C KC 9D JD 9H JH 8S 9S QS KS AS
rootbotz hand: 7C 10C AC 7D 10D AD 7H 8H QH KH AH 7S
  Exchange rootbotz: discard 7C 10C 10D 8H 7S -> draw QC 8D 10H 10S JS (talon 3 left)
  Exchange teambinary: discard 8C 9D 9H -> draw JC QD KD (talon 0 left)

--- Phase: declare ---
  Declare set: rootbotz wins 3 pts (('set', 3, 14))

--- Phase: tricks ---
  Trick  1: rootbotz leads AH, teambinary plays JH -> rootbotz wins
  Trick  2: rootbotz leads AD, teambinary plays JD -> rootbotz wins
  Trick  3: rootbotz leads AC, teambinary plays 9C -> rootbotz wins
  Trick  4: rootbotz leads QH, teambinary plays 8S -> rootbotz wins
  Trick  5: rootbotz leads KH, teambinary plays 9S -> rootbotz wins
  Trick  6: rootbotz leads 10H, teambinary plays JC -> rootbotz wins
  Trick  7: rootbotz leads QC, teambinary plays KC -> teambinary wins
  Trick  8: teambinary leads AS, rootbotz plays 10S -> teambinary wins
  Trick  9: teambinary leads KS, rootbotz plays JS -> teambinary wins
  Trick 10: teambinary leads KD, rootbotz plays 7D -> teambinary wins
  Trick 11: teambinary leads QS, rootbotz plays 7H -> teambinary wins
  Trick 12: teambinary leads QD, rootbotz plays 8D -> teambinary wins
  Hand: teambinary +7 / rootbotz +9 (tricks 6-6)
  Match total: teambinary 31 - 52 rootbotz
Players: teambinary vs rootbotz
Dealer: rootbotz  |  Elder: teambinary
Match scores: 31 - 52
Talon (8): 10C 7H 10H JH AH 9S QS AS
teambinary hand: 7C KC 7D 8D 9D 10D KD AD 9H KH 8S JS
rootbotz hand: 8C 9C JC QC AC JD QD 8H QH 7S 10S KS
  Exchange teambinary: discard 7C 9H 8S -> draw 10C JH AH (talon 5 left)
  Exchange rootbotz: discard JD 8H 7S 10S KS -> draw 7H 10H 9S QS AS (talon 0 left)

--- Phase: declare ---
  Declare point: teambinary wins 6 pts (('point', 6, 'D'))
  Declare sequence: teambinary wins 4 pts (('sequence', 4, 10, 'D'))
  Declare set: teambinary wins 3 pts (('set', 3, 13))

--- Phase: tricks ---
  Trick  1: teambinary leads AD, rootbotz plays QD -> teambinary wins
  Trick  2: teambinary leads AH, rootbotz plays 7H -> teambinary wins
  Trick  3: teambinary leads KD, rootbotz plays 8C -> teambinary wins
  Trick  4: teambinary leads 10D, rootbotz plays 9S -> teambinary wins
  Trick  5: teambinary leads 9D, rootbotz plays 9C -> teambinary wins
  Trick  6: teambinary leads 8D, rootbotz plays 10H -> teambinary wins
  Trick  7: teambinary leads KH, rootbotz plays QH -> teambinary wins
  Trick  8: teambinary leads KC, rootbotz plays AC -> rootbotz wins
  Trick  9: rootbotz leads AS, teambinary plays JS -> rootbotz wins
  Trick 10: rootbotz leads JC, teambinary plays 10C -> rootbotz wins
  Trick 11: rootbotz leads QS, teambinary plays 7D -> rootbotz wins
  Trick 12: rootbotz leads QC, teambinary plays JH -> rootbotz wins
  Hand: teambinary +30 / rootbotz +6 (tricks 7-5)
  Match total: teambinary 61 - 58 rootbotz
Players: teambinary vs rootbotz
Dealer: teambinary  |  Elder: rootbotz
Match scores: 61 - 58
Talon (8): KC 8D 10D KD 10H KH 8S KS
teambinary hand: JC AC 7D JD 7H 8H JH QH AH 7S 10S AS
rootbotz hand: 7C 8C 9C 10C QC 9D QD AD 9H 9S JS QS
  Exchange rootbotz: discard 9D AD 9H 9S JS -> draw KC 8D 10D 8S KS (talon 3 left)
  Exchange teambinary: discard 7D 7H 7S -> draw KD 10H KH (talon 0 left)

--- Phase: declare ---
  Declare point: teambinary wins 6 pts (('point', 6, 'H'))
  Declare sequence: teambinary wins 10 pts (('sequence', 5, 14, 'H'))
  Declare set: teambinary wins 3 pts (('set', 3, 14))

--- Phase: tricks ---
  Trick  1: rootbotz leads QS, teambinary plays AS -> teambinary wins
  Trick  2: teambinary leads AC, rootbotz plays 7C -> teambinary wins
  Trick  3: teambinary leads AH, rootbotz plays 8S -> teambinary wins
  Trick  4: teambinary leads KH, rootbotz plays 8D -> teambinary wins
  Trick  5: teambinary leads QH, rootbotz plays 8C -> teambinary wins
  Trick  6: teambinary leads JH, rootbotz plays 9C -> teambinary wins
  Trick  7: teambinary leads 10H, rootbotz plays 10D -> teambinary wins
  Trick  8: teambinary leads KD, rootbotz plays QD -> teambinary wins
  Trick  9: teambinary leads 10S, rootbotz plays KS -> rootbotz wins
  Trick 10: rootbotz leads 10C, teambinary plays JC -> teambinary wins
  Trick 11: teambinary leads 8H, rootbotz plays QC -> teambinary wins
  Trick 12: teambinary leads JD, rootbotz plays KC -> teambinary wins
  Hand: teambinary +41 / rootbotz +1 (tricks 11-1)
  Match total: teambinary 102 - 59 rootbotz
  Final: teambinary 102 - 59 rootbotz
  Winner: teambinary

============================================================
Game 79
============================================================
Players: rootbotz vs teambinary
Dealer: rootbotz  |  Elder: teambinary
Match scores: 0 - 0
Talon (8): 9C 8D 9D 7H JH KH 7S 8S
rootbotz hand: JC QC KC AC 10D JD AD 9H QH AH 10S AS
teambinary hand: 7C 8C 10C 7D QD KD 8H 10H 9S JS QS KS
  Exchange teambinary: discard 7C 8C 7D 8H 9S -> draw 9C 8D JH KH 7S (talon 3 left)
  Exchange rootbotz: discard 10D JD QH -> draw 9D 7H 8S (talon 0 left)

--- Phase: declare ---
  Declare point: rootbotz wins 4 pts (('point', 4, 'C'))
  Declare sequence: rootbotz wins 4 pts (('sequence', 4, 14, 'C'))
  Declare set: rootbotz wins 14 pts (('set', 4, 14))

--- Phase: tricks ---
  Trick  1: teambinary leads KS, rootbotz plays AS -> rootbotz wins
  Trick  2: rootbotz leads AH, teambinary plays 10H -> rootbotz wins
  Trick  3: rootbotz leads AD, teambinary plays 8D -> rootbotz wins
  Trick  4: rootbotz leads AC, teambinary plays 9C -> rootbotz wins
  Trick  5: rootbotz leads JC, teambinary plays 10C -> rootbotz wins
  Trick  6: rootbotz leads QC, teambinary plays 7S -> rootbotz wins
  Trick  7: rootbotz leads KC, teambinary plays JH -> rootbotz wins
  Trick  8: rootbotz leads 8S, teambinary plays JS -> teambinary wins
  Trick  9: teambinary leads KD, rootbotz plays 9D -> teambinary wins
  Trick 10: teambinary leads QS, rootbotz plays 10S -> teambinary wins
  Trick 11: teambinary leads QD, rootbotz plays 7H -> teambinary wins
  Trick 12: teambinary leads KH, rootbotz plays 9H -> teambinary wins
  Hand: rootbotz +39 / teambinary +6 (tricks 7-5)
  Match total: rootbotz 39 - 6 teambinary
Players: rootbotz vs teambinary
Dealer: teambinary  |  Elder: rootbotz
Match scores: 39 - 6
Talon (8): QC 10H AH 7S 8S 9S JS KS
rootbotz hand: 7C 10C JC KC AC 8D 9D QD 7H 10S QS AS
teambinary hand: 8C 9C 7D 10D JD KD AD 8H 9H JH QH KH
  Exchange rootbotz: discard 8D 9D QD 7H 10S -> draw QC 10H 7S 8S KS (talon 3 left)
  Exchange teambinary: discard 8C 9C 7D -> draw AH 9S JS (talon 0 left)

--- Phase: declare ---
  Declare sequence: rootbotz wins 10 pts (('sequence', 5, 14, 'C'))
  Declare set: teambinary wins 3 pts (('set', 3, 11))

--- Phase: tricks ---
  Trick  1: rootbotz leads AS, teambinary plays 9S -> rootbotz wins
  Trick  2: rootbotz leads AC, teambinary plays 8H -> rootbotz wins
  Trick  3: rootbotz leads 10C, teambinary plays 9H -> rootbotz wins
  Trick  4: rootbotz leads JC, teambinary plays 10D -> rootbotz wins
  Trick  5: rootbotz leads QS, teambinary plays JS -> rootbotz wins
  Trick  6: rootbotz leads QC, teambinary plays JD -> rootbotz wins
  Trick  7: rootbotz leads KS, teambinary plays JH -> rootbotz wins
  Trick  8: rootbotz leads KC, teambinary plays QH -> rootbotz wins
  Trick  9: rootbotz leads 7C, teambinary plays KD -> rootbotz wins
  Trick 10: rootbotz leads 7S, teambinary plays KH -> rootbotz wins
  Trick 11: rootbotz leads 8S, teambinary plays AD -> rootbotz wins
  Trick 12: rootbotz leads 10H, teambinary plays AH -> teambinary wins
  Hand: rootbotz +31 / teambinary +5 (tricks 11-1)
  Match total: rootbotz 70 - 11 teambinary
Players: rootbotz vs teambinary
Dealer: rootbotz  |  Elder: teambinary
Match scores: 70 - 11
Talon (8): 10D 7H JH KH 8S 9S JS AS
rootbotz hand: 10C JC KC 7D 9D JD QD KD AD AH 10S QS
teambinary hand: 7C 8C 9C QC AC 8D 8H 9H 10H QH 7S KS
  Exchange teambinary: discard 8D 7S -> draw KH JS (talon 6 left)
  Exchange rootbotz: discard 10C JC 7D 10S -> draw 10D 7H JH 8S (talon 2 left)

--- Phase: declare ---
  Declare point: rootbotz wins 6 pts (('point', 6, 'D'))
  Declare sequence: rootbotz wins 11 pts (('sequence', 6, 14, 'D'))

--- Phase: tricks ---
  Trick  1: teambinary leads AC, rootbotz plays KC -> teambinary wins
  Trick  2: teambinary leads KH, rootbotz plays AH -> rootbotz wins
  Trick  3: rootbotz leads AD, teambinary plays 7C -> rootbotz wins
  Trick  4: rootbotz leads 9D, teambinary plays 8C -> rootbotz wins
  Trick  5: rootbotz leads 10D, teambinary plays 8H -> rootbotz wins
  Trick  6: rootbotz leads JD, teambinary plays 9C -> rootbotz wins
  Trick  7: rootbotz leads QD, teambinary plays 9H -> rootbotz wins
  Trick  8: rootbotz leads KD, teambinary plays 10H -> rootbotz wins
  Trick  9: rootbotz leads JH, teambinary plays QH -> teambinary wins
  Trick 10: teambinary leads KS, rootbotz plays 8S -> teambinary wins
  Trick 11: teambinary leads QC, rootbotz plays 7H -> teambinary wins
  Trick 12: teambinary leads JS, rootbotz plays QS -> rootbotz wins
  Hand: rootbotz +36 / teambinary +4 (tricks 8-4)
  Match total: rootbotz 106 - 15 teambinary
  Final: rootbotz 106 - 15 teambinary
  Winner: rootbotz

============================================================
Game 80
============================================================
Players: teambinary vs rootbotz
Dealer: teambinary  |  Elder: rootbotz
Match scores: 0 - 0
Talon (8): 10C 8D 10H KH 7S 8S 9S AS
teambinary hand: 8C 9C JC QC 7D AD 7H JH QH JS QS KS
rootbotz hand: 7C KC AC 9D 10D JD QD KD 8H 9H AH 10S
  Exchange rootbotz: discard 7C 8H 9H 10S -> draw 10C 8D 10H 8S (talon 4 left)
  Exchange teambinary: discard 8C 9C 7D 7H -> draw KH 7S 9S AS (talon 0 left)

--- Phase: declare ---
  Declare sequence: rootbotz wins 11 pts (('sequence', 6, 13, 'D'))
  Declare set: teambinary wins 3 pts (('set', 3, 12))

--- Phase: tricks ---
  Trick  1: rootbotz leads AH, teambinary plays JH -> rootbotz wins
  Trick  2: rootbotz leads AC, teambinary plays JC -> rootbotz wins
  Trick  3: rootbotz leads KC, teambinary plays QC -> rootbotz wins
  Trick  4: rootbotz leads 8D, teambinary plays AD -> teambinary wins
  Trick  5: teambinary leads AS, rootbotz plays 8S -> teambinary wins
  Trick  6: teambinary leads KS, rootbotz plays 9D -> teambinary wins
  Trick  7: teambinary leads QS, rootbotz plays 10H -> teambinary wins
  Trick  8: teambinary leads JS, rootbotz plays 10C -> teambinary wins
  Trick  9: teambinary leads KH, rootbotz plays 10D -> teambinary wins
  Trick 10: teambinary leads 9S, rootbotz plays JD -> teambinary wins
  Trick 11: teambinary leads QH, rootbotz plays QD -> teambinary wins
  Trick 12: teambinary leads 7S, rootbotz plays KD -> teambinary wins
  Hand: teambinary +23 / rootbotz +14 (tricks 9-3)
  Match total: teambinary 23 - 14 rootbotz
Players: teambinary vs rootbotz
Dealer: rootbotz  |  Elder: teambinary
Match scores: 23 - 14
Talon (8): 7C 10C 7D 8D KD 9S 10S AS
teambinary hand: JC QC KC AC 9D JD AD 8H 10H KH 7S KS
rootbotz hand: 8C 9C 10D QD 7H 9H JH QH AH 8S JS QS
  Exchange teambinary: discard 9D 8H 7S -> draw 7C 10S AS (talon 5 left)
  Exchange rootbotz: discard 8C 9C 10D 7H 8S -> draw 10C 7D 8D KD 9S (talon 0 left)

--- Phase: declare ---
  Declare point: teambinary wins 5 pts (('point', 5, 'C'))
  Declare sequence: teambinary wins 4 pts (('sequence', 4, 14, 'C'))
  Declare set: teambinary wins 3 pts (('set', 3, 14))

--- Phase: tricks ---
  Trick  1: teambinary leads AD, rootbotz plays 7D -> teambinary wins
  Trick  2: teambinary leads AC, rootbotz plays 10C -> teambinary wins
  Trick  3: teambinary leads AS, rootbotz plays 9S -> teambinary wins
  Trick  4: teambinary leads KC, rootbotz plays 8D -> teambinary wins
  Trick  5: teambinary leads QC, rootbotz plays 9H -> teambinary wins
  Trick  6: teambinary leads KH, rootbotz plays AH -> rootbotz wins
  Trick  7: rootbotz leads JH, teambinary plays 10H -> rootbotz wins
  Trick  8: rootbotz leads QH, teambinary plays 7C -> rootbotz wins
  Trick  9: rootbotz leads JS, teambinary plays KS -> teambinary wins
  Trick 10: teambinary leads JC, rootbotz plays QS -> teambinary wins
  Trick 11: teambinary leads JD, rootbotz plays QD -> rootbotz wins
  Trick 12: rootbotz leads KD, teambinary plays 10S -> rootbotz wins
  Hand: teambinary +29 / rootbotz +6 (tricks 7-5)
  Match total: teambinary 52 - 20 rootbotz
Players: teambinary vs rootbotz
Dealer: teambinary  |  Elder: rootbotz
Match scores: 52 - 20
Talon (8): 7D 8D 9D JD 9H QH AH AS
teambinary hand: 7C 9C JC KC QD AD 8H 7S 8S 9S 10S KS
rootbotz hand: 8C 10C QC AC 10D KD 7H 10H JH KH JS QS
  Exchange rootbotz: discard KD 7H JH QS -> draw 8D 9D QH AS (talon 4 left)
  Exchange teambinary: discard 7C 9C 8H -> draw 7D 9H AH (talon 1 left)

--- Phase: declare ---
  Declare point: teambinary wins 5 pts (('point', 5, 'S'))
  Declare sequence: teambinary wins 4 pts (('sequence', 4, 10, 'S'))
  Declare set: rootbotz wins 3 pts (('set', 3, 10))

--- Phase: tricks ---
  Trick  1: rootbotz leads AS, teambinary plays 7S -> rootbotz wins
  Trick  2: rootbotz leads AC, teambinary plays JC -> rootbotz wins
  Trick  3: rootbotz leads 10H, teambinary plays AH -> teambinary wins
  Trick  4: teambinary leads AD, rootbotz plays 8D -> teambinary wins
  Trick  5: teambinary leads KS, rootbotz plays JS -> teambinary wins
  Trick  6: teambinary leads 10S, rootbotz plays 8C -> teambinary wins
  Trick  7: teambinary leads 9S, rootbotz plays 9D -> teambinary wins
  Trick  8: teambinary leads QD, rootbotz plays 10D -> teambinary wins
  Trick  9: teambinary leads 8S, rootbotz plays 10C -> teambinary wins
  Trick 10: teambinary leads KC, rootbotz plays QC -> teambinary wins
  Trick 11: teambinary leads 9H, rootbotz plays QH -> rootbotz wins
  Trick 12: rootbotz leads KH, teambinary plays 7D -> rootbotz wins
  Hand: teambinary +27 / rootbotz +8 (tricks 8-4)
  Match total: teambinary 79 - 28 rootbotz
Players: teambinary vs rootbotz
Dealer: rootbotz  |  Elder: teambinary
Match scores: 79 - 28
Talon (8): 9C JC 9D 10D QD KD 9H QH
teambinary hand: KC AC 8D JD AD 7H 10H AH 8S 9S JS KS
rootbotz hand: 7C 8C 10C QC 7D 8H JH KH 7S 10S QS AS
  Exchange teambinary: discard 8D 7H 8S 9S -> draw 9C JC KD 9H (talon 4 left)
  Exchange rootbotz: discard 7C QC 7D 8H -> draw 9D 10D QD QH (talon 0 left)

--- Phase: declare ---
  Declare point: teambinary wins 4 pts (('point', 4, 'C'))
  Declare sequence: rootbotz wins 3 pts (('sequence', 3, 13, 'H'))
  Declare set: teambinary wins 3 pts (('set', 3, 14))

--- Phase: tricks ---
  Trick  1: teambinary leads AC, rootbotz plays 8C -> teambinary wins
  Trick  2: teambinary leads AH, rootbotz plays JH -> teambinary wins
  Trick  3: teambinary leads AD, rootbotz plays 9D -> teambinary wins
  Trick  4: teambinary leads KC, rootbotz plays 10C -> teambinary wins
  Trick  5: teambinary leads 10H, rootbotz plays QH -> rootbotz wins
  Trick  6: rootbotz leads AS, teambinary plays JS -> rootbotz wins
  Trick  7: rootbotz leads QS, teambinary plays KS -> teambinary wins
  Trick  8: teambinary leads KD, rootbotz plays 10D -> teambinary wins
  Trick  9: teambinary leads JC, rootbotz plays 7S -> teambinary wins
  Trick 10: teambinary leads JD, rootbotz plays QD -> rootbotz wins
  Trick 11: rootbotz leads 10S, teambinary plays 9C -> rootbotz wins
  Trick 12: rootbotz leads KH, teambinary plays 9H -> rootbotz wins
  Hand: teambinary +24 / rootbotz +9 (tricks 7-5)
  Match total: teambinary 103 - 37 rootbotz
  Final: teambinary 103 - 37 rootbotz
  Winner: teambinary

============================================================
Game 81
============================================================
Players: rootbotz vs teambinary
Dealer: rootbotz  |  Elder: teambinary
Match scores: 0 - 0
Talon (8): 7C 9C QC AC 10D JD 10H AH
rootbotz hand: 10C JC KC 7D 8D 9D KD 7H JH QH 8S KS
teambinary hand: 8C QD AD 8H 9H KH 7S 9S 10S JS QS AS
  Exchange teambinary: discard 8C 8H 9H 7S -> draw 7C AC JD AH (talon 4 left)
  Exchange rootbotz: discard JC 7H JH QH -> draw 9C QC 10D 10H (talon 0 left)

--- Phase: declare ---
  Declare point: teambinary wins 5 pts (('point', 5, 'S'))
  Declare sequence: teambinary wins 4 pts (('sequence', 4, 12, 'S'))
  Declare set: teambinary wins 14 pts (('set', 4, 14))

--- Phase: tricks ---
  Trick  1: teambinary leads AS, rootbotz plays 8S -> teambinary wins
  Trick  2: teambinary leads AD, rootbotz plays 7D -> teambinary wins
  Trick  3: teambinary leads AH, rootbotz plays 10H -> teambinary wins
  Trick  4: teambinary leads AC, rootbotz plays 9C -> teambinary wins
  Trick  5: teambinary leads QS, rootbotz plays KS -> rootbotz wins
  Trick  6: rootbotz leads 8D, teambinary plays JD -> teambinary wins
  Trick  7: teambinary leads JS, rootbotz plays 9D -> teambinary wins
  Trick  8: teambinary leads 10S, rootbotz plays 10D -> teambinary wins
  Trick  9: teambinary leads KH, rootbotz plays 10C -> teambinary wins
  Trick 10: teambinary leads 9S, rootbotz plays QC -> teambinary wins
  Trick 11: teambinary leads QD, rootbotz plays KD -> rootbotz wins
  Trick 12: rootbotz leads KC, teambinary plays 7C -> rootbotz wins
  Hand: rootbotz +4 / teambinary +42 (tricks 3-9)
  Match total: rootbotz 4 - 42 teambinary
Players: rootbotz vs teambinary
Dealer: teambinary  |  Elder: rootbotz
Match scores: 4 - 42
Talon (8): JC JD KD AD 7S 10S JS KS
rootbotz hand: 7C QC 7D 9D 10D QD 9H JH QH KH 8S 9S
teambinary hand: 8C 9C 10C KC AC 8D 7H 8H 10H AH QS AS
  Exchange rootbotz: discard 7C 7D 9D 10D 8S -> draw JD KD 7S JS KS (talon 3 left)
  Exchange teambinary: discard 8D 7H 8H -> draw JC AD 10S (talon 0 left)

--- Phase: declare ---
  Declare point: teambinary wins 6 pts (('point', 6, 'C'))
  Declare sequence: teambinary wins 4 pts (('sequence', 4, 11, 'C'))
  Declare set: teambinary wins 14 pts (('set', 4, 14))

--- Phase: tricks ---
  Trick  1: rootbotz leads JH, teambinary plays AH -> teambinary wins
  Trick  2: teambinary leads AS, rootbotz plays 7S -> teambinary wins
  Trick  3: teambinary leads AC, rootbotz plays QC -> teambinary wins
  Trick  4: teambinary leads AD, rootbotz plays JD -> teambinary wins
  Trick  5: teambinary leads KC, rootbotz plays 9S -> teambinary wins
  Trick  6: teambinary leads JC, rootbotz plays 9H -> teambinary wins
  Trick  7: teambinary leads 10C, rootbotz plays JS -> teambinary wins
  Trick  8: teambinary leads 9C, rootbotz plays QD -> teambinary wins
  Trick  9: teambinary leads QS, rootbotz plays KS -> rootbotz wins
  Trick 10: rootbotz leads QH, teambinary plays 10H -> rootbotz wins
  Trick 11: rootbotz leads KH, teambinary plays 8C -> rootbotz wins
  Trick 12: rootbotz leads KD, teambinary plays 10S -> rootbotz wins
  Hand: rootbotz +5 / teambinary +42 (tricks 4-8)
  Match total: rootbotz 9 - 84 teambinary
Players: rootbotz vs teambinary
Dealer: rootbotz  |  Elder: teambinary
Match scores: 9 - 84
Talon (8): KC 7D 8H 10H QH AH 8S JS
rootbotz hand: 7C AC 8D 9D 10D 7H 9H KH 9S 10S KS AS
teambinary hand: 8C 9C 10C JC QC JD QD KD AD JH 7S QS
  Exchange teambinary: discard 7S -> draw QH (talon 7 left)
  Exchange rootbotz: discard 7C 7H 9H 9S 10S -> draw KC 7D 8H 8S JS (talon 2 left)

--- Phase: declare ---
  Declare point: teambinary wins 5 pts (('point', 5, 'C'))
  Declare sequence: teambinary wins 10 pts (('sequence', 5, 12, 'C'))
  Declare set: rootbotz wins 3 pts (('set', 3, 13))

--- Phase: tricks ---
  Trick  1: teambinary leads AD, rootbotz plays 7D -> teambinary wins
  Trick  2: teambinary leads QC, rootbotz plays KC -> rootbotz wins
  Trick  3: rootbotz leads AS, teambinary plays QS -> rootbotz wins
  Trick  4: rootbotz leads AC, teambinary plays 8C -> rootbotz wins
  Trick  5: rootbotz leads KS, teambinary plays 9C -> rootbotz wins
  Trick  6: rootbotz leads KH, teambinary plays JH -> rootbotz wins
  Trick  7: rootbotz leads 8S, teambinary plays 10C -> rootbotz wins
  Trick  8: rootbotz leads 8H, teambinary plays QH -> teambinary wins
  Trick  9: teambinary leads KD, rootbotz plays 8D -> teambinary wins
  Trick 10: teambinary leads QD, rootbotz plays 9D -> teambinary wins
  Trick 11: teambinary leads JD, rootbotz plays 10D -> teambinary wins
  Trick 12: teambinary leads JC, rootbotz plays JS -> teambinary wins
  Hand: rootbotz +9 / teambinary +22 (tricks 6-6)
  Match total: rootbotz 18 - 106 teambinary
  Final: rootbotz 18 - 106 teambinary
  Winner: teambinary

============================================================
Game 82
============================================================
Players: teambinary vs rootbotz
Dealer: teambinary  |  Elder: rootbotz
Match scores: 0 - 0
Talon (8): 10C QC QD 8H 9H 7S 9S JS
teambinary hand: 7C JC KC 7D 8D 9D AD 7H QH KH 8S 10S
rootbotz hand: 8C 9C AC 10D JD KD 10H JH AH QS KS AS
  Exchange rootbotz: discard 8C 9C 10H JH -> draw 10C 8H 9S JS (talon 4 left)
  Exchange teambinary: discard 7C 7H 8S -> draw QD 9H 7S (talon 1 left)

--- Phase: declare ---
  Declare point: rootbotz wins 5 pts (('point', 5, 'S'))
  Declare sequence: rootbotz wins 4 pts (('sequence', 4, 14, 'S'))
  Declare set: rootbotz wins 3 pts (('set', 3, 14))

--- Phase: tricks ---
  Trick  1: rootbotz leads AS, teambinary plays 7S -> rootbotz wins
  Trick  2: rootbotz leads AH, teambinary plays 9H -> rootbotz wins
  Trick  3: rootbotz leads AC, teambinary plays JC -> rootbotz wins
  Trick  4: rootbotz leads JS, teambinary plays 10S -> rootbotz wins
  Trick  5: rootbotz leads QS, teambinary plays 7D -> rootbotz wins
  Trick  6: rootbotz leads KS, teambinary plays 8D -> rootbotz wins
  Trick  7: rootbotz leads 9S, teambinary plays 9D -> rootbotz wins
  Trick  8: rootbotz leads KD, teambinary plays AD -> teambinary wins
  Trick  9: teambinary leads KH, rootbotz plays 8H -> teambinary wins
  Trick 10: teambinary leads KC, rootbotz plays 10C -> teambinary wins
  Trick 11: teambinary leads QH, rootbotz plays 10D -> teambinary wins
  Trick 12: teambinary leads QD, rootbotz plays JD -> teambinary wins
  Hand: teambinary +6 / rootbotz +29 (tricks 5-7)
  Match total: teambinary 6 - 29 rootbotz
Players: teambinary vs rootbotz
Dealer: rootbotz  |  Elder: teambinary
Match scores: 6 - 29
Talon (8): 9C 10C AC 10D JD 9H 9S KS
teambinary hand: 7C 8C 7D AD 8H 10H JH QH KH 7S 8S AS
rootbotz hand: JC QC KC 8D 9D QD KD 7H AH 10S JS QS
  Exchange teambinary: discard 7C 8C 7D 7S 8S -> draw 9C 10D JD 9H KS (talon 3 left)
  Exchange rootbotz: discard 8D 9D 7H -> draw 10C AC 9S (talon 0 left)

--- Phase: declare ---
  Declare point: teambinary wins 6 pts (('point', 6, 'H'))
  Declare sequence: teambinary wins 11 pts (('sequence', 6, 13, 'H'))
  Declare set: rootbotz wins 3 pts (('set', 3, 12))

--- Phase: tricks ---
  Trick  1: teambinary leads AD, rootbotz plays QD -> teambinary wins
  Trick  2: teambinary leads AS, rootbotz plays 9S -> teambinary wins
  Trick  3: teambinary leads KH, rootbotz plays AH -> rootbotz wins
  Trick  4: rootbotz leads AC, teambinary plays 9C -> rootbotz wins
  Trick  5: rootbotz leads 10C, teambinary plays 8H -> rootbotz wins
  Trick  6: rootbotz leads JC, teambinary plays 9H -> rootbotz wins
  Trick  7: rootbotz leads 10S, teambinary plays KS -> teambinary wins
  Trick  8: teambinary leads QH, rootbotz plays JS -> teambinary wins
  Trick  9: teambinary leads JH, rootbotz plays QS -> teambinary wins
  Trick 10: teambinary leads JD, rootbotz plays KD -> rootbotz wins
  Trick 11: rootbotz leads QC, teambinary plays 10D -> rootbotz wins
  Trick 12: rootbotz leads KC, teambinary plays 10H -> rootbotz wins
  Hand: teambinary +22 / rootbotz +21 (tricks 5-7)
  Match total: teambinary 28 - 50 rootbotz
Players: teambinary vs rootbotz
Dealer: teambinary  |  Elder: rootbotz
Match scores: 28 - 50
Talon (8): 9C AC JD AD 10H KH 8S QS
teambinary hand: 8C JC QC 7D 8D 9D QD KD 8H 9H QH JS
rootbotz hand: 7C 10C KC 10D 7H JH AH 7S 9S 10S KS AS
  Exchange rootbotz: discard 7C KC 7H JH -> draw AC AD 10H QS (talon 4 left)
  Exchange teambinary: discard 8C 8H 9H -> draw 9C KH 8S (talon 1 left)

--- Phase: declare ---
  Declare point: rootbotz wins 6 pts (('point', 6, 'S'))
  Declare sequence: rootbotz wins 3 pts (('sequence', 3, 14, 'S'))
  Declare set: rootbotz wins 14 pts (('set', 4, 14))

--- Phase: tricks ---
  Trick  1: rootbotz leads AS, teambinary plays 8S -> rootbotz wins
  Trick  2: rootbotz leads AH, teambinary plays QH -> rootbotz wins
  Trick  3: rootbotz leads AD, teambinary plays 7D -> rootbotz wins
  Trick  4: rootbotz leads AC, teambinary plays 9C -> rootbotz wins
  Trick  5: rootbotz leads QS, teambinary plays JS -> rootbotz wins
  Trick  6: rootbotz leads KS, teambinary plays 8D -> rootbotz wins
  Trick  7: rootbotz leads 9S, teambinary plays 9D -> rootbotz wins
  Trick  8: rootbotz leads 10S, teambinary plays JC -> rootbotz wins
  Trick  9: rootbotz leads 7S, teambinary plays QC -> rootbotz wins
  Trick 10: rootbotz leads 10H, teambinary plays KH -> teambinary wins
  Trick 11: teambinary leads KD, rootbotz plays 10D -> teambinary wins
  Trick 12: teambinary leads QD, rootbotz plays 10C -> teambinary wins
  Hand: teambinary +4 / rootbotz +42 (tricks 3-9)
  Match total: teambinary 32 - 92 rootbotz
Players: teambinary vs rootbotz
Dealer: rootbotz  |  Elder: teambinary
Match scores: 32 - 92
Talon (8): 9C AC 9D QD 8H JH KH QS
teambinary hand: 8C 10C JC 7D JD KD 9H 10H AH JS KS AS
rootbotz hand: 7C QC KC 8D 10D AD 7H QH 7S 8S 9S 10S
  Exchange teambinary: discard 8C 7D 9H -> draw 9C 9D QD (talon 5 left)
  Exchange rootbotz: discard 7C QC 8D 7H QH -> draw AC 8H JH KH QS (talon 0 left)

--- Phase: declare ---
  Declare point: rootbotz wins 5 pts (('point', 5, 'S'))
  Declare sequence: rootbotz wins 4 pts (('sequence', 4, 10, 'S'))
  Declare set: teambinary wins 3 pts (('set', 3, 11))

--- Phase: tricks ---
  Trick  1: teambinary leads AS, rootbotz plays 7S -> teambinary wins
  Trick  2: teambinary leads AH, rootbotz plays 8H -> teambinary wins
  Trick  3: teambinary leads KD, rootbotz plays AD -> rootbotz wins
  Trick  4: rootbotz leads AC, teambinary plays 9C -> rootbotz wins
  Trick  5: rootbotz leads JH, teambinary plays 10H -> rootbotz wins
  Trick  6: rootbotz leads KH, teambinary plays 9D -> rootbotz wins
  Trick  7: rootbotz leads KC, teambinary plays 10C -> rootbotz wins
  Trick  8: rootbotz leads QS, teambinary plays KS -> teambinary wins
  Trick  9: teambinary leads QD, rootbotz plays 10D -> teambinary wins
  Trick 10: teambinary leads JC, rootbotz plays 8S -> teambinary wins
  Trick 11: teambinary leads JS, rootbotz plays 9S -> teambinary wins
  Trick 12: teambinary leads JD, rootbotz plays 10S -> teambinary wins
  Hand: teambinary +21 / rootbotz +14 (tricks 7-5)
  Match total: teambinary 53 - 106 rootbotz
  Final: teambinary 53 - 106 rootbotz
  Winner: rootbotz

============================================================
Game 83
============================================================
Players: rootbotz vs teambinary
Dealer: rootbotz  |  Elder: teambinary
Match scores: 0 - 0
Talon (8): 8C 10C QC 7H 9H KH 8S AS
rootbotz hand: KC 8D 10D QD KD 8H 10H QH 7S 9S JS QS
teambinary hand: 7C 9C JC AC 7D 9D JD AD JH AH 10S KS
  Exchange teambinary: discard 7C 9C 7D 9D -> draw 10C 9H KH AS (talon 4 left)
  Exchange rootbotz: discard KC 8D 8H 10H -> draw 8C QC 7H 8S (talon 0 left)

--- Phase: declare ---
  Declare point: rootbotz wins 5 pts (('point', 5, 'S'))
  Declare sequence: rootbotz wins 3 pts (('sequence', 3, 9, 'S'))
  Declare set: teambinary wins 14 pts (('set', 4, 14))

--- Phase: tricks ---
  Trick  1: teambinary leads AC, rootbotz plays 8C -> teambinary wins
  Trick  2: teambinary leads AH, rootbotz plays 7H -> teambinary wins
  Trick  3: teambinary leads AD, rootbotz plays 10D -> teambinary wins
  Trick  4: teambinary leads AS, rootbotz plays 7S -> teambinary wins
  Trick  5: teambinary leads KH, rootbotz plays QH -> teambinary wins
  Trick  6: teambinary leads JH, rootbotz plays 8S -> teambinary wins
  Trick  7: teambinary leads KS, rootbotz plays 9S -> teambinary wins
  Trick  8: teambinary leads JC, rootbotz plays QC -> rootbotz wins
  Trick  9: rootbotz leads JS, teambinary plays 10S -> rootbotz wins
  Trick 10: rootbotz leads QS, teambinary plays 9H -> rootbotz wins
  Trick 11: rootbotz leads QD, teambinary plays JD -> rootbotz wins
  Trick 12: rootbotz leads KD, teambinary plays 10C -> rootbotz wins
  Hand: rootbotz +14 / teambinary +31 (tricks 5-7)
  Match total: rootbotz 14 - 31 teambinary
Players: rootbotz vs teambinary
Dealer: teambinary  |  Elder: rootbotz
Match scores: 14 - 31
Talon (8): 8C KC 8D 9D JD AD 7H JS
rootbotz hand: 7C 9C JC 7D 9H JH KH AH 9S 10S QS AS
teambinary hand: 10C QC AC 10D QD KD 8H 10H QH 7S 8S KS
  Exchange rootbotz: discard 7C 9C 7D 9S 10S -> draw 8C KC 8D 9D JS (talon 3 left)
  Exchange teambinary: discard 8H 7S 8S -> draw JD AD 7H (talon 0 left)

--- Phase: declare ---
  Declare point: teambinary wins 5 pts (('point', 5, 'D'))
  Declare sequence: teambinary wins 10 pts (('sequence', 5, 14, 'D'))
  Declare set: teambinary wins 3 pts (('set', 3, 12))

--- Phase: tricks ---
  Trick  1: rootbotz leads AS, teambinary plays KS -> rootbotz wins
  Trick  2: rootbotz leads AH, teambinary plays 7H -> rootbotz wins
  Trick  3: rootbotz leads KH, teambinary plays 10H -> rootbotz wins
  Trick  4: rootbotz leads JS, teambinary plays 10C -> rootbotz wins
  Trick  5: rootbotz leads QS, teambinary plays 10D -> rootbotz wins
  Trick  6: rootbotz leads KC, teambinary plays AC -> teambinary wins
  Trick  7: teambinary leads AD, rootbotz plays 8D -> teambinary wins
  Trick  8: teambinary leads KD, rootbotz plays 9D -> teambinary wins
  Trick  9: teambinary leads QD, rootbotz plays 8C -> teambinary wins
  Trick 10: teambinary leads QC, rootbotz plays JC -> teambinary wins
  Trick 11: teambinary leads QH, rootbotz plays 9H -> teambinary wins
  Trick 12: teambinary leads JD, rootbotz plays JH -> teambinary wins
  Hand: rootbotz +5 / teambinary +36 (tricks 5-7)
  Match total: rootbotz 19 - 67 teambinary
Players: rootbotz vs teambinary
Dealer: rootbotz  |  Elder: teambinary
Match scores: 19 - 67
Talon (8): 7C 8C 9D QD AD 8H KH 7S
rootbotz hand: JC KC 7D JD KD 9H 10H JH AH 8S JS QS
teambinary hand: 9C 10C QC AC 8D 10D 7H QH 9S 10S KS AS
  Exchange teambinary: discard 9C 8D 7H 9S -> draw 8C 9D 8H 7S (talon 4 left)
  Exchange rootbotz: discard 7D KD 8S -> draw QD AD KH (talon 1 left)

--- Phase: declare ---
  Declare point: rootbotz wins 5 pts (('point', 5, 'H'))
  Declare sequence: rootbotz wins 3 pts (('sequence', 3, 11, 'H'))
  Declare set: rootbotz wins 14 pts (('set', 4, 11))

--- Phase: tricks ---
  Trick  1: teambinary leads AS, rootbotz plays JS -> teambinary wins
  Trick  2: teambinary leads AC, rootbotz plays JC -> teambinary wins
  Trick  3: teambinary leads QC, rootbotz plays KC -> rootbotz wins
  Trick  4: rootbotz leads AH, teambinary plays 8H -> rootbotz wins
  Trick  5: rootbotz leads AD, teambinary plays 9D -> rootbotz wins
  Trick  6: rootbotz leads JD, teambinary plays 10D -> rootbotz wins
  Trick  7: rootbotz leads QD, teambinary plays 7S -> rootbotz wins
  Trick  8: rootbotz leads KH, teambinary plays QH -> rootbotz wins
  Trick  9: rootbotz leads 9H, teambinary plays 8C -> rootbotz wins
  Trick 10: rootbotz leads 10H, teambinary plays 10C -> rootbotz wins
  Trick 11: rootbotz leads JH, teambinary plays 10S -> rootbotz wins
  Trick 12: rootbotz leads QS, teambinary plays KS -> teambinary wins
  Hand: rootbotz +41 / teambinary +4 (tricks 9-3)
  Match total: rootbotz 60 - 71 teambinary
Players: rootbotz vs teambinary
Dealer: teambinary  |  Elder: rootbotz
Match scores: 60 - 71
Talon (8): 8C 9C QC 8D JH KH 7S QS
rootbotz hand: 7C 10C KC 7D 10D QD 8H 9H 10H QH JS AS
teambinary hand: JC AC 9D JD KD AD 7H AH 8S 9S 10S KS
  Exchange rootbotz: discard 7C KC 7D QD JS -> draw 8C 8D KH 7S QS (talon 3 left)
  Exchange teambinary: discard 9D 7H -> draw 9C QC (talon 1 left)

--- Phase: declare ---
  Declare point: rootbotz wins 5 pts (('point', 5, 'H'))
  Declare set: teambinary wins 3 pts (('set', 3, 14))

--- Phase: tricks ---
  Trick  1: rootbotz leads AS, teambinary plays 8S -> rootbotz wins
  Trick  2: rootbotz leads QS, teambinary plays KS -> teambinary wins
  Trick  3: teambinary leads AH, rootbotz plays 8H -> teambinary wins
  Trick  4: teambinary leads AC, rootbotz plays 8C -> teambinary wins
  Trick  5: teambinary leads AD, rootbotz plays 8D -> teambinary wins
  Trick  6: teambinary leads QC, rootbotz plays 10C -> teambinary wins
  Trick  7: teambinary leads KD, rootbotz plays 10D -> teambinary wins
  Trick  8: teambinary leads 10S, rootbotz plays 7S -> teambinary wins
  Trick  9: teambinary leads JC, rootbotz plays 9H -> teambinary wins
  Trick 10: teambinary leads JD, rootbotz plays 10H -> teambinary wins
  Trick 11: teambinary leads 9S, rootbotz plays QH -> teambinary wins
  Trick 12: teambinary leads 9C, rootbotz plays KH -> teambinary wins
  Hand: rootbotz +6 / teambinary +25 (tricks 1-11)
  Match total: rootbotz 66 - 96 teambinary
Players: rootbotz vs teambinary
Dealer: rootbotz  |  Elder: teambinary
Match scores: 66 - 96
Talon (8): 8C KC AC 7D 10D KH 7S AS
rootbotz hand: 9C 10C JC 8D 9D QD KD 7H 9H JH JS QS
teambinary hand: 7C QC JD AD 8H 10H QH AH 8S 9S 10S KS
  Exchange teambinary: discard 7C 8H -> draw 8C AC (talon 6 left)
  Exchange rootbotz: discard 8D 9D KD 7H 9H QS -> draw KC 7D 10D KH 7S AS (talon 0 left)

--- Phase: declare ---
  Declare point: rootbotz wins 4 pts (('point', 4, 'C'))
  Declare sequence: rootbotz wins 3 pts (('sequence', 3, 11, 'C'))
  Declare set: teambinary wins 3 pts (('set', 3, 14))

--- Phase: tricks ---
  Trick  1: teambinary leads AD, rootbotz plays 7D -> teambinary wins
  Trick  2: teambinary leads AH, rootbotz plays JH -> teambinary wins
  Trick  3: teambinary leads AC, rootbotz plays 9C -> teambinary wins
  Trick  4: teambinary leads KS, rootbotz plays AS -> rootbotz wins
  Trick  5: rootbotz leads JS, teambinary plays 8S -> rootbotz wins
  Trick  6: rootbotz leads 7S, teambinary plays 9S -> teambinary wins
  Trick  7: teambinary leads QC, rootbotz plays KC -> rootbotz wins
  Trick  8: rootbotz leads 10D, teambinary plays JD -> teambinary wins
  Trick  9: teambinary leads QH, rootbotz plays KH -> rootbotz wins
  Trick 10: rootbotz leads 10C, teambinary plays 8C -> rootbotz wins
  Trick 11: rootbotz leads JC, teambinary plays 10H -> rootbotz wins
  Trick 12: rootbotz leads QD, teambinary plays 10S -> rootbotz wins
  Hand: rootbotz +25 / teambinary +8 (tricks 7-5)
  Match total: rootbotz 91 - 104 teambinary
  Final: rootbotz 91 - 104 teambinary
  Winner: teambinary

============================================================
Game 84
============================================================
Players: teambinary vs rootbotz
Dealer: teambinary  |  Elder: rootbotz
Match scores: 0 - 0
Talon (8): 8D 9D 10D QD QH 7S 10S QS
teambinary hand: 7C 9C 10C JC KC 7D KD 8H KH AH 8S KS
rootbotz hand: 8C QC AC JD AD 7H 9H 10H JH 9S JS AS
  Exchange rootbotz: discard 8C QC JD 9S JS -> draw 8D QD QH 10S QS (talon 3 left)
  Exchange teambinary: discard 7D 8H 8S -> draw 9D 10D 7S (talon 0 left)

--- Phase: declare ---
  Declare sequence: rootbotz wins 4 pts (('sequence', 4, 12, 'H'))
  Declare set: rootbotz wins 3 pts (('set', 3, 14))

--- Phase: tricks ---
  Trick  1: rootbotz leads AS, teambinary plays 7S -> rootbotz wins
  Trick  2: rootbotz leads AD, teambinary plays 9D -> rootbotz wins
  Trick  3: rootbotz leads AC, teambinary plays 7C -> rootbotz wins
  Trick  4: rootbotz leads 10S, teambinary plays KS -> teambinary wins
  Trick  5: teambinary leads AH, rootbotz plays 7H -> teambinary wins
  Trick  6: teambinary leads KC, rootbotz plays 8D -> teambinary wins
  Trick  7: teambinary leads JC, rootbotz plays 9H -> teambinary wins
  Trick  8: teambinary leads 10C, rootbotz plays 10H -> teambinary wins
  Trick  9: teambinary leads KD, rootbotz plays QD -> teambinary wins
  Trick 10: teambinary leads KH, rootbotz plays JH -> teambinary wins
  Trick 11: teambinary leads 9C, rootbotz plays QH -> teambinary wins
  Trick 12: teambinary leads 10D, rootbotz plays QS -> teambinary wins
  Hand: teambinary +20 / rootbotz +10 (tricks 9-3)
  Match total: teambinary 20 - 10 rootbotz
Players: teambinary vs rootbotz
Dealer: rootbotz  |  Elder: teambinary
Match scores: 20 - 10
Talon (8): 7C 8C QC 8D QD JH 8S QS
teambinary hand: 10C JC KC AD 7H 8H 9H QH AH 7S 9S JS
rootbotz hand: 9C AC 7D 9D 10D JD KD 10H KH 10S KS AS
  Exchange teambinary: discard 7S 9S -> draw 8D QS (talon 6 left)
  Exchange rootbotz: discard 9C AC 10H 10S -> draw 7C QD JH 8S (talon 2 left)

--- Phase: declare ---
  Declare point: rootbotz wins 6 pts (('point', 6, 'D'))
  Declare sequence: rootbotz wins 10 pts (('sequence', 5, 13, 'D'))
  Declare set: rootbotz wins 3 pts (('set', 3, 13))

--- Phase: tricks ---
  Trick  1: teambinary leads AD, rootbotz plays 7D -> teambinary wins
  Trick  2: teambinary leads AH, rootbotz plays JH -> teambinary wins
  Trick  3: teambinary leads QH, rootbotz plays KH -> rootbotz wins
  Trick  4: rootbotz leads AS, teambinary plays JS -> rootbotz wins
  Trick  5: rootbotz leads 9D, teambinary plays 8D -> rootbotz wins
  Trick  6: rootbotz leads 10D, teambinary plays 7H -> rootbotz wins
  Trick  7: rootbotz leads JD, teambinary plays 8H -> rootbotz wins
  Trick  8: rootbotz leads QD, teambinary plays 9H -> rootbotz wins
  Trick  9: rootbotz leads KS, teambinary plays QS -> rootbotz wins
  Trick 10: rootbotz leads 7C, teambinary plays 10C -> teambinary wins
  Trick 11: teambinary leads KC, rootbotz plays 8S -> teambinary wins
  Trick 12: teambinary leads JC, rootbotz plays KD -> teambinary wins
  Hand: teambinary +6 / rootbotz +36 (tricks 5-7)
  Match total: teambinary 26 - 46 rootbotz
Players: teambinary vs rootbotz
Dealer: teambinary  |  Elder: rootbotz
Match scores: 26 - 46
Talon (8): 7C 10D QD AD 8H QH KH 9S
teambinary hand: JC KC AC 7D 8D 9D KD 7H 8S QS KS AS
rootbotz hand: 8C 9C 10C QC JD 9H 10H JH AH 7S 10S JS
  Exchange rootbotz: discard 8C 9C 10C 7S 10S -> draw 7C 10D QD QH KH (talon 3 left)
  Exchange teambinary: discard 7H 8S -> draw 8H 9S (talon 1 left)

--- Phase: declare ---
  Declare point: rootbotz wins 6 pts (('point', 6, 'H'))
  Declare sequence: rootbotz wins 11 pts (('sequence', 6, 14, 'H'))
  Declare set: teambinary wins 3 pts (('set', 3, 13))

--- Phase: tricks ---
  Trick  1: rootbotz leads AH, teambinary plays 8H -> rootbotz wins
  Trick  2: rootbotz leads 9H, teambinary plays 7D -> rootbotz wins
  Trick  3: rootbotz leads 10H, teambinary plays 8D -> rootbotz wins
  Trick  4: rootbotz leads JH, teambinary plays 9D -> rootbotz wins
  Trick  5: rootbotz leads QH, teambinary plays 9S -> rootbotz wins
  Trick  6: rootbotz leads KH, teambinary plays JC -> rootbotz wins
  Trick  7: rootbotz leads 7C, teambinary plays KC -> teambinary wins
  Trick  8: teambinary leads AC, rootbotz plays QC -> teambinary wins
  Trick  9: teambinary leads AS, rootbotz plays JS -> teambinary wins
  Trick 10: teambinary leads KS, rootbotz plays 10D -> teambinary wins
  Trick 11: teambinary leads KD, rootbotz plays JD -> teambinary wins
  Trick 12: teambinary leads QS, rootbotz plays QD -> teambinary wins
  Hand: teambinary +10 / rootbotz +23 (tricks 6-6)
  Match total: teambinary 36 - 69 rootbotz
Players: teambinary vs rootbotz
Dealer: rootbotz  |  Elder: teambinary
Match scores: 36 - 69
Talon (8): 7C 9C KD 10H QH JS KS AS
teambinary hand: QC AC 9D JD AD 8H KH AH 7S 8S 10S QS
rootbotz hand: 8C 10C JC KC 7D 8D 10D QD 7H 9H JH 9S
  Exchange teambinary: discard 9D 8H 7S 8S -> draw 7C 9C JS AS (talon 4 left)
  Exchange rootbotz: discard 7D 7H 9H 9S -> draw KD 10H QH KS (talon 0 left)

--- Phase: declare ---
  Declare point: teambinary wins 4 pts (('point', 4, 'S'))
  Declare set: teambinary wins 14 pts (('set', 4, 14))

--- Phase: tricks ---
  Trick  1: teambinary leads AH, rootbotz plays 10H -> teambinary wins
  Trick  2: teambinary leads AD, rootbotz plays 8D -> teambinary wins
  Trick  3: teambinary leads AC, rootbotz plays 8C -> teambinary wins
  Trick  4: teambinary leads AS, rootbotz plays KS -> teambinary wins
  Trick  5: teambinary leads QC, rootbotz plays KC -> rootbotz wins
  Trick  6: rootbotz leads 10D, teambinary plays JD -> teambinary wins
  Trick  7: teambinary leads QS, rootbotz plays 10C -> teambinary wins
  Trick  8: teambinary leads JS, rootbotz plays JC -> teambinary wins
  Trick  9: teambinary leads 9C, rootbotz plays JH -> teambinary wins
  Trick 10: teambinary leads KH, rootbotz plays QH -> teambinary wins
  Trick 11: teambinary leads 10S, rootbotz plays QD -> teambinary wins
  Trick 12: teambinary leads 7C, rootbotz plays KD -> teambinary wins
  Hand: teambinary +40 / rootbotz +1 (tricks 11-1)
  Match total: teambinary 76 - 70 rootbotz
Players: teambinary vs rootbotz
Dealer: teambinary  |  Elder: rootbotz
Match scores: 76 - 70
Talon (8): 8C 9C QC KD AD 7H 8H AH
teambinary hand: JC 7D 9D 10D JD 9H 10H JH 7S QS KS AS
rootbotz hand: 7C 10C KC AC 8D QD QH KH 8S 9S 10S JS
  Exchange rootbotz: discard 7C 10C KC 8D -> draw 8C QC AD 8H (talon 4 left)
  Exchange teambinary: discard 7D 7S -> draw 7H AH (talon 2 left)

--- Phase: declare ---
  Declare point: teambinary wins 5 pts (('point', 5, 'H'))
  Declare sequence: rootbotz wins 4 pts (('sequence', 4, 11, 'S'))
  Declare set: rootbotz wins 3 pts (('set', 3, 12))

--- Phase: tricks ---
  Trick  1: rootbotz leads AD, teambinary plays 9D -> rootbotz wins
  Trick  2: rootbotz leads AC, teambinary plays JC -> rootbotz wins
  Trick  3: rootbotz leads QC, teambinary plays 7H -> rootbotz wins
  Trick  4: rootbotz leads QH, teambinary plays AH -> teambinary wins
  Trick  5: teambinary leads AS, rootbotz plays 8S -> teambinary wins
  Trick  6: teambinary leads JH, rootbotz plays KH -> rootbotz wins
  Trick  7: rootbotz leads QD, teambinary plays 10D -> rootbotz wins
  Trick  8: rootbotz leads 8C, teambinary plays 9H -> rootbotz wins
  Trick  9: rootbotz leads 9S, teambinary plays QS -> teambinary wins
  Trick 10: teambinary leads KS, rootbotz plays 10S -> teambinary wins
  Trick 11: teambinary leads 10H, rootbotz plays 8H -> teambinary wins
  Trick 12: teambinary leads JD, rootbotz plays JS -> teambinary wins
  Hand: teambinary +12 / rootbotz +13 (tricks 6-6)
  Match total: teambinary 88 - 83 rootbotz
Players: teambinary vs rootbotz
Dealer: rootbotz  |  Elder: teambinary
Match scores: 88 - 83
Talon (8): 8C 9C KD 8H KH AH 8S 10S
teambinary hand: 7C 7D 9D 10D QD AD 7H 9H QH 9S QS AS
rootbotz hand: 10C JC QC KC AC 8D JD 10H JH 7S JS KS
  Exchange teambinary: discard 7C 7D 7H 9H 9S -> draw KD 8H AH 8S 10S (talon 3 left)
  Exchange rootbotz: discard 10H 7S KS -> draw 8C 9C KH (talon 0 left)

--- Phase: declare ---
  Declare point: rootbotz wins 7 pts (('point', 7, 'C'))
  Declare sequence: rootbotz wins 12 pts (('sequence', 7, 14, 'C'))
  Declare set: teambinary wins 3 pts (('set', 3, 14))

--- Phase: tricks ---
  Trick  1: teambinary leads AS, rootbotz plays JS -> teambinary wins
  Trick  2: teambinary leads AD, rootbotz plays 8D -> teambinary wins
  Trick  3: teambinary leads AH, rootbotz plays JH -> teambinary wins
  Trick  4: teambinary leads KD, rootbotz plays JD -> teambinary wins
  Trick  5: teambinary leads QD, rootbotz plays 8C -> teambinary wins
  Trick  6: teambinary leads QS, rootbotz plays 9C -> teambinary wins
  Trick  7: teambinary leads QH, rootbotz plays KH -> rootbotz wins
  Trick  8: rootbotz leads AC, teambinary plays 8H -> rootbotz wins
  Trick  9: rootbotz leads 10C, teambinary plays 8S -> rootbotz wins
  Trick 10: rootbotz leads JC, teambinary plays 9D -> rootbotz wins
  Trick 11: rootbotz leads QC, teambinary plays 10D -> rootbotz wins
  Trick 12: rootbotz leads KC, teambinary plays 10S -> rootbotz wins
  Hand: teambinary +9 / rootbotz +26 (tricks 6-6)
  Match total: teambinary 97 - 109 rootbotz
  Final: teambinary 97 - 109 rootbotz
  Winner: rootbotz

============================================================
Game 85
============================================================
Players: rootbotz vs teambinary
Dealer: rootbotz  |  Elder: teambinary
Match scores: 0 - 0
Talon (8): 8C 10C KC AD 8H 8S 10S QS
rootbotz hand: 7C 9C JC AC 8D 10D JD QD 9H QH 9S JS
teambinary hand: QC 7D 9D KD 7H 10H JH KH AH 7S KS AS
  Exchange teambinary: discard 7D 9D 7H 7S -> draw 10C KC 8H 8S (talon 4 left)
  Exchange rootbotz: discard 7C 9C QH 9S -> draw 8C AD 10S QS (talon 0 left)

--- Phase: declare ---
  Declare sequence: rootbotz wins 3 pts (('sequence', 3, 12, 'D'))
  Declare set: teambinary wins 14 pts (('set', 4, 13))

--- Phase: tricks ---
  Trick  1: teambinary leads AS, rootbotz plays 10S -> teambinary wins
  Trick  2: teambinary leads AH, rootbotz plays 9H -> teambinary wins
  Trick  3: teambinary leads KH, rootbotz plays 8C -> teambinary wins
  Trick  4: teambinary leads KC, rootbotz plays AC -> rootbotz wins
  Trick  5: rootbotz leads AD, teambinary plays KD -> rootbotz wins
  Trick  6: rootbotz leads 10D, teambinary plays 8H -> rootbotz wins
  Trick  7: rootbotz leads 8D, teambinary plays 8S -> rootbotz wins
  Trick  8: rootbotz leads JS, teambinary plays KS -> teambinary wins
  Trick  9: teambinary leads QC, rootbotz plays JC -> teambinary wins
  Trick 10: teambinary leads JH, rootbotz plays JD -> teambinary wins
  Trick 11: teambinary leads 10H, rootbotz plays QD -> teambinary wins
  Trick 12: teambinary leads 10C, rootbotz plays QS -> teambinary wins
  Hand: rootbotz +7 / teambinary +33 (tricks 4-8)
  Match total: rootbotz 7 - 33 teambinary
Players: rootbotz vs teambinary
Dealer: teambinary  |  Elder: rootbotz
Match scores: 7 - 33
Talon (8): KC 9D 10D JD 9H JH QH KS
rootbotz hand: 7C 10C JC QC AC QD 7H 8H 10H 7S 8S QS
teambinary hand: 8C 9C 7D 8D KD AD KH AH 9S 10S JS AS
  Exchange rootbotz: discard 7C 7H 8H 7S 8S -> draw KC JD 9H JH KS (talon 3 left)
  Exchange teambinary: discard 8C 9C 7D -> draw 9D 10D QH (talon 0 left)

--- Phase: declare ---
  Declare point: rootbotz wins 5 pts (('point', 5, 'C'))
  Declare sequence: rootbotz wins 10 pts (('sequence', 5, 14, 'C'))
  Declare set: teambinary wins 3 pts (('set', 3, 14))

--- Phase: tricks ---
  Trick  1: rootbotz leads AC, teambinary plays 8D -> rootbotz wins
  Trick  2: rootbotz leads 10C, teambinary plays 9D -> rootbotz wins
  Trick  3: rootbotz leads JC, teambinary plays 9S -> rootbotz wins
  Trick  4: rootbotz leads QC, teambinary plays 10D -> rootbotz wins
  Trick  5: rootbotz leads KC, teambinary plays 10S -> rootbotz wins
  Trick  6: rootbotz leads QS, teambinary plays AS -> teambinary wins
  Trick  7: teambinary leads AD, rootbotz plays JD -> teambinary wins
  Trick  8: teambinary leads AH, rootbotz plays 9H -> teambinary wins
  Trick  9: teambinary leads KH, rootbotz plays 10H -> teambinary wins
  Trick 10: teambinary leads KD, rootbotz plays QD -> teambinary wins
  Trick 11: teambinary leads JS, rootbotz plays KS -> rootbotz wins
  Trick 12: rootbotz leads JH, teambinary plays QH -> teambinary wins
  Hand: rootbotz +21 / teambinary +10 (tricks 6-6)
  Match total: rootbotz 28 - 43 teambinary
Players: rootbotz vs teambinary
Dealer: rootbotz  |  Elder: teambinary
Match scores: 28 - 43
Talon (8): 7C 8C 10C JC 7H 8S QS KS
rootbotz hand: 9C AC 10D JD KD 9H 10H JH QH AH 10S JS
teambinary hand: QC KC 7D 8D 9D QD AD 8H KH 7S 9S AS
  Exchange teambinary: discard 8H 7S 9S -> draw 7C 10C QS (talon 5 left)
  Exchange rootbotz: discard 9C AC 10D KD -> draw 8C JC 7H KS (talon 1 left)

--- Phase: declare ---
  Declare point: rootbotz wins 6 pts (('point', 6, 'H'))
  Declare sequence: rootbotz wins 4 pts (('sequence', 4, 12, 'H'))
  Declare set: teambinary wins 3 pts (('set', 3, 12))

--- Phase: tricks ---
  Trick  1: teambinary leads AD, rootbotz plays JD -> teambinary wins
  Trick  2: teambinary leads AS, rootbotz plays 10S -> teambinary wins
  Trick  3: teambinary leads QD, rootbotz plays 7H -> teambinary wins
  Trick  4: teambinary leads KC, rootbotz plays 8C -> teambinary wins
  Trick  5: teambinary leads 9D, rootbotz plays 9H -> teambinary wins
  Trick  6: teambinary leads QC, rootbotz plays JC -> teambinary wins
  Trick  7: teambinary leads 8D, rootbotz plays 10H -> teambinary wins
  Trick  8: teambinary leads 10C, rootbotz plays JS -> teambinary wins
  Trick  9: teambinary leads KH, rootbotz plays AH -> rootbotz wins
  Trick 10: rootbotz leads JH, teambinary plays 7C -> rootbotz wins
  Trick 11: rootbotz leads QH, teambinary plays 7D -> rootbotz wins
  Trick 12: rootbotz leads KS, teambinary plays QS -> rootbotz wins
  Hand: rootbotz +15 / teambinary +21 (tricks 4-8)
  Match total: rootbotz 43 - 64 teambinary
Players: rootbotz vs teambinary
Dealer: teambinary  |  Elder: rootbotz
Match scores: 43 - 64
Talon (8): 7D 8D QD KD AD 8H 7S AS
rootbotz hand: 8C JC 9D 10D 9H 10H JH AH 8S 9S JS QS
teambinary hand: 7C 9C 10C QC KC AC JD 7H QH KH 10S KS
  Exchange rootbotz: discard 8C 9D 10D 9S QS -> draw 7D 8D KD AD 8H (talon 3 left)
  Exchange teambinary: discard 7C 9C 7H -> draw QD 7S AS (talon 0 left)

--- Phase: declare ---
  Declare point: rootbotz wins 5 pts (('point', 5, 'H'))
  Declare sequence: rootbotz wins 4 pts (('sequence', 4, 11, 'H'))
  Declare set: teambinary wins 3 pts (('set', 3, 13))

--- Phase: tricks ---
  Trick  1: rootbotz leads AH, teambinary plays QH -> rootbotz wins
  Trick  2: rootbotz leads AD, teambinary plays JD -> rootbotz wins
  Trick  3: rootbotz leads KD, teambinary plays QD -> rootbotz wins
  Trick  4: rootbotz leads 7D, teambinary plays 7S -> rootbotz wins
  Trick  5: rootbotz leads 8D, teambinary plays 10C -> rootbotz wins
  Trick  6: rootbotz leads 8H, teambinary plays KH -> teambinary wins
  Trick  7: teambinary leads AC, rootbotz plays JC -> teambinary wins
  Trick  8: teambinary leads AS, rootbotz plays 8S -> teambinary wins
  Trick  9: teambinary leads KC, rootbotz plays 9H -> teambinary wins
  Trick 10: teambinary leads KS, rootbotz plays JS -> teambinary wins
  Trick 11: teambinary leads 10S, rootbotz plays 10H -> teambinary wins
  Trick 12: teambinary leads QC, rootbotz plays JH -> teambinary wins
  Hand: rootbotz +14 / teambinary +21 (tricks 5-7)
  Match total: rootbotz 57 - 85 teambinary
Players: rootbotz vs teambinary
Dealer: rootbotz  |  Elder: teambinary
Match scores: 57 - 85
Talon (8): 7C KC 8H 7S 8S 9S QS KS
rootbotz hand: 10C AC 7D QD KD AD 9H 10H JH QH KH 10S
teambinary hand: 8C 9C JC QC 8D 9D 10D JD 7H AH JS AS
  Exchange teambinary: discard 8C 9C 7H -> draw 7C 8S QS (talon 5 left)
  Exchange rootbotz: discard 10C 7D QD 10S -> draw KC 8H 9S KS (talon 1 left)

--- Phase: declare ---
  Declare point: rootbotz wins 6 pts (('point', 6, 'H'))
  Declare sequence: rootbotz wins 11 pts (('sequence', 6, 13, 'H'))
  Declare set: rootbotz wins 14 pts (('set', 4, 13))

--- Phase: tricks ---
  Trick  1: teambinary leads AH, rootbotz plays 8H -> teambinary wins
  Trick  2: teambinary leads AS, rootbotz plays 9S -> teambinary wins
  Trick  3: teambinary leads JD, rootbotz plays KD -> rootbotz wins
  Trick  4: rootbotz leads AD, teambinary plays 8D -> rootbotz wins
  Trick  5: rootbotz leads AC, teambinary plays 7C -> rootbotz wins
  Trick  6: rootbotz leads 9H, teambinary plays 8S -> rootbotz wins
  Trick  7: rootbotz leads 10H, teambinary plays 9D -> rootbotz wins
  Trick  8: rootbotz leads JH, teambinary plays 10D -> rootbotz wins
  Trick  9: rootbotz leads QH, teambinary plays JC -> rootbotz wins
  Trick 10: rootbotz leads KS, teambinary plays JS -> rootbotz wins
  Trick 11: rootbotz leads KH, teambinary plays QC -> rootbotz wins
  Trick 12: rootbotz leads KC, teambinary plays QS -> rootbotz wins
  Hand: rootbotz +112 / teambinary +2 (tricks 10-2)
  Match total: rootbotz 169 - 87 teambinary
  Final: rootbotz 169 - 87 teambinary
  Winner: rootbotz

============================================================
Game 86
============================================================
Players: teambinary vs rootbotz
Dealer: teambinary  |  Elder: rootbotz
Match scores: 0 - 0
Talon (8): QC 9D AD 9H 7S 8S JS QS
teambinary hand: 9C 10C JC KC 7D KD 10H KH AH 9S 10S KS
rootbotz hand: 7C 8C AC 8D 10D JD QD 7H 8H JH QH AS
  Exchange rootbotz: discard 7C 8C 7H 8H QH -> draw 9D AD 9H JS QS (talon 3 left)
  Exchange teambinary: discard 7D 9S -> draw QC 8S (talon 1 left)

--- Phase: declare ---
  Declare point: rootbotz wins 6 pts (('point', 6, 'D'))
  Declare sequence: teambinary wins 10 pts (('sequence', 5, 13, 'C'))
  Declare set: rootbotz wins 3 pts (('set', 3, 14))

--- Phase: tricks ---
  Trick  1: rootbotz leads AS, teambinary plays 8S -> rootbotz wins
  Trick  2: rootbotz leads AD, teambinary plays KD -> rootbotz wins
  Trick  3: rootbotz leads AC, teambinary plays 9C -> rootbotz wins
  Trick  4: rootbotz leads 8D, teambinary plays 10C -> rootbotz wins
  Trick  5: rootbotz leads 9D, teambinary plays 10H -> rootbotz wins
  Trick  6: rootbotz leads 10D, teambinary plays 10S -> rootbotz wins
  Trick  7: rootbotz leads JS, teambinary plays KS -> teambinary wins
  Trick  8: teambinary leads AH, rootbotz plays 9H -> teambinary wins
  Trick  9: teambinary leads KC, rootbotz plays JH -> teambinary wins
  Trick 10: teambinary leads QC, rootbotz plays JD -> teambinary wins
  Trick 11: teambinary leads KH, rootbotz plays QD -> teambinary wins
  Trick 12: teambinary leads JC, rootbotz plays QS -> teambinary wins
  Hand: teambinary +17 / rootbotz +15 (tricks 6-6)
  Match total: teambinary 17 - 15 rootbotz
Players: teambinary vs rootbotz
Dealer: rootbotz  |  Elder: teambinary
Match scores: 17 - 15
Talon (8): 8C JC QC KC 7D JD QD 9S
teambinary hand: 7C 10C 8D 10D 7H 8H JH QH KH AH 8S QS
rootbotz hand: 9C AC 9D KD AD 9H 10H 7S 10S JS KS AS
  Exchange teambinary: discard 7C 8D 7H 8H 8S -> draw 8C QC KC QD 9S (talon 3 left)
  Exchange rootbotz: discard 9C 9H 10H -> draw JC 7D JD (talon 0 left)

--- Phase: declare ---
  Declare point: rootbotz wins 5 pts (('point', 5, 'S'))
  Declare sequence: teambinary wins 4 pts (('sequence', 4, 14, 'H'))
  Declare set: rootbotz wins 3 pts (('set', 3, 14))

--- Phase: tricks ---
  Trick  1: teambinary leads AH, rootbotz plays 7S -> teambinary wins
  Trick  2: teambinary leads KC, rootbotz plays AC -> rootbotz wins
  Trick  3: rootbotz leads AS, teambinary plays 9S -> rootbotz wins
  Trick  4: rootbotz leads AD, teambinary plays 10D -> rootbotz wins
  Trick  5: rootbotz leads KS, teambinary plays QS -> rootbotz wins
  Trick  6: rootbotz leads KD, teambinary plays QD -> rootbotz wins
  Trick  7: rootbotz leads 7D, teambinary plays 8C -> rootbotz wins
  Trick  8: rootbotz leads 9D, teambinary plays 10C -> rootbotz wins
  Trick  9: rootbotz leads 10S, teambinary plays JH -> rootbotz wins
  Trick 10: rootbotz leads JS, teambinary plays QC -> rootbotz wins
  Trick 11: rootbotz leads JD, teambinary plays QH -> rootbotz wins
  Trick 12: rootbotz leads JC, teambinary plays KH -> rootbotz wins
  Hand: teambinary +5 / rootbotz +30 (tricks 1-11)
  Match total: teambinary 22 - 45 rootbotz
Players: teambinary vs rootbotz
Dealer: teambinary  |  Elder: rootbotz
Match scores: 22 - 45
Talon (8): 9C QC KD 7H 8H KH 9S JS
teambinary hand: 8C 7D 8D JD QD AD 9H QH AH 7S 8S AS
rootbotz hand: 7C 10C JC KC AC 9D 10D 10H JH 10S QS KS
  Exchange rootbotz: discard JH QS KS -> draw 9C KD JS (talon 5 left)
  Exchange teambinary: discard 8C 7D 9H 7S 8S -> draw QC 7H 8H KH 9S (talon 0 left)

--- Phase: declare ---
  Declare point: rootbotz wins 6 pts (('point', 6, 'C'))
  Declare sequence: teambinary wins 3 pts (('sequence', 3, 14, 'H'))
  Declare set: teambinary wins 3 pts (('set', 3, 14))

--- Phase: tricks ---
  Trick  1: rootbotz leads AC, teambinary plays QC -> rootbotz wins
  Trick  2: rootbotz leads KC, teambinary plays 7H -> rootbotz wins
  Trick  3: rootbotz leads 9C, teambinary plays 8D -> rootbotz wins
  Trick  4: rootbotz leads 10C, teambinary plays 8H -> rootbotz wins
  Trick  5: rootbotz leads JC, teambinary plays 9S -> rootbotz wins
  Trick  6: rootbotz leads 7C, teambinary plays JD -> rootbotz wins
  Trick  7: rootbotz leads 10S, teambinary plays AS -> teambinary wins
  Trick  8: teambinary leads AH, rootbotz plays 10H -> teambinary wins
  Trick  9: teambinary leads AD, rootbotz plays 9D -> teambinary wins
  Trick 10: teambinary leads KH, rootbotz plays 10D -> teambinary wins
  Trick 11: teambinary leads QH, rootbotz plays JS -> teambinary wins
  Trick 12: teambinary leads QD, rootbotz plays KD -> rootbotz wins
  Hand: teambinary +11 / rootbotz +24 (tricks 5-7)
  Match total: teambinary 33 - 69 rootbotz
Players: teambinary vs rootbotz
Dealer: rootbotz  |  Elder: teambinary
Match scores: 33 - 69
Talon (8): JC 7D QD 9H QH 7S QS KS
teambinary hand: 8C 9C 10C KC AC 9D AD 7H 8H 10H 8S 9S
rootbotz hand: 7C QC 8D 10D JD KD JH KH AH 10S JS AS
  Exchange teambinary: discard 9D 7H 8H 8S 9S -> draw QD 9H QH QS KS (talon 3 left)
  Exchange rootbotz: discard 8D KD 10S -> draw JC 7D 7S (talon 0 left)

--- Phase: declare ---
  Declare point: teambinary wins 5 pts (('point', 5, 'C'))
  Declare sequence: teambinary wins 3 pts (('sequence', 3, 10, 'C'))
  Declare set: teambinary wins 3 pts (('set', 3, 12))

--- Phase: tricks ---
  Trick  1: teambinary leads AD, rootbotz plays 7D -> teambinary wins
  Trick  2: teambinary leads AC, rootbotz plays 7C -> teambinary wins
  Trick  3: teambinary leads KC, rootbotz plays JC -> teambinary wins
  Trick  4: teambinary leads 10C, rootbotz plays QC -> rootbotz wins
  Trick  5: rootbotz leads AS, teambinary plays QS -> rootbotz wins
  Trick  6: rootbotz leads AH, teambinary plays 9H -> rootbotz wins
  Trick  7: rootbotz leads KH, teambinary plays 10H -> rootbotz wins
  Trick  8: rootbotz leads 7S, teambinary plays KS -> teambinary wins
  Trick  9: teambinary leads 9C, rootbotz plays 10D -> teambinary wins
  Trick 10: teambinary leads 8C, rootbotz plays JD -> teambinary wins
  Trick 11: teambinary leads QD, rootbotz plays JS -> teambinary wins
  Trick 12: teambinary leads QH, rootbotz plays JH -> teambinary wins
  Hand: teambinary +30 / rootbotz +4 (tricks 8-4)
  Match total: teambinary 63 - 73 rootbotz
Players: teambinary vs rootbotz
Dealer: teambinary  |  Elder: rootbotz
Match scores: 63 - 73
Talon (8): 8C 9C KC JD QD AD 7H 10S
teambinary hand: JC AC 9D 10D KD JH 8S 9S JS QS KS AS
rootbotz hand: 7C 10C QC 7D 8D 8H 9H 10H QH KH AH 7S
  Exchange rootbotz: discard 7C QC 7D 8D 7S -> draw KC JD QD AD 7H (talon 3 left)
  Exchange teambinary: discard 9D 8S 9S -> draw 8C 9C 10S (talon 0 left)

--- Phase: declare ---
  Declare point: rootbotz wins 7 pts (('point', 7, 'H'))
  Declare sequence: teambinary wins 10 pts (('sequence', 5, 14, 'S'))
  Declare set: teambinary wins 3 pts (('set', 3, 11))

--- Phase: tricks ---
  Trick  1: rootbotz leads AH, teambinary plays JH -> rootbotz wins
  Trick  2: rootbotz leads AD, teambinary plays 10D -> rootbotz wins
  Trick  3: rootbotz leads QH, teambinary plays 8C -> rootbotz wins
  Trick  4: rootbotz leads KH, teambinary plays 9C -> rootbotz wins
  Trick  5: rootbotz leads JD, teambinary plays KD -> teambinary wins
  Trick  6: teambinary leads AC, rootbotz plays 10C -> teambinary wins
  Trick  7: teambinary leads AS, rootbotz plays 7H -> teambinary wins
  Trick  8: teambinary leads KS, rootbotz plays 8H -> teambinary wins
  Trick  9: teambinary leads QS, rootbotz plays 9H -> teambinary wins
  Trick 10: teambinary leads JS, rootbotz plays 10H -> teambinary wins
  Trick 11: teambinary leads JC, rootbotz plays KC -> rootbotz wins
  Trick 12: rootbotz leads QD, teambinary plays 10S -> rootbotz wins
  Hand: teambinary +19 / rootbotz +14 (tricks 6-6)
  Match total: teambinary 82 - 87 rootbotz
Players: teambinary vs rootbotz
Dealer: rootbotz  |  Elder: teambinary
Match scores: 82 - 87
Talon (8): 7C 9C KC AC KD AH QS AS
teambinary hand: 8D 9D 10D JD QD AD 10H JH QH KH JS KS
rootbotz hand: 8C 10C JC QC 7D 7H 8H 9H 7S 8S 9S 10S
  Exchange teambinary: discard  -> draw  (talon 8 left)
  Exchange rootbotz: discard 8C JC QC 7D 7H 8H 9H -> draw 7C KC AC KD AH QS AS (talon 1 left)

--- Phase: declare ---
  Declare point: teambinary wins 6 pts (('point', 6, 'D'))
  Declare sequence: teambinary wins 10 pts (('sequence', 5, 12, 'D'))
  Declare set: rootbotz wins 3 pts (('set', 3, 14))

--- Phase: tricks ---
  Trick  1: teambinary leads AD, rootbotz plays KD -> teambinary wins
  Trick  2: teambinary leads QD, rootbotz plays 7C -> teambinary wins
  Trick  3: teambinary leads KH, rootbotz plays AH -> rootbotz wins
  Trick  4: rootbotz leads AS, teambinary plays JS -> rootbotz wins
  Trick  5: rootbotz leads AC, teambinary plays 8D -> rootbotz wins
  Trick  6: rootbotz leads 10C, teambinary plays 9D -> rootbotz wins
  Trick  7: rootbotz leads KC, teambinary plays 10D -> rootbotz wins
  Trick  8: rootbotz leads 7S, teambinary plays KS -> teambinary wins
  Trick  9: teambinary leads QH, rootbotz plays 8S -> teambinary wins
  Trick 10: teambinary leads JH, rootbotz plays 9S -> teambinary wins
  Trick 11: teambinary leads 10H, rootbotz plays 10S -> teambinary wins
  Trick 12: teambinary leads JD, rootbotz plays QS -> teambinary wins
  Hand: teambinary +34 / rootbotz +8 (tricks 7-5)
  Match total: teambinary 116 - 95 rootbotz
  Final: teambinary 116 - 95 rootbotz
  Winner: teambinary

============================================================
Game 87
============================================================
Players: rootbotz vs teambinary
Dealer: rootbotz  |  Elder: teambinary
Match scores: 0 - 0
Talon (8): QC AC 9D JD AD QH AH KS
rootbotz hand: 8C 9C 10C 8D QD 8H 10H JH 7S 8S JS QS
teambinary hand: 7C JC KC 7D 10D KD 7H 9H KH 9S 10S AS
  Exchange teambinary: discard 7C 7D 7H 9H 9S -> draw AC 9D JD QH AH (talon 3 left)
  Exchange rootbotz: discard 8H 7S 8S -> draw QC AD KS (talon 0 left)

--- Phase: declare ---
  Declare point: teambinary wins 4 pts (('point', 4, 'D'))
  Declare sequence: teambinary wins 3 pts (('sequence', 3, 14, 'H'))
  Declare set: teambinary wins 3 pts (('set', 3, 14))

--- Phase: tricks ---
  Trick  1: teambinary leads AS, rootbotz plays JS -> teambinary wins
  Trick  2: teambinary leads AH, rootbotz plays 10H -> teambinary wins
  Trick  3: teambinary leads AC, rootbotz plays 8C -> teambinary wins
  Trick  4: teambinary leads KD, rootbotz plays AD -> rootbotz wins
  Trick  5: rootbotz leads QD, teambinary plays 9D -> rootbotz wins
  Trick  6: rootbotz leads 8D, teambinary plays 10D -> teambinary wins
  Trick  7: teambinary leads KC, rootbotz plays 9C -> teambinary wins
  Trick  8: teambinary leads KH, rootbotz plays JH -> teambinary wins
  Trick  9: teambinary leads JC, rootbotz plays QC -> rootbotz wins
  Trick 10: rootbotz leads 10C, teambinary plays 10S -> rootbotz wins
  Trick 11: rootbotz leads QS, teambinary plays JD -> rootbotz wins
  Trick 12: rootbotz leads KS, teambinary plays QH -> rootbotz wins
  Hand: rootbotz +7 / teambinary +16 (tricks 6-6)
  Match total: rootbotz 7 - 16 teambinary
Players: rootbotz vs teambinary
Dealer: teambinary  |  Elder: rootbotz
Match scores: 7 - 16
Talon (8): 7C QC QD KD 7H QH 8S JS
rootbotz hand: 10C KC 10D JD 8H 10H JH KH 7S 9S 10S AS
teambinary hand: 8C 9C JC AC 7D 8D 9D AD 9H AH QS KS
  Exchange rootbotz: discard KC JD 7S 9S -> draw 7C QC 7H 8S (talon 4 left)
  Exchange teambinary: discard 8C 9C 9H -> draw QD KD JS (talon 1 left)

--- Phase: declare ---
  Declare point: teambinary wins 6 pts (('point', 6, 'D'))
  Declare sequence: teambinary wins 3 pts (('sequence', 3, 14, 'D'))
  Declare set: teambinary wins 3 pts (('set', 3, 14))

--- Phase: tricks ---
  Trick  1: rootbotz leads AS, teambinary plays JS -> rootbotz wins
  Trick  2: rootbotz leads 10D, teambinary plays QD -> teambinary wins
  Trick  3: teambinary leads AC, rootbotz plays 7C -> teambinary wins
  Trick  4: teambinary leads AH, rootbotz plays 7H -> teambinary wins
  Trick  5: teambinary leads AD, rootbotz plays 8S -> teambinary wins
  Trick  6: teambinary leads KD, rootbotz plays 8H -> teambinary wins
  Trick  7: teambinary leads 9D, rootbotz plays 10S -> teambinary wins
  Trick  8: teambinary leads KS, rootbotz plays 10C -> teambinary wins
  Trick  9: teambinary leads 8D, rootbotz plays 10H -> teambinary wins
  Trick 10: teambinary leads 7D, rootbotz plays JH -> teambinary wins
  Trick 11: teambinary leads QS, rootbotz plays QC -> teambinary wins
  Trick 12: teambinary leads JC, rootbotz plays KH -> teambinary wins
  Hand: rootbotz +1 / teambinary +34 (tricks 1-11)
  Match total: rootbotz 8 - 50 teambinary
Players: rootbotz vs teambinary
Dealer: rootbotz  |  Elder: teambinary
Match scores: 8 - 50
Talon (8): 8C 10C JC 7H KH 7S 10S JS
rootbotz hand: 9C QC KC 8D 9D 10D JD KD JH QH 9S AS
teambinary hand: 7C AC 7D QD AD 8H 9H 10H AH 8S QS KS
  Exchange teambinary: discard 7C 7D 8S -> draw 10C 7H 7S (talon 5 left)
  Exchange rootbotz: discard 9C QC KC QH 9S -> draw 8C JC KH 10S JS (talon 0 left)

--- Phase: declare ---
  Declare point: rootbotz wins 5 pts (('point', 5, 'D'))
  Declare sequence: rootbotz wins 4 pts (('sequence', 4, 11, 'D'))
  Declare set: teambinary wins 3 pts (('set', 3, 14))

--- Phase: tricks ---
  Trick  1: teambinary leads AC, rootbotz plays 8C -> teambinary wins
  Trick  2: teambinary leads AD, rootbotz plays 8D -> teambinary wins
  Trick  3: teambinary leads AH, rootbotz plays JH -> teambinary wins
  Trick  4: teambinary leads 10H, rootbotz plays KH -> rootbotz wins
  Trick  5: rootbotz leads AS, teambinary plays 7S -> rootbotz wins
  Trick  6: rootbotz leads 10S, teambinary plays QS -> teambinary wins
  Trick  7: teambinary leads 9H, rootbotz plays 9D -> teambinary wins
  Trick  8: teambinary leads 8H, rootbotz plays 10D -> teambinary wins
  Trick  9: teambinary leads QD, rootbotz plays KD -> rootbotz wins
  Trick 10: rootbotz leads JS, teambinary plays KS -> teambinary wins
  Trick 11: teambinary leads 10C, rootbotz plays JC -> rootbotz wins
  Trick 12: rootbotz leads JD, teambinary plays 7H -> rootbotz wins
  Hand: rootbotz +15 / teambinary +20 (tricks 5-7)
  Match total: rootbotz 23 - 70 teambinary
Players: rootbotz vs teambinary
Dealer: teambinary  |  Elder: rootbotz
Match scores: 23 - 70
Talon (8): 9C 10D KD 7H 8H JH QH 9S
rootbotz hand: 7C JC AC 7D AD 10H AH 7S 8S 10S JS AS
teambinary hand: 8C 10C QC KC 8D 9D JD QD 9H KH QS KS
  Exchange rootbotz: discard 7C JC 7D -> draw 7H 8H QH (talon 5 left)
  Exchange teambinary: discard 8C 8D 9D 9H -> draw 9C 10D KD 9S (talon 1 left)

--- Phase: declare ---
  Declare point: rootbotz wins 5 pts (('point', 5, 'H'))
  Declare sequence: teambinary wins 4 pts (('sequence', 4, 13, 'D'))
  Declare set: rootbotz wins 14 pts (('set', 4, 14))

--- Phase: tricks ---
  Trick  1: rootbotz leads AS, teambinary plays 9S -> rootbotz wins
  Trick  2: rootbotz leads AH, teambinary plays KH -> rootbotz wins
  Trick  3: rootbotz leads AD, teambinary plays 10D -> rootbotz wins
  Trick  4: rootbotz leads AC, teambinary plays 9C -> rootbotz wins
  Trick  5: rootbotz leads QH, teambinary plays 10C -> rootbotz wins
  Trick  6: rootbotz leads 10S, teambinary plays QS -> teambinary wins
  Trick  7: teambinary leads KD, rootbotz plays 7S -> teambinary wins
  Trick  8: teambinary leads QD, rootbotz plays 7H -> teambinary wins
  Trick  9: teambinary leads KC, rootbotz plays 8S -> teambinary wins
  Trick 10: teambinary leads JD, rootbotz plays 8H -> teambinary wins
  Trick 11: teambinary leads QC, rootbotz plays 10H -> teambinary wins
  Trick 12: teambinary leads KS, rootbotz plays JS -> teambinary wins
  Hand: rootbotz +24 / teambinary +22 (tricks 5-7)
  Match total: rootbotz 47 - 92 teambinary
Players: rootbotz vs teambinary
Dealer: rootbotz  |  Elder: teambinary
Match scores: 47 - 92
Talon (8): 7C 10C 8D 7H JH 10S JS AS
rootbotz hand: AC 7D 9D 10D QD AD QH KH AH 9S QS KS
teambinary hand: 8C 9C JC QC KC JD KD 8H 9H 10H 7S 8S
  Exchange teambinary: discard 8C 9C 7S 8S -> draw 7C 10S JS AS (talon 4 left)
  Exchange rootbotz: discard 7D 9D 10D 9S -> draw 10C 8D 7H JH (talon 0 left)

--- Phase: declare ---
  Declare point: rootbotz wins 5 pts (('point', 5, 'H'))
  Declare sequence: rootbotz wins 4 pts (('sequence', 4, 14, 'H'))
  Declare set: rootbotz wins 3 pts (('set', 3, 14))

--- Phase: tricks ---
  Trick  1: teambinary leads AS, rootbotz plays QS -> teambinary wins
  Trick  2: teambinary leads KC, rootbotz plays AC -> rootbotz wins
  Trick  3: rootbotz leads AH, teambinary plays 8H -> rootbotz wins
  Trick  4: rootbotz leads AD, teambinary plays JD -> rootbotz wins
  Trick  5: rootbotz leads JH, teambinary plays 9H -> rootbotz wins
  Trick  6: rootbotz leads QH, teambinary plays 10H -> rootbotz wins
  Trick  7: rootbotz leads KS, teambinary plays 10S -> rootbotz wins
  Trick  8: rootbotz leads KH, teambinary plays 7C -> rootbotz wins
  Trick  9: rootbotz leads 7H, teambinary plays JC -> rootbotz wins
  Trick 10: rootbotz leads QD, teambinary plays KD -> teambinary wins
  Trick 11: teambinary leads QC, rootbotz plays 10C -> teambinary wins
  Trick 12: teambinary leads JS, rootbotz plays 8D -> teambinary wins
  Hand: rootbotz +30 / teambinary +5 (tricks 8-4)
  Match total: rootbotz 77 - 97 teambinary
Players: rootbotz vs teambinary
Dealer: teambinary  |  Elder: rootbotz
Match scores: 77 - 97
Talon (8): 7C JC QD 7H 9H KH QS AS
rootbotz hand: 9C QC AC 7D 10D JD QH AH 7S 8S 10S JS
teambinary hand: 8C 10C KC 8D 9D KD AD 8H 10H JH 9S KS
  Exchange rootbotz: discard 7D 10D JD 7S 8S -> draw 7C QD 7H 9H QS (talon 3 left)
  Exchange teambinary: discard 8C 8H 9S -> draw JC KH AS (talon 0 left)

--- Phase: declare ---
  Declare point: teambinary wins 4 pts (('point', 4, 'D'))
  Declare sequence: rootbotz wins 3 pts (('sequence', 3, 12, 'S'))
  Declare set: teambinary wins 14 pts (('set', 4, 13))

--- Phase: tricks ---
  Trick  1: rootbotz leads AH, teambinary plays 10H -> rootbotz wins
  Trick  2: rootbotz leads AC, teambinary plays 10C -> rootbotz wins
  Trick  3: rootbotz leads QH, teambinary plays KH -> teambinary wins
  Trick  4: teambinary leads AD, rootbotz plays QD -> teambinary wins
  Trick  5: teambinary leads AS, rootbotz plays 10S -> teambinary wins
  Trick  6: teambinary leads KD, rootbotz plays 7H -> teambinary wins
  Trick  7: teambinary leads KC, rootbotz plays 7C -> teambinary wins
  Trick  8: teambinary leads 9D, rootbotz plays 9H -> teambinary wins
  Trick  9: teambinary leads JH, rootbotz plays 9C -> teambinary wins
  Trick 10: teambinary leads KS, rootbotz plays JS -> teambinary wins
  Trick 11: teambinary leads 8D, rootbotz plays QC -> teambinary wins
  Trick 12: teambinary leads JC, rootbotz plays QS -> teambinary wins
  Hand: rootbotz +5 / teambinary +39 (tricks 2-10)
  Match total: rootbotz 82 - 136 teambinary
  Final: rootbotz 82 - 136 teambinary
  Winner: teambinary

============================================================
Game 88
============================================================
Players: teambinary vs rootbotz
Dealer: teambinary  |  Elder: rootbotz
Match scores: 0 - 0
Talon (8): 9C 10C QC KC QD JH AH 8S
teambinary hand: 7C JC AC 8D 10D JD QH 7S 9S 10S JS AS
rootbotz hand: 8C 7D 9D KD AD 7H 8H 9H 10H KH QS KS
  Exchange rootbotz: discard 8C 7D 9D QS -> draw 9C QC QD JH (talon 4 left)
  Exchange teambinary: discard 7C 8D 7S -> draw KC AH 8S (talon 1 left)

--- Phase: declare ---
  Declare point: rootbotz wins 6 pts (('point', 6, 'H'))
  Declare sequence: rootbotz wins 10 pts (('sequence', 5, 11, 'H'))
  Declare set: teambinary wins 3 pts (('set', 3, 14))

--- Phase: tricks ---
  Trick  1: rootbotz leads AD, teambinary plays 10D -> rootbotz wins
  Trick  2: rootbotz leads QD, teambinary plays JD -> rootbotz wins
  Trick  3: rootbotz leads KD, teambinary plays 8S -> rootbotz wins
  Trick  4: rootbotz leads KS, teambinary plays AS -> teambinary wins
  Trick  5: teambinary leads AC, rootbotz plays 9C -> teambinary wins
  Trick  6: teambinary leads AH, rootbotz plays 7H -> teambinary wins
  Trick  7: teambinary leads JS, rootbotz plays 8H -> teambinary wins
  Trick  8: teambinary leads 10S, rootbotz plays 9H -> teambinary wins
  Trick  9: teambinary leads KC, rootbotz plays QC -> teambinary wins
  Trick 10: teambinary leads QH, rootbotz plays KH -> rootbotz wins
  Trick 11: rootbotz leads 10H, teambinary plays 9S -> rootbotz wins
  Trick 12: rootbotz leads JH, teambinary plays JC -> rootbotz wins
  Hand: teambinary +9 / rootbotz +23 (tricks 6-6)
  Match total: teambinary 9 - 23 rootbotz
Players: teambinary vs rootbotz
Dealer: rootbotz  |  Elder: teambinary
Match scores: 9 - 23
Talon (8): 8C JC QC 9D QH 8S JS AS
teambinary hand: 7C 9C AC 7D 8D JD QD 8H 9H 10H JH KH
rootbotz hand: 10C KC 10D KD AD 7H AH 7S 9S 10S QS KS
  Exchange teambinary: discard 7C 9C 7D 8D -> draw 8C QH JS AS (talon 4 left)
  Exchange rootbotz: discard 10C 7H 7S -> draw QC 9D 8S (talon 1 left)

--- Phase: declare ---
  Declare point: teambinary wins 6 pts (('point', 6, 'H'))
  Declare sequence: teambinary wins 11 pts (('sequence', 6, 13, 'H'))
  Declare set: rootbotz wins 3 pts (('set', 3, 13))

--- Phase: tricks ---
  Trick  1: teambinary leads AC, rootbotz plays QC -> teambinary wins
  Trick  2: teambinary leads AS, rootbotz plays 8S -> teambinary wins
  Trick  3: teambinary leads KH, rootbotz plays AH -> rootbotz wins
  Trick  4: rootbotz leads AD, teambinary plays JD -> rootbotz wins
  Trick  5: rootbotz leads QS, teambinary plays JS -> rootbotz wins
  Trick  6: rootbotz leads KS, teambinary plays 8C -> rootbotz wins
  Trick  7: rootbotz leads 9S, teambinary plays 8H -> rootbotz wins
  Trick  8: rootbotz leads 9D, teambinary plays QD -> teambinary wins
  Trick  9: teambinary leads QH, rootbotz plays 10S -> teambinary wins
  Trick 10: teambinary leads JH, rootbotz plays 10D -> teambinary wins
  Trick 11: teambinary leads 10H, rootbotz plays KC -> teambinary wins
  Trick 12: teambinary leads 9H, rootbotz plays KD -> teambinary wins
  Hand: teambinary +35 / rootbotz +8 (tricks 7-5)
  Match total: teambinary 44 - 31 rootbotz
Players: teambinary vs rootbotz
Dealer: teambinary  |  Elder: rootbotz
Match scores: 44 - 31
Talon (8): 10C JC AC 7D 8D 10D QD 10S
teambinary hand: 8C 9C QC KC AD 8H 10H JH KH 7S 8S AS
rootbotz hand: 7C 9D JD KD 7H 9H QH AH 9S JS QS KS
  Exchange rootbotz: discard 7C 9D 7H 9H QH -> draw 10C JC 8D QD 10S (talon 3 left)
  Exchange teambinary: discard 8H 7S 8S -> draw AC 7D 10D (talon 0 left)

--- Phase: declare ---
  Declare point: rootbotz wins 5 pts (('point', 5, 'S'))
  Declare sequence: rootbotz wins 10 pts (('sequence', 5, 13, 'S'))
  Declare set: teambinary wins 3 pts (('set', 3, 14))

--- Phase: tricks ---
  Trick  1: rootbotz leads AH, teambinary plays 10H -> rootbotz wins
  Trick  2: rootbotz leads 9S, teambinary plays AS -> teambinary wins
  Trick  3: teambinary leads AD, rootbotz plays 8D -> teambinary wins
  Trick  4: teambinary leads AC, rootbotz plays 10C -> teambinary wins
  Trick  5: teambinary leads KC, rootbotz plays JC -> teambinary wins
  Trick  6: teambinary leads QC, rootbotz plays 10S -> teambinary wins
  Trick  7: teambinary leads KH, rootbotz plays JS -> teambinary wins
  Trick  8: teambinary leads 9C, rootbotz plays JD -> teambinary wins
  Trick  9: teambinary leads 10D, rootbotz plays QD -> rootbotz wins
  Trick 10: rootbotz leads KD, teambinary plays 7D -> rootbotz wins
  Trick 11: rootbotz leads QS, teambinary plays 8C -> rootbotz wins
  Trick 12: rootbotz leads KS, teambinary plays JH -> rootbotz wins
  Hand: teambinary +20 / rootbotz +21 (tricks 7-5)
  Match total: teambinary 64 - 52 rootbotz
Players: teambinary vs rootbotz
Dealer: rootbotz  |  Elder: teambinary
Match scores: 64 - 52
Talon (8): JC AC QD 9H 7S 10S QS AS
teambinary hand: 9C 10C QC KC 9D KD AD 7H JH QH KH 8S
rootbotz hand: 7C 8C 7D 8D 10D JD 8H 10H AH 9S JS KS
  Exchange teambinary: discard 9C 9D 7H 8S -> draw AC 9H QS AS (talon 4 left)
  Exchange rootbotz: discard 7C 8C 7D 8D -> draw JC QD 7S 10S (talon 0 left)

--- Phase: declare ---
  Declare point: rootbotz wins 5 pts (('point', 5, 'S'))
  Declare sequence: teambinary wins 3 pts (('sequence', 3, 14, 'C'))
  Declare set: teambinary wins 3 pts (('set', 3, 14))

--- Phase: tricks ---
  Trick  1: teambinary leads AD, rootbotz plays 10D -> teambinary wins
  Trick  2: teambinary leads AC, rootbotz plays JC -> teambinary wins
  Trick  3: teambinary leads AS, rootbotz plays 7S -> teambinary wins
  Trick  4: teambinary leads KH, rootbotz plays AH -> rootbotz wins
  Trick  5: rootbotz leads 10H, teambinary plays JH -> teambinary wins
  Trick  6: teambinary leads KC, rootbotz plays 8H -> teambinary wins
  Trick  7: teambinary leads QC, rootbotz plays 9S -> teambinary wins
  Trick  8: teambinary leads QH, rootbotz plays 10S -> teambinary wins
  Trick  9: teambinary leads 10C, rootbotz plays JS -> teambinary wins
  Trick 10: teambinary leads KD, rootbotz plays JD -> teambinary wins
  Trick 11: teambinary leads QS, rootbotz plays KS -> rootbotz wins
  Trick 12: rootbotz leads QD, teambinary plays 9H -> rootbotz wins
  Hand: teambinary +25 / rootbotz +9 (tricks 9-3)
  Match total: teambinary 89 - 61 rootbotz
Players: teambinary vs rootbotz
Dealer: teambinary  |  Elder: rootbotz
Match scores: 89 - 61
Talon (8): 8C 10C AC 10D 8H JH 8S 10S
teambinary hand: 7C JC KC 7D 8D 9D QD 10H QH AH QS KS
rootbotz hand: 9C QC JD KD AD 7H 9H KH 7S 9S JS AS
  Exchange rootbotz: discard 9C 7H 9H 7S 9S -> draw 10C AC 10D 8H JH (talon 3 left)
  Exchange teambinary: discard 7C -> draw 8C (talon 2 left)

--- Phase: declare ---
  Declare point: rootbotz wins 4 pts (('point', 4, 'D'))
  Declare sequence: teambinary wins 3 pts (('sequence', 3, 9, 'D'))
  Declare set: rootbotz wins 3 pts (('set', 3, 14))

--- Phase: tricks ---
  Trick  1: rootbotz leads AS, teambinary plays QS -> rootbotz wins
  Trick  2: rootbotz leads AD, teambinary plays 7D -> rootbotz wins
  Trick  3: rootbotz leads AC, teambinary plays 8C -> rootbotz wins
  Trick  4: rootbotz leads KD, teambinary plays 8D -> rootbotz wins
  Trick  5: rootbotz leads 10D, teambinary plays QD -> teambinary wins
  Trick  6: teambinary leads AH, rootbotz plays 8H -> teambinary wins
  Trick  7: teambinary leads KC, rootbotz plays 10C -> teambinary wins
  Trick  8: teambinary leads QH, rootbotz plays KH -> rootbotz wins
  Trick  9: rootbotz leads JH, teambinary plays 10H -> rootbotz wins
  Trick 10: rootbotz leads JS, teambinary plays KS -> teambinary wins
  Trick 11: teambinary leads 9D, rootbotz plays JD -> rootbotz wins
  Trick 12: rootbotz leads QC, teambinary plays JC -> rootbotz wins
  Hand: teambinary +7 / rootbotz +26 (tricks 4-8)
  Match total: teambinary 96 - 87 rootbotz
Players: teambinary vs rootbotz
Dealer: rootbotz  |  Elder: teambinary
Match scores: 96 - 87
Talon (8): 7C JC 8D 10D QD 10S JS KS
teambinary hand: 10C AC 9D KD 7H 10H JH QH KH 7S 9S AS
rootbotz hand: 8C 9C QC KC 7D JD AD 8H 9H AH 8S QS
  Exchange teambinary: discard 9D 7H 7S 9S -> draw 8D QD 10S JS (talon 4 left)
  Exchange rootbotz: discard 8C 8H 9H 8S -> draw 7C JC 10D KS (talon 0 left)

--- Phase: declare ---
  Declare point: rootbotz wins 5 pts (('point', 5, 'C'))
  Declare sequence: teambinary wins 4 pts (('sequence', 4, 13, 'H'))
  Declare set: teambinary wins 3 pts (('set', 3, 10))

--- Phase: tricks ---
  Trick  1: teambinary leads AC, rootbotz plays 7C -> teambinary wins
  Trick  2: teambinary leads AS, rootbotz plays QS -> teambinary wins
  Trick  3: teambinary leads KH, rootbotz plays AH -> rootbotz wins
  Trick  4: rootbotz leads AD, teambinary plays 8D -> rootbotz wins
  Trick  5: rootbotz leads JC, teambinary plays 10C -> rootbotz wins
  Trick  6: rootbotz leads QC, teambinary plays 10H -> rootbotz wins
  Trick  7: rootbotz leads 7D, teambinary plays QD -> teambinary wins
  Trick  8: teambinary leads QH, rootbotz plays 9C -> teambinary wins
  Trick  9: teambinary leads JS, rootbotz plays KS -> rootbotz wins
  Trick 10: rootbotz leads 10D, teambinary plays KD -> teambinary wins
  Trick 11: teambinary leads JH, rootbotz plays JD -> teambinary wins
  Trick 12: teambinary leads 10S, rootbotz plays KC -> teambinary wins
  Hand: teambinary +25 / rootbotz +10 (tricks 7-5)
  Match total: teambinary 121 - 97 rootbotz
  Final: teambinary 121 - 97 rootbotz
  Winner: teambinary

============================================================
Game 89
============================================================
Players: rootbotz vs teambinary
Dealer: rootbotz  |  Elder: teambinary
Match scores: 0 - 0
Talon (8): 7C 9C 10C 7D 8D 9D 7H 8H
rootbotz hand: JC QC KD AD 9H 10H KH AH 7S 10S QS KS
teambinary hand: 8C KC AC 10D JD QD JH QH 8S 9S JS AS
  Exchange teambinary: discard 8C 8S 9S -> draw 7C 10C 9D (talon 5 left)
  Exchange rootbotz: discard JC QC 9H 10H -> draw 9C 8D 7H 8H (talon 1 left)

--- Phase: declare ---
  Declare point: teambinary wins 4 pts (('point', 4, 'D'))
  Declare sequence: teambinary wins 4 pts (('sequence', 4, 12, 'D'))
  Declare set: rootbotz wins 3 pts (('set', 3, 13))

--- Phase: tricks ---
  Trick  1: teambinary leads AC, rootbotz plays 9C -> teambinary wins
  Trick  2: teambinary leads AS, rootbotz plays 7S -> teambinary wins
  Trick  3: teambinary leads QD, rootbotz plays KD -> rootbotz wins
  Trick  4: rootbotz leads AH, teambinary plays JH -> rootbotz wins
  Trick  5: rootbotz leads AD, teambinary plays 9D -> rootbotz wins
  Trick  6: rootbotz leads QS, teambinary plays JS -> rootbotz wins
  Trick  7: rootbotz leads KS, teambinary plays 7C -> rootbotz wins
  Trick  8: rootbotz leads KH, teambinary plays QH -> rootbotz wins
  Trick  9: rootbotz leads 7H, teambinary plays 10C -> rootbotz wins
  Trick 10: rootbotz leads 8H, teambinary plays 10D -> rootbotz wins
  Trick 11: rootbotz leads 10S, teambinary plays JD -> rootbotz wins
  Trick 12: rootbotz leads 8D, teambinary plays KC -> rootbotz wins
  Hand: rootbotz +24 / teambinary +10 (tricks 10-2)
  Match total: rootbotz 24 - 10 teambinary
Players: rootbotz vs teambinary
Dealer: teambinary  |  Elder: rootbotz
Match scores: 24 - 10
Talon (8): JC AC 8D 9D QH AH 10S KS
rootbotz hand: 10C QC KC 10D JD QD KD AD 7H 8H JH QS
teambinary hand: 7C 8C 9C 7D 9H 10H KH 7S 8S 9S JS AS
  Exchange rootbotz: discard 10C KC 7H JH -> draw JC 8D 9D AH (talon 4 left)
  Exchange teambinary: discard 7C 7D 9H -> draw AC QH KS (talon 1 left)

--- Phase: declare ---
  Declare point: rootbotz wins 7 pts (('point', 7, 'D'))
  Declare sequence: rootbotz wins 12 pts (('sequence', 7, 14, 'D'))
  Declare set: rootbotz wins 3 pts (('set', 3, 12))

--- Phase: tricks ---
  Trick  1: rootbotz leads AH, teambinary plays 10H -> rootbotz wins
  Trick  2: rootbotz leads AD, teambinary plays 7S -> rootbotz wins
  Trick  3: rootbotz leads 8D, teambinary plays 8C -> rootbotz wins
  Trick  4: rootbotz leads 9D, teambinary plays 8S -> rootbotz wins
  Trick  5: rootbotz leads 10D, teambinary plays 9C -> rootbotz wins
  Trick  6: rootbotz leads JD, teambinary plays 9S -> rootbotz wins
  Trick  7: rootbotz leads QD, teambinary plays JS -> rootbotz wins
  Trick  8: rootbotz leads KD, teambinary plays QH -> rootbotz wins
  Trick  9: rootbotz leads JC, teambinary plays AC -> teambinary wins
  Trick 10: teambinary leads AS, rootbotz plays QS -> teambinary wins
  Trick 11: teambinary leads KH, rootbotz plays 8H -> teambinary wins
  Trick 12: teambinary leads KS, rootbotz plays QC -> teambinary wins
  Hand: rootbotz +40 / teambinary +5 (tricks 8-4)
  Match total: rootbotz 64 - 15 teambinary
Players: rootbotz vs teambinary
Dealer: rootbotz  |  Elder: teambinary
Match scores: 64 - 15
Talon (8): 9C QD 8H 10H QH 7S 8S QS
rootbotz hand: 8C 10C QC 7D 10D KD AD 7H KH 10S JS AS
teambinary hand: 7C JC KC AC 8D 9D JD 9H JH AH 9S KS
  Exchange teambinary: discard 7C 8D 9D 9H 9S -> draw 9C QD 8H 10H 7S (talon 3 left)
  Exchange rootbotz: discard 7D 7H KH -> draw QH 8S QS (talon 0 left)

--- Phase: declare ---
  Declare point: rootbotz wins 5 pts (('point', 5, 'S'))
  Declare sequence: rootbotz wins 3 pts (('sequence', 3, 12, 'S'))
  Declare set: rootbotz wins 3 pts (('set', 3, 12))

--- Phase: tricks ---
  Trick  1: teambinary leads AH, rootbotz plays QH -> teambinary wins
  Trick  2: teambinary leads AC, rootbotz plays 8C -> teambinary wins
  Trick  3: teambinary leads JH, rootbotz plays 8S -> teambinary wins
  Trick  4: teambinary leads KC, rootbotz plays 10C -> teambinary wins
  Trick  5: teambinary leads QD, rootbotz plays KD -> rootbotz wins
  Trick  6: rootbotz leads AS, teambinary plays 7S -> rootbotz wins
  Trick  7: rootbotz leads AD, teambinary plays JD -> rootbotz wins
  Trick  8: rootbotz leads QC, teambinary plays 9C -> rootbotz wins
  Trick  9: rootbotz leads 10S, teambinary plays KS -> teambinary wins
  Trick 10: teambinary leads 10H, rootbotz plays 10D -> teambinary wins
  Trick 11: teambinary leads JC, rootbotz plays JS -> teambinary wins
  Trick 12: teambinary leads 8H, rootbotz plays QS -> teambinary wins
  Hand: rootbotz +15 / teambinary +19 (tricks 4-8)
  Match total: rootbotz 79 - 34 teambinary
Players: rootbotz vs teambinary
Dealer: teambinary  |  Elder: rootbotz
Match scores: 79 - 34
Talon (8): 7C JC QC 7H JH 7S JS AS
rootbotz hand: 10C 10D JD KD AD 8H 9H QH KH AH 10S QS
teambinary hand: 8C 9C KC AC 7D 8D 9D QD 10H 8S 9S KS
  Exchange rootbotz: discard 8H 9H QS -> draw 7H 7S AS (talon 5 left)
  Exchange teambinary: discard 8C 9C 8S 9S -> draw JC QC JH JS (talon 1 left)

--- Phase: declare ---
  Declare sequence: teambinary wins 4 pts (('sequence', 4, 14, 'C'))
  Declare set: rootbotz wins 3 pts (('set', 3, 14))

--- Phase: tricks ---
  Trick  1: rootbotz leads AS, teambinary plays JS -> rootbotz wins
  Trick  2: rootbotz leads AH, teambinary plays 10H -> rootbotz wins
  Trick  3: rootbotz leads AD, teambinary plays 7D -> rootbotz wins
  Trick  4: rootbotz leads QH, teambinary plays JH -> rootbotz wins
  Trick  5: rootbotz leads KH, teambinary plays 8D -> rootbotz wins
  Trick  6: rootbotz leads KD, teambinary plays 9D -> rootbotz wins
  Trick  7: rootbotz leads 10D, teambinary plays QD -> teambinary wins
  Trick  8: teambinary leads AC, rootbotz plays 10C -> teambinary wins
  Trick  9: teambinary leads KC, rootbotz plays 7H -> teambinary wins
  Trick 10: teambinary leads QC, rootbotz plays 7S -> teambinary wins
  Trick 11: teambinary leads KS, rootbotz plays 10S -> teambinary wins
  Trick 12: teambinary leads JC, rootbotz plays JD -> teambinary wins
  Hand: rootbotz +9 / teambinary +11 (tricks 6-6)
  Match total: rootbotz 88 - 45 teambinary
Players: rootbotz vs teambinary
Dealer: rootbotz  |  Elder: teambinary
Match scores: 88 - 45
Talon (8): KC 7D 9D AD 7H 10H QH 7S
rootbotz hand: 7C JC AC QD KD 8H AH 8S 9S 10S JS AS
teambinary hand: 8C 9C 10C QC 8D 10D JD 9H JH KH QS KS
  Exchange teambinary: discard 8D 9H -> draw KC 7S (talon 6 left)
  Exchange rootbotz: discard 7C JC KD 8H -> draw 7D 7H 10H QH (talon 2 left)

--- Phase: declare ---
  Declare point: rootbotz wins 5 pts (('point', 5, 'S'))
  Declare sequence: rootbotz wins 4 pts (('sequence', 4, 11, 'S'))
  Declare set: rootbotz wins 3 pts (('set', 3, 14))

--- Phase: tricks ---
  Trick  1: teambinary leads KC, rootbotz plays AC -> rootbotz wins
  Trick  2: rootbotz leads AS, teambinary plays 7S -> rootbotz wins
  Trick  3: rootbotz leads AH, teambinary plays JH -> rootbotz wins
  Trick  4: rootbotz leads QH, teambinary plays KH -> teambinary wins
  Trick  5: teambinary leads QC, rootbotz plays 7D -> teambinary wins
  Trick  6: teambinary leads 10C, rootbotz plays 7H -> teambinary wins
  Trick  7: teambinary leads JD, rootbotz plays QD -> rootbotz wins
  Trick  8: rootbotz leads 8S, teambinary plays QS -> teambinary wins
  Trick  9: teambinary leads 9C, rootbotz plays 9S -> teambinary wins
  Trick 10: teambinary leads 8C, rootbotz plays 10H -> teambinary wins
  Trick 11: teambinary leads KS, rootbotz plays 10S -> teambinary wins
  Trick 12: teambinary leads 10D, rootbotz plays JS -> teambinary wins
  Hand: rootbotz +16 / teambinary +19 (tricks 4-8)
  Match total: rootbotz 104 - 64 teambinary
  Final: rootbotz 104 - 64 teambinary
  Winner: rootbotz

============================================================
Game 90
============================================================
Players: teambinary vs rootbotz
Dealer: teambinary  |  Elder: rootbotz
Match scores: 0 - 0
Talon (8): 7C 8C 9C 10C 8D 10D JS AS
teambinary hand: 7D 9D JD 7H 8H 9H 10H KH AH 7S QS KS
rootbotz hand: JC QC KC AC QD KD AD JH QH 8S 9S 10S
  Exchange rootbotz: discard JH 8S 9S 10S -> draw 10C 8D 10D AS (talon 4 left)
  Exchange teambinary: discard 7D 9D 7S -> draw 7C 9C JS (talon 1 left)

--- Phase: declare ---
  Declare point: teambinary wins 6 pts (('point', 6, 'H'))
  Declare sequence: rootbotz wins 10 pts (('sequence', 5, 14, 'C'))
  Declare set: rootbotz wins 3 pts (('set', 3, 14))

--- Phase: tricks ---
  Trick  1: rootbotz leads AS, teambinary plays JS -> rootbotz wins
  Trick  2: rootbotz leads AD, teambinary plays JD -> rootbotz wins
  Trick  3: rootbotz leads AC, teambinary plays 7C -> rootbotz wins
  Trick  4: rootbotz leads 10C, teambinary plays 9C -> rootbotz wins
  Trick  5: rootbotz leads JC, teambinary plays 7H -> rootbotz wins
  Trick  6: rootbotz leads QD, teambinary plays 8H -> rootbotz wins
  Trick  7: rootbotz leads QC, teambinary plays 9H -> rootbotz wins
  Trick  8: rootbotz leads KD, teambinary plays 10H -> rootbotz wins
  Trick  9: rootbotz leads KC, teambinary plays QS -> rootbotz wins
  Trick 10: rootbotz leads 10D, teambinary plays KH -> rootbotz wins
  Trick 11: rootbotz leads 8D, teambinary plays KS -> rootbotz wins
  Trick 12: rootbotz leads QH, teambinary plays AH -> teambinary wins
  Hand: teambinary +8 / rootbotz +34 (tricks 1-11)
  Match total: teambinary 8 - 34 rootbotz
Players: teambinary vs rootbotz
Dealer: rootbotz  |  Elder: teambinary
Match scores: 8 - 34
Talon (8): JC KC JD AD 9H QH 10S JS
teambinary hand: 7C 8C 9C 10C QC 7D 10H JH AH 8S 9S QS
rootbotz hand: AC 8D 9D 10D QD KD 7H 8H KH 7S KS AS
  Exchange teambinary: discard 7D 8S 9S -> draw JC JD 9H (talon 5 left)
  Exchange rootbotz: discard AC 7H 8H 7S AS -> draw KC AD QH 10S JS (talon 0 left)

--- Phase: declare ---
  Declare point: rootbotz wins 6 pts (('point', 6, 'D'))
  Declare sequence: teambinary wins 11 pts (('sequence', 6, 12, 'C'))
  Declare set: rootbotz wins 14 pts (('set', 4, 13))

--- Phase: tricks ---
  Trick  1: teambinary leads AH, rootbotz plays QH -> teambinary wins
  Trick  2: teambinary leads QC, rootbotz plays KC -> rootbotz wins
  Trick  3: rootbotz leads AD, teambinary plays JD -> rootbotz wins
  Trick  4: rootbotz leads QD, teambinary plays 7C -> rootbotz wins
  Trick  5: rootbotz leads 10S, teambinary plays QS -> teambinary wins
  Trick  6: teambinary leads JC, rootbotz plays 8D -> teambinary wins
  Trick  7: teambinary leads 10C, rootbotz plays 9D -> teambinary wins
  Trick  8: teambinary leads JH, rootbotz plays KH -> rootbotz wins
  Trick  9: rootbotz leads JS, teambinary plays 8C -> rootbotz wins
  Trick 10: rootbotz leads KS, teambinary plays 9C -> rootbotz wins
  Trick 11: rootbotz leads KD, teambinary plays 9H -> rootbotz wins
  Trick 12: rootbotz leads 10D, teambinary plays 10H -> rootbotz wins
  Hand: teambinary +15 / rootbotz +39 (tricks 4-8)
  Match total: teambinary 23 - 73 rootbotz
Players: teambinary vs rootbotz
Dealer: teambinary  |  Elder: rootbotz
Match scores: 23 - 73
Talon (8): 10C QC KC AC 8D JD AH 8S
teambinary hand: JC 7D QD KD 7H 9H JH QH 7S 9S JS AS
rootbotz hand: 7C 8C 9C 9D 10D AD 8H 10H KH 10S QS KS
  Exchange rootbotz: discard 7C 8C 9C 9D 8H -> draw 10C QC KC AC JD (talon 3 left)
  Exchange teambinary: discard 7D 7H 7S -> draw 8D AH 8S (talon 0 left)

--- Phase: declare ---
  Declare point: rootbotz wins 4 pts (('point', 4, 'C'))
  Declare sequence: rootbotz wins 3 pts (('sequence', 3, 14, 'C'))
  Declare set: rootbotz wins 3 pts (('set', 3, 13))

--- Phase: tricks ---
  Trick  1: rootbotz leads AD, teambinary plays 8D -> rootbotz wins
  Trick  2: rootbotz leads AC, teambinary plays JC -> rootbotz wins
  Trick  3: rootbotz leads QC, teambinary plays 8S -> rootbotz wins
  Trick  4: rootbotz leads KC, teambinary plays 9H -> rootbotz wins
  Trick  5: rootbotz leads 10C, teambinary plays 9S -> rootbotz wins
  Trick  6: rootbotz leads QS, teambinary plays AS -> teambinary wins
  Trick  7: teambinary leads AH, rootbotz plays 10H -> teambinary wins
  Trick  8: teambinary leads KD, rootbotz plays 10D -> teambinary wins
  Trick  9: teambinary leads QH, rootbotz plays KH -> rootbotz wins
  Trick 10: rootbotz leads JD, teambinary plays QD -> teambinary wins
  Trick 11: teambinary leads JS, rootbotz plays KS -> rootbotz wins
  Trick 12: rootbotz leads 10S, teambinary plays JH -> rootbotz wins
  Hand: teambinary +4 / rootbotz +29 (tricks 4-8)
  Match total: teambinary 27 - 102 rootbotz
  Final: teambinary 27 - 102 rootbotz
  Winner: rootbotz

============================================================
Game 91
============================================================
Players: rootbotz vs teambinary
Dealer: rootbotz  |  Elder: teambinary
Match scores: 0 - 0
Talon (8): 7C KC QD 7H 9H 10H QH 7S
rootbotz hand: JC 8D 10D AD 8H JH KH AH 9S 10S KS AS
teambinary hand: 8C 9C 10C QC AC 7D 9D JD KD 8S JS QS
  Exchange teambinary: discard 7D 9D 8S -> draw 7C KC QD (talon 5 left)
  Exchange rootbotz: discard JC 8D 10D 9S 10S -> draw 7H 9H 10H QH 7S (talon 0 left)

--- Phase: declare ---
  Declare point: rootbotz wins 8 pts (('point', 8, 'H'))
  Declare sequence: rootbotz wins 13 pts (('sequence', 8, 14, 'H'))
  Declare set: rootbotz wins 3 pts (('set', 3, 14))

--- Phase: tricks ---
  Trick  1: teambinary leads AC, rootbotz plays 7S -> teambinary wins
  Trick  2: teambinary leads KC, rootbotz plays 7H -> teambinary wins
  Trick  3: teambinary leads QC, rootbotz plays 8H -> teambinary wins
  Trick  4: teambinary leads 10C, rootbotz plays 9H -> teambinary wins
  Trick  5: teambinary leads 9C, rootbotz plays 10H -> teambinary wins
  Trick  6: teambinary leads KD, rootbotz plays AD -> rootbotz wins
  Trick  7: rootbotz leads AS, teambinary plays JS -> rootbotz wins
  Trick  8: rootbotz leads AH, teambinary plays 7C -> rootbotz wins
  Trick  9: rootbotz leads JH, teambinary plays 8C -> rootbotz wins
  Trick 10: rootbotz leads QH, teambinary plays JD -> rootbotz wins
  Trick 11: rootbotz leads KS, teambinary plays QS -> rootbotz wins
  Trick 12: rootbotz leads KH, teambinary plays QD -> rootbotz wins
  Hand: rootbotz +42 / teambinary +5 (tricks 7-5)
  Match total: rootbotz 42 - 5 teambinary
Players: rootbotz vs teambinary
Dealer: teambinary  |  Elder: rootbotz
Match scores: 42 - 5
Talon (8): 8C 9D QD AD 7H JS KS AS
rootbotz hand: 10C JC QC 7D KD 8H 9H 10H QH KH 8S 9S
teambinary hand: 7C 9C KC AC 8D 10D JD JH AH 7S 10S QS
  Exchange rootbotz: discard JC QC 7D 8S 9S -> draw 8C AD JS KS AS (talon 3 left)
  Exchange teambinary: discard 7C 8D 7S -> draw 9D QD 7H (talon 0 left)

--- Phase: declare ---
  Declare point: rootbotz wins 5 pts (('point', 5, 'H'))
  Declare sequence: teambinary wins 4 pts (('sequence', 4, 12, 'D'))
  Declare set: rootbotz wins 3 pts (('set', 3, 13))

--- Phase: tricks ---
  Trick  1: rootbotz leads AS, teambinary plays 10S -> rootbotz wins
  Trick  2: rootbotz leads AD, teambinary plays 9D -> rootbotz wins
  Trick  3: rootbotz leads KS, teambinary plays QS -> rootbotz wins
  Trick  4: rootbotz leads KD, teambinary plays 10D -> rootbotz wins
  Trick  5: rootbotz leads JS, teambinary plays 7H -> rootbotz wins
  Trick  6: rootbotz leads QH, teambinary plays AH -> teambinary wins
  Trick  7: teambinary leads AC, rootbotz plays 8C -> teambinary wins
  Trick  8: teambinary leads KC, rootbotz plays 10C -> teambinary wins
  Trick  9: teambinary leads QD, rootbotz plays 8H -> teambinary wins
  Trick 10: teambinary leads 9C, rootbotz plays 9H -> teambinary wins
  Trick 11: teambinary leads JH, rootbotz plays KH -> rootbotz wins
  Trick 12: rootbotz leads 10H, teambinary plays JD -> rootbotz wins
  Hand: rootbotz +26 / teambinary +9 (tricks 7-5)
  Match total: rootbotz 68 - 14 teambinary
Players: rootbotz vs teambinary
Dealer: rootbotz  |  Elder: teambinary
Match scores: 68 - 14
Talon (8): 9C 10C AC AD QH AH 8S KS
rootbotz hand: 8C KC 7D 8D 9D 10D JH 7S 9S 10S QS AS
teambinary hand: 7C JC QC JD QD KD 7H 8H 9H 10H KH JS
  Exchange teambinary: discard 7C -> draw QH (talon 7 left)
  Exchange rootbotz: discard 8C JH 7S 9S QS -> draw 10C AC AD AH KS (talon 2 left)

--- Phase: declare ---
  Declare point: teambinary wins 6 pts (('point', 6, 'H'))
  Declare set: rootbotz wins 14 pts (('set', 4, 14))

--- Phase: tricks ---
  Trick  1: teambinary leads KH, rootbotz plays AH -> rootbotz wins
  Trick  2: rootbotz leads AS, teambinary plays JS -> rootbotz wins
  Trick  3: rootbotz leads AD, teambinary plays JD -> rootbotz wins
  Trick  4: rootbotz leads AC, teambinary plays JC -> rootbotz wins
  Trick  5: rootbotz leads KS, teambinary plays 7H -> rootbotz wins
  Trick  6: rootbotz leads KC, teambinary plays QC -> rootbotz wins
  Trick  7: rootbotz leads 10S, teambinary plays 8H -> rootbotz wins
  Trick  8: rootbotz leads 10C, teambinary plays 9H -> rootbotz wins
  Trick  9: rootbotz leads 7D, teambinary plays QD -> teambinary wins
  Trick 10: teambinary leads QH, rootbotz plays 8D -> teambinary wins
  Trick 11: teambinary leads 10H, rootbotz plays 9D -> teambinary wins
  Trick 12: teambinary leads KD, rootbotz plays 10D -> teambinary wins
  Hand: rootbotz +32 / teambinary +11 (tricks 8-4)
  Match total: rootbotz 100 - 25 teambinary
  Final: rootbotz 100 - 25 teambinary
  Winner: rootbotz

============================================================
Game 92
============================================================
Players: teambinary vs rootbotz
Dealer: teambinary  |  Elder: rootbotz
Match scores: 0 - 0
Talon (8): 8C 7D AD 8H 9S 10S QS KS
teambinary hand: 9C JC QC AC 8D 9D JD QD 10H AH 7S AS
rootbotz hand: 7C 10C KC 10D KD 7H 9H JH QH KH 8S JS
  Exchange rootbotz: discard 7C 10C 7H 8S JS -> draw 8C AD 8H 10S KS (talon 3 left)
  Exchange teambinary: discard 9C 8D 7S -> draw 7D 9S QS (talon 0 left)

--- Phase: declare ---
  Declare point: rootbotz wins 5 pts (('point', 5, 'H'))
  Declare sequence: rootbotz wins 3 pts (('sequence', 3, 13, 'H'))
  Declare set: teambinary wins 3 pts (('set', 3, 14))

--- Phase: tricks ---
  Trick  1: rootbotz leads AD, teambinary plays 7D -> rootbotz wins
  Trick  2: rootbotz leads KD, teambinary plays 9D -> rootbotz wins
  Trick  3: rootbotz leads 10D, teambinary plays JD -> teambinary wins
  Trick  4: teambinary leads AC, rootbotz plays 8C -> teambinary wins
  Trick  5: teambinary leads AH, rootbotz plays 8H -> teambinary wins
  Trick  6: teambinary leads AS, rootbotz plays 10S -> teambinary wins
  Trick  7: teambinary leads QC, rootbotz plays KC -> rootbotz wins
  Trick  8: rootbotz leads JH, teambinary plays 10H -> rootbotz wins
  Trick  9: rootbotz leads QH, teambinary plays 9S -> rootbotz wins
  Trick 10: rootbotz leads KS, teambinary plays QS -> rootbotz wins
  Trick 11: rootbotz leads KH, teambinary plays JC -> rootbotz wins
  Trick 12: rootbotz leads 9H, teambinary plays QD -> rootbotz wins
  Hand: teambinary +7 / rootbotz +27 (tricks 4-8)
  Match total: teambinary 7 - 27 rootbotz
Players: teambinary vs rootbotz
Dealer: rootbotz  |  Elder: teambinary
Match scores: 7 - 27
Talon (8): 7C 9C 9D AD 7H 7S JS AS
teambinary hand: QC 8D 10D QD 8H JH QH KH 8S 9S 10S QS
rootbotz hand: 8C 10C JC KC AC 7D JD KD 9H 10H AH KS
  Exchange teambinary: discard 8D 8H -> draw 7C 7S (talon 6 left)
  Exchange rootbotz: discard 8C 7D JD 10H -> draw 9C AD 7H AS (talon 2 left)

--- Phase: declare ---
  Declare point: rootbotz wins 5 pts (('point', 5, 'C'))
  Declare sequence: teambinary wins 4 pts (('sequence', 4, 10, 'S'))
  Declare set: rootbotz wins 14 pts (('set', 4, 14))

--- Phase: tricks ---
  Trick  1: teambinary leads QS, rootbotz plays KS -> rootbotz wins
  Trick  2: rootbotz leads AH, teambinary plays JH -> rootbotz wins
  Trick  3: rootbotz leads AD, teambinary plays 10D -> rootbotz wins
  Trick  4: rootbotz leads AC, teambinary plays 7C -> rootbotz wins
  Trick  5: rootbotz leads AS, teambinary plays 7S -> rootbotz wins
  Trick  6: rootbotz leads KD, teambinary plays QD -> rootbotz wins
  Trick  7: rootbotz leads KC, teambinary plays QC -> rootbotz wins
  Trick  8: rootbotz leads 7H, teambinary plays QH -> teambinary wins
  Trick  9: teambinary leads 10S, rootbotz plays 9H -> teambinary wins
  Trick 10: teambinary leads 9S, rootbotz plays 9C -> teambinary wins
  Trick 11: teambinary leads KH, rootbotz plays 10C -> teambinary wins
  Trick 12: teambinary leads 8S, rootbotz plays JC -> teambinary wins
  Hand: teambinary +10 / rootbotz +36 (tricks 5-7)
  Match total: teambinary 17 - 63 rootbotz
Players: teambinary vs rootbotz
Dealer: teambinary  |  Elder: rootbotz
Match scores: 17 - 63
Talon (8): 7D 7H 10H 7S 8S 10S QS AS
teambinary hand: 10C QC KC AC 9D 10D JD QD KD AD JS KS
rootbotz hand: 7C 8C 9C JC 8D 8H 9H JH QH KH AH 9S
  Exchange rootbotz: discard 7C 8C JC 8D 9S -> draw 7D 7H 7S 10S QS (talon 3 left)
  Exchange teambinary: discard  -> draw  (talon 3 left)

--- Phase: declare ---
  Declare point: rootbotz wins 7 pts (('point', 7, 'H'))
  Declare sequence: teambinary wins 11 pts (('sequence', 6, 14, 'D'))
  Declare set: teambinary wins 3 pts (('set', 3, 13))

--- Phase: tricks ---
  Trick  1: rootbotz leads AH, teambinary plays 9D -> rootbotz wins
  Trick  2: rootbotz leads JH, teambinary plays 10C -> rootbotz wins
  Trick  3: rootbotz leads QH, teambinary plays 10D -> rootbotz wins
  Trick  4: rootbotz leads KH, teambinary plays JD -> rootbotz wins
  Trick  5: rootbotz leads 7H, teambinary plays JS -> rootbotz wins
  Trick  6: rootbotz leads 8H, teambinary plays QC -> rootbotz wins
  Trick  7: rootbotz leads 9H, teambinary plays QD -> rootbotz wins
  Trick  8: rootbotz leads 7S, teambinary plays KS -> teambinary wins
  Trick  9: teambinary leads AD, rootbotz plays 7D -> teambinary wins
  Trick 10: teambinary leads AC, rootbotz plays 9C -> teambinary wins
  Trick 11: teambinary leads KC, rootbotz plays 10S -> teambinary wins
  Trick 12: teambinary leads KD, rootbotz plays QS -> teambinary wins
  Hand: teambinary +20 / rootbotz +24 (tricks 5-7)
  Match total: teambinary 37 - 87 rootbotz
Players: teambinary vs rootbotz
Dealer: rootbotz  |  Elder: teambinary
Match scores: 37 - 87
Talon (8): JC QC 9D QD KD 7H JH KH
teambinary hand: 9C 10C AC 10D AD 8H QH AH 7S JS QS KS
rootbotz hand: 7C 8C KC 7D 8D JD 9H 10H 8S 9S 10S AS
  Exchange teambinary: discard 9C 8H 7S -> draw QC 9D JH (talon 5 left)
  Exchange rootbotz: discard 7C 8C 7D 8D 9H -> draw JC QD KD 7H KH (talon 0 left)

--- Phase: declare ---
  Declare point: rootbotz wins 4 pts (('point', 4, 'S'))
  Declare set: teambinary wins 3 pts (('set', 3, 14))

--- Phase: tricks ---
  Trick  1: teambinary leads AD, rootbotz plays JD -> teambinary wins
  Trick  2: teambinary leads AC, rootbotz plays JC -> teambinary wins
  Trick  3: teambinary leads AH, rootbotz plays 7H -> teambinary wins
  Trick  4: teambinary leads KS, rootbotz plays AS -> rootbotz wins
  Trick  5: rootbotz leads 8S, teambinary plays JS -> teambinary wins
  Trick  6: teambinary leads QC, rootbotz plays KC -> rootbotz wins
  Trick  7: rootbotz leads 9S, teambinary plays QS -> teambinary wins
  Trick  8: teambinary leads QH, rootbotz plays KH -> rootbotz wins
  Trick  9: rootbotz leads 10S, teambinary plays 9D -> rootbotz wins
  Trick 10: rootbotz leads 10H, teambinary plays JH -> teambinary wins
  Trick 11: teambinary leads 10C, rootbotz plays QD -> teambinary wins
  Trick 12: teambinary leads 10D, rootbotz plays KD -> rootbotz wins
  Hand: teambinary +20 / rootbotz +10 (tricks 7-5)
  Match total: teambinary 57 - 97 rootbotz
Players: teambinary vs rootbotz
Dealer: teambinary  |  Elder: rootbotz
Match scores: 57 - 97
Talon (8): 8C 9C QC 10D KD 8H KH JS
teambinary hand: KC 7D 8D 9D AD 9H 10H AH 7S 9S 10S AS
rootbotz hand: 7C 10C JC AC JD QD 7H JH QH 8S QS KS
  Exchange rootbotz: discard 7C JD 7H JH 8S -> draw 8C 10D KD KH JS (talon 3 left)
  Exchange teambinary: discard 9H 7S 9S -> draw 9C QC 8H (talon 0 left)

--- Phase: declare ---
  Declare point: rootbotz wins 4 pts (('point', 4, 'C'))
  Declare sequence: rootbotz wins 3 pts (('sequence', 3, 13, 'S'))
  Declare set: teambinary wins 3 pts (('set', 3, 14))

--- Phase: tricks ---
  Trick  1: rootbotz leads AC, teambinary plays 9C -> rootbotz wins
  Trick  2: rootbotz leads 10D, teambinary plays AD -> teambinary wins
  Trick  3: teambinary leads AS, rootbotz plays JS -> teambinary wins
  Trick  4: teambinary leads AH, rootbotz plays QH -> teambinary wins
  Trick  5: teambinary leads 9D, rootbotz plays QD -> rootbotz wins
  Trick  6: rootbotz leads QS, teambinary plays 10S -> rootbotz wins
  Trick  7: rootbotz leads KS, teambinary plays 7D -> rootbotz wins
  Trick  8: rootbotz leads KH, teambinary plays 8H -> rootbotz wins
  Trick  9: rootbotz leads 10C, teambinary plays QC -> teambinary wins
  Trick 10: teambinary leads 8D, rootbotz plays KD -> rootbotz wins
  Trick 11: rootbotz leads JC, teambinary plays KC -> teambinary wins
  Trick 12: teambinary leads 10H, rootbotz plays 8C -> teambinary wins
  Hand: teambinary +10 / rootbotz +13 (tricks 6-6)
  Match total: teambinary 67 - 110 rootbotz
  Final: teambinary 67 - 110 rootbotz
  Winner: rootbotz

============================================================
Game 93
============================================================
Players: rootbotz vs teambinary
Dealer: rootbotz  |  Elder: teambinary
Match scores: 0 - 0
Talon (8): 7C 9C AD 8H 9H 10H 7S 9S
rootbotz hand: 10C QC KC 10D QD KD JH KH 8S 10S QS AS
teambinary hand: 8C JC AC 7D 8D 9D JD 7H QH AH JS KS
  Exchange teambinary: discard 8C 7H -> draw 8H 7S (talon 6 left)
  Exchange rootbotz: discard 10C QC 10D QD JH -> draw 7C 9C 9H 10H 9S (talon 1 left)

--- Phase: declare ---
  Declare point: rootbotz wins 5 pts (('point', 5, 'S'))
  Declare sequence: rootbotz wins 3 pts (('sequence', 3, 10, 'S'))
  Declare set: rootbotz wins 3 pts (('set', 3, 13))

--- Phase: tricks ---
  Trick  1: teambinary leads AH, rootbotz plays 9H -> teambinary wins
  Trick  2: teambinary leads AC, rootbotz plays 7C -> teambinary wins
  Trick  3: teambinary leads JD, rootbotz plays KD -> rootbotz wins
  Trick  4: rootbotz leads AS, teambinary plays 7S -> rootbotz wins
  Trick  5: rootbotz leads KH, teambinary plays 8H -> rootbotz wins
  Trick  6: rootbotz leads KC, teambinary plays JC -> rootbotz wins
  Trick  7: rootbotz leads 9C, teambinary plays 7D -> rootbotz wins
  Trick  8: rootbotz leads 10H, teambinary plays QH -> teambinary wins
  Trick  9: teambinary leads KS, rootbotz plays 8S -> teambinary wins
  Trick 10: teambinary leads 9D, rootbotz plays 9S -> teambinary wins
  Trick 11: teambinary leads JS, rootbotz plays QS -> rootbotz wins
  Trick 12: rootbotz leads 10S, teambinary plays 8D -> rootbotz wins
  Hand: rootbotz +29 / teambinary +5 (tricks 7-5)
  Match total: rootbotz 29 - 5 teambinary
Players: rootbotz vs teambinary
Dealer: teambinary  |  Elder: rootbotz
Match scores: 29 - 5
Talon (8): 8C QD AD 7H JH AH 7S JS
rootbotz hand: 10C JC AC 7D 9D 8H 9H 10H 10S QS KS AS
teambinary hand: 7C 9C QC KC 8D 10D JD KD QH KH 8S 9S
  Exchange rootbotz: discard 7D 9D 8H 9H -> draw AD 7H 7S JS (talon 4 left)
  Exchange teambinary: discard 7C 8D 8S 9S -> draw 8C QD JH AH (talon 0 left)

--- Phase: declare ---
  Declare point: rootbotz wins 6 pts (('point', 6, 'S'))
  Declare sequence: rootbotz wins 10 pts (('sequence', 5, 14, 'S'))
  Declare set: rootbotz wins 3 pts (('set', 3, 14))

--- Phase: tricks ---
  Trick  1: rootbotz leads AS, teambinary plays 8C -> rootbotz wins
  Trick  2: rootbotz leads AD, teambinary plays 10D -> rootbotz wins
  Trick  3: rootbotz leads AC, teambinary plays 9C -> rootbotz wins
  Trick  4: rootbotz leads 10S, teambinary plays JD -> rootbotz wins
  Trick  5: rootbotz leads JS, teambinary plays JH -> rootbotz wins
  Trick  6: rootbotz leads QS, teambinary plays QC -> rootbotz wins
  Trick  7: rootbotz leads KS, teambinary plays QD -> rootbotz wins
  Trick  8: rootbotz leads 7S, teambinary plays QH -> rootbotz wins
  Trick  9: rootbotz leads 10C, teambinary plays KC -> teambinary wins
  Trick 10: teambinary leads AH, rootbotz plays 7H -> teambinary wins
  Trick 11: teambinary leads KH, rootbotz plays 10H -> teambinary wins
  Trick 12: teambinary leads KD, rootbotz plays JC -> teambinary wins
  Hand: rootbotz +37 / teambinary +5 (tricks 8-4)
  Match total: rootbotz 66 - 10 teambinary
Players: rootbotz vs teambinary
Dealer: rootbotz  |  Elder: teambinary
Match scores: 66 - 10
Talon (8): 7C JC KC QD KD AD JH KH
rootbotz hand: 8C 9C 10C QC AC 7D 9D QH 7S 8S 9S JS
teambinary hand: 8D 10D JD 7H 8H 9H 10H AH 10S QS KS AS
  Exchange teambinary: discard 8D -> draw 7C (talon 7 left)
  Exchange rootbotz: discard 7D 9D QH 7S 8S 9S JS -> draw JC KC QD KD AD JH KH (talon 0 left)

--- Phase: declare ---
  Declare point: rootbotz wins 7 pts (('point', 7, 'C'))
  Declare sequence: rootbotz wins 12 pts (('sequence', 7, 14, 'C'))
  Declare set: rootbotz wins 3 pts (('set', 3, 13))

--- Phase: tricks ---
  Trick  1: teambinary leads AH, rootbotz plays JH -> teambinary wins
  Trick  2: teambinary leads AS, rootbotz plays 8C -> teambinary wins
  Trick  3: teambinary leads 10H, rootbotz plays KH -> rootbotz wins
  Trick  4: rootbotz leads AD, teambinary plays 10D -> rootbotz wins
  Trick  5: rootbotz leads AC, teambinary plays 7C -> rootbotz wins
  Trick  6: rootbotz leads 9C, teambinary plays 7H -> rootbotz wins
  Trick  7: rootbotz leads 10C, teambinary plays 8H -> rootbotz wins
  Trick  8: rootbotz leads JC, teambinary plays 9H -> rootbotz wins
  Trick  9: rootbotz leads QD, teambinary plays JD -> rootbotz wins
  Trick 10: rootbotz leads QC, teambinary plays 10S -> rootbotz wins
  Trick 11: rootbotz leads KD, teambinary plays QS -> rootbotz wins
  Trick 12: rootbotz leads KC, teambinary plays KS -> rootbotz wins
  Hand: rootbotz +43 / teambinary +2 (tricks 10-2)
  Match total: rootbotz 109 - 12 teambinary
  Final: rootbotz 109 - 12 teambinary
  Winner: rootbotz

============================================================
Game 94
============================================================
Players: teambinary vs rootbotz
Dealer: teambinary  |  Elder: rootbotz
Match scores: 0 - 0
Talon (8): JC KC 8D JD QD KH 10S JS
teambinary hand: 7C 8C 9C 10C 7D KD 8H 9H JH 7S QS KS
rootbotz hand: QC AC 9D 10D AD 7H 10H QH AH 8S 9S AS
  Exchange rootbotz: discard 9D 10D 7H 8S 9S -> draw KC JD QD KH 10S (talon 3 left)
  Exchange teambinary: discard 7D 8H 7S -> draw JC 8D JS (talon 0 left)

--- Phase: declare ---
  Declare point: teambinary wins 5 pts (('point', 5, 'C'))
  Declare sequence: teambinary wins 10 pts (('sequence', 5, 11, 'C'))
  Declare set: rootbotz wins 14 pts (('set', 4, 14))

--- Phase: tricks ---
  Trick  1: rootbotz leads AS, teambinary plays JS -> rootbotz wins
  Trick  2: rootbotz leads AH, teambinary plays 9H -> rootbotz wins
  Trick  3: rootbotz leads AD, teambinary plays 8D -> rootbotz wins
  Trick  4: rootbotz leads AC, teambinary plays 7C -> rootbotz wins
  Trick  5: rootbotz leads QH, teambinary plays JH -> rootbotz wins
  Trick  6: rootbotz leads QC, teambinary plays 8C -> rootbotz wins
  Trick  7: rootbotz leads KH, teambinary plays 9C -> rootbotz wins
  Trick  8: rootbotz leads 10S, teambinary plays QS -> teambinary wins
  Trick  9: teambinary leads JC, rootbotz plays KC -> rootbotz wins
  Trick 10: rootbotz leads 10H, teambinary plays 10C -> rootbotz wins
  Trick 11: rootbotz leads JD, teambinary plays KD -> teambinary wins
  Trick 12: teambinary leads KS, rootbotz plays QD -> teambinary wins
  Hand: teambinary +19 / rootbotz +33 (tricks 3-9)
  Match total: teambinary 19 - 33 rootbotz
Players: teambinary vs rootbotz
Dealer: rootbotz  |  Elder: teambinary
Match scores: 19 - 33
Talon (8): 9C 10C 7H 8H JH QH 7S 9S
teambinary hand: 8C AC 9D 10D KD AD 9H 10H KH 8S 10S KS
rootbotz hand: 7C JC QC KC 7D 8D JD QD AH JS QS AS
  Exchange teambinary: discard 8C 9D 9H 8S -> draw JH QH 7S 9S (talon 4 left)
  Exchange rootbotz: discard 7D 8D JD JS -> draw 9C 10C 7H 8H (talon 0 left)

--- Phase: declare ---
  Declare point: rootbotz wins 6 pts (('point', 6, 'C'))
  Declare sequence: rootbotz wins 10 pts (('sequence', 5, 13, 'C'))
  Declare set: teambinary wins 3 pts (('set', 3, 13))

--- Phase: tricks ---
  Trick  1: teambinary leads AC, rootbotz plays 7C -> teambinary wins
  Trick  2: teambinary leads AD, rootbotz plays QD -> teambinary wins
  Trick  3: teambinary leads KH, rootbotz plays AH -> rootbotz wins
  Trick  4: rootbotz leads AS, teambinary plays 7S -> rootbotz wins
  Trick  5: rootbotz leads 9C, teambinary plays 9S -> rootbotz wins
  Trick  6: rootbotz leads 10C, teambinary plays 10D -> rootbotz wins
  Trick  7: rootbotz leads JC, teambinary plays 10H -> rootbotz wins
  Trick  8: rootbotz leads QC, teambinary plays 10S -> rootbotz wins
  Trick  9: rootbotz leads KC, teambinary plays JH -> rootbotz wins
  Trick 10: rootbotz leads 7H, teambinary plays QH -> teambinary wins
  Trick 11: teambinary leads KS, rootbotz plays QS -> teambinary wins
  Trick 12: teambinary leads KD, rootbotz plays 8H -> teambinary wins
  Hand: teambinary +9 / rootbotz +33 (tricks 5-7)
  Match total: teambinary 28 - 66 rootbotz
Players: teambinary vs rootbotz
Dealer: teambinary  |  Elder: rootbotz
Match scores: 28 - 66
Talon (8): 8C QC 7H 9H 10H 8S JS QS
teambinary hand: 7C 10C JC KC AC 9D 8H KH AH 9S KS AS
rootbotz hand: 9C 7D 8D 10D JD QD KD AD JH QH 7S 10S
  Exchange rootbotz: discard 9C 7D 7S 10S -> draw 8C QC 10H 8S (talon 4 left)
  Exchange teambinary: discard 7C 9D 8H 9S -> draw 7H 9H JS QS (talon 0 left)

--- Phase: declare ---
  Declare point: rootbotz wins 6 pts (('point', 6, 'D'))
  Declare sequence: rootbotz wins 10 pts (('sequence', 5, 14, 'D'))
  Declare set: teambinary wins 3 pts (('set', 3, 14))

--- Phase: tricks ---
  Trick  1: rootbotz leads AD, teambinary plays 7H -> rootbotz wins
  Trick  2: rootbotz leads 10D, teambinary plays 9H -> rootbotz wins
  Trick  3: rootbotz leads JD, teambinary plays 10C -> rootbotz wins
  Trick  4: rootbotz leads QD, teambinary plays JC -> rootbotz wins
  Trick  5: rootbotz leads KD, teambinary plays JS -> rootbotz wins
  Trick  6: rootbotz leads 8D, teambinary plays QS -> rootbotz wins
  Trick  7: rootbotz leads 10H, teambinary plays KH -> teambinary wins
  Trick  8: teambinary leads AH, rootbotz plays JH -> teambinary wins
  Trick  9: teambinary leads AS, rootbotz plays 8S -> teambinary wins
  Trick 10: teambinary leads AC, rootbotz plays 8C -> teambinary wins
  Trick 11: teambinary leads KS, rootbotz plays QH -> teambinary wins
  Trick 12: teambinary leads KC, rootbotz plays QC -> teambinary wins
  Hand: teambinary +10 / rootbotz +22 (tricks 6-6)
  Match total: teambinary 38 - 88 rootbotz
Players: teambinary vs rootbotz
Dealer: rootbotz  |  Elder: teambinary
Match scores: 38 - 88
Talon (8): 9C 10C JC QC AC JD QD JS
teambinary hand: 7C 10D AD 7H 8H 9H 10H 8S 9S 10S QS AS
rootbotz hand: 8C KC 7D 8D 9D KD JH QH KH AH 7S KS
  Exchange teambinary: discard 7C -> draw QC (talon 7 left)
  Exchange rootbotz: discard 8C 7D 9D 7S -> draw 9C JC JD QD (talon 3 left)

--- Phase: declare ---
  Declare point: teambinary wins 5 pts (('point', 5, 'S'))
  Declare sequence: rootbotz wins 4 pts (('sequence', 4, 14, 'H'))
  Declare set: rootbotz wins 14 pts (('set', 4, 13))

--- Phase: tricks ---
  Trick  1: teambinary leads AD, rootbotz plays 8D -> teambinary wins
  Trick  2: teambinary leads AS, rootbotz plays KS -> teambinary wins
  Trick  3: teambinary leads 10H, rootbotz plays JH -> rootbotz wins
  Trick  4: rootbotz leads AH, teambinary plays 7H -> rootbotz wins
  Trick  5: rootbotz leads JD, teambinary plays 10D -> rootbotz wins
  Trick  6: rootbotz leads QH, teambinary plays 8H -> rootbotz wins
  Trick  7: rootbotz leads QD, teambinary plays 8S -> rootbotz wins
  Trick  8: rootbotz leads KH, teambinary plays 9H -> rootbotz wins
  Trick  9: rootbotz leads KD, teambinary plays 9S -> rootbotz wins
  Trick 10: rootbotz leads 9C, teambinary plays QC -> teambinary wins
  Trick 11: teambinary leads QS, rootbotz plays JC -> teambinary wins
  Trick 12: teambinary leads 10S, rootbotz plays KC -> teambinary wins
  Hand: teambinary +11 / rootbotz +35 (tricks 5-7)
  Match total: teambinary 49 - 123 rootbotz
  Final: teambinary 49 - 123 rootbotz
  Winner: rootbotz

============================================================
Game 95
============================================================
Players: rootbotz vs teambinary
Dealer: rootbotz  |  Elder: teambinary
Match scores: 0 - 0
Talon (8): 10C QC 8D JD QD 7H JS AS
rootbotz hand: 9C JC AC AD 8H 10H JH AH 7S 10S QS KS
teambinary hand: 7C 8C KC 7D 9D 10D KD 9H QH KH 8S 9S
  Exchange teambinary: discard 7C 8C 7D 8S 9S -> draw 10C QC 8D QD AS (talon 3 left)
  Exchange rootbotz: discard 9C 8H 7S -> draw JD 7H JS (talon 0 left)

--- Phase: declare ---
  Declare point: teambinary wins 5 pts (('point', 5, 'D'))
  Declare sequence: rootbotz wins 4 pts (('sequence', 4, 13, 'S'))
  Declare set: rootbotz wins 3 pts (('set', 3, 14))

--- Phase: tricks ---
  Trick  1: teambinary leads AS, rootbotz plays 10S -> teambinary wins
  Trick  2: teambinary leads KD, rootbotz plays AD -> rootbotz wins
  Trick  3: rootbotz leads AH, teambinary plays 9H -> rootbotz wins
  Trick  4: rootbotz leads AC, teambinary plays 10C -> rootbotz wins
  Trick  5: rootbotz leads JS, teambinary plays 8D -> rootbotz wins
  Trick  6: rootbotz leads QS, teambinary plays 9D -> rootbotz wins
  Trick  7: rootbotz leads KS, teambinary plays 10D -> rootbotz wins
  Trick  8: rootbotz leads JD, teambinary plays QD -> teambinary wins
  Trick  9: teambinary leads KH, rootbotz plays 7H -> teambinary wins
  Trick 10: teambinary leads KC, rootbotz plays JC -> teambinary wins
  Trick 11: teambinary leads QH, rootbotz plays 10H -> teambinary wins
  Trick 12: teambinary leads QC, rootbotz plays JH -> teambinary wins
  Hand: rootbotz +13 / teambinary +12 (tricks 6-6)
  Match total: rootbotz 13 - 12 teambinary
Players: rootbotz vs teambinary
Dealer: teambinary  |  Elder: rootbotz
Match scores: 13 - 12
Talon (8): 7C 8C AC 8D JD 8H JH QS
rootbotz hand: QC 7D 9D 10D QD 7H 9H 10H 8S 9S 10S AS
teambinary hand: 9C 10C JC KC KD AD QH KH AH 7S JS KS
  Exchange rootbotz: discard 7D 9D QD 7H 9H -> draw 8C AC JD 8H QS (talon 3 left)
  Exchange teambinary: discard 7S -> draw 7C (talon 2 left)

--- Phase: declare ---
  Declare point: rootbotz wins 5 pts (('point', 5, 'S'))
  Declare sequence: teambinary wins 3 pts (('sequence', 3, 14, 'H'))
  Declare set: teambinary wins 14 pts (('set', 4, 13))

--- Phase: tricks ---
  Trick  1: rootbotz leads AS, teambinary plays JS -> rootbotz wins
  Trick  2: rootbotz leads AC, teambinary plays 7C -> rootbotz wins
  Trick  3: rootbotz leads QS, teambinary plays KS -> teambinary wins
  Trick  4: teambinary leads AH, rootbotz plays 8H -> teambinary wins
  Trick  5: teambinary leads AD, rootbotz plays 10D -> teambinary wins
  Trick  6: teambinary leads KC, rootbotz plays 8C -> teambinary wins
  Trick  7: teambinary leads JC, rootbotz plays QC -> rootbotz wins
  Trick  8: rootbotz leads 8S, teambinary plays 9C -> rootbotz wins
  Trick  9: rootbotz leads 9S, teambinary plays 10C -> rootbotz wins
  Trick 10: rootbotz leads 10S, teambinary plays QH -> rootbotz wins
  Trick 11: rootbotz leads 10H, teambinary plays KH -> teambinary wins
  Trick 12: teambinary leads KD, rootbotz plays JD -> teambinary wins
  Hand: rootbotz +11 / teambinary +24 (tricks 6-6)
  Match total: rootbotz 24 - 36 teambinary
Players: rootbotz vs teambinary
Dealer: rootbotz  |  Elder: teambinary
Match scores: 24 - 36
Talon (8): 7C 10C JC 10D 7H 8H AH 9S
rootbotz hand: 8C 9C KC AC JD QD 9H 10H JH 10S JS AS
teambinary hand: QC 7D 8D 9D KD AD QH KH 7S 8S QS KS
  Exchange teambinary: discard 7S 8S -> draw 7H 8H (talon 6 left)
  Exchange rootbotz: discard 8C 9C KC QD 10S -> draw 10C JC 10D AH 9S (talon 1 left)

--- Phase: declare ---
  Declare point: teambinary wins 5 pts (('point', 5, 'D'))
  Declare sequence: rootbotz wins 3 pts (('sequence', 3, 11, 'H'))
  Declare set: rootbotz wins 3 pts (('set', 3, 14))

--- Phase: tricks ---
  Trick  1: teambinary leads AD, rootbotz plays 10D -> teambinary wins
  Trick  2: teambinary leads KD, rootbotz plays JD -> teambinary wins
  Trick  3: teambinary leads KH, rootbotz plays AH -> rootbotz wins
  Trick  4: rootbotz leads AS, teambinary plays QS -> rootbotz wins
  Trick  5: rootbotz leads AC, teambinary plays QC -> rootbotz wins
  Trick  6: rootbotz leads 9H, teambinary plays QH -> teambinary wins
  Trick  7: teambinary leads 9D, rootbotz plays 9S -> teambinary wins
  Trick  8: teambinary leads 8D, rootbotz plays 10H -> teambinary wins
  Trick  9: teambinary leads 8H, rootbotz plays JH -> rootbotz wins
  Trick 10: rootbotz leads 10C, teambinary plays 7D -> rootbotz wins
  Trick 11: rootbotz leads JC, teambinary plays 7H -> rootbotz wins
  Trick 12: rootbotz leads JS, teambinary plays KS -> teambinary wins
  Hand: rootbotz +12 / teambinary +12 (tricks 6-6)
  Match total: rootbotz 36 - 48 teambinary
Players: rootbotz vs teambinary
Dealer: teambinary  |  Elder: rootbotz
Match scores: 36 - 48
Talon (8): 8D 9D 10D AD 10H QH 10S JS
rootbotz hand: 8C 9C 10C JC QC AC 7D JD 8H JH AH AS
teambinary hand: 7C KC QD KD 7H 9H KH 7S 8S 9S QS KS
  Exchange rootbotz: discard 7D JD 8H -> draw 9D 10D 10H (talon 5 left)
  Exchange teambinary: discard 7C 7H 9H -> draw 8D 10S JS (talon 2 left)

--- Phase: declare ---
  Declare point: teambinary wins 7 pts (('point', 7, 'S'))
  Declare sequence: teambinary wins 12 pts (('sequence', 7, 13, 'S'))
  Declare set: rootbotz wins 3 pts (('set', 3, 14))

--- Phase: tricks ---
  Trick  1: rootbotz leads AS, teambinary plays 7S -> rootbotz wins
  Trick  2: rootbotz leads AH, teambinary plays KH -> rootbotz wins
  Trick  3: rootbotz leads AC, teambinary plays KC -> rootbotz wins
  Trick  4: rootbotz leads 8C, teambinary plays 8D -> rootbotz wins
  Trick  5: rootbotz leads 9C, teambinary plays 8S -> rootbotz wins
  Trick  6: rootbotz leads 9D, teambinary plays QD -> teambinary wins
  Trick  7: teambinary leads KS, rootbotz plays 10D -> teambinary wins
  Trick  8: teambinary leads QS, rootbotz plays 10H -> teambinary wins
  Trick  9: teambinary leads JS, rootbotz plays 10C -> teambinary wins
  Trick 10: teambinary leads 10S, rootbotz plays JH -> teambinary wins
  Trick 11: teambinary leads KD, rootbotz plays JC -> teambinary wins
  Trick 12: teambinary leads 9S, rootbotz plays QC -> teambinary wins
  Hand: rootbotz +8 / teambinary +37 (tricks 5-7)
  Match total: rootbotz 44 - 85 teambinary
Players: rootbotz vs teambinary
Dealer: rootbotz  |  Elder: teambinary
Match scores: 44 - 85
Talon (8): 9C QD AD 8H 10H QH 8S AS
rootbotz hand: 10C QC KC AC 7D 8D JD 9H JH 7S 10S QS
teambinary hand: 7C 8C JC 9D 10D KD 7H KH AH 9S JS KS
  Exchange teambinary: discard 7C 8C 9D 7H 9S -> draw QD AD 8H QH 8S (talon 3 left)
  Exchange rootbotz: discard 8D JD 9H -> draw 9C 10H AS (talon 0 left)

--- Phase: declare ---
  Declare point: rootbotz wins 5 pts (('point', 5, 'C'))
  Declare set: teambinary wins 3 pts (('set', 3, 13))

--- Phase: tricks ---
  Trick  1: teambinary leads AH, rootbotz plays 10H -> teambinary wins
  Trick  2: teambinary leads AD, rootbotz plays 7D -> teambinary wins
  Trick  3: teambinary leads KS, rootbotz plays AS -> rootbotz wins
  Trick  4: rootbotz leads AC, teambinary plays JC -> rootbotz wins
  Trick  5: rootbotz leads QC, teambinary plays 8H -> rootbotz wins
  Trick  6: rootbotz leads KC, teambinary plays 8S -> rootbotz wins
  Trick  7: rootbotz leads 9C, teambinary plays 10D -> rootbotz wins
  Trick  8: rootbotz leads 10C, teambinary plays JS -> rootbotz wins
  Trick  9: rootbotz leads 7S, teambinary plays QD -> rootbotz wins
  Trick 10: rootbotz leads 10S, teambinary plays QH -> rootbotz wins
  Trick 11: rootbotz leads JH, teambinary plays KH -> teambinary wins
  Trick 12: teambinary leads KD, rootbotz plays QS -> teambinary wins
  Hand: rootbotz +23 / teambinary +8 (tricks 8-4)
  Match total: rootbotz 67 - 93 teambinary
Players: rootbotz vs teambinary
Dealer: teambinary  |  Elder: rootbotz
Match scores: 67 - 93
Talon (8): 7C 10C KC KD 7H 8H JH QH
rootbotz hand: 8C 9C AC 9D 10D JD 9H 7S 9S 10S QS KS
teambinary hand: JC QC 7D 8D QD AD 10H KH AH 8S JS AS
  Exchange rootbotz: discard 8C 9C 9H 7S 9S -> draw 7C 10C KC 7H JH (talon 3 left)
  Exchange teambinary: discard 7D 8D 8S -> draw KD 8H QH (talon 0 left)

--- Phase: declare ---
  Declare point: teambinary wins 5 pts (('point', 5, 'H'))
  Declare sequence: teambinary wins 3 pts (('sequence', 3, 14, 'H'))
  Declare set: teambinary wins 3 pts (('set', 3, 14))

--- Phase: tricks ---
  Trick  1: rootbotz leads AC, teambinary plays JC -> rootbotz wins
  Trick  2: rootbotz leads KC, teambinary plays QC -> rootbotz wins
  Trick  3: rootbotz leads 7C, teambinary plays 8H -> rootbotz wins
  Trick  4: rootbotz leads 10C, teambinary plays 10H -> rootbotz wins
  Trick  5: rootbotz leads JH, teambinary plays QH -> teambinary wins
  Trick  6: teambinary leads AD, rootbotz plays 9D -> teambinary wins
  Trick  7: teambinary leads AH, rootbotz plays 7H -> teambinary wins
  Trick  8: teambinary leads AS, rootbotz plays 10S -> teambinary wins
  Trick  9: teambinary leads KD, rootbotz plays 10D -> teambinary wins
  Trick 10: teambinary leads QD, rootbotz plays JD -> teambinary wins
  Trick 11: teambinary leads JS, rootbotz plays QS -> rootbotz wins
  Trick 12: rootbotz leads KS, teambinary plays KH -> rootbotz wins
  Hand: rootbotz +7 / teambinary +17 (tricks 6-6)
  Match total: rootbotz 74 - 110 teambinary
  Final: rootbotz 74 - 110 teambinary
  Winner: teambinary

============================================================
Game 96
============================================================
Players: teambinary vs rootbotz
Dealer: teambinary  |  Elder: rootbotz
Match scores: 0 - 0
Talon (8): AC 8D QD KD AD 8H JH AS
teambinary hand: 7C 8C 10C JC KC 9D 10D 7H 7S 8S QS KS
rootbotz hand: 9C QC 7D JD 9H 10H QH KH AH 9S 10S JS
  Exchange rootbotz: discard 9C 7D JD 9S JS -> draw AC QD AD JH AS (talon 3 left)
  Exchange teambinary: discard 9D 7H 7S -> draw 8D KD 8H (talon 0 left)

--- Phase: declare ---
  Declare point: rootbotz wins 6 pts (('point', 6, 'H'))
  Declare sequence: rootbotz wins 11 pts (('sequence', 6, 14, 'H'))
  Declare set: rootbotz wins 14 pts (('set', 4, 14))

--- Phase: tricks ---
  Trick  1: rootbotz leads AS, teambinary plays 8S -> rootbotz wins
  Trick  2: rootbotz leads AH, teambinary plays 8H -> rootbotz wins
  Trick  3: rootbotz leads AD, teambinary plays 8D -> rootbotz wins
  Trick  4: rootbotz leads AC, teambinary plays 7C -> rootbotz wins
  Trick  5: rootbotz leads 9H, teambinary plays 8C -> rootbotz wins
  Trick  6: rootbotz leads 10H, teambinary plays 10C -> rootbotz wins
  Trick  7: rootbotz leads JH, teambinary plays 10D -> rootbotz wins
  Trick  8: rootbotz leads QH, teambinary plays JC -> rootbotz wins
  Trick  9: rootbotz leads KH, teambinary plays QS -> rootbotz wins
  Trick 10: rootbotz leads QD, teambinary plays KD -> teambinary wins
  Trick 11: teambinary leads KC, rootbotz plays QC -> teambinary wins
  Trick 12: teambinary leads KS, rootbotz plays 10S -> teambinary wins
  Hand: teambinary +4 / rootbotz +110 (tricks 3-9)
  Match total: teambinary 4 - 110 rootbotz
  Final: teambinary 4 - 110 rootbotz
  Winner: rootbotz

============================================================
Game 97
============================================================
Players: rootbotz vs teambinary
Dealer: rootbotz  |  Elder: teambinary
Match scores: 0 - 0
Talon (8): 9C 9D JD KD 8H QH 8S QS
rootbotz hand: 7C 10C JC QC 7D 8D QD 10H JH AH 10S JS
teambinary hand: 8C KC AC 10D AD 7H 9H KH 7S 9S KS AS
  Exchange teambinary: discard 8C 7H 9H 7S 9S -> draw 9C 9D JD QH 8S (talon 3 left)
  Exchange rootbotz: discard 7C 7D 10S -> draw KD 8H QS (talon 0 left)

--- Phase: declare ---
  Declare point: teambinary wins 4 pts (('point', 4, 'D'))
  Declare sequence: rootbotz wins 3 pts (('sequence', 3, 12, 'C'))
  Declare set: teambinary wins 3 pts (('set', 3, 14))

--- Phase: tricks ---
  Trick  1: teambinary leads AS, rootbotz plays JS -> teambinary wins
  Trick  2: teambinary leads AD, rootbotz plays 8D -> teambinary wins
  Trick  3: teambinary leads AC, rootbotz plays 10C -> teambinary wins
  Trick  4: teambinary leads JD, rootbotz plays QD -> rootbotz wins
  Trick  5: rootbotz leads AH, teambinary plays QH -> rootbotz wins
  Trick  6: rootbotz leads 10H, teambinary plays KH -> teambinary wins
  Trick  7: teambinary leads 10D, rootbotz plays KD -> rootbotz wins
  Trick  8: rootbotz leads JH, teambinary plays 8S -> rootbotz wins
  Trick  9: rootbotz leads 8H, teambinary plays 9C -> rootbotz wins
  Trick 10: rootbotz leads JC, teambinary plays KC -> teambinary wins
  Trick 11: teambinary leads KS, rootbotz plays QS -> teambinary wins
  Trick 12: teambinary leads 9D, rootbotz plays QC -> teambinary wins
  Hand: rootbotz +8 / teambinary +25 (tricks 5-7)
  Match total: rootbotz 8 - 25 teambinary
Players: rootbotz vs teambinary
Dealer: teambinary  |  Elder: rootbotz
Match scores: 8 - 25
Talon (8): JC JD KD 9H 10H KH QS KS
rootbotz hand: 9C 8D 9D QD AD 8H JH QH AH 8S 9S 10S
teambinary hand: 7C 8C 10C QC KC AC 7D 10D 7H 7S JS AS
  Exchange rootbotz: discard 9C 8D 9D 8H JH -> draw JC JD KH QS KS (talon 3 left)
  Exchange teambinary: discard 7D 7H 7S -> draw KD 9H 10H (talon 0 left)

--- Phase: declare ---
  Declare point: teambinary wins 6 pts (('point', 6, 'C'))
  Declare set: rootbotz wins 3 pts (('set', 3, 12))

--- Phase: tricks ---
  Trick  1: rootbotz leads AH, teambinary plays 9H -> rootbotz wins
  Trick  2: rootbotz leads AD, teambinary plays 10D -> rootbotz wins
  Trick  3: rootbotz leads QH, teambinary plays 10H -> rootbotz wins
  Trick  4: rootbotz leads KH, teambinary plays 7C -> rootbotz wins
  Trick  5: rootbotz leads JD, teambinary plays KD -> teambinary wins
  Trick  6: teambinary leads AC, rootbotz plays JC -> teambinary wins
  Trick  7: teambinary leads AS, rootbotz plays 8S -> teambinary wins
  Trick  8: teambinary leads KC, rootbotz plays 9S -> teambinary wins
  Trick  9: teambinary leads QC, rootbotz plays 10S -> teambinary wins
  Trick 10: teambinary leads 10C, rootbotz plays QD -> teambinary wins
  Trick 11: teambinary leads JS, rootbotz plays QS -> rootbotz wins
  Trick 12: rootbotz leads KS, teambinary plays 8C -> rootbotz wins
  Hand: rootbotz +10 / teambinary +12 (tricks 6-6)
  Match total: rootbotz 18 - 37 teambinary
Players: rootbotz vs teambinary
Dealer: rootbotz  |  Elder: teambinary
Match scores: 18 - 37
Talon (8): 9C JC KD 9H QH 7S 8S 9S
rootbotz hand: 7C 8C 10C QC 8D 9D 10D 7H KH JS KS AS
teambinary hand: KC AC 7D JD QD AD 8H 10H JH AH 10S QS
  Exchange teambinary: discard 7D 8H -> draw 7S 8S (talon 6 left)
  Exchange rootbotz: discard 7C 8C 10C QC 7H -> draw 9C KD 9H QH 9S (talon 1 left)

--- Phase: declare ---
  Declare point: rootbotz wins 4 pts (('point', 4, 'S'))
  Declare sequence: rootbotz wins 3 pts (('sequence', 3, 10, 'D'))
  Declare set: teambinary wins 3 pts (('set', 3, 14))

--- Phase: tricks ---
  Trick  1: teambinary leads AD, rootbotz plays 8D -> teambinary wins
  Trick  2: teambinary leads AC, rootbotz plays 9C -> teambinary wins
  Trick  3: teambinary leads AH, rootbotz plays 9H -> teambinary wins
  Trick  4: teambinary leads QS, rootbotz plays KS -> rootbotz wins
  Trick  5: rootbotz leads AS, teambinary plays 7S -> rootbotz wins
  Trick  6: rootbotz leads JS, teambinary plays 8S -> rootbotz wins
  Trick  7: rootbotz leads 9S, teambinary plays 10S -> teambinary wins
  Trick  8: teambinary leads QD, rootbotz plays KD -> rootbotz wins
  Trick  9: rootbotz leads 9D, teambinary plays JD -> teambinary wins
  Trick 10: teambinary leads JH, rootbotz plays QH -> rootbotz wins
  Trick 11: rootbotz leads 10D, teambinary plays 10H -> rootbotz wins
  Trick 12: rootbotz leads KH, teambinary plays KC -> rootbotz wins
  Hand: rootbotz +25 / teambinary +8 (tricks 7-5)
  Match total: rootbotz 43 - 45 teambinary
Players: rootbotz vs teambinary
Dealer: teambinary  |  Elder: rootbotz
Match scores: 43 - 45
Talon (8): 8C 10C AC AD 10H AH 8S QS
rootbotz hand: JC QC KC 7D 8H QH KH 7S 9S 10S JS KS
teambinary hand: 7C 9C 8D 9D 10D JD QD KD 7H 9H JH AS
  Exchange rootbotz: discard JC QC 7D 8H QH -> draw 8C AC AD 10H AH (talon 3 left)
  Exchange teambinary: discard 7C 9C 7H -> draw 10C 8S QS (talon 0 left)

--- Phase: declare ---
  Declare point: teambinary wins 6 pts (('point', 6, 'D'))
  Declare sequence: teambinary wins 11 pts (('sequence', 6, 13, 'D'))
  Declare set: rootbotz wins 3 pts (('set', 3, 14))

--- Phase: tricks ---
  Trick  1: rootbotz leads AH, teambinary plays 9H -> rootbotz wins
  Trick  2: rootbotz leads AD, teambinary plays 8D -> rootbotz wins
  Trick  3: rootbotz leads AC, teambinary plays 10C -> rootbotz wins
  Trick  4: rootbotz leads KH, teambinary plays JH -> rootbotz wins
  Trick  5: rootbotz leads KC, teambinary plays 8S -> rootbotz wins
  Trick  6: rootbotz leads 10H, teambinary plays 9D -> rootbotz wins
  Trick  7: rootbotz leads 7S, teambinary plays QS -> teambinary wins
  Trick  8: teambinary leads AS, rootbotz plays 9S -> teambinary wins
  Trick  9: teambinary leads KD, rootbotz plays 8C -> teambinary wins
  Trick 10: teambinary leads QD, rootbotz plays 10S -> teambinary wins
  Trick 11: teambinary leads JD, rootbotz plays JS -> teambinary wins
  Trick 12: teambinary leads 10D, rootbotz plays KS -> teambinary wins
  Hand: rootbotz +9 / teambinary +24 (tricks 6-6)
  Match total: rootbotz 52 - 69 teambinary
Players: rootbotz vs teambinary
Dealer: rootbotz  |  Elder: teambinary
Match scores: 52 - 69
Talon (8): JC KC 9D AD 8H AH 8S KS
rootbotz hand: 8C 9C 10C AC 10D KD 9H 10H 7S 9S JS AS
teambinary hand: 7C QC 7D 8D JD QD 7H JH QH KH 10S QS
  Exchange teambinary: discard 7C 7D 8D 7H -> draw KC AD AH KS (talon 4 left)
  Exchange rootbotz: discard 9H 7S 9S JS -> draw JC 9D 8H 8S (talon 0 left)

--- Phase: declare ---
  Declare point: rootbotz wins 5 pts (('point', 5, 'C'))
  Declare sequence: teambinary wins 4 pts (('sequence', 4, 14, 'H'))
  Declare set: teambinary wins 3 pts (('set', 3, 13))

--- Phase: tricks ---
  Trick  1: teambinary leads AH, rootbotz plays 8H -> teambinary wins
  Trick  2: teambinary leads AD, rootbotz plays 9D -> teambinary wins
  Trick  3: teambinary leads KH, rootbotz plays 10H -> teambinary wins
  Trick  4: teambinary leads KS, rootbotz plays AS -> rootbotz wins
  Trick  5: rootbotz leads AC, teambinary plays QC -> rootbotz wins
  Trick  6: rootbotz leads KD, teambinary plays JD -> rootbotz wins
  Trick  7: rootbotz leads 10D, teambinary plays QD -> teambinary wins
  Trick  8: teambinary leads QH, rootbotz plays 8S -> teambinary wins
  Trick  9: teambinary leads QS, rootbotz plays 8C -> teambinary wins
  Trick 10: teambinary leads JH, rootbotz plays 9C -> teambinary wins
  Trick 11: teambinary leads 10S, rootbotz plays 10C -> teambinary wins
  Trick 12: teambinary leads KC, rootbotz plays JC -> teambinary wins
  Hand: rootbotz +8 / teambinary +27 (tricks 3-9)
  Match total: rootbotz 60 - 96 teambinary
Players: rootbotz vs teambinary
Dealer: teambinary  |  Elder: rootbotz
Match scores: 60 - 96
Talon (8): 9C 10C JC 10D JD 7H 10S AS
rootbotz hand: KC 7D QD 8H 9H 10H QH KH AH 7S QS KS
teambinary hand: 7C 8C QC AC 8D 9D KD AD JH 8S 9S JS
  Exchange rootbotz: discard 7D QD 7S QS -> draw 9C 10C JC 7H (talon 4 left)
  Exchange teambinary: discard 7C 8C 8D 8S -> draw 10D JD 10S AS (talon 0 left)

--- Phase: declare ---
  Declare point: rootbotz wins 7 pts (('point', 7, 'H'))
  Declare sequence: rootbotz wins 4 pts (('sequence', 4, 10, 'H'))
  Declare set: teambinary wins 3 pts (('set', 3, 14))

--- Phase: tricks ---
  Trick  1: rootbotz leads AH, teambinary plays JH -> rootbotz wins
  Trick  2: rootbotz leads QH, teambinary plays 9D -> rootbotz wins
  Trick  3: rootbotz leads KH, teambinary plays 9S -> rootbotz wins
  Trick  4: rootbotz leads 7H, teambinary plays 10D -> rootbotz wins
  Trick  5: rootbotz leads 8H, teambinary plays 10S -> rootbotz wins
  Trick  6: rootbotz leads 9H, teambinary plays JD -> rootbotz wins
  Trick  7: rootbotz leads 10H, teambinary plays JS -> rootbotz wins
  Trick  8: rootbotz leads 9C, teambinary plays QC -> teambinary wins
  Trick  9: teambinary leads AD, rootbotz plays 10C -> teambinary wins
  Trick 10: teambinary leads AC, rootbotz plays JC -> teambinary wins
  Trick 11: teambinary leads AS, rootbotz plays KS -> teambinary wins
  Trick 12: teambinary leads KD, rootbotz plays KC -> teambinary wins
  Hand: rootbotz +28 / teambinary +9 (tricks 7-5)
  Match total: rootbotz 88 - 105 teambinary
  Final: rootbotz 88 - 105 teambinary
  Winner: teambinary

============================================================
Game 98
============================================================
Players: teambinary vs rootbotz
Dealer: teambinary  |  Elder: rootbotz
Match scores: 0 - 0
Talon (8): 8C 7H 8H KH 10S JS QS KS
teambinary hand: 9C 10C JC AC AD 9H 10H QH 7S 8S 9S AS
rootbotz hand: 7C QC KC 7D 8D 9D 10D JD QD KD JH AH
  Exchange rootbotz: discard 7C QC JH -> draw 7H 8H 10S (talon 5 left)
  Exchange teambinary: discard 9H -> draw 8C (talon 4 left)

--- Phase: declare ---
  Declare point: rootbotz wins 7 pts (('point', 7, 'D'))
  Declare sequence: rootbotz wins 12 pts (('sequence', 7, 13, 'D'))
  Declare set: teambinary wins 3 pts (('set', 3, 14))

--- Phase: tricks ---
  Trick  1: rootbotz leads AH, teambinary plays 10H -> rootbotz wins
  Trick  2: rootbotz leads 7D, teambinary plays AD -> teambinary wins
  Trick  3: teambinary leads AS, rootbotz plays 10S -> teambinary wins
  Trick  4: teambinary leads AC, rootbotz plays KC -> teambinary wins
  Trick  5: teambinary leads JC, rootbotz plays 7H -> teambinary wins
  Trick  6: teambinary leads 10C, rootbotz plays 8H -> teambinary wins
  Trick  7: teambinary leads 9S, rootbotz plays 8D -> teambinary wins
  Trick  8: teambinary leads 9C, rootbotz plays 9D -> teambinary wins
  Trick  9: teambinary leads 8S, rootbotz plays 10D -> teambinary wins
  Trick 10: teambinary leads QH, rootbotz plays JD -> teambinary wins
  Trick 11: teambinary leads 7S, rootbotz plays QD -> teambinary wins
  Trick 12: teambinary leads 8C, rootbotz plays KD -> teambinary wins
  Hand: teambinary +25 / rootbotz +20 (tricks 11-1)
  Match total: teambinary 25 - 20 rootbotz
Players: teambinary vs rootbotz
Dealer: rootbotz  |  Elder: teambinary
Match scores: 25 - 20
Talon (8): 10C JC KC 8D QD 10H 7S KS
teambinary hand: 7C AD 7H 9H JH QH KH 8S 9S 10S JS QS
rootbotz hand: 8C 9C QC AC 7D 9D 10D JD KD 8H AH AS
  Exchange teambinary: discard 7C 7H 9H -> draw KC 10H 7S (talon 5 left)
  Exchange rootbotz: discard 8C 9C QC 7D 8H -> draw 10C JC 8D QD KS (talon 0 left)

--- Phase: declare ---
  Declare point: rootbotz wins 6 pts (('point', 6, 'D'))
  Declare sequence: rootbotz wins 11 pts (('sequence', 6, 13, 'D'))
  Declare set: rootbotz wins 3 pts (('set', 3, 14))

--- Phase: tricks ---
  Trick  1: teambinary leads AD, rootbotz plays 8D -> teambinary wins
  Trick  2: teambinary leads QS, rootbotz plays KS -> rootbotz wins
  Trick  3: rootbotz leads AH, teambinary plays 10H -> rootbotz wins
  Trick  4: rootbotz leads AC, teambinary plays KC -> rootbotz wins
  Trick  5: rootbotz leads 9D, teambinary plays 7S -> rootbotz wins
  Trick  6: rootbotz leads 10D, teambinary plays 8S -> rootbotz wins
  Trick  7: rootbotz leads AS, teambinary plays 9S -> rootbotz wins
  Trick  8: rootbotz leads 10C, teambinary plays 10S -> rootbotz wins
  Trick  9: rootbotz leads JD, teambinary plays JH -> rootbotz wins
  Trick 10: rootbotz leads JC, teambinary plays JS -> rootbotz wins
  Trick 11: rootbotz leads QD, teambinary plays QH -> rootbotz wins
  Trick 12: rootbotz leads KD, teambinary plays KH -> rootbotz wins
  Hand: teambinary +1 / rootbotz +42 (tricks 1-11)
  Match total: teambinary 26 - 62 rootbotz
Players: teambinary vs rootbotz
Dealer: teambinary  |  Elder: rootbotz
Match scores: 26 - 62
Talon (8): JC QC 7H 9H 10H JH 9S JS
teambinary hand: 8C 10C KC AC 8D JD QD KD AD QH KH KS
rootbotz hand: 7C 9C 7D 9D 10D 8H AH 7S 8S 10S QS AS
  Exchange rootbotz: discard 7C 9C 7D 9D 8H -> draw JC QC 9H 10H 9S (talon 3 left)
  Exchange teambinary: discard 8C 8D -> draw JH JS (talon 1 left)

--- Phase: declare ---
  Declare point: rootbotz wins 6 pts (('point', 6, 'S'))
  Declare sequence: teambinary wins 4 pts (('sequence', 4, 14, 'D'))
  Declare set: teambinary wins 14 pts (('set', 4, 13))

--- Phase: tricks ---
  Trick  1: rootbotz leads AS, teambinary plays JS -> rootbotz wins
  Trick  2: rootbotz leads AH, teambinary plays JH -> rootbotz wins
  Trick  3: rootbotz leads 10D, teambinary plays JD -> teambinary wins
  Trick  4: teambinary leads AD, rootbotz plays 7S -> teambinary wins
  Trick  5: teambinary leads AC, rootbotz plays JC -> teambinary wins
  Trick  6: teambinary leads KH, rootbotz plays 9H -> teambinary wins
  Trick  7: teambinary leads KC, rootbotz plays QC -> teambinary wins
  Trick  8: teambinary leads KD, rootbotz plays 8S -> teambinary wins
  Trick  9: teambinary leads KS, rootbotz plays 9S -> teambinary wins
  Trick 10: teambinary leads 10C, rootbotz plays 10H -> teambinary wins
  Trick 11: teambinary leads QH, rootbotz plays 10S -> teambinary wins
  Trick 12: teambinary leads QD, rootbotz plays QS -> teambinary wins
  Hand: teambinary +39 / rootbotz +8 (tricks 10-2)
  Match total: teambinary 65 - 70 rootbotz
Players: teambinary vs rootbotz
Dealer: rootbotz  |  Elder: teambinary
Match scores: 65 - 70
Talon (8): 10C QC KC AC 9H 9S JS QS
teambinary hand: 7C 8C 7D 8D 10D JD QD KD 10H KH AH KS
rootbotz hand: 9C JC 9D AD 7H 8H JH QH 7S 8S 10S AS
  Exchange teambinary: discard 7C 8C 7D 8D -> draw AC 9H JS QS (talon 4 left)
  Exchange rootbotz: discard 9C 9D 7S 8S -> draw 10C QC KC 9S (talon 0 left)

--- Phase: declare ---
  Declare set: teambinary wins 3 pts (('set', 3, 13))

--- Phase: tricks ---
  Trick  1: teambinary leads AH, rootbotz plays 7H -> teambinary wins
  Trick  2: teambinary leads AC, rootbotz plays 10C -> teambinary wins
  Trick  3: teambinary leads KD, rootbotz plays AD -> rootbotz wins
  Trick  4: rootbotz leads AS, teambinary plays JS -> rootbotz wins
  Trick  5: rootbotz leads JC, teambinary plays 9H -> rootbotz wins
  Trick  6: rootbotz leads QC, teambinary plays 10D -> rootbotz wins
  Trick  7: rootbotz leads KC, teambinary plays 10H -> rootbotz wins
  Trick  8: rootbotz leads 8H, teambinary plays KH -> teambinary wins
  Trick  9: teambinary leads QD, rootbotz plays 9S -> teambinary wins
  Trick 10: teambinary leads KS, rootbotz plays 10S -> teambinary wins
  Trick 11: teambinary leads JD, rootbotz plays JH -> teambinary wins
  Trick 12: teambinary leads QS, rootbotz plays QH -> teambinary wins
  Hand: teambinary +21 / rootbotz +5 (tricks 7-5)
  Match total: teambinary 86 - 75 rootbotz
Players: teambinary vs rootbotz
Dealer: teambinary  |  Elder: rootbotz
Match scores: 86 - 75
Talon (8): AC 9D JD 9H KH AH 10S JS
teambinary hand: 7C 8C 9C 10C JC KC 8D KD AD 7H QS AS
rootbotz hand: QC 7D 10D QD 8H 10H JH QH 7S 8S 9S KS
  Exchange rootbotz: discard 7D 7S 8S 9S KS -> draw AC 9D JD KH JS (talon 3 left)
  Exchange teambinary: discard 8D 7H -> draw AH 10S (talon 1 left)

--- Phase: declare ---
  Declare point: teambinary wins 6 pts (('point', 6, 'C'))
  Declare sequence: teambinary wins 10 pts (('sequence', 5, 11, 'C'))
  Declare set: teambinary wins 3 pts (('set', 3, 14))

--- Phase: tricks ---
  Trick  1: rootbotz leads AC, teambinary plays 7C -> rootbotz wins
  Trick  2: rootbotz leads QC, teambinary plays KC -> teambinary wins
  Trick  3: teambinary leads AS, rootbotz plays JS -> teambinary wins
  Trick  4: teambinary leads AD, rootbotz plays 9D -> teambinary wins
  Trick  5: teambinary leads AH, rootbotz plays 8H -> teambinary wins
  Trick  6: teambinary leads JC, rootbotz plays 10D -> teambinary wins
  Trick  7: teambinary leads 10C, rootbotz plays 10H -> teambinary wins
  Trick  8: teambinary leads QS, rootbotz plays JD -> teambinary wins
  Trick  9: teambinary leads 9C, rootbotz plays JH -> teambinary wins
  Trick 10: teambinary leads KD, rootbotz plays QD -> teambinary wins
  Trick 11: teambinary leads 8C, rootbotz plays QH -> teambinary wins
  Trick 12: teambinary leads 10S, rootbotz plays KH -> teambinary wins
  Hand: teambinary +41 / rootbotz +1 (tricks 11-1)
  Match total: teambinary 127 - 76 rootbotz
  Final: teambinary 127 - 76 rootbotz
  Winner: teambinary

============================================================
Game 99
============================================================
Players: rootbotz vs teambinary
Dealer: rootbotz  |  Elder: teambinary
Match scores: 0 - 0
Talon (8): QC AC 7D QD 7H 9H 10S QS
rootbotz hand: 7C 8C KC 8D 9D JD JH KH AH 8S JS AS
teambinary hand: 9C 10C JC 10D KD AD 8H 10H QH 7S 9S KS
  Exchange teambinary: discard 8H 7S 9S -> draw QC 7H 10S (talon 5 left)
  Exchange rootbotz: discard 7C 8C 8D 9D 8S -> draw AC 7D QD 9H QS (talon 0 left)

--- Phase: declare ---
  Declare point: rootbotz wins 4 pts (('point', 4, 'H'))
  Declare sequence: teambinary wins 4 pts (('sequence', 4, 12, 'C'))
  Declare set: rootbotz wins 3 pts (('set', 3, 14))

--- Phase: tricks ---
  Trick  1: teambinary leads AD, rootbotz plays 7D -> teambinary wins
  Trick  2: teambinary leads QC, rootbotz plays KC -> rootbotz wins
  Trick  3: rootbotz leads AS, teambinary plays 10S -> rootbotz wins
  Trick  4: rootbotz leads AH, teambinary plays 7H -> rootbotz wins
  Trick  5: rootbotz leads AC, teambinary plays 9C -> rootbotz wins
  Trick  6: rootbotz leads JS, teambinary plays KS -> teambinary wins
  Trick  7: teambinary leads KD, rootbotz plays JD -> teambinary wins
  Trick  8: teambinary leads QH, rootbotz plays KH -> rootbotz wins
  Trick  9: rootbotz leads JH, teambinary plays 10H -> rootbotz wins
  Trick 10: rootbotz leads QS, teambinary plays 10C -> rootbotz wins
  Trick 11: rootbotz leads QD, teambinary plays 10D -> rootbotz wins
  Trick 12: rootbotz leads 9H, teambinary plays JC -> rootbotz wins
  Hand: rootbotz +27 / teambinary +7 (tricks 9-3)
  Match total: rootbotz 27 - 7 teambinary
Players: rootbotz vs teambinary
Dealer: teambinary  |  Elder: rootbotz
Match scores: 27 - 7
Talon (8): 7C JC AC 7D 9D 10H 8S QS
rootbotz hand: 8C 8D QD AD 7H 8H 9H KH 7S 9S KS AS
teambinary hand: 9C 10C QC KC 10D JD KD JH QH AH 10S JS
  Exchange rootbotz: discard 8C 8D QD 7S 9S -> draw JC 7D 9D 8S QS (talon 3 left)
  Exchange teambinary: discard 9C -> draw 10H (talon 2 left)

--- Phase: declare ---
  Declare point: teambinary wins 4 pts (('point', 4, 'H'))
  Declare sequence: rootbotz wins 3 pts (('sequence', 3, 14, 'S'))
  Declare set: teambinary wins 3 pts (('set', 3, 11))

--- Phase: tricks ---
  Trick  1: rootbotz leads AS, teambinary plays 10S -> rootbotz wins
  Trick  2: rootbotz leads AD, teambinary plays 10D -> rootbotz wins
  Trick  3: rootbotz leads QS, teambinary plays JS -> rootbotz wins
  Trick  4: rootbotz leads KS, teambinary plays 10C -> rootbotz wins
  Trick  5: rootbotz leads KH, teambinary plays AH -> teambinary wins
  Trick  6: teambinary leads QH, rootbotz plays 7H -> teambinary wins
  Trick  7: teambinary leads KC, rootbotz plays JC -> teambinary wins
  Trick  8: teambinary leads KD, rootbotz plays 7D -> teambinary wins
  Trick  9: teambinary leads JH, rootbotz plays 8H -> teambinary wins
  Trick 10: teambinary leads QC, rootbotz plays 8S -> teambinary wins
  Trick 11: teambinary leads JD, rootbotz plays 9D -> teambinary wins
  Trick 12: teambinary leads 10H, rootbotz plays 9H -> teambinary wins
  Hand: rootbotz +7 / teambinary +26 (tricks 4-8)
  Match total: rootbotz 34 - 33 teambinary
Players: rootbotz vs teambinary
Dealer: rootbotz  |  Elder: teambinary
Match scores: 34 - 33
Talon (8): JC QC 8D 9D QD AD 10H QH
rootbotz hand: 10C KC 7D 10D KD 7H 9H JH AH 8S QS KS
teambinary hand: 7C 8C 9C AC JD 8H KH 7S 9S 10S JS AS
  Exchange teambinary: discard 8H 7S -> draw JC 9D (talon 6 left)
  Exchange rootbotz: discard 10C 7D 10D 7H 9H JH -> draw QC 8D QD AD 10H QH (talon 0 left)

--- Phase: declare ---
  Declare point: teambinary wins 5 pts (('point', 5, 'C'))
  Declare sequence: rootbotz wins 3 pts (('sequence', 3, 14, 'D'))
  Declare set: rootbotz wins 3 pts (('set', 3, 13))

--- Phase: tricks ---
  Trick  1: teambinary leads AS, rootbotz plays 8S -> teambinary wins
  Trick  2: teambinary leads AC, rootbotz plays QC -> teambinary wins
  Trick  3: teambinary leads JC, rootbotz plays KC -> rootbotz wins
  Trick  4: rootbotz leads AH, teambinary plays KH -> rootbotz wins
  Trick  5: rootbotz leads AD, teambinary plays 9D -> rootbotz wins
  Trick  6: rootbotz leads QS, teambinary plays 9S -> rootbotz wins
  Trick  7: rootbotz leads QD, teambinary plays JD -> rootbotz wins
  Trick  8: rootbotz leads KS, teambinary plays 10S -> rootbotz wins
  Trick  9: rootbotz leads KD, teambinary plays 7C -> rootbotz wins
  Trick 10: rootbotz leads 8D, teambinary plays 8C -> rootbotz wins
  Trick 11: rootbotz leads 10H, teambinary plays 9C -> rootbotz wins
  Trick 12: rootbotz leads QH, teambinary plays JS -> rootbotz wins
  Hand: rootbotz +27 / teambinary +7 (tricks 10-2)
  Match total: rootbotz 61 - 40 teambinary
Players: rootbotz vs teambinary
Dealer: teambinary  |  Elder: rootbotz
Match scores: 61 - 40
Talon (8): 7C 8C QD AD AH 8S JS AS
rootbotz hand: 10C JC KC 7D 8D 10D 8H JH 7S 9S QS KS
teambinary hand: 9C QC AC 9D JD KD 7H 9H 10H QH KH 10S
  Exchange rootbotz: discard 7D 8D 10D 8H JH -> draw 8C QD AD AH AS (talon 3 left)
  Exchange teambinary: discard 9C 9D 7H -> draw 7C 8S JS (talon 0 left)

--- Phase: declare ---
  Declare point: rootbotz wins 5 pts (('point', 5, 'S'))
  Declare sequence: rootbotz wins 3 pts (('sequence', 3, 14, 'S'))
  Declare set: rootbotz wins 3 pts (('set', 3, 14))

--- Phase: tricks ---
  Trick  1: rootbotz leads AS, teambinary plays 8S -> rootbotz wins
  Trick  2: rootbotz leads AH, teambinary plays 9H -> rootbotz wins
  Trick  3: rootbotz leads AD, teambinary plays JD -> rootbotz wins
  Trick  4: rootbotz leads QS, teambinary plays 10S -> rootbotz wins
  Trick  5: rootbotz leads KS, teambinary plays JS -> rootbotz wins
  Trick  6: rootbotz leads QD, teambinary plays KD -> teambinary wins
  Trick  7: teambinary leads AC, rootbotz plays 8C -> teambinary wins
  Trick  8: teambinary leads KH, rootbotz plays 7S -> teambinary wins
  Trick  9: teambinary leads QC, rootbotz plays KC -> rootbotz wins
  Trick 10: rootbotz leads 10C, teambinary plays 7C -> rootbotz wins
  Trick 11: rootbotz leads JC, teambinary plays 10H -> rootbotz wins
  Trick 12: rootbotz leads 9S, teambinary plays QH -> rootbotz wins
  Hand: rootbotz +31 / teambinary +3 (tricks 9-3)
  Match total: rootbotz 92 - 43 teambinary
Players: rootbotz vs teambinary
Dealer: rootbotz  |  Elder: teambinary
Match scores: 92 - 43
Talon (8): 10C QC JH 8S 9S JS QS KS
rootbotz hand: 7C 8C KC AC 8D 9D JD KD AD 7H QH 10S
teambinary hand: 9C JC 7D 10D QD 8H 9H 10H KH AH 7S AS
  Exchange teambinary: discard 9C 7D 7S -> draw 10C 9S KS (talon 5 left)
  Exchange rootbotz: discard 7C 8C 8D 7H 10S -> draw QC JH 8S JS QS (talon 0 left)

--- Phase: declare ---
  Declare point: teambinary wins 5 pts (('point', 5, 'H'))
  Declare sequence: rootbotz wins 3 pts (('sequence', 3, 14, 'C'))
  Declare set: rootbotz wins 3 pts (('set', 3, 12))

--- Phase: tricks ---
  Trick  1: teambinary leads AH, rootbotz plays JH -> teambinary wins
  Trick  2: teambinary leads AS, rootbotz plays 8S -> teambinary wins
  Trick  3: teambinary leads KH, rootbotz plays QH -> teambinary wins
  Trick  4: teambinary leads 10H, rootbotz plays 9D -> teambinary wins
  Trick  5: teambinary leads 9H, rootbotz plays JS -> teambinary wins
  Trick  6: teambinary leads JC, rootbotz plays QC -> rootbotz wins
  Trick  7: rootbotz leads AD, teambinary plays 10D -> rootbotz wins
  Trick  8: rootbotz leads AC, teambinary plays 10C -> rootbotz wins
  Trick  9: rootbotz leads KD, teambinary plays QD -> rootbotz wins
  Trick 10: rootbotz leads KC, teambinary plays 8H -> rootbotz wins
  Trick 11: rootbotz leads JD, teambinary plays 9S -> rootbotz wins
  Trick 12: rootbotz leads QS, teambinary plays KS -> teambinary wins
  Hand: rootbotz +12 / teambinary +12 (tricks 6-6)
  Match total: rootbotz 104 - 55 teambinary
  Final: rootbotz 104 - 55 teambinary
  Winner: rootbotz

============================================================
Game 100
============================================================
Players: teambinary vs rootbotz
Dealer: teambinary  |  Elder: rootbotz
Match scores: 0 - 0
Talon (8): 8C QC JD 7S JS QS KS AS
teambinary hand: 7C 10C JC AC 8D 10D 7H 8H 9H JH 8S 9S
rootbotz hand: 9C KC 7D 9D QD KD AD 10H QH KH AH 10S
  Exchange rootbotz: discard 9C 7D 9D 10H -> draw QC 7S QS AS (talon 4 left)
  Exchange teambinary: discard 7C 8D 8S 9S -> draw 8C JD JS KS (talon 0 left)

--- Phase: declare ---
  Declare point: teambinary wins 4 pts (('point', 4, 'C'))
  Declare sequence: rootbotz wins 3 pts (('sequence', 3, 14, 'H'))
  Declare set: rootbotz wins 3 pts (('set', 3, 14))

--- Phase: tricks ---
  Trick  1: rootbotz leads AS, teambinary plays JS -> rootbotz wins
  Trick  2: rootbotz leads AH, teambinary plays 7H -> rootbotz wins
  Trick  3: rootbotz leads AD, teambinary plays 10D -> rootbotz wins
  Trick  4: rootbotz leads QH, teambinary plays 8H -> rootbotz wins
  Trick  5: rootbotz leads QD, teambinary plays JD -> rootbotz wins
  Trick  6: rootbotz leads KH, teambinary plays 9H -> rootbotz wins
  Trick  7: rootbotz leads KD, teambinary plays 8C -> rootbotz wins
  Trick  8: rootbotz leads QS, teambinary plays KS -> teambinary wins
  Trick  9: teambinary leads AC, rootbotz plays QC -> teambinary wins
  Trick 10: teambinary leads JC, rootbotz plays KC -> rootbotz wins
  Trick 11: rootbotz leads 10S, teambinary plays 10C -> rootbotz wins
  Trick 12: rootbotz leads 7S, teambinary plays JH -> rootbotz wins
  Hand: teambinary +6 / rootbotz +27 (tricks 2-10)
  Match total: teambinary 6 - 27 rootbotz
Players: teambinary vs rootbotz
Dealer: rootbotz  |  Elder: teambinary
Match scores: 6 - 27
Talon (8): 7C 8C 10C JD QH 7S 8S 10S
teambinary hand: 9C JC KC 10D KD AD 9H JH KH 9S JS KS
rootbotz hand: QC AC 7D 8D 9D QD 7H 8H 10H AH QS AS
  Exchange teambinary: discard 9C 9H 9S -> draw 10C 7S 8S (talon 5 left)
  Exchange rootbotz: discard QC QD 7H 8H 10H -> draw 7C 8C JD QH 10S (talon 0 left)

--- Phase: declare ---
  Declare point: teambinary wins 4 pts (('point', 4, 'S'))
  Declare sequence: rootbotz wins 3 pts (('sequence', 3, 9, 'D'))
  Declare set: rootbotz wins 3 pts (('set', 3, 14))

--- Phase: tricks ---
  Trick  1: teambinary leads AD, rootbotz plays 7D -> teambinary wins
  Trick  2: teambinary leads KS, rootbotz plays AS -> rootbotz wins
  Trick  3: rootbotz leads AH, teambinary plays JH -> rootbotz wins
  Trick  4: rootbotz leads AC, teambinary plays 10C -> rootbotz wins
  Trick  5: rootbotz leads QS, teambinary plays 7S -> rootbotz wins
  Trick  6: rootbotz leads 10S, teambinary plays JS -> teambinary wins
  Trick  7: teambinary leads KD, rootbotz plays 8D -> teambinary wins
  Trick  8: teambinary leads KC, rootbotz plays 7C -> teambinary wins
  Trick  9: teambinary leads 10D, rootbotz plays JD -> rootbotz wins
  Trick 10: rootbotz leads 9D, teambinary plays 8S -> rootbotz wins
  Trick 11: rootbotz leads 8C, teambinary plays JC -> teambinary wins
  Trick 12: teambinary leads KH, rootbotz plays QH -> teambinary wins
  Hand: teambinary +11 / rootbotz +12 (tricks 6-6)
  Match total: teambinary 17 - 39 rootbotz
Players: teambinary vs rootbotz
Dealer: teambinary  |  Elder: rootbotz
Match scores: 17 - 39
Talon (8): 7C JC QC 10D AD KH 8S QS
teambinary hand: 8C 10C AC 7D 8D 9D QD JH 10S JS KS AS
rootbotz hand: 9C KC JD KD 7H 8H 9H 10H QH AH 7S 9S
  Exchange rootbotz: discard 9C KC JD 7S 9S -> draw 10D AD KH 8S QS (talon 3 left)
  Exchange teambinary: discard 8C -> draw JC (talon 2 left)

--- Phase: declare ---
  Declare point: rootbotz wins 7 pts (('point', 7, 'H'))
  Declare sequence: rootbotz wins 4 pts (('sequence', 4, 10, 'H'))
  Declare set: teambinary wins 3 pts (('set', 3, 11))

--- Phase: tricks ---
  Trick  1: rootbotz leads AH, teambinary plays JH -> rootbotz wins
  Trick  2: rootbotz leads AD, teambinary plays 7D -> rootbotz wins
  Trick  3: rootbotz leads QH, teambinary plays 8D -> rootbotz wins
  Trick  4: rootbotz leads KH, teambinary plays 9D -> rootbotz wins
  Trick  5: rootbotz leads KD, teambinary plays QD -> rootbotz wins
  Trick  6: rootbotz leads 7H, teambinary plays 10C -> rootbotz wins
  Trick  7: rootbotz leads 8H, teambinary plays 10S -> rootbotz wins
  Trick  8: rootbotz leads 9H, teambinary plays JC -> rootbotz wins
  Trick  9: rootbotz leads 10H, teambinary plays JS -> rootbotz wins
  Trick 10: rootbotz leads 10D, teambinary plays KS -> rootbotz wins
  Trick 11: rootbotz leads QS, teambinary plays AS -> teambinary wins
  Trick 12: teambinary leads AC, rootbotz plays 8S -> teambinary wins
  Hand: teambinary +6 / rootbotz +31 (tricks 2-10)
  Match total: teambinary 23 - 70 rootbotz
Players: teambinary vs rootbotz
Dealer: rootbotz  |  Elder: teambinary
Match scores: 23 - 70
Talon (8): 10C JC 8D AD 7H 10H 7S 9S
teambinary hand: 8C KC AC 9D 10D KD 9H AH 8S 10S QS AS
rootbotz hand: 7C 9C QC 7D JD QD 8H JH QH KH JS KS
  Exchange teambinary: discard 8C 9D 9H 8S -> draw AD 10H 7S 9S (talon 4 left)
  Exchange rootbotz: discard 7C 9C 7D 8H -> draw 10C JC 8D 7H (talon 0 left)

--- Phase: declare ---
  Declare point: teambinary wins 5 pts (('point', 5, 'S'))
  Declare sequence: rootbotz wins 3 pts (('sequence', 3, 13, 'H'))
  Declare set: teambinary wins 14 pts (('set', 4, 14))

--- Phase: tricks ---
  Trick  1: teambinary leads AS, rootbotz plays JS -> teambinary wins
  Trick  2: teambinary leads AH, rootbotz plays 7H -> teambinary wins
  Trick  3: teambinary leads AC, rootbotz plays 10C -> teambinary wins
  Trick  4: teambinary leads AD, rootbotz plays 8D -> teambinary wins
  Trick  5: teambinary leads QS, rootbotz plays KS -> rootbotz wins
  Trick  6: rootbotz leads JH, teambinary plays 10H -> rootbotz wins
  Trick  7: rootbotz leads QH, teambinary plays 7S -> rootbotz wins
  Trick  8: rootbotz leads JD, teambinary plays KD -> teambinary wins
  Trick  9: teambinary leads 10S, rootbotz plays JC -> teambinary wins
  Trick 10: teambinary leads KC, rootbotz plays QC -> teambinary wins
  Trick 11: teambinary leads 10D, rootbotz plays QD -> rootbotz wins
  Trick 12: rootbotz leads KH, teambinary plays 9S -> rootbotz wins
  Hand: teambinary +36 / rootbotz +9 (tricks 7-5)
  Match total: teambinary 59 - 79 rootbotz
Players: teambinary vs rootbotz
Dealer: teambinary  |  Elder: rootbotz
Match scores: 59 - 79
Talon (8): 9C JC KC AC 10D 7H AH 10S
teambinary hand: 8C 10C QC 8D 9D AD JH QH KH 7S 9S JS
rootbotz hand: 7C 7D JD QD KD 8H 9H 10H 8S QS KS AS
  Exchange rootbotz: discard 7C 7D 8H 9H 10H -> draw KC AC 10D 7H AH (talon 3 left)
  Exchange teambinary: discard 8C 8D 7S -> draw 9C JC 10S (talon 0 left)

--- Phase: declare ---
  Declare point: rootbotz wins 4 pts (('point', 4, 'D'))
  Declare sequence: rootbotz wins 4 pts (('sequence', 4, 13, 'D'))
  Declare set: rootbotz wins 3 pts (('set', 3, 14))

--- Phase: tricks ---
  Trick  1: rootbotz leads AS, teambinary plays 9S -> rootbotz wins
  Trick  2: rootbotz leads AH, teambinary plays JH -> rootbotz wins
  Trick  3: rootbotz leads AC, teambinary plays 9C -> rootbotz wins
  Trick  4: rootbotz leads QS, teambinary plays 10S -> rootbotz wins
  Trick  5: rootbotz leads KS, teambinary plays JS -> rootbotz wins
  Trick  6: rootbotz leads KC, teambinary plays 10C -> rootbotz wins
  Trick  7: rootbotz leads 10D, teambinary plays AD -> teambinary wins
  Trick  8: teambinary leads KH, rootbotz plays 7H -> teambinary wins
  Trick  9: teambinary leads QC, rootbotz plays 8S -> teambinary wins
  Trick 10: teambinary leads 9D, rootbotz plays JD -> rootbotz wins
  Trick 11: rootbotz leads QD, teambinary plays JC -> rootbotz wins
  Trick 12: rootbotz leads KD, teambinary plays QH -> rootbotz wins
  Hand: teambinary +3 / rootbotz +31 (tricks 3-9)
  Match total: teambinary 62 - 110 rootbotz
  Final: teambinary 62 - 110 rootbotz
  Winner: rootbotz
