
============================================================
Game 1
============================================================
Players: segfault_society vs zybots_
Dealer: segfault_society  |  Elder: zybots_
Match scores: 0 - 0
Talon (8): 9C AC 8D 7H JH AH 7S 10S
segfault_society hand: 7C QC KC QD AD 8H 9H 10H QH 8S 9S KS
zybots_ hand: 8C 10C JC 7D 9D 10D JD KD KH JS QS AS
  Exchange zybots_: discard 8C 10C KH QS AS -> draw AC 7H JH 7S 10S (talon 3 left)
  Exchange segfault_society: discard 7C 8S 9S -> draw 9C 8D AH (talon 0 left)

--- Phase: declare ---
  Declare point: segfault_society wins 5 pts (('point', 5, 'H'))
  Declare sequence: zybots_ wins 3 pts (('sequence', 3, 11, 'D'))
  Declare set: segfault_society wins 3 pts (('set', 3, 12))

--- Phase: tricks ---
  Trick  1: zybots_ leads AC, segfault_society plays 9C -> zybots_ wins
  Trick  2: zybots_ leads 7D, segfault_society plays 8D -> segfault_society wins
  Trick  3: segfault_society leads AH, zybots_ plays 7H -> segfault_society wins
  Trick  4: segfault_society leads AD, zybots_ plays 9D -> segfault_society wins
  Trick  5: segfault_society leads KC, zybots_ plays JC -> segfault_society wins
  Trick  6: segfault_society leads QC, zybots_ plays 7S -> segfault_society wins
  Trick  7: segfault_society leads QH, zybots_ plays JH -> segfault_society wins
  Trick  8: segfault_society leads 10H, zybots_ plays 10D -> segfault_society wins
  Trick  9: segfault_society leads 9H, zybots_ plays 10S -> segfault_society wins
  Trick 10: segfault_society leads KS, zybots_ plays JS -> segfault_society wins
  Trick 11: segfault_society leads QD, zybots_ plays KD -> zybots_ wins
  Trick 12: zybots_ leads JD, segfault_society plays 8H -> zybots_ wins
  Hand: segfault_society +27 / zybots_ +7 (tricks 9-3)
  Match total: segfault_society 27 - 7 zybots_
Players: segfault_society vs zybots_
Dealer: zybots_  |  Elder: segfault_society
Match scores: 27 - 7
Talon (8): 10C 8D 9D JD QD AD AH 9S
segfault_society hand: 7C QC KC 7D 8H 9H 10H KH 7S 10S KS AS
zybots_ hand: 8C 9C JC AC 10D KD 7H JH QH 8S JS QS
  Exchange segfault_society: discard 7C QC 7D 7S 10S -> draw 10C 8D JD QD AD (talon 3 left)
  Exchange zybots_: discard 10D 7H 8S -> draw 9D AH 9S (talon 0 left)

--- Phase: declare ---
  Declare point: segfault_society wins 4 pts (('point', 4, 'D'))
  Declare sequence: segfault_society wins 3 pts (('sequence', 3, 10, 'H'))
  Declare set: segfault_society wins 3 pts (('set', 3, 13))

--- Phase: tricks ---
  Trick  1: segfault_society leads AD, zybots_ plays 9D -> segfault_society wins
  Trick  2: segfault_society leads AS, zybots_ plays 9S -> segfault_society wins
  Trick  3: segfault_society leads KS, zybots_ plays JS -> segfault_society wins
  Trick  4: segfault_society leads KH, zybots_ plays AH -> zybots_ wins
  Trick  5: zybots_ leads QS, segfault_society plays 8H -> zybots_ wins
  Trick  6: zybots_ leads KD, segfault_society plays 8D -> zybots_ wins
  Trick  7: zybots_ leads AC, segfault_society plays 10C -> zybots_ wins
  Trick  8: zybots_ leads 8C, segfault_society plays KC -> segfault_society wins
  Trick  9: segfault_society leads QD, zybots_ plays 9C -> segfault_society wins
  Trick 10: segfault_society leads JD, zybots_ plays JC -> segfault_society wins
  Trick 11: segfault_society leads 10H, zybots_ plays JH -> zybots_ wins
  Trick 12: zybots_ leads QH, segfault_society plays 9H -> zybots_ wins
  Hand: segfault_society +16 / zybots_ +7 (tricks 6-6)
  Match total: segfault_society 43 - 14 zybots_
Players: segfault_society vs zybots_
Dealer: segfault_society  |  Elder: zybots_
Match scores: 43 - 14
Talon (8): JC 8D KD JH 8S 9S 10S QS
segfault_society hand: 8C 9C AC 9D 10D QD AD 7H 8H 10H 7S AS
zybots_ hand: 7C 10C QC KC 7D JD 9H QH KH AH JS KS
  Exchange zybots_: discard 7C 10C 7D JD JS -> draw JC 8D KD JH 9S (talon 3 left)
  Exchange segfault_society: discard 7H 8H 7S -> draw 8S 10S QS (talon 0 left)

--- Phase: declare ---
  Declare point: zybots_ wins 5 pts (('point', 5, 'H'))
  Declare sequence: zybots_ wins 4 pts (('sequence', 4, 14, 'H'))
  Declare set: segfault_society wins 3 pts (('set', 3, 14))

--- Phase: tricks ---
  Trick  1: zybots_ leads JH, segfault_society plays 10H -> zybots_ wins
  Trick  2: zybots_ leads QH, segfault_society plays 8C -> zybots_ wins
  Trick  3: zybots_ leads KH, segfault_society plays 8S -> zybots_ wins
  Trick  4: zybots_ leads AH, segfault_society plays 9C -> zybots_ wins
  Trick  5: zybots_ leads JC, segfault_society plays AC -> segfault_society wins
  Trick  6: segfault_society leads AD, zybots_ plays 8D -> segfault_society wins
  Trick  7: segfault_society leads AS, zybots_ plays 9S -> segfault_society wins
  Trick  8: segfault_society leads QD, zybots_ plays KD -> zybots_ wins
  Trick  9: zybots_ leads KS, segfault_society plays 10S -> zybots_ wins
  Trick 10: zybots_ leads QC, segfault_society plays 9D -> zybots_ wins
  Trick 11: zybots_ leads KC, segfault_society plays 10D -> zybots_ wins
  Trick 12: zybots_ leads 9H, segfault_society plays QS -> zybots_ wins
  Hand: segfault_society +6 / zybots_ +29 (tricks 3-9)
  Match total: segfault_society 49 - 43 zybots_
Players: segfault_society vs zybots_
Dealer: zybots_  |  Elder: segfault_society
Match scores: 49 - 43
Talon (8): KC AC QD AD 7H JS QS KS
segfault_society hand: 8C QC 7D 9D 10D KD 9H JH 7S 8S 9S AS
zybots_ hand: 7C 9C 10C JC 8D JD 8H 10H QH KH AH 10S
  Exchange segfault_society: discard 8C 7D 9D 10D 9H -> draw QD AD 7H QS KS (talon 3 left)
  Exchange zybots_: discard 7C 8D JD -> draw KC AC JS (talon 0 left)

--- Phase: declare ---
  Declare point: segfault_society wins 6 pts (('point', 6, 'S'))
  Declare set: segfault_society wins 3 pts (('set', 3, 12))

--- Phase: tricks ---
  Trick  1: segfault_society leads AS, zybots_ plays 10S -> segfault_society wins
  Trick  2: segfault_society leads KS, zybots_ plays JS -> segfault_society wins
  Trick  3: segfault_society leads QS, zybots_ plays 8H -> segfault_society wins
  Trick  4: segfault_society leads AD, zybots_ plays 9C -> segfault_society wins
  Trick  5: segfault_society leads KD, zybots_ plays 10C -> segfault_society wins
  Trick  6: segfault_society leads QD, zybots_ plays 10H -> segfault_society wins
  Trick  7: segfault_society leads 9S, zybots_ plays JC -> segfault_society wins
  Trick  8: segfault_society leads JH, zybots_ plays QH -> zybots_ wins
  Trick  9: zybots_ leads KH, segfault_society plays 7H -> zybots_ wins
  Trick 10: zybots_ leads KC, segfault_society plays QC -> zybots_ wins
  Trick 11: zybots_ leads AH, segfault_society plays 7S -> zybots_ wins
  Trick 12: zybots_ leads AC, segfault_society plays 8S -> zybots_ wins
  Hand: segfault_society +26 / zybots_ +6 (tricks 7-5)
  Match total: segfault_society 75 - 49 zybots_
Players: segfault_society vs zybots_
Dealer: segfault_society  |  Elder: zybots_
Match scores: 75 - 49
Talon (8): 9C QC KD 7H QH AH 8S KS
segfault_society hand: JC KC AC 7D QD 8H 9H 10H JH 9S 10S JS
zybots_ hand: 7C 8C 10C 8D 9D 10D JD AD KH 7S QS AS
  Exchange zybots_: discard 7C 8C 10C 7S QS -> draw QC KD 7H QH KS (talon 3 left)
  Exchange segfault_society: discard 7D 9S 10S -> draw 9C AH 8S (talon 0 left)

--- Phase: declare ---
  Declare point: zybots_ wins 6 pts (('point', 6, 'D'))
  Declare set: zybots_ wins 3 pts (('set', 3, 13))

--- Phase: tricks ---
  Trick  1: zybots_ leads KD, segfault_society plays QD -> zybots_ wins
  Trick  2: zybots_ leads KS, segfault_society plays 8S -> zybots_ wins
  Trick  3: zybots_ leads AD, segfault_society plays 8H -> zybots_ wins
  Trick  4: zybots_ leads AS, segfault_society plays JS -> zybots_ wins
  Trick  5: zybots_ leads 8D, segfault_society plays 9H -> zybots_ wins
  Trick  6: zybots_ leads 9D, segfault_society plays 9C -> zybots_ wins
  Trick  7: zybots_ leads 7H, segfault_society plays 10H -> segfault_society wins
  Trick  8: segfault_society leads AC, zybots_ plays QC -> segfault_society wins
  Trick  9: segfault_society leads AH, zybots_ plays QH -> segfault_society wins
  Trick 10: segfault_society leads KC, zybots_ plays 10D -> segfault_society wins
  Trick 11: segfault_society leads JC, zybots_ plays JD -> segfault_society wins
  Trick 12: segfault_society leads JH, zybots_ plays KH -> zybots_ wins
  Hand: segfault_society +5 / zybots_ +27 (tricks 5-7)
  Match total: segfault_society 80 - 76 zybots_
Players: segfault_society vs zybots_
Dealer: zybots_  |  Elder: segfault_society
Match scores: 80 - 76
Talon (8): 7C KC 9D JD 8S 9S QS AS
segfault_society hand: 8C 9C 8D 10D KD 7H 8H QH KH 7S 10S KS
zybots_ hand: 10C JC QC AC 7D QD AD 9H 10H JH AH JS
  Exchange segfault_society: discard 8C 9C 8D 10D 7S -> draw 7C 8S 9S QS AS (talon 3 left)
  Exchange zybots_: discard 7D QD 9H -> draw KC 9D JD (talon 0 left)

--- Phase: declare ---
  Declare point: segfault_society wins 6 pts (('point', 6, 'S'))
  Declare sequence: zybots_ wins 10 pts (('sequence', 5, 14, 'C'))
  Declare set: zybots_ wins 3 pts (('set', 3, 14))

--- Phase: tricks ---
  Trick  1: segfault_society leads AS, zybots_ plays JS -> segfault_society wins
  Trick  2: segfault_society leads KS, zybots_ plays 9D -> segfault_society wins
  Trick  3: segfault_society leads QS, zybots_ plays 10C -> segfault_society wins
  Trick  4: segfault_society leads KH, zybots_ plays AH -> zybots_ wins
  Trick  5: zybots_ leads JC, segfault_society plays 7C -> zybots_ wins
  Trick  6: zybots_ leads QC, segfault_society plays 7H -> zybots_ wins
  Trick  7: zybots_ leads KC, segfault_society plays 8H -> zybots_ wins
  Trick  8: zybots_ leads AC, segfault_society plays 8S -> zybots_ wins
  Trick  9: zybots_ leads AD, segfault_society plays KD -> zybots_ wins
  Trick 10: zybots_ leads 10H, segfault_society plays QH -> segfault_society wins
  Trick 11: segfault_society leads 10S, zybots_ plays JH -> segfault_society wins
  Trick 12: segfault_society leads 9S, zybots_ plays JD -> segfault_society wins
  Hand: segfault_society +13 / zybots_ +19 (tricks 6-6)
  Match total: segfault_society 93 - 95 zybots_
Players: segfault_society vs zybots_
Dealer: segfault_society  |  Elder: zybots_
Match scores: 93 - 95
Talon (8): KC 9D 10D JD QD 8S JS QS
segfault_society hand: 8C 9C 10C QC KD 7H 8H 10H JH QH 7S 9S
zybots_ hand: 7C JC AC 7D 8D AD 9H KH AH 10S KS AS
  Exchange zybots_: discard 7C JC 7D 8D 9H -> draw 10D JD QD JS QS (talon 3 left)
  Exchange segfault_society: discard 7H 7S 9S -> draw KC 9D 8S (talon 0 left)

--- Phase: declare ---
  Declare point: zybots_ wins 5 pts (('point', 5, 'S'))
  Declare sequence: zybots_ wins 10 pts (('sequence', 5, 14, 'S'))
  Declare set: zybots_ wins 14 pts (('set', 4, 14))

--- Phase: tricks ---
  Trick  1: zybots_ leads 10S, segfault_society plays 8S -> zybots_ wins
  Trick  2: zybots_ leads JS, segfault_society plays 8C -> zybots_ wins
  Trick  3: zybots_ leads QS, segfault_society plays 8H -> zybots_ wins
  Trick  4: zybots_ leads KH, segfault_society plays 10H -> zybots_ wins
  Trick  5: zybots_ leads KS, segfault_society plays 9C -> zybots_ wins
  Trick  6: zybots_ leads AD, segfault_society plays 9D -> zybots_ wins
  Trick  7: zybots_ leads AS, segfault_society plays 10C -> zybots_ wins
  Trick  8: zybots_ leads AC, segfault_society plays QC -> zybots_ wins
  Trick  9: zybots_ leads AH, segfault_society plays JH -> zybots_ wins
  Trick 10: zybots_ leads 10D, segfault_society plays KD -> segfault_society wins
  Trick 11: segfault_society leads KC, zybots_ plays JD -> segfault_society wins
  Trick 12: segfault_society leads QH, zybots_ plays QD -> segfault_society wins
  Hand: segfault_society +4 / zybots_ +48 (tricks 3-9)
  Match total: segfault_society 97 - 143 zybots_
  Final: segfault_society 97 - 143 zybots_
  Winner: zybots_

============================================================
Game 2
============================================================
Players: zybots_ vs segfault_society
Dealer: zybots_  |  Elder: segfault_society
Match scores: 0 - 0
Talon (8): 7C 9D JD 8H 7S 8S JS QS
zybots_ hand: 10C QC KC AC 7D 10D QD AD QH AH 9S 10S
segfault_society hand: 8C 9C JC 8D KD 7H 9H 10H JH KH KS AS
  Exchange segfault_society: discard 8C 9C JC 8D 7H -> draw 7C JD 8H 7S QS (talon 3 left)
  Exchange zybots_: discard 7D 10D 9S -> draw 9D 8S JS (talon 0 left)

--- Phase: declare ---
  Declare point: segfault_society wins 5 pts (('point', 5, 'H'))
  Declare sequence: segfault_society wins 4 pts (('sequence', 4, 11, 'H'))
  Declare set: zybots_ wins 3 pts (('set', 3, 14))

--- Phase: tricks ---
  Trick  1: segfault_society leads AS, zybots_ plays 8S -> segfault_society wins
  Trick  2: segfault_society leads KS, zybots_ plays 10S -> segfault_society wins
  Trick  3: segfault_society leads QS, zybots_ plays JS -> segfault_society wins
  Trick  4: segfault_society leads KH, zybots_ plays AH -> zybots_ wins
  Trick  5: zybots_ leads QC, segfault_society plays 7C -> zybots_ wins
  Trick  6: zybots_ leads KC, segfault_society plays 7S -> zybots_ wins
  Trick  7: zybots_ leads AC, segfault_society plays 8H -> zybots_ wins
  Trick  8: zybots_ leads AD, segfault_society plays JD -> zybots_ wins
  Trick  9: zybots_ leads 9D, segfault_society plays KD -> segfault_society wins
  Trick 10: segfault_society leads JH, zybots_ plays QH -> zybots_ wins
  Trick 11: zybots_ leads QD, segfault_society plays 9H -> zybots_ wins
  Trick 12: zybots_ leads 10C, segfault_society plays 10H -> zybots_ wins
  Hand: zybots_ +22 / segfault_society +13 (tricks 8-4)
  Match total: zybots_ 22 - 13 segfault_society
Players: zybots_ vs segfault_society
Dealer: segfault_society  |  Elder: zybots_
Match scores: 22 - 13
Talon (8): 8C JC 9H JH 7S 8S JS QS
zybots_ hand: KC AC 7D 9D 10D JD QD 7H QH KH 9S AS
segfault_society hand: 7C 9C 10C QC 8D KD AD 8H 10H AH 10S KS
  Exchange zybots_: discard KC 7H QH KH 9S -> draw 8C 9H 8S JS QS (talon 3 left)
  Exchange segfault_society: discard 8D 8H 10S -> draw JC JH 7S (talon 0 left)

--- Phase: declare ---

--- Phase: tricks ---
  Trick  1: zybots_ leads AS, segfault_society plays 7S -> zybots_ wins
  Trick  2: zybots_ leads AC, segfault_society plays 7C -> zybots_ wins
  Trick  3: zybots_ leads 7D, segfault_society plays KD -> segfault_society wins
  Trick  4: segfault_society leads AH, zybots_ plays 9H -> segfault_society wins
  Trick  5: segfault_society leads AD, zybots_ plays 9D -> segfault_society wins
  Trick  6: segfault_society leads KS, zybots_ plays 8S -> segfault_society wins
  Trick  7: segfault_society leads QC, zybots_ plays 8C -> segfault_society wins
  Trick  8: segfault_society leads JC, zybots_ plays 10D -> segfault_society wins
  Trick  9: segfault_society leads JH, zybots_ plays JD -> segfault_society wins
  Trick 10: segfault_society leads 10C, zybots_ plays JS -> segfault_society wins
  Trick 11: segfault_society leads 10H, zybots_ plays QD -> segfault_society wins
  Trick 12: segfault_society leads 9C, zybots_ plays QS -> segfault_society wins
  Hand: zybots_ +2 / segfault_society +21 (tricks 2-10)
  Match total: zybots_ 24 - 34 segfault_society
Players: zybots_ vs segfault_society
Dealer: zybots_  |  Elder: segfault_society
Match scores: 24 - 34
Talon (8): 8C 10C 8D JD QD 9S JS QS
zybots_ hand: 7C 9C JC AC 7D 10D KD 8H 9H 10H AH 10S
segfault_society hand: QC KC 9D AD 7H JH QH KH 7S 8S KS AS
  Exchange segfault_society: discard QC 9D 7H 7S 8S -> draw 8C 10C 9S JS QS (talon 3 left)
  Exchange zybots_: discard 7C 9C 7D -> draw 8D JD QD (talon 0 left)

--- Phase: declare ---
  Declare point: segfault_society wins 5 pts (('point', 5, 'S'))
  Declare sequence: segfault_society wins 4 pts (('sequence', 4, 14, 'S'))
  Declare set: segfault_society wins 3 pts (('set', 3, 13))

--- Phase: tricks ---
  Trick  1: segfault_society leads AS, zybots_ plays 10S -> segfault_society wins
  Trick  2: segfault_society leads KS, zybots_ plays 8H -> segfault_society wins
  Trick  3: segfault_society leads QS, zybots_ plays 8D -> segfault_society wins
  Trick  4: segfault_society leads JS, zybots_ plays 9H -> segfault_society wins
  Trick  5: segfault_society leads AD, zybots_ plays 10D -> segfault_society wins
  Trick  6: segfault_society leads KC, zybots_ plays AC -> zybots_ wins
  Trick  7: zybots_ leads JD, segfault_society plays 8C -> zybots_ wins
  Trick  8: zybots_ leads QD, segfault_society plays 9S -> zybots_ wins
  Trick  9: zybots_ leads KD, segfault_society plays 10C -> zybots_ wins
  Trick 10: zybots_ leads AH, segfault_society plays JH -> zybots_ wins
  Trick 11: zybots_ leads 10H, segfault_society plays QH -> segfault_society wins
  Trick 12: segfault_society leads KH, zybots_ plays JC -> segfault_society wins
  Hand: zybots_ +5 / segfault_society +30 (tricks 5-7)
  Match total: zybots_ 29 - 64 segfault_society
Players: zybots_ vs segfault_society
Dealer: segfault_society  |  Elder: zybots_
Match scores: 29 - 64
Talon (8): 7C KC 9D JH AH 10S QS AS
zybots_ hand: 9C 10C JC QC 7D 8D QD KD AD KH 8S 9S
segfault_society hand: 8C AC 10D JD 7H 8H 9H 10H QH 7S JS KS
  Exchange zybots_: discard 7D 8D KH 8S 9S -> draw 7C KC 10S QS AS (talon 3 left)
  Exchange segfault_society: discard 8C 10D 7S -> draw 9D JH AH (talon 0 left)

--- Phase: declare ---
  Declare point: segfault_society wins 7 pts (('point', 7, 'H'))
  Declare sequence: segfault_society wins 11 pts (('sequence', 6, 12, 'H'))
  Declare set: zybots_ wins 3 pts (('set', 3, 12))

--- Phase: tricks ---
  Trick  1: zybots_ leads QD, segfault_society plays 9D -> zybots_ wins
  Trick  2: zybots_ leads KD, segfault_society plays JD -> zybots_ wins
  Trick  3: zybots_ leads AD, segfault_society plays 7H -> zybots_ wins
  Trick  4: zybots_ leads AS, segfault_society plays JS -> zybots_ wins
  Trick  5: zybots_ leads 7C, segfault_society plays AC -> segfault_society wins
  Trick  6: segfault_society leads AH, zybots_ plays 9C -> segfault_society wins
  Trick  7: segfault_society leads KS, zybots_ plays 10S -> segfault_society wins
  Trick  8: segfault_society leads QH, zybots_ plays 10C -> segfault_society wins
  Trick  9: segfault_society leads JH, zybots_ plays JC -> segfault_society wins
  Trick 10: segfault_society leads 10H, zybots_ plays QC -> segfault_society wins
  Trick 11: segfault_society leads 9H, zybots_ plays QS -> segfault_society wins
  Trick 12: segfault_society leads 8H, zybots_ plays KC -> segfault_society wins
  Hand: zybots_ +7 / segfault_society +37 (tricks 4-8)
  Match total: zybots_ 36 - 101 segfault_society
  Final: zybots_ 36 - 101 segfault_society
  Winner: segfault_society

============================================================
Game 3
============================================================
Players: segfault_society vs zybots_
Dealer: segfault_society  |  Elder: zybots_
Match scores: 0 - 0
Talon (8): 10C JC KC 8H 9H 9S JS AS
segfault_society hand: 9C AC 7D 9D JD QD KD JH KH AH 8S 10S
zybots_ hand: 7C 8C QC 8D 10D AD 7H 10H QH 7S QS KS
  Exchange zybots_: discard 7C 8C 7H 10H 7S -> draw 10C JC 8H 9H 9S (talon 3 left)
  Exchange segfault_society: discard 9C 8S 10S -> draw KC JS AS (talon 0 left)

--- Phase: declare ---
  Declare point: segfault_society wins 5 pts (('point', 5, 'D'))
  Declare sequence: segfault_society wins 3 pts (('sequence', 3, 13, 'D'))
  Declare set: segfault_society wins 3 pts (('set', 3, 14))

--- Phase: tricks ---
  Trick  1: zybots_ leads AD, segfault_society plays 7D -> zybots_ wins
  Trick  2: zybots_ leads 10C, segfault_society plays KC -> segfault_society wins
  Trick  3: segfault_society leads KD, zybots_ plays 8D -> segfault_society wins
  Trick  4: segfault_society leads AH, zybots_ plays 8H -> segfault_society wins
  Trick  5: segfault_society leads QD, zybots_ plays 10D -> segfault_society wins
  Trick  6: segfault_society leads AS, zybots_ plays 9S -> segfault_society wins
  Trick  7: segfault_society leads KH, zybots_ plays 9H -> segfault_society wins
  Trick  8: segfault_society leads JD, zybots_ plays JC -> segfault_society wins
  Trick  9: segfault_society leads AC, zybots_ plays QC -> segfault_society wins
  Trick 10: segfault_society leads JH, zybots_ plays QH -> zybots_ wins
  Trick 11: zybots_ leads QS, segfault_society plays JS -> zybots_ wins
  Trick 12: zybots_ leads KS, segfault_society plays 9D -> zybots_ wins
  Hand: segfault_society +29 / zybots_ +5 (tricks 8-4)
  Match total: segfault_society 29 - 5 zybots_
Players: segfault_society vs zybots_
Dealer: zybots_  |  Elder: segfault_society
Match scores: 29 - 5
Talon (8): 8D AD 8H 10H QH KH QS AS
segfault_society hand: 8C 9C QC KC 10D JD QD 9H JH AH 7S 9S
zybots_ hand: 7C 10C JC AC 7D 9D KD 7H 8S 10S JS KS
  Exchange segfault_society: discard 8C 9C 9H 7S 9S -> draw AD 10H QH QS AS (talon 3 left)
  Exchange zybots_: discard 7D 7H 8S -> draw 8D 8H KH (talon 0 left)

--- Phase: declare ---
  Declare point: segfault_society wins 4 pts (('point', 4, 'H'))
  Declare sequence: segfault_society wins 3 pts (('sequence', 3, 12, 'H'))
  Declare set: segfault_society wins 3 pts (('set', 3, 14))

--- Phase: tricks ---
  Trick  1: segfault_society leads AH, zybots_ plays 8H -> segfault_society wins
  Trick  2: segfault_society leads AD, zybots_ plays 8D -> segfault_society wins
  Trick  3: segfault_society leads AS, zybots_ plays 10S -> segfault_society wins
  Trick  4: segfault_society leads QD, zybots_ plays KD -> zybots_ wins
  Trick  5: zybots_ leads KS, segfault_society plays QS -> zybots_ wins
  Trick  6: zybots_ leads KH, segfault_society plays 10H -> zybots_ wins
  Trick  7: zybots_ leads AC, segfault_society plays QC -> zybots_ wins
  Trick  8: zybots_ leads 7C, segfault_society plays KC -> segfault_society wins
  Trick  9: segfault_society leads QH, zybots_ plays 9D -> segfault_society wins
  Trick 10: segfault_society leads JH, zybots_ plays 10C -> segfault_society wins
  Trick 11: segfault_society leads JD, zybots_ plays JS -> segfault_society wins
  Trick 12: segfault_society leads 10D, zybots_ plays JC -> segfault_society wins
  Hand: segfault_society +29 / zybots_ +4 (tricks 8-4)
  Match total: segfault_society 58 - 9 zybots_
Players: segfault_society vs zybots_
Dealer: segfault_society  |  Elder: zybots_
Match scores: 58 - 9
Talon (8): 7C AC 9D KD AH 7S 8S 10S
segfault_society hand: 8C JC KC 8D 10D JD QD 10H QH KH KS AS
zybots_ hand: 9C 10C QC 7D AD 7H 8H 9H JH 9S JS QS
  Exchange zybots_: discard 9C 10C 7D 9S JS -> draw AC KD AH 7S 8S (talon 3 left)
  Exchange segfault_society: discard 8C JC 10H -> draw 7C 9D 10S (talon 0 left)

--- Phase: declare ---
  Declare point: segfault_society wins 5 pts (('point', 5, 'D'))
  Declare sequence: segfault_society wins 10 pts (('sequence', 5, 12, 'D'))
  Declare set: zybots_ wins 3 pts (('set', 3, 14))

--- Phase: tricks ---
  Trick  1: zybots_ leads KD, segfault_society plays 8D -> zybots_ wins
  Trick  2: zybots_ leads AD, segfault_society plays 9D -> zybots_ wins
  Trick  3: zybots_ leads AC, segfault_society plays 7C -> zybots_ wins
  Trick  4: zybots_ leads AH, segfault_society plays QH -> zybots_ wins
  Trick  5: zybots_ leads 7H, segfault_society plays KH -> segfault_society wins
  Trick  6: segfault_society leads AS, zybots_ plays 7S -> segfault_society wins
  Trick  7: segfault_society leads QD, zybots_ plays 8H -> segfault_society wins
  Trick  8: segfault_society leads KS, zybots_ plays 8S -> segfault_society wins
  Trick  9: segfault_society leads JD, zybots_ plays 9H -> segfault_society wins
  Trick 10: segfault_society leads KC, zybots_ plays QC -> segfault_society wins
  Trick 11: segfault_society leads 10D, zybots_ plays JH -> segfault_society wins
  Trick 12: segfault_society leads 10S, zybots_ plays QS -> zybots_ wins
  Hand: segfault_society +32 / zybots_ +9 (tricks 7-5)
  Match total: segfault_society 90 - 18 zybots_
Players: segfault_society vs zybots_
Dealer: zybots_  |  Elder: segfault_society
Match scores: 90 - 18
Talon (8): 8C 9C 7D 10D QD 7H KS AS
segfault_society hand: JC KC AC JD KD 8H 9H JH QH AH JS QS
zybots_ hand: 7C 10C QC 8D 9D AD 10H KH 7S 8S 9S 10S
  Exchange segfault_society: discard JC JD 8H JS QS -> draw 9C 7D 10D KS AS (talon 3 left)
  Exchange zybots_: discard 7C 8D 9D -> draw 8C QD 7H (talon 0 left)

--- Phase: declare ---
  Declare point: segfault_society wins 4 pts (('point', 4, 'H'))
  Declare sequence: zybots_ wins 4 pts (('sequence', 4, 10, 'S'))
  Declare set: segfault_society wins 3 pts (('set', 3, 14))

--- Phase: tricks ---
  Trick  1: segfault_society leads AH, zybots_ plays 7H -> segfault_society wins
  Trick  2: segfault_society leads AC, zybots_ plays 8C -> segfault_society wins
  Trick  3: segfault_society leads AS, zybots_ plays 7S -> segfault_society wins
  Trick  4: segfault_society leads KC, zybots_ plays 10C -> segfault_society wins
  Trick  5: segfault_society leads KS, zybots_ plays 8S -> segfault_society wins
  Trick  6: segfault_society leads KD, zybots_ plays AD -> zybots_ wins
  Trick  7: zybots_ leads QC, segfault_society plays 9C -> zybots_ wins
  Trick  8: zybots_ leads KH, segfault_society plays 9H -> zybots_ wins
  Trick  9: zybots_ leads 9S, segfault_society plays 7D -> zybots_ wins
  Trick 10: zybots_ leads 10S, segfault_society plays 10D -> zybots_ wins
  Trick 11: zybots_ leads 10H, segfault_society plays JH -> segfault_society wins
  Trick 12: segfault_society leads QH, zybots_ plays QD -> segfault_society wins
  Hand: segfault_society +25 / zybots_ +9 (tricks 7-5)
  Match total: segfault_society 115 - 27 zybots_
  Final: segfault_society 115 - 27 zybots_
  Winner: segfault_society

============================================================
Game 4
============================================================
Players: zybots_ vs segfault_society
Dealer: zybots_  |  Elder: segfault_society
Match scores: 0 - 0
Talon (8): 7C KC 9D JD KD 7H 10S AS
zybots_ hand: 9C JC QC AC 8D 9H 10H JH KH JS QS KS
segfault_society hand: 8C 10C 7D 10D QD AD 8H QH AH 7S 8S 9S
  Exchange segfault_society: discard 8C 10C 7D 10D 8H -> draw KC 9D JD KD 7H (talon 3 left)
  Exchange zybots_: discard 9C 8D KH -> draw 7C 10S AS (talon 0 left)

--- Phase: declare ---
  Declare point: zybots_ wins 5 pts (('point', 5, 'S'))
  Declare sequence: zybots_ wins 10 pts (('sequence', 5, 14, 'S'))
  Declare set: zybots_ wins 3 pts (('set', 3, 11))

--- Phase: tricks ---
  Trick  1: segfault_society leads AD, zybots_ plays 7C -> segfault_society wins
  Trick  2: segfault_society leads KD, zybots_ plays 9H -> segfault_society wins
  Trick  3: segfault_society leads AH, zybots_ plays 10H -> segfault_society wins
  Trick  4: segfault_society leads QD, zybots_ plays 10S -> segfault_society wins
  Trick  5: segfault_society leads JD, zybots_ plays JC -> segfault_society wins
  Trick  6: segfault_society leads 9S, zybots_ plays JS -> zybots_ wins
  Trick  7: zybots_ leads QS, segfault_society plays 7S -> zybots_ wins
  Trick  8: zybots_ leads KS, segfault_society plays 8S -> zybots_ wins
  Trick  9: zybots_ leads AC, segfault_society plays KC -> zybots_ wins
  Trick 10: zybots_ leads AS, segfault_society plays 7H -> zybots_ wins
  Trick 11: zybots_ leads QC, segfault_society plays 9D -> zybots_ wins
  Trick 12: zybots_ leads JH, segfault_society plays QH -> segfault_society wins
  Hand: zybots_ +24 / segfault_society +7 (tricks 6-6)
  Match total: zybots_ 24 - 7 segfault_society
Players: zybots_ vs segfault_society
Dealer: segfault_society  |  Elder: zybots_
Match scores: 24 - 7
Talon (8): 7C 8C KC 8D KH 10S QS KS
zybots_ hand: 10C JC QC AC 7D 9D AD 8H 9H QH AH 7S
segfault_society hand: 9C 10D JD QD KD 7H 10H JH 8S 9S JS AS
  Exchange zybots_: discard 7D 9D 8H 9H 7S -> draw 8C KC 8D 10S QS (talon 3 left)
  Exchange segfault_society: discard 9C 7H 10H -> draw 7C KH KS (talon 0 left)

--- Phase: declare ---
  Declare point: zybots_ wins 6 pts (('point', 6, 'C'))
  Declare sequence: zybots_ wins 10 pts (('sequence', 5, 14, 'C'))
  Declare set: zybots_ wins 3 pts (('set', 3, 14))

--- Phase: tricks ---
  Trick  1: zybots_ leads 10C, segfault_society plays 7C -> zybots_ wins
  Trick  2: zybots_ leads JC, segfault_society plays 8S -> zybots_ wins
  Trick  3: zybots_ leads QC, segfault_society plays 9S -> zybots_ wins
  Trick  4: zybots_ leads KC, segfault_society plays 10D -> zybots_ wins
  Trick  5: zybots_ leads AD, segfault_society plays JD -> zybots_ wins
  Trick  6: zybots_ leads AC, segfault_society plays JH -> zybots_ wins
  Trick  7: zybots_ leads AH, segfault_society plays KH -> zybots_ wins
  Trick  8: zybots_ leads 10S, segfault_society plays JS -> segfault_society wins
  Trick  9: segfault_society leads AS, zybots_ plays QS -> segfault_society wins
  Trick 10: segfault_society leads KD, zybots_ plays 8D -> segfault_society wins
  Trick 11: segfault_society leads KS, zybots_ plays 8C -> segfault_society wins
  Trick 12: segfault_society leads QD, zybots_ plays QH -> segfault_society wins
  Hand: zybots_ +36 / segfault_society +6 (tricks 7-5)
  Match total: zybots_ 60 - 13 segfault_society
Players: zybots_ vs segfault_society
Dealer: zybots_  |  Elder: segfault_society
Match scores: 60 - 13
Talon (8): 8C QC 8D AD 8H 9H 10S AS
zybots_ hand: 9C JC KC 7D 10D JD QD JH KH 9S JS QS
segfault_society hand: 7C 10C AC 9D KD 7H 10H QH AH 7S 8S KS
  Exchange segfault_society: discard 7C 10C 9D 7S 8S -> draw QC 8D AD 9H AS (talon 3 left)
  Exchange zybots_: discard 9C 9S QS -> draw 8C 8H 10S (talon 0 left)

--- Phase: declare ---
  Declare point: segfault_society wins 5 pts (('point', 5, 'H'))
  Declare sequence: zybots_ wins 3 pts (('sequence', 3, 12, 'D'))
  Declare set: segfault_society wins 14 pts (('set', 4, 14))

--- Phase: tricks ---
  Trick  1: segfault_society leads AH, zybots_ plays 8H -> segfault_society wins
  Trick  2: segfault_society leads AD, zybots_ plays 7D -> segfault_society wins
  Trick  3: segfault_society leads AC, zybots_ plays 8C -> segfault_society wins
  Trick  4: segfault_society leads AS, zybots_ plays 10S -> segfault_society wins
  Trick  5: segfault_society leads KD, zybots_ plays 10D -> segfault_society wins
  Trick  6: segfault_society leads KS, zybots_ plays JS -> segfault_society wins
  Trick  7: segfault_society leads QH, zybots_ plays KH -> zybots_ wins
  Trick  8: zybots_ leads JD, segfault_society plays 8D -> zybots_ wins
  Trick  9: zybots_ leads QD, segfault_society plays 7H -> zybots_ wins
  Trick 10: zybots_ leads KC, segfault_society plays QC -> zybots_ wins
  Trick 11: zybots_ leads JH, segfault_society plays 9H -> zybots_ wins
  Trick 12: zybots_ leads JC, segfault_society plays 10H -> zybots_ wins
  Hand: zybots_ +10 / segfault_society +25 (tricks 6-6)
  Match total: zybots_ 70 - 38 segfault_society
Players: zybots_ vs segfault_society
Dealer: segfault_society  |  Elder: zybots_
Match scores: 70 - 38
Talon (8): 8C 10C QC KC 9H AH 7S JS
zybots_ hand: 7C 9C 7D 8D 10D KD AD 7H 10H 10S QS KS
segfault_society hand: JC AC 9D JD QD 8H JH QH KH 8S 9S AS
  Exchange zybots_: discard 7C 9C 7H QS KS -> draw 8C 10C QC 9H 7S (talon 3 left)
  Exchange segfault_society: discard 9D 8S 9S -> draw KC AH JS (talon 0 left)

--- Phase: declare ---
  Declare point: segfault_society wins 5 pts (('point', 5, 'H'))
  Declare sequence: segfault_society wins 4 pts (('sequence', 4, 14, 'H'))
  Declare set: segfault_society wins 3 pts (('set', 3, 14))

--- Phase: tricks ---
  Trick  1: zybots_ leads KD, segfault_society plays JD -> zybots_ wins
  Trick  2: zybots_ leads AD, segfault_society plays QD -> zybots_ wins
  Trick  3: zybots_ leads 7D, segfault_society plays 8H -> zybots_ wins
  Trick  4: zybots_ leads 8C, segfault_society plays JC -> segfault_society wins
  Trick  5: segfault_society leads AH, zybots_ plays 9H -> segfault_society wins
  Trick  6: segfault_society leads KH, zybots_ plays 10H -> segfault_society wins
  Trick  7: segfault_society leads AS, zybots_ plays 7S -> segfault_society wins
  Trick  8: segfault_society leads AC, zybots_ plays 10C -> segfault_society wins
  Trick  9: segfault_society leads QH, zybots_ plays 8D -> segfault_society wins
  Trick 10: segfault_society leads KC, zybots_ plays QC -> segfault_society wins
  Trick 11: segfault_society leads JH, zybots_ plays 10D -> segfault_society wins
  Trick 12: segfault_society leads JS, zybots_ plays 10S -> segfault_society wins
  Hand: zybots_ +3 / segfault_society +32 (tricks 3-9)
  Match total: zybots_ 73 - 70 segfault_society
Players: zybots_ vs segfault_society
Dealer: zybots_  |  Elder: segfault_society
Match scores: 73 - 70
Talon (8): JC QC 8D JD QD KD 7S QS
zybots_ hand: 7C AC 9D AD 8H 9H 10H KH 8S 10S KS AS
segfault_society hand: 8C 9C 10C KC 7D 10D 7H JH QH AH 9S JS
  Exchange segfault_society: discard 7D 10D 7H 9S JS -> draw JC JD QD KD 7S (talon 3 left)
  Exchange zybots_: discard 7C 9D KH -> draw QC 8D QS (talon 0 left)

--- Phase: declare ---
  Declare point: zybots_ wins 5 pts (('point', 5, 'S'))
  Declare sequence: segfault_society wins 4 pts (('sequence', 4, 11, 'C'))
  Declare set: zybots_ wins 3 pts (('set', 3, 14))

--- Phase: tricks ---
  Trick  1: segfault_society leads AH, zybots_ plays 8H -> segfault_society wins
  Trick  2: segfault_society leads KC, zybots_ plays AC -> zybots_ wins
  Trick  3: zybots_ leads QS, segfault_society plays 7S -> zybots_ wins
  Trick  4: zybots_ leads KS, segfault_society plays 8C -> zybots_ wins
  Trick  5: zybots_ leads AD, segfault_society plays JD -> zybots_ wins
  Trick  6: zybots_ leads AS, segfault_society plays 9C -> zybots_ wins
  Trick  7: zybots_ leads 9H, segfault_society plays JH -> segfault_society wins
  Trick  8: segfault_society leads KD, zybots_ plays 8D -> segfault_society wins
  Trick  9: segfault_society leads QD, zybots_ plays 8S -> segfault_society wins
  Trick 10: segfault_society leads JC, zybots_ plays QC -> zybots_ wins
  Trick 11: zybots_ leads 10H, segfault_society plays QH -> segfault_society wins
  Trick 12: segfault_society leads 10C, zybots_ plays 10S -> segfault_society wins
  Hand: zybots_ +14 / segfault_society +11 (tricks 6-6)
  Match total: zybots_ 87 - 81 segfault_society
Players: zybots_ vs segfault_society
Dealer: segfault_society  |  Elder: zybots_
Match scores: 87 - 81
Talon (8): 9C 10C 10H KH 10S JS KS AS
zybots_ hand: JC KC 7D 8D 10D JD QD JH AH 7S 9S QS
segfault_society hand: 7C 8C QC AC 9D KD AD 7H 8H 9H QH 8S
  Exchange zybots_: discard KC AH 7S 9S QS -> draw 9C KH JS KS AS (talon 3 left)
  Exchange segfault_society: discard 7C 8C 8S -> draw 10C 10H 10S (talon 0 left)

--- Phase: declare ---
  Declare point: zybots_ wins 5 pts (('point', 5, 'D'))
  Declare sequence: segfault_society wins 4 pts (('sequence', 4, 10, 'H'))
  Declare set: zybots_ wins 14 pts (('set', 4, 11))

--- Phase: tricks ---
  Trick  1: zybots_ leads KS, segfault_society plays 10S -> zybots_ wins
  Trick  2: zybots_ leads AS, segfault_society plays 7H -> zybots_ wins
  Trick  3: zybots_ leads 7D, segfault_society plays 9D -> segfault_society wins
  Trick  4: segfault_society leads AC, zybots_ plays 9C -> segfault_society wins
  Trick  5: segfault_society leads AD, zybots_ plays 8D -> segfault_society wins
  Trick  6: segfault_society leads KD, zybots_ plays 10D -> segfault_society wins
  Trick  7: segfault_society leads QH, zybots_ plays KH -> zybots_ wins
  Trick  8: zybots_ leads JD, segfault_society plays 8H -> zybots_ wins
  Trick  9: zybots_ leads QD, segfault_society plays 9H -> zybots_ wins
  Trick 10: zybots_ leads JC, segfault_society plays QC -> segfault_society wins
  Trick 11: segfault_society leads 10C, zybots_ plays JH -> segfault_society wins
  Trick 12: segfault_society leads 10H, zybots_ plays JS -> segfault_society wins
  Hand: zybots_ +24 / segfault_society +22 (tricks 5-7)
  Match total: zybots_ 111 - 103 segfault_society
  Final: zybots_ 111 - 103 segfault_society
  Winner: zybots_

============================================================
Game 5
============================================================
Players: segfault_society vs zybots_
Dealer: segfault_society  |  Elder: zybots_
Match scores: 0 - 0
Talon (8): 7C KC 9D 10D KD 8H 10H KS
segfault_society hand: 8C 10C AC 7D QD 9H JH KH 8S 9S 10S JS
zybots_ hand: 9C JC QC 8D JD AD 7H QH AH 7S QS AS
  Exchange zybots_: discard 9C JC 8D 7H 7S -> draw KC 9D 10D KD KS (talon 3 left)
  Exchange segfault_society: discard 8C 7D 9H -> draw 7C 8H 10H (talon 0 left)

--- Phase: declare ---
  Declare point: zybots_ wins 5 pts (('point', 5, 'D'))
  Declare sequence: segfault_society wins 4 pts (('sequence', 4, 11, 'S'))
  Declare set: zybots_ wins 3 pts (('set', 3, 14))

--- Phase: tricks ---
  Trick  1: zybots_ leads QS, segfault_society plays 8S -> zybots_ wins
  Trick  2: zybots_ leads KS, segfault_society plays 9S -> zybots_ wins
  Trick  3: zybots_ leads KD, segfault_society plays QD -> zybots_ wins
  Trick  4: zybots_ leads AS, segfault_society plays 10S -> zybots_ wins
  Trick  5: zybots_ leads AD, segfault_society plays 7C -> zybots_ wins
  Trick  6: zybots_ leads AH, segfault_society plays 8H -> zybots_ wins
  Trick  7: zybots_ leads 9D, segfault_society plays 10C -> zybots_ wins
  Trick  8: zybots_ leads 10D, segfault_society plays 10H -> zybots_ wins
  Trick  9: zybots_ leads QC, segfault_society plays AC -> segfault_society wins
  Trick 10: segfault_society leads KH, zybots_ plays QH -> segfault_society wins
  Trick 11: segfault_society leads JS, zybots_ plays JD -> segfault_society wins
  Trick 12: segfault_society leads JH, zybots_ plays KC -> segfault_society wins
  Hand: segfault_society +9 / zybots_ +26 (tricks 4-8)
  Match total: segfault_society 9 - 26 zybots_
Players: segfault_society vs zybots_
Dealer: zybots_  |  Elder: segfault_society
Match scores: 9 - 26
Talon (8): 7C JC QC KD 10H JH 10S AS
segfault_society hand: 8C KC AC 8D 9D AD 7H KH AH 8S JS QS
zybots_ hand: 9C 10C 7D 10D JD QD 8H 9H QH 7S 9S KS
  Exchange segfault_society: discard 8C 8D 9D 7H 8S -> draw JC KD 10H JH AS (talon 3 left)
  Exchange zybots_: discard 8H 7S 9S -> draw 7C QC 10S (talon 0 left)

--- Phase: declare ---
  Declare point: segfault_society wins 4 pts (('point', 4, 'H'))
  Declare sequence: zybots_ wins 3 pts (('sequence', 3, 12, 'D'))
  Declare set: segfault_society wins 14 pts (('set', 4, 14))

--- Phase: tricks ---
  Trick  1: segfault_society leads AH, zybots_ plays 9H -> segfault_society wins
  Trick  2: segfault_society leads AC, zybots_ plays 7C -> segfault_society wins
  Trick  3: segfault_society leads AS, zybots_ plays 10S -> segfault_society wins
  Trick  4: segfault_society leads KH, zybots_ plays QH -> segfault_society wins
  Trick  5: segfault_society leads AD, zybots_ plays 7D -> segfault_society wins
  Trick  6: segfault_society leads KC, zybots_ plays 9C -> segfault_society wins
  Trick  7: segfault_society leads KD, zybots_ plays 10D -> segfault_society wins
  Trick  8: segfault_society leads QS, zybots_ plays KS -> zybots_ wins
  Trick  9: zybots_ leads JD, segfault_society plays 10H -> zybots_ wins
  Trick 10: zybots_ leads QD, segfault_society plays JS -> zybots_ wins
  Trick 11: zybots_ leads QC, segfault_society plays JC -> zybots_ wins
  Trick 12: zybots_ leads 10C, segfault_society plays JH -> zybots_ wins
  Hand: segfault_society +35 / zybots_ +9 (tricks 7-5)
  Match total: segfault_society 44 - 35 zybots_
Players: segfault_society vs zybots_
Dealer: segfault_society  |  Elder: zybots_
Match scores: 44 - 35
Talon (8): 9C KC 9D 9H JH QH 10S JS
segfault_society hand: 7C 8C 10C QC 7D 10D JD 7H 8H 8S KS AS
zybots_ hand: JC AC 8D QD KD AD 10H KH AH 7S 9S QS
  Exchange zybots_: discard JC 10H 7S 9S QS -> draw 9C KC 9D QH 10S (talon 3 left)
  Exchange segfault_society: discard 7D 7H 8S -> draw 9H JH JS (talon 0 left)

--- Phase: declare ---
  Declare point: zybots_ wins 5 pts (('point', 5, 'D'))
  Declare sequence: zybots_ wins 3 pts (('sequence', 3, 14, 'H'))
  Declare set: zybots_ wins 3 pts (('set', 3, 14))

--- Phase: tricks ---
  Trick  1: zybots_ leads QD, segfault_society plays 10D -> zybots_ wins
  Trick  2: zybots_ leads QH, segfault_society plays 8H -> zybots_ wins
  Trick  3: zybots_ leads KH, segfault_society plays 9H -> zybots_ wins
  Trick  4: zybots_ leads KD, segfault_society plays JD -> zybots_ wins
  Trick  5: zybots_ leads KC, segfault_society plays 7C -> zybots_ wins
  Trick  6: zybots_ leads AD, segfault_society plays 8C -> zybots_ wins
  Trick  7: zybots_ leads AH, segfault_society plays JH -> zybots_ wins
  Trick  8: zybots_ leads AC, segfault_society plays 10C -> zybots_ wins
  Trick  9: zybots_ leads 8D, segfault_society plays JS -> zybots_ wins
  Trick 10: zybots_ leads 10S, segfault_society plays KS -> segfault_society wins
  Trick 11: segfault_society leads AS, zybots_ plays 9C -> segfault_society wins
  Trick 12: segfault_society leads QC, zybots_ plays 9D -> segfault_society wins
  Hand: segfault_society +4 / zybots_ +30 (tricks 3-9)
  Match total: segfault_society 48 - 65 zybots_
Players: segfault_society vs zybots_
Dealer: zybots_  |  Elder: segfault_society
Match scores: 48 - 65
Talon (8): 7C 9C KC 8D 9D 10D 8S 9S
segfault_society hand: JC 7D JD QD AD 8H 9H 10H JH AH 7S 10S
zybots_ hand: 8C 10C QC AC KD 7H QH KH JS QS KS AS
  Exchange segfault_society: discard JC 7D JD 7S 10S -> draw 7C 8D 10D 8S 9S (talon 3 left)
  Exchange zybots_: discard 8C 10C 7H -> draw 9C KC 9D (talon 0 left)

--- Phase: declare ---
  Declare point: segfault_society wins 5 pts (('point', 5, 'H'))
  Declare sequence: zybots_ wins 4 pts (('sequence', 4, 14, 'S'))
  Declare set: zybots_ wins 14 pts (('set', 4, 13))

--- Phase: tricks ---
  Trick  1: segfault_society leads AH, zybots_ plays QH -> segfault_society wins
  Trick  2: segfault_society leads AD, zybots_ plays 9D -> segfault_society wins
  Trick  3: segfault_society leads JH, zybots_ plays KH -> zybots_ wins
  Trick  4: zybots_ leads JS, segfault_society plays 8S -> zybots_ wins
  Trick  5: zybots_ leads QC, segfault_society plays 7C -> zybots_ wins
  Trick  6: zybots_ leads QS, segfault_society plays 9S -> zybots_ wins
  Trick  7: zybots_ leads KS, segfault_society plays 8H -> zybots_ wins
  Trick  8: zybots_ leads KD, segfault_society plays 8D -> zybots_ wins
  Trick  9: zybots_ leads KC, segfault_society plays 9H -> zybots_ wins
  Trick 10: zybots_ leads AS, segfault_society plays 10H -> zybots_ wins
  Trick 11: zybots_ leads AC, segfault_society plays 10D -> zybots_ wins
  Trick 12: zybots_ leads 9C, segfault_society plays QD -> zybots_ wins
  Hand: segfault_society +7 / zybots_ +39 (tricks 2-10)
  Match total: segfault_society 55 - 104 zybots_
  Final: segfault_society 55 - 104 zybots_
  Winner: zybots_

============================================================
Game 6
============================================================
Players: zybots_ vs segfault_society
Dealer: zybots_  |  Elder: segfault_society
Match scores: 0 - 0
Talon (8): 8D 9D QD JH QH 8S 9S JS
zybots_ hand: 7C 8C 10C JC QC KC AC 7D JD KD 7H 9H
segfault_society hand: 9C 10D AD 8H 10H KH AH 7S 10S QS KS AS
  Exchange segfault_society: discard 9C 10D 8H 10H 7S -> draw QD QH 8S 9S JS (talon 3 left)
  Exchange zybots_: discard 7D 7H 9H -> draw 8D 9D JH (talon 0 left)

--- Phase: declare ---
  Declare point: segfault_society wins 7 pts (('point', 7, 'S'))
  Declare sequence: segfault_society wins 12 pts (('sequence', 7, 14, 'S'))
  Declare set: segfault_society wins 3 pts (('set', 3, 14))

--- Phase: tricks ---
  Trick  1: segfault_society leads AS, zybots_ plays 7C -> segfault_society wins
  Trick  2: segfault_society leads KS, zybots_ plays 8C -> segfault_society wins
  Trick  3: segfault_society leads QS, zybots_ plays 8D -> segfault_society wins
  Trick  4: segfault_society leads JS, zybots_ plays 9D -> segfault_society wins
  Trick  5: segfault_society leads AH, zybots_ plays JH -> segfault_society wins
  Trick  6: segfault_society leads 10S, zybots_ plays 10C -> segfault_society wins
  Trick  7: segfault_society leads AD, zybots_ plays JD -> segfault_society wins
  Trick  8: segfault_society leads KH, zybots_ plays JC -> segfault_society wins
  Trick  9: segfault_society leads 9S, zybots_ plays QC -> segfault_society wins
  Trick 10: segfault_society leads QH, zybots_ plays KC -> segfault_society wins
  Trick 11: segfault_society leads 8S, zybots_ plays KD -> segfault_society wins
  Trick 12: segfault_society leads QD, zybots_ plays AC -> segfault_society wins
  Hand: zybots_ +0 / segfault_society +105 (tricks 0-12)
  Match total: zybots_ 0 - 105 segfault_society
  Final: zybots_ 0 - 105 segfault_society
  Winner: segfault_society

============================================================
Game 7
============================================================
Players: segfault_society vs zybots_
Dealer: segfault_society  |  Elder: zybots_
Match scores: 0 - 0
Talon (8): QC KC QD KD 7H 10S QS AS
segfault_society hand: 7C 10C JC AC 7D JD AD JH QH 8S 9S KS
zybots_ hand: 8C 9C 8D 9D 10D 8H 9H 10H KH AH 7S JS
  Exchange zybots_: discard 8C 9C KH 7S JS -> draw QC QD KD 7H QS (talon 3 left)
  Exchange segfault_society: discard 7D 8S 9S -> draw KC 10S AS (talon 0 left)

--- Phase: declare ---
  Declare point: segfault_society wins 5 pts (('point', 5, 'C'))
  Declare sequence: zybots_ wins 4 pts (('sequence', 4, 10, 'H'))
  Declare set: segfault_society wins 3 pts (('set', 3, 14))

--- Phase: tricks ---
  Trick  1: zybots_ leads AH, segfault_society plays JH -> zybots_ wins
  Trick  2: zybots_ leads 8D, segfault_society plays JD -> segfault_society wins
  Trick  3: segfault_society leads AC, zybots_ plays QC -> segfault_society wins
  Trick  4: segfault_society leads KC, zybots_ plays 7H -> segfault_society wins
  Trick  5: segfault_society leads AS, zybots_ plays QS -> segfault_society wins
  Trick  6: segfault_society leads KS, zybots_ plays 8H -> segfault_society wins
  Trick  7: segfault_society leads AD, zybots_ plays 9D -> segfault_society wins
  Trick  8: segfault_society leads JC, zybots_ plays 9H -> segfault_society wins
  Trick  9: segfault_society leads 10C, zybots_ plays 10H -> segfault_society wins
  Trick 10: segfault_society leads QH, zybots_ plays 10D -> segfault_society wins
  Trick 11: segfault_society leads 10S, zybots_ plays QD -> segfault_society wins
  Trick 12: segfault_society leads 7C, zybots_ plays KD -> segfault_society wins
  Hand: segfault_society +30 / zybots_ +5 (tricks 11-1)
  Match total: segfault_society 30 - 5 zybots_
Players: segfault_society vs zybots_
Dealer: zybots_  |  Elder: segfault_society
Match scores: 30 - 5
Talon (8): QC AC 7D 9D QD KD 7S QS
segfault_society hand: 7C 8C 10C KC JD 8H 10H QH AH 9S JS AS
zybots_ hand: 9C JC 8D 10D AD 7H 9H JH KH 8S 10S KS
  Exchange segfault_society: discard 7C 8C 10C 9S JS -> draw QC QD KD 7S QS (talon 3 left)
  Exchange zybots_: discard 9C 8D 8S -> draw AC 7D 9D (talon 0 left)

--- Phase: declare ---
  Declare point: segfault_society wins 4 pts (('point', 4, 'H'))
  Declare sequence: segfault_society wins 3 pts (('sequence', 3, 13, 'D'))
  Declare set: segfault_society wins 14 pts (('set', 4, 12))

--- Phase: tricks ---
  Trick  1: segfault_society leads AH, zybots_ plays 7H -> segfault_society wins
  Trick  2: segfault_society leads AS, zybots_ plays 10S -> segfault_society wins
  Trick  3: segfault_society leads KD, zybots_ plays AD -> zybots_ wins
  Trick  4: zybots_ leads KS, segfault_society plays 7S -> zybots_ wins
  Trick  5: zybots_ leads KH, segfault_society plays 8H -> zybots_ wins
  Trick  6: zybots_ leads AC, segfault_society plays QC -> zybots_ wins
  Trick  7: zybots_ leads 7D, segfault_society plays JD -> segfault_society wins
  Trick  8: segfault_society leads QH, zybots_ plays 9H -> segfault_society wins
  Trick  9: segfault_society leads KC, zybots_ plays JC -> segfault_society wins
  Trick 10: segfault_society leads QS, zybots_ plays 9D -> segfault_society wins
  Trick 11: segfault_society leads QD, zybots_ plays 10D -> segfault_society wins
  Trick 12: segfault_society leads 10H, zybots_ plays JH -> zybots_ wins
  Hand: segfault_society +38 / zybots_ +6 (tricks 7-5)
  Match total: segfault_society 68 - 11 zybots_
Players: segfault_society vs zybots_
Dealer: segfault_society  |  Elder: zybots_
Match scores: 68 - 11
Talon (8): QC 7D JD KD 9H 10H 9S KS
segfault_society hand: 8C 9C JC KC 8D 9D 10D QD 8S 10S JS QS
zybots_ hand: 7C 10C AC AD 7H 8H JH QH KH AH 7S AS
  Exchange zybots_: discard 7C 10C 7H 8H 7S -> draw 7D JD 9H 10H 9S (talon 3 left)
  Exchange segfault_society: discard 8D 9D 10D -> draw QC KD KS (talon 0 left)

--- Phase: declare ---
  Declare point: zybots_ wins 6 pts (('point', 6, 'H'))
  Declare sequence: zybots_ wins 11 pts (('sequence', 6, 14, 'H'))
  Declare set: zybots_ wins 14 pts (('set', 4, 14))

--- Phase: tricks ---
  Trick  1: zybots_ leads 9H, segfault_society plays 8C -> zybots_ wins
  Trick  2: zybots_ leads 10H, segfault_society plays 8S -> zybots_ wins
  Trick  3: zybots_ leads JH, segfault_society plays 9C -> zybots_ wins
  Trick  4: zybots_ leads QH, segfault_society plays 10S -> zybots_ wins
  Trick  5: zybots_ leads KH, segfault_society plays JS -> zybots_ wins
  Trick  6: zybots_ leads AH, segfault_society plays JC -> zybots_ wins
  Trick  7: zybots_ leads AD, segfault_society plays QD -> zybots_ wins
  Trick  8: zybots_ leads AC, segfault_society plays QC -> zybots_ wins
  Trick  9: zybots_ leads AS, segfault_society plays QS -> zybots_ wins
  Trick 10: zybots_ leads 7D, segfault_society plays KD -> segfault_society wins
  Trick 11: segfault_society leads KC, zybots_ plays 9S -> segfault_society wins
  Trick 12: segfault_society leads KS, zybots_ plays JD -> segfault_society wins
  Hand: segfault_society +4 / zybots_ +110 (tricks 3-9)
  Match total: segfault_society 72 - 121 zybots_
  Final: segfault_society 72 - 121 zybots_
  Winner: zybots_

============================================================
Game 8
============================================================
Players: zybots_ vs segfault_society
Dealer: zybots_  |  Elder: segfault_society
Match scores: 0 - 0
Talon (8): QC KC 8D QD 7S JS QS AS
zybots_ hand: 7C 8C 10D JD KD 7H 8H QH AH 9S 10S KS
segfault_society hand: 9C 10C JC AC 7D 9D AD 9H 10H JH KH 8S
  Exchange segfault_society: discard 7D 9D 9H 10H 8S -> draw QC KC 7S JS AS (talon 3 left)
  Exchange zybots_: discard 7C 8C 9S -> draw 8D QD QS (talon 0 left)

--- Phase: declare ---
  Declare point: segfault_society wins 6 pts (('point', 6, 'C'))
  Declare sequence: segfault_society wins 11 pts (('sequence', 6, 14, 'C'))
  Declare set: segfault_society wins 3 pts (('set', 3, 14))

--- Phase: tricks ---
  Trick  1: segfault_society leads AC, zybots_ plays 7H -> segfault_society wins
  Trick  2: segfault_society leads KC, zybots_ plays 8H -> segfault_society wins
  Trick  3: segfault_society leads QC, zybots_ plays 8D -> segfault_society wins
  Trick  4: segfault_society leads AS, zybots_ plays 10S -> segfault_society wins
  Trick  5: segfault_society leads JC, zybots_ plays 10D -> segfault_society wins
  Trick  6: segfault_society leads 10C, zybots_ plays JD -> segfault_society wins
  Trick  7: segfault_society leads AD, zybots_ plays QD -> segfault_society wins
  Trick  8: segfault_society leads 9C, zybots_ plays QH -> segfault_society wins
  Trick  9: segfault_society leads KH, zybots_ plays AH -> zybots_ wins
  Trick 10: zybots_ leads QS, segfault_society plays 7S -> zybots_ wins
  Trick 11: zybots_ leads KD, segfault_society plays JH -> zybots_ wins
  Trick 12: zybots_ leads KS, segfault_society plays JS -> zybots_ wins
  Hand: zybots_ +5 / segfault_society +38 (tricks 4-8)
  Match total: zybots_ 5 - 38 segfault_society
Players: zybots_ vs segfault_society
Dealer: segfault_society  |  Elder: zybots_
Match scores: 5 - 38
Talon (8): 10C JC KC AC 7D 8D KH 10S
zybots_ hand: 7C 10D QD KD AD 7H 8H 9H 10H QH AH KS
segfault_society hand: 8C 9C QC 9D JD JH 7S 8S 9S JS QS AS
  Exchange zybots_: discard 7C 10D QH AH KS -> draw KC AC 7D 8D KH (talon 3 left)
  Exchange segfault_society: discard 8C 9C 9D -> draw 10C JC 10S (talon 0 left)

--- Phase: declare ---
  Declare point: segfault_society wins 7 pts (('point', 7, 'S'))
  Declare sequence: segfault_society wins 11 pts (('sequence', 6, 12, 'S'))
  Declare set: zybots_ wins 3 pts (('set', 3, 13))

--- Phase: tricks ---
  Trick  1: zybots_ leads QD, segfault_society plays JD -> zybots_ wins
  Trick  2: zybots_ leads KD, segfault_society plays 7S -> zybots_ wins
  Trick  3: zybots_ leads KC, segfault_society plays 10C -> zybots_ wins
  Trick  4: zybots_ leads AD, segfault_society plays 8S -> zybots_ wins
  Trick  5: zybots_ leads AC, segfault_society plays JC -> zybots_ wins
  Trick  6: zybots_ leads 7H, segfault_society plays JH -> segfault_society wins
  Trick  7: segfault_society leads AS, zybots_ plays 7D -> segfault_society wins
  Trick  8: segfault_society leads QC, zybots_ plays 8H -> segfault_society wins
  Trick  9: segfault_society leads QS, zybots_ plays 8D -> segfault_society wins
  Trick 10: segfault_society leads JS, zybots_ plays 9H -> segfault_society wins
  Trick 11: segfault_society leads 10S, zybots_ plays 10H -> segfault_society wins
  Trick 12: segfault_society leads 9S, zybots_ plays KH -> segfault_society wins
  Hand: zybots_ +8 / segfault_society +36 (tricks 5-7)
  Match total: zybots_ 13 - 74 segfault_society
Players: zybots_ vs segfault_society
Dealer: zybots_  |  Elder: segfault_society
Match scores: 13 - 74
Talon (8): 10C KC 8D QD 8H JH 9S 10S
zybots_ hand: 9C 9D JD KD AD 7H 9H QH AH 7S JS KS
segfault_society hand: 7C 8C JC QC AC 7D 10D 10H KH 8S QS AS
  Exchange segfault_society: discard 7D 10D 10H 8S QS -> draw 10C KC QD 8H 9S (talon 3 left)
  Exchange zybots_: discard 7H 9H 7S -> draw 8D JH 10S (talon 0 left)

--- Phase: declare ---
  Declare point: segfault_society wins 7 pts (('point', 7, 'C'))
  Declare sequence: segfault_society wins 10 pts (('sequence', 5, 14, 'C'))
  Declare set: zybots_ wins 3 pts (('set', 3, 11))

--- Phase: tricks ---
  Trick  1: segfault_society leads AC, zybots_ plays 9C -> segfault_society wins
  Trick  2: segfault_society leads KC, zybots_ plays 8D -> segfault_society wins
  Trick  3: segfault_society leads QC, zybots_ plays 9D -> segfault_society wins
  Trick  4: segfault_society leads JC, zybots_ plays 10S -> segfault_society wins
  Trick  5: segfault_society leads 10C, zybots_ plays JS -> segfault_society wins
  Trick  6: segfault_society leads AS, zybots_ plays KS -> segfault_society wins
  Trick  7: segfault_society leads KH, zybots_ plays AH -> zybots_ wins
  Trick  8: zybots_ leads KD, segfault_society plays QD -> zybots_ wins
  Trick  9: zybots_ leads AD, segfault_society plays 7C -> zybots_ wins
  Trick 10: zybots_ leads JH, segfault_society plays 8H -> zybots_ wins
  Trick 11: zybots_ leads JD, segfault_society plays 8C -> zybots_ wins
  Trick 12: zybots_ leads QH, segfault_society plays 9S -> zybots_ wins
  Hand: zybots_ +10 / segfault_society +23 (tricks 6-6)
  Match total: zybots_ 23 - 97 segfault_society
Players: zybots_ vs segfault_society
Dealer: segfault_society  |  Elder: zybots_
Match scores: 23 - 97
Talon (8): KC 8D JD AD KH AH 8S AS
zybots_ hand: 9C 10C AC 7D 9D QD 7H 10H JH 7S 9S QS
segfault_society hand: 7C 8C JC QC 10D KD 8H 9H QH 10S JS KS
  Exchange zybots_: discard 7D 9D 7H 7S 9S -> draw KC JD AD AH AS (talon 3 left)
  Exchange segfault_society: discard 8H 9H 10S -> draw 8D KH 8S (talon 0 left)

--- Phase: declare ---
  Declare point: zybots_ wins 4 pts (('point', 4, 'C'))
  Declare set: zybots_ wins 14 pts (('set', 4, 14))

--- Phase: tricks ---
  Trick  1: zybots_ leads KC, segfault_society plays 7C -> zybots_ wins
  Trick  2: zybots_ leads AC, segfault_society plays 8C -> zybots_ wins
  Trick  3: zybots_ leads AH, segfault_society plays QH -> zybots_ wins
  Trick  4: zybots_ leads AS, segfault_society plays 8S -> zybots_ wins
  Trick  5: zybots_ leads AD, segfault_society plays 8D -> zybots_ wins
  Trick  6: zybots_ leads 9C, segfault_society plays JC -> segfault_society wins
  Trick  7: segfault_society leads KD, zybots_ plays JD -> segfault_society wins
  Trick  8: segfault_society leads KS, zybots_ plays QS -> segfault_society wins
  Trick  9: segfault_society leads KH, zybots_ plays 10H -> segfault_society wins
  Trick 10: segfault_society leads QC, zybots_ plays 10C -> segfault_society wins
  Trick 11: segfault_society leads JS, zybots_ plays JH -> segfault_society wins
  Trick 12: segfault_society leads 10D, zybots_ plays QD -> zybots_ wins
  Hand: zybots_ +25 / segfault_society +6 (tricks 6-6)
  Match total: zybots_ 48 - 103 segfault_society
  Final: zybots_ 48 - 103 segfault_society
  Winner: segfault_society

============================================================
Game 9
============================================================
Players: segfault_society vs zybots_
Dealer: segfault_society  |  Elder: zybots_
Match scores: 0 - 0
Talon (8): KC JD QD 7H 9H 10H AH QS
segfault_society hand: 7C 8C 9C 10C JC 7D 10D AD JH KH 7S JS
zybots_ hand: QC AC 8D 9D KD 8H QH 8S 9S 10S KS AS
  Exchange zybots_: discard QC 8D 9D 8H QH -> draw KC JD QD 10H AH (talon 3 left)
  Exchange segfault_society: discard 7D 10D 7S -> draw 7H 9H QS (talon 0 left)

--- Phase: declare ---
  Declare point: zybots_ wins 5 pts (('point', 5, 'S'))
  Declare sequence: segfault_society wins 10 pts (('sequence', 5, 11, 'C'))
  Declare set: zybots_ wins 3 pts (('set', 3, 14))

--- Phase: tricks ---
  Trick  1: zybots_ leads KS, segfault_society plays JS -> zybots_ wins
  Trick  2: zybots_ leads KC, segfault_society plays 7C -> zybots_ wins
  Trick  3: zybots_ leads AS, segfault_society plays QS -> zybots_ wins
  Trick  4: zybots_ leads AC, segfault_society plays 8C -> zybots_ wins
  Trick  5: zybots_ leads AH, segfault_society plays 7H -> zybots_ wins
  Trick  6: zybots_ leads 8S, segfault_society plays 9C -> zybots_ wins
  Trick  7: zybots_ leads JD, segfault_society plays AD -> segfault_society wins
  Trick  8: segfault_society leads KH, zybots_ plays 10H -> segfault_society wins
  Trick  9: segfault_society leads JC, zybots_ plays 9S -> segfault_society wins
  Trick 10: segfault_society leads JH, zybots_ plays 10S -> segfault_society wins
  Trick 11: segfault_society leads 10C, zybots_ plays QD -> segfault_society wins
  Trick 12: segfault_society leads 9H, zybots_ plays KD -> segfault_society wins
  Hand: segfault_society +17 / zybots_ +14 (tricks 6-6)
  Match total: segfault_society 17 - 14 zybots_
Players: segfault_society vs zybots_
Dealer: zybots_  |  Elder: segfault_society
Match scores: 17 - 14
Talon (8): 7C 7D 8D 10D QD 7H 9H JH
segfault_society hand: 8C 9C 10C JC KC 8H 10H QH AH 9S JS AS
zybots_ hand: QC AC 9D JD KD AD KH 7S 8S 10S QS KS
  Exchange segfault_society: discard 8H 10H QH 9S JS -> draw 7D 8D 10D 7H JH (talon 3 left)
  Exchange zybots_: discard QC 9D JD -> draw 7C QD 9H (talon 0 left)

--- Phase: declare ---
  Declare point: segfault_society wins 5 pts (('point', 5, 'C'))
  Declare sequence: segfault_society wins 4 pts (('sequence', 4, 11, 'C'))
  Declare set: zybots_ wins 3 pts (('set', 3, 13))

--- Phase: tricks ---
  Trick  1: segfault_society leads AH, zybots_ plays 9H -> segfault_society wins
  Trick  2: segfault_society leads AS, zybots_ plays 7S -> segfault_society wins
  Trick  3: segfault_society leads KC, zybots_ plays AC -> zybots_ wins
  Trick  4: zybots_ leads QS, segfault_society plays 7D -> zybots_ wins
  Trick  5: zybots_ leads QD, segfault_society plays 8D -> zybots_ wins
  Trick  6: zybots_ leads KD, segfault_society plays 10D -> zybots_ wins
  Trick  7: zybots_ leads KH, segfault_society plays 7H -> zybots_ wins
  Trick  8: zybots_ leads KS, segfault_society plays 8C -> zybots_ wins
  Trick  9: zybots_ leads AD, segfault_society plays 9C -> zybots_ wins
  Trick 10: zybots_ leads 8S, segfault_society plays 10C -> zybots_ wins
  Trick 11: zybots_ leads 10S, segfault_society plays JC -> zybots_ wins
  Trick 12: zybots_ leads 7C, segfault_society plays JH -> zybots_ wins
  Hand: segfault_society +11 / zybots_ +24 (tricks 2-10)
  Match total: segfault_society 28 - 38 zybots_
Players: segfault_society vs zybots_
Dealer: segfault_society  |  Elder: zybots_
Match scores: 28 - 38
Talon (8): JC JD QD 7H 8H 8S 10S QS
segfault_society hand: 7C 8C 10C QC 10D KD AD 10H JH 7S KS AS
zybots_ hand: 9C KC AC 7D 8D 9D 9H QH KH AH 9S JS
  Exchange zybots_: discard 9C KC AC 9S JS -> draw QD 7H 8S 10S QS (talon 3 left)
  Exchange segfault_society: discard 10D 10H 7S -> draw JC JD 8H (talon 0 left)

--- Phase: declare ---
  Declare point: zybots_ wins 5 pts (('point', 5, 'H'))
  Declare sequence: zybots_ wins 3 pts (('sequence', 3, 14, 'H'))
  Declare set: zybots_ wins 3 pts (('set', 3, 12))

--- Phase: tricks ---
  Trick  1: zybots_ leads QH, segfault_society plays 8H -> zybots_ wins
  Trick  2: zybots_ leads KH, segfault_society plays JH -> zybots_ wins
  Trick  3: zybots_ leads AH, segfault_society plays 7C -> zybots_ wins
  Trick  4: zybots_ leads 7D, segfault_society plays JD -> segfault_society wins
  Trick  5: segfault_society leads AD, zybots_ plays 8D -> segfault_society wins
  Trick  6: segfault_society leads AS, zybots_ plays 8S -> segfault_society wins
  Trick  7: segfault_society leads KD, zybots_ plays 9D -> segfault_society wins
  Trick  8: segfault_society leads KS, zybots_ plays 10S -> segfault_society wins
  Trick  9: segfault_society leads QC, zybots_ plays 7H -> segfault_society wins
  Trick 10: segfault_society leads JC, zybots_ plays 9H -> segfault_society wins
  Trick 11: segfault_society leads 10C, zybots_ plays QS -> segfault_society wins
  Trick 12: segfault_society leads 8C, zybots_ plays QD -> segfault_society wins
  Hand: segfault_society +20 / zybots_ +14 (tricks 9-3)
  Match total: segfault_society 48 - 52 zybots_
Players: segfault_society vs zybots_
Dealer: zybots_  |  Elder: segfault_society
Match scores: 48 - 52
Talon (8): 7C 8C 9C AC QD KD 9H 8S
segfault_society hand: QC KC 8D 10D JD 8H JH KH AH 10S KS AS
zybots_ hand: 10C JC 7D 9D AD 7H 10H QH 7S 9S JS QS
  Exchange segfault_society: discard QC 8D 10D JD 10S -> draw 7C AC QD KD 8S (talon 3 left)
  Exchange zybots_: discard 7D 9D 7H -> draw 8C 9C 9H (talon 0 left)

--- Phase: declare ---
  Declare point: segfault_society wins 4 pts (('point', 4, 'H'))
  Declare sequence: zybots_ wins 4 pts (('sequence', 4, 11, 'C'))
  Declare set: segfault_society wins 3 pts (('set', 3, 14))

--- Phase: tricks ---
  Trick  1: segfault_society leads AH, zybots_ plays 9H -> segfault_society wins
  Trick  2: segfault_society leads AS, zybots_ plays 7S -> segfault_society wins
  Trick  3: segfault_society leads AC, zybots_ plays 8C -> segfault_society wins
  Trick  4: segfault_society leads KH, zybots_ plays 10H -> segfault_society wins
  Trick  5: segfault_society leads KS, zybots_ plays 9S -> segfault_society wins
  Trick  6: segfault_society leads KC, zybots_ plays 9C -> segfault_society wins
  Trick  7: segfault_society leads KD, zybots_ plays AD -> zybots_ wins
  Trick  8: zybots_ leads JS, segfault_society plays 8S -> zybots_ wins
  Trick  9: zybots_ leads QS, segfault_society plays 7C -> zybots_ wins
  Trick 10: zybots_ leads QH, segfault_society plays 8H -> zybots_ wins
  Trick 11: zybots_ leads 10C, segfault_society plays JH -> zybots_ wins
  Trick 12: zybots_ leads JC, segfault_society plays QD -> zybots_ wins
  Hand: segfault_society +13 / zybots_ +11 (tricks 6-6)
  Match total: segfault_society 61 - 63 zybots_
Players: segfault_society vs zybots_
Dealer: segfault_society  |  Elder: zybots_
Match scores: 61 - 63
Talon (8): JC QC 9D 10D 8H 10H QH KH
segfault_society hand: 9C 10C KC 8D AD 7H JH AH 10S JS KS AS
zybots_ hand: 7C 8C AC 7D JD QD KD 9H 7S 8S 9S QS
  Exchange zybots_: discard 7C 8C AC 9H QS -> draw 9D 8H 10H QH KH (talon 3 left)
  Exchange segfault_society: discard 9C 8D 7H -> draw JC QC 10D (talon 0 left)

--- Phase: declare ---
  Declare point: zybots_ wins 5 pts (('point', 5, 'D'))
  Declare sequence: segfault_society wins 4 pts (('sequence', 4, 13, 'C'))
  Declare set: segfault_society wins 3 pts (('set', 3, 14))

--- Phase: tricks ---
  Trick  1: zybots_ leads 7D, segfault_society plays 10D -> segfault_society wins
  Trick  2: segfault_society leads AS, zybots_ plays 7S -> segfault_society wins
  Trick  3: segfault_society leads KS, zybots_ plays 8S -> segfault_society wins
  Trick  4: segfault_society leads AH, zybots_ plays 8H -> segfault_society wins
  Trick  5: segfault_society leads AD, zybots_ plays 9D -> segfault_society wins
  Trick  6: segfault_society leads KC, zybots_ plays 9S -> segfault_society wins
  Trick  7: segfault_society leads QC, zybots_ plays 10H -> segfault_society wins
  Trick  8: segfault_society leads JS, zybots_ plays JD -> segfault_society wins
  Trick  9: segfault_society leads JC, zybots_ plays QD -> segfault_society wins
  Trick 10: segfault_society leads JH, zybots_ plays QH -> zybots_ wins
  Trick 11: zybots_ leads KD, segfault_society plays 10C -> zybots_ wins
  Trick 12: zybots_ leads KH, segfault_society plays 10S -> zybots_ wins
  Hand: segfault_society +26 / zybots_ +9 (tricks 9-3)
  Match total: segfault_society 87 - 72 zybots_
Players: segfault_society vs zybots_
Dealer: zybots_  |  Elder: segfault_society
Match scores: 87 - 72
Talon (8): 9C AC 8D JD QD 8H 9H 8S
segfault_society hand: 7C 8C JC QC 7D 9D AD 7H 10H JH QH QS
zybots_ hand: 10C KC 10D KD KH AH 7S 9S 10S JS KS AS
  Exchange segfault_society: discard 7C 8C JC 7D 9D -> draw 9C AC QD 9H 8S (talon 3 left)
  Exchange zybots_: discard AH 7S AS -> draw 8D JD 8H (talon 0 left)

--- Phase: declare ---
  Declare point: segfault_society wins 5 pts (('point', 5, 'H'))
  Declare sequence: segfault_society wins 4 pts (('sequence', 4, 12, 'H'))
  Declare set: zybots_ wins 14 pts (('set', 4, 13))

--- Phase: tricks ---
  Trick  1: segfault_society leads AC, zybots_ plays 10C -> segfault_society wins
  Trick  2: segfault_society leads AD, zybots_ plays 8D -> segfault_society wins
  Trick  3: segfault_society leads QH, zybots_ plays KH -> zybots_ wins
  Trick  4: zybots_ leads KD, segfault_society plays QD -> zybots_ wins
  Trick  5: zybots_ leads KC, segfault_society plays 9C -> zybots_ wins
  Trick  6: zybots_ leads 9S, segfault_society plays QS -> segfault_society wins
  Trick  7: segfault_society leads QC, zybots_ plays 8H -> segfault_society wins
  Trick  8: segfault_society leads JH, zybots_ plays 10D -> segfault_society wins
  Trick  9: segfault_society leads 10H, zybots_ plays 10S -> segfault_society wins
  Trick 10: segfault_society leads 9H, zybots_ plays JS -> segfault_society wins
  Trick 11: segfault_society leads 8S, zybots_ plays KS -> zybots_ wins
  Trick 12: zybots_ leads JD, segfault_society plays 7H -> zybots_ wins
  Hand: segfault_society +26 / zybots_ +20 (tricks 7-5)
  Match total: segfault_society 113 - 92 zybots_
  Final: segfault_society 113 - 92 zybots_
  Winner: segfault_society

============================================================
Game 10
============================================================
Players: zybots_ vs segfault_society
Dealer: zybots_  |  Elder: segfault_society
Match scores: 0 - 0
Talon (8): QC AC 7D 10D AH JS QS AS
zybots_ hand: JC 8D 9D KD 8H 9H 10H QH KH 7S 8S KS
segfault_society hand: 7C 8C 9C 10C KC JD QD AD 7H JH 9S 10S
  Exchange segfault_society: discard JD 7H JH 9S 10S -> draw QC AC 10D AH JS (talon 3 left)
  Exchange zybots_: discard 8D 7S 8S -> draw 7D QS AS (talon 0 left)

--- Phase: declare ---
  Declare point: segfault_society wins 7 pts (('point', 7, 'C'))
  Declare sequence: segfault_society wins 4 pts (('sequence', 4, 10, 'C'))
  Declare set: segfault_society wins 3 pts (('set', 3, 14))

--- Phase: tricks ---
  Trick  1: segfault_society leads AC, zybots_ plays JC -> segfault_society wins
  Trick  2: segfault_society leads KC, zybots_ plays 7D -> segfault_society wins
  Trick  3: segfault_society leads QC, zybots_ plays 8H -> segfault_society wins
  Trick  4: segfault_society leads AD, zybots_ plays 9D -> segfault_society wins
  Trick  5: segfault_society leads AH, zybots_ plays 9H -> segfault_society wins
  Trick  6: segfault_society leads 10C, zybots_ plays 10H -> segfault_society wins
  Trick  7: segfault_society leads 9C, zybots_ plays QH -> segfault_society wins
  Trick  8: segfault_society leads QD, zybots_ plays KD -> zybots_ wins
  Trick  9: zybots_ leads QS, segfault_society plays JS -> zybots_ wins
  Trick 10: zybots_ leads KS, segfault_society plays 7C -> zybots_ wins
  Trick 11: zybots_ leads KH, segfault_society plays 8C -> zybots_ wins
  Trick 12: zybots_ leads AS, segfault_society plays 10D -> zybots_ wins
  Hand: zybots_ +6 / segfault_society +31 (tricks 5-7)
  Match total: zybots_ 6 - 31 segfault_society
Players: zybots_ vs segfault_society
Dealer: segfault_society  |  Elder: zybots_
Match scores: 6 - 31
Talon (8): 8C QC AC QD 9H 10H 9S AS
zybots_ hand: 9C JC 8D 10D JD KD 8H QH KH AH 7S KS
segfault_society hand: 7C 10C KC 7D 9D AD 7H JH 8S 10S JS QS
  Exchange zybots_: discard 9C 8D 10D JD 7S -> draw 8C AC 9H 9S AS (talon 3 left)
  Exchange segfault_society: discard 7C 7D 7H -> draw QC QD 10H (talon 0 left)

--- Phase: declare ---
  Declare point: zybots_ wins 5 pts (('point', 5, 'H'))
  Declare sequence: zybots_ wins 3 pts (('sequence', 3, 14, 'H'))
  Declare set: zybots_ wins 3 pts (('set', 3, 14))

--- Phase: tricks ---
  Trick  1: zybots_ leads QH, segfault_society plays 10H -> zybots_ wins
  Trick  2: zybots_ leads KS, segfault_society plays 8S -> zybots_ wins
  Trick  3: zybots_ leads KH, segfault_society plays JH -> zybots_ wins
  Trick  4: zybots_ leads AH, segfault_society plays 9D -> zybots_ wins
  Trick  5: zybots_ leads AS, segfault_society plays 10S -> zybots_ wins
  Trick  6: zybots_ leads AC, segfault_society plays 10C -> zybots_ wins
  Trick  7: zybots_ leads 8H, segfault_society plays JS -> zybots_ wins
  Trick  8: zybots_ leads 8C, segfault_society plays QC -> segfault_society wins
  Trick  9: segfault_society leads AD, zybots_ plays KD -> segfault_society wins
  Trick 10: segfault_society leads KC, zybots_ plays JC -> segfault_society wins
  Trick 11: segfault_society leads QS, zybots_ plays 9S -> segfault_society wins
  Trick 12: segfault_society leads QD, zybots_ plays 9H -> segfault_society wins
  Hand: zybots_ +28 / segfault_society +6 (tricks 7-5)
  Match total: zybots_ 34 - 37 segfault_society
Players: zybots_ vs segfault_society
Dealer: zybots_  |  Elder: segfault_society
Match scores: 34 - 37
Talon (8): 8C JC 7D QD AD 8H JH AH
zybots_ hand: 7C 10C KC 10D JD KD 7H 10H 8S 9S 10S JS
segfault_society hand: 9C QC AC 8D 9D 9H QH KH 7S QS KS AS
  Exchange segfault_society: discard 9C QC 8D 9D 9H -> draw 8C 7D QD AD JH (talon 3 left)
  Exchange zybots_: discard 7C JD 7H -> draw JC 8H AH (talon 0 left)

--- Phase: declare ---
  Declare point: segfault_society wins 4 pts (('point', 4, 'S'))
  Declare sequence: zybots_ wins 4 pts (('sequence', 4, 11, 'S'))
  Declare set: segfault_society wins 3 pts (('set', 3, 14))

--- Phase: tricks ---
  Trick  1: segfault_society leads AS, zybots_ plays 8S -> segfault_society wins
  Trick  2: segfault_society leads AD, zybots_ plays 10D -> segfault_society wins
  Trick  3: segfault_society leads KS, zybots_ plays 9S -> segfault_society wins
  Trick  4: segfault_society leads AC, zybots_ plays 10C -> segfault_society wins
  Trick  5: segfault_society leads QS, zybots_ plays 10S -> segfault_society wins
  Trick  6: segfault_society leads KH, zybots_ plays AH -> zybots_ wins
  Trick  7: zybots_ leads JS, segfault_society plays 7S -> zybots_ wins
  Trick  8: zybots_ leads KC, segfault_society plays 8C -> zybots_ wins
  Trick  9: zybots_ leads KD, segfault_society plays 7D -> zybots_ wins
  Trick 10: zybots_ leads 8H, segfault_society plays JH -> segfault_society wins
  Trick 11: segfault_society leads QD, zybots_ plays 10H -> segfault_society wins
  Trick 12: segfault_society leads QH, zybots_ plays JC -> segfault_society wins
  Hand: zybots_ +8 / segfault_society +26 (tricks 4-8)
  Match total: zybots_ 42 - 63 segfault_society
Players: zybots_ vs segfault_society
Dealer: segfault_society  |  Elder: zybots_
Match scores: 42 - 63
Talon (8): 7C AC 7D 8D 9D 7H KH 8S
zybots_ hand: 8C QC KC 10D QD 8H 9H AH 9S JS QS KS
segfault_society hand: 9C 10C JC JD KD AD 10H JH QH 7S 10S AS
  Exchange zybots_: discard 8C KC 10D 8H 9H -> draw 7C 7D 8D 7H 8S (talon 3 left)
  Exchange segfault_society: discard 9C 10C 7S -> draw AC 9D KH (talon 0 left)

--- Phase: declare ---
  Declare point: zybots_ wins 5 pts (('point', 5, 'S'))
  Declare sequence: segfault_society wins 4 pts (('sequence', 4, 13, 'H'))
  Declare set: segfault_society wins 3 pts (('set', 3, 14))

--- Phase: tricks ---
  Trick  1: zybots_ leads AH, segfault_society plays 10H -> zybots_ wins
  Trick  2: zybots_ leads 8S, segfault_society plays 10S -> segfault_society wins
  Trick  3: segfault_society leads AD, zybots_ plays 7D -> segfault_society wins
  Trick  4: segfault_society leads KD, zybots_ plays 8D -> segfault_society wins
  Trick  5: segfault_society leads KH, zybots_ plays 7H -> segfault_society wins
  Trick  6: segfault_society leads AC, zybots_ plays 7C -> segfault_society wins
  Trick  7: segfault_society leads QH, zybots_ plays 9S -> segfault_society wins
  Trick  8: segfault_society leads AS, zybots_ plays JS -> segfault_society wins
  Trick  9: segfault_society leads JH, zybots_ plays QS -> segfault_society wins
  Trick 10: segfault_society leads JD, zybots_ plays QD -> zybots_ wins
  Trick 11: zybots_ leads KS, segfault_society plays 9D -> zybots_ wins
  Trick 12: zybots_ leads QC, segfault_society plays JC -> zybots_ wins
  Hand: zybots_ +10 / segfault_society +25 (tricks 4-8)
  Match total: zybots_ 52 - 88 segfault_society
Players: zybots_ vs segfault_society
Dealer: zybots_  |  Elder: segfault_society
Match scores: 52 - 88
Talon (8): 10C 7D JD KD 7H 10H QS AS
zybots_ hand: 7C AC 8D 9D AD KH AH 7S 8S 10S JS KS
segfault_society hand: 8C 9C JC QC KC 10D QD 8H 9H JH QH 9S
  Exchange segfault_society: discard 10D 8H 9H JH 9S -> draw 10C KD 7H 10H AS (talon 3 left)
  Exchange zybots_: discard 7C 8D 9D -> draw 7D JD QS (talon 0 left)

--- Phase: declare ---
  Declare point: segfault_society wins 6 pts (('point', 6, 'C'))
  Declare sequence: segfault_society wins 11 pts (('sequence', 6, 13, 'C'))
  Declare set: zybots_ wins 3 pts (('set', 3, 14))

--- Phase: tricks ---
  Trick  1: segfault_society leads AS, zybots_ plays 7S -> segfault_society wins
  Trick  2: segfault_society leads KC, zybots_ plays AC -> zybots_ wins
  Trick  3: zybots_ leads 10S, segfault_society plays 7H -> zybots_ wins
  Trick  4: zybots_ leads JS, segfault_society plays 8C -> zybots_ wins
  Trick  5: zybots_ leads QS, segfault_society plays 9C -> zybots_ wins
  Trick  6: zybots_ leads KH, segfault_society plays 10H -> zybots_ wins
  Trick  7: zybots_ leads KS, segfault_society plays 10C -> zybots_ wins
  Trick  8: zybots_ leads AD, segfault_society plays QD -> zybots_ wins
  Trick  9: zybots_ leads AH, segfault_society plays QH -> zybots_ wins
  Trick 10: zybots_ leads 7D, segfault_society plays KD -> segfault_society wins
  Trick 11: segfault_society leads QC, zybots_ plays 8S -> segfault_society wins
  Trick 12: segfault_society leads JC, zybots_ plays JD -> segfault_society wins
  Hand: zybots_ +21 / segfault_society +22 (tricks 8-4)
  Match total: zybots_ 73 - 110 segfault_society
  Final: zybots_ 73 - 110 segfault_society
  Winner: segfault_society

============================================================
Game 11
============================================================
Players: segfault_society vs zybots_
Dealer: segfault_society  |  Elder: zybots_
Match scores: 0 - 0
Talon (8): 8C 9C AC 7D 9H 10H JH QS
segfault_society hand: 7C KC 8D AD 8H QH KH AH 7S JS KS AS
zybots_ hand: 10C JC QC 9D 10D JD QD KD 7H 8S 9S 10S
  Exchange zybots_: discard JC QC 7H 8S 9S -> draw 8C AC 10H JH QS (talon 3 left)
  Exchange segfault_society: discard 7C 8D 7S -> draw 9C 7D 9H (talon 0 left)

--- Phase: declare ---
  Declare point: zybots_ wins 5 pts (('point', 5, 'D'))
  Declare sequence: zybots_ wins 10 pts (('sequence', 5, 13, 'D'))
  Declare set: segfault_society wins 3 pts (('set', 3, 14))

--- Phase: tricks ---
  Trick  1: zybots_ leads AC, segfault_society plays 9C -> zybots_ wins
  Trick  2: zybots_ leads 9D, segfault_society plays AD -> segfault_society wins
  Trick  3: segfault_society leads AH, zybots_ plays 10H -> segfault_society wins
  Trick  4: segfault_society leads KH, zybots_ plays JH -> segfault_society wins
  Trick  5: segfault_society leads AS, zybots_ plays 10S -> segfault_society wins
  Trick  6: segfault_society leads QH, zybots_ plays 8C -> segfault_society wins
  Trick  7: segfault_society leads KS, zybots_ plays QS -> segfault_society wins
  Trick  8: segfault_society leads KC, zybots_ plays 10C -> segfault_society wins
  Trick  9: segfault_society leads 9H, zybots_ plays 10D -> segfault_society wins
  Trick 10: segfault_society leads JS, zybots_ plays JD -> segfault_society wins
  Trick 11: segfault_society leads 8H, zybots_ plays QD -> segfault_society wins
  Trick 12: segfault_society leads 7D, zybots_ plays KD -> zybots_ wins
  Hand: segfault_society +23 / zybots_ +18 (tricks 10-2)
  Match total: segfault_society 23 - 18 zybots_
Players: segfault_society vs zybots_
Dealer: zybots_  |  Elder: segfault_society
Match scores: 23 - 18
Talon (8): 9C QC 9D JH AH 7S 8S KS
segfault_society hand: 7C KC AC 7D 8D QD 10H QH 9S JS QS AS
zybots_ hand: 8C 10C JC 10D JD KD AD 7H 8H 9H KH 10S
  Exchange segfault_society: discard 7C 7D 8D QD 10H -> draw 9C 9D JH AH 8S (talon 3 left)
  Exchange zybots_: discard 8C JC KH -> draw QC 7S KS (talon 0 left)

--- Phase: declare ---
  Declare point: segfault_society wins 5 pts (('point', 5, 'S'))
  Declare sequence: zybots_ wins 3 pts (('sequence', 3, 9, 'H'))
  Declare set: segfault_society wins 3 pts (('set', 3, 14))

--- Phase: tricks ---
  Trick  1: segfault_society leads AS, zybots_ plays 7S -> segfault_society wins
  Trick  2: segfault_society leads AC, zybots_ plays 10C -> segfault_society wins
  Trick  3: segfault_society leads AH, zybots_ plays 7H -> segfault_society wins
  Trick  4: segfault_society leads KC, zybots_ plays QC -> segfault_society wins
  Trick  5: segfault_society leads QS, zybots_ plays KS -> zybots_ wins
  Trick  6: zybots_ leads KD, segfault_society plays 9D -> zybots_ wins
  Trick  7: zybots_ leads AD, segfault_society plays 8S -> zybots_ wins
  Trick  8: zybots_ leads 10D, segfault_society plays 9S -> zybots_ wins
  Trick  9: zybots_ leads 8H, segfault_society plays JH -> segfault_society wins
  Trick 10: segfault_society leads QH, zybots_ plays 9H -> segfault_society wins
  Trick 11: segfault_society leads JS, zybots_ plays 10S -> segfault_society wins
  Trick 12: segfault_society leads 9C, zybots_ plays JD -> segfault_society wins
  Hand: segfault_society +27 / zybots_ +7 (tricks 8-4)
  Match total: segfault_society 50 - 25 zybots_
Players: segfault_society vs zybots_
Dealer: segfault_society  |  Elder: zybots_
Match scores: 50 - 25
Talon (8): 9D QD 7H 9H 10H AH 7S 9S
segfault_society hand: 7C 9C 10C AC 7D KD 8H QH KH 10S QS KS
zybots_ hand: 8C JC QC KC 8D 10D JD AD JH 8S JS AS
  Exchange zybots_: discard 8C 8D 10D 8S AS -> draw QD 7H 9H AH 7S (talon 3 left)
  Exchange segfault_society: discard 7D 8H 10S -> draw 9D 10H 9S (talon 0 left)

--- Phase: declare ---
  Declare sequence: zybots_ wins 3 pts (('sequence', 3, 13, 'C'))
  Declare set: segfault_society wins 3 pts (('set', 3, 13))

--- Phase: tricks ---
  Trick  1: zybots_ leads AD, segfault_society plays 9D -> zybots_ wins
  Trick  2: zybots_ leads AH, segfault_society plays 10H -> zybots_ wins
  Trick  3: zybots_ leads JC, segfault_society plays AC -> segfault_society wins
  Trick  4: segfault_society leads KH, zybots_ plays 7H -> segfault_society wins
  Trick  5: segfault_society leads KD, zybots_ plays JD -> segfault_society wins
  Trick  6: segfault_society leads QH, zybots_ plays 9H -> segfault_society wins
  Trick  7: segfault_society leads KS, zybots_ plays 7S -> segfault_society wins
  Trick  8: segfault_society leads 10C, zybots_ plays QC -> zybots_ wins
  Trick  9: zybots_ leads JS, segfault_society plays QS -> segfault_society wins
  Trick 10: segfault_society leads 9C, zybots_ plays KC -> zybots_ wins
  Trick 11: zybots_ leads JH, segfault_society plays 7C -> zybots_ wins
  Trick 12: zybots_ leads QD, segfault_society plays 9S -> zybots_ wins
  Hand: segfault_society +9 / zybots_ +10 (tricks 6-6)
  Match total: segfault_society 59 - 35 zybots_
Players: segfault_society vs zybots_
Dealer: zybots_  |  Elder: segfault_society
Match scores: 59 - 35
Talon (8): 7C 9C 10C JC 9D 9H JH KS
segfault_society hand: QC KC 8D JD QD KD 7H 10H AH 7S 10S QS
zybots_ hand: 8C AC 7D 10D AD 8H QH KH 8S 9S JS AS
  Exchange segfault_society: discard 7H 10H 7S 10S QS -> draw 9C JC 9D JH KS (talon 3 left)
  Exchange zybots_: discard 8C 7D 8H -> draw 7C 10C 9H (talon 0 left)

--- Phase: declare ---
  Declare point: segfault_society wins 5 pts (('point', 5, 'D'))
  Declare sequence: segfault_society wins 3 pts (('sequence', 3, 13, 'D'))
  Declare set: zybots_ wins 3 pts (('set', 3, 14))

--- Phase: tricks ---
  Trick  1: segfault_society leads AH, zybots_ plays 9H -> segfault_society wins
  Trick  2: segfault_society leads KD, zybots_ plays AD -> zybots_ wins
  Trick  3: zybots_ leads QH, segfault_society plays JH -> zybots_ wins
  Trick  4: zybots_ leads KH, segfault_society plays 8D -> zybots_ wins
  Trick  5: zybots_ leads AC, segfault_society plays 9C -> zybots_ wins
  Trick  6: zybots_ leads AS, segfault_society plays KS -> zybots_ wins
  Trick  7: zybots_ leads 8S, segfault_society plays 9D -> zybots_ wins
  Trick  8: zybots_ leads 9S, segfault_society plays JD -> zybots_ wins
  Trick  9: zybots_ leads 7C, segfault_society plays JC -> segfault_society wins
  Trick 10: segfault_society leads KC, zybots_ plays 10C -> segfault_society wins
  Trick 11: segfault_society leads QC, zybots_ plays 10D -> segfault_society wins
  Trick 12: segfault_society leads QD, zybots_ plays JS -> segfault_society wins
  Hand: segfault_society +14 / zybots_ +20 (tricks 5-7)
  Match total: segfault_society 73 - 55 zybots_
Players: segfault_society vs zybots_
Dealer: segfault_society  |  Elder: zybots_
Match scores: 73 - 55
Talon (8): 7C 10C KC 10D KD 7H 9H AS
segfault_society hand: JC 8D QD AD JH QH KH AH 7S 9S 10S JS
zybots_ hand: 8C 9C QC AC 7D 9D JD 8H 10H 8S QS KS
  Exchange zybots_: discard 7D 9D 8H 10H 8S -> draw 7C 10C 10D 7H AS (talon 3 left)
  Exchange segfault_society: discard 8D 7S 9S -> draw KC KD 9H (talon 0 left)

--- Phase: declare ---
  Declare point: zybots_ wins 6 pts (('point', 6, 'C'))
  Declare sequence: segfault_society wins 4 pts (('sequence', 4, 14, 'H'))
  Declare set: segfault_society wins 3 pts (('set', 3, 13))

--- Phase: tricks ---
  Trick  1: zybots_ leads QS, segfault_society plays 10S -> zybots_ wins
  Trick  2: zybots_ leads KS, segfault_society plays JS -> zybots_ wins
  Trick  3: zybots_ leads AC, segfault_society plays JC -> zybots_ wins
  Trick  4: zybots_ leads AS, segfault_society plays 9H -> zybots_ wins
  Trick  5: zybots_ leads 7C, segfault_society plays KC -> segfault_society wins
  Trick  6: segfault_society leads AH, zybots_ plays 7H -> segfault_society wins
  Trick  7: segfault_society leads AD, zybots_ plays 10D -> segfault_society wins
  Trick  8: segfault_society leads KH, zybots_ plays 8C -> segfault_society wins
  Trick  9: segfault_society leads KD, zybots_ plays JD -> segfault_society wins
  Trick 10: segfault_society leads QH, zybots_ plays 9C -> segfault_society wins
  Trick 11: segfault_society leads QD, zybots_ plays 10C -> segfault_society wins
  Trick 12: segfault_society leads JH, zybots_ plays QC -> segfault_society wins
  Hand: segfault_society +26 / zybots_ +10 (tricks 8-4)
  Match total: segfault_society 99 - 65 zybots_
Players: segfault_society vs zybots_
Dealer: zybots_  |  Elder: segfault_society
Match scores: 99 - 65
Talon (8): 7C KC 7D 8D KD 10H QH AH
segfault_society hand: 9C 10C JC 9D 10D QD AD 7S 10S JS QS AS
zybots_ hand: 8C QC AC JD 7H 8H 9H JH KH 8S 9S KS
  Exchange segfault_society: discard 9C 10C JC 9D 10D -> draw 7D 8D KD 10H QH (talon 3 left)
  Exchange zybots_: discard 8C 8S 9S -> draw 7C KC AH (talon 0 left)

--- Phase: declare ---
  Declare point: zybots_ wins 6 pts (('point', 6, 'H'))
  Declare set: zybots_ wins 3 pts (('set', 3, 13))

--- Phase: tricks ---
  Trick  1: segfault_society leads AS, zybots_ plays KS -> segfault_society wins
  Trick  2: segfault_society leads AD, zybots_ plays JD -> segfault_society wins
  Trick  3: segfault_society leads KD, zybots_ plays 7H -> segfault_society wins
  Trick  4: segfault_society leads QD, zybots_ plays 7C -> segfault_society wins
  Trick  5: segfault_society leads QS, zybots_ plays 8H -> segfault_society wins
  Trick  6: segfault_society leads JS, zybots_ plays 9H -> segfault_society wins
  Trick  7: segfault_society leads QH, zybots_ plays KH -> zybots_ wins
  Trick  8: zybots_ leads QC, segfault_society plays 7S -> zybots_ wins
  Trick  9: zybots_ leads KC, segfault_society plays 7D -> zybots_ wins
  Trick 10: zybots_ leads AC, segfault_society plays 8D -> zybots_ wins
  Trick 11: zybots_ leads AH, segfault_society plays 10H -> zybots_ wins
  Trick 12: zybots_ leads JH, segfault_society plays 10S -> zybots_ wins
  Hand: segfault_society +6 / zybots_ +16 (tricks 6-6)
  Match total: segfault_society 105 - 81 zybots_
  Final: segfault_society 105 - 81 zybots_
  Winner: segfault_society

============================================================
Game 12
============================================================
Players: zybots_ vs segfault_society
Dealer: zybots_  |  Elder: segfault_society
Match scores: 0 - 0
Talon (8): 7C 10C AC 8D 7H QH AH AS
zybots_ hand: 8C KC 9D 10D AD 8H 10H JH KH 7S 10S JS
segfault_society hand: 9C JC QC 7D JD QD KD 9H 8S 9S QS KS
  Exchange segfault_society: discard 9C JC 9H 8S 9S -> draw 7C 10C 8D QH AS (talon 3 left)
  Exchange zybots_: discard 8C 9D 7S -> draw AC 7H AH (talon 0 left)

--- Phase: declare ---
  Declare point: zybots_ wins 6 pts (('point', 6, 'H'))
  Declare sequence: segfault_society wins 3 pts (('sequence', 3, 14, 'S'))
  Declare set: zybots_ wins 3 pts (('set', 3, 14))

--- Phase: tricks ---
  Trick  1: segfault_society leads AS, zybots_ plays 10S -> segfault_society wins
  Trick  2: segfault_society leads KS, zybots_ plays JS -> segfault_society wins
  Trick  3: segfault_society leads QS, zybots_ plays 7H -> segfault_society wins
  Trick  4: segfault_society leads KD, zybots_ plays AD -> zybots_ wins
  Trick  5: zybots_ leads KC, segfault_society plays 7C -> zybots_ wins
  Trick  6: zybots_ leads KH, segfault_society plays QH -> zybots_ wins
  Trick  7: zybots_ leads AC, segfault_society plays 10C -> zybots_ wins
  Trick  8: zybots_ leads AH, segfault_society plays 7D -> zybots_ wins
  Trick  9: zybots_ leads 8H, segfault_society plays 8D -> zybots_ wins
  Trick 10: zybots_ leads 10H, segfault_society plays JD -> zybots_ wins
  Trick 11: zybots_ leads 10D, segfault_society plays QD -> segfault_society wins
  Trick 12: segfault_society leads QC, zybots_ plays JH -> segfault_society wins
  Hand: zybots_ +26 / segfault_society +9 (tricks 7-5)
  Match total: zybots_ 26 - 9 segfault_society
Players: zybots_ vs segfault_society
Dealer: segfault_society  |  Elder: zybots_
Match scores: 26 - 9
Talon (8): 7C JC QC 10D AH 7S 9S 10S
zybots_ hand: 8C 9C 10C 7D 9D KD AD 7H QH JS QS AS
segfault_society hand: KC AC 8D JD QD 8H 9H 10H JH KH 8S KS
  Exchange zybots_: discard 7H QH JS QS AS -> draw JC QC AH 9S 10S (talon 3 left)
  Exchange segfault_society: discard 8D JD 8S -> draw 7C 10D 7S (talon 0 left)

--- Phase: declare ---
  Declare sequence: zybots_ wins 10 pts (('sequence', 5, 12, 'C'))
  Declare set: segfault_society wins 3 pts (('set', 3, 13))

--- Phase: tricks ---
  Trick  1: zybots_ leads KD, segfault_society plays 10D -> zybots_ wins
  Trick  2: zybots_ leads AD, segfault_society plays QD -> zybots_ wins
  Trick  3: zybots_ leads AH, segfault_society plays 8H -> zybots_ wins
  Trick  4: zybots_ leads 8C, segfault_society plays KC -> segfault_society wins
  Trick  5: segfault_society leads KH, zybots_ plays 7D -> segfault_society wins
  Trick  6: segfault_society leads AC, zybots_ plays 9C -> segfault_society wins
  Trick  7: segfault_society leads JH, zybots_ plays 9D -> segfault_society wins
  Trick  8: segfault_society leads KS, zybots_ plays 9S -> segfault_society wins
  Trick  9: segfault_society leads 10H, zybots_ plays 10C -> segfault_society wins
  Trick 10: segfault_society leads 9H, zybots_ plays 10S -> segfault_society wins
  Trick 11: segfault_society leads 7C, zybots_ plays JC -> zybots_ wins
  Trick 12: zybots_ leads QC, segfault_society plays 7S -> zybots_ wins
  Hand: zybots_ +16 / segfault_society +20 (tricks 5-7)
  Match total: zybots_ 42 - 29 segfault_society
Players: zybots_ vs segfault_society
Dealer: zybots_  |  Elder: segfault_society
Match scores: 42 - 29
Talon (8): 7C 8C 9C JD QH KH 7S 10S
zybots_ hand: 10C QC KC 7D 9D 10D QD 9H 10H 9S JS AS
segfault_society hand: JC AC 8D KD AD 7H 8H JH AH 8S QS KS
  Exchange segfault_society: discard 8D 7H 8H JH 8S -> draw 8C JD QH KH 7S (talon 3 left)
  Exchange zybots_: discard 9H 9S JS -> draw 7C 9C 10S (talon 0 left)

--- Phase: declare ---
  Declare point: zybots_ wins 5 pts (('point', 5, 'C'))
  Declare sequence: segfault_society wins 3 pts (('sequence', 3, 14, 'H'))
  Declare set: segfault_society wins 3 pts (('set', 3, 14))

--- Phase: tricks ---
  Trick  1: segfault_society leads AD, zybots_ plays 7D -> segfault_society wins
  Trick  2: segfault_society leads AH, zybots_ plays 10H -> segfault_society wins
  Trick  3: segfault_society leads AC, zybots_ plays 7C -> segfault_society wins
  Trick  4: segfault_society leads KD, zybots_ plays 9D -> segfault_society wins
  Trick  5: segfault_society leads KH, zybots_ plays 9C -> segfault_society wins
  Trick  6: segfault_society leads QH, zybots_ plays 10D -> segfault_society wins
  Trick  7: segfault_society leads KS, zybots_ plays AS -> zybots_ wins
  Trick  8: zybots_ leads QC, segfault_society plays 8C -> zybots_ wins
  Trick  9: zybots_ leads QD, segfault_society plays JD -> zybots_ wins
  Trick 10: zybots_ leads KC, segfault_society plays JC -> zybots_ wins
  Trick 11: zybots_ leads 10C, segfault_society plays 7S -> zybots_ wins
  Trick 12: zybots_ leads 10S, segfault_society plays QS -> segfault_society wins
  Hand: zybots_ +10 / segfault_society +24 (tricks 5-7)
  Match total: zybots_ 52 - 53 segfault_society
Players: zybots_ vs segfault_society
Dealer: segfault_society  |  Elder: zybots_
Match scores: 52 - 53
Talon (8): 8C 9C KC 7D AD 7H 10H KH
zybots_ hand: 7C JC AC 8D 10D QD 9H JH 7S 9S QS KS
segfault_society hand: 10C QC 9D JD KD 8H QH AH 8S 10S JS AS
  Exchange zybots_: discard 7C JC 8D 10D 9H -> draw 8C 9C 7D AD 7H (talon 3 left)
  Exchange segfault_society: discard 10C 9D 8H -> draw KC 10H KH (talon 0 left)

--- Phase: declare ---
  Declare point: segfault_society wins 4 pts (('point', 4, 'H'))
  Declare sequence: segfault_society wins 3 pts (('sequence', 3, 14, 'H'))
  Declare set: segfault_society wins 3 pts (('set', 3, 13))

--- Phase: tricks ---
  Trick  1: zybots_ leads AC, segfault_society plays QC -> zybots_ wins
  Trick  2: zybots_ leads AD, segfault_society plays JD -> zybots_ wins
  Trick  3: zybots_ leads 7S, segfault_society plays 8S -> segfault_society wins
  Trick  4: segfault_society leads AH, zybots_ plays 7H -> segfault_society wins
  Trick  5: segfault_society leads AS, zybots_ plays 9S -> segfault_society wins
  Trick  6: segfault_society leads KH, zybots_ plays JH -> segfault_society wins
  Trick  7: segfault_society leads QH, zybots_ plays 7D -> segfault_society wins
  Trick  8: segfault_society leads KD, zybots_ plays QD -> segfault_society wins
  Trick  9: segfault_society leads KC, zybots_ plays 8C -> segfault_society wins
  Trick 10: segfault_society leads JS, zybots_ plays QS -> zybots_ wins
  Trick 11: zybots_ leads KS, segfault_society plays 10S -> zybots_ wins
  Trick 12: zybots_ leads 9C, segfault_society plays 10H -> zybots_ wins
  Hand: zybots_ +6 / segfault_society +27 (tricks 5-7)
  Match total: zybots_ 58 - 80 segfault_society
Players: zybots_ vs segfault_society
Dealer: zybots_  |  Elder: segfault_society
Match scores: 58 - 80
Talon (8): JC 7D 10D QD KD 10H AH 10S
zybots_ hand: 7C 10C AC 9D JD 7H 8H 9H JH QS KS AS
segfault_society hand: 8C 9C QC KC 8D AD QH KH 7S 8S 9S JS
  Exchange segfault_society: discard 8C 9C QC 8D QH -> draw JC 10D QD KD AH (talon 3 left)
  Exchange zybots_: discard 7C 10C 9D -> draw 7D 10H 10S (talon 0 left)

--- Phase: declare ---
  Declare point: zybots_ wins 5 pts (('point', 5, 'H'))
  Declare sequence: zybots_ wins 10 pts (('sequence', 5, 11, 'H'))
  Declare set: segfault_society wins 3 pts (('set', 3, 13))

--- Phase: tricks ---
  Trick  1: segfault_society leads AD, zybots_ plays 7D -> segfault_society wins
  Trick  2: segfault_society leads KD, zybots_ plays JD -> segfault_society wins
  Trick  3: segfault_society leads AH, zybots_ plays 7H -> segfault_society wins
  Trick  4: segfault_society leads QD, zybots_ plays 8H -> segfault_society wins
  Trick  5: segfault_society leads KH, zybots_ plays 9H -> segfault_society wins
  Trick  6: segfault_society leads JS, zybots_ plays QS -> zybots_ wins
  Trick  7: zybots_ leads KS, segfault_society plays 7S -> zybots_ wins
  Trick  8: zybots_ leads AC, segfault_society plays JC -> zybots_ wins
  Trick  9: zybots_ leads AS, segfault_society plays 8S -> zybots_ wins
  Trick 10: zybots_ leads 10H, segfault_society plays 9S -> zybots_ wins
  Trick 11: zybots_ leads JH, segfault_society plays 10D -> zybots_ wins
  Trick 12: zybots_ leads 10S, segfault_society plays KC -> zybots_ wins
  Hand: zybots_ +33 / segfault_society +8 (tricks 7-5)
  Match total: zybots_ 91 - 88 segfault_society
Players: zybots_ vs segfault_society
Dealer: segfault_society  |  Elder: zybots_
Match scores: 91 - 88
Talon (8): 8C 7D AD 9H 10H KH AH JS
zybots_ hand: JC KC AC 10D KD 7H 8H QH 7S 10S QS AS
segfault_society hand: 7C 9C 10C QC 8D 9D JD QD JH 8S 9S KS
  Exchange zybots_: discard JC 10D 7H 8H QH -> draw 8C 7D AD 9H JS (talon 3 left)
  Exchange segfault_society: discard JH 8S 9S -> draw 10H KH AH (talon 0 left)

--- Phase: declare ---
  Declare point: zybots_ wins 5 pts (('point', 5, 'S'))
  Declare sequence: zybots_ wins 3 pts (('sequence', 3, 12, 'S'))
  Declare set: zybots_ wins 3 pts (('set', 3, 14))

--- Phase: tricks ---
  Trick  1: zybots_ leads KD, segfault_society plays 8D -> zybots_ wins
  Trick  2: zybots_ leads KC, segfault_society plays 7C -> zybots_ wins
  Trick  3: zybots_ leads AC, segfault_society plays 9C -> zybots_ wins
  Trick  4: zybots_ leads AS, segfault_society plays KS -> zybots_ wins
  Trick  5: zybots_ leads AD, segfault_society plays 9D -> zybots_ wins
  Trick  6: zybots_ leads 7S, segfault_society plays 10C -> zybots_ wins
  Trick  7: zybots_ leads 10S, segfault_society plays 10H -> zybots_ wins
  Trick  8: zybots_ leads JS, segfault_society plays JD -> zybots_ wins
  Trick  9: zybots_ leads QS, segfault_society plays QD -> zybots_ wins
  Trick 10: zybots_ leads 8C, segfault_society plays QC -> segfault_society wins
  Trick 11: segfault_society leads AH, zybots_ plays 9H -> segfault_society wins
  Trick 12: segfault_society leads KH, zybots_ plays 7D -> segfault_society wins
  Hand: zybots_ +30 / segfault_society +4 (tricks 9-3)
  Match total: zybots_ 121 - 92 segfault_society
  Final: zybots_ 121 - 92 segfault_society
  Winner: zybots_

============================================================
Game 13
============================================================
Players: segfault_society vs zybots_
Dealer: segfault_society  |  Elder: zybots_
Match scores: 0 - 0
Talon (8): 7C 10C QC JD QD 9H QH JS
segfault_society hand: 8C JC KC 9D 10D KD 10H AH 8S 9S QS AS
zybots_ hand: 9C AC 7D 8D AD 7H 8H JH KH 7S 10S KS
  Exchange zybots_: discard 9C 7D 8D 7S 10S -> draw 7C QC QD 9H QH (talon 3 left)
  Exchange segfault_society: discard 8C 9D 10D -> draw 10C JD JS (talon 0 left)

--- Phase: declare ---
  Declare point: zybots_ wins 6 pts (('point', 6, 'H'))
  Declare sequence: zybots_ wins 3 pts (('sequence', 3, 13, 'H'))
  Declare set: zybots_ wins 3 pts (('set', 3, 12))

--- Phase: tricks ---
  Trick  1: zybots_ leads AD, segfault_society plays JD -> zybots_ wins
  Trick  2: zybots_ leads AC, segfault_society plays 10C -> zybots_ wins
  Trick  3: zybots_ leads 7H, segfault_society plays 10H -> segfault_society wins
  Trick  4: segfault_society leads AS, zybots_ plays KS -> segfault_society wins
  Trick  5: segfault_society leads KC, zybots_ plays 7C -> segfault_society wins
  Trick  6: segfault_society leads AH, zybots_ plays 8H -> segfault_society wins
  Trick  7: segfault_society leads KD, zybots_ plays QD -> segfault_society wins
  Trick  8: segfault_society leads QS, zybots_ plays 9H -> segfault_society wins
  Trick  9: segfault_society leads JS, zybots_ plays JH -> segfault_society wins
  Trick 10: segfault_society leads 9S, zybots_ plays QC -> segfault_society wins
  Trick 11: segfault_society leads JC, zybots_ plays QH -> segfault_society wins
  Trick 12: segfault_society leads 8S, zybots_ plays KH -> segfault_society wins
  Hand: segfault_society +21 / zybots_ +14 (tricks 10-2)
  Match total: segfault_society 21 - 14 zybots_
Players: segfault_society vs zybots_
Dealer: zybots_  |  Elder: segfault_society
Match scores: 21 - 14
Talon (8): 7D 9D KD 10H KH JS KS AS
segfault_society hand: 9C 10C AC 8D JD QD 7H 9H JH QH AH QS
zybots_ hand: 7C 8C JC QC KC 10D AD 8H 7S 8S 9S 10S
  Exchange segfault_society: discard 9C 10C 8D JD QS -> draw KD 10H KH JS KS (talon 3 left)
  Exchange zybots_: discard 10D AD 8H -> draw 7D 9D AS (talon 0 left)

--- Phase: declare ---
  Declare point: segfault_society wins 7 pts (('point', 7, 'H'))
  Declare sequence: segfault_society wins 11 pts (('sequence', 6, 14, 'H'))
  Declare set: segfault_society wins 3 pts (('set', 3, 13))

--- Phase: tricks ---
  Trick  1: segfault_society leads AH, zybots_ plays 7C -> segfault_society wins
  Trick  2: segfault_society leads KH, zybots_ plays 7S -> segfault_society wins
  Trick  3: segfault_society leads QH, zybots_ plays 7D -> segfault_society wins
  Trick  4: segfault_society leads JH, zybots_ plays 8S -> segfault_society wins
  Trick  5: segfault_society leads 10H, zybots_ plays 8C -> segfault_society wins
  Trick  6: segfault_society leads 9H, zybots_ plays 9S -> segfault_society wins
  Trick  7: segfault_society leads AC, zybots_ plays JC -> segfault_society wins
  Trick  8: segfault_society leads KD, zybots_ plays 9D -> segfault_society wins
  Trick  9: segfault_society leads KS, zybots_ plays AS -> zybots_ wins
  Trick 10: zybots_ leads QC, segfault_society plays 7H -> zybots_ wins
  Trick 11: zybots_ leads KC, segfault_society plays JS -> zybots_ wins
  Trick 12: zybots_ leads 10S, segfault_society plays QD -> zybots_ wins
  Hand: segfault_society +39 / zybots_ +5 (tricks 8-4)
  Match total: segfault_society 60 - 19 zybots_
Players: segfault_society vs zybots_
Dealer: segfault_society  |  Elder: zybots_
Match scores: 60 - 19
Talon (8): JC 8D 10D JD 8H AH 8S JS
segfault_society hand: 8C QC 9D KD AD 7H 9H QH 7S 10S QS AS
zybots_ hand: 7C 9C 10C KC AC 7D QD 10H JH KH 9S KS
  Exchange zybots_: discard 7D QD 10H JH 9S -> draw 10D JD 8H AH 8S (talon 3 left)
  Exchange segfault_society: discard 8C 9D 7H -> draw JC 8D JS (talon 0 left)

--- Phase: declare ---
  Declare point: segfault_society wins 5 pts (('point', 5, 'S'))
  Declare sequence: segfault_society wins 3 pts (('sequence', 3, 12, 'S'))
  Declare set: zybots_ wins 3 pts (('set', 3, 13))

--- Phase: tricks ---
  Trick  1: zybots_ leads KC, segfault_society plays JC -> zybots_ wins
  Trick  2: zybots_ leads KH, segfault_society plays 9H -> zybots_ wins
  Trick  3: zybots_ leads AC, segfault_society plays QC -> zybots_ wins
  Trick  4: zybots_ leads AH, segfault_society plays QH -> zybots_ wins
  Trick  5: zybots_ leads 7C, segfault_society plays 7S -> zybots_ wins
  Trick  6: zybots_ leads 8S, segfault_society plays 10S -> segfault_society wins
  Trick  7: segfault_society leads AS, zybots_ plays KS -> segfault_society wins
  Trick  8: segfault_society leads AD, zybots_ plays 10D -> segfault_society wins
  Trick  9: segfault_society leads KD, zybots_ plays JD -> segfault_society wins
  Trick 10: segfault_society leads QS, zybots_ plays 8H -> segfault_society wins
  Trick 11: segfault_society leads JS, zybots_ plays 9C -> segfault_society wins
  Trick 12: segfault_society leads 8D, zybots_ plays 10C -> segfault_society wins
  Hand: segfault_society +26 / zybots_ +8 (tricks 7-5)
  Match total: segfault_society 86 - 27 zybots_
Players: segfault_society vs zybots_
Dealer: zybots_  |  Elder: segfault_society
Match scores: 86 - 27
Talon (8): KC 9H 10H KH AH 7S 8S KS
segfault_society hand: 10C 8D 9D 10D JD QD KD JH 10S JS QS AS
zybots_ hand: 7C 8C 9C JC QC AC 7D AD 7H 8H QH 9S
  Exchange segfault_society: discard 10C JH 10S JS QS -> draw KC 9H AH 7S 8S (talon 3 left)
  Exchange zybots_: discard 7D 7H 8H -> draw 10H KH KS (talon 0 left)

--- Phase: declare ---
  Declare point: segfault_society wins 6 pts (('point', 6, 'D'))
  Declare sequence: segfault_society wins 11 pts (('sequence', 6, 13, 'D'))

--- Phase: tricks ---
  Trick  1: segfault_society leads AS, zybots_ plays 9S -> segfault_society wins
  Trick  2: segfault_society leads AH, zybots_ plays 10H -> segfault_society wins
  Trick  3: segfault_society leads KD, zybots_ plays AD -> zybots_ wins
  Trick  4: zybots_ leads QH, segfault_society plays 9H -> zybots_ wins
  Trick  5: zybots_ leads KS, segfault_society plays 7S -> zybots_ wins
  Trick  6: zybots_ leads KH, segfault_society plays 8D -> zybots_ wins
  Trick  7: zybots_ leads AC, segfault_society plays KC -> zybots_ wins
  Trick  8: zybots_ leads 7C, segfault_society plays 8S -> zybots_ wins
  Trick  9: zybots_ leads 8C, segfault_society plays 9D -> zybots_ wins
  Trick 10: zybots_ leads 9C, segfault_society plays 10D -> zybots_ wins
  Trick 11: zybots_ leads JC, segfault_society plays JD -> zybots_ wins
  Trick 12: zybots_ leads QC, segfault_society plays QD -> zybots_ wins
  Hand: segfault_society +19 / zybots_ +21 (tricks 2-10)
  Match total: segfault_society 105 - 48 zybots_
  Final: segfault_society 105 - 48 zybots_
  Winner: segfault_society

============================================================
Game 14
============================================================
Players: zybots_ vs segfault_society
Dealer: zybots_  |  Elder: segfault_society
Match scores: 0 - 0
Talon (8): 9C KC AC 8D JD KD 8H AH
zybots_ hand: 7C 8C 10C JC QC 9D QD 9H JH QH JS KS
segfault_society hand: 7D 10D AD 7H 10H KH 7S 8S 9S 10S QS AS
  Exchange segfault_society: discard 7D 10D 7H 10H 7S -> draw 9C KC AC JD KD (talon 3 left)
  Exchange zybots_: discard 9D 9H KS -> draw 8D 8H AH (talon 0 left)

--- Phase: declare ---
  Declare point: segfault_society wins 5 pts (('point', 5, 'S'))
  Declare sequence: zybots_ wins 3 pts (('sequence', 3, 12, 'C'))
  Declare set: segfault_society wins 3 pts (('set', 3, 14))

--- Phase: tricks ---
  Trick  1: segfault_society leads AS, zybots_ plays JS -> segfault_society wins
  Trick  2: segfault_society leads AD, zybots_ plays 8D -> segfault_society wins
  Trick  3: segfault_society leads AC, zybots_ plays 7C -> segfault_society wins
  Trick  4: segfault_society leads KD, zybots_ plays QD -> segfault_society wins
  Trick  5: segfault_society leads KC, zybots_ plays 8C -> segfault_society wins
  Trick  6: segfault_society leads QS, zybots_ plays 8H -> segfault_society wins
  Trick  7: segfault_society leads 10S, zybots_ plays 10C -> segfault_society wins
  Trick  8: segfault_society leads 9S, zybots_ plays JC -> segfault_society wins
  Trick  9: segfault_society leads KH, zybots_ plays AH -> zybots_ wins
  Trick 10: zybots_ leads QC, segfault_society plays 9C -> zybots_ wins
  Trick 11: zybots_ leads JH, segfault_society plays 8S -> zybots_ wins
  Trick 12: zybots_ leads QH, segfault_society plays JD -> zybots_ wins
  Hand: zybots_ +8 / segfault_society +26 (tricks 4-8)
  Match total: zybots_ 8 - 26 segfault_society
Players: zybots_ vs segfault_society
Dealer: segfault_society  |  Elder: zybots_
Match scores: 8 - 26
Talon (8): 8C 10D QD 8H JH AH QS AS
zybots_ hand: 9C 10C JC KC 7D 8D 9D KD 10H KH 7S 9S
segfault_society hand: 7C QC AC JD AD 7H 9H QH 8S 10S JS KS
  Exchange zybots_: discard 7D 8D 10H 7S 9S -> draw QD 8H JH AH QS (talon 3 left)
  Exchange segfault_society: discard 7C 7H 9H -> draw 8C 10D AS (talon 0 left)

--- Phase: declare ---
  Declare point: segfault_society wins 5 pts (('point', 5, 'S'))
  Declare sequence: zybots_ wins 3 pts (('sequence', 3, 11, 'C'))
  Declare set: segfault_society wins 3 pts (('set', 3, 14))

--- Phase: tricks ---
  Trick  1: zybots_ leads KH, segfault_society plays QH -> zybots_ wins
  Trick  2: zybots_ leads AH, segfault_society plays 8S -> zybots_ wins
  Trick  3: zybots_ leads 9C, segfault_society plays QC -> segfault_society wins
  Trick  4: segfault_society leads AS, zybots_ plays QS -> segfault_society wins
  Trick  5: segfault_society leads AD, zybots_ plays 9D -> segfault_society wins
  Trick  6: segfault_society leads KS, zybots_ plays 8H -> segfault_society wins
  Trick  7: segfault_society leads AC, zybots_ plays 10C -> segfault_society wins
  Trick  8: segfault_society leads JD, zybots_ plays QD -> zybots_ wins
  Trick  9: zybots_ leads KC, segfault_society plays 8C -> zybots_ wins
  Trick 10: zybots_ leads KD, segfault_society plays 10D -> zybots_ wins
  Trick 11: zybots_ leads JC, segfault_society plays 10S -> zybots_ wins
  Trick 12: zybots_ leads JH, segfault_society plays JS -> zybots_ wins
  Hand: zybots_ +21 / segfault_society +13 (tricks 7-5)
  Match total: zybots_ 29 - 39 segfault_society
Players: zybots_ vs segfault_society
Dealer: zybots_  |  Elder: segfault_society
Match scores: 29 - 39
Talon (8): 7D 7H 8H KH AH 7S 8S QS
zybots_ hand: 7C 9C 10C JC QC KC 10D AD 9H 10S JS AS
segfault_society hand: 8C AC 8D 9D JD QD KD 10H JH QH 9S KS
  Exchange segfault_society: discard 8C 10H JH QH 9S -> draw 7H KH AH 8S QS (talon 3 left)
  Exchange zybots_: discard AD 9H JS -> draw 7D 8H 7S (talon 0 left)

--- Phase: declare ---
  Declare point: zybots_ wins 6 pts (('point', 6, 'C'))
  Declare sequence: zybots_ wins 10 pts (('sequence', 5, 13, 'C'))
  Declare set: segfault_society wins 3 pts (('set', 3, 13))

--- Phase: tricks ---
  Trick  1: segfault_society leads AH, zybots_ plays 8H -> segfault_society wins
  Trick  2: segfault_society leads KH, zybots_ plays 7C -> segfault_society wins
  Trick  3: segfault_society leads AC, zybots_ plays 9C -> segfault_society wins
  Trick  4: segfault_society leads KD, zybots_ plays 7D -> segfault_society wins
  Trick  5: segfault_society leads QD, zybots_ plays 10D -> segfault_society wins
  Trick  6: segfault_society leads KS, zybots_ plays AS -> zybots_ wins
  Trick  7: zybots_ leads 10C, segfault_society plays 7H -> zybots_ wins
  Trick  8: zybots_ leads JC, segfault_society plays 8D -> zybots_ wins
  Trick  9: zybots_ leads QC, segfault_society plays 8S -> zybots_ wins
  Trick 10: zybots_ leads KC, segfault_society plays 9D -> zybots_ wins
  Trick 11: zybots_ leads 7S, segfault_society plays QS -> segfault_society wins
  Trick 12: segfault_society leads JD, zybots_ plays 10S -> segfault_society wins
  Hand: zybots_ +21 / segfault_society +21 (tricks 5-7)
  Match total: zybots_ 50 - 60 segfault_society
Players: zybots_ vs segfault_society
Dealer: segfault_society  |  Elder: zybots_
Match scores: 50 - 60
Talon (8): 10C JC JD AD 10H 7S 10S QS
zybots_ hand: 7C KC AC 7D 8D 10D 8H QH 9S JS KS AS
segfault_society hand: 8C 9C QC 9D QD KD 7H 9H JH KH AH 8S
  Exchange zybots_: discard 7C 7D 8D 10D 8H -> draw 10C JC AD 10H 7S (talon 3 left)
  Exchange segfault_society: discard 8C 9D 8S -> draw JD 10S QS (talon 0 left)

--- Phase: declare ---
  Declare sequence: segfault_society wins 3 pts (('sequence', 3, 13, 'D'))
  Declare set: zybots_ wins 3 pts (('set', 3, 14))

--- Phase: tricks ---
  Trick  1: zybots_ leads KC, segfault_society plays 9C -> zybots_ wins
  Trick  2: zybots_ leads KS, segfault_society plays 10S -> zybots_ wins
  Trick  3: zybots_ leads AS, segfault_society plays QS -> zybots_ wins
  Trick  4: zybots_ leads AC, segfault_society plays QC -> zybots_ wins
  Trick  5: zybots_ leads AD, segfault_society plays JD -> zybots_ wins
  Trick  6: zybots_ leads 7S, segfault_society plays 7H -> zybots_ wins
  Trick  7: zybots_ leads 9S, segfault_society plays 9H -> zybots_ wins
  Trick  8: zybots_ leads 10H, segfault_society plays JH -> segfault_society wins
  Trick  9: segfault_society leads AH, zybots_ plays QH -> segfault_society wins
  Trick 10: segfault_society leads KD, zybots_ plays 10C -> segfault_society wins
  Trick 11: segfault_society leads KH, zybots_ plays JS -> segfault_society wins
  Trick 12: segfault_society leads QD, zybots_ plays JC -> segfault_society wins
  Hand: zybots_ +20 / segfault_society +9 (tricks 7-5)
  Match total: zybots_ 70 - 69 segfault_society
Players: zybots_ vs segfault_society
Dealer: zybots_  |  Elder: segfault_society
Match scores: 70 - 69
Talon (8): 7C 10C QC QD 8H 9S 10S QS
zybots_ hand: JC AC 8D JD KD 9H JH KH 7S 8S JS KS
segfault_society hand: 8C 9C KC 7D 9D 10D AD 7H 10H QH AH AS
  Exchange segfault_society: discard 8C 9C 7D 9D 10D -> draw 7C 10C 8H 10S QS (talon 3 left)
  Exchange zybots_: discard AC 8D 9H -> draw QC QD 9S (talon 0 left)

--- Phase: declare ---
  Declare point: segfault_society wins 5 pts (('point', 5, 'H'))
  Declare sequence: zybots_ wins 3 pts (('sequence', 3, 13, 'D'))
  Declare set: segfault_society wins 3 pts (('set', 3, 14))

--- Phase: tricks ---
  Trick  1: segfault_society leads AH, zybots_ plays JH -> segfault_society wins
  Trick  2: segfault_society leads AS, zybots_ plays 7S -> segfault_society wins
  Trick  3: segfault_society leads AD, zybots_ plays JD -> segfault_society wins
  Trick  4: segfault_society leads QH, zybots_ plays KH -> zybots_ wins
  Trick  5: zybots_ leads QD, segfault_society plays 7H -> zybots_ wins
  Trick  6: zybots_ leads KS, segfault_society plays 10S -> zybots_ wins
  Trick  7: zybots_ leads KD, segfault_society plays 7C -> zybots_ wins
  Trick  8: zybots_ leads 8S, segfault_society plays QS -> segfault_society wins
  Trick  9: segfault_society leads KC, zybots_ plays JC -> segfault_society wins
  Trick 10: segfault_society leads 10H, zybots_ plays 9S -> segfault_society wins
  Trick 11: segfault_society leads 10C, zybots_ plays QC -> zybots_ wins
  Trick 12: zybots_ leads JS, segfault_society plays 8H -> zybots_ wins
  Hand: zybots_ +10 / segfault_society +14 (tricks 6-6)
  Match total: zybots_ 80 - 83 segfault_society
Players: zybots_ vs segfault_society
Dealer: segfault_society  |  Elder: zybots_
Match scores: 80 - 83
Talon (8): 7C 10C JD QH AH 9S QS KS
zybots_ hand: QC AC 7D 8D 10D QD AD 8H 10H JH KH AS
segfault_society hand: 8C 9C JC KC 9D KD 7H 9H 7S 8S 10S JS
  Exchange zybots_: discard QC 8H 10H JH KH -> draw 7C QH AH 9S KS (talon 3 left)
  Exchange segfault_society: discard 9D 7H 9H -> draw 10C JD QS (talon 0 left)

--- Phase: declare ---
  Declare point: segfault_society wins 5 pts (('point', 5, 'C'))
  Declare sequence: segfault_society wins 4 pts (('sequence', 4, 11, 'C'))
  Declare set: zybots_ wins 14 pts (('set', 4, 14))

--- Phase: tricks ---
  Trick  1: zybots_ leads KS, segfault_society plays 7S -> zybots_ wins
  Trick  2: zybots_ leads AC, segfault_society plays 8C -> zybots_ wins
  Trick  3: zybots_ leads AD, segfault_society plays JD -> zybots_ wins
  Trick  4: zybots_ leads AS, segfault_society plays 8S -> zybots_ wins
  Trick  5: zybots_ leads AH, segfault_society plays 9C -> zybots_ wins
  Trick  6: zybots_ leads 7D, segfault_society plays KD -> segfault_society wins
  Trick  7: segfault_society leads KC, zybots_ plays 7C -> segfault_society wins
  Trick  8: segfault_society leads QS, zybots_ plays 9S -> segfault_society wins
  Trick  9: segfault_society leads JS, zybots_ plays 8D -> segfault_society wins
  Trick 10: segfault_society leads 10S, zybots_ plays 10D -> segfault_society wins
  Trick 11: segfault_society leads JC, zybots_ plays QD -> segfault_society wins
  Trick 12: segfault_society leads 10C, zybots_ plays QH -> segfault_society wins
  Hand: zybots_ +19 / segfault_society +27 (tricks 5-7)
  Match total: zybots_ 99 - 110 segfault_society
  Final: zybots_ 99 - 110 segfault_society
  Winner: segfault_society

============================================================
Game 15
============================================================
Players: segfault_society vs zybots_
Dealer: segfault_society  |  Elder: zybots_
Match scores: 0 - 0
Talon (8): 8C 9C KC 10D KD QH 7S JS
segfault_society hand: 7C QC 7D 8D JD QD 9H JH KH AH KS AS
zybots_ hand: 10C JC AC 9D AD 7H 8H 10H 8S 9S 10S QS
  Exchange zybots_: discard JC 9D AD 7H 8H -> draw 8C 9C 10D KD QH (talon 3 left)
  Exchange segfault_society: discard 7C 7D 8D -> draw KC 7S JS (talon 0 left)

--- Phase: declare ---
  Declare point: segfault_society wins 4 pts (('point', 4, 'H'))
  Declare sequence: zybots_ wins 3 pts (('sequence', 3, 10, 'C'))
  Declare set: segfault_society wins 3 pts (('set', 3, 13))

--- Phase: tricks ---
  Trick  1: zybots_ leads AC, segfault_society plays QC -> zybots_ wins
  Trick  2: zybots_ leads 8S, segfault_society plays JS -> segfault_society wins
  Trick  3: segfault_society leads AH, zybots_ plays 10H -> segfault_society wins
  Trick  4: segfault_society leads AS, zybots_ plays 9S -> segfault_society wins
  Trick  5: segfault_society leads KH, zybots_ plays QH -> segfault_society wins
  Trick  6: segfault_society leads KS, zybots_ plays 10S -> segfault_society wins
  Trick  7: segfault_society leads KC, zybots_ plays 8C -> segfault_society wins
  Trick  8: segfault_society leads QD, zybots_ plays KD -> zybots_ wins
  Trick  9: zybots_ leads QS, segfault_society plays 7S -> zybots_ wins
  Trick 10: zybots_ leads 9C, segfault_society plays 9H -> zybots_ wins
  Trick 11: zybots_ leads 10C, segfault_society plays JD -> zybots_ wins
  Trick 12: zybots_ leads 10D, segfault_society plays JH -> zybots_ wins
  Hand: segfault_society +13 / zybots_ +10 (tricks 6-6)
  Match total: segfault_society 13 - 10 zybots_
Players: segfault_society vs zybots_
Dealer: zybots_  |  Elder: segfault_society
Match scores: 13 - 10
Talon (8): AC 9D 9H 10H QH 7S 9S KS
segfault_society hand: 7C 7D 8D JD QD KD 8H KH AH 8S 10S AS
zybots_ hand: 8C 9C 10C JC QC KC 10D AD 7H JH JS QS
  Exchange segfault_society: discard 7C 7D 8H 8S 10S -> draw AC 9D 7S 9S KS (talon 3 left)
  Exchange zybots_: discard 10D 7H QS -> draw 9H 10H QH (talon 0 left)

--- Phase: declare ---
  Declare point: zybots_ wins 6 pts (('point', 6, 'C'))
  Declare sequence: zybots_ wins 11 pts (('sequence', 6, 13, 'C'))
  Declare set: segfault_society wins 3 pts (('set', 3, 14))

--- Phase: tricks ---
  Trick  1: segfault_society leads AS, zybots_ plays JS -> segfault_society wins
  Trick  2: segfault_society leads KS, zybots_ plays 8C -> segfault_society wins
  Trick  3: segfault_society leads AH, zybots_ plays 9H -> segfault_society wins
  Trick  4: segfault_society leads AC, zybots_ plays 9C -> segfault_society wins
  Trick  5: segfault_society leads KH, zybots_ plays 10H -> segfault_society wins
  Trick  6: segfault_society leads KD, zybots_ plays AD -> zybots_ wins
  Trick  7: zybots_ leads 10C, segfault_society plays 7S -> zybots_ wins
  Trick  8: zybots_ leads JC, segfault_society plays 8D -> zybots_ wins
  Trick  9: zybots_ leads JH, segfault_society plays 9D -> zybots_ wins
  Trick 10: zybots_ leads QC, segfault_society plays 9S -> zybots_ wins
  Trick 11: zybots_ leads QH, segfault_society plays JD -> zybots_ wins
  Trick 12: zybots_ leads KC, segfault_society plays QD -> zybots_ wins
  Hand: segfault_society +8 / zybots_ +35 (tricks 5-7)
  Match total: segfault_society 21 - 45 zybots_
Players: segfault_society vs zybots_
Dealer: segfault_society  |  Elder: zybots_
Match scores: 21 - 45
Talon (8): 10C JC KC 10D JH 8S JS AS
segfault_society hand: 8C 9C AC 7D 8D QD KD 7H 8H QH AH 10S
zybots_ hand: 7C QC 9D JD AD 9H 10H KH 7S 9S QS KS
  Exchange zybots_: discard 7C 9D JD 9H 10H -> draw JC KC 8S JS AS (talon 3 left)
  Exchange segfault_society: discard 8C 9C 10S -> draw 10C 10D JH (talon 0 left)

--- Phase: declare ---
  Declare point: zybots_ wins 7 pts (('point', 7, 'S'))
  Declare sequence: zybots_ wins 4 pts (('sequence', 4, 14, 'S'))
  Declare set: zybots_ wins 3 pts (('set', 3, 13))

--- Phase: tricks ---
  Trick  1: zybots_ leads JS, segfault_society plays 7D -> zybots_ wins
  Trick  2: zybots_ leads QS, segfault_society plays 7H -> zybots_ wins
  Trick  3: zybots_ leads KS, segfault_society plays 8D -> zybots_ wins
  Trick  4: zybots_ leads AD, segfault_society plays 10D -> zybots_ wins
  Trick  5: zybots_ leads AS, segfault_society plays 8H -> zybots_ wins
  Trick  6: zybots_ leads JC, segfault_society plays AC -> segfault_society wins
  Trick  7: segfault_society leads AH, zybots_ plays KH -> segfault_society wins
  Trick  8: segfault_society leads KD, zybots_ plays 7S -> segfault_society wins
  Trick  9: segfault_society leads QD, zybots_ plays 8S -> segfault_society wins
  Trick 10: segfault_society leads QH, zybots_ plays 9S -> segfault_society wins
  Trick 11: segfault_society leads JH, zybots_ plays QC -> segfault_society wins
  Trick 12: segfault_society leads 10C, zybots_ plays KC -> zybots_ wins
  Hand: segfault_society +6 / zybots_ +21 (tricks 6-6)
  Match total: segfault_society 27 - 66 zybots_
Players: segfault_society vs zybots_
Dealer: zybots_  |  Elder: segfault_society
Match scores: 27 - 66
Talon (8): QC 10D QD AD 8H 10H JS AS
segfault_society hand: 8C JC KC 7D 8D 9D JD 9H QH 7S 10S KS
zybots_ hand: 7C 9C 10C AC KD 7H JH KH AH 8S 9S QS
  Exchange segfault_society: discard 8C JC 9H 7S 10S -> draw QC QD 8H JS AS (talon 3 left)
  Exchange zybots_: discard 7C 8S 9S -> draw 10D AD 10H (talon 0 left)

--- Phase: declare ---
  Declare point: zybots_ wins 5 pts (('point', 5, 'H'))
  Declare sequence: segfault_society wins 3 pts (('sequence', 3, 9, 'D'))
  Declare set: zybots_ wins 3 pts (('set', 3, 14))

--- Phase: tricks ---
  Trick  1: segfault_society leads AS, zybots_ plays QS -> segfault_society wins
  Trick  2: segfault_society leads KS, zybots_ plays 7H -> segfault_society wins
  Trick  3: segfault_society leads QD, zybots_ plays KD -> zybots_ wins
  Trick  4: zybots_ leads KH, segfault_society plays 8H -> zybots_ wins
  Trick  5: zybots_ leads AC, segfault_society plays QC -> zybots_ wins
  Trick  6: zybots_ leads AH, segfault_society plays QH -> zybots_ wins
  Trick  7: zybots_ leads AD, segfault_society plays 7D -> zybots_ wins
  Trick  8: zybots_ leads 9C, segfault_society plays KC -> segfault_society wins
  Trick  9: segfault_society leads JD, zybots_ plays 10D -> segfault_society wins
  Trick 10: segfault_society leads 9D, zybots_ plays 10C -> segfault_society wins
  Trick 11: segfault_society leads JS, zybots_ plays 10H -> segfault_society wins
  Trick 12: segfault_society leads 8D, zybots_ plays JH -> segfault_society wins
  Hand: segfault_society +21 / zybots_ +13 (tricks 7-5)
  Match total: segfault_society 48 - 79 zybots_
Players: segfault_society vs zybots_
Dealer: segfault_society  |  Elder: zybots_
Match scores: 48 - 79
Talon (8): 7C 8C QC 7D 8D 10D AD 10S
segfault_society hand: 9C 10C AC 7H 10H JH QH KH AH 7S 8S KS
zybots_ hand: JC KC 9D JD QD KD 8H 9H 9S JS QS AS
  Exchange zybots_: discard KC 9D 8H 9H 9S -> draw 7C 8C QC 7D AD (talon 3 left)
  Exchange segfault_society: discard 9C 7S 8S -> draw 8D 10D 10S (talon 0 left)

--- Phase: declare ---
  Declare point: segfault_society wins 6 pts (('point', 6, 'H'))
  Declare sequence: segfault_society wins 10 pts (('sequence', 5, 14, 'H'))
  Declare set: zybots_ wins 3 pts (('set', 3, 12))

--- Phase: tricks ---
  Trick  1: zybots_ leads JD, segfault_society plays 8D -> zybots_ wins
  Trick  2: zybots_ leads QD, segfault_society plays 10D -> zybots_ wins
  Trick  3: zybots_ leads KD, segfault_society plays 7H -> zybots_ wins
  Trick  4: zybots_ leads AS, segfault_society plays 10S -> zybots_ wins
  Trick  5: zybots_ leads AD, segfault_society plays 10H -> zybots_ wins
  Trick  6: zybots_ leads 7C, segfault_society plays 10C -> segfault_society wins
  Trick  7: segfault_society leads AH, zybots_ plays 7D -> segfault_society wins
  Trick  8: segfault_society leads KH, zybots_ plays 8C -> segfault_society wins
  Trick  9: segfault_society leads QH, zybots_ plays JC -> segfault_society wins
  Trick 10: segfault_society leads AC, zybots_ plays QC -> segfault_society wins
  Trick 11: segfault_society leads KS, zybots_ plays JS -> segfault_society wins
  Trick 12: segfault_society leads JH, zybots_ plays QS -> segfault_society wins
  Hand: segfault_society +34 / zybots_ +8 (tricks 7-5)
  Match total: segfault_society 82 - 87 zybots_
Players: segfault_society vs zybots_
Dealer: zybots_  |  Elder: segfault_society
Match scores: 82 - 87
Talon (8): 9C 7H 7S 8S 10S JS KS AS
segfault_society hand: QC KC 7D 9D 10D JD QD 10H KH AH 9S QS
zybots_ hand: 7C 8C 10C JC AC 8D KD AD 8H 9H JH QH
  Exchange segfault_society: discard QC 7D 10H 9S QS -> draw 7H 7S 10S JS AS (talon 3 left)
  Exchange zybots_: discard 8D 8H 9H -> draw 9C 8S KS (talon 0 left)

--- Phase: declare ---
  Declare point: zybots_ wins 6 pts (('point', 6, 'C'))
  Declare sequence: zybots_ wins 10 pts (('sequence', 5, 11, 'C'))

--- Phase: tricks ---
  Trick  1: segfault_society leads AS, zybots_ plays 8S -> segfault_society wins
  Trick  2: segfault_society leads AH, zybots_ plays JH -> segfault_society wins
  Trick  3: segfault_society leads KH, zybots_ plays QH -> segfault_society wins
  Trick  4: segfault_society leads QD, zybots_ plays KD -> zybots_ wins
  Trick  5: zybots_ leads KS, segfault_society plays 7S -> zybots_ wins
  Trick  6: zybots_ leads AD, segfault_society plays 9D -> zybots_ wins
  Trick  7: zybots_ leads AC, segfault_society plays KC -> zybots_ wins
  Trick  8: zybots_ leads 7C, segfault_society plays 7H -> zybots_ wins
  Trick  9: zybots_ leads 8C, segfault_society plays 10D -> zybots_ wins
  Trick 10: zybots_ leads 9C, segfault_society plays 10S -> zybots_ wins
  Trick 11: zybots_ leads 10C, segfault_society plays JD -> zybots_ wins
  Trick 12: zybots_ leads JC, segfault_society plays JS -> zybots_ wins
  Hand: segfault_society +3 / zybots_ +36 (tricks 3-9)
  Match total: segfault_society 85 - 123 zybots_
  Final: segfault_society 85 - 123 zybots_
  Winner: zybots_

============================================================
Game 16
============================================================
Players: zybots_ vs segfault_society
Dealer: zybots_  |  Elder: segfault_society
Match scores: 0 - 0
Talon (8): JC 7D 8D JD 8H AH 10S KS
zybots_ hand: 7C 9C KC AC 9D QD AD 9H 10H JH 8S AS
segfault_society hand: 8C 10C QC 10D KD 7H QH KH 7S 9S JS QS
  Exchange segfault_society: discard 8C 10C 10D 7H QH -> draw JC 7D JD 8H KS (talon 3 left)
  Exchange zybots_: discard 9D QD 8S -> draw 8D AH 10S (talon 0 left)

--- Phase: declare ---
  Declare point: segfault_society wins 5 pts (('point', 5, 'S'))
  Declare sequence: segfault_society wins 3 pts (('sequence', 3, 13, 'S'))
  Declare set: zybots_ wins 14 pts (('set', 4, 14))

--- Phase: tricks ---
  Trick  1: segfault_society leads KS, zybots_ plays AS -> zybots_ wins
  Trick  2: zybots_ leads KC, segfault_society plays JC -> zybots_ wins
  Trick  3: zybots_ leads AC, segfault_society plays QC -> zybots_ wins
  Trick  4: zybots_ leads AD, segfault_society plays 7D -> zybots_ wins
  Trick  5: zybots_ leads AH, segfault_society plays 8H -> zybots_ wins
  Trick  6: zybots_ leads 9H, segfault_society plays KH -> segfault_society wins
  Trick  7: segfault_society leads KD, zybots_ plays 8D -> segfault_society wins
  Trick  8: segfault_society leads QS, zybots_ plays 10S -> segfault_society wins
  Trick  9: segfault_society leads JS, zybots_ plays 7C -> segfault_society wins
  Trick 10: segfault_society leads 9S, zybots_ plays 9C -> segfault_society wins
  Trick 11: segfault_society leads JD, zybots_ plays 10H -> segfault_society wins
  Trick 12: segfault_society leads 7S, zybots_ plays JH -> segfault_society wins
  Hand: zybots_ +19 / segfault_society +26 (tricks 5-7)
  Match total: zybots_ 19 - 26 segfault_society
Players: zybots_ vs segfault_society
Dealer: segfault_society  |  Elder: zybots_
Match scores: 19 - 26
Talon (8): 9C 10C 9D 7H 10S JS QS AS
zybots_ hand: 7C JC KC AC 8D 10D QD 8H 9H JH 8S KS
segfault_society hand: 8C QC 7D JD KD AD 10H QH KH AH 7S 9S
  Exchange zybots_: discard 8D 10D 8H 9H 8S -> draw 10C 10S JS QS AS (talon 3 left)
  Exchange segfault_society: discard 8C 7S 9S -> draw 9C 9D 7H (talon 0 left)

--- Phase: declare ---
  Declare point: zybots_ wins 5 pts (('point', 5, 'S'))
  Declare sequence: zybots_ wins 10 pts (('sequence', 5, 14, 'S'))
  Declare set: zybots_ wins 3 pts (('set', 3, 11))

--- Phase: tricks ---
  Trick  1: zybots_ leads 10S, segfault_society plays 7D -> zybots_ wins
  Trick  2: zybots_ leads JS, segfault_society plays 7H -> zybots_ wins
  Trick  3: zybots_ leads QS, segfault_society plays 9D -> zybots_ wins
  Trick  4: zybots_ leads KC, segfault_society plays 9C -> zybots_ wins
  Trick  5: zybots_ leads KS, segfault_society plays 10H -> zybots_ wins
  Trick  6: zybots_ leads AC, segfault_society plays QC -> zybots_ wins
  Trick  7: zybots_ leads AS, segfault_society plays JD -> zybots_ wins
  Trick  8: zybots_ leads 7C, segfault_society plays QH -> zybots_ wins
  Trick  9: zybots_ leads 10C, segfault_society plays KD -> zybots_ wins
  Trick 10: zybots_ leads JC, segfault_society plays KH -> zybots_ wins
  Trick 11: zybots_ leads QD, segfault_society plays AD -> segfault_society wins
  Trick 12: segfault_society leads AH, zybots_ plays JH -> segfault_society wins
  Hand: zybots_ +38 / segfault_society +3 (tricks 10-2)
  Match total: zybots_ 57 - 29 segfault_society
Players: zybots_ vs segfault_society
Dealer: zybots_  |  Elder: segfault_society
Match scores: 57 - 29
Talon (8): 9C KC KH AH 9S 10S KS AS
zybots_ hand: 7C QC 7D 9D JD QD AD 8H 9H JH 8S JS
segfault_society hand: 8C 10C JC AC 8D 10D KD 7H 10H QH 7S QS
  Exchange segfault_society: discard 8D 10D 7H 10H 7S -> draw 9C KC AH 9S 10S (talon 3 left)
  Exchange zybots_: discard 7C 8H 8S -> draw KH KS AS (talon 0 left)

--- Phase: declare ---
  Declare point: segfault_society wins 6 pts (('point', 6, 'C'))
  Declare sequence: segfault_society wins 4 pts (('sequence', 4, 11, 'C'))
  Declare set: zybots_ wins 3 pts (('set', 3, 11))

--- Phase: tricks ---
  Trick  1: segfault_society leads AC, zybots_ plays QC -> segfault_society wins
  Trick  2: segfault_society leads KC, zybots_ plays 7D -> segfault_society wins
  Trick  3: segfault_society leads AH, zybots_ plays 9H -> segfault_society wins
  Trick  4: segfault_society leads JC, zybots_ plays 9D -> segfault_society wins
  Trick  5: segfault_society leads QS, zybots_ plays KS -> zybots_ wins
  Trick  6: zybots_ leads KH, segfault_society plays QH -> zybots_ wins
  Trick  7: zybots_ leads AD, segfault_society plays KD -> zybots_ wins
  Trick  8: zybots_ leads AS, segfault_society plays 9S -> zybots_ wins
  Trick  9: zybots_ leads JD, segfault_society plays 8C -> zybots_ wins
  Trick 10: zybots_ leads QD, segfault_society plays 9C -> zybots_ wins
  Trick 11: zybots_ leads JH, segfault_society plays 10C -> zybots_ wins
  Trick 12: zybots_ leads JS, segfault_society plays 10S -> zybots_ wins
  Hand: zybots_ +22 / segfault_society +14 (tricks 8-4)
  Match total: zybots_ 79 - 43 segfault_society
Players: zybots_ vs segfault_society
Dealer: segfault_society  |  Elder: zybots_
Match scores: 79 - 43
Talon (8): JC AC 8D 9H 10H QH AH 10S
zybots_ hand: 7C 9C 10C QC KC 7D JD AD KH 7S 9S AS
segfault_society hand: 8C 9D 10D QD KD 7H 8H JH 8S JS QS KS
  Exchange zybots_: discard 7D JD KH 7S 9S -> draw JC 8D 9H 10H AH (talon 3 left)
  Exchange segfault_society: discard 8C 7H 8H -> draw AC QH 10S (talon 0 left)

--- Phase: declare ---
  Declare point: zybots_ wins 6 pts (('point', 6, 'C'))
  Declare sequence: zybots_ wins 10 pts (('sequence', 5, 13, 'C'))
  Declare set: zybots_ wins 3 pts (('set', 3, 14))

--- Phase: tricks ---
  Trick  1: zybots_ leads AS, segfault_society plays 8S -> zybots_ wins
  Trick  2: zybots_ leads AD, segfault_society plays 9D -> zybots_ wins
  Trick  3: zybots_ leads AH, segfault_society plays JH -> zybots_ wins
  Trick  4: zybots_ leads 7C, segfault_society plays AC -> segfault_society wins
  Trick  5: segfault_society leads KS, zybots_ plays 8D -> segfault_society wins
  Trick  6: segfault_society leads KD, zybots_ plays 9C -> segfault_society wins
  Trick  7: segfault_society leads QS, zybots_ plays 9H -> segfault_society wins
  Trick  8: segfault_society leads QD, zybots_ plays 10C -> segfault_society wins
  Trick  9: segfault_society leads JS, zybots_ plays 10H -> segfault_society wins
  Trick 10: segfault_society leads 10S, zybots_ plays JC -> segfault_society wins
  Trick 11: segfault_society leads QH, zybots_ plays QC -> segfault_society wins
  Trick 12: segfault_society leads 10D, zybots_ plays KC -> segfault_society wins
  Hand: zybots_ +22 / segfault_society +20 (tricks 3-9)
  Match total: zybots_ 101 - 63 segfault_society
  Final: zybots_ 101 - 63 segfault_society
  Winner: zybots_

============================================================
Game 17
============================================================
Players: segfault_society vs zybots_
Dealer: segfault_society  |  Elder: zybots_
Match scores: 0 - 0
Talon (8): 7C 10C 7D 10D 9H KH QS KS
segfault_society hand: JC KC AC 9D JD QD AD 8H 10H QH 7S 10S
zybots_ hand: 8C 9C QC 8D KD 7H JH AH 8S 9S JS AS
  Exchange zybots_: discard 8C 9C 8D 7H JH -> draw 7C 7D 9H QS KS (talon 3 left)
  Exchange segfault_society: discard 8H 7S 10S -> draw 10C 10D KH (talon 0 left)

--- Phase: declare ---
  Declare point: zybots_ wins 6 pts (('point', 6, 'S'))
  Declare sequence: zybots_ wins 4 pts (('sequence', 4, 14, 'S'))
  Declare set: segfault_society wins 3 pts (('set', 3, 10))

--- Phase: tricks ---
  Trick  1: zybots_ leads JS, segfault_society plays 9D -> zybots_ wins
  Trick  2: zybots_ leads QS, segfault_society plays 10H -> zybots_ wins
  Trick  3: zybots_ leads KS, segfault_society plays 10D -> zybots_ wins
  Trick  4: zybots_ leads AS, segfault_society plays 10C -> zybots_ wins
  Trick  5: zybots_ leads AH, segfault_society plays QH -> zybots_ wins
  Trick  6: zybots_ leads 8S, segfault_society plays JD -> zybots_ wins
  Trick  7: zybots_ leads 7C, segfault_society plays JC -> segfault_society wins
  Trick  8: segfault_society leads AD, zybots_ plays 7D -> segfault_society wins
  Trick  9: segfault_society leads AC, zybots_ plays QC -> segfault_society wins
  Trick 10: segfault_society leads KC, zybots_ plays 9S -> segfault_society wins
  Trick 11: segfault_society leads KH, zybots_ plays 9H -> segfault_society wins
  Trick 12: segfault_society leads QD, zybots_ plays KD -> zybots_ wins
  Hand: segfault_society +8 / zybots_ +28 (tricks 5-7)
  Match total: segfault_society 8 - 28 zybots_
Players: segfault_society vs zybots_
Dealer: zybots_  |  Elder: segfault_society
Match scores: 8 - 28
Talon (8): 7D 9D 10D QD AD 8H 10S KS
segfault_society hand: 8C 10C JC QC AC JD 7H 9H 7S 9S JS AS
zybots_ hand: 7C 9C KC 8D KD 10H JH QH KH AH 8S QS
  Exchange segfault_society: discard JD 7H 9H 7S 9S -> draw 7D 9D 10D QD KS (talon 3 left)
  Exchange zybots_: discard 7C 8D 8S -> draw AD 8H 10S (talon 0 left)

--- Phase: declare ---
  Declare point: zybots_ wins 6 pts (('point', 6, 'H'))
  Declare sequence: zybots_ wins 10 pts (('sequence', 5, 14, 'H'))
  Declare set: zybots_ wins 3 pts (('set', 3, 13))

--- Phase: tricks ---
  Trick  1: segfault_society leads AC, zybots_ plays 9C -> segfault_society wins
  Trick  2: segfault_society leads AS, zybots_ plays 10S -> segfault_society wins
  Trick  3: segfault_society leads KS, zybots_ plays QS -> segfault_society wins
  Trick  4: segfault_society leads QC, zybots_ plays KC -> zybots_ wins
  Trick  5: zybots_ leads 10H, segfault_society plays 7D -> zybots_ wins
  Trick  6: zybots_ leads JH, segfault_society plays 8C -> zybots_ wins
  Trick  7: zybots_ leads QH, segfault_society plays 9D -> zybots_ wins
  Trick  8: zybots_ leads KD, segfault_society plays 10D -> zybots_ wins
  Trick  9: zybots_ leads KH, segfault_society plays 10C -> zybots_ wins
  Trick 10: zybots_ leads AH, segfault_society plays JS -> zybots_ wins
  Trick 11: zybots_ leads AD, segfault_society plays QD -> zybots_ wins
  Trick 12: zybots_ leads 8H, segfault_society plays JC -> zybots_ wins
  Hand: segfault_society +3 / zybots_ +39 (tricks 3-9)
  Match total: segfault_society 11 - 67 zybots_
Players: segfault_society vs zybots_
Dealer: segfault_society  |  Elder: zybots_
Match scores: 11 - 67
Talon (8): 7C JC KC JH QH KH 7S QS
segfault_society hand: 8C QC 10D QD KD AD 7H 8H 9S JS KS AS
zybots_ hand: 9C 10C AC 7D 8D 9D JD 9H 10H AH 8S 10S
  Exchange zybots_: discard 9C AC 9H AH 8S -> draw KC JH QH 7S QS (talon 3 left)
  Exchange segfault_society: discard 8C 7H 8H -> draw 7C JC KH (talon 0 left)

--- Phase: declare ---
  Declare point: segfault_society wins 4 pts (('point', 4, 'D'))
  Declare sequence: segfault_society wins 3 pts (('sequence', 3, 14, 'D'))
  Declare set: segfault_society wins 3 pts (('set', 3, 13))

--- Phase: tricks ---
  Trick  1: zybots_ leads 7D, segfault_society plays 10D -> segfault_society wins
  Trick  2: segfault_society leads AS, zybots_ plays 7S -> segfault_society wins
  Trick  3: segfault_society leads AD, zybots_ plays 8D -> segfault_society wins
  Trick  4: segfault_society leads KS, zybots_ plays 10S -> segfault_society wins
  Trick  5: segfault_society leads KD, zybots_ plays 9D -> segfault_society wins
  Trick  6: segfault_society leads QD, zybots_ plays JD -> segfault_society wins
  Trick  7: segfault_society leads QC, zybots_ plays KC -> zybots_ wins
  Trick  8: zybots_ leads QS, segfault_society plays 9S -> zybots_ wins
  Trick  9: zybots_ leads 10H, segfault_society plays KH -> segfault_society wins
  Trick 10: segfault_society leads JS, zybots_ plays 10C -> segfault_society wins
  Trick 11: segfault_society leads JC, zybots_ plays JH -> segfault_society wins
  Trick 12: segfault_society leads 7C, zybots_ plays QH -> segfault_society wins
  Hand: segfault_society +31 / zybots_ +2 (tricks 10-2)
  Match total: segfault_society 42 - 69 zybots_
Players: segfault_society vs zybots_
Dealer: zybots_  |  Elder: segfault_society
Match scores: 42 - 69
Talon (8): 8C 9C 8D KD JH 7S 8S 10S
segfault_society hand: 7C QC 9D 10D QD AD 9H QH KH AH 9S JS
zybots_ hand: 10C JC KC AC 7D JD 7H 8H 10H QS KS AS
  Exchange segfault_society: discard 7C 9D 10D 9S JS -> draw 9C 8D JH 8S 10S (talon 3 left)
  Exchange zybots_: discard 7D 7H 8H -> draw 8C KD 7S (talon 0 left)

--- Phase: declare ---
  Declare point: segfault_society wins 5 pts (('point', 5, 'H'))
  Declare sequence: segfault_society wins 4 pts (('sequence', 4, 14, 'H'))
  Declare set: zybots_ wins 3 pts (('set', 3, 13))

--- Phase: tricks ---
  Trick  1: segfault_society leads AH, zybots_ plays 10H -> segfault_society wins
  Trick  2: segfault_society leads KH, zybots_ plays 7S -> segfault_society wins
  Trick  3: segfault_society leads AD, zybots_ plays JD -> segfault_society wins
  Trick  4: segfault_society leads QH, zybots_ plays 8C -> segfault_society wins
  Trick  5: segfault_society leads JH, zybots_ plays 10C -> segfault_society wins
  Trick  6: segfault_society leads QD, zybots_ plays KD -> zybots_ wins
  Trick  7: zybots_ leads QS, segfault_society plays 8S -> zybots_ wins
  Trick  8: zybots_ leads KS, segfault_society plays 10S -> zybots_ wins
  Trick  9: zybots_ leads KC, segfault_society plays 9C -> zybots_ wins
  Trick 10: zybots_ leads AS, segfault_society plays 8D -> zybots_ wins
  Trick 11: zybots_ leads AC, segfault_society plays QC -> zybots_ wins
  Trick 12: zybots_ leads JC, segfault_society plays 9H -> zybots_ wins
  Hand: segfault_society +14 / zybots_ +21 (tricks 5-7)
  Match total: segfault_society 56 - 90 zybots_
Players: segfault_society vs zybots_
Dealer: segfault_society  |  Elder: zybots_
Match scores: 56 - 90
Talon (8): 7C KC AC 7D 9D JD 9H 8S
segfault_society hand: 10C JC QC 8D 10D AD 8H 10H QH KH AH 10S
zybots_ hand: 8C 9C QD KD 7H JH 7S 9S JS QS KS AS
  Exchange zybots_: discard 8C 9C QD 7H JH -> draw KC 7D JD 9H 8S (talon 3 left)
  Exchange segfault_society: discard 10C 8D 10D -> draw 7C AC 9D (talon 0 left)

--- Phase: declare ---
  Declare point: zybots_ wins 7 pts (('point', 7, 'S'))
  Declare sequence: zybots_ wins 4 pts (('sequence', 4, 14, 'S'))
  Declare set: segfault_society wins 3 pts (('set', 3, 14))

--- Phase: tricks ---
  Trick  1: zybots_ leads JS, segfault_society plays 10S -> zybots_ wins
  Trick  2: zybots_ leads QS, segfault_society plays 7C -> zybots_ wins
  Trick  3: zybots_ leads KS, segfault_society plays 8H -> zybots_ wins
  Trick  4: zybots_ leads AS, segfault_society plays 9D -> zybots_ wins
  Trick  5: zybots_ leads 7D, segfault_society plays AD -> segfault_society wins
  Trick  6: segfault_society leads AH, zybots_ plays 9H -> segfault_society wins
  Trick  7: segfault_society leads AC, zybots_ plays KC -> segfault_society wins
  Trick  8: segfault_society leads KH, zybots_ plays 7S -> segfault_society wins
  Trick  9: segfault_society leads QH, zybots_ plays 8S -> segfault_society wins
  Trick 10: segfault_society leads QC, zybots_ plays 9S -> segfault_society wins
  Trick 11: segfault_society leads JC, zybots_ plays JD -> segfault_society wins
  Trick 12: segfault_society leads 10H, zybots_ plays KD -> segfault_society wins
  Hand: segfault_society +22 / zybots_ +15 (tricks 8-4)
  Match total: segfault_society 78 - 105 zybots_
  Final: segfault_society 78 - 105 zybots_
  Winner: zybots_

============================================================
Game 18
============================================================
Players: zybots_ vs segfault_society
Dealer: zybots_  |  Elder: segfault_society
Match scores: 0 - 0
Talon (8): 9C QC 10D JD AD 7H 10S AS
zybots_ hand: 8C JC KC AC 7D 8D QD KD JH QH JS QS
segfault_society hand: 7C 10C 9D 8H 9H 10H KH AH 7S 8S 9S KS
  Exchange segfault_society: discard 7C 9D 7S 8S 9S -> draw 9C 10D AD 7H 10S (talon 3 left)
  Exchange zybots_: discard 7D 8D KD -> draw QC JD AS (talon 0 left)

--- Phase: declare ---
  Declare point: segfault_society wins 6 pts (('point', 6, 'H'))
  Declare sequence: zybots_ wins 4 pts (('sequence', 4, 14, 'C'))
  Declare set: zybots_ wins 14 pts (('set', 4, 12))

--- Phase: tricks ---
  Trick  1: segfault_society leads AH, zybots_ plays JH -> segfault_society wins
  Trick  2: segfault_society leads KH, zybots_ plays QH -> segfault_society wins
  Trick  3: segfault_society leads AD, zybots_ plays JD -> segfault_society wins
  Trick  4: segfault_society leads 10H, zybots_ plays 8C -> segfault_society wins
  Trick  5: segfault_society leads 9H, zybots_ plays JC -> segfault_society wins
  Trick  6: segfault_society leads KS, zybots_ plays AS -> zybots_ wins
  Trick  7: zybots_ leads QC, segfault_society plays 9C -> zybots_ wins
  Trick  8: zybots_ leads KC, segfault_society plays 10C -> zybots_ wins
  Trick  9: zybots_ leads AC, segfault_society plays 7H -> zybots_ wins
  Trick 10: zybots_ leads JS, segfault_society plays 10S -> zybots_ wins
  Trick 11: zybots_ leads QD, segfault_society plays 10D -> zybots_ wins
  Trick 12: zybots_ leads QS, segfault_society plays 8H -> zybots_ wins
  Hand: zybots_ +36 / segfault_society +11 (tricks 7-5)
  Match total: zybots_ 36 - 11 segfault_society
Players: zybots_ vs segfault_society
Dealer: segfault_society  |  Elder: zybots_
Match scores: 36 - 11
Talon (8): 9D JD QD 7H JH AH 9S 10S
zybots_ hand: 8C JC KC 7D 8D 10D AD 9H QH 7S 8S KS
segfault_society hand: 7C 9C 10C QC AC KD 8H 10H KH JS QS AS
  Exchange zybots_: discard 8C JC 9H 7S 8S -> draw 9D JD 7H AH 10S (talon 3 left)
  Exchange segfault_society: discard 8H 10H JS -> draw QD JH 9S (talon 0 left)

--- Phase: declare ---
  Declare point: zybots_ wins 6 pts (('point', 6, 'D'))
  Declare sequence: zybots_ wins 10 pts (('sequence', 5, 11, 'D'))
  Declare set: segfault_society wins 3 pts (('set', 3, 12))

--- Phase: tricks ---
  Trick  1: zybots_ leads AD, segfault_society plays QD -> zybots_ wins
  Trick  2: zybots_ leads AH, segfault_society plays JH -> zybots_ wins
  Trick  3: zybots_ leads 7D, segfault_society plays KD -> segfault_society wins
  Trick  4: segfault_society leads AC, zybots_ plays KC -> segfault_society wins
  Trick  5: segfault_society leads AS, zybots_ plays 10S -> segfault_society wins
  Trick  6: segfault_society leads KH, zybots_ plays 7H -> segfault_society wins
  Trick  7: segfault_society leads QC, zybots_ plays 8D -> segfault_society wins
  Trick  8: segfault_society leads 10C, zybots_ plays 9D -> segfault_society wins
  Trick  9: segfault_society leads QS, zybots_ plays KS -> zybots_ wins
  Trick 10: zybots_ leads 10D, segfault_society plays 7C -> zybots_ wins
  Trick 11: zybots_ leads QH, segfault_society plays 9C -> zybots_ wins
  Trick 12: zybots_ leads JD, segfault_society plays 9S -> zybots_ wins
  Hand: zybots_ +23 / segfault_society +9 (tricks 6-6)
  Match total: zybots_ 59 - 20 segfault_society
Players: zybots_ vs segfault_society
Dealer: zybots_  |  Elder: segfault_society
Match scores: 59 - 20
Talon (8): KC 8D 9D QD 7H 9H QS AS
zybots_ hand: 7C 9C 10C JC QC AC 7D JD 10H 7S 8S 9S
segfault_society hand: 8C 10D KD AD 8H JH QH KH AH 10S JS KS
  Exchange segfault_society: discard 8C 10D 8H 10S JS -> draw KC 8D QD 7H AS (talon 3 left)
  Exchange zybots_: discard 7D JD 10H -> draw 9D 9H QS (talon 0 left)

--- Phase: declare ---
  Declare point: zybots_ wins 6 pts (('point', 6, 'C'))
  Declare sequence: segfault_society wins 4 pts (('sequence', 4, 14, 'H'))
  Declare set: segfault_society wins 3 pts (('set', 3, 14))

--- Phase: tricks ---
  Trick  1: segfault_society leads AH, zybots_ plays 9H -> segfault_society wins
  Trick  2: segfault_society leads AD, zybots_ plays 9D -> segfault_society wins
  Trick  3: segfault_society leads KH, zybots_ plays 7S -> segfault_society wins
  Trick  4: segfault_society leads KD, zybots_ plays 7C -> segfault_society wins
  Trick  5: segfault_society leads QH, zybots_ plays 8S -> segfault_society wins
  Trick  6: segfault_society leads AS, zybots_ plays 9S -> segfault_society wins
  Trick  7: segfault_society leads QD, zybots_ plays 9C -> segfault_society wins
  Trick  8: segfault_society leads JH, zybots_ plays 10C -> segfault_society wins
  Trick  9: segfault_society leads KS, zybots_ plays QS -> segfault_society wins
  Trick 10: segfault_society leads KC, zybots_ plays AC -> zybots_ wins
  Trick 11: zybots_ leads JC, segfault_society plays 7H -> zybots_ wins
  Trick 12: zybots_ leads QC, segfault_society plays 8D -> zybots_ wins
  Hand: zybots_ +10 / segfault_society +26 (tricks 3-9)
  Match total: zybots_ 69 - 46 segfault_society
Players: zybots_ vs segfault_society
Dealer: segfault_society  |  Elder: zybots_
Match scores: 69 - 46
Talon (8): 7C 10C KC KD 9H 9S 10S JS
zybots_ hand: 8C QC AC 8D QD AD 7H JH KH 8S KS AS
segfault_society hand: 9C JC 7D 9D 10D JD 8H 10H QH AH 7S QS
  Exchange zybots_: discard 8C QC 7H JH 8S -> draw 7C 10C KC 9S 10S (talon 3 left)
  Exchange segfault_society: discard 9C JC 7S -> draw KD 9H JS (talon 0 left)

--- Phase: declare ---
  Declare point: segfault_society wins 5 pts (('point', 5, 'H'))
  Declare sequence: segfault_society wins 3 pts (('sequence', 3, 11, 'D'))
  Declare set: zybots_ wins 3 pts (('set', 3, 14))

--- Phase: tricks ---
  Trick  1: zybots_ leads KS, segfault_society plays JS -> zybots_ wins
  Trick  2: zybots_ leads KC, segfault_society plays 7D -> zybots_ wins
  Trick  3: zybots_ leads AC, segfault_society plays 8H -> zybots_ wins
  Trick  4: zybots_ leads AS, segfault_society plays QS -> zybots_ wins
  Trick  5: zybots_ leads AD, segfault_society plays 9D -> zybots_ wins
  Trick  6: zybots_ leads 8D, segfault_society plays 10D -> segfault_society wins
  Trick  7: segfault_society leads AH, zybots_ plays KH -> segfault_society wins
  Trick  8: segfault_society leads KD, zybots_ plays QD -> segfault_society wins
  Trick  9: segfault_society leads QH, zybots_ plays 7C -> segfault_society wins
  Trick 10: segfault_society leads 10H, zybots_ plays 9S -> segfault_society wins
  Trick 11: segfault_society leads JD, zybots_ plays 10C -> segfault_society wins
  Trick 12: segfault_society leads 9H, zybots_ plays 10S -> segfault_society wins
  Hand: zybots_ +8 / segfault_society +26 (tricks 5-7)
  Match total: zybots_ 77 - 72 segfault_society
Players: zybots_ vs segfault_society
Dealer: zybots_  |  Elder: segfault_society
Match scores: 77 - 72
Talon (8): 7C 7D 9D KD JH 9S 10S AS
zybots_ hand: 8C QC AC 8D JD AD 9H QH KH AH JS KS
segfault_society hand: 9C 10C JC KC 10D QD 7H 8H 10H 7S 8S QS
  Exchange segfault_society: discard 10D 7H 8H 7S 8S -> draw 7C 7D 9D KD JH (talon 3 left)
  Exchange zybots_: discard 8C 8D JS -> draw 9S 10S AS (talon 0 left)

--- Phase: declare ---
  Declare point: segfault_society wins 5 pts (('point', 5, 'C'))
  Declare sequence: zybots_ wins 3 pts (('sequence', 3, 14, 'H'))
  Declare set: zybots_ wins 14 pts (('set', 4, 14))

--- Phase: tricks ---
  Trick  1: segfault_society leads KC, zybots_ plays AC -> zybots_ wins
  Trick  2: zybots_ leads QH, segfault_society plays 10H -> zybots_ wins
  Trick  3: zybots_ leads KS, segfault_society plays QS -> zybots_ wins
  Trick  4: zybots_ leads KH, segfault_society plays JH -> zybots_ wins
  Trick  5: zybots_ leads AH, segfault_society plays 7C -> zybots_ wins
  Trick  6: zybots_ leads AD, segfault_society plays 7D -> zybots_ wins
  Trick  7: zybots_ leads AS, segfault_society plays 9C -> zybots_ wins
  Trick  8: zybots_ leads 9S, segfault_society plays 9D -> zybots_ wins
  Trick  9: zybots_ leads QC, segfault_society plays 10C -> zybots_ wins
  Trick 10: zybots_ leads 9H, segfault_society plays JC -> zybots_ wins
  Trick 11: zybots_ leads JD, segfault_society plays QD -> segfault_society wins
  Trick 12: segfault_society leads KD, zybots_ plays 10S -> segfault_society wins
  Hand: zybots_ +37 / segfault_society +8 (tricks 10-2)
  Match total: zybots_ 114 - 80 segfault_society
  Final: zybots_ 114 - 80 segfault_society
  Winner: zybots_

============================================================
Game 19
============================================================
Players: segfault_society vs zybots_
Dealer: segfault_society  |  Elder: zybots_
Match scores: 0 - 0
Talon (8): KC AC 9D 10D 7H JH 8S 10S
segfault_society hand: QC 7D JD KD AD 9H QH AH 7S 9S QS KS
zybots_ hand: 7C 8C 9C 10C JC 8D QD 8H 10H KH JS AS
  Exchange zybots_: discard 8D QD 8H 10H JS -> draw 9D 10D JH 8S 10S (talon 3 left)
  Exchange segfault_society: discard 9H 7S 9S -> draw KC AC 7H (talon 0 left)

--- Phase: declare ---
  Declare point: zybots_ wins 5 pts (('point', 5, 'C'))
  Declare sequence: zybots_ wins 10 pts (('sequence', 5, 11, 'C'))
  Declare set: segfault_society wins 3 pts (('set', 3, 14))

--- Phase: tricks ---
  Trick  1: zybots_ leads AS, segfault_society plays QS -> zybots_ wins
  Trick  2: zybots_ leads 7C, segfault_society plays QC -> segfault_society wins
  Trick  3: segfault_society leads AD, zybots_ plays 9D -> segfault_society wins
  Trick  4: segfault_society leads AH, zybots_ plays JH -> segfault_society wins
  Trick  5: segfault_society leads KD, zybots_ plays 10D -> segfault_society wins
  Trick  6: segfault_society leads AC, zybots_ plays 8C -> segfault_society wins
  Trick  7: segfault_society leads KS, zybots_ plays 8S -> segfault_society wins
  Trick  8: segfault_society leads KC, zybots_ plays 9C -> segfault_society wins
  Trick  9: segfault_society leads QH, zybots_ plays KH -> zybots_ wins
  Trick 10: zybots_ leads 10C, segfault_society plays 7D -> zybots_ wins
  Trick 11: zybots_ leads JC, segfault_society plays 7H -> zybots_ wins
  Trick 12: zybots_ leads 10S, segfault_society plays JD -> zybots_ wins
  Hand: segfault_society +20 / zybots_ +21 (tricks 7-5)
  Match total: segfault_society 20 - 21 zybots_
Players: segfault_society vs zybots_
Dealer: zybots_  |  Elder: segfault_society
Match scores: 20 - 21
Talon (8): 8C JC KD AD 9H QH 7S 9S
segfault_society hand: 7C 10C 10D JD QD 7H 8H 10H JH KH 8S 10S
zybots_ hand: 9C QC KC AC 7D 8D 9D AH JS QS KS AS
  Exchange segfault_society: discard 7C 10C 7H 8S 10S -> draw 8C AD 9H QH 7S (talon 3 left)
  Exchange zybots_: discard 9C 7D 8D -> draw JC KD 9S (talon 0 left)

--- Phase: declare ---
  Declare point: segfault_society wins 6 pts (('point', 6, 'H'))
  Declare sequence: segfault_society wins 11 pts (('sequence', 6, 13, 'H'))
  Declare set: zybots_ wins 3 pts (('set', 3, 14))

--- Phase: tricks ---
  Trick  1: segfault_society leads AD, zybots_ plays 9D -> segfault_society wins
  Trick  2: segfault_society leads KH, zybots_ plays AH -> zybots_ wins
  Trick  3: zybots_ leads JS, segfault_society plays 7S -> zybots_ wins
  Trick  4: zybots_ leads JC, segfault_society plays 8C -> zybots_ wins
  Trick  5: zybots_ leads QC, segfault_society plays 8H -> zybots_ wins
  Trick  6: zybots_ leads QS, segfault_society plays 9H -> zybots_ wins
  Trick  7: zybots_ leads KC, segfault_society plays 10H -> zybots_ wins
  Trick  8: zybots_ leads KS, segfault_society plays 10D -> zybots_ wins
  Trick  9: zybots_ leads KD, segfault_society plays JD -> zybots_ wins
  Trick 10: zybots_ leads AC, segfault_society plays JH -> zybots_ wins
  Trick 11: zybots_ leads AS, segfault_society plays QD -> zybots_ wins
  Trick 12: zybots_ leads 9S, segfault_society plays QH -> zybots_ wins
  Hand: segfault_society +18 / zybots_ +25 (tricks 1-11)
  Match total: segfault_society 38 - 46 zybots_
Players: segfault_society vs zybots_
Dealer: segfault_society  |  Elder: zybots_
Match scores: 38 - 46
Talon (8): 7D 8D JD 8H 9H JH 10S AS
segfault_society hand: 7C 9C 10C QC AC 9D 10D AD KH 7S 8S KS
zybots_ hand: 8C JC KC QD KD 7H 10H QH AH 9S JS QS
  Exchange zybots_: discard 8C JC KC 9S JS -> draw 7D 8D JD JH 10S (talon 3 left)
  Exchange segfault_society: discard 9D 7S 8S -> draw 8H 9H AS (talon 0 left)

--- Phase: declare ---
  Declare point: zybots_ wins 5 pts (('point', 5, 'H'))
  Declare sequence: zybots_ wins 3 pts (('sequence', 3, 13, 'D'))
  Declare set: segfault_society wins 3 pts (('set', 3, 14))

--- Phase: tricks ---
  Trick  1: zybots_ leads AH, segfault_society plays 8H -> zybots_ wins
  Trick  2: zybots_ leads 7D, segfault_society plays 10D -> segfault_society wins
  Trick  3: segfault_society leads AC, zybots_ plays 7H -> segfault_society wins
  Trick  4: segfault_society leads AS, zybots_ plays 10S -> segfault_society wins
  Trick  5: segfault_society leads KH, zybots_ plays 10H -> segfault_society wins
  Trick  6: segfault_society leads AD, zybots_ plays 8D -> segfault_society wins
  Trick  7: segfault_society leads KS, zybots_ plays QS -> segfault_society wins
  Trick  8: segfault_society leads QC, zybots_ plays JH -> segfault_society wins
  Trick  9: segfault_society leads 10C, zybots_ plays JD -> segfault_society wins
  Trick 10: segfault_society leads 9C, zybots_ plays QD -> segfault_society wins
  Trick 11: segfault_society leads 9H, zybots_ plays QH -> zybots_ wins
  Trick 12: zybots_ leads KD, segfault_society plays 7C -> zybots_ wins
  Hand: segfault_society +22 / zybots_ +12 (tricks 9-3)
  Match total: segfault_society 60 - 58 zybots_
Players: segfault_society vs zybots_
Dealer: zybots_  |  Elder: segfault_society
Match scores: 60 - 58
Talon (8): 9C 10C AC 7D 10D 7H JH 9S
segfault_society hand: 7C KC AD 8H 9H 10H KH AH 8S 10S KS AS
zybots_ hand: 8C JC QC 8D 9D JD QD KD QH 7S JS QS
  Exchange segfault_society: discard 7C 8H 9H 8S 10S -> draw 10C AC 7D 7H JH (talon 3 left)
  Exchange zybots_: discard 8C 8D 7S -> draw 9C 10D 9S (talon 0 left)

--- Phase: declare ---
  Declare point: zybots_ wins 5 pts (('point', 5, 'D'))
  Declare sequence: zybots_ wins 10 pts (('sequence', 5, 13, 'D'))
  Declare set: segfault_society wins 14 pts (('set', 4, 14))

--- Phase: tricks ---
  Trick  1: segfault_society leads AH, zybots_ plays QH -> segfault_society wins
  Trick  2: segfault_society leads KH, zybots_ plays 9D -> segfault_society wins
  Trick  3: segfault_society leads AC, zybots_ plays 9C -> segfault_society wins
  Trick  4: segfault_society leads AD, zybots_ plays 10D -> segfault_society wins
  Trick  5: segfault_society leads AS, zybots_ plays 9S -> segfault_society wins
  Trick  6: segfault_society leads KC, zybots_ plays JC -> segfault_society wins
  Trick  7: segfault_society leads KS, zybots_ plays JS -> segfault_society wins
  Trick  8: segfault_society leads JH, zybots_ plays JD -> segfault_society wins
  Trick  9: segfault_society leads 10H, zybots_ plays QS -> segfault_society wins
  Trick 10: segfault_society leads 10C, zybots_ plays QC -> zybots_ wins
  Trick 11: zybots_ leads QD, segfault_society plays 7D -> zybots_ wins
  Trick 12: zybots_ leads KD, segfault_society plays 7H -> zybots_ wins
  Hand: segfault_society +33 / zybots_ +19 (tricks 9-3)
  Match total: segfault_society 93 - 77 zybots_
Players: segfault_society vs zybots_
Dealer: segfault_society  |  Elder: zybots_
Match scores: 93 - 77
Talon (8): 10C JC 10D 8H 10H JH QH JS
segfault_society hand: 7C 8C 9D JD QD 7H KH AH 7S 8S 9S KS
zybots_ hand: 9C QC KC AC 7D 8D KD AD 9H 10S QS AS
  Exchange zybots_: discard 7D 8D 9H 10S QS -> draw 10C 10D 8H JH JS (talon 3 left)
  Exchange segfault_society: discard 7C 8C 7H -> draw JC 10H QH (talon 0 left)

--- Phase: declare ---
  Declare point: zybots_ wins 5 pts (('point', 5, 'C'))
  Declare set: zybots_ wins 3 pts (('set', 3, 14))

--- Phase: tricks ---
  Trick  1: zybots_ leads QC, segfault_society plays JC -> zybots_ wins
  Trick  2: zybots_ leads KC, segfault_society plays 7S -> zybots_ wins
  Trick  3: zybots_ leads KD, segfault_society plays 9D -> zybots_ wins
  Trick  4: zybots_ leads AD, segfault_society plays JD -> zybots_ wins
  Trick  5: zybots_ leads AS, segfault_society plays 8S -> zybots_ wins
  Trick  6: zybots_ leads AC, segfault_society plays 9S -> zybots_ wins
  Trick  7: zybots_ leads 9C, segfault_society plays 10H -> zybots_ wins
  Trick  8: zybots_ leads 8H, segfault_society plays QH -> segfault_society wins
  Trick  9: segfault_society leads AH, zybots_ plays JH -> segfault_society wins
  Trick 10: segfault_society leads KH, zybots_ plays 10C -> segfault_society wins
  Trick 11: segfault_society leads KS, zybots_ plays JS -> segfault_society wins
  Trick 12: segfault_society leads QD, zybots_ plays 10D -> segfault_society wins
  Hand: segfault_society +6 / zybots_ +25 (tricks 5-7)
  Match total: segfault_society 99 - 102 zybots_
  Final: segfault_society 99 - 102 zybots_
  Winner: zybots_

============================================================
Game 20
============================================================
Players: zybots_ vs segfault_society
Dealer: zybots_  |  Elder: segfault_society
Match scores: 0 - 0
Talon (8): JC 9D 10D KD 10H KH 9S KS
zybots_ hand: QC AC 7D 8D JD QD 7H 9H JH 7S 8S JS
segfault_society hand: 7C 8C 9C 10C KC AD 8H QH AH 10S QS AS
  Exchange segfault_society: discard 7C 8H QH 10S QS -> draw JC 9D 10D KD 10H (talon 3 left)
  Exchange zybots_: discard 7H 7S 8S -> draw KH 9S KS (talon 0 left)

--- Phase: declare ---
  Declare point: segfault_society wins 5 pts (('point', 5, 'C'))
  Declare sequence: segfault_society wins 4 pts (('sequence', 4, 11, 'C'))
  Declare set: segfault_society wins 3 pts (('set', 3, 14))

--- Phase: tricks ---
  Trick  1: segfault_society leads AD, zybots_ plays 7D -> segfault_society wins
  Trick  2: segfault_society leads KD, zybots_ plays 8D -> segfault_society wins
  Trick  3: segfault_society leads AH, zybots_ plays 9H -> segfault_society wins
  Trick  4: segfault_society leads AS, zybots_ plays 9S -> segfault_society wins
  Trick  5: segfault_society leads KC, zybots_ plays AC -> zybots_ wins
  Trick  6: zybots_ leads JD, segfault_society plays 9D -> zybots_ wins
  Trick  7: zybots_ leads QD, segfault_society plays 10D -> zybots_ wins
  Trick  8: zybots_ leads KH, segfault_society plays 10H -> zybots_ wins
  Trick  9: zybots_ leads KS, segfault_society plays 8C -> zybots_ wins
  Trick 10: zybots_ leads JS, segfault_society plays 9C -> zybots_ wins
  Trick 11: zybots_ leads JH, segfault_society plays 10C -> zybots_ wins
  Trick 12: zybots_ leads QC, segfault_society plays JC -> zybots_ wins
  Hand: zybots_ +19 / segfault_society +16 (tricks 8-4)
  Match total: zybots_ 19 - 16 segfault_society
Players: zybots_ vs segfault_society
Dealer: segfault_society  |  Elder: zybots_
Match scores: 19 - 16
Talon (8): 8D 10D KD AD 7H AH 7S 8S
zybots_ hand: 7C KC QD 8H 9H JH QH KH 9S JS QS AS
segfault_society hand: 8C 9C 10C JC QC AC 7D 9D JD 10H 10S KS
  Exchange zybots_: discard 7C KC 9S JS AS -> draw AD 7H AH 7S 8S (talon 3 left)
  Exchange segfault_society: discard 7D 9D 10H -> draw 8D 10D KD (talon 0 left)

--- Phase: declare ---
  Declare point: zybots_ wins 7 pts (('point', 7, 'H'))
  Declare sequence: segfault_society wins 10 pts (('sequence', 5, 12, 'C'))
  Declare set: zybots_ wins 3 pts (('set', 3, 12))

--- Phase: tricks ---
  Trick  1: zybots_ leads JH, segfault_society plays 8C -> zybots_ wins
  Trick  2: zybots_ leads QH, segfault_society plays 8D -> zybots_ wins
  Trick  3: zybots_ leads KH, segfault_society plays 9C -> zybots_ wins
  Trick  4: zybots_ leads AH, segfault_society plays 10C -> zybots_ wins
  Trick  5: zybots_ leads AD, segfault_society plays 10D -> zybots_ wins
  Trick  6: zybots_ leads 7S, segfault_society plays 10S -> segfault_society wins
  Trick  7: segfault_society leads AC, zybots_ plays 7H -> segfault_society wins
  Trick  8: segfault_society leads KD, zybots_ plays QD -> segfault_society wins
  Trick  9: segfault_society leads QC, zybots_ plays 8H -> segfault_society wins
  Trick 10: segfault_society leads KS, zybots_ plays 8S -> segfault_society wins
  Trick 11: segfault_society leads JC, zybots_ plays 9H -> segfault_society wins
  Trick 12: segfault_society leads JD, zybots_ plays QS -> segfault_society wins
  Hand: zybots_ +15 / segfault_society +28 (tricks 5-7)
  Match total: zybots_ 34 - 44 segfault_society
Players: zybots_ vs segfault_society
Dealer: zybots_  |  Elder: segfault_society
Match scores: 34 - 44
Talon (8): 10C 9D QD QH 7S 9S 10S KS
zybots_ hand: 7C 8C 9C JC 8D JD KD 7H KH AH QS AS
segfault_society hand: QC KC AC 7D 10D AD 8H 9H 10H JH 8S JS
  Exchange segfault_society: discard QC 7D 10D 8S JS -> draw QH 7S 9S 10S KS (talon 3 left)
  Exchange zybots_: discard 8D JD 7H -> draw 10C 9D QD (talon 0 left)

--- Phase: declare ---
  Declare point: segfault_society wins 5 pts (('point', 5, 'H'))
  Declare sequence: segfault_society wins 10 pts (('sequence', 5, 12, 'H'))

--- Phase: tricks ---
  Trick  1: segfault_society leads AC, zybots_ plays 7C -> segfault_society wins
  Trick  2: segfault_society leads AD, zybots_ plays 9D -> segfault_society wins
  Trick  3: segfault_society leads KC, zybots_ plays 8C -> segfault_society wins
  Trick  4: segfault_society leads QH, zybots_ plays KH -> zybots_ wins
  Trick  5: zybots_ leads QD, segfault_society plays 7S -> zybots_ wins
  Trick  6: zybots_ leads KD, segfault_society plays 8H -> zybots_ wins
  Trick  7: zybots_ leads AH, segfault_society plays 9H -> zybots_ wins
  Trick  8: zybots_ leads AS, segfault_society plays 9S -> zybots_ wins
  Trick  9: zybots_ leads 9C, segfault_society plays 10H -> zybots_ wins
  Trick 10: zybots_ leads 10C, segfault_society plays 10S -> zybots_ wins
  Trick 11: zybots_ leads JC, segfault_society plays JH -> zybots_ wins
  Trick 12: zybots_ leads QS, segfault_society plays KS -> segfault_society wins
  Hand: zybots_ +18 / segfault_society +20 (tricks 8-4)
  Match total: zybots_ 52 - 64 segfault_society
Players: zybots_ vs segfault_society
Dealer: segfault_society  |  Elder: zybots_
Match scores: 52 - 64
Talon (8): QC KC AC 9D 7H 8H 9H 8S
zybots_ hand: 9C 10C JC 7D 8D JD QD AD QH KH 10S QS
segfault_society hand: 7C 8C 10D KD 10H JH AH 7S 9S JS KS AS
  Exchange zybots_: discard 7D 8D JD KH 10S -> draw KC AC 9D 8H 8S (talon 3 left)
  Exchange segfault_society: discard 7C 8C 10H -> draw QC 7H 9H (talon 0 left)

--- Phase: declare ---
  Declare point: zybots_ wins 5 pts (('point', 5, 'C'))
  Declare sequence: zybots_ wins 3 pts (('sequence', 3, 11, 'C'))
  Declare set: zybots_ wins 3 pts (('set', 3, 12))

--- Phase: tricks ---
  Trick  1: zybots_ leads KC, segfault_society plays QC -> zybots_ wins
  Trick  2: zybots_ leads AD, segfault_society plays 10D -> zybots_ wins
  Trick  3: zybots_ leads AC, segfault_society plays 7S -> zybots_ wins
  Trick  4: zybots_ leads 9C, segfault_society plays 7H -> zybots_ wins
  Trick  5: zybots_ leads 8H, segfault_society plays 9H -> segfault_society wins
  Trick  6: segfault_society leads AS, zybots_ plays 8S -> segfault_society wins
  Trick  7: segfault_society leads KS, zybots_ plays QS -> segfault_society wins
  Trick  8: segfault_society leads AH, zybots_ plays QH -> segfault_society wins
  Trick  9: segfault_society leads KD, zybots_ plays 9D -> segfault_society wins
  Trick 10: segfault_society leads JS, zybots_ plays 10C -> segfault_society wins
  Trick 11: segfault_society leads JH, zybots_ plays JC -> segfault_society wins
  Trick 12: segfault_society leads 9S, zybots_ plays QD -> segfault_society wins
  Hand: zybots_ +15 / segfault_society +19 (tricks 4-8)
  Match total: zybots_ 67 - 83 segfault_society
Players: zybots_ vs segfault_society
Dealer: zybots_  |  Elder: segfault_society
Match scores: 67 - 83
Talon (8): QC AC 9D JD JH QH 10S QS
zybots_ hand: 7C JC 7D KD 7H 8H 10H AH 8S 9S JS KS
segfault_society hand: 8C 9C 10C KC 8D 10D QD AD 9H KH 7S AS
  Exchange segfault_society: discard 8D 10D QD 9H 7S -> draw AC JD JH 10S QS (talon 3 left)
  Exchange zybots_: discard 7C 7D 7H -> draw QC 9D QH (talon 0 left)

--- Phase: declare ---
  Declare point: segfault_society wins 5 pts (('point', 5, 'C'))
  Declare sequence: segfault_society wins 3 pts (('sequence', 3, 10, 'C'))
  Declare set: segfault_society wins 3 pts (('set', 3, 14))

--- Phase: tricks ---
  Trick  1: segfault_society leads AC, zybots_ plays JC -> segfault_society wins
  Trick  2: segfault_society leads KC, zybots_ plays QC -> segfault_society wins
  Trick  3: segfault_society leads AS, zybots_ plays 8S -> segfault_society wins
  Trick  4: segfault_society leads AD, zybots_ plays 9D -> segfault_society wins
  Trick  5: segfault_society leads 10C, zybots_ plays 8H -> segfault_society wins
  Trick  6: segfault_society leads KH, zybots_ plays AH -> zybots_ wins
  Trick  7: zybots_ leads KS, segfault_society plays 10S -> zybots_ wins
  Trick  8: zybots_ leads KD, segfault_society plays JD -> zybots_ wins
  Trick  9: zybots_ leads 9S, segfault_society plays QS -> segfault_society wins
  Trick 10: segfault_society leads 9C, zybots_ plays 10H -> segfault_society wins
  Trick 11: segfault_society leads JH, zybots_ plays QH -> zybots_ wins
  Trick 12: zybots_ leads JS, segfault_society plays 8C -> zybots_ wins
  Hand: zybots_ +6 / segfault_society +28 (tricks 5-7)
  Match total: zybots_ 73 - 111 segfault_society
  Final: zybots_ 73 - 111 segfault_society
  Winner: segfault_society

============================================================
Game 21
============================================================
Players: segfault_society vs zybots_
Dealer: segfault_society  |  Elder: zybots_
Match scores: 0 - 0
Talon (8): 7C KC AC 7D KD 9H AH KS
segfault_society hand: 9C QC 9D 10D JD AD KH 8S 9S JS QS AS
zybots_ hand: 8C 10C JC 8D QD 7H 8H 10H JH QH 7S 10S
  Exchange zybots_: discard 8C JC 8D QD 7S -> draw 7C KC 7D KD KS (talon 3 left)
  Exchange segfault_society: discard 9C QC 8S -> draw AC 9H AH (talon 0 left)

--- Phase: declare ---
  Declare point: zybots_ wins 5 pts (('point', 5, 'H'))
  Declare sequence: zybots_ wins 3 pts (('sequence', 3, 12, 'H'))
  Declare set: segfault_society wins 14 pts (('set', 4, 14))

--- Phase: tricks ---
  Trick  1: zybots_ leads 7H, segfault_society plays 9H -> segfault_society wins
  Trick  2: segfault_society leads AS, zybots_ plays 10S -> segfault_society wins
  Trick  3: segfault_society leads AD, zybots_ plays 7D -> segfault_society wins
  Trick  4: segfault_society leads AH, zybots_ plays 8H -> segfault_society wins
  Trick  5: segfault_society leads AC, zybots_ plays 7C -> segfault_society wins
  Trick  6: segfault_society leads KH, zybots_ plays 10H -> segfault_society wins
  Trick  7: segfault_society leads QS, zybots_ plays KS -> zybots_ wins
  Trick  8: zybots_ leads JH, segfault_society plays 9D -> zybots_ wins
  Trick  9: zybots_ leads QH, segfault_society plays 9S -> zybots_ wins
  Trick 10: zybots_ leads KC, segfault_society plays 10D -> zybots_ wins
  Trick 11: zybots_ leads KD, segfault_society plays JD -> zybots_ wins
  Trick 12: zybots_ leads 10C, segfault_society plays JS -> zybots_ wins
  Hand: segfault_society +20 / zybots_ +15 (tricks 6-6)
  Match total: segfault_society 20 - 15 zybots_
Players: segfault_society vs zybots_
Dealer: zybots_  |  Elder: segfault_society
Match scores: 20 - 15
Talon (8): 10C KC AC 8D 9D AD JH QS
segfault_society hand: 9C JC QC JD QD KD 8H 9H AH 7S KS AS
zybots_ hand: 7C 8C 7D 10D 7H 10H QH KH 8S 9S 10S JS
  Exchange segfault_society: discard 9C JC 8H 9H 7S -> draw 10C 9D AD JH QS (talon 3 left)
  Exchange zybots_: discard 7C 8C 7D -> draw KC AC 8D (talon 0 left)

--- Phase: declare ---
  Declare point: segfault_society wins 5 pts (('point', 5, 'D'))
  Declare sequence: segfault_society wins 4 pts (('sequence', 4, 14, 'D'))
  Declare set: segfault_society wins 3 pts (('set', 3, 14))

--- Phase: tricks ---
  Trick  1: segfault_society leads AD, zybots_ plays 8D -> segfault_society wins
  Trick  2: segfault_society leads KD, zybots_ plays 10D -> segfault_society wins
  Trick  3: segfault_society leads AS, zybots_ plays 8S -> segfault_society wins
  Trick  4: segfault_society leads QD, zybots_ plays 7H -> segfault_society wins
  Trick  5: segfault_society leads AH, zybots_ plays 10H -> segfault_society wins
  Trick  6: segfault_society leads KS, zybots_ plays 9S -> segfault_society wins
  Trick  7: segfault_society leads JD, zybots_ plays 10S -> segfault_society wins
  Trick  8: segfault_society leads QS, zybots_ plays JS -> segfault_society wins
  Trick  9: segfault_society leads QC, zybots_ plays KC -> zybots_ wins
  Trick 10: zybots_ leads QH, segfault_society plays JH -> zybots_ wins
  Trick 11: zybots_ leads KH, segfault_society plays 9D -> zybots_ wins
  Trick 12: zybots_ leads AC, segfault_society plays 10C -> zybots_ wins
  Hand: segfault_society +30 / zybots_ +5 (tricks 8-4)
  Match total: segfault_society 50 - 20 zybots_
Players: segfault_society vs zybots_
Dealer: segfault_society  |  Elder: zybots_
Match scores: 50 - 20
Talon (8): AC 8D 9D 7H 8H QH AH 9S
segfault_society hand: 7C 8C 9C 10C JC QC KC JD QD 10H 8S JS
zybots_ hand: 7D 10D KD AD 9H JH KH 7S 10S QS KS AS
  Exchange zybots_: discard 7D 10D AD 9H JH -> draw AC 7H 8H AH 9S (talon 3 left)
  Exchange segfault_society: discard JD 10H 8S -> draw 8D 9D QH (talon 0 left)

--- Phase: declare ---
  Declare point: segfault_society wins 7 pts (('point', 7, 'C'))
  Declare sequence: segfault_society wins 12 pts (('sequence', 7, 13, 'C'))
  Declare set: zybots_ wins 3 pts (('set', 3, 14))

--- Phase: tricks ---
  Trick  1: zybots_ leads QS, segfault_society plays JS -> zybots_ wins
  Trick  2: zybots_ leads KS, segfault_society plays 7C -> zybots_ wins
  Trick  3: zybots_ leads KH, segfault_society plays QH -> zybots_ wins
  Trick  4: zybots_ leads AS, segfault_society plays 8C -> zybots_ wins
  Trick  5: zybots_ leads AC, segfault_society plays 9C -> zybots_ wins
  Trick  6: zybots_ leads AH, segfault_society plays 8D -> zybots_ wins
  Trick  7: zybots_ leads 7S, segfault_society plays 9D -> zybots_ wins
  Trick  8: zybots_ leads 9S, segfault_society plays 10C -> zybots_ wins
  Trick  9: zybots_ leads 7H, segfault_society plays JC -> zybots_ wins
  Trick 10: zybots_ leads KD, segfault_society plays QD -> zybots_ wins
  Trick 11: zybots_ leads 10S, segfault_society plays QC -> zybots_ wins
  Trick 12: zybots_ leads 8H, segfault_society plays KC -> zybots_ wins
  Hand: segfault_society +19 / zybots_ +86 (tricks 0-12)
  Match total: segfault_society 69 - 106 zybots_
  Final: segfault_society 69 - 106 zybots_
  Winner: zybots_

============================================================
Game 22
============================================================
Players: zybots_ vs segfault_society
Dealer: zybots_  |  Elder: segfault_society
Match scores: 0 - 0
Talon (8): 7C 9C AD 9H 10H QH 7S AS
zybots_ hand: 10C JC QC KC JD QD KD 7H JH AH 9S QS
segfault_society hand: 8C AC 7D 8D 9D 10D 8H KH 8S 10S JS KS
  Exchange segfault_society: discard 8C 8H 8S 10S JS -> draw 9C 9H 10H 7S AS (talon 3 left)
  Exchange zybots_: discard 7H AH 9S -> draw 7C AD QH (talon 0 left)

--- Phase: declare ---
  Declare point: zybots_ wins 5 pts (('point', 5, 'C'))
  Declare sequence: zybots_ wins 4 pts (('sequence', 4, 14, 'D'))
  Declare set: zybots_ wins 14 pts (('set', 4, 12))

--- Phase: tricks ---
  Trick  1: segfault_society leads AS, zybots_ plays QS -> segfault_society wins
  Trick  2: segfault_society leads AC, zybots_ plays 7C -> segfault_society wins
  Trick  3: segfault_society leads KS, zybots_ plays 10C -> segfault_society wins
  Trick  4: segfault_society leads 10D, zybots_ plays JD -> zybots_ wins
  Trick  5: zybots_ leads JC, segfault_society plays 9C -> zybots_ wins
  Trick  6: zybots_ leads QD, segfault_society plays 7D -> zybots_ wins
  Trick  7: zybots_ leads QC, segfault_society plays 7S -> zybots_ wins
  Trick  8: zybots_ leads KC, segfault_society plays 8D -> zybots_ wins
  Trick  9: zybots_ leads KD, segfault_society plays 9D -> zybots_ wins
  Trick 10: zybots_ leads AD, segfault_society plays 9H -> zybots_ wins
  Trick 11: zybots_ leads JH, segfault_society plays KH -> segfault_society wins
  Trick 12: segfault_society leads 10H, zybots_ plays QH -> zybots_ wins
  Hand: zybots_ +42 / segfault_society +4 (tricks 8-4)
  Match total: zybots_ 42 - 4 segfault_society
Players: zybots_ vs segfault_society
Dealer: segfault_society  |  Elder: zybots_
Match scores: 42 - 4
Talon (8): 9C QC AC JD QD AD QH 8S
zybots_ hand: 8C 10C JC 8D 9D KH 7S 9S 10S JS QS AS
segfault_society hand: 7C KC 7D 10D KD 7H 8H 9H 10H JH AH KS
  Exchange zybots_: discard 8C 10C JC 8D 9D -> draw 9C AC QD AD QH (talon 3 left)
  Exchange segfault_society: discard 7C 7D 10D -> draw QC JD 8S (talon 0 left)

--- Phase: declare ---
  Declare point: zybots_ wins 6 pts (('point', 6, 'S'))
  Declare sequence: segfault_society wins 10 pts (('sequence', 5, 11, 'H'))
  Declare set: zybots_ wins 3 pts (('set', 3, 14))

--- Phase: tricks ---
  Trick  1: zybots_ leads AS, segfault_society plays 8S -> zybots_ wins
  Trick  2: zybots_ leads AC, segfault_society plays QC -> zybots_ wins
  Trick  3: zybots_ leads AD, segfault_society plays JD -> zybots_ wins
  Trick  4: zybots_ leads 7S, segfault_society plays KS -> segfault_society wins
  Trick  5: segfault_society leads AH, zybots_ plays QH -> segfault_society wins
  Trick  6: segfault_society leads KC, zybots_ plays 9C -> segfault_society wins
  Trick  7: segfault_society leads KD, zybots_ plays QD -> segfault_society wins
  Trick  8: segfault_society leads JH, zybots_ plays KH -> zybots_ wins
  Trick  9: zybots_ leads 9S, segfault_society plays 7H -> zybots_ wins
  Trick 10: zybots_ leads 10S, segfault_society plays 8H -> zybots_ wins
  Trick 11: zybots_ leads JS, segfault_society plays 9H -> zybots_ wins
  Trick 12: zybots_ leads QS, segfault_society plays 10H -> zybots_ wins
  Hand: zybots_ +28 / segfault_society +14 (tricks 8-4)
  Match total: zybots_ 70 - 18 segfault_society
Players: zybots_ vs segfault_society
Dealer: zybots_  |  Elder: segfault_society
Match scores: 70 - 18
Talon (8): JC QC 10D JD KD 8H 9S KS
zybots_ hand: KC AC 8D QD AD 7H JH QH 7S 8S JS QS
segfault_society hand: 7C 8C 9C 10C 7D 9D 9H 10H KH AH 10S AS
  Exchange segfault_society: discard 7D 9D 9H 10H 10S -> draw QC JD KD 9S KS (talon 3 left)
  Exchange zybots_: discard 8D 7H JH -> draw JC 10D 8H (talon 0 left)

--- Phase: declare ---
  Declare point: segfault_society wins 5 pts (('point', 5, 'C'))
  Declare sequence: segfault_society wins 4 pts (('sequence', 4, 10, 'C'))
  Declare set: segfault_society wins 3 pts (('set', 3, 13))

--- Phase: tricks ---
  Trick  1: segfault_society leads AS, zybots_ plays 7S -> segfault_society wins
  Trick  2: segfault_society leads AH, zybots_ plays 8H -> segfault_society wins
  Trick  3: segfault_society leads KS, zybots_ plays 8S -> segfault_society wins
  Trick  4: segfault_society leads KH, zybots_ plays QH -> segfault_society wins
  Trick  5: segfault_society leads QC, zybots_ plays KC -> zybots_ wins
  Trick  6: zybots_ leads JS, segfault_society plays 9S -> zybots_ wins
  Trick  7: zybots_ leads QS, segfault_society plays 7C -> zybots_ wins
  Trick  8: zybots_ leads AC, segfault_society plays 8C -> zybots_ wins
  Trick  9: zybots_ leads AD, segfault_society plays JD -> zybots_ wins
  Trick 10: zybots_ leads 10D, segfault_society plays KD -> segfault_society wins
  Trick 11: segfault_society leads 10C, zybots_ plays JC -> zybots_ wins
  Trick 12: zybots_ leads QD, segfault_society plays 9C -> zybots_ wins
  Hand: zybots_ +18 / segfault_society +17 (tricks 7-5)
  Match total: zybots_ 88 - 35 segfault_society
Players: zybots_ vs segfault_society
Dealer: segfault_society  |  Elder: zybots_
Match scores: 88 - 35
Talon (8): 7C 9C KD 8H 10H AH 7S QS
zybots_ hand: QC 7D 9D 10D JD 7H 9H JH 8S JS KS AS
segfault_society hand: 8C 10C JC KC AC 8D QD AD QH KH 9S 10S
  Exchange zybots_: discard QC 7D 7H 9H 8S -> draw 7C 9C KD AH 7S (talon 3 left)
  Exchange segfault_society: discard 8D 9S 10S -> draw 8H 10H QS (talon 0 left)

--- Phase: declare ---
  Declare point: segfault_society wins 5 pts (('point', 5, 'C'))
  Declare sequence: zybots_ wins 3 pts (('sequence', 3, 11, 'D'))
  Declare set: segfault_society wins 3 pts (('set', 3, 12))

--- Phase: tricks ---
  Trick  1: zybots_ leads KS, segfault_society plays QS -> zybots_ wins
  Trick  2: zybots_ leads AS, segfault_society plays 8C -> zybots_ wins
  Trick  3: zybots_ leads AH, segfault_society plays 8H -> zybots_ wins
  Trick  4: zybots_ leads 9D, segfault_society plays QD -> segfault_society wins
  Trick  5: segfault_society leads AC, zybots_ plays 7C -> segfault_society wins
  Trick  6: segfault_society leads KH, zybots_ plays JH -> segfault_society wins
  Trick  7: segfault_society leads KC, zybots_ plays 9C -> segfault_society wins
  Trick  8: segfault_society leads QH, zybots_ plays 7S -> segfault_society wins
  Trick  9: segfault_society leads AD, zybots_ plays 10D -> segfault_society wins
  Trick 10: segfault_society leads JC, zybots_ plays JD -> segfault_society wins
  Trick 11: segfault_society leads 10C, zybots_ plays JS -> segfault_society wins
  Trick 12: segfault_society leads 10H, zybots_ plays KD -> segfault_society wins
  Hand: zybots_ +6 / segfault_society +28 (tricks 3-9)
  Match total: zybots_ 94 - 63 segfault_society
Players: zybots_ vs segfault_society
Dealer: zybots_  |  Elder: segfault_society
Match scores: 94 - 63
Talon (8): QC 8D 10D AD 8H 10S JS KS
zybots_ hand: 7C 8C 9C AC 7D 9D 7H 9H JH QH AH QS
segfault_society hand: 10C JC KC JD QD KD 10H KH 7S 8S 9S AS
  Exchange segfault_society: discard 10C 10H 7S 8S 9S -> draw QC 10D AD 8H JS (talon 3 left)
  Exchange zybots_: discard 7D 9D QS -> draw 8D 10S KS (talon 0 left)

--- Phase: declare ---
  Declare point: segfault_society wins 5 pts (('point', 5, 'D'))
  Declare sequence: segfault_society wins 10 pts (('sequence', 5, 14, 'D'))
  Declare set: segfault_society wins 3 pts (('set', 3, 13))

--- Phase: tricks ---
  Trick  1: segfault_society leads AD, zybots_ plays 8D -> segfault_society wins
  Trick  2: segfault_society leads KD, zybots_ plays 7C -> segfault_society wins
  Trick  3: segfault_society leads QD, zybots_ plays 7H -> segfault_society wins
  Trick  4: segfault_society leads AS, zybots_ plays 10S -> segfault_society wins
  Trick  5: segfault_society leads JD, zybots_ plays 8C -> segfault_society wins
  Trick  6: segfault_society leads 10D, zybots_ plays 9C -> segfault_society wins
  Trick  7: segfault_society leads KC, zybots_ plays AC -> zybots_ wins
  Trick  8: zybots_ leads KS, segfault_society plays JS -> zybots_ wins
  Trick  9: zybots_ leads AH, segfault_society plays 8H -> zybots_ wins
  Trick 10: zybots_ leads 9H, segfault_society plays KH -> segfault_society wins
  Trick 11: segfault_society leads QC, zybots_ plays JH -> segfault_society wins
  Trick 12: segfault_society leads JC, zybots_ plays QH -> segfault_society wins
  Hand: zybots_ +3 / segfault_society +38 (tricks 3-9)
  Match total: zybots_ 97 - 101 segfault_society
  Final: zybots_ 97 - 101 segfault_society
  Winner: segfault_society

============================================================
Game 23
============================================================
Players: segfault_society vs zybots_
Dealer: segfault_society  |  Elder: zybots_
Match scores: 0 - 0
Talon (8): 7C 8D 9D QD 10H KH 10S QS
segfault_society hand: 10C QC AC 10D 7H 8H 9H QH 7S 8S 9S KS
zybots_ hand: 8C 9C JC KC 7D JD KD AD JH AH JS AS
  Exchange zybots_: discard 8C 9C KC 7D KD -> draw 7C 9D KH 10S QS (talon 3 left)
  Exchange segfault_society: discard 7S 8S 9S -> draw 8D QD 10H (talon 0 left)

--- Phase: declare ---
  Declare point: segfault_society wins 5 pts (('point', 5, 'H'))
  Declare sequence: segfault_society wins 4 pts (('sequence', 4, 10, 'H'))
  Declare set: zybots_ wins 3 pts (('set', 3, 14))

--- Phase: tricks ---
  Trick  1: zybots_ leads KH, segfault_society plays 7H -> zybots_ wins
  Trick  2: zybots_ leads AH, segfault_society plays 8H -> zybots_ wins
  Trick  3: zybots_ leads AD, segfault_society plays 8D -> zybots_ wins
  Trick  4: zybots_ leads AS, segfault_society plays KS -> zybots_ wins
  Trick  5: zybots_ leads 10S, segfault_society plays 9H -> zybots_ wins
  Trick  6: zybots_ leads JS, segfault_society plays 10C -> zybots_ wins
  Trick  7: zybots_ leads 7C, segfault_society plays QC -> segfault_society wins
  Trick  8: segfault_society leads QH, zybots_ plays JH -> segfault_society wins
  Trick  9: segfault_society leads AC, zybots_ plays JC -> segfault_society wins
  Trick 10: segfault_society leads QD, zybots_ plays 9D -> segfault_society wins
  Trick 11: segfault_society leads 10D, zybots_ plays JD -> zybots_ wins
  Trick 12: zybots_ leads QS, segfault_society plays 10H -> zybots_ wins
  Hand: segfault_society +13 / zybots_ +22 (tricks 4-8)
  Match total: segfault_society 13 - 22 zybots_
Players: segfault_society vs zybots_
Dealer: zybots_  |  Elder: segfault_society
Match scores: 13 - 22
Talon (8): QC KC AC JD QD KD 9S JS
segfault_society hand: 10C JC 7D 8D 9D 9H JH QH AH 7S 10S AS
zybots_ hand: 7C 8C 9C 10D AD 7H 8H 10H KH 8S QS KS
  Exchange segfault_society: discard 10C 7D 8D 9D 7S -> draw QC KC AC QD JS (talon 3 left)
  Exchange zybots_: discard 10D 8S QS -> draw JD KD 9S (talon 0 left)

--- Phase: declare ---
  Declare point: segfault_society wins 4 pts (('point', 4, 'C'))
  Declare sequence: segfault_society wins 4 pts (('sequence', 4, 14, 'C'))
  Declare set: segfault_society wins 3 pts (('set', 3, 14))

--- Phase: tricks ---
  Trick  1: segfault_society leads AH, zybots_ plays 7H -> segfault_society wins
  Trick  2: segfault_society leads AC, zybots_ plays 7C -> segfault_society wins
  Trick  3: segfault_society leads AS, zybots_ plays 9S -> segfault_society wins
  Trick  4: segfault_society leads KC, zybots_ plays 8C -> segfault_society wins
  Trick  5: segfault_society leads QC, zybots_ plays 9C -> segfault_society wins
  Trick  6: segfault_society leads JC, zybots_ plays 8H -> segfault_society wins
  Trick  7: segfault_society leads QH, zybots_ plays KH -> zybots_ wins
  Trick  8: zybots_ leads KS, segfault_society plays 10S -> zybots_ wins
  Trick  9: zybots_ leads KD, segfault_society plays QD -> zybots_ wins
  Trick 10: zybots_ leads AD, segfault_society plays 9H -> zybots_ wins
  Trick 11: zybots_ leads 10H, segfault_society plays JH -> segfault_society wins
  Trick 12: segfault_society leads JS, zybots_ plays JD -> segfault_society wins
  Hand: segfault_society +30 / zybots_ +4 (tricks 8-4)
  Match total: segfault_society 43 - 26 zybots_
Players: segfault_society vs zybots_
Dealer: segfault_society  |  Elder: zybots_
Match scores: 43 - 26
Talon (8): 9C KC 7D QD AD 8H 10H AS
segfault_society hand: JC 8D 10D JD JH KH 7S 8S 10S JS QS KS
zybots_ hand: 7C 8C 10C QC AC 9D KD 7H 9H QH AH 9S
  Exchange zybots_: discard 9D 7H 9H QH 9S -> draw KC 7D 8H 10H AS (talon 3 left)
  Exchange segfault_society: discard JC 8D 10D -> draw 9C QD AD (talon 0 left)

--- Phase: declare ---
  Declare point: zybots_ wins 6 pts (('point', 6, 'C'))
  Declare sequence: segfault_society wins 4 pts (('sequence', 4, 13, 'S'))
  Declare set: zybots_ wins 3 pts (('set', 3, 14))

--- Phase: tricks ---
  Trick  1: zybots_ leads QC, segfault_society plays 9C -> zybots_ wins
  Trick  2: zybots_ leads KC, segfault_society plays 7S -> zybots_ wins
  Trick  3: zybots_ leads AC, segfault_society plays 8S -> zybots_ wins
  Trick  4: zybots_ leads AH, segfault_society plays JH -> zybots_ wins
  Trick  5: zybots_ leads AS, segfault_society plays 10S -> zybots_ wins
  Trick  6: zybots_ leads 7C, segfault_society plays JS -> zybots_ wins
  Trick  7: zybots_ leads 7D, segfault_society plays JD -> segfault_society wins
  Trick  8: segfault_society leads AD, zybots_ plays KD -> segfault_society wins
  Trick  9: segfault_society leads KS, zybots_ plays 8C -> segfault_society wins
  Trick 10: segfault_society leads KH, zybots_ plays 8H -> segfault_society wins
  Trick 11: segfault_society leads QS, zybots_ plays 10C -> segfault_society wins
  Trick 12: segfault_society leads QD, zybots_ plays 10H -> segfault_society wins
  Hand: segfault_society +11 / zybots_ +15 (tricks 6-6)
  Match total: segfault_society 54 - 41 zybots_
Players: segfault_society vs zybots_
Dealer: zybots_  |  Elder: segfault_society
Match scores: 54 - 41
Talon (8): 7C 8C KC 10D AD AH QS KS
segfault_society hand: QC AC 8D 9D JD QD KD 7H 9H 8S 9S JS
zybots_ hand: 9C 10C JC 7D 8H 10H JH QH KH 7S 10S AS
  Exchange segfault_society: discard 7H 9H 8S 9S JS -> draw 7C KC 10D AH KS (talon 3 left)
  Exchange zybots_: discard 7D 7S AS -> draw 8C AD QS (talon 0 left)

--- Phase: declare ---
  Declare point: segfault_society wins 6 pts (('point', 6, 'D'))
  Declare sequence: segfault_society wins 11 pts (('sequence', 6, 13, 'D'))
  Declare set: segfault_society wins 3 pts (('set', 3, 13))

--- Phase: tricks ---
  Trick  1: segfault_society leads AC, zybots_ plays 8C -> segfault_society wins
  Trick  2: segfault_society leads KC, zybots_ plays 9C -> segfault_society wins
  Trick  3: segfault_society leads QC, zybots_ plays 10C -> segfault_society wins
  Trick  4: segfault_society leads AH, zybots_ plays 8H -> segfault_society wins
  Trick  5: segfault_society leads KD, zybots_ plays AD -> zybots_ wins
  Trick  6: zybots_ leads 10H, segfault_society plays 7C -> zybots_ wins
  Trick  7: zybots_ leads JH, segfault_society plays 8D -> zybots_ wins
  Trick  8: zybots_ leads JC, segfault_society plays 9D -> zybots_ wins
  Trick  9: zybots_ leads QH, segfault_society plays 10D -> zybots_ wins
  Trick 10: zybots_ leads KH, segfault_society plays JD -> zybots_ wins
  Trick 11: zybots_ leads 10S, segfault_society plays KS -> segfault_society wins
  Trick 12: segfault_society leads QD, zybots_ plays QS -> segfault_society wins
  Hand: segfault_society +27 / zybots_ +6 (tricks 6-6)
  Match total: segfault_society 81 - 47 zybots_
Players: segfault_society vs zybots_
Dealer: segfault_society  |  Elder: zybots_
Match scores: 81 - 47
Talon (8): 7C QC 7D 8D AD 7H 9S QS
segfault_society hand: 9C 10C AC QD KD 8H 10H AH 8S 10S JS AS
zybots_ hand: 8C JC KC 9D 10D JD 9H JH QH KH 7S KS
  Exchange zybots_: discard 8C 9D 10D 9H 7S -> draw 7C QC 7D 8D 7H (talon 3 left)
  Exchange segfault_society: discard 9C 8H 10H -> draw AD 9S QS (talon 0 left)

--- Phase: declare ---
  Declare point: segfault_society wins 6 pts (('point', 6, 'S'))
  Declare sequence: segfault_society wins 10 pts (('sequence', 5, 12, 'S'))
  Declare set: segfault_society wins 14 pts (('set', 4, 14))

--- Phase: tricks ---
  Trick  1: zybots_ leads 7C, segfault_society plays 10C -> segfault_society wins
  Trick  2: segfault_society leads AS, zybots_ plays KS -> segfault_society wins
  Trick  3: segfault_society leads AD, zybots_ plays 7D -> segfault_society wins
  Trick  4: segfault_society leads KD, zybots_ plays 8D -> segfault_society wins
  Trick  5: segfault_society leads AC, zybots_ plays JC -> segfault_society wins
  Trick  6: segfault_society leads AH, zybots_ plays 7H -> segfault_society wins
  Trick  7: segfault_society leads QD, zybots_ plays JD -> segfault_society wins
  Trick  8: segfault_society leads QS, zybots_ plays JH -> segfault_society wins
  Trick  9: segfault_society leads JS, zybots_ plays QH -> segfault_society wins
  Trick 10: segfault_society leads 10S, zybots_ plays QC -> segfault_society wins
  Trick 11: segfault_society leads 9S, zybots_ plays KC -> segfault_society wins
  Trick 12: segfault_society leads 8S, zybots_ plays KH -> segfault_society wins
  Hand: segfault_society +173 / zybots_ +0 (tricks 12-0)
  Match total: segfault_society 254 - 47 zybots_
  Final: segfault_society 254 - 47 zybots_
  Winner: segfault_society

============================================================
Game 24
============================================================
Players: zybots_ vs segfault_society
Dealer: zybots_  |  Elder: segfault_society
Match scores: 0 - 0
Talon (8): 7C 7D 8D 7H 9H JH KH JS
zybots_ hand: 9C 10C JC QC AC JD 8H QH 8S 9S QS KS
segfault_society hand: 8C KC 9D 10D QD KD AD 10H AH 7S 10S AS
  Exchange segfault_society: discard 8C 9D 10H 7S 10S -> draw 7D 8D 9H JH KH (talon 3 left)
  Exchange zybots_: discard 8H 8S 9S -> draw 7C 7H JS (talon 0 left)

--- Phase: declare ---
  Declare point: zybots_ wins 6 pts (('point', 6, 'C'))
  Declare sequence: zybots_ wins 4 pts (('sequence', 4, 12, 'C'))
  Declare set: segfault_society wins 3 pts (('set', 3, 14))

--- Phase: tricks ---
  Trick  1: segfault_society leads AD, zybots_ plays JD -> segfault_society wins
  Trick  2: segfault_society leads KD, zybots_ plays 7C -> segfault_society wins
  Trick  3: segfault_society leads AH, zybots_ plays 7H -> segfault_society wins
  Trick  4: segfault_society leads QD, zybots_ plays 9C -> segfault_society wins
  Trick  5: segfault_society leads KH, zybots_ plays QH -> segfault_society wins
  Trick  6: segfault_society leads AS, zybots_ plays JS -> segfault_society wins
  Trick  7: segfault_society leads 10D, zybots_ plays 10C -> segfault_society wins
  Trick  8: segfault_society leads JH, zybots_ plays JC -> segfault_society wins
  Trick  9: segfault_society leads 8D, zybots_ plays QC -> segfault_society wins
  Trick 10: segfault_society leads KC, zybots_ plays AC -> zybots_ wins
  Trick 11: zybots_ leads QS, segfault_society plays 7D -> zybots_ wins
  Trick 12: zybots_ leads KS, segfault_society plays 9H -> zybots_ wins
  Hand: zybots_ +14 / segfault_society +22 (tricks 3-9)
  Match total: zybots_ 14 - 22 segfault_society
Players: zybots_ vs segfault_society
Dealer: segfault_society  |  Elder: zybots_
Match scores: 14 - 22
Talon (8): 8C 10C KC 9D JD AH 7S 8S
zybots_ hand: AC 7D 10D QD KD 7H 9H 9S 10S JS QS AS
segfault_society hand: 7C 9C JC QC 8D AD 8H 10H JH QH KH KS
  Exchange zybots_: discard 7D 10D QD 7H 9H -> draw 8C 10C 9D JD 7S (talon 3 left)
  Exchange segfault_society: discard 7C 9C 8D -> draw KC AH 8S (talon 0 left)

--- Phase: declare ---
  Declare point: segfault_society wins 6 pts (('point', 6, 'H'))
  Declare sequence: segfault_society wins 10 pts (('sequence', 5, 14, 'H'))
  Declare set: segfault_society wins 3 pts (('set', 3, 13))

--- Phase: tricks ---
  Trick  1: zybots_ leads AS, segfault_society plays 8S -> zybots_ wins
  Trick  2: zybots_ leads AC, segfault_society plays JC -> zybots_ wins
  Trick  3: zybots_ leads 7S, segfault_society plays KS -> segfault_society wins
  Trick  4: segfault_society leads AH, zybots_ plays 8C -> segfault_society wins
  Trick  5: segfault_society leads KH, zybots_ plays 9S -> segfault_society wins
  Trick  6: segfault_society leads QH, zybots_ plays 9D -> segfault_society wins
  Trick  7: segfault_society leads JH, zybots_ plays 10S -> segfault_society wins
  Trick  8: segfault_society leads KC, zybots_ plays 10C -> segfault_society wins
  Trick  9: segfault_society leads 10H, zybots_ plays JS -> segfault_society wins
  Trick 10: segfault_society leads AD, zybots_ plays JD -> segfault_society wins
  Trick 11: segfault_society leads QC, zybots_ plays QS -> segfault_society wins
  Trick 12: segfault_society leads 8H, zybots_ plays KD -> segfault_society wins
  Hand: zybots_ +2 / segfault_society +40 (tricks 2-10)
  Match total: zybots_ 16 - 62 segfault_society
Players: zybots_ vs segfault_society
Dealer: zybots_  |  Elder: segfault_society
Match scores: 16 - 62
Talon (8): JC QC KC JD 9H 10H JH 8S
zybots_ hand: 10C AC 7D 8D 9D QD AD QH KH 7S 9S JS
segfault_society hand: 7C 8C 9C 10D KD 7H 8H AH 10S QS KS AS
  Exchange segfault_society: discard 7C 8C 9C 7H 8H -> draw JC QC JD JH 8S (talon 3 left)
  Exchange zybots_: discard 10C 7S 9S -> draw KC 9H 10H (talon 0 left)

--- Phase: declare ---
  Declare point: segfault_society wins 5 pts (('point', 5, 'S'))
  Declare sequence: segfault_society wins 3 pts (('sequence', 3, 14, 'S'))
  Declare set: segfault_society wins 3 pts (('set', 3, 11))

--- Phase: tricks ---
  Trick  1: segfault_society leads AS, zybots_ plays JS -> segfault_society wins
  Trick  2: segfault_society leads KS, zybots_ plays 7D -> segfault_society wins
  Trick  3: segfault_society leads QS, zybots_ plays 8D -> segfault_society wins
  Trick  4: segfault_society leads AH, zybots_ plays 9H -> segfault_society wins
  Trick  5: segfault_society leads KD, zybots_ plays AD -> zybots_ wins
  Trick  6: zybots_ leads QH, segfault_society plays JH -> zybots_ wins
  Trick  7: zybots_ leads KH, segfault_society plays 8S -> zybots_ wins
  Trick  8: zybots_ leads KC, segfault_society plays JC -> zybots_ wins
  Trick  9: zybots_ leads AC, segfault_society plays QC -> zybots_ wins
  Trick 10: zybots_ leads 9D, segfault_society plays 10D -> segfault_society wins
  Trick 11: segfault_society leads JD, zybots_ plays QD -> zybots_ wins
  Trick 12: zybots_ leads 10H, segfault_society plays 10S -> zybots_ wins
  Hand: zybots_ +18 / segfault_society +16 (tricks 7-5)
  Match total: zybots_ 34 - 78 segfault_society
Players: zybots_ vs segfault_society
Dealer: segfault_society  |  Elder: zybots_
Match scores: 34 - 78
Talon (8): 8C 7D JD 7H QH 8S JS KS
zybots_ hand: 9C 10C QC AC 8D 9D KD 8H 10H JH 7S 9S
segfault_society hand: 7C JC KC 10D QD AD 9H KH AH 10S QS AS
  Exchange zybots_: discard 8D 9D 8H 7S 9S -> draw 8C JD 7H QH KS (talon 3 left)
  Exchange segfault_society: discard 7C 10D 9H -> draw 7D 8S JS (talon 0 left)

--- Phase: declare ---
  Declare point: segfault_society wins 5 pts (('point', 5, 'S'))
  Declare set: segfault_society wins 3 pts (('set', 3, 14))

--- Phase: tricks ---
  Trick  1: zybots_ leads AC, segfault_society plays JC -> zybots_ wins
  Trick  2: zybots_ leads 7H, segfault_society plays KH -> segfault_society wins
  Trick  3: segfault_society leads AS, zybots_ plays KS -> segfault_society wins
  Trick  4: segfault_society leads AD, zybots_ plays JD -> segfault_society wins
  Trick  5: segfault_society leads AH, zybots_ plays 10H -> segfault_society wins
  Trick  6: segfault_society leads KC, zybots_ plays 8C -> segfault_society wins
  Trick  7: segfault_society leads QS, zybots_ plays 9C -> segfault_society wins
  Trick  8: segfault_society leads JS, zybots_ plays 10C -> segfault_society wins
  Trick  9: segfault_society leads QD, zybots_ plays KD -> zybots_ wins
  Trick 10: zybots_ leads JH, segfault_society plays 7D -> zybots_ wins
  Trick 11: zybots_ leads QC, segfault_society plays 8S -> zybots_ wins
  Trick 12: zybots_ leads QH, segfault_society plays 10S -> zybots_ wins
  Hand: zybots_ +6 / segfault_society +25 (tricks 5-7)
  Match total: zybots_ 40 - 103 segfault_society
  Final: zybots_ 40 - 103 segfault_society
  Winner: segfault_society

============================================================
Game 25
============================================================
Players: segfault_society vs zybots_
Dealer: segfault_society  |  Elder: zybots_
Match scores: 0 - 0
Talon (8): 7C JC 8D AD 9H 10H 7S QS
segfault_society hand: 8C 9C AC 9D QD 7H 8H AH 8S 9S 10S JS
zybots_ hand: 10C QC KC 7D 10D JD KD JH QH KH KS AS
  Exchange zybots_: discard 10C QC 7D 10D AS -> draw AD 9H 10H 7S QS (talon 3 left)
  Exchange segfault_society: discard 8C 7H 8H -> draw 7C JC 8D (talon 0 left)

--- Phase: declare ---
  Declare point: zybots_ wins 5 pts (('point', 5, 'H'))
  Declare sequence: zybots_ wins 10 pts (('sequence', 5, 13, 'H'))
  Declare set: zybots_ wins 14 pts (('set', 4, 13))

--- Phase: tricks ---
  Trick  1: zybots_ leads KD, segfault_society plays 8D -> zybots_ wins
  Trick  2: zybots_ leads AD, segfault_society plays 9D -> zybots_ wins
  Trick  3: zybots_ leads 9H, segfault_society plays AH -> segfault_society wins
  Trick  4: segfault_society leads AC, zybots_ plays KC -> segfault_society wins
  Trick  5: segfault_society leads QD, zybots_ plays JD -> segfault_society wins
  Trick  6: segfault_society leads JS, zybots_ plays QS -> zybots_ wins
  Trick  7: zybots_ leads 10H, segfault_society plays 7C -> zybots_ wins
  Trick  8: zybots_ leads JH, segfault_society plays 8S -> zybots_ wins
  Trick  9: zybots_ leads 7S, segfault_society plays 9S -> segfault_society wins
  Trick 10: segfault_society leads JC, zybots_ plays QH -> segfault_society wins
  Trick 11: segfault_society leads 10S, zybots_ plays KS -> zybots_ wins
  Trick 12: zybots_ leads KH, segfault_society plays 9C -> zybots_ wins
  Hand: segfault_society +5 / zybots_ +47 (tricks 5-7)
  Match total: segfault_society 5 - 47 zybots_
Players: segfault_society vs zybots_
Dealer: zybots_  |  Elder: segfault_society
Match scores: 5 - 47
Talon (8): JC 8D KD KH AH 8S 10S AS
segfault_society hand: 7C 8C 9C 9D 10D JD QD 7H 8H 9H JH KS
zybots_ hand: 10C QC KC AC 7D AD 10H QH 7S 9S JS QS
  Exchange segfault_society: discard 7C 8C 7H 8H 9H -> draw JC 8D KD 10S AS (talon 3 left)
  Exchange zybots_: discard 7D 7S 9S -> draw KH AH 8S (talon 0 left)

--- Phase: declare ---
  Declare point: segfault_society wins 6 pts (('point', 6, 'D'))
  Declare sequence: segfault_society wins 11 pts (('sequence', 6, 13, 'D'))
  Declare set: zybots_ wins 3 pts (('set', 3, 14))

--- Phase: tricks ---
  Trick  1: segfault_society leads AS, zybots_ plays 8S -> segfault_society wins
  Trick  2: segfault_society leads KS, zybots_ plays JS -> segfault_society wins
  Trick  3: segfault_society leads KD, zybots_ plays AD -> zybots_ wins
  Trick  4: zybots_ leads QS, segfault_society plays 10S -> zybots_ wins
  Trick  5: zybots_ leads QH, segfault_society plays JH -> zybots_ wins
  Trick  6: zybots_ leads QC, segfault_society plays 9C -> zybots_ wins
  Trick  7: zybots_ leads KC, segfault_society plays JC -> zybots_ wins
  Trick  8: zybots_ leads KH, segfault_society plays 8D -> zybots_ wins
  Trick  9: zybots_ leads AC, segfault_society plays 9D -> zybots_ wins
  Trick 10: zybots_ leads AH, segfault_society plays 10D -> zybots_ wins
  Trick 11: zybots_ leads 10H, segfault_society plays JD -> zybots_ wins
  Trick 12: zybots_ leads 10C, segfault_society plays QD -> zybots_ wins
  Hand: segfault_society +19 / zybots_ +24 (tricks 2-10)
  Match total: segfault_society 24 - 71 zybots_
Players: segfault_society vs zybots_
Dealer: segfault_society  |  Elder: zybots_
Match scores: 24 - 71
Talon (8): 9C 9D JD AD 7H JH AH QS
segfault_society hand: 10C JC KC 8D QD KD 9H 10H KH 8S 9S AS
zybots_ hand: 7C 8C QC AC 7D 10D 8H QH 7S 10S JS KS
  Exchange zybots_: discard 7C 8C 7D 10D 8H -> draw 9C JD 7H JH QS (talon 3 left)
  Exchange segfault_society: discard 8D 9H 8S -> draw 9D AD AH (talon 0 left)

--- Phase: declare ---
  Declare point: zybots_ wins 5 pts (('point', 5, 'S'))
  Declare sequence: zybots_ wins 4 pts (('sequence', 4, 13, 'S'))
  Declare set: segfault_society wins 3 pts (('set', 3, 14))

--- Phase: tricks ---
  Trick  1: zybots_ leads AC, segfault_society plays 10C -> zybots_ wins
  Trick  2: zybots_ leads 7S, segfault_society plays 9S -> segfault_society wins
  Trick  3: segfault_society leads AD, zybots_ plays JD -> segfault_society wins
  Trick  4: segfault_society leads AH, zybots_ plays 7H -> segfault_society wins
  Trick  5: segfault_society leads KD, zybots_ plays 9C -> segfault_society wins
  Trick  6: segfault_society leads KH, zybots_ plays JH -> segfault_society wins
  Trick  7: segfault_society leads KC, zybots_ plays QC -> segfault_society wins
  Trick  8: segfault_society leads QD, zybots_ plays 10S -> segfault_society wins
  Trick  9: segfault_society leads AS, zybots_ plays JS -> segfault_society wins
  Trick 10: segfault_society leads JC, zybots_ plays QH -> segfault_society wins
  Trick 11: segfault_society leads 10H, zybots_ plays QS -> segfault_society wins
  Trick 12: segfault_society leads 9D, zybots_ plays KS -> segfault_society wins
  Hand: segfault_society +25 / zybots_ +10 (tricks 11-1)
  Match total: segfault_society 49 - 81 zybots_
Players: segfault_society vs zybots_
Dealer: zybots_  |  Elder: segfault_society
Match scores: 49 - 81
Talon (8): 8C 10C 7D 7H 9H JH 7S KS
segfault_society hand: 7C 9C KC AC AD 8H KH 8S 9S 10S QS AS
zybots_ hand: JC QC 8D 9D 10D JD QD KD 10H QH AH JS
  Exchange segfault_society: discard 8H 8S 9S 10S QS -> draw 8C 10C 9H 7S KS (talon 3 left)
  Exchange zybots_: discard 10H AH JS -> draw 7D 7H JH (talon 0 left)

--- Phase: declare ---
  Declare point: zybots_ wins 7 pts (('point', 7, 'D'))
  Declare sequence: zybots_ wins 12 pts (('sequence', 7, 13, 'D'))
  Declare set: segfault_society wins 3 pts (('set', 3, 14))

--- Phase: tricks ---
  Trick  1: segfault_society leads AC, zybots_ plays JC -> segfault_society wins
  Trick  2: segfault_society leads KC, zybots_ plays QC -> segfault_society wins
  Trick  3: segfault_society leads AS, zybots_ plays 7D -> segfault_society wins
  Trick  4: segfault_society leads KS, zybots_ plays 7H -> segfault_society wins
  Trick  5: segfault_society leads AD, zybots_ plays 8D -> segfault_society wins
  Trick  6: segfault_society leads 10C, zybots_ plays 9D -> segfault_society wins
  Trick  7: segfault_society leads 9C, zybots_ plays 10D -> segfault_society wins
  Trick  8: segfault_society leads KH, zybots_ plays JH -> segfault_society wins
  Trick  9: segfault_society leads 8C, zybots_ plays JD -> segfault_society wins
  Trick 10: segfault_society leads 9H, zybots_ plays QH -> zybots_ wins
  Trick 11: zybots_ leads QD, segfault_society plays 7C -> zybots_ wins
  Trick 12: zybots_ leads KD, segfault_society plays 7S -> zybots_ wins
  Hand: segfault_society +22 / zybots_ +23 (tricks 9-3)
  Match total: segfault_society 71 - 104 zybots_
  Final: segfault_society 71 - 104 zybots_
  Winner: zybots_

============================================================
Game 26
============================================================
Players: zybots_ vs segfault_society
Dealer: zybots_  |  Elder: segfault_society
Match scores: 0 - 0
Talon (8): 8C 7D 9D AD QH 10S JS KS
zybots_ hand: 7C 9C 10C JC AC KD 10H JH AH 7S 8S QS
segfault_society hand: QC KC 8D 10D JD QD 7H 8H 9H KH 9S AS
  Exchange segfault_society: discard QC 7H 8H 9H 9S -> draw 8C 9D QH 10S KS (talon 3 left)
  Exchange zybots_: discard 10H 7S 8S -> draw 7D AD JS (talon 0 left)

--- Phase: declare ---
  Declare sequence: segfault_society wins 10 pts (('sequence', 5, 12, 'D'))
  Declare set: zybots_ wins 3 pts (('set', 3, 14))

--- Phase: tricks ---
  Trick  1: segfault_society leads AS, zybots_ plays JS -> segfault_society wins
  Trick  2: segfault_society leads KS, zybots_ plays QS -> segfault_society wins
  Trick  3: segfault_society leads QD, zybots_ plays KD -> zybots_ wins
  Trick  4: zybots_ leads AC, segfault_society plays 8C -> zybots_ wins
  Trick  5: zybots_ leads AH, segfault_society plays QH -> zybots_ wins
  Trick  6: zybots_ leads AD, segfault_society plays 8D -> zybots_ wins
  Trick  7: zybots_ leads 7C, segfault_society plays KC -> segfault_society wins
  Trick  8: segfault_society leads KH, zybots_ plays JH -> segfault_society wins
  Trick  9: segfault_society leads JD, zybots_ plays 7D -> segfault_society wins
  Trick 10: segfault_society leads 10D, zybots_ plays 9C -> segfault_society wins
  Trick 11: segfault_society leads 10S, zybots_ plays 10C -> segfault_society wins
  Trick 12: segfault_society leads 9D, zybots_ plays JC -> segfault_society wins
  Hand: zybots_ +7 / segfault_society +29 (tricks 4-8)
  Match total: zybots_ 7 - 29 segfault_society
Players: zybots_ vs segfault_society
Dealer: segfault_society  |  Elder: zybots_
Match scores: 7 - 29
Talon (8): 7C 8C 8D 10D QD 7H QH JS
zybots_ hand: JC AC 7D AD 9H AH 7S 8S 9S 10S KS AS
segfault_society hand: 9C 10C QC KC 9D JD KD 8H 10H JH KH QS
  Exchange zybots_: discard JC 7D 9H 7S KS -> draw 7C 8C 8D 10D QD (talon 3 left)
  Exchange segfault_society: discard 9D JD QS -> draw 7H QH JS (talon 0 left)

--- Phase: declare ---
  Declare point: segfault_society wins 6 pts (('point', 6, 'H'))
  Declare sequence: segfault_society wins 4 pts (('sequence', 4, 13, 'H'))
  Declare set: zybots_ wins 14 pts (('set', 4, 14))

--- Phase: tricks ---
  Trick  1: zybots_ leads AS, segfault_society plays JS -> zybots_ wins
  Trick  2: zybots_ leads AC, segfault_society plays 9C -> zybots_ wins
  Trick  3: zybots_ leads AD, segfault_society plays KD -> zybots_ wins
  Trick  4: zybots_ leads AH, segfault_society plays 7H -> zybots_ wins
  Trick  5: zybots_ leads 8S, segfault_society plays 8H -> zybots_ wins
  Trick  6: zybots_ leads 8D, segfault_society plays 10H -> zybots_ wins
  Trick  7: zybots_ leads 9S, segfault_society plays 10C -> zybots_ wins
  Trick  8: zybots_ leads 10D, segfault_society plays JH -> zybots_ wins
  Trick  9: zybots_ leads 7C, segfault_society plays QC -> segfault_society wins
  Trick 10: segfault_society leads KH, zybots_ plays 8C -> segfault_society wins
  Trick 11: segfault_society leads KC, zybots_ plays 10S -> segfault_society wins
  Trick 12: segfault_society leads QH, zybots_ plays QD -> segfault_society wins
  Hand: zybots_ +32 / segfault_society +15 (tricks 8-4)
  Match total: zybots_ 39 - 44 segfault_society
Players: zybots_ vs segfault_society
Dealer: zybots_  |  Elder: segfault_society
Match scores: 39 - 44
Talon (8): KC 8D 10D JH KH AH 7S KS
zybots_ hand: 7C 9C QC AC 7D KD AD 8H 9H QH 10S AS
segfault_society hand: 8C 10C JC 9D JD QD 7H 10H 8S 9S JS QS
  Exchange segfault_society: discard 8C 10C 9D 7H 10H -> draw KC KH AH 7S KS (talon 3 left)
  Exchange zybots_: discard 7D 8H 9H -> draw 8D 10D JH (talon 0 left)

--- Phase: declare ---
  Declare point: segfault_society wins 6 pts (('point', 6, 'S'))
  Declare sequence: segfault_society wins 3 pts (('sequence', 3, 13, 'S'))
  Declare set: zybots_ wins 3 pts (('set', 3, 14))

--- Phase: tricks ---
  Trick  1: segfault_society leads AH, zybots_ plays JH -> segfault_society wins
  Trick  2: segfault_society leads KH, zybots_ plays QH -> segfault_society wins
  Trick  3: segfault_society leads KS, zybots_ plays AS -> zybots_ wins
  Trick  4: zybots_ leads KD, segfault_society plays JD -> zybots_ wins
  Trick  5: zybots_ leads AD, segfault_society plays QD -> zybots_ wins
  Trick  6: zybots_ leads AC, segfault_society plays JC -> zybots_ wins
  Trick  7: zybots_ leads 7C, segfault_society plays KC -> segfault_society wins
  Trick  8: segfault_society leads QS, zybots_ plays 10S -> segfault_society wins
  Trick  9: segfault_society leads JS, zybots_ plays 8D -> segfault_society wins
  Trick 10: segfault_society leads 9S, zybots_ plays 9C -> segfault_society wins
  Trick 11: segfault_society leads 8S, zybots_ plays 10D -> segfault_society wins
  Trick 12: segfault_society leads 7S, zybots_ plays QC -> segfault_society wins
  Hand: zybots_ +7 / segfault_society +28 (tricks 4-8)
  Match total: zybots_ 46 - 72 segfault_society
Players: zybots_ vs segfault_society
Dealer: segfault_society  |  Elder: zybots_
Match scores: 46 - 72
Talon (8): QC 7D 9D JD 8H JH QH 10S
zybots_ hand: 8C 8D 10D QD 10H AH 7S 8S 9S JS QS AS
segfault_society hand: 7C 9C 10C JC KC AC KD AD 7H 9H KH KS
  Exchange zybots_: discard 8C 8D 10D QD 10H -> draw QC 9D JD JH 10S (talon 3 left)
  Exchange segfault_society: discard 7C 7H 9H -> draw 7D 8H QH (talon 0 left)

--- Phase: declare ---
  Declare point: zybots_ wins 7 pts (('point', 7, 'S'))
  Declare sequence: zybots_ wins 11 pts (('sequence', 6, 12, 'S'))
  Declare set: segfault_society wins 14 pts (('set', 4, 13))

--- Phase: tricks ---
  Trick  1: zybots_ leads AH, segfault_society plays 8H -> zybots_ wins
  Trick  2: zybots_ leads AS, segfault_society plays KS -> zybots_ wins
  Trick  3: zybots_ leads 7S, segfault_society plays 7D -> zybots_ wins
  Trick  4: zybots_ leads 8S, segfault_society plays 9C -> zybots_ wins
  Trick  5: zybots_ leads 9S, segfault_society plays 10C -> zybots_ wins
  Trick  6: zybots_ leads 10S, segfault_society plays JC -> zybots_ wins
  Trick  7: zybots_ leads JS, segfault_society plays QH -> zybots_ wins
  Trick  8: zybots_ leads 9D, segfault_society plays KD -> segfault_society wins
  Trick  9: segfault_society leads AC, zybots_ plays QC -> segfault_society wins
  Trick 10: segfault_society leads AD, zybots_ plays JD -> segfault_society wins
  Trick 11: segfault_society leads KH, zybots_ plays JH -> segfault_society wins
  Trick 12: segfault_society leads KC, zybots_ plays QS -> segfault_society wins
  Hand: zybots_ +35 / segfault_society +20 (tricks 7-5)
  Match total: zybots_ 81 - 92 segfault_society
Players: zybots_ vs segfault_society
Dealer: zybots_  |  Elder: segfault_society
Match scores: 81 - 92
Talon (8): 7C JC KC AC KD KH 7S 9S
zybots_ hand: 8C 10C QC 8D JD AD 10H 8S 10S JS QS KS
segfault_society hand: 9C 7D 9D 10D QD 7H 8H 9H JH QH AH AS
  Exchange segfault_society: discard 9C 7D 9D 10D QD -> draw JC AC KD 7S 9S (talon 3 left)
  Exchange zybots_: discard 8C 8D JD -> draw 7C KC KH (talon 0 left)

--- Phase: declare ---
  Declare point: segfault_society wins 6 pts (('point', 6, 'H'))
  Declare sequence: zybots_ wins 4 pts (('sequence', 4, 13, 'S'))
  Declare set: segfault_society wins 3 pts (('set', 3, 14))

--- Phase: tricks ---
  Trick  1: segfault_society leads AH, zybots_ plays 10H -> segfault_society wins
  Trick  2: segfault_society leads AS, zybots_ plays 8S -> segfault_society wins
  Trick  3: segfault_society leads AC, zybots_ plays 7C -> segfault_society wins
  Trick  4: segfault_society leads QH, zybots_ plays KH -> zybots_ wins
  Trick  5: zybots_ leads 10S, segfault_society plays 7S -> zybots_ wins
  Trick  6: zybots_ leads JS, segfault_society plays 9S -> zybots_ wins
  Trick  7: zybots_ leads QC, segfault_society plays JC -> zybots_ wins
  Trick  8: zybots_ leads QS, segfault_society plays 7H -> zybots_ wins
  Trick  9: zybots_ leads KS, segfault_society plays 8H -> zybots_ wins
  Trick 10: zybots_ leads KC, segfault_society plays 9H -> zybots_ wins
  Trick 11: zybots_ leads AD, segfault_society plays KD -> zybots_ wins
  Trick 12: zybots_ leads 10C, segfault_society plays JH -> zybots_ wins
  Hand: zybots_ +24 / segfault_society +12 (tricks 9-3)
  Match total: zybots_ 105 - 104 segfault_society
  Final: zybots_ 105 - 104 segfault_society
  Winner: zybots_

============================================================
Game 27
============================================================
Players: segfault_society vs zybots_
Dealer: segfault_society  |  Elder: zybots_
Match scores: 0 - 0
Talon (8): JC 7D 9D 10D AD 10H KH AS
segfault_society hand: 8C 9C KC AC 7H 8H QH AH 7S 8S 9S JS
zybots_ hand: 7C 10C QC 8D JD QD KD 9H JH 10S QS KS
  Exchange zybots_: discard 7C 10C 9H JH 10S -> draw JC 7D 10D AD 10H (talon 3 left)
  Exchange segfault_society: discard 7H 8H QH -> draw 9D KH AS (talon 0 left)

--- Phase: declare ---
  Declare point: zybots_ wins 7 pts (('point', 7, 'D'))
  Declare sequence: zybots_ wins 10 pts (('sequence', 5, 14, 'D'))
  Declare set: segfault_society wins 3 pts (('set', 3, 14))

--- Phase: tricks ---
  Trick  1: zybots_ leads 10D, segfault_society plays 9D -> zybots_ wins
  Trick  2: zybots_ leads JD, segfault_society plays 7S -> zybots_ wins
  Trick  3: zybots_ leads QD, segfault_society plays 8C -> zybots_ wins
  Trick  4: zybots_ leads KD, segfault_society plays 8S -> zybots_ wins
  Trick  5: zybots_ leads AD, segfault_society plays 9C -> zybots_ wins
  Trick  6: zybots_ leads JC, segfault_society plays KC -> segfault_society wins
  Trick  7: segfault_society leads AS, zybots_ plays QS -> segfault_society wins
  Trick  8: segfault_society leads AH, zybots_ plays 10H -> segfault_society wins
  Trick  9: segfault_society leads AC, zybots_ plays QC -> segfault_society wins
  Trick 10: segfault_society leads KH, zybots_ plays 7D -> segfault_society wins
  Trick 11: segfault_society leads JS, zybots_ plays KS -> zybots_ wins
  Trick 12: zybots_ leads 8D, segfault_society plays 9S -> zybots_ wins
  Hand: segfault_society +8 / zybots_ +35 (tricks 5-7)
  Match total: segfault_society 8 - 35 zybots_
Players: segfault_society vs zybots_
Dealer: zybots_  |  Elder: segfault_society
Match scores: 8 - 35
Talon (8): 8C 10C QC 9D 8H 10H AH 9S
segfault_society hand: 9C AC 10D QD KD 7H 9H 7S 8S QS KS AS
zybots_ hand: 7C JC KC 7D 8D JD AD JH QH KH 10S JS
  Exchange segfault_society: discard 9C 10D QD 7H 9H -> draw 8C QC 8H 10H 9S (talon 3 left)
  Exchange zybots_: discard 7C KC 10S -> draw 10C 9D AH (talon 0 left)

--- Phase: declare ---
  Declare point: segfault_society wins 6 pts (('point', 6, 'S'))
  Declare sequence: zybots_ wins 4 pts (('sequence', 4, 14, 'H'))
  Declare set: zybots_ wins 14 pts (('set', 4, 11))

--- Phase: tricks ---
  Trick  1: segfault_society leads AS, zybots_ plays JS -> segfault_society wins
  Trick  2: segfault_society leads KS, zybots_ plays 7D -> segfault_society wins
  Trick  3: segfault_society leads QS, zybots_ plays 8D -> segfault_society wins
  Trick  4: segfault_society leads AC, zybots_ plays 10C -> segfault_society wins
  Trick  5: segfault_society leads 9S, zybots_ plays 9D -> segfault_society wins
  Trick  6: segfault_society leads QC, zybots_ plays JC -> segfault_society wins
  Trick  7: segfault_society leads 10H, zybots_ plays JH -> zybots_ wins
  Trick  8: zybots_ leads QH, segfault_society plays 8H -> zybots_ wins
  Trick  9: zybots_ leads KH, segfault_society plays 7S -> zybots_ wins
  Trick 10: zybots_ leads AD, segfault_society plays KD -> zybots_ wins
  Trick 11: zybots_ leads AH, segfault_society plays 8S -> zybots_ wins
  Trick 12: zybots_ leads JD, segfault_society plays 8C -> zybots_ wins
  Hand: segfault_society +12 / zybots_ +25 (tricks 6-6)
  Match total: segfault_society 20 - 60 zybots_
Players: segfault_society vs zybots_
Dealer: segfault_society  |  Elder: zybots_
Match scores: 20 - 60
Talon (8): 9C QC QD 7H AH 7S 8S AS
segfault_society hand: 8C 10C AC KD AD 8H 9H 10H JH 9S 10S KS
zybots_ hand: 7C JC KC 7D 8D 9D 10D JD QH KH JS QS
  Exchange zybots_: discard 7C KC QH KH QS -> draw QD 7H AH 7S 8S (talon 3 left)
  Exchange segfault_society: discard 8C 10C 9S -> draw 9C QC AS (talon 0 left)

--- Phase: declare ---
  Declare point: zybots_ wins 6 pts (('point', 6, 'D'))
  Declare sequence: zybots_ wins 11 pts (('sequence', 6, 12, 'D'))
  Declare set: segfault_society wins 3 pts (('set', 3, 14))

--- Phase: tricks ---
  Trick  1: zybots_ leads AH, segfault_society plays 8H -> zybots_ wins
  Trick  2: zybots_ leads 7D, segfault_society plays KD -> segfault_society wins
  Trick  3: segfault_society leads AC, zybots_ plays JC -> segfault_society wins
  Trick  4: segfault_society leads AS, zybots_ plays 7S -> segfault_society wins
  Trick  5: segfault_society leads KS, zybots_ plays 8S -> segfault_society wins
  Trick  6: segfault_society leads AD, zybots_ plays 8D -> segfault_society wins
  Trick  7: segfault_society leads JH, zybots_ plays 7H -> segfault_society wins
  Trick  8: segfault_society leads QC, zybots_ plays 9D -> segfault_society wins
  Trick  9: segfault_society leads 10H, zybots_ plays 10D -> segfault_society wins
  Trick 10: segfault_society leads 10S, zybots_ plays JS -> zybots_ wins
  Trick 11: zybots_ leads JD, segfault_society plays 9H -> zybots_ wins
  Trick 12: zybots_ leads QD, segfault_society plays 9C -> zybots_ wins
  Hand: segfault_society +21 / zybots_ +22 (tricks 8-4)
  Match total: segfault_society 41 - 82 zybots_
Players: segfault_society vs zybots_
Dealer: zybots_  |  Elder: segfault_society
Match scores: 41 - 82
Talon (8): 8C AC 7D QD KD QH AH 7S
segfault_society hand: 7C 10C JC KC 9D AD 7H 8H 8S 9S JS AS
zybots_ hand: 9C QC 8D 10D JD 9H 10H JH KH 10S QS KS
  Exchange segfault_society: discard 7C 10C 9D 7H 8H -> draw 8C AC 7D QD QH (talon 3 left)
  Exchange zybots_: discard 9C 8D JD -> draw KD AH 7S (talon 0 left)

--- Phase: declare ---
  Declare point: zybots_ wins 5 pts (('point', 5, 'H'))
  Declare sequence: zybots_ wins 3 pts (('sequence', 3, 11, 'H'))
  Declare set: segfault_society wins 3 pts (('set', 3, 14))

--- Phase: tricks ---
  Trick  1: segfault_society leads AS, zybots_ plays 7S -> segfault_society wins
  Trick  2: segfault_society leads AC, zybots_ plays QC -> segfault_society wins
  Trick  3: segfault_society leads AD, zybots_ plays 10D -> segfault_society wins
  Trick  4: segfault_society leads KC, zybots_ plays 9H -> segfault_society wins
  Trick  5: segfault_society leads JS, zybots_ plays QS -> zybots_ wins
  Trick  6: zybots_ leads KH, segfault_society plays QH -> zybots_ wins
  Trick  7: zybots_ leads KS, segfault_society plays 8S -> zybots_ wins
  Trick  8: zybots_ leads KD, segfault_society plays 7D -> zybots_ wins
  Trick  9: zybots_ leads AH, segfault_society plays 8C -> zybots_ wins
  Trick 10: zybots_ leads 10H, segfault_society plays 9S -> zybots_ wins
  Trick 11: zybots_ leads 10S, segfault_society plays JC -> zybots_ wins
  Trick 12: zybots_ leads JH, segfault_society plays QD -> zybots_ wins
  Hand: segfault_society +7 / zybots_ +27 (tricks 4-8)
  Match total: segfault_society 48 - 109 zybots_
  Final: segfault_society 48 - 109 zybots_
  Winner: zybots_

============================================================
Game 28
============================================================
Players: zybots_ vs segfault_society
Dealer: zybots_  |  Elder: segfault_society
Match scores: 0 - 0
Talon (8): QC AC 10D QD 9H KH 9S AS
zybots_ hand: 7C 8C 9C JC JD KD 7H 8H AH 7S 8S 10S
segfault_society hand: 10C KC 7D 8D 9D AD 10H JH QH JS QS KS
  Exchange segfault_society: discard 10C 7D 8D 9D 10H -> draw QC AC 10D KH 9S (talon 3 left)
  Exchange zybots_: discard 7H 8H 7S -> draw QD 9H AS (talon 0 left)

--- Phase: declare ---
  Declare point: segfault_society wins 4 pts (('point', 4, 'S'))
  Declare sequence: segfault_society wins 3 pts (('sequence', 3, 14, 'C'))
  Declare set: segfault_society wins 3 pts (('set', 3, 13))

--- Phase: tricks ---
  Trick  1: segfault_society leads AC, zybots_ plays 7C -> segfault_society wins
  Trick  2: segfault_society leads AD, zybots_ plays JD -> segfault_society wins
  Trick  3: segfault_society leads KC, zybots_ plays 8C -> segfault_society wins
  Trick  4: segfault_society leads QC, zybots_ plays 9C -> segfault_society wins
  Trick  5: segfault_society leads KS, zybots_ plays AS -> zybots_ wins
  Trick  6: zybots_ leads JC, segfault_society plays 9S -> zybots_ wins
  Trick  7: zybots_ leads QD, segfault_society plays 10D -> zybots_ wins
  Trick  8: zybots_ leads KD, segfault_society plays JH -> zybots_ wins
  Trick  9: zybots_ leads AH, segfault_society plays QH -> zybots_ wins
  Trick 10: zybots_ leads 8S, segfault_society plays JS -> segfault_society wins
  Trick 11: segfault_society leads KH, zybots_ plays 9H -> segfault_society wins
  Trick 12: segfault_society leads QS, zybots_ plays 10S -> segfault_society wins
  Hand: zybots_ +5 / segfault_society +28 (tricks 5-7)
  Match total: zybots_ 5 - 28 segfault_society
Players: zybots_ vs segfault_society
Dealer: segfault_society  |  Elder: zybots_
Match scores: 5 - 28
Talon (8): JC KC AC 8D KD 9H QH KH
zybots_ hand: 7C 8C 10D JD AD 7H 8H AH 7S 9S KS AS
segfault_society hand: 9C 10C QC 7D 9D QD 10H JH 8S 10S JS QS
  Exchange zybots_: discard 7C 8C 10D 7H 8H -> draw AC 8D KD 9H QH (talon 3 left)
  Exchange segfault_society: discard 9C 7D 9D -> draw JC KC KH (talon 0 left)

--- Phase: declare ---
  Declare point: segfault_society wins 4 pts (('point', 4, 'C'))
  Declare sequence: segfault_society wins 4 pts (('sequence', 4, 13, 'C'))
  Declare set: zybots_ wins 14 pts (('set', 4, 14))

--- Phase: tricks ---
  Trick  1: zybots_ leads KS, segfault_society plays 8S -> zybots_ wins
  Trick  2: zybots_ leads KD, segfault_society plays QD -> zybots_ wins
  Trick  3: zybots_ leads AD, segfault_society plays 10S -> zybots_ wins
  Trick  4: zybots_ leads AS, segfault_society plays JS -> zybots_ wins
  Trick  5: zybots_ leads AH, segfault_society plays 10H -> zybots_ wins
  Trick  6: zybots_ leads AC, segfault_society plays 10C -> zybots_ wins
  Trick  7: zybots_ leads 7S, segfault_society plays QS -> segfault_society wins
  Trick  8: segfault_society leads KC, zybots_ plays 8D -> segfault_society wins
  Trick  9: segfault_society leads KH, zybots_ plays 9H -> segfault_society wins
  Trick 10: segfault_society leads QC, zybots_ plays 9S -> segfault_society wins
  Trick 11: segfault_society leads JC, zybots_ plays JD -> segfault_society wins
  Trick 12: segfault_society leads JH, zybots_ plays QH -> zybots_ wins
  Hand: zybots_ +32 / segfault_society +13 (tricks 7-5)
  Match total: zybots_ 37 - 41 segfault_society
Players: zybots_ vs segfault_society
Dealer: zybots_  |  Elder: segfault_society
Match scores: 37 - 41
Talon (8): 10C 7D 8D JD KD 7H AH 10S
zybots_ hand: 9C JC QC KC 10D 8H 10H JH 7S 8S JS KS
segfault_society hand: 7C 8C AC 9D QD AD 9H QH KH 9S QS AS
  Exchange segfault_society: discard 7C 8C 9D 9H 9S -> draw 10C JD 7H AH 10S (talon 3 left)
  Exchange zybots_: discard 8H 7S 8S -> draw 7D 8D KD (talon 0 left)

--- Phase: declare ---
  Declare point: zybots_ wins 4 pts (('point', 4, 'C'))
  Declare sequence: segfault_society wins 3 pts (('sequence', 3, 14, 'H'))
  Declare set: segfault_society wins 14 pts (('set', 4, 14))

--- Phase: tricks ---
  Trick  1: segfault_society leads AH, zybots_ plays 10H -> segfault_society wins
  Trick  2: segfault_society leads AS, zybots_ plays JS -> segfault_society wins
  Trick  3: segfault_society leads AD, zybots_ plays 7D -> segfault_society wins
  Trick  4: segfault_society leads KH, zybots_ plays JH -> segfault_society wins
  Trick  5: segfault_society leads AC, zybots_ plays 9C -> segfault_society wins
  Trick  6: segfault_society leads QH, zybots_ plays 8D -> segfault_society wins
  Trick  7: segfault_society leads QS, zybots_ plays KS -> zybots_ wins
  Trick  8: zybots_ leads JC, segfault_society plays 10C -> zybots_ wins
  Trick  9: zybots_ leads QC, segfault_society plays 7H -> zybots_ wins
  Trick 10: zybots_ leads KC, segfault_society plays 10S -> zybots_ wins
  Trick 11: zybots_ leads KD, segfault_society plays JD -> zybots_ wins
  Trick 12: zybots_ leads 10D, segfault_society plays QD -> segfault_society wins
  Hand: zybots_ +9 / segfault_society +35 (tricks 5-7)
  Match total: zybots_ 46 - 76 segfault_society
Players: zybots_ vs segfault_society
Dealer: segfault_society  |  Elder: zybots_
Match scores: 46 - 76
Talon (8): 9C AC 7D KD AD 9S KS AS
zybots_ hand: 8C 10C JC 8D 10D 7H 8H 9H QH 8S 10S JS
segfault_society hand: 7C QC KC 9D JD QD 10H JH KH AH 7S QS
  Exchange zybots_: discard 8C JC 8D 8S JS -> draw 9C AC 7D AD AS (talon 3 left)
  Exchange segfault_society: discard 7C 9D 7S -> draw KD 9S KS (talon 0 left)

--- Phase: declare ---
  Declare point: segfault_society wins 4 pts (('point', 4, 'H'))
  Declare sequence: segfault_society wins 3 pts (('sequence', 3, 13, 'D'))
  Declare set: zybots_ wins 3 pts (('set', 3, 14))

--- Phase: tricks ---
  Trick  1: zybots_ leads AD, segfault_society plays JD -> zybots_ wins
  Trick  2: zybots_ leads AC, segfault_society plays QC -> zybots_ wins
  Trick  3: zybots_ leads AS, segfault_society plays 9S -> zybots_ wins
  Trick  4: zybots_ leads 7H, segfault_society plays 10H -> segfault_society wins
  Trick  5: segfault_society leads AH, zybots_ plays 8H -> segfault_society wins
  Trick  6: segfault_society leads KH, zybots_ plays 9H -> segfault_society wins
  Trick  7: segfault_society leads KD, zybots_ plays 7D -> segfault_society wins
  Trick  8: segfault_society leads KS, zybots_ plays 10S -> segfault_society wins
  Trick  9: segfault_society leads KC, zybots_ plays 9C -> segfault_society wins
  Trick 10: segfault_society leads QS, zybots_ plays 10D -> segfault_society wins
  Trick 11: segfault_society leads QD, zybots_ plays 10C -> segfault_society wins
  Trick 12: segfault_society leads JH, zybots_ plays QH -> zybots_ wins
  Hand: zybots_ +8 / segfault_society +25 (tricks 4-8)
  Match total: zybots_ 54 - 101 segfault_society
  Final: zybots_ 54 - 101 segfault_society
  Winner: segfault_society

============================================================
Game 29
============================================================
Players: segfault_society vs zybots_
Dealer: segfault_society  |  Elder: zybots_
Match scores: 0 - 0
Talon (8): 9C QC 7D 7H 9H KH 7S JS
segfault_society hand: 7C 10C KC AC 8D 10D JD KD JH QH AH 9S
zybots_ hand: 8C JC 9D QD AD 8H 10H 8S 10S QS KS AS
  Exchange zybots_: discard 8C JC 9D 8H 10H -> draw 9C 7D 7H 9H KH (talon 3 left)
  Exchange segfault_society: discard 7C 10C 9S -> draw QC 7S JS (talon 0 left)

--- Phase: declare ---
  Declare point: zybots_ wins 5 pts (('point', 5, 'S'))
  Declare set: segfault_society wins 3 pts (('set', 3, 11))

--- Phase: tricks ---
  Trick  1: zybots_ leads QS, segfault_society plays 7S -> zybots_ wins
  Trick  2: zybots_ leads KS, segfault_society plays JS -> zybots_ wins
  Trick  3: zybots_ leads AS, segfault_society plays 8D -> zybots_ wins
  Trick  4: zybots_ leads AD, segfault_society plays 10D -> zybots_ wins
  Trick  5: zybots_ leads 7H, segfault_society plays JH -> segfault_society wins
  Trick  6: segfault_society leads AC, zybots_ plays 9C -> segfault_society wins
  Trick  7: segfault_society leads AH, zybots_ plays 9H -> segfault_society wins
  Trick  8: segfault_society leads KC, zybots_ plays 7D -> segfault_society wins
  Trick  9: segfault_society leads KD, zybots_ plays QD -> segfault_society wins
  Trick 10: segfault_society leads QC, zybots_ plays 8S -> segfault_society wins
  Trick 11: segfault_society leads QH, zybots_ plays KH -> zybots_ wins
  Trick 12: zybots_ leads 10S, segfault_society plays JD -> zybots_ wins
  Hand: segfault_society +9 / zybots_ +12 (tricks 6-6)
  Match total: segfault_society 9 - 12 zybots_
Players: segfault_society vs zybots_
Dealer: zybots_  |  Elder: segfault_society
Match scores: 9 - 12
Talon (8): 9C AC JD AD 8H 10H 8S 9S
segfault_society hand: 7C 10C JC KC QD 9H JH KH AH 7S QS KS
zybots_ hand: 8C QC 7D 8D 9D 10D KD 7H QH 10S JS AS
  Exchange segfault_society: discard 7C 10C JC 7S QS -> draw 9C AC JD 8H 8S (talon 3 left)
  Exchange zybots_: discard 8C 7H 10S -> draw AD 10H 9S (talon 0 left)

--- Phase: declare ---
  Declare point: zybots_ wins 6 pts (('point', 6, 'D'))
  Declare sequence: zybots_ wins 4 pts (('sequence', 4, 10, 'D'))
  Declare set: segfault_society wins 3 pts (('set', 3, 13))

--- Phase: tricks ---
  Trick  1: segfault_society leads AH, zybots_ plays 10H -> segfault_society wins
  Trick  2: segfault_society leads KH, zybots_ plays QH -> segfault_society wins
  Trick  3: segfault_society leads AC, zybots_ plays QC -> segfault_society wins
  Trick  4: segfault_society leads KC, zybots_ plays 7D -> segfault_society wins
  Trick  5: segfault_society leads JH, zybots_ plays 8D -> segfault_society wins
  Trick  6: segfault_society leads KS, zybots_ plays AS -> zybots_ wins
  Trick  7: zybots_ leads KD, segfault_society plays JD -> zybots_ wins
  Trick  8: zybots_ leads AD, segfault_society plays QD -> zybots_ wins
  Trick  9: zybots_ leads 9S, segfault_society plays 8S -> zybots_ wins
  Trick 10: zybots_ leads 9D, segfault_society plays 8H -> zybots_ wins
  Trick 11: zybots_ leads JS, segfault_society plays 9H -> zybots_ wins
  Trick 12: zybots_ leads 10D, segfault_society plays 9C -> zybots_ wins
  Hand: segfault_society +8 / zybots_ +28 (tricks 5-7)
  Match total: segfault_society 17 - 40 zybots_
Players: segfault_society vs zybots_
Dealer: segfault_society  |  Elder: zybots_
Match scores: 17 - 40
Talon (8): 7D 9D JD AD 7H 8H 9S KS
segfault_society hand: 7C 9C 10C KC 8D 10D KD JH AH JS QS AS
zybots_ hand: 8C JC QC AC QD 9H 10H QH KH 7S 8S 10S
  Exchange zybots_: discard 8C JC 7S 8S 10S -> draw 7D JD 7H 9S KS (talon 3 left)
  Exchange segfault_society: discard 8D 10D JH -> draw 9D AD 8H (talon 0 left)

--- Phase: declare ---
  Declare point: zybots_ wins 5 pts (('point', 5, 'H'))
  Declare set: segfault_society wins 3 pts (('set', 3, 14))

--- Phase: tricks ---
  Trick  1: zybots_ leads AC, segfault_society plays 7C -> zybots_ wins
  Trick  2: zybots_ leads 7H, segfault_society plays 8H -> segfault_society wins
  Trick  3: segfault_society leads AS, zybots_ plays 9S -> segfault_society wins
  Trick  4: segfault_society leads AD, zybots_ plays 7D -> segfault_society wins
  Trick  5: segfault_society leads KC, zybots_ plays QC -> segfault_society wins
  Trick  6: segfault_society leads KD, zybots_ plays JD -> segfault_society wins
  Trick  7: segfault_society leads AH, zybots_ plays 9H -> segfault_society wins
  Trick  8: segfault_society leads QS, zybots_ plays KS -> zybots_ wins
  Trick  9: zybots_ leads QD, segfault_society plays 9D -> zybots_ wins
  Trick 10: zybots_ leads QH, segfault_society plays 9C -> zybots_ wins
  Trick 11: zybots_ leads KH, segfault_society plays 10C -> zybots_ wins
  Trick 12: zybots_ leads 10H, segfault_society plays JS -> zybots_ wins
  Hand: segfault_society +9 / zybots_ +12 (tricks 6-6)
  Match total: segfault_society 26 - 52 zybots_
Players: segfault_society vs zybots_
Dealer: zybots_  |  Elder: segfault_society
Match scores: 26 - 52
Talon (8): 8C 9C 9D AD 8H 10H AH 10S
segfault_society hand: 7C JC AC 8D 10D 7H 9H JH QH 9S QS AS
zybots_ hand: 10C QC KC 7D JD QD KD KH 7S 8S JS KS
  Exchange segfault_society: discard 7C JC 8D 10D 9S -> draw 8C 9C AD AH 10S (talon 3 left)
  Exchange zybots_: discard 10C 7S 8S -> draw 9D 8H 10H (talon 0 left)

--- Phase: declare ---
  Declare point: segfault_society wins 5 pts (('point', 5, 'H'))
  Declare sequence: zybots_ wins 3 pts (('sequence', 3, 13, 'D'))
  Declare set: segfault_society wins 14 pts (('set', 4, 14))

--- Phase: tricks ---
  Trick  1: segfault_society leads AH, zybots_ plays 8H -> segfault_society wins
  Trick  2: segfault_society leads AC, zybots_ plays QC -> segfault_society wins
  Trick  3: segfault_society leads AS, zybots_ plays JS -> segfault_society wins
  Trick  4: segfault_society leads AD, zybots_ plays 7D -> segfault_society wins
  Trick  5: segfault_society leads QH, zybots_ plays KH -> zybots_ wins
  Trick  6: zybots_ leads JD, segfault_society plays 7H -> zybots_ wins
  Trick  7: zybots_ leads QD, segfault_society plays 8C -> zybots_ wins
  Trick  8: zybots_ leads KS, segfault_society plays 10S -> zybots_ wins
  Trick  9: zybots_ leads KC, segfault_society plays 9C -> zybots_ wins
  Trick 10: zybots_ leads KD, segfault_society plays 9H -> zybots_ wins
  Trick 11: zybots_ leads 10H, segfault_society plays JH -> segfault_society wins
  Trick 12: segfault_society leads QS, zybots_ plays 9D -> segfault_society wins
  Hand: segfault_society +26 / zybots_ +9 (tricks 6-6)
  Match total: segfault_society 52 - 61 zybots_
Players: segfault_society vs zybots_
Dealer: segfault_society  |  Elder: zybots_
Match scores: 52 - 61
Talon (8): 8C AD 7H 10H QH AH 10S JS
segfault_society hand: 7C 10C JC AC 7D 8D JD QD KD 9H JH KS
zybots_ hand: 9C QC KC 9D 10D 8H KH 7S 8S 9S QS AS
  Exchange zybots_: discard 9C QC 9D 10D 8H -> draw 7H 10H QH AH JS (talon 3 left)
  Exchange segfault_society: discard 7C 10C 9H -> draw 8C AD 10S (talon 0 left)

--- Phase: declare ---
  Declare point: segfault_society wins 6 pts (('point', 6, 'D'))
  Declare sequence: segfault_society wins 4 pts (('sequence', 4, 14, 'D'))
  Declare set: segfault_society wins 3 pts (('set', 3, 11))

--- Phase: tricks ---
  Trick  1: zybots_ leads QH, segfault_society plays JH -> zybots_ wins
  Trick  2: zybots_ leads KH, segfault_society plays 7D -> zybots_ wins
  Trick  3: zybots_ leads AS, segfault_society plays 10S -> zybots_ wins
  Trick  4: zybots_ leads AH, segfault_society plays 8D -> zybots_ wins
  Trick  5: zybots_ leads 7S, segfault_society plays KS -> segfault_society wins
  Trick  6: segfault_society leads AD, zybots_ plays 7H -> segfault_society wins
  Trick  7: segfault_society leads AC, zybots_ plays KC -> segfault_society wins
  Trick  8: segfault_society leads KD, zybots_ plays 8S -> segfault_society wins
  Trick  9: segfault_society leads QD, zybots_ plays 9S -> segfault_society wins
  Trick 10: segfault_society leads JD, zybots_ plays 10H -> segfault_society wins
  Trick 11: segfault_society leads JC, zybots_ plays JS -> segfault_society wins
  Trick 12: segfault_society leads 8C, zybots_ plays QS -> segfault_society wins
  Hand: segfault_society +32 / zybots_ +4 (tricks 8-4)
  Match total: segfault_society 84 - 65 zybots_
Players: segfault_society vs zybots_
Dealer: zybots_  |  Elder: segfault_society
Match scores: 84 - 65
Talon (8): AC 7D KD 9H 10H QH 7S 8S
segfault_society hand: KC 8D 9D 10D JD 7H 8H AH 9S JS QS KS
zybots_ hand: 7C 8C 9C 10C JC QC QD AD JH KH 10S AS
  Exchange segfault_society: discard 8D 9D 10D 7H 8H -> draw 7D 9H QH 7S 8S (talon 3 left)
  Exchange zybots_: discard QD JH 10S -> draw AC KD 10H (talon 0 left)

--- Phase: declare ---
  Declare point: zybots_ wins 7 pts (('point', 7, 'C'))
  Declare sequence: zybots_ wins 11 pts (('sequence', 6, 12, 'C'))
  Declare set: zybots_ wins 3 pts (('set', 3, 14))

--- Phase: tricks ---
  Trick  1: segfault_society leads AH, zybots_ plays 10H -> segfault_society wins
  Trick  2: segfault_society leads KS, zybots_ plays AS -> zybots_ wins
  Trick  3: zybots_ leads KH, segfault_society plays 9H -> zybots_ wins
  Trick  4: zybots_ leads KD, segfault_society plays 7D -> zybots_ wins
  Trick  5: zybots_ leads AD, segfault_society plays JD -> zybots_ wins
  Trick  6: zybots_ leads AC, segfault_society plays KC -> zybots_ wins
  Trick  7: zybots_ leads 7C, segfault_society plays 7S -> zybots_ wins
  Trick  8: zybots_ leads 8C, segfault_society plays 8S -> zybots_ wins
  Trick  9: zybots_ leads 9C, segfault_society plays 9S -> zybots_ wins
  Trick 10: zybots_ leads 10C, segfault_society plays JS -> zybots_ wins
  Trick 11: zybots_ leads JC, segfault_society plays QS -> zybots_ wins
  Trick 12: zybots_ leads QC, segfault_society plays QH -> zybots_ wins
  Hand: segfault_society +1 / zybots_ +43 (tricks 1-11)
  Match total: segfault_society 85 - 108 zybots_
  Final: segfault_society 85 - 108 zybots_
  Winner: zybots_

============================================================
Game 30
============================================================
Players: zybots_ vs segfault_society
Dealer: zybots_  |  Elder: segfault_society
Match scores: 0 - 0
Talon (8): 7C 9D QD KD AD JH AH 8S
zybots_ hand: JC AC 7D 10D JD 9H 10H QH KH 9S 10S JS
segfault_society hand: 8C 9C 10C QC KC 8D 7H 8H 7S QS KS AS
  Exchange segfault_society: discard 8D 7H 8H 7S QS -> draw 9D QD AD AH 8S (talon 3 left)
  Exchange zybots_: discard AC 7D 9H -> draw 7C KD JH (talon 0 left)

--- Phase: declare ---
  Declare point: segfault_society wins 5 pts (('point', 5, 'C'))
  Declare sequence: zybots_ wins 4 pts (('sequence', 4, 13, 'H'))
  Declare set: segfault_society wins 3 pts (('set', 3, 14))

--- Phase: tricks ---
  Trick  1: segfault_society leads AS, zybots_ plays 9S -> segfault_society wins
  Trick  2: segfault_society leads AD, zybots_ plays 10D -> segfault_society wins
  Trick  3: segfault_society leads KS, zybots_ plays 10S -> segfault_society wins
  Trick  4: segfault_society leads AH, zybots_ plays 10H -> segfault_society wins
  Trick  5: segfault_society leads KC, zybots_ plays 7C -> segfault_society wins
  Trick  6: segfault_society leads QC, zybots_ plays JC -> segfault_society wins
  Trick  7: segfault_society leads 10C, zybots_ plays JS -> segfault_society wins
  Trick  8: segfault_society leads QD, zybots_ plays KD -> zybots_ wins
  Trick  9: zybots_ leads JH, segfault_society plays 8C -> zybots_ wins
  Trick 10: zybots_ leads QH, segfault_society plays 8S -> zybots_ wins
  Trick 11: zybots_ leads KH, segfault_society plays 9C -> zybots_ wins
  Trick 12: zybots_ leads JD, segfault_society plays 9D -> zybots_ wins
  Hand: zybots_ +10 / segfault_society +25 (tricks 5-7)
  Match total: zybots_ 10 - 25 segfault_society
Players: zybots_ vs segfault_society
Dealer: segfault_society  |  Elder: zybots_
Match scores: 10 - 25
Talon (8): 10C AC 9D 7H 8H JH QS KS
zybots_ hand: 8C JC KC 7D 8D QD AD 9H QH AH 10S JS
segfault_society hand: 7C 9C QC 10D JD KD 10H KH 7S 8S 9S AS
  Exchange zybots_: discard 8C JC 9H 10S JS -> draw 10C AC 9D 7H QS (talon 3 left)
  Exchange segfault_society: discard 7C 9C 10D -> draw 8H JH KS (talon 0 left)

--- Phase: declare ---
  Declare set: zybots_ wins 3 pts (('set', 3, 14))

--- Phase: tricks ---
  Trick  1: zybots_ leads KC, segfault_society plays QC -> zybots_ wins
  Trick  2: zybots_ leads AH, segfault_society plays 8H -> zybots_ wins
  Trick  3: zybots_ leads AD, segfault_society plays JD -> zybots_ wins
  Trick  4: zybots_ leads AC, segfault_society plays 7S -> zybots_ wins
  Trick  5: zybots_ leads 7D, segfault_society plays KD -> segfault_society wins
  Trick  6: segfault_society leads AS, zybots_ plays QS -> segfault_society wins
  Trick  7: segfault_society leads KH, zybots_ plays 7H -> segfault_society wins
  Trick  8: segfault_society leads KS, zybots_ plays 8D -> segfault_society wins
  Trick  9: segfault_society leads JH, zybots_ plays QH -> zybots_ wins
  Trick 10: zybots_ leads 9D, segfault_society plays 8S -> zybots_ wins
  Trick 11: zybots_ leads QD, segfault_society plays 9S -> zybots_ wins
  Trick 12: zybots_ leads 10C, segfault_society plays 10H -> zybots_ wins
  Hand: zybots_ +22 / segfault_society +4 (tricks 8-4)
  Match total: zybots_ 32 - 29 segfault_society
Players: zybots_ vs segfault_society
Dealer: zybots_  |  Elder: segfault_society
Match scores: 32 - 29
Talon (8): 7C 10C 8D QD 7H JH 7S 10S
zybots_ hand: 9C JC QC AC 10D JD KD 9H 9S JS KS AS
segfault_society hand: 8C KC 7D 9D AD 8H 10H QH KH AH 8S QS
  Exchange segfault_society: discard 8C 7D 9D 8S QS -> draw 7C 10C 8D 7H 7S (talon 3 left)
  Exchange zybots_: discard 10D 9H 9S -> draw QD JH 10S (talon 0 left)

--- Phase: declare ---
  Declare point: segfault_society wins 6 pts (('point', 6, 'H'))
  Declare sequence: segfault_society wins 3 pts (('sequence', 3, 14, 'H'))
  Declare set: zybots_ wins 14 pts (('set', 4, 11))

--- Phase: tricks ---
  Trick  1: segfault_society leads AH, zybots_ plays JH -> segfault_society wins
  Trick  2: segfault_society leads KH, zybots_ plays 9C -> segfault_society wins
  Trick  3: segfault_society leads QH, zybots_ plays 10S -> segfault_society wins
  Trick  4: segfault_society leads AD, zybots_ plays JD -> segfault_society wins
  Trick  5: segfault_society leads KC, zybots_ plays AC -> zybots_ wins
  Trick  6: zybots_ leads QD, segfault_society plays 8D -> zybots_ wins
  Trick  7: zybots_ leads KS, segfault_society plays 7S -> zybots_ wins
  Trick  8: zybots_ leads KD, segfault_society plays 7C -> zybots_ wins
  Trick  9: zybots_ leads AS, segfault_society plays 7H -> zybots_ wins
  Trick 10: zybots_ leads JC, segfault_society plays 10C -> zybots_ wins
  Trick 11: zybots_ leads QC, segfault_society plays 8H -> zybots_ wins
  Trick 12: zybots_ leads JS, segfault_society plays 10H -> zybots_ wins
  Hand: zybots_ +33 / segfault_society +13 (tricks 8-4)
  Match total: zybots_ 65 - 42 segfault_society
Players: zybots_ vs segfault_society
Dealer: segfault_society  |  Elder: zybots_
Match scores: 65 - 42
Talon (8): 8C QC 7H AH 8S 10S QS AS
zybots_ hand: 7C KC 7D 9D 10D JD KD AD 9H JH QH KS
segfault_society hand: 9C 10C JC AC 8D QD 8H 10H KH 7S 9S JS
  Exchange zybots_: discard 7C 7D 9H JH QH -> draw QC AH 10S QS AS (talon 3 left)
  Exchange segfault_society: discard 8D 8H 7S -> draw 8C 7H 8S (talon 0 left)

--- Phase: declare ---
  Declare point: zybots_ wins 5 pts (('point', 5, 'D'))
  Declare sequence: segfault_society wins 4 pts (('sequence', 4, 11, 'C'))
  Declare set: zybots_ wins 3 pts (('set', 3, 14))

--- Phase: tricks ---
  Trick  1: zybots_ leads QS, segfault_society plays 8S -> zybots_ wins
  Trick  2: zybots_ leads KS, segfault_society plays 9S -> zybots_ wins
  Trick  3: zybots_ leads KD, segfault_society plays QD -> zybots_ wins
  Trick  4: zybots_ leads AD, segfault_society plays 7H -> zybots_ wins
  Trick  5: zybots_ leads AH, segfault_society plays 10H -> zybots_ wins
  Trick  6: zybots_ leads AS, segfault_society plays JS -> zybots_ wins
  Trick  7: zybots_ leads 9D, segfault_society plays 8C -> zybots_ wins
  Trick  8: zybots_ leads 10D, segfault_society plays 9C -> zybots_ wins
  Trick  9: zybots_ leads QC, segfault_society plays AC -> segfault_society wins
  Trick 10: segfault_society leads KH, zybots_ plays 10S -> segfault_society wins
  Trick 11: segfault_society leads JC, zybots_ plays KC -> zybots_ wins
  Trick 12: zybots_ leads JD, segfault_society plays 10C -> zybots_ wins
  Hand: zybots_ +29 / segfault_society +6 (tricks 10-2)
  Match total: zybots_ 94 - 48 segfault_society
Players: zybots_ vs segfault_society
Dealer: zybots_  |  Elder: segfault_society
Match scores: 94 - 48
Talon (8): 10C JC QC 9H JH KH 9S AS
zybots_ hand: 7C 8C AC 8D 9D 10D QD 7H 8H QH 7S QS
segfault_society hand: 9C KC 7D JD KD AD 10H AH 8S 10S JS KS
  Exchange segfault_society: discard 9C 10H 8S 10S JS -> draw QC 9H JH KH AS (talon 3 left)
  Exchange zybots_: discard 7C 7H 7S -> draw 10C JC 9S (talon 0 left)

--- Phase: declare ---
  Declare point: segfault_society wins 4 pts (('point', 4, 'H'))
  Declare sequence: zybots_ wins 3 pts (('sequence', 3, 10, 'D'))
  Declare set: segfault_society wins 3 pts (('set', 3, 14))

--- Phase: tricks ---
  Trick  1: segfault_society leads AH, zybots_ plays 8H -> segfault_society wins
  Trick  2: segfault_society leads AD, zybots_ plays 8D -> segfault_society wins
  Trick  3: segfault_society leads KD, zybots_ plays 9D -> segfault_society wins
  Trick  4: segfault_society leads KH, zybots_ plays QH -> segfault_society wins
  Trick  5: segfault_society leads AS, zybots_ plays 9S -> segfault_society wins
  Trick  6: segfault_society leads KS, zybots_ plays QS -> segfault_society wins
  Trick  7: segfault_society leads KC, zybots_ plays AC -> zybots_ wins
  Trick  8: zybots_ leads QD, segfault_society plays 7D -> zybots_ wins
  Trick  9: zybots_ leads 8C, segfault_society plays QC -> segfault_society wins
  Trick 10: segfault_society leads JD, zybots_ plays 10D -> segfault_society wins
  Trick 11: segfault_society leads JH, zybots_ plays 10C -> segfault_society wins
  Trick 12: segfault_society leads 9H, zybots_ plays JC -> segfault_society wins
  Hand: zybots_ +5 / segfault_society +28 (tricks 2-10)
  Match total: zybots_ 99 - 76 segfault_society
Players: zybots_ vs segfault_society
Dealer: segfault_society  |  Elder: zybots_
Match scores: 99 - 76
Talon (8): 9C QC 9D 10D KD 10H 7S JS
zybots_ hand: 7C 8C AC QD 7H 9H QH AH 8S 10S QS AS
segfault_society hand: 10C JC KC 7D 8D JD AD 8H JH KH 9S KS
  Exchange zybots_: discard 7C 8C 7H 9H 8S -> draw QC 10D KD 10H 7S (talon 3 left)
  Exchange segfault_society: discard 10C 8H 9S -> draw 9C 9D JS (talon 0 left)

--- Phase: declare ---
  Declare point: segfault_society wins 5 pts (('point', 5, 'D'))
  Declare sequence: segfault_society wins 3 pts (('sequence', 3, 9, 'D'))
  Declare set: zybots_ wins 3 pts (('set', 3, 14))

--- Phase: tricks ---
  Trick  1: zybots_ leads AC, segfault_society plays 9C -> zybots_ wins
  Trick  2: zybots_ leads AS, segfault_society plays JS -> zybots_ wins
  Trick  3: zybots_ leads AH, segfault_society plays JH -> zybots_ wins
  Trick  4: zybots_ leads 10D, segfault_society plays JD -> segfault_society wins
  Trick  5: segfault_society leads AD, zybots_ plays QD -> segfault_society wins
  Trick  6: segfault_society leads KC, zybots_ plays QC -> segfault_society wins
  Trick  7: segfault_society leads KS, zybots_ plays 7S -> segfault_society wins
  Trick  8: segfault_society leads KH, zybots_ plays 10H -> segfault_society wins
  Trick  9: segfault_society leads 9D, zybots_ plays KD -> zybots_ wins
  Trick 10: zybots_ leads 10S, segfault_society plays 7D -> zybots_ wins
  Trick 11: zybots_ leads QH, segfault_society plays 8D -> zybots_ wins
  Trick 12: zybots_ leads QS, segfault_society plays JC -> zybots_ wins
  Hand: zybots_ +21 / segfault_society +13 (tricks 7-5)
  Match total: zybots_ 120 - 89 segfault_society
  Final: zybots_ 120 - 89 segfault_society
  Winner: zybots_

============================================================
Game 31
============================================================
Players: segfault_society vs zybots_
Dealer: segfault_society  |  Elder: zybots_
Match scores: 0 - 0
Talon (8): QC 7D 10D JD 9H 10H 7S 8S
segfault_society hand: 7C 9C 10C KC 8D 9D QD AD QH AH JS KS
zybots_ hand: 8C JC AC KD 7H 8H JH KH 9S 10S QS AS
  Exchange zybots_: discard 8C JC 7H 8H JH -> draw 7D 10D 10H 7S 8S (talon 3 left)
  Exchange segfault_society: discard 7C 9C 10C -> draw QC JD 9H (talon 0 left)

--- Phase: declare ---
  Declare point: zybots_ wins 6 pts (('point', 6, 'S'))
  Declare sequence: zybots_ wins 4 pts (('sequence', 4, 10, 'S'))
  Declare set: segfault_society wins 3 pts (('set', 3, 12))

--- Phase: tricks ---
  Trick  1: zybots_ leads AC, segfault_society plays QC -> zybots_ wins
  Trick  2: zybots_ leads AS, segfault_society plays JS -> zybots_ wins
  Trick  3: zybots_ leads 7S, segfault_society plays KS -> segfault_society wins
  Trick  4: segfault_society leads AD, zybots_ plays 7D -> segfault_society wins
  Trick  5: segfault_society leads AH, zybots_ plays 10H -> segfault_society wins
  Trick  6: segfault_society leads KC, zybots_ plays 8S -> segfault_society wins
  Trick  7: segfault_society leads QD, zybots_ plays KD -> zybots_ wins
  Trick  8: zybots_ leads KH, segfault_society plays 9H -> zybots_ wins
  Trick  9: zybots_ leads 9S, segfault_society plays 8D -> zybots_ wins
  Trick 10: zybots_ leads 10S, segfault_society plays 9D -> zybots_ wins
  Trick 11: zybots_ leads QS, segfault_society plays JD -> zybots_ wins
  Trick 12: zybots_ leads 10D, segfault_society plays QH -> zybots_ wins
  Hand: segfault_society +7 / zybots_ +29 (tricks 4-8)
  Match total: segfault_society 7 - 29 zybots_
Players: segfault_society vs zybots_
Dealer: zybots_  |  Elder: segfault_society
Match scores: 7 - 29
Talon (8): 8C 7D 10D 7H KH AH 10S QS
segfault_society hand: 7C 10C QC 9D JD QD 9H 10H QH 7S 8S 9S
zybots_ hand: 9C JC KC AC 8D KD AD 8H JH JS KS AS
  Exchange segfault_society: discard 7C 10C 9D 9H 10H -> draw 7D 10D 7H KH QS (talon 3 left)
  Exchange zybots_: discard 9C 8D 8H -> draw 8C AH 10S (talon 0 left)

--- Phase: declare ---
  Declare point: zybots_ wins 4 pts (('point', 4, 'S'))
  Declare sequence: segfault_society wins 3 pts (('sequence', 3, 12, 'D'))
  Declare set: zybots_ wins 14 pts (('set', 4, 14))

--- Phase: tricks ---
  Trick  1: segfault_society leads QD, zybots_ plays KD -> zybots_ wins
  Trick  2: zybots_ leads KC, segfault_society plays QC -> zybots_ wins
  Trick  3: zybots_ leads KS, segfault_society plays 7S -> zybots_ wins
  Trick  4: zybots_ leads AD, segfault_society plays 7D -> zybots_ wins
  Trick  5: zybots_ leads AC, segfault_society plays 7H -> zybots_ wins
  Trick  6: zybots_ leads AS, segfault_society plays 8S -> zybots_ wins
  Trick  7: zybots_ leads AH, segfault_society plays QH -> zybots_ wins
  Trick  8: zybots_ leads 10S, segfault_society plays QS -> segfault_society wins
  Trick  9: segfault_society leads KH, zybots_ plays JH -> segfault_society wins
  Trick 10: segfault_society leads JD, zybots_ plays 8C -> segfault_society wins
  Trick 11: segfault_society leads 10D, zybots_ plays JS -> segfault_society wins
  Trick 12: segfault_society leads 9S, zybots_ plays JC -> segfault_society wins
  Hand: segfault_society +9 / zybots_ +35 (tricks 5-7)
  Match total: segfault_society 16 - 64 zybots_
Players: segfault_society vs zybots_
Dealer: segfault_society  |  Elder: zybots_
Match scores: 16 - 64
Talon (8): 10C JC QC 9D QD QH AH 10S
segfault_society hand: 7C KC AC 7D 8D AD 7H 8H 9H 10H 9S JS
zybots_ hand: 8C 9C 10D JD KD JH KH 7S 8S QS KS AS
  Exchange zybots_: discard 8C 9C 10D JD JH -> draw 10C JC QD QH 10S (talon 3 left)
  Exchange segfault_society: discard 7C 7D 8D -> draw QC 9D AH (talon 0 left)

--- Phase: declare ---
  Declare point: zybots_ wins 6 pts (('point', 6, 'S'))
  Declare sequence: segfault_society wins 4 pts (('sequence', 4, 10, 'H'))
  Declare set: segfault_society wins 3 pts (('set', 3, 14))

--- Phase: tricks ---
  Trick  1: zybots_ leads QS, segfault_society plays 9S -> zybots_ wins
  Trick  2: zybots_ leads KS, segfault_society plays JS -> zybots_ wins
  Trick  3: zybots_ leads AS, segfault_society plays 7H -> zybots_ wins
  Trick  4: zybots_ leads 7S, segfault_society plays 8H -> zybots_ wins
  Trick  5: zybots_ leads QH, segfault_society plays AH -> segfault_society wins
  Trick  6: segfault_society leads AC, zybots_ plays 10C -> segfault_society wins
  Trick  7: segfault_society leads AD, zybots_ plays QD -> segfault_society wins
  Trick  8: segfault_society leads KC, zybots_ plays JC -> segfault_society wins
  Trick  9: segfault_society leads QC, zybots_ plays 8S -> segfault_society wins
  Trick 10: segfault_society leads 10H, zybots_ plays KH -> zybots_ wins
  Trick 11: zybots_ leads KD, segfault_society plays 9D -> zybots_ wins
  Trick 12: zybots_ leads 10S, segfault_society plays 9H -> zybots_ wins
  Hand: segfault_society +12 / zybots_ +24 (tricks 5-7)
  Match total: segfault_society 28 - 88 zybots_
Players: segfault_society vs zybots_
Dealer: zybots_  |  Elder: segfault_society
Match scores: 28 - 88
Talon (8): 7C 9C QC KC 10D JH QH 8S
segfault_society hand: 10C AC JD QD KD AD 8H KH AH JS QS AS
zybots_ hand: 8C JC 7D 8D 9D 7H 9H 10H 7S 9S 10S KS
  Exchange segfault_society: discard 10C JD 8H JS QS -> draw 9C 10D JH QH 8S (talon 3 left)
  Exchange zybots_: discard 8C 7H 9H -> draw 7C QC KC (talon 0 left)

--- Phase: declare ---
  Declare point: segfault_society wins 4 pts (('point', 4, 'H'))
  Declare sequence: segfault_society wins 4 pts (('sequence', 4, 14, 'H'))
  Declare set: segfault_society wins 14 pts (('set', 4, 14))

--- Phase: tricks ---
  Trick  1: segfault_society leads AH, zybots_ plays 10H -> segfault_society wins
  Trick  2: segfault_society leads AD, zybots_ plays 7D -> segfault_society wins
  Trick  3: segfault_society leads KD, zybots_ plays 8D -> segfault_society wins
  Trick  4: segfault_society leads KH, zybots_ plays 7S -> segfault_society wins
  Trick  5: segfault_society leads AC, zybots_ plays 7C -> segfault_society wins
  Trick  6: segfault_society leads AS, zybots_ plays 9S -> segfault_society wins
  Trick  7: segfault_society leads QD, zybots_ plays 9D -> segfault_society wins
  Trick  8: segfault_society leads QH, zybots_ plays 10S -> segfault_society wins
  Trick  9: segfault_society leads JH, zybots_ plays JC -> segfault_society wins
  Trick 10: segfault_society leads 10D, zybots_ plays QC -> segfault_society wins
  Trick 11: segfault_society leads 9C, zybots_ plays KC -> zybots_ wins
  Trick 12: zybots_ leads KS, segfault_society plays 8S -> zybots_ wins
  Hand: segfault_society +42 / zybots_ +3 (tricks 10-2)
  Match total: segfault_society 70 - 91 zybots_
Players: segfault_society vs zybots_
Dealer: segfault_society  |  Elder: zybots_
Match scores: 70 - 91
Talon (8): AC 7D 8D 10D AD JH QH QS
segfault_society hand: 8C 10C JC QC 9D JD QD 7H 8H 10H 10S AS
zybots_ hand: 7C 9C KC KD 9H KH AH 7S 8S 9S JS KS
  Exchange zybots_: discard 7C 9C 9H AH JS -> draw 8D 10D JH QH QS (talon 3 left)
  Exchange segfault_society: discard 9D 7H 8H -> draw AC 7D AD (talon 0 left)

--- Phase: declare ---
  Declare point: segfault_society wins 5 pts (('point', 5, 'C'))
  Declare sequence: zybots_ wins 3 pts (('sequence', 3, 13, 'H'))
  Declare set: segfault_society wins 3 pts (('set', 3, 14))

--- Phase: tricks ---
  Trick  1: zybots_ leads 7S, segfault_society plays 10S -> segfault_society wins
  Trick  2: segfault_society leads AC, zybots_ plays KC -> segfault_society wins
  Trick  3: segfault_society leads AD, zybots_ plays 8D -> segfault_society wins
  Trick  4: segfault_society leads AS, zybots_ plays 8S -> segfault_society wins
  Trick  5: segfault_society leads QC, zybots_ plays 9S -> segfault_society wins
  Trick  6: segfault_society leads QD, zybots_ plays KD -> zybots_ wins
  Trick  7: zybots_ leads QS, segfault_society plays 7D -> zybots_ wins
  Trick  8: zybots_ leads KS, segfault_society plays 8C -> zybots_ wins
  Trick  9: zybots_ leads JH, segfault_society plays 10H -> zybots_ wins
  Trick 10: zybots_ leads QH, segfault_society plays 10C -> zybots_ wins
  Trick 11: zybots_ leads KH, segfault_society plays JC -> zybots_ wins
  Trick 12: zybots_ leads 10D, segfault_society plays JD -> segfault_society wins
  Hand: segfault_society +15 / zybots_ +9 (tricks 6-6)
  Match total: segfault_society 85 - 100 zybots_
  Final: segfault_society 85 - 100 zybots_
  Winner: zybots_

============================================================
Game 32
============================================================
Players: zybots_ vs segfault_society
Dealer: zybots_  |  Elder: segfault_society
Match scores: 0 - 0
Talon (8): 9C 9D 10D 8H QH JS KS AS
zybots_ hand: 8C JC AC 7D 8D AD 7H 9H 10H JH 8S 9S
segfault_society hand: 7C 10C QC KC JD QD KD KH AH 7S 10S QS
  Exchange segfault_society: discard 7C 10C 7S 10S QS -> draw 9C 9D 8H JS AS (talon 3 left)
  Exchange zybots_: discard 8C 7D 8D -> draw 10D QH KS (talon 0 left)

--- Phase: declare ---
  Declare point: zybots_ wins 5 pts (('point', 5, 'H'))
  Declare sequence: zybots_ wins 4 pts (('sequence', 4, 12, 'H'))
  Declare set: segfault_society wins 3 pts (('set', 3, 13))

--- Phase: tricks ---
  Trick  1: segfault_society leads AH, zybots_ plays 7H -> segfault_society wins
  Trick  2: segfault_society leads AS, zybots_ plays 8S -> segfault_society wins
  Trick  3: segfault_society leads KH, zybots_ plays 9H -> segfault_society wins
  Trick  4: segfault_society leads KD, zybots_ plays AD -> zybots_ wins
  Trick  5: zybots_ leads 10H, segfault_society plays 8H -> zybots_ wins
  Trick  6: zybots_ leads JH, segfault_society plays 9C -> zybots_ wins
  Trick  7: zybots_ leads QH, segfault_society plays 9D -> zybots_ wins
  Trick  8: zybots_ leads KS, segfault_society plays JS -> zybots_ wins
  Trick  9: zybots_ leads AC, segfault_society plays QC -> zybots_ wins
  Trick 10: zybots_ leads 9S, segfault_society plays JD -> zybots_ wins
  Trick 11: zybots_ leads JC, segfault_society plays KC -> segfault_society wins
  Trick 12: segfault_society leads QD, zybots_ plays 10D -> segfault_society wins
  Hand: zybots_ +26 / segfault_society +9 (tricks 7-5)
  Match total: zybots_ 26 - 9 segfault_society
Players: zybots_ vs segfault_society
Dealer: segfault_society  |  Elder: zybots_
Match scores: 26 - 9
Talon (8): 7C AC 8H QH KH AH 8S QS
zybots_ hand: 8C JC QC 7D QD KD AD 7H 9H 10S JS AS
segfault_society hand: 9C 10C KC 8D 9D 10D JD 10H JH 7S 9S KS
  Exchange zybots_: discard 8C JC 7H 9H 10S -> draw AC QH KH AH 8S (talon 3 left)
  Exchange segfault_society: discard 9C 7S 9S -> draw 7C 8H QS (talon 0 left)

--- Phase: declare ---
  Declare point: zybots_ wins 4 pts (('point', 4, 'D'))
  Declare sequence: segfault_society wins 4 pts (('sequence', 4, 11, 'D'))
  Declare set: zybots_ wins 14 pts (('set', 4, 14))

--- Phase: tricks ---
  Trick  1: zybots_ leads QD, segfault_society plays 8D -> zybots_ wins
  Trick  2: zybots_ leads QH, segfault_society plays 8H -> zybots_ wins
  Trick  3: zybots_ leads KD, segfault_society plays 9D -> zybots_ wins
  Trick  4: zybots_ leads KH, segfault_society plays 10H -> zybots_ wins
  Trick  5: zybots_ leads AD, segfault_society plays 10D -> zybots_ wins
  Trick  6: zybots_ leads AS, segfault_society plays QS -> zybots_ wins
  Trick  7: zybots_ leads AH, segfault_society plays JH -> zybots_ wins
  Trick  8: zybots_ leads AC, segfault_society plays 7C -> zybots_ wins
  Trick  9: zybots_ leads 8S, segfault_society plays KS -> segfault_society wins
  Trick 10: segfault_society leads KC, zybots_ plays QC -> segfault_society wins
  Trick 11: segfault_society leads JD, zybots_ plays 7D -> segfault_society wins
  Trick 12: segfault_society leads 10C, zybots_ plays JS -> segfault_society wins
  Hand: zybots_ +36 / segfault_society +9 (tricks 8-4)
  Match total: zybots_ 62 - 18 segfault_society
Players: zybots_ vs segfault_society
Dealer: zybots_  |  Elder: segfault_society
Match scores: 62 - 18
Talon (8): 7C 10C 8D 10D 8H 9H AH 7S
zybots_ hand: KC AC 9D JD 7H JH 8S 10S JS QS KS AS
segfault_society hand: 8C 9C JC QC 7D QD KD AD 10H QH KH 9S
  Exchange segfault_society: discard 8C 9C JC 10H 9S -> draw 7C 10C 8D 10D 8H (talon 3 left)
  Exchange zybots_: discard KC 9D 7H -> draw 9H AH 7S (talon 0 left)

--- Phase: declare ---
  Declare point: zybots_ wins 7 pts (('point', 7, 'S'))
  Declare sequence: zybots_ wins 10 pts (('sequence', 5, 14, 'S'))
  Declare set: zybots_ wins 3 pts (('set', 3, 14))

--- Phase: tricks ---
  Trick  1: segfault_society leads AD, zybots_ plays JD -> segfault_society wins
  Trick  2: segfault_society leads KD, zybots_ plays 7S -> segfault_society wins
  Trick  3: segfault_society leads QD, zybots_ plays 8S -> segfault_society wins
  Trick  4: segfault_society leads KH, zybots_ plays AH -> zybots_ wins
  Trick  5: zybots_ leads 10S, segfault_society plays 7D -> zybots_ wins
  Trick  6: zybots_ leads JS, segfault_society plays 7C -> zybots_ wins
  Trick  7: zybots_ leads QS, segfault_society plays 8H -> zybots_ wins
  Trick  8: zybots_ leads KS, segfault_society plays 8D -> zybots_ wins
  Trick  9: zybots_ leads AS, segfault_society plays 10D -> zybots_ wins
  Trick 10: zybots_ leads AC, segfault_society plays 10C -> zybots_ wins
  Trick 11: zybots_ leads 9H, segfault_society plays QH -> segfault_society wins
  Trick 12: segfault_society leads QC, zybots_ plays JH -> segfault_society wins
  Hand: zybots_ +37 / segfault_society +6 (tricks 7-5)
  Match total: zybots_ 99 - 24 segfault_society
Players: zybots_ vs segfault_society
Dealer: segfault_society  |  Elder: zybots_
Match scores: 99 - 24
Talon (8): 7C 8C 9C AC QD KD AD AH
zybots_ hand: JC 7D 8D 10D 8H 9H JH 7S 9S JS QS AS
segfault_society hand: 10C QC KC 9D JD 7H 10H QH KH 8S 10S KS
  Exchange zybots_: discard 7D 8D 10D 8H 9H -> draw 8C 9C AC KD AD (talon 3 left)
  Exchange segfault_society: discard 10C 9D 8S -> draw 7C QD AH (talon 0 left)

--- Phase: declare ---
  Declare point: segfault_society wins 5 pts (('point', 5, 'H'))
  Declare sequence: segfault_society wins 3 pts (('sequence', 3, 14, 'H'))
  Declare set: zybots_ wins 3 pts (('set', 3, 14))

--- Phase: tricks ---
  Trick  1: zybots_ leads KD, segfault_society plays JD -> zybots_ wins
  Trick  2: zybots_ leads AS, segfault_society plays 10S -> zybots_ wins
  Trick  3: zybots_ leads AC, segfault_society plays 7C -> zybots_ wins
  Trick  4: zybots_ leads AD, segfault_society plays QD -> zybots_ wins
  Trick  5: zybots_ leads 7S, segfault_society plays KS -> segfault_society wins
  Trick  6: segfault_society leads AH, zybots_ plays JH -> segfault_society wins
  Trick  7: segfault_society leads KH, zybots_ plays 8C -> segfault_society wins
  Trick  8: segfault_society leads QH, zybots_ plays 9S -> segfault_society wins
  Trick  9: segfault_society leads KC, zybots_ plays 9C -> segfault_society wins
  Trick 10: segfault_society leads QC, zybots_ plays JC -> segfault_society wins
  Trick 11: segfault_society leads 10H, zybots_ plays JS -> segfault_society wins
  Trick 12: segfault_society leads 7H, zybots_ plays QS -> segfault_society wins
  Hand: zybots_ +7 / segfault_society +27 (tricks 4-8)
  Match total: zybots_ 106 - 51 segfault_society
  Final: zybots_ 106 - 51 segfault_society
  Winner: zybots_

============================================================
Game 33
============================================================
Players: segfault_society vs zybots_
Dealer: segfault_society  |  Elder: zybots_
Match scores: 0 - 0
Talon (8): 8C 10C KC QD QH AH JS AS
segfault_society hand: 7C QC AC 7D 8D 10D AD 7H 8H 9H 9S 10S
zybots_ hand: 9C JC 9D JD KD 10H JH KH 7S 8S QS KS
  Exchange zybots_: discard 9C 9D 10H 7S 8S -> draw 8C QD AH JS AS (talon 3 left)
  Exchange segfault_society: discard 7C 9S 10S -> draw 10C KC QH (talon 0 left)

--- Phase: declare ---
  Declare sequence: zybots_ wins 4 pts (('sequence', 4, 14, 'S'))
  Declare set: zybots_ wins 3 pts (('set', 3, 13))

--- Phase: tricks ---
  Trick  1: zybots_ leads JS, segfault_society plays 7H -> zybots_ wins
  Trick  2: zybots_ leads QS, segfault_society plays 7D -> zybots_ wins
  Trick  3: zybots_ leads KS, segfault_society plays 8D -> zybots_ wins
  Trick  4: zybots_ leads KH, segfault_society plays 8H -> zybots_ wins
  Trick  5: zybots_ leads AH, segfault_society plays 9H -> zybots_ wins
  Trick  6: zybots_ leads AS, segfault_society plays 10D -> zybots_ wins
  Trick  7: zybots_ leads JD, segfault_society plays AD -> segfault_society wins
  Trick  8: segfault_society leads AC, zybots_ plays 8C -> segfault_society wins
  Trick  9: segfault_society leads KC, zybots_ plays JC -> segfault_society wins
  Trick 10: segfault_society leads QC, zybots_ plays JH -> segfault_society wins
  Trick 11: segfault_society leads QH, zybots_ plays QD -> segfault_society wins
  Trick 12: segfault_society leads 10C, zybots_ plays KD -> segfault_society wins
  Hand: segfault_society +7 / zybots_ +13 (tricks 6-6)
  Match total: segfault_society 7 - 13 zybots_
Players: segfault_society vs zybots_
Dealer: zybots_  |  Elder: segfault_society
Match scores: 7 - 13
Talon (8): 9C 10C QC 7D JD AD 7S 10S
segfault_society hand: 8C JC AC QD 7H 9H QH AH 8S JS QS KS
zybots_ hand: 7C KC 8D 9D 10D KD 8H 10H JH KH 9S AS
  Exchange segfault_society: discard 8C JC 7H 9H QH -> draw 10C QC 7D JD 7S (talon 3 left)
  Exchange zybots_: discard 7C 9S AS -> draw 9C AD 10S (talon 0 left)

--- Phase: declare ---
  Declare point: zybots_ wins 5 pts (('point', 5, 'D'))
  Declare sequence: segfault_society wins 3 pts (('sequence', 3, 13, 'S'))
  Declare set: zybots_ wins 3 pts (('set', 3, 13))

--- Phase: tricks ---
  Trick  1: segfault_society leads AC, zybots_ plays 9C -> segfault_society wins
  Trick  2: segfault_society leads AH, zybots_ plays 8H -> segfault_society wins
  Trick  3: segfault_society leads KS, zybots_ plays 10S -> segfault_society wins
  Trick  4: segfault_society leads QS, zybots_ plays 8D -> segfault_society wins
  Trick  5: segfault_society leads QD, zybots_ plays KD -> zybots_ wins
  Trick  6: zybots_ leads KH, segfault_society plays 7S -> zybots_ wins
  Trick  7: zybots_ leads KC, segfault_society plays 10C -> zybots_ wins
  Trick  8: zybots_ leads AD, segfault_society plays 7D -> zybots_ wins
  Trick  9: zybots_ leads 9D, segfault_society plays JD -> segfault_society wins
  Trick 10: segfault_society leads QC, zybots_ plays 10D -> segfault_society wins
  Trick 11: segfault_society leads JS, zybots_ plays 10H -> segfault_society wins
  Trick 12: segfault_society leads 8S, zybots_ plays JH -> segfault_society wins
  Hand: segfault_society +22 / zybots_ +12 (tricks 8-4)
  Match total: segfault_society 29 - 25 zybots_
Players: segfault_society vs zybots_
Dealer: segfault_society  |  Elder: zybots_
Match scores: 29 - 25
Talon (8): 10C 7D 9D 10D AD 9H 10S JS
segfault_society hand: 8C 9C JC KC 8D 8H JH QH KH 8S 9S AS
zybots_ hand: 7C QC AC JD QD KD 7H 10H AH 7S QS KS
  Exchange zybots_: discard 7C 7H 10H 7S KS -> draw 7D 9D 10D AD JS (talon 3 left)
  Exchange segfault_society: discard 8D 8S 9S -> draw 10C 9H 10S (talon 0 left)

--- Phase: declare ---
  Declare point: zybots_ wins 7 pts (('point', 7, 'D'))
  Declare sequence: zybots_ wins 11 pts (('sequence', 6, 14, 'D'))
  Declare set: zybots_ wins 3 pts (('set', 3, 14))

--- Phase: tricks ---
  Trick  1: zybots_ leads 9D, segfault_society plays 8H -> zybots_ wins
  Trick  2: zybots_ leads 10D, segfault_society plays 8C -> zybots_ wins
  Trick  3: zybots_ leads JD, segfault_society plays 9C -> zybots_ wins
  Trick  4: zybots_ leads QD, segfault_society plays 9H -> zybots_ wins
  Trick  5: zybots_ leads KD, segfault_society plays 10S -> zybots_ wins
  Trick  6: zybots_ leads AC, segfault_society plays 10C -> zybots_ wins
  Trick  7: zybots_ leads AH, segfault_society plays JH -> zybots_ wins
  Trick  8: zybots_ leads AD, segfault_society plays JC -> zybots_ wins
  Trick  9: zybots_ leads JS, segfault_society plays AS -> segfault_society wins
  Trick 10: segfault_society leads KH, zybots_ plays 7D -> segfault_society wins
  Trick 11: segfault_society leads KC, zybots_ plays QC -> segfault_society wins
  Trick 12: segfault_society leads QH, zybots_ plays QS -> segfault_society wins
  Hand: segfault_society +5 / zybots_ +39 (tricks 4-8)
  Match total: segfault_society 34 - 64 zybots_
Players: segfault_society vs zybots_
Dealer: zybots_  |  Elder: segfault_society
Match scores: 34 - 64
Talon (8): 10C JC QC 10D 7H 9H QS KS
segfault_society hand: 7C 8C 9C 7D 9D QD AD 8H KH 7S 8S AS
zybots_ hand: KC AC 8D JD KD 10H JH QH AH 9S 10S JS
  Exchange segfault_society: discard 7D 9D 8H 7S 8S -> draw 10D 7H 9H QS KS (talon 3 left)
  Exchange zybots_: discard KC 8D KD -> draw 10C JC QC (talon 0 left)

--- Phase: declare ---
  Declare point: zybots_ wins 4 pts (('point', 4, 'H'))
  Declare sequence: segfault_society wins 3 pts (('sequence', 3, 14, 'S'))
  Declare set: zybots_ wins 14 pts (('set', 4, 11))

--- Phase: tricks ---
  Trick  1: segfault_society leads AD, zybots_ plays JD -> segfault_society wins
  Trick  2: segfault_society leads AS, zybots_ plays 9S -> segfault_society wins
  Trick  3: segfault_society leads KS, zybots_ plays 10S -> segfault_society wins
  Trick  4: segfault_society leads QS, zybots_ plays JS -> segfault_society wins
  Trick  5: segfault_society leads KH, zybots_ plays AH -> zybots_ wins
  Trick  6: zybots_ leads AC, segfault_society plays 7C -> zybots_ wins
  Trick  7: zybots_ leads 10H, segfault_society plays 7H -> zybots_ wins
  Trick  8: zybots_ leads 10C, segfault_society plays 8C -> zybots_ wins
  Trick  9: zybots_ leads JH, segfault_society plays 9H -> zybots_ wins
  Trick 10: zybots_ leads JC, segfault_society plays 9C -> zybots_ wins
  Trick 11: zybots_ leads QH, segfault_society plays 10D -> zybots_ wins
  Trick 12: zybots_ leads QC, segfault_society plays QD -> zybots_ wins
  Hand: segfault_society +7 / zybots_ +37 (tricks 4-8)
  Match total: segfault_society 41 - 101 zybots_
  Final: segfault_society 41 - 101 zybots_
  Winner: zybots_

============================================================
Game 34
============================================================
Players: zybots_ vs segfault_society
Dealer: zybots_  |  Elder: segfault_society
Match scores: 0 - 0
Talon (8): 8C KC 7D 8D 10H JH 7S JS
zybots_ hand: 9C 10C AC QD AD 9H KH 8S 9S 10S KS AS
segfault_society hand: 7C JC QC 9D 10D JD KD 7H 8H QH AH QS
  Exchange segfault_society: discard 7C JC QC 7H 8H -> draw 8C KC 7D 7S JS (talon 3 left)
  Exchange zybots_: discard 9C 10C 9H -> draw 8D 10H JH (talon 0 left)

--- Phase: declare ---
  Declare point: zybots_ wins 5 pts (('point', 5, 'S'))
  Declare sequence: segfault_society wins 3 pts (('sequence', 3, 11, 'D'))
  Declare set: zybots_ wins 3 pts (('set', 3, 14))

--- Phase: tricks ---
  Trick  1: segfault_society leads AH, zybots_ plays 10H -> segfault_society wins
  Trick  2: segfault_society leads KD, zybots_ plays AD -> zybots_ wins
  Trick  3: zybots_ leads KS, segfault_society plays 7S -> zybots_ wins
  Trick  4: zybots_ leads KH, segfault_society plays QH -> zybots_ wins
  Trick  5: zybots_ leads AC, segfault_society plays 8C -> zybots_ wins
  Trick  6: zybots_ leads AS, segfault_society plays JS -> zybots_ wins
  Trick  7: zybots_ leads 8S, segfault_society plays QS -> segfault_society wins
  Trick  8: segfault_society leads KC, zybots_ plays 8D -> segfault_society wins
  Trick  9: segfault_society leads JD, zybots_ plays QD -> zybots_ wins
  Trick 10: zybots_ leads 9S, segfault_society plays 7D -> zybots_ wins
  Trick 11: zybots_ leads 10S, segfault_society plays 9D -> zybots_ wins
  Trick 12: zybots_ leads JH, segfault_society plays 10D -> zybots_ wins
  Hand: zybots_ +28 / segfault_society +6 (tricks 9-3)
  Match total: zybots_ 28 - 6 segfault_society
Players: zybots_ vs segfault_society
Dealer: segfault_society  |  Elder: zybots_
Match scores: 28 - 6
Talon (8): 9C 9D 10D KD JH JS QS KS
zybots_ hand: 8C KC AC JD QD AD 10H KH AH 7S 8S 9S
segfault_society hand: 7C 10C JC QC 7D 8D 7H 8H 9H QH 10S AS
  Exchange zybots_: discard 8C KC JD QD 10H -> draw 9C 9D KD QS KS (talon 3 left)
  Exchange segfault_society: discard 7D 8D 10S -> draw 10D JH JS (talon 0 left)

--- Phase: declare ---
  Declare sequence: segfault_society wins 3 pts (('sequence', 3, 12, 'C'))
  Declare set: zybots_ wins 3 pts (('set', 3, 14))

--- Phase: tricks ---
  Trick  1: zybots_ leads KH, segfault_society plays 7H -> zybots_ wins
  Trick  2: zybots_ leads KD, segfault_society plays 10D -> zybots_ wins
  Trick  3: zybots_ leads AC, segfault_society plays 7C -> zybots_ wins
  Trick  4: zybots_ leads AD, segfault_society plays 8H -> zybots_ wins
  Trick  5: zybots_ leads AH, segfault_society plays 9H -> zybots_ wins
  Trick  6: zybots_ leads 7S, segfault_society plays JS -> segfault_society wins
  Trick  7: segfault_society leads QH, zybots_ plays 8S -> segfault_society wins
  Trick  8: segfault_society leads AS, zybots_ plays 9S -> segfault_society wins
  Trick  9: segfault_society leads JH, zybots_ plays 9C -> segfault_society wins
  Trick 10: segfault_society leads QC, zybots_ plays 9D -> segfault_society wins
  Trick 11: segfault_society leads JC, zybots_ plays QS -> segfault_society wins
  Trick 12: segfault_society leads 10C, zybots_ plays KS -> segfault_society wins
  Hand: zybots_ +8 / segfault_society +21 (tricks 5-7)
  Match total: zybots_ 36 - 27 segfault_society
Players: zybots_ vs segfault_society
Dealer: zybots_  |  Elder: segfault_society
Match scores: 36 - 27
Talon (8): QC 7D 9D QD JH 8S 10S JS
zybots_ hand: 7C 8C 9C JC AC JD KD 10H KH AH 9S KS
segfault_society hand: 10C KC 8D 10D AD 7H 8H 9H QH 7S QS AS
  Exchange segfault_society: discard 10C 8D 10D 7S QS -> draw QC 9D QD 8S JS (talon 3 left)
  Exchange zybots_: discard JD 10H 9S -> draw 7D JH 10S (talon 0 left)

--- Phase: declare ---
  Declare point: zybots_ wins 5 pts (('point', 5, 'C'))
  Declare set: zybots_ wins 3 pts (('set', 3, 13))

--- Phase: tricks ---
  Trick  1: segfault_society leads AD, zybots_ plays 7D -> segfault_society wins
  Trick  2: segfault_society leads AS, zybots_ plays 10S -> segfault_society wins
  Trick  3: segfault_society leads QH, zybots_ plays KH -> zybots_ wins
  Trick  4: zybots_ leads KS, segfault_society plays 8S -> zybots_ wins
  Trick  5: zybots_ leads KD, segfault_society plays 9D -> zybots_ wins
  Trick  6: zybots_ leads AC, segfault_society plays QC -> zybots_ wins
  Trick  7: zybots_ leads AH, segfault_society plays 7H -> zybots_ wins
  Trick  8: zybots_ leads 7C, segfault_society plays KC -> segfault_society wins
  Trick  9: segfault_society leads QD, zybots_ plays 8C -> segfault_society wins
  Trick 10: segfault_society leads 9H, zybots_ plays JH -> zybots_ wins
  Trick 11: zybots_ leads 9C, segfault_society plays 8H -> zybots_ wins
  Trick 12: zybots_ leads JC, segfault_society plays JS -> zybots_ wins
  Hand: zybots_ +27 / segfault_society +4 (tricks 8-4)
  Match total: zybots_ 63 - 31 segfault_society
Players: zybots_ vs segfault_society
Dealer: segfault_society  |  Elder: zybots_
Match scores: 63 - 31
Talon (8): 10C QD KD 9H 10H KH 9S 10S
zybots_ hand: 7C 9C JC QC AC 10D AD QH AH 8S JS KS
segfault_society hand: 8C KC 7D 8D 9D JD 7H 8H JH 7S QS AS
  Exchange zybots_: discard 10D QH 8S JS KS -> draw 10C QD KD 10H 10S (talon 3 left)
  Exchange segfault_society: discard 8C 7H 7S -> draw 9H KH 9S (talon 0 left)

--- Phase: declare ---
  Declare point: zybots_ wins 6 pts (('point', 6, 'C'))
  Declare sequence: zybots_ wins 4 pts (('sequence', 4, 12, 'C'))
  Declare set: zybots_ wins 3 pts (('set', 3, 14))

--- Phase: tricks ---
  Trick  1: zybots_ leads QD, segfault_society plays 7D -> zybots_ wins
  Trick  2: zybots_ leads KD, segfault_society plays 8D -> zybots_ wins
  Trick  3: zybots_ leads AH, segfault_society plays 8H -> zybots_ wins
  Trick  4: zybots_ leads AD, segfault_society plays 9D -> zybots_ wins
  Trick  5: zybots_ leads AC, segfault_society plays KC -> zybots_ wins
  Trick  6: zybots_ leads 7C, segfault_society plays 9H -> zybots_ wins
  Trick  7: zybots_ leads 9C, segfault_society plays 9S -> zybots_ wins
  Trick  8: zybots_ leads 10C, segfault_society plays JH -> zybots_ wins
  Trick  9: zybots_ leads JC, segfault_society plays JD -> zybots_ wins
  Trick 10: zybots_ leads QC, segfault_society plays QS -> zybots_ wins
  Trick 11: zybots_ leads 10H, segfault_society plays KH -> segfault_society wins
  Trick 12: segfault_society leads AS, zybots_ plays 10S -> segfault_society wins
  Hand: zybots_ +33 / segfault_society +3 (tricks 10-2)
  Match total: zybots_ 96 - 34 segfault_society
Players: zybots_ vs segfault_society
Dealer: zybots_  |  Elder: segfault_society
Match scores: 96 - 34
Talon (8): JC 9D 10D QH 8S 9S QS AS
zybots_ hand: 7C KC AC 8D QD KD AD 7H 8H KH AH 7S
segfault_society hand: 8C 9C 10C QC 7D JD 9H 10H JH 10S JS KS
  Exchange segfault_society: discard 7D 9H 10H 10S JS -> draw 9D 10D QH 9S AS (talon 3 left)
  Exchange zybots_: discard 7C 7H 7S -> draw JC 8S QS (talon 0 left)

--- Phase: declare ---
  Declare point: zybots_ wins 4 pts (('point', 4, 'D'))
  Declare sequence: zybots_ wins 3 pts (('sequence', 3, 14, 'D'))
  Declare set: zybots_ wins 3 pts (('set', 3, 14))

--- Phase: tricks ---
  Trick  1: segfault_society leads AS, zybots_ plays 8S -> segfault_society wins
  Trick  2: segfault_society leads KS, zybots_ plays QS -> segfault_society wins
  Trick  3: segfault_society leads QC, zybots_ plays KC -> zybots_ wins
  Trick  4: zybots_ leads QD, segfault_society plays 9D -> zybots_ wins
  Trick  5: zybots_ leads KH, segfault_society plays JH -> zybots_ wins
  Trick  6: zybots_ leads KD, segfault_society plays 10D -> zybots_ wins
  Trick  7: zybots_ leads AD, segfault_society plays JD -> zybots_ wins
  Trick  8: zybots_ leads AH, segfault_society plays QH -> zybots_ wins
  Trick  9: zybots_ leads AC, segfault_society plays 8C -> zybots_ wins
  Trick 10: zybots_ leads 8D, segfault_society plays 9C -> zybots_ wins
  Trick 11: zybots_ leads 8H, segfault_society plays 9S -> zybots_ wins
  Trick 12: zybots_ leads JC, segfault_society plays 10C -> zybots_ wins
  Hand: zybots_ +31 / segfault_society +2 (tricks 10-2)
  Match total: zybots_ 127 - 36 segfault_society
  Final: zybots_ 127 - 36 segfault_society
  Winner: zybots_

============================================================
Game 35
============================================================
Players: segfault_society vs zybots_
Dealer: segfault_society  |  Elder: zybots_
Match scores: 0 - 0
Talon (8): 8C 10C 7H 8H QH AH 9S AS
segfault_society hand: 7C 9C JC 7D 10D KD 9H 10H 8S JS QS KS
zybots_ hand: QC KC AC 8D 9D JD QD AD JH KH 7S 10S
  Exchange zybots_: discard 8D JH KH 7S 10S -> draw 10C 8H QH AH AS (talon 3 left)
  Exchange segfault_society: discard 7C 9C 7D -> draw 8C 7H 9S (talon 0 left)

--- Phase: declare ---
  Declare point: segfault_society wins 5 pts (('point', 5, 'S'))
  Declare sequence: zybots_ wins 3 pts (('sequence', 3, 14, 'C'))
  Declare set: zybots_ wins 14 pts (('set', 4, 14))

--- Phase: tricks ---
  Trick  1: zybots_ leads QC, segfault_society plays 8C -> zybots_ wins
  Trick  2: zybots_ leads KC, segfault_society plays JC -> zybots_ wins
  Trick  3: zybots_ leads AC, segfault_society plays 7H -> zybots_ wins
  Trick  4: zybots_ leads AD, segfault_society plays 10D -> zybots_ wins
  Trick  5: zybots_ leads AH, segfault_society plays 9H -> zybots_ wins
  Trick  6: zybots_ leads AS, segfault_society plays 8S -> zybots_ wins
  Trick  7: zybots_ leads 9D, segfault_society plays KD -> segfault_society wins
  Trick  8: segfault_society leads KS, zybots_ plays 8H -> segfault_society wins
  Trick  9: segfault_society leads QS, zybots_ plays 10C -> segfault_society wins
  Trick 10: segfault_society leads JS, zybots_ plays JD -> segfault_society wins
  Trick 11: segfault_society leads 10H, zybots_ plays QH -> zybots_ wins
  Trick 12: zybots_ leads QD, segfault_society plays 9S -> zybots_ wins
  Hand: segfault_society +9 / zybots_ +36 (tricks 4-8)
  Match total: segfault_society 9 - 36 zybots_
Players: segfault_society vs zybots_
Dealer: zybots_  |  Elder: segfault_society
Match scores: 9 - 36
Talon (8): 7C QC 7D 10D AD 8H QH JS
segfault_society hand: 9C JC KC 8D 9D KD 10H KH AH 8S KS AS
zybots_ hand: 8C 10C AC JD QD 7H 9H JH 7S 9S 10S QS
  Exchange segfault_society: discard 9C 8D 9D 10H 8S -> draw 7C QC 10D AD 8H (talon 3 left)
  Exchange zybots_: discard 8C 7H 9H -> draw 7D QH JS (talon 0 left)

--- Phase: declare ---
  Declare point: zybots_ wins 5 pts (('point', 5, 'S'))
  Declare sequence: zybots_ wins 4 pts (('sequence', 4, 12, 'S'))
  Declare set: segfault_society wins 3 pts (('set', 3, 14))

--- Phase: tricks ---
  Trick  1: segfault_society leads AH, zybots_ plays JH -> segfault_society wins
  Trick  2: segfault_society leads AD, zybots_ plays 7D -> segfault_society wins
  Trick  3: segfault_society leads AS, zybots_ plays 7S -> segfault_society wins
  Trick  4: segfault_society leads KD, zybots_ plays JD -> segfault_society wins
  Trick  5: segfault_society leads KH, zybots_ plays QH -> segfault_society wins
  Trick  6: segfault_society leads KS, zybots_ plays 9S -> segfault_society wins
  Trick  7: segfault_society leads KC, zybots_ plays AC -> zybots_ wins
  Trick  8: zybots_ leads 10S, segfault_society plays 7C -> zybots_ wins
  Trick  9: zybots_ leads JS, segfault_society plays 8H -> zybots_ wins
  Trick 10: zybots_ leads QD, segfault_society plays 10D -> zybots_ wins
  Trick 11: zybots_ leads QS, segfault_society plays JC -> zybots_ wins
  Trick 12: zybots_ leads 10C, segfault_society plays QC -> segfault_society wins
  Hand: segfault_society +21 / zybots_ +14 (tricks 7-5)
  Match total: segfault_society 30 - 50 zybots_
Players: segfault_society vs zybots_
Dealer: segfault_society  |  Elder: zybots_
Match scores: 30 - 50
Talon (8): 10C AC KD AD 10H KH 9S AS
segfault_society hand: 8C QC 9D 10D JD 7H 8H 9H QH AH 10S QS
zybots_ hand: 7C 9C JC KC 7D 8D QD JH 7S 8S JS KS
  Exchange zybots_: discard 7D 8D QD 7S 8S -> draw 10C AC AD 10H KH (talon 3 left)
  Exchange segfault_society: discard 8C 9D 10D -> draw KD 9S AS (talon 0 left)

--- Phase: declare ---
  Declare point: zybots_ wins 6 pts (('point', 6, 'C'))
  Declare sequence: zybots_ wins 3 pts (('sequence', 3, 11, 'C'))
  Declare set: zybots_ wins 3 pts (('set', 3, 13))

--- Phase: tricks ---
  Trick  1: zybots_ leads KC, segfault_society plays QC -> zybots_ wins
  Trick  2: zybots_ leads AC, segfault_society plays 7H -> zybots_ wins
  Trick  3: zybots_ leads AD, segfault_society plays JD -> zybots_ wins
  Trick  4: zybots_ leads 7C, segfault_society plays 8H -> zybots_ wins
  Trick  5: zybots_ leads 10H, segfault_society plays QH -> segfault_society wins
  Trick  6: segfault_society leads AS, zybots_ plays JS -> segfault_society wins
  Trick  7: segfault_society leads AH, zybots_ plays JH -> segfault_society wins
  Trick  8: segfault_society leads KD, zybots_ plays 9C -> segfault_society wins
  Trick  9: segfault_society leads QS, zybots_ plays KS -> zybots_ wins
  Trick 10: zybots_ leads KH, segfault_society plays 9H -> zybots_ wins
  Trick 11: zybots_ leads 10C, segfault_society plays 9S -> zybots_ wins
  Trick 12: zybots_ leads JC, segfault_society plays 10S -> zybots_ wins
  Hand: segfault_society +4 / zybots_ +31 (tricks 4-8)
  Match total: segfault_society 34 - 81 zybots_
Players: segfault_society vs zybots_
Dealer: zybots_  |  Elder: segfault_society
Match scores: 34 - 81
Talon (8): 7D 10D JD KD AD KH AH 8S
segfault_society hand: 7C 9C JC 8D 9D 7H 8H 9H 10H 7S 10S KS
zybots_ hand: 8C 10C QC KC AC QD JH QH 9S JS QS AS
  Exchange segfault_society: discard 7C 9C 8D 9D 7S -> draw 7D 10D KD AD 8S (talon 3 left)
  Exchange zybots_: discard JH 9S JS -> draw JD KH AH (talon 0 left)

--- Phase: declare ---
  Declare point: zybots_ wins 5 pts (('point', 5, 'C'))
  Declare sequence: segfault_society wins 4 pts (('sequence', 4, 10, 'H'))
  Declare set: zybots_ wins 3 pts (('set', 3, 14))

--- Phase: tricks ---
  Trick  1: segfault_society leads AD, zybots_ plays JD -> segfault_society wins
  Trick  2: segfault_society leads KD, zybots_ plays QD -> segfault_society wins
  Trick  3: segfault_society leads 10H, zybots_ plays QH -> zybots_ wins
  Trick  4: zybots_ leads QC, segfault_society plays JC -> zybots_ wins
  Trick  5: zybots_ leads KC, segfault_society plays 7H -> zybots_ wins
  Trick  6: zybots_ leads KH, segfault_society plays 8H -> zybots_ wins
  Trick  7: zybots_ leads AC, segfault_society plays 7D -> zybots_ wins
  Trick  8: zybots_ leads AS, segfault_society plays 8S -> zybots_ wins
  Trick  9: zybots_ leads AH, segfault_society plays 9H -> zybots_ wins
  Trick 10: zybots_ leads 8C, segfault_society plays 10S -> zybots_ wins
  Trick 11: zybots_ leads 10C, segfault_society plays 10D -> zybots_ wins
  Trick 12: zybots_ leads QS, segfault_society plays KS -> segfault_society wins
  Hand: segfault_society +8 / zybots_ +27 (tricks 3-9)
  Match total: segfault_society 42 - 108 zybots_
  Final: segfault_society 42 - 108 zybots_
  Winner: zybots_

============================================================
Game 36
============================================================
Players: zybots_ vs segfault_society
Dealer: zybots_  |  Elder: segfault_society
Match scores: 0 - 0
Talon (8): 9C 10C 7D 8D 7H 8H 9H 8S
zybots_ hand: 8C QC AC 9D KD JH QH AH 9S 10S JS AS
segfault_society hand: 7C JC KC 10D JD QD AD 10H KH 7S QS KS
  Exchange segfault_society: discard 7C JC 10H 7S QS -> draw 9C 8D 7H 9H 8S (talon 3 left)
  Exchange zybots_: discard 8C 9D JH -> draw 10C 7D 8H (talon 0 left)

--- Phase: declare ---
  Declare point: segfault_society wins 5 pts (('point', 5, 'D'))
  Declare sequence: segfault_society wins 3 pts (('sequence', 3, 12, 'D'))
  Declare set: zybots_ wins 3 pts (('set', 3, 14))

--- Phase: tricks ---
  Trick  1: segfault_society leads AD, zybots_ plays 7D -> segfault_society wins
  Trick  2: segfault_society leads QD, zybots_ plays KD -> zybots_ wins
  Trick  3: zybots_ leads AC, segfault_society plays 9C -> zybots_ wins
  Trick  4: zybots_ leads AS, segfault_society plays 8S -> zybots_ wins
  Trick  5: zybots_ leads AH, segfault_society plays 7H -> zybots_ wins
  Trick  6: zybots_ leads 9S, segfault_society plays KS -> segfault_society wins
  Trick  7: segfault_society leads KH, zybots_ plays 8H -> segfault_society wins
  Trick  8: segfault_society leads KC, zybots_ plays 10C -> segfault_society wins
  Trick  9: segfault_society leads JD, zybots_ plays 10S -> segfault_society wins
  Trick 10: segfault_society leads 10D, zybots_ plays JS -> segfault_society wins
  Trick 11: segfault_society leads 9H, zybots_ plays QH -> zybots_ wins
  Trick 12: zybots_ leads QC, segfault_society plays 8D -> zybots_ wins
  Hand: zybots_ +10 / segfault_society +14 (tricks 6-6)
  Match total: zybots_ 10 - 14 segfault_society
Players: zybots_ vs segfault_society
Dealer: segfault_society  |  Elder: zybots_
Match scores: 10 - 14
Talon (8): 7C 8C 8D 9D KD AD 9H QH
zybots_ hand: 9C JC AC 7D 7H 10H JH KH 7S 9S JS AS
segfault_society hand: 10C QC KC 10D JD QD 8H AH 8S 10S QS KS
  Exchange zybots_: discard 9C AC 7D 7S 9S -> draw 7C KD AD 9H QH (talon 3 left)
  Exchange segfault_society: discard 10C QC 8H -> draw 8C 8D 9D (talon 0 left)

--- Phase: declare ---
  Declare point: zybots_ wins 6 pts (('point', 6, 'H'))
  Declare sequence: zybots_ wins 10 pts (('sequence', 5, 13, 'H'))
  Declare set: zybots_ wins 3 pts (('set', 3, 11))

--- Phase: tricks ---
  Trick  1: zybots_ leads KD, segfault_society plays 8D -> zybots_ wins
  Trick  2: zybots_ leads AS, segfault_society plays 8S -> zybots_ wins
  Trick  3: zybots_ leads AD, segfault_society plays 9D -> zybots_ wins
  Trick  4: zybots_ leads 7H, segfault_society plays AH -> segfault_society wins
  Trick  5: segfault_society leads KS, zybots_ plays JS -> segfault_society wins
  Trick  6: segfault_society leads QD, zybots_ plays 7C -> segfault_society wins
  Trick  7: segfault_society leads QS, zybots_ plays 9H -> segfault_society wins
  Trick  8: segfault_society leads JD, zybots_ plays 10H -> segfault_society wins
  Trick  9: segfault_society leads 10D, zybots_ plays JH -> segfault_society wins
  Trick 10: segfault_society leads KC, zybots_ plays JC -> segfault_society wins
  Trick 11: segfault_society leads 10S, zybots_ plays QH -> segfault_society wins
  Trick 12: segfault_society leads 8C, zybots_ plays KH -> segfault_society wins
  Hand: zybots_ +22 / segfault_society +20 (tricks 3-9)
  Match total: zybots_ 32 - 34 segfault_society
Players: zybots_ vs segfault_society
Dealer: zybots_  |  Elder: segfault_society
Match scores: 32 - 34
Talon (8): 7C 8C 9C KC 9D 7H 8S JS
zybots_ hand: 10C QC AC 7D 8D 10D QD KD 9H JH 10S QS
segfault_society hand: JC JD AD 8H 10H QH KH AH 7S 9S KS AS
  Exchange segfault_society: discard JC JD 8H 7S 9S -> draw 8C KC 7H 8S JS (talon 3 left)
  Exchange zybots_: discard AC 9H JH -> draw 7C 9C 9D (talon 0 left)

--- Phase: declare ---
  Declare point: zybots_ wins 6 pts (('point', 6, 'D'))
  Declare sequence: zybots_ wins 4 pts (('sequence', 4, 10, 'D'))
  Declare set: segfault_society wins 3 pts (('set', 3, 14))

--- Phase: tricks ---
  Trick  1: segfault_society leads AH, zybots_ plays 7D -> segfault_society wins
  Trick  2: segfault_society leads AS, zybots_ plays 10S -> segfault_society wins
  Trick  3: segfault_society leads KH, zybots_ plays 7C -> segfault_society wins
  Trick  4: segfault_society leads KS, zybots_ plays QS -> segfault_society wins
  Trick  5: segfault_society leads QH, zybots_ plays 8D -> segfault_society wins
  Trick  6: segfault_society leads AD, zybots_ plays 9D -> segfault_society wins
  Trick  7: segfault_society leads KC, zybots_ plays 9C -> segfault_society wins
  Trick  8: segfault_society leads JS, zybots_ plays 10C -> segfault_society wins
  Trick  9: segfault_society leads 10H, zybots_ plays 10D -> segfault_society wins
  Trick 10: segfault_society leads 8S, zybots_ plays QD -> segfault_society wins
  Trick 11: segfault_society leads 8C, zybots_ plays QC -> zybots_ wins
  Trick 12: zybots_ leads KD, segfault_society plays 7H -> zybots_ wins
  Hand: zybots_ +13 / segfault_society +23 (tricks 2-10)
  Match total: zybots_ 45 - 57 segfault_society
Players: zybots_ vs segfault_society
Dealer: segfault_society  |  Elder: zybots_
Match scores: 45 - 57
Talon (8): 9C 8D KD 10H QH 7S 9S AS
zybots_ hand: 7C 8C 10C QC AC 7D 9D 8H JH AH JS KS
segfault_society hand: JC KC 10D JD QD AD 7H 9H KH 8S 10S QS
  Exchange zybots_: discard 7D 9D 8H JH JS -> draw 8D KD 10H 7S 9S (talon 3 left)
  Exchange segfault_society: discard 7H 9H 8S -> draw 9C QH AS (talon 0 left)

--- Phase: declare ---
  Declare point: zybots_ wins 5 pts (('point', 5, 'C'))
  Declare sequence: segfault_society wins 3 pts (('sequence', 3, 12, 'D'))
  Declare set: segfault_society wins 3 pts (('set', 3, 12))

--- Phase: tricks ---
  Trick  1: zybots_ leads AC, segfault_society plays 9C -> zybots_ wins
  Trick  2: zybots_ leads AH, segfault_society plays QH -> zybots_ wins
  Trick  3: zybots_ leads 7C, segfault_society plays JC -> segfault_society wins
  Trick  4: segfault_society leads AD, zybots_ plays 8D -> segfault_society wins
  Trick  5: segfault_society leads AS, zybots_ plays 7S -> segfault_society wins
  Trick  6: segfault_society leads KC, zybots_ plays 8C -> segfault_society wins
  Trick  7: segfault_society leads KH, zybots_ plays 10H -> segfault_society wins
  Trick  8: segfault_society leads QD, zybots_ plays KD -> zybots_ wins
  Trick  9: zybots_ leads KS, segfault_society plays 10S -> zybots_ wins
  Trick 10: zybots_ leads 10C, segfault_society plays 10D -> zybots_ wins
  Trick 11: zybots_ leads QC, segfault_society plays JD -> zybots_ wins
  Trick 12: zybots_ leads 9S, segfault_society plays QS -> segfault_society wins
  Hand: zybots_ +11 / segfault_society +13 (tricks 6-6)
  Match total: zybots_ 56 - 70 segfault_society
Players: zybots_ vs segfault_society
Dealer: zybots_  |  Elder: segfault_society
Match scores: 56 - 70
Talon (8): 10C 7D 9D JD KD AD 7S 8S
zybots_ hand: 9C JC QC AC 10D QD 7H 9H 10H KH QS KS
segfault_society hand: 7C 8C KC 8D 8H JH QH AH 9S 10S JS AS
  Exchange segfault_society: discard 7C 8C 8D 8H JH -> draw 10C JD KD AD 8S (talon 3 left)
  Exchange zybots_: discard 10D 7H 9H -> draw 7D 9D 7S (talon 0 left)

--- Phase: declare ---
  Declare point: segfault_society wins 5 pts (('point', 5, 'S'))
  Declare sequence: segfault_society wins 4 pts (('sequence', 4, 11, 'S'))
  Declare set: segfault_society wins 3 pts (('set', 3, 14))

--- Phase: tricks ---
  Trick  1: segfault_society leads AS, zybots_ plays 7S -> segfault_society wins
  Trick  2: segfault_society leads AD, zybots_ plays 7D -> segfault_society wins
  Trick  3: segfault_society leads AH, zybots_ plays 10H -> segfault_society wins
  Trick  4: segfault_society leads KD, zybots_ plays 9D -> segfault_society wins
  Trick  5: segfault_society leads JS, zybots_ plays QS -> zybots_ wins
  Trick  6: zybots_ leads QD, segfault_society plays JD -> zybots_ wins
  Trick  7: zybots_ leads KH, segfault_society plays QH -> zybots_ wins
  Trick  8: zybots_ leads KS, segfault_society plays 8S -> zybots_ wins
  Trick  9: zybots_ leads AC, segfault_society plays 10C -> zybots_ wins
  Trick 10: zybots_ leads 9C, segfault_society plays KC -> segfault_society wins
  Trick 11: segfault_society leads 10S, zybots_ plays JC -> segfault_society wins
  Trick 12: segfault_society leads 9S, zybots_ plays QC -> segfault_society wins
  Hand: zybots_ +5 / segfault_society +30 (tricks 5-7)
  Match total: zybots_ 61 - 100 segfault_society
  Final: zybots_ 61 - 100 segfault_society
  Winner: segfault_society

============================================================
Game 37
============================================================
Players: segfault_society vs zybots_
Dealer: segfault_society  |  Elder: zybots_
Match scores: 0 - 0
Talon (8): 9C AC KD 7H 10H JH QS KS
segfault_society hand: QC KC 7D 8D JD 8H QH 7S 8S 9S JS AS
zybots_ hand: 7C 8C 10C JC 9D 10D QD AD 9H KH AH 10S
  Exchange zybots_: discard 7C 8C JC 9H KH -> draw 9C 7H 10H JH KS (talon 3 left)
  Exchange segfault_society: discard 7D 8D 8H -> draw AC KD QS (talon 0 left)

--- Phase: declare ---
  Declare point: segfault_society wins 6 pts (('point', 6, 'S'))
  Declare sequence: segfault_society wins 3 pts (('sequence', 3, 14, 'C'))
  Declare set: segfault_society wins 3 pts (('set', 3, 12))

--- Phase: tricks ---
  Trick  1: zybots_ leads AH, segfault_society plays QH -> zybots_ wins
  Trick  2: zybots_ leads AD, segfault_society plays JD -> zybots_ wins
  Trick  3: zybots_ leads 9D, segfault_society plays KD -> segfault_society wins
  Trick  4: segfault_society leads AS, zybots_ plays 10S -> segfault_society wins
  Trick  5: segfault_society leads AC, zybots_ plays 9C -> segfault_society wins
  Trick  6: segfault_society leads KC, zybots_ plays 10C -> segfault_society wins
  Trick  7: segfault_society leads QC, zybots_ plays 7H -> segfault_society wins
  Trick  8: segfault_society leads QS, zybots_ plays KS -> zybots_ wins
  Trick  9: zybots_ leads 10D, segfault_society plays 7S -> zybots_ wins
  Trick 10: zybots_ leads 10H, segfault_society plays 8S -> zybots_ wins
  Trick 11: zybots_ leads QD, segfault_society plays 9S -> zybots_ wins
  Trick 12: zybots_ leads JH, segfault_society plays JS -> zybots_ wins
  Hand: segfault_society +17 / zybots_ +18 (tricks 5-7)
  Match total: segfault_society 17 - 18 zybots_
Players: segfault_society vs zybots_
Dealer: zybots_  |  Elder: segfault_society
Match scores: 17 - 18
Talon (8): AC 10D 8H 9H 10H 7S 8S QS
segfault_society hand: 7C 8C 10C QC 7D 9D KD AD JH 9S JS KS
zybots_ hand: 9C JC KC 8D JD QD 7H QH KH AH 10S AS
  Exchange segfault_society: discard 7C 8C 10C 9S JS -> draw AC 10D 9H 7S QS (talon 3 left)
  Exchange zybots_: discard 9C 8D 10S -> draw 8H 10H 8S (talon 0 left)

--- Phase: declare ---
  Declare point: zybots_ wins 6 pts (('point', 6, 'H'))
  Declare sequence: zybots_ wins 3 pts (('sequence', 3, 14, 'H'))

--- Phase: tricks ---
  Trick  1: segfault_society leads AD, zybots_ plays JD -> segfault_society wins
  Trick  2: segfault_society leads KD, zybots_ plays QD -> segfault_society wins
  Trick  3: segfault_society leads AC, zybots_ plays JC -> segfault_society wins
  Trick  4: segfault_society leads KS, zybots_ plays AS -> zybots_ wins
  Trick  5: zybots_ leads QH, segfault_society plays 9H -> zybots_ wins
  Trick  6: zybots_ leads KH, segfault_society plays JH -> zybots_ wins
  Trick  7: zybots_ leads KC, segfault_society plays QC -> zybots_ wins
  Trick  8: zybots_ leads AH, segfault_society plays 7D -> zybots_ wins
  Trick  9: zybots_ leads 7H, segfault_society plays 7S -> zybots_ wins
  Trick 10: zybots_ leads 8H, segfault_society plays 9D -> zybots_ wins
  Trick 11: zybots_ leads 10H, segfault_society plays 10D -> zybots_ wins
  Trick 12: zybots_ leads 8S, segfault_society plays QS -> segfault_society wins
  Hand: segfault_society +5 / zybots_ +27 (tricks 4-8)
  Match total: segfault_society 22 - 45 zybots_
Players: segfault_society vs zybots_
Dealer: segfault_society  |  Elder: zybots_
Match scores: 22 - 45
Talon (8): 7C 10C AC 7D AD 7H 10S JS
segfault_society hand: 9C QC 10D QD 8H 9H JH AH 7S 8S 9S QS
zybots_ hand: 8C JC KC 8D 9D JD KD 10H QH KH KS AS
  Exchange zybots_: discard 8C JC 10H QH AS -> draw 7C 10C AC 7H 10S (talon 3 left)
  Exchange segfault_society: discard 9C QC 10D -> draw 7D AD JS (talon 0 left)

--- Phase: declare ---
  Declare point: segfault_society wins 5 pts (('point', 5, 'S'))
  Declare sequence: segfault_society wins 3 pts (('sequence', 3, 9, 'S'))
  Declare set: zybots_ wins 14 pts (('set', 4, 13))

--- Phase: tricks ---
  Trick  1: zybots_ leads KC, segfault_society plays 7S -> zybots_ wins
  Trick  2: zybots_ leads AC, segfault_society plays 7D -> zybots_ wins
  Trick  3: zybots_ leads 8D, segfault_society plays QD -> segfault_society wins
  Trick  4: segfault_society leads AH, zybots_ plays 7H -> segfault_society wins
  Trick  5: segfault_society leads AD, zybots_ plays 9D -> segfault_society wins
  Trick  6: segfault_society leads QS, zybots_ plays KS -> zybots_ wins
  Trick  7: zybots_ leads KH, segfault_society plays 8H -> zybots_ wins
  Trick  8: zybots_ leads KD, segfault_society plays 8S -> zybots_ wins
  Trick  9: zybots_ leads 7C, segfault_society plays 9H -> zybots_ wins
  Trick 10: zybots_ leads JD, segfault_society plays 9S -> zybots_ wins
  Trick 11: zybots_ leads 10C, segfault_society plays JH -> zybots_ wins
  Trick 12: zybots_ leads 10S, segfault_society plays JS -> segfault_society wins
  Hand: segfault_society +13 / zybots_ +32 (tricks 4-8)
  Match total: segfault_society 35 - 77 zybots_
Players: segfault_society vs zybots_
Dealer: zybots_  |  Elder: segfault_society
Match scores: 35 - 77
Talon (8): KC 8D 7H 9H 10H QH 9S 10S
segfault_society hand: 7C 10C 7D 10D JD AH 7S 8S JS QS KS AS
zybots_ hand: 8C 9C JC QC AC 9D QD KD AD 8H JH KH
  Exchange segfault_society: discard 7C 10C 7D 10D JD -> draw KC 8D 9H 10H 9S (talon 3 left)
  Exchange zybots_: discard 9D 8H JH -> draw 7H QH 10S (talon 0 left)

--- Phase: declare ---
  Declare point: segfault_society wins 7 pts (('point', 7, 'S'))
  Declare sequence: segfault_society wins 4 pts (('sequence', 4, 14, 'S'))
  Declare set: zybots_ wins 3 pts (('set', 3, 12))

--- Phase: tricks ---
  Trick  1: segfault_society leads AS, zybots_ plays 10S -> segfault_society wins
  Trick  2: segfault_society leads KS, zybots_ plays 7H -> segfault_society wins
  Trick  3: segfault_society leads QS, zybots_ plays 8C -> segfault_society wins
  Trick  4: segfault_society leads JS, zybots_ plays 9C -> segfault_society wins
  Trick  5: segfault_society leads AH, zybots_ plays QH -> segfault_society wins
  Trick  6: segfault_society leads 9S, zybots_ plays JC -> segfault_society wins
  Trick  7: segfault_society leads 10H, zybots_ plays KH -> zybots_ wins
  Trick  8: zybots_ leads QD, segfault_society plays 8D -> zybots_ wins
  Trick  9: zybots_ leads KD, segfault_society plays 7S -> zybots_ wins
  Trick 10: zybots_ leads AC, segfault_society plays KC -> zybots_ wins
  Trick 11: zybots_ leads AD, segfault_society plays 8S -> zybots_ wins
  Trick 12: zybots_ leads QC, segfault_society plays 9H -> zybots_ wins
  Hand: segfault_society +17 / zybots_ +10 (tricks 6-6)
  Match total: segfault_society 52 - 87 zybots_
Players: segfault_society vs zybots_
Dealer: segfault_society  |  Elder: zybots_
Match scores: 52 - 87
Talon (8): JD 7H 10H JH QH AH QS AS
segfault_society hand: 7C 8C QC 8D 9D KD 9H 7S 9S 10S JS KS
zybots_ hand: 9C 10C JC KC AC 7D 10D QD AD 8H KH 8S
  Exchange zybots_: discard 7D 10D QD 8H 8S -> draw 7H JH AH QS AS (talon 3 left)
  Exchange segfault_society: discard 7C 8C 8D -> draw JD 10H QH (talon 0 left)

--- Phase: declare ---
  Declare point: zybots_ wins 5 pts (('point', 5, 'C'))
  Declare set: zybots_ wins 14 pts (('set', 4, 14))

--- Phase: tricks ---
  Trick  1: zybots_ leads KC, segfault_society plays QC -> zybots_ wins
  Trick  2: zybots_ leads KH, segfault_society plays 9H -> zybots_ wins
  Trick  3: zybots_ leads AC, segfault_society plays 7S -> zybots_ wins
  Trick  4: zybots_ leads AD, segfault_society plays 9D -> zybots_ wins
  Trick  5: zybots_ leads AH, segfault_society plays 10H -> zybots_ wins
  Trick  6: zybots_ leads AS, segfault_society plays 9S -> zybots_ wins
  Trick  7: zybots_ leads 9C, segfault_society plays 10S -> zybots_ wins
  Trick  8: zybots_ leads 10C, segfault_society plays JS -> zybots_ wins
  Trick  9: zybots_ leads 7H, segfault_society plays QH -> segfault_society wins
  Trick 10: segfault_society leads KD, zybots_ plays JC -> segfault_society wins
  Trick 11: segfault_society leads KS, zybots_ plays QS -> segfault_society wins
  Trick 12: segfault_society leads JD, zybots_ plays JH -> segfault_society wins
  Hand: segfault_society +5 / zybots_ +37 (tricks 4-8)
  Match total: segfault_society 57 - 124 zybots_
  Final: segfault_society 57 - 124 zybots_
  Winner: zybots_

============================================================
Game 38
============================================================
Players: zybots_ vs segfault_society
Dealer: zybots_  |  Elder: segfault_society
Match scores: 0 - 0
Talon (8): JC 7D 10D 10H 7S 10S QS KS
zybots_ hand: 7C 8C 9C QC KC 9D JD QD KD KH AH JS
segfault_society hand: 10C AC 8D AD 7H 8H 9H JH QH 8S 9S AS
  Exchange segfault_society: discard 10C 8D JH 8S 9S -> draw JC 10D 10H 10S KS (talon 3 left)
  Exchange zybots_: discard 9D AH JS -> draw 7D 7S QS (talon 0 left)

--- Phase: declare ---
  Declare sequence: segfault_society wins 4 pts (('sequence', 4, 10, 'H'))
  Declare set: segfault_society wins 3 pts (('set', 3, 14))

--- Phase: tricks ---
  Trick  1: segfault_society leads AS, zybots_ plays 7S -> segfault_society wins
  Trick  2: segfault_society leads AC, zybots_ plays 7C -> segfault_society wins
  Trick  3: segfault_society leads AD, zybots_ plays 7D -> segfault_society wins
  Trick  4: segfault_society leads KS, zybots_ plays QS -> segfault_society wins
  Trick  5: segfault_society leads QH, zybots_ plays KH -> zybots_ wins
  Trick  6: zybots_ leads JD, segfault_society plays 10D -> zybots_ wins
  Trick  7: zybots_ leads QC, segfault_society plays JC -> zybots_ wins
  Trick  8: zybots_ leads QD, segfault_society plays 7H -> zybots_ wins
  Trick  9: zybots_ leads KD, segfault_society plays 8H -> zybots_ wins
  Trick 10: zybots_ leads KC, segfault_society plays 9H -> zybots_ wins
  Trick 11: zybots_ leads 8C, segfault_society plays 10S -> zybots_ wins
  Trick 12: zybots_ leads 9C, segfault_society plays 10H -> zybots_ wins
  Hand: zybots_ +19 / segfault_society +11 (tricks 8-4)
  Match total: zybots_ 19 - 11 segfault_society
Players: zybots_ vs segfault_society
Dealer: segfault_society  |  Elder: zybots_
Match scores: 19 - 11
Talon (8): QC KC 7D KD 9H JH KH 8S
zybots_ hand: 9C 10C AC 8D 10D QD AD QH 10S JS QS AS
segfault_society hand: 7C 8C JC 9D JD 7H 8H 10H AH 7S 9S KS
  Exchange zybots_: discard 9C 10C 8D 10D QH -> draw 7D KD 9H JH 8S (talon 3 left)
  Exchange segfault_society: discard 7C 8C 7S -> draw QC KC KH (talon 0 left)

--- Phase: declare ---
  Declare point: zybots_ wins 5 pts (('point', 5, 'S'))
  Declare sequence: zybots_ wins 3 pts (('sequence', 3, 14, 'D'))
  Declare set: zybots_ wins 3 pts (('set', 3, 14))

--- Phase: tricks ---
  Trick  1: zybots_ leads QD, segfault_society plays 9D -> zybots_ wins
  Trick  2: zybots_ leads KD, segfault_society plays JD -> zybots_ wins
  Trick  3: zybots_ leads AC, segfault_society plays JC -> zybots_ wins
  Trick  4: zybots_ leads AD, segfault_society plays 7H -> zybots_ wins
  Trick  5: zybots_ leads AS, segfault_society plays 9S -> zybots_ wins
  Trick  6: zybots_ leads 8S, segfault_society plays KS -> segfault_society wins
  Trick  7: segfault_society leads AH, zybots_ plays 9H -> segfault_society wins
  Trick  8: segfault_society leads KH, zybots_ plays JH -> segfault_society wins
  Trick  9: segfault_society leads KC, zybots_ plays 7D -> segfault_society wins
  Trick 10: segfault_society leads QC, zybots_ plays 10S -> segfault_society wins
  Trick 11: segfault_society leads 10H, zybots_ plays JS -> segfault_society wins
  Trick 12: segfault_society leads 8H, zybots_ plays QS -> segfault_society wins
  Hand: zybots_ +16 / segfault_society +18 (tricks 5-7)
  Match total: zybots_ 35 - 29 segfault_society
Players: zybots_ vs segfault_society
Dealer: zybots_  |  Elder: segfault_society
Match scores: 35 - 29
Talon (8): 7C 9D AD 7H JH KH JS AS
zybots_ hand: 8C QC KC 7D 8D JD KD 8H AH 7S 9S 10S
segfault_society hand: 9C 10C JC AC 10D QD 9H 10H QH 8S QS KS
  Exchange segfault_society: discard 10D QD 9H 10H 8S -> draw 7C 9D JH JS AS (talon 3 left)
  Exchange zybots_: discard 8C 8H 7S -> draw AD 7H KH (talon 0 left)

--- Phase: declare ---
  Declare point: segfault_society wins 5 pts (('point', 5, 'C'))
  Declare sequence: segfault_society wins 4 pts (('sequence', 4, 14, 'S'))
  Declare set: zybots_ wins 3 pts (('set', 3, 13))

--- Phase: tricks ---
  Trick  1: segfault_society leads AC, zybots_ plays QC -> segfault_society wins
  Trick  2: segfault_society leads AS, zybots_ plays 9S -> segfault_society wins
  Trick  3: segfault_society leads KS, zybots_ plays 10S -> segfault_society wins
  Trick  4: segfault_society leads QS, zybots_ plays 7D -> segfault_society wins
  Trick  5: segfault_society leads JS, zybots_ plays 7H -> segfault_society wins
  Trick  6: segfault_society leads JC, zybots_ plays KC -> zybots_ wins
  Trick  7: zybots_ leads KD, segfault_society plays 9D -> zybots_ wins
  Trick  8: zybots_ leads KH, segfault_society plays JH -> zybots_ wins
  Trick  9: zybots_ leads AH, segfault_society plays QH -> zybots_ wins
  Trick 10: zybots_ leads AD, segfault_society plays 7C -> zybots_ wins
  Trick 11: zybots_ leads 8D, segfault_society plays 9C -> zybots_ wins
  Trick 12: zybots_ leads JD, segfault_society plays 10C -> zybots_ wins
  Hand: zybots_ +21 / segfault_society +14 (tricks 7-5)
  Match total: zybots_ 56 - 43 segfault_society
Players: zybots_ vs segfault_society
Dealer: segfault_society  |  Elder: zybots_
Match scores: 56 - 43
Talon (8): QC AC JD 8H JH 10S KS AS
zybots_ hand: 8C 9C 10C JC QD KD 9H 10H AH 9S JS QS
segfault_society hand: 7C KC 7D 8D 9D 10D AD 7H QH KH 7S 8S
  Exchange zybots_: discard 9H 10H 9S JS QS -> draw QC AC JH 10S AS (talon 3 left)
  Exchange segfault_society: discard 7C 7H 7S -> draw JD 8H KS (talon 0 left)

--- Phase: declare ---
  Declare point: zybots_ wins 6 pts (('point', 6, 'C'))
  Declare sequence: zybots_ wins 10 pts (('sequence', 5, 12, 'C'))
  Declare set: zybots_ wins 3 pts (('set', 3, 14))

--- Phase: tricks ---
  Trick  1: zybots_ leads AH, segfault_society plays 8H -> zybots_ wins
  Trick  2: zybots_ leads AC, segfault_society plays KC -> zybots_ wins
  Trick  3: zybots_ leads AS, segfault_society plays 8S -> zybots_ wins
  Trick  4: zybots_ leads 8C, segfault_society plays 7D -> zybots_ wins
  Trick  5: zybots_ leads 9C, segfault_society plays 8D -> zybots_ wins
  Trick  6: zybots_ leads 10C, segfault_society plays 9D -> zybots_ wins
  Trick  7: zybots_ leads JC, segfault_society plays 10D -> zybots_ wins
  Trick  8: zybots_ leads QD, segfault_society plays AD -> segfault_society wins
  Trick  9: segfault_society leads KH, zybots_ plays JH -> segfault_society wins
  Trick 10: segfault_society leads KS, zybots_ plays 10S -> segfault_society wins
  Trick 11: segfault_society leads QH, zybots_ plays QC -> segfault_society wins
  Trick 12: segfault_society leads JD, zybots_ plays KD -> zybots_ wins
  Hand: zybots_ +38 / segfault_society +4 (tricks 8-4)
  Match total: zybots_ 94 - 47 segfault_society
Players: zybots_ vs segfault_society
Dealer: zybots_  |  Elder: segfault_society
Match scores: 94 - 47
Talon (8): 7C 8C 10C JC 10D AD 10H JH
zybots_ hand: QC KC QD KD 7H AH 8S 10S JS QS KS AS
segfault_society hand: 9C AC 7D 8D 9D JD 8H 9H QH KH 7S 9S
  Exchange segfault_society: discard 9C 8H 9H 7S 9S -> draw 8C 10C JC 10D 10H (talon 3 left)
  Exchange zybots_: discard 7H AH 8S -> draw 7C AD JH (talon 0 left)

--- Phase: declare ---
  Declare point: zybots_ wins 5 pts (('point', 5, 'S'))
  Declare sequence: zybots_ wins 10 pts (('sequence', 5, 14, 'S'))
  Declare set: zybots_ wins 3 pts (('set', 3, 13))

--- Phase: tricks ---
  Trick  1: segfault_society leads AC, zybots_ plays 7C -> segfault_society wins
  Trick  2: segfault_society leads JD, zybots_ plays QD -> zybots_ wins
  Trick  3: zybots_ leads 10S, segfault_society plays 7D -> zybots_ wins
  Trick  4: zybots_ leads JS, segfault_society plays 8D -> zybots_ wins
  Trick  5: zybots_ leads QC, segfault_society plays 8C -> zybots_ wins
  Trick  6: zybots_ leads QS, segfault_society plays 9D -> zybots_ wins
  Trick  7: zybots_ leads KC, segfault_society plays 10C -> zybots_ wins
  Trick  8: zybots_ leads KS, segfault_society plays 10H -> zybots_ wins
  Trick  9: zybots_ leads KD, segfault_society plays 10D -> zybots_ wins
  Trick 10: zybots_ leads AS, segfault_society plays JC -> zybots_ wins
  Trick 11: zybots_ leads AD, segfault_society plays QH -> zybots_ wins
  Trick 12: zybots_ leads JH, segfault_society plays KH -> segfault_society wins
  Hand: zybots_ +38 / segfault_society +3 (tricks 10-2)
  Match total: zybots_ 132 - 50 segfault_society
  Final: zybots_ 132 - 50 segfault_society
  Winner: zybots_

============================================================
Game 39
============================================================
Players: segfault_society vs zybots_
Dealer: segfault_society  |  Elder: zybots_
Match scores: 0 - 0
Talon (8): 7C KC 9D QD KD 9H 7S QS
segfault_society hand: 10C JC AC 7D 8D 10D JD AD 8H 8S 9S AS
zybots_ hand: 8C 9C QC 7H 10H JH QH KH AH 10S JS KS
  Exchange zybots_: discard 8C 9C QC 10S JS -> draw 7C 9D KD 7S QS (talon 3 left)
  Exchange segfault_society: discard 8H 8S 9S -> draw KC QD 9H (talon 0 left)

--- Phase: declare ---
  Declare point: zybots_ wins 6 pts (('point', 6, 'H'))
  Declare sequence: zybots_ wins 10 pts (('sequence', 5, 14, 'H'))
  Declare set: segfault_society wins 3 pts (('set', 3, 14))

--- Phase: tricks ---
  Trick  1: zybots_ leads 10H, segfault_society plays 9H -> zybots_ wins
  Trick  2: zybots_ leads JH, segfault_society plays 7D -> zybots_ wins
  Trick  3: zybots_ leads QH, segfault_society plays 8D -> zybots_ wins
  Trick  4: zybots_ leads KH, segfault_society plays 10C -> zybots_ wins
  Trick  5: zybots_ leads AH, segfault_society plays 10D -> zybots_ wins
  Trick  6: zybots_ leads 7S, segfault_society plays AS -> segfault_society wins
  Trick  7: segfault_society leads AC, zybots_ plays 7C -> segfault_society wins
  Trick  8: segfault_society leads AD, zybots_ plays 9D -> segfault_society wins
  Trick  9: segfault_society leads KC, zybots_ plays 7H -> segfault_society wins
  Trick 10: segfault_society leads QD, zybots_ plays KD -> zybots_ wins
  Trick 11: zybots_ leads QS, segfault_society plays JC -> zybots_ wins
  Trick 12: zybots_ leads KS, segfault_society plays JD -> zybots_ wins
  Hand: segfault_society +7 / zybots_ +35 (tricks 4-8)
  Match total: segfault_society 7 - 35 zybots_
Players: segfault_society vs zybots_
Dealer: zybots_  |  Elder: segfault_society
Match scores: 7 - 35
Talon (8): KC 10D QD 7H 9H KH QS AS
segfault_society hand: 9C QC KD 8H 10H JH QH AH 7S 9S 10S JS
zybots_ hand: 7C 8C 10C JC AC 7D 8D 9D JD AD 8S KS
  Exchange segfault_society: discard 9C 7S 9S 10S JS -> draw KC QD 9H KH QS (talon 3 left)
  Exchange zybots_: discard JD 8S KS -> draw 10D 7H AS (talon 0 left)

--- Phase: declare ---
  Declare point: segfault_society wins 7 pts (('point', 7, 'H'))
  Declare sequence: segfault_society wins 12 pts (('sequence', 7, 14, 'H'))
  Declare set: zybots_ wins 3 pts (('set', 3, 14))

--- Phase: tricks ---
  Trick  1: segfault_society leads AH, zybots_ plays 7H -> segfault_society wins
  Trick  2: segfault_society leads KH, zybots_ plays 7D -> segfault_society wins
  Trick  3: segfault_society leads QH, zybots_ plays 7C -> segfault_society wins
  Trick  4: segfault_society leads JH, zybots_ plays 8D -> segfault_society wins
  Trick  5: segfault_society leads 10H, zybots_ plays 8C -> segfault_society wins
  Trick  6: segfault_society leads 9H, zybots_ plays 9D -> segfault_society wins
  Trick  7: segfault_society leads 8H, zybots_ plays 10C -> segfault_society wins
  Trick  8: segfault_society leads KD, zybots_ plays AD -> zybots_ wins
  Trick  9: zybots_ leads AC, segfault_society plays QC -> zybots_ wins
  Trick 10: zybots_ leads AS, segfault_society plays QS -> zybots_ wins
  Trick 11: zybots_ leads JC, segfault_society plays KC -> segfault_society wins
  Trick 12: segfault_society leads QD, zybots_ plays 10D -> segfault_society wins
  Hand: segfault_society +39 / zybots_ +6 (tricks 9-3)
  Match total: segfault_society 46 - 41 zybots_
Players: segfault_society vs zybots_
Dealer: segfault_society  |  Elder: zybots_
Match scores: 46 - 41
Talon (8): 8C JC QD 8H 9H 10H 7S QS
segfault_society hand: 7C 9C QC AC 7D 8D 9D JD KD JH JS KS
zybots_ hand: 10C KC 10D AD 7H QH KH AH 8S 9S 10S AS
  Exchange zybots_: discard KC 10D 7H 8S 9S -> draw 8C 9H 10H 7S QS (talon 3 left)
  Exchange segfault_society: discard 7C 9C JH -> draw JC QD 8H (talon 0 left)

--- Phase: declare ---
  Declare point: segfault_society wins 6 pts (('point', 6, 'D'))
  Declare sequence: zybots_ wins 3 pts (('sequence', 3, 14, 'H'))
  Declare set: zybots_ wins 3 pts (('set', 3, 14))

--- Phase: tricks ---
  Trick  1: zybots_ leads QH, segfault_society plays 8H -> zybots_ wins
  Trick  2: zybots_ leads KH, segfault_society plays 7D -> zybots_ wins
  Trick  3: zybots_ leads AD, segfault_society plays 8D -> zybots_ wins
  Trick  4: zybots_ leads AS, segfault_society plays JS -> zybots_ wins
  Trick  5: zybots_ leads AH, segfault_society plays 9D -> zybots_ wins
  Trick  6: zybots_ leads 7S, segfault_society plays KS -> segfault_society wins
  Trick  7: segfault_society leads AC, zybots_ plays 8C -> segfault_society wins
  Trick  8: segfault_society leads KD, zybots_ plays 9H -> segfault_society wins
  Trick  9: segfault_society leads QD, zybots_ plays 10S -> segfault_society wins
  Trick 10: segfault_society leads JD, zybots_ plays 10C -> segfault_society wins
  Trick 11: segfault_society leads QC, zybots_ plays 10H -> segfault_society wins
  Trick 12: segfault_society leads JC, zybots_ plays QS -> segfault_society wins
  Hand: segfault_society +24 / zybots_ +11 (tricks 7-5)
  Match total: segfault_society 70 - 52 zybots_
Players: segfault_society vs zybots_
Dealer: zybots_  |  Elder: segfault_society
Match scores: 70 - 52
Talon (8): 9C 7D 7H 9H JH KH AH KS
segfault_society hand: 7C 8C 10C JC QC 8D 10D 8H QH 7S 8S AS
zybots_ hand: KC AC 9D JD QD KD AD 10H 9S 10S JS QS
  Exchange segfault_society: discard 8D 10D 8H 7S 8S -> draw 9C JH KH AH KS (talon 3 left)
  Exchange zybots_: discard KC AC 10H -> draw 7D 7H 9H (talon 0 left)

--- Phase: declare ---
  Declare point: zybots_ wins 6 pts (('point', 6, 'D'))
  Declare sequence: segfault_society wins 11 pts (('sequence', 6, 12, 'C'))

--- Phase: tricks ---
  Trick  1: segfault_society leads AH, zybots_ plays 7H -> segfault_society wins
  Trick  2: segfault_society leads KH, zybots_ plays 9H -> segfault_society wins
  Trick  3: segfault_society leads AS, zybots_ plays 9S -> segfault_society wins
  Trick  4: segfault_society leads QH, zybots_ plays 7D -> segfault_society wins
  Trick  5: segfault_society leads KS, zybots_ plays 10S -> segfault_society wins
  Trick  6: segfault_society leads JH, zybots_ plays 9D -> segfault_society wins
  Trick  7: segfault_society leads QC, zybots_ plays JD -> segfault_society wins
  Trick  8: segfault_society leads JC, zybots_ plays JS -> segfault_society wins
  Trick  9: segfault_society leads 10C, zybots_ plays QD -> segfault_society wins
  Trick 10: segfault_society leads 9C, zybots_ plays QS -> segfault_society wins
  Trick 11: segfault_society leads 8C, zybots_ plays KD -> segfault_society wins
  Trick 12: segfault_society leads 7C, zybots_ plays AD -> segfault_society wins
  Hand: segfault_society +94 / zybots_ +6 (tricks 12-0)
  Match total: segfault_society 164 - 58 zybots_
  Final: segfault_society 164 - 58 zybots_
  Winner: segfault_society

============================================================
Game 40
============================================================
Players: zybots_ vs segfault_society
Dealer: zybots_  |  Elder: segfault_society
Match scores: 0 - 0
Talon (8): 8C AC 9D 8H 10H 7S 10S JS
zybots_ hand: 10C KC 7D 8D QD KD 7H JH 8S 9S QS AS
segfault_society hand: 7C 9C JC QC 10D JD AD 9H QH KH AH KS
  Exchange segfault_society: discard 7C 9C JC 10D JD -> draw AC 9D 8H 10H 7S (talon 3 left)
  Exchange zybots_: discard 7D 8D 7H -> draw 8C 10S JS (talon 0 left)

--- Phase: declare ---
  Declare sequence: zybots_ wins 10 pts (('sequence', 5, 12, 'S'))
  Declare set: segfault_society wins 3 pts (('set', 3, 14))

--- Phase: tricks ---
  Trick  1: segfault_society leads AH, zybots_ plays JH -> segfault_society wins
  Trick  2: segfault_society leads KH, zybots_ plays 8S -> segfault_society wins
  Trick  3: segfault_society leads QH, zybots_ plays 8C -> segfault_society wins
  Trick  4: segfault_society leads AD, zybots_ plays QD -> segfault_society wins
  Trick  5: segfault_society leads AC, zybots_ plays 10C -> segfault_society wins
  Trick  6: segfault_society leads 10H, zybots_ plays 9S -> segfault_society wins
  Trick  7: segfault_society leads KS, zybots_ plays AS -> zybots_ wins
  Trick  8: zybots_ leads KD, segfault_society plays 9D -> zybots_ wins
  Trick  9: zybots_ leads KC, segfault_society plays QC -> zybots_ wins
  Trick 10: zybots_ leads 10S, segfault_society plays 7S -> zybots_ wins
  Trick 11: zybots_ leads JS, segfault_society plays 8H -> zybots_ wins
  Trick 12: zybots_ leads QS, segfault_society plays 9H -> zybots_ wins
  Hand: zybots_ +17 / segfault_society +9 (tricks 6-6)
  Match total: zybots_ 17 - 9 segfault_society
Players: zybots_ vs segfault_society
Dealer: segfault_society  |  Elder: zybots_
Match scores: 17 - 9
Talon (8): 7C 7D 10D QD AD 9H JH QH
zybots_ hand: 9C 10C JC JD KD 8H 10H AH 8S 9S 10S KS
segfault_society hand: 8C QC KC AC 8D 9D 7H KH 7S JS QS AS
  Exchange zybots_: discard JD KD 8H AH KS -> draw 7C 7D 10D 9H QH (talon 3 left)
  Exchange segfault_society: discard 8D 9D 7H -> draw QD AD JH (talon 0 left)

--- Phase: declare ---
  Declare point: segfault_society wins 4 pts (('point', 4, 'C'))
  Declare sequence: segfault_society wins 3 pts (('sequence', 3, 14, 'C'))
  Declare set: segfault_society wins 3 pts (('set', 3, 14))

--- Phase: tricks ---
  Trick  1: zybots_ leads 7C, segfault_society plays 8C -> segfault_society wins
  Trick  2: segfault_society leads AS, zybots_ plays 8S -> segfault_society wins
  Trick  3: segfault_society leads AC, zybots_ plays 9C -> segfault_society wins
  Trick  4: segfault_society leads AD, zybots_ plays 7D -> segfault_society wins
  Trick  5: segfault_society leads KC, zybots_ plays 10C -> segfault_society wins
  Trick  6: segfault_society leads QC, zybots_ plays JC -> segfault_society wins
  Trick  7: segfault_society leads QS, zybots_ plays 9S -> segfault_society wins
  Trick  8: segfault_society leads KH, zybots_ plays 9H -> segfault_society wins
  Trick  9: segfault_society leads JS, zybots_ plays 10S -> segfault_society wins
  Trick 10: segfault_society leads QD, zybots_ plays 10D -> segfault_society wins
  Trick 11: segfault_society leads JH, zybots_ plays QH -> zybots_ wins
  Trick 12: zybots_ leads 10H, segfault_society plays 7S -> zybots_ wins
  Hand: zybots_ +3 / segfault_society +30 (tricks 2-10)
  Match total: zybots_ 20 - 39 segfault_society
Players: zybots_ vs segfault_society
Dealer: zybots_  |  Elder: segfault_society
Match scores: 20 - 39
Talon (8): QC AD 7H JH QH JS QS AS
zybots_ hand: 7C 8C 9C JC 8D 9D 10D JD KD 9H AH KS
segfault_society hand: 10C KC AC 7D QD 8H 10H KH 7S 8S 9S 10S
  Exchange segfault_society: discard 10C 7D QD 8H 10H -> draw 7H JH JS QS AS (talon 3 left)
  Exchange zybots_: discard JC 9H KS -> draw QC AD QH (talon 0 left)

--- Phase: declare ---
  Declare point: segfault_society wins 7 pts (('point', 7, 'S'))
  Declare sequence: segfault_society wins 11 pts (('sequence', 6, 12, 'S'))

--- Phase: tricks ---
  Trick  1: segfault_society leads AS, zybots_ plays 7C -> segfault_society wins
  Trick  2: segfault_society leads AC, zybots_ plays 8C -> segfault_society wins
  Trick  3: segfault_society leads KC, zybots_ plays 9C -> segfault_society wins
  Trick  4: segfault_society leads QS, zybots_ plays 8D -> segfault_society wins
  Trick  5: segfault_society leads JS, zybots_ plays 9D -> segfault_society wins
  Trick  6: segfault_society leads 10S, zybots_ plays 10D -> segfault_society wins
  Trick  7: segfault_society leads KH, zybots_ plays AH -> zybots_ wins
  Trick  8: zybots_ leads QC, segfault_society plays 7S -> zybots_ wins
  Trick  9: zybots_ leads KD, segfault_society plays 7H -> zybots_ wins
  Trick 10: zybots_ leads AD, segfault_society plays 8S -> zybots_ wins
  Trick 11: zybots_ leads JD, segfault_society plays 9S -> zybots_ wins
  Trick 12: zybots_ leads QH, segfault_society plays JH -> zybots_ wins
  Hand: zybots_ +7 / segfault_society +24 (tricks 6-6)
  Match total: zybots_ 27 - 63 segfault_society
Players: zybots_ vs segfault_society
Dealer: segfault_society  |  Elder: zybots_
Match scores: 27 - 63
Talon (8): QC KC AC 7D QD 8H AH KS
zybots_ hand: 8C 10C 9D JD KD 9H JH QH 7S 9S 10S AS
segfault_society hand: 7C 9C JC 8D 10D AD 7H 10H KH 8S JS QS
  Exchange zybots_: discard 8C 10C 9D 9H JH -> draw QC AC QD AH KS (talon 3 left)
  Exchange segfault_society: discard 7C 8D 7H -> draw KC 7D 8H (talon 0 left)

--- Phase: declare ---
  Declare point: zybots_ wins 5 pts (('point', 5, 'S'))
  Declare sequence: zybots_ wins 3 pts (('sequence', 3, 13, 'D'))
  Declare set: zybots_ wins 3 pts (('set', 3, 14))

--- Phase: tricks ---
  Trick  1: zybots_ leads KS, segfault_society plays 8S -> zybots_ wins
  Trick  2: zybots_ leads AS, segfault_society plays JS -> zybots_ wins
  Trick  3: zybots_ leads AC, segfault_society plays 9C -> zybots_ wins
  Trick  4: zybots_ leads AH, segfault_society plays 8H -> zybots_ wins
  Trick  5: zybots_ leads 7S, segfault_society plays QS -> segfault_society wins
  Trick  6: segfault_society leads AD, zybots_ plays JD -> segfault_society wins
  Trick  7: segfault_society leads KH, zybots_ plays QH -> segfault_society wins
  Trick  8: segfault_society leads KC, zybots_ plays QC -> segfault_society wins
  Trick  9: segfault_society leads 10D, zybots_ plays QD -> zybots_ wins
  Trick 10: zybots_ leads KD, segfault_society plays 7D -> zybots_ wins
  Trick 11: zybots_ leads 9S, segfault_society plays 10H -> zybots_ wins
  Trick 12: zybots_ leads 10S, segfault_society plays JC -> zybots_ wins
  Hand: zybots_ +30 / segfault_society +4 (tricks 8-4)
  Match total: zybots_ 57 - 67 segfault_society
Players: zybots_ vs segfault_society
Dealer: zybots_  |  Elder: segfault_society
Match scores: 57 - 67
Talon (8): 10C 9D 8H 9H JH 7S 10S QS
zybots_ hand: 7C 8C 9C QC KC 8D JD KD KH AH 8S AS
segfault_society hand: JC AC 7D 10D QD AD 7H 10H QH 9S JS KS
  Exchange segfault_society: discard JC 7H 10H 9S JS -> draw 10C 9D 7S 10S QS (talon 3 left)
  Exchange zybots_: discard 8D JD 8S -> draw 8H 9H JH (talon 0 left)

--- Phase: declare ---
  Declare point: zybots_ wins 5 pts (('point', 5, 'H'))
  Declare sequence: zybots_ wins 3 pts (('sequence', 3, 9, 'C'))
  Declare set: zybots_ wins 3 pts (('set', 3, 13))

--- Phase: tricks ---
  Trick  1: segfault_society leads AD, zybots_ plays KD -> segfault_society wins
  Trick  2: segfault_society leads AC, zybots_ plays 7C -> segfault_society wins
  Trick  3: segfault_society leads KS, zybots_ plays AS -> zybots_ wins
  Trick  4: zybots_ leads QC, segfault_society plays 10C -> zybots_ wins
  Trick  5: zybots_ leads KC, segfault_society plays 7D -> zybots_ wins
  Trick  6: zybots_ leads KH, segfault_society plays QH -> zybots_ wins
  Trick  7: zybots_ leads AH, segfault_society plays 7S -> zybots_ wins
  Trick  8: zybots_ leads 8H, segfault_society plays 9D -> zybots_ wins
  Trick  9: zybots_ leads 8C, segfault_society plays 10D -> zybots_ wins
  Trick 10: zybots_ leads 9H, segfault_society plays 10S -> zybots_ wins
  Trick 11: zybots_ leads 9C, segfault_society plays QD -> zybots_ wins
  Trick 12: zybots_ leads JH, segfault_society plays QS -> zybots_ wins
  Hand: zybots_ +32 / segfault_society +2 (tricks 10-2)
  Match total: zybots_ 89 - 69 segfault_society
Players: zybots_ vs segfault_society
Dealer: segfault_society  |  Elder: zybots_
Match scores: 89 - 69
Talon (8): QC AC 8D KD 8H 8S 9S AS
zybots_ hand: 8C 10C JC KC 9D QD QH KH 7S 10S QS KS
segfault_society hand: 7C 9C 7D 10D JD AD 7H 9H 10H JH AH JS
  Exchange zybots_: discard 8C 10C 9D 7S 10S -> draw QC KD 8H 8S AS (talon 3 left)
  Exchange segfault_society: discard 7C 9C JS -> draw AC 8D 9S (talon 0 left)

--- Phase: declare ---
  Declare point: segfault_society wins 5 pts (('point', 5, 'H'))
  Declare sequence: zybots_ wins 3 pts (('sequence', 3, 14, 'S'))
  Declare set: segfault_society wins 3 pts (('set', 3, 14))

--- Phase: tricks ---
  Trick  1: zybots_ leads QS, segfault_society plays 9S -> zybots_ wins
  Trick  2: zybots_ leads KS, segfault_society plays 7H -> zybots_ wins
  Trick  3: zybots_ leads AS, segfault_society plays 7D -> zybots_ wins
  Trick  4: zybots_ leads 8H, segfault_society plays 9H -> segfault_society wins
  Trick  5: segfault_society leads AD, zybots_ plays QD -> segfault_society wins
  Trick  6: segfault_society leads AH, zybots_ plays QH -> segfault_society wins
  Trick  7: segfault_society leads AC, zybots_ plays JC -> segfault_society wins
  Trick  8: segfault_society leads JD, zybots_ plays KD -> zybots_ wins
  Trick  9: zybots_ leads QC, segfault_society plays 8D -> zybots_ wins
  Trick 10: zybots_ leads KH, segfault_society plays 10H -> zybots_ wins
  Trick 11: zybots_ leads KC, segfault_society plays 10D -> zybots_ wins
  Trick 12: zybots_ leads 8S, segfault_society plays JH -> zybots_ wins
  Hand: zybots_ +22 / segfault_society +12 (tricks 8-4)
  Match total: zybots_ 111 - 81 segfault_society
  Final: zybots_ 111 - 81 segfault_society
  Winner: zybots_

============================================================
Game 41
============================================================
Players: segfault_society vs zybots_
Dealer: segfault_society  |  Elder: zybots_
Match scores: 0 - 0
Talon (8): 8C QC KC 8D JD KH 9S QS
segfault_society hand: 7C 9C 10D QD AD 7H AH 8S 10S JS KS AS
zybots_ hand: 10C JC AC 7D 9D KD 8H 9H 10H JH QH 7S
  Exchange zybots_: discard 10C JC 7D 9D 7S -> draw QC 8D JD KH 9S (talon 3 left)
  Exchange segfault_society: discard 7C 9C 7H -> draw 8C KC QS (talon 0 left)

--- Phase: declare ---
  Declare point: segfault_society wins 6 pts (('point', 6, 'S'))
  Declare sequence: zybots_ wins 11 pts (('sequence', 6, 13, 'H'))
  Declare set: segfault_society wins 3 pts (('set', 3, 14))

--- Phase: tricks ---
  Trick  1: zybots_ leads AC, segfault_society plays 8C -> zybots_ wins
  Trick  2: zybots_ leads 8H, segfault_society plays AH -> segfault_society wins
  Trick  3: segfault_society leads AS, zybots_ plays 9S -> segfault_society wins
  Trick  4: segfault_society leads KS, zybots_ plays 8D -> segfault_society wins
  Trick  5: segfault_society leads QS, zybots_ plays 9H -> segfault_society wins
  Trick  6: segfault_society leads AD, zybots_ plays JD -> segfault_society wins
  Trick  7: segfault_society leads JS, zybots_ plays 10H -> segfault_society wins
  Trick  8: segfault_society leads 10S, zybots_ plays JH -> segfault_society wins
  Trick  9: segfault_society leads KC, zybots_ plays QC -> segfault_society wins
  Trick 10: segfault_society leads QD, zybots_ plays KD -> zybots_ wins
  Trick 11: zybots_ leads QH, segfault_society plays 8S -> zybots_ wins
  Trick 12: zybots_ leads KH, segfault_society plays 10D -> zybots_ wins
  Hand: segfault_society +27 / zybots_ +16 (tricks 8-4)
  Match total: segfault_society 27 - 16 zybots_
Players: segfault_society vs zybots_
Dealer: zybots_  |  Elder: segfault_society
Match scores: 27 - 16
Talon (8): 9D JD AD 7H JH 7S 8S AS
segfault_society hand: 9C 10C JC QC AC 7D 8D QD KD 9H 10S QS
zybots_ hand: 7C 8C KC 10D 8H 10H QH KH AH 9S JS KS
  Exchange segfault_society: discard 7D 8D QD 9H 10S -> draw JD 7H JH 7S 8S (talon 3 left)
  Exchange zybots_: discard 7C 8C 9S -> draw 9D AD AS (talon 0 left)

--- Phase: declare ---
  Declare point: segfault_society wins 5 pts (('point', 5, 'C'))
  Declare sequence: segfault_society wins 4 pts (('sequence', 4, 12, 'C'))
  Declare set: zybots_ wins 3 pts (('set', 3, 14))

--- Phase: tricks ---
  Trick  1: segfault_society leads AC, zybots_ plays KC -> segfault_society wins
  Trick  2: segfault_society leads QC, zybots_ plays 8H -> segfault_society wins
  Trick  3: segfault_society leads QS, zybots_ plays KS -> zybots_ wins
  Trick  4: zybots_ leads QH, segfault_society plays 7H -> zybots_ wins
  Trick  5: zybots_ leads KH, segfault_society plays JH -> zybots_ wins
  Trick  6: zybots_ leads AH, segfault_society plays 7S -> zybots_ wins
  Trick  7: zybots_ leads AS, segfault_society plays 8S -> zybots_ wins
  Trick  8: zybots_ leads AD, segfault_society plays JD -> zybots_ wins
  Trick  9: zybots_ leads 9D, segfault_society plays KD -> segfault_society wins
  Trick 10: segfault_society leads JC, zybots_ plays 10H -> segfault_society wins
  Trick 11: segfault_society leads 10C, zybots_ plays 10D -> segfault_society wins
  Trick 12: segfault_society leads 9C, zybots_ plays JS -> segfault_society wins
  Hand: segfault_society +16 / zybots_ +9 (tricks 6-6)
  Match total: segfault_society 43 - 25 zybots_
Players: segfault_society vs zybots_
Dealer: segfault_society  |  Elder: zybots_
Match scores: 43 - 25
Talon (8): KC 7D 8H 10H JH 8S QS KS
segfault_society hand: 7C 10C AC 8D 10D KD AD QH KH 10S JS AS
zybots_ hand: 8C 9C JC QC 9D JD QD 7H 9H AH 7S 9S
  Exchange zybots_: discard 9D 7H 9H 7S 9S -> draw 7D 8H JH QS KS (talon 3 left)
  Exchange segfault_society: discard 7C 10C 10S -> draw KC 10H 8S (talon 0 left)

--- Phase: declare ---
  Declare point: segfault_society wins 4 pts (('point', 4, 'D'))
  Declare set: segfault_society wins 3 pts (('set', 3, 14))

--- Phase: tricks ---
  Trick  1: zybots_ leads AH, segfault_society plays 10H -> zybots_ wins
  Trick  2: zybots_ leads 8C, segfault_society plays KC -> segfault_society wins
  Trick  3: segfault_society leads AD, zybots_ plays 7D -> segfault_society wins
  Trick  4: segfault_society leads AS, zybots_ plays QS -> segfault_society wins
  Trick  5: segfault_society leads KD, zybots_ plays JD -> segfault_society wins
  Trick  6: segfault_society leads KH, zybots_ plays 8H -> segfault_society wins
  Trick  7: segfault_society leads AC, zybots_ plays 9C -> segfault_society wins
  Trick  8: segfault_society leads QH, zybots_ plays JH -> segfault_society wins
  Trick  9: segfault_society leads JS, zybots_ plays KS -> zybots_ wins
  Trick 10: zybots_ leads QD, segfault_society plays 8D -> zybots_ wins
  Trick 11: zybots_ leads JC, segfault_society plays 8S -> zybots_ wins
  Trick 12: zybots_ leads QC, segfault_society plays 10D -> zybots_ wins
  Hand: segfault_society +24 / zybots_ +6 (tricks 7-5)
  Match total: segfault_society 67 - 31 zybots_
Players: segfault_society vs zybots_
Dealer: zybots_  |  Elder: segfault_society
Match scores: 67 - 31
Talon (8): 7C JD JH AH 10S JS QS KS
segfault_society hand: QC KC AC 8D 9D 10D QD KD AD 7H QH 9S
zybots_ hand: 8C 9C 10C JC 7D 8H 9H 10H KH 7S 8S AS
  Exchange segfault_society: discard QC 8D 7H QH 9S -> draw JD JH AH 10S KS (talon 3 left)
  Exchange zybots_: discard 7D 7S 8S -> draw 7C JS QS (talon 0 left)

--- Phase: declare ---
  Declare point: segfault_society wins 6 pts (('point', 6, 'D'))
  Declare sequence: segfault_society wins 11 pts (('sequence', 6, 14, 'D'))
  Declare set: segfault_society wins 3 pts (('set', 3, 14))

--- Phase: tricks ---
  Trick  1: segfault_society leads AD, zybots_ plays 7C -> segfault_society wins
  Trick  2: segfault_society leads KD, zybots_ plays 8C -> segfault_society wins
  Trick  3: segfault_society leads QD, zybots_ plays 8H -> segfault_society wins
  Trick  4: segfault_society leads JD, zybots_ plays 9C -> segfault_society wins
  Trick  5: segfault_society leads AC, zybots_ plays 10C -> segfault_society wins
  Trick  6: segfault_society leads AH, zybots_ plays 9H -> segfault_society wins
  Trick  7: segfault_society leads 10D, zybots_ plays 10H -> segfault_society wins
  Trick  8: segfault_society leads KC, zybots_ plays JC -> segfault_society wins
  Trick  9: segfault_society leads 9D, zybots_ plays JS -> segfault_society wins
  Trick 10: segfault_society leads KS, zybots_ plays AS -> zybots_ wins
  Trick 11: zybots_ leads KH, segfault_society plays JH -> zybots_ wins
  Trick 12: zybots_ leads QS, segfault_society plays 10S -> zybots_ wins
  Hand: segfault_society +39 / zybots_ +4 (tricks 9-3)
  Match total: segfault_society 106 - 35 zybots_
  Final: segfault_society 106 - 35 zybots_
  Winner: segfault_society

============================================================
Game 42
============================================================
Players: zybots_ vs segfault_society
Dealer: zybots_  |  Elder: segfault_society
Match scores: 0 - 0
Talon (8): KC 9D QD 7H 10H QH 9S QS
zybots_ hand: 8C 9C QC 10D JD KD JH AH 7S 8S 10S JS
segfault_society hand: 7C 10C JC AC 7D 8D AD 8H 9H KH KS AS
  Exchange segfault_society: discard 7C 7D 8D 8H 9H -> draw 9D QD 7H QH QS (talon 3 left)
  Exchange zybots_: discard 8C 9C 10D -> draw KC 10H 9S (talon 0 left)

--- Phase: declare ---
  Declare point: zybots_ wins 5 pts (('point', 5, 'S'))
  Declare sequence: zybots_ wins 10 pts (('sequence', 5, 11, 'S'))
  Declare set: segfault_society wins 3 pts (('set', 3, 14))

--- Phase: tricks ---
  Trick  1: segfault_society leads AS, zybots_ plays 7S -> segfault_society wins
  Trick  2: segfault_society leads AC, zybots_ plays QC -> segfault_society wins
  Trick  3: segfault_society leads AD, zybots_ plays JD -> segfault_society wins
  Trick  4: segfault_society leads KS, zybots_ plays 8S -> segfault_society wins
  Trick  5: segfault_society leads QS, zybots_ plays 9S -> segfault_society wins
  Trick  6: segfault_society leads KH, zybots_ plays AH -> zybots_ wins
  Trick  7: zybots_ leads 10S, segfault_society plays 7H -> zybots_ wins
  Trick  8: zybots_ leads JS, segfault_society plays 9D -> zybots_ wins
  Trick  9: zybots_ leads KD, segfault_society plays QD -> zybots_ wins
  Trick 10: zybots_ leads KC, segfault_society plays 10C -> zybots_ wins
  Trick 11: zybots_ leads 10H, segfault_society plays QH -> segfault_society wins
  Trick 12: segfault_society leads JC, zybots_ plays JH -> segfault_society wins
  Hand: zybots_ +20 / segfault_society +21 (tricks 5-7)
  Match total: zybots_ 20 - 21 segfault_society
Players: zybots_ vs segfault_society
Dealer: segfault_society  |  Elder: zybots_
Match scores: 20 - 21
Talon (8): 8D JD KD 8H 9H KH 7S QS
zybots_ hand: 7C 9C JC KC AC 7D 10D QD 10H JH JS KS
segfault_society hand: 8C 10C QC 9D AD 7H QH AH 8S 9S 10S AS
  Exchange zybots_: discard 7D 10D QD 10H KS -> draw 8D JD 8H 9H 7S (talon 3 left)
  Exchange segfault_society: discard 8C 9D 7H -> draw KD KH QS (talon 0 left)

--- Phase: declare ---
  Declare point: segfault_society wins 5 pts (('point', 5, 'S'))
  Declare sequence: segfault_society wins 3 pts (('sequence', 3, 14, 'H'))
  Declare set: segfault_society wins 3 pts (('set', 3, 14))

--- Phase: tricks ---
  Trick  1: zybots_ leads KC, segfault_society plays 10C -> zybots_ wins
  Trick  2: zybots_ leads AC, segfault_society plays QC -> zybots_ wins
  Trick  3: zybots_ leads 7C, segfault_society plays 8S -> zybots_ wins
  Trick  4: zybots_ leads 8H, segfault_society plays QH -> segfault_society wins
  Trick  5: segfault_society leads AS, zybots_ plays 7S -> segfault_society wins
  Trick  6: segfault_society leads AD, zybots_ plays 8D -> segfault_society wins
  Trick  7: segfault_society leads AH, zybots_ plays 9H -> segfault_society wins
  Trick  8: segfault_society leads KH, zybots_ plays JH -> segfault_society wins
  Trick  9: segfault_society leads KD, zybots_ plays JD -> segfault_society wins
  Trick 10: segfault_society leads QS, zybots_ plays JS -> segfault_society wins
  Trick 11: segfault_society leads 10S, zybots_ plays 9C -> segfault_society wins
  Trick 12: segfault_society leads 9S, zybots_ plays JC -> segfault_society wins
  Hand: zybots_ +3 / segfault_society +31 (tricks 3-9)
  Match total: zybots_ 23 - 52 segfault_society
Players: zybots_ vs segfault_society
Dealer: zybots_  |  Elder: segfault_society
Match scores: 23 - 52
Talon (8): JC KC 7D 8D KD 8H 10H 10S
zybots_ hand: 7C 8C QC AC 9D JD 7H JH QH 7S 9S AS
segfault_society hand: 9C 10C 10D QD AD 9H KH AH 8S JS QS KS
  Exchange segfault_society: discard 9C 10C 10D QD 9H -> draw KC 7D 8D KD 8H (talon 3 left)
  Exchange zybots_: discard 7H 7S 9S -> draw JC 10H 10S (talon 0 left)

--- Phase: declare ---
  Declare point: zybots_ wins 5 pts (('point', 5, 'C'))
  Declare sequence: segfault_society wins 3 pts (('sequence', 3, 13, 'S'))
  Declare set: segfault_society wins 14 pts (('set', 4, 13))

--- Phase: tricks ---
  Trick  1: segfault_society leads AD, zybots_ plays 9D -> segfault_society wins
  Trick  2: segfault_society leads AH, zybots_ plays 10H -> segfault_society wins
  Trick  3: segfault_society leads KD, zybots_ plays JD -> segfault_society wins
  Trick  4: segfault_society leads KH, zybots_ plays JH -> segfault_society wins
  Trick  5: segfault_society leads KS, zybots_ plays AS -> zybots_ wins
  Trick  6: zybots_ leads QH, segfault_society plays 8H -> zybots_ wins
  Trick  7: zybots_ leads AC, segfault_society plays KC -> zybots_ wins
  Trick  8: zybots_ leads 7C, segfault_society plays 7D -> zybots_ wins
  Trick  9: zybots_ leads 8C, segfault_society plays 8S -> zybots_ wins
  Trick 10: zybots_ leads JC, segfault_society plays 8D -> zybots_ wins
  Trick 11: zybots_ leads QC, segfault_society plays JS -> zybots_ wins
  Trick 12: zybots_ leads 10S, segfault_society plays QS -> segfault_society wins
  Hand: zybots_ +22 / segfault_society +23 (tricks 7-5)
  Match total: zybots_ 45 - 75 segfault_society
Players: zybots_ vs segfault_society
Dealer: segfault_society  |  Elder: zybots_
Match scores: 45 - 75
Talon (8): 10C 8D 9D 10D 8H 10H 8S JS
zybots_ hand: QC KC AC 7D JD QD KD AD 7H 9H AH KS
segfault_society hand: 7C 8C 9C JC JH QH KH 7S 9S 10S QS AS
  Exchange zybots_: discard QC 7D 7H 9H KS -> draw 10C 8D 8H 10H JS (talon 3 left)
  Exchange segfault_society: discard 7C 8C 9C -> draw 9D 10D 8S (talon 0 left)

--- Phase: declare ---
  Declare point: segfault_society wins 6 pts (('point', 6, 'S'))
  Declare sequence: zybots_ wins 4 pts (('sequence', 4, 14, 'D'))
  Declare set: zybots_ wins 3 pts (('set', 3, 14))

--- Phase: tricks ---
  Trick  1: zybots_ leads JD, segfault_society plays 9D -> zybots_ wins
  Trick  2: zybots_ leads QD, segfault_society plays 10D -> zybots_ wins
  Trick  3: zybots_ leads KD, segfault_society plays 7S -> zybots_ wins
  Trick  4: zybots_ leads KC, segfault_society plays JC -> zybots_ wins
  Trick  5: zybots_ leads AD, segfault_society plays 8S -> zybots_ wins
  Trick  6: zybots_ leads AC, segfault_society plays 9S -> zybots_ wins
  Trick  7: zybots_ leads AH, segfault_society plays JH -> zybots_ wins
  Trick  8: zybots_ leads 8H, segfault_society plays QH -> segfault_society wins
  Trick  9: segfault_society leads AS, zybots_ plays JS -> segfault_society wins
  Trick 10: segfault_society leads KH, zybots_ plays 10H -> segfault_society wins
  Trick 11: segfault_society leads QS, zybots_ plays 8D -> segfault_society wins
  Trick 12: segfault_society leads 10S, zybots_ plays 10C -> segfault_society wins
  Hand: zybots_ +24 / segfault_society +12 (tricks 7-5)
  Match total: zybots_ 69 - 87 segfault_society
Players: zybots_ vs segfault_society
Dealer: zybots_  |  Elder: segfault_society
Match scores: 69 - 87
Talon (8): 7C AC 7D 9D JH AH 8S 10S
zybots_ hand: JC 10D JD QD KD 7H 8H 9H QH 7S 9S QS
segfault_society hand: 8C 9C 10C QC KC 8D AD 10H KH JS KS AS
  Exchange segfault_society: discard 8C 9C 10C 8D 10H -> draw AC 7D AH 8S 10S (talon 3 left)
  Exchange zybots_: discard JC 7S 9S -> draw 7C 9D JH (talon 0 left)

--- Phase: declare ---
  Declare sequence: zybots_ wins 10 pts (('sequence', 5, 13, 'D'))
  Declare set: segfault_society wins 14 pts (('set', 4, 14))

--- Phase: tricks ---
  Trick  1: segfault_society leads AS, zybots_ plays QS -> segfault_society wins
  Trick  2: segfault_society leads KS, zybots_ plays 7H -> segfault_society wins
  Trick  3: segfault_society leads AC, zybots_ plays 7C -> segfault_society wins
  Trick  4: segfault_society leads AD, zybots_ plays 9D -> segfault_society wins
  Trick  5: segfault_society leads AH, zybots_ plays 8H -> segfault_society wins
  Trick  6: segfault_society leads KC, zybots_ plays 9H -> segfault_society wins
  Trick  7: segfault_society leads KH, zybots_ plays JH -> segfault_society wins
  Trick  8: segfault_society leads QC, zybots_ plays 10D -> segfault_society wins
  Trick  9: segfault_society leads JS, zybots_ plays JD -> segfault_society wins
  Trick 10: segfault_society leads 10S, zybots_ plays QH -> segfault_society wins
  Trick 11: segfault_society leads 8S, zybots_ plays QD -> segfault_society wins
  Trick 12: segfault_society leads 7D, zybots_ plays KD -> zybots_ wins
  Hand: zybots_ +12 / segfault_society +35 (tricks 1-11)
  Match total: zybots_ 81 - 122 segfault_society
  Final: zybots_ 81 - 122 segfault_society
  Winner: segfault_society

============================================================
Game 43
============================================================
Players: segfault_society vs zybots_
Dealer: segfault_society  |  Elder: zybots_
Match scores: 0 - 0
Talon (8): 8C 9C AC 7D 10D JD 8H AH
segfault_society hand: 7C 10C QC 8D QD KD QH 8S 9S 10S JS QS
zybots_ hand: JC KC 9D AD 7H 9H 10H JH KH 7S KS AS
  Exchange zybots_: discard JC 9D AD 7S AS -> draw 8C 9C 7D 10D 8H (talon 3 left)
  Exchange segfault_society: discard 7C 10C 8D -> draw AC JD AH (talon 0 left)

--- Phase: declare ---
  Declare point: zybots_ wins 6 pts (('point', 6, 'H'))
  Declare sequence: segfault_society wins 10 pts (('sequence', 5, 12, 'S'))
  Declare set: zybots_ wins 3 pts (('set', 3, 13))

--- Phase: tricks ---
  Trick  1: zybots_ leads 7H, segfault_society plays QH -> segfault_society wins
  Trick  2: segfault_society leads AC, zybots_ plays 8C -> segfault_society wins
  Trick  3: segfault_society leads AH, zybots_ plays 8H -> segfault_society wins
  Trick  4: segfault_society leads QS, zybots_ plays KS -> zybots_ wins
  Trick  5: zybots_ leads KH, segfault_society plays 8S -> zybots_ wins
  Trick  6: zybots_ leads KC, segfault_society plays QC -> zybots_ wins
  Trick  7: zybots_ leads 9H, segfault_society plays 9S -> zybots_ wins
  Trick  8: zybots_ leads 10H, segfault_society plays 10S -> zybots_ wins
  Trick  9: zybots_ leads 7D, segfault_society plays JD -> segfault_society wins
  Trick 10: segfault_society leads KD, zybots_ plays 10D -> segfault_society wins
  Trick 11: segfault_society leads QD, zybots_ plays 9C -> segfault_society wins
  Trick 12: segfault_society leads JS, zybots_ plays JH -> segfault_society wins
  Hand: segfault_society +28 / zybots_ +14 (tricks 7-5)
  Match total: segfault_society 28 - 14 zybots_
Players: segfault_society vs zybots_
Dealer: zybots_  |  Elder: segfault_society
Match scores: 28 - 14
Talon (8): KC 8D 10H JH AH 10S JS QS
segfault_society hand: 9C 10C JC AC 7D 9D 10D QD 8H QH KS AS
zybots_ hand: 7C 8C QC JD KD AD 7H 9H KH 7S 8S 9S
  Exchange segfault_society: discard 7D 9D 10D QD 8H -> draw KC 8D AH 10S QS (talon 3 left)
  Exchange zybots_: discard 7C 8C 7H -> draw 10H JH JS (talon 0 left)

--- Phase: declare ---
  Declare point: segfault_society wins 5 pts (('point', 5, 'C'))
  Declare sequence: segfault_society wins 3 pts (('sequence', 3, 14, 'S'))
  Declare set: segfault_society wins 3 pts (('set', 3, 14))

--- Phase: tricks ---
  Trick  1: segfault_society leads AC, zybots_ plays QC -> segfault_society wins
  Trick  2: segfault_society leads AS, zybots_ plays 7S -> segfault_society wins
  Trick  3: segfault_society leads KC, zybots_ plays 8S -> segfault_society wins
  Trick  4: segfault_society leads KS, zybots_ plays 9S -> segfault_society wins
  Trick  5: segfault_society leads AH, zybots_ plays 9H -> segfault_society wins
  Trick  6: segfault_society leads QS, zybots_ plays JS -> segfault_society wins
  Trick  7: segfault_society leads JC, zybots_ plays 10H -> segfault_society wins
  Trick  8: segfault_society leads 10C, zybots_ plays JD -> segfault_society wins
  Trick  9: segfault_society leads QH, zybots_ plays KH -> zybots_ wins
  Trick 10: zybots_ leads KD, segfault_society plays 8D -> zybots_ wins
  Trick 11: zybots_ leads AD, segfault_society plays 9C -> zybots_ wins
  Trick 12: zybots_ leads JH, segfault_society plays 10S -> zybots_ wins
  Hand: segfault_society +29 / zybots_ +5 (tricks 8-4)
  Match total: segfault_society 57 - 19 zybots_
Players: segfault_society vs zybots_
Dealer: segfault_society  |  Elder: zybots_
Match scores: 57 - 19
Talon (8): QC KC 7D JD KD JH 7S KS
segfault_society hand: 8C 9C JC 9D 7H 8H 10H QH AH 8S JS AS
zybots_ hand: 7C 10C AC 8D 10D QD AD 9H KH 9S 10S QS
  Exchange zybots_: discard 7C 9H KH 9S QS -> draw QC KC 7D JD JH (talon 3 left)
  Exchange segfault_society: discard 8C 9D 8S -> draw KD 7S KS (talon 0 left)

--- Phase: declare ---
  Declare point: zybots_ wins 6 pts (('point', 6, 'D'))
  Declare sequence: zybots_ wins 3 pts (('sequence', 3, 14, 'C'))
  Declare set: zybots_ wins 3 pts (('set', 3, 10))

--- Phase: tricks ---
  Trick  1: zybots_ leads QC, segfault_society plays 9C -> zybots_ wins
  Trick  2: zybots_ leads KC, segfault_society plays JC -> zybots_ wins
  Trick  3: zybots_ leads AD, segfault_society plays KD -> zybots_ wins
  Trick  4: zybots_ leads AC, segfault_society plays 7H -> zybots_ wins
  Trick  5: zybots_ leads 7D, segfault_society plays 7S -> zybots_ wins
  Trick  6: zybots_ leads 8D, segfault_society plays 8H -> zybots_ wins
  Trick  7: zybots_ leads 10D, segfault_society plays 10H -> zybots_ wins
  Trick  8: zybots_ leads JD, segfault_society plays JS -> zybots_ wins
  Trick  9: zybots_ leads 10C, segfault_society plays QH -> zybots_ wins
  Trick 10: zybots_ leads 10S, segfault_society plays KS -> segfault_society wins
  Trick 11: segfault_society leads AH, zybots_ plays JH -> segfault_society wins
  Trick 12: segfault_society leads AS, zybots_ plays QD -> segfault_society wins
  Hand: segfault_society +4 / zybots_ +31 (tricks 3-9)
  Match total: segfault_society 61 - 50 zybots_
Players: segfault_society vs zybots_
Dealer: zybots_  |  Elder: segfault_society
Match scores: 61 - 50
Talon (8): 7C AC QD 7H 8H 9H JS KS
segfault_society hand: 9C 10C JC 9D JD KD JH KH AH 8S 10S QS
zybots_ hand: 8C QC KC 7D 8D 10D AD 10H QH 7S 9S AS
  Exchange segfault_society: discard 9D JD JH 8S 10S -> draw AC QD 8H JS KS (talon 3 left)
  Exchange zybots_: discard 8C 7S 9S -> draw 7C 7H 9H (talon 0 left)

--- Phase: declare ---
  Declare point: segfault_society wins 4 pts (('point', 4, 'C'))
  Declare sequence: segfault_society wins 3 pts (('sequence', 3, 13, 'S'))
  Declare set: segfault_society wins 3 pts (('set', 3, 13))

--- Phase: tricks ---
  Trick  1: segfault_society leads AC, zybots_ plays 7C -> segfault_society wins
  Trick  2: segfault_society leads AH, zybots_ plays 7H -> segfault_society wins
  Trick  3: segfault_society leads KH, zybots_ plays 9H -> segfault_society wins
  Trick  4: segfault_society leads KS, zybots_ plays AS -> zybots_ wins
  Trick  5: zybots_ leads QH, segfault_society plays 8H -> zybots_ wins
  Trick  6: zybots_ leads QC, segfault_society plays 9C -> zybots_ wins
  Trick  7: zybots_ leads KC, segfault_society plays 10C -> zybots_ wins
  Trick  8: zybots_ leads AD, segfault_society plays QD -> zybots_ wins
  Trick  9: zybots_ leads 7D, segfault_society plays KD -> segfault_society wins
  Trick 10: segfault_society leads JC, zybots_ plays 8D -> segfault_society wins
  Trick 11: segfault_society leads QS, zybots_ plays 10H -> segfault_society wins
  Trick 12: segfault_society leads JS, zybots_ plays 10D -> segfault_society wins
  Hand: segfault_society +28 / zybots_ +5 (tricks 7-5)
  Match total: segfault_society 89 - 55 zybots_
Players: segfault_society vs zybots_
Dealer: segfault_society  |  Elder: zybots_
Match scores: 89 - 55
Talon (8): 7C KC AC QD 8H QH KH 9S
segfault_society hand: 10C JC QC JD KD 10H JH AH 8S QS KS AS
zybots_ hand: 8C 9C 7D 8D 9D 10D AD 7H 9H 7S 10S JS
  Exchange zybots_: discard 8C 9C 7H 9H 7S -> draw 7C KC 8H QH 9S (talon 3 left)
  Exchange segfault_society: discard 10C 10H JH -> draw AC QD KH (talon 0 left)

--- Phase: declare ---
  Declare point: zybots_ wins 5 pts (('point', 5, 'D'))
  Declare sequence: zybots_ wins 4 pts (('sequence', 4, 10, 'D'))
  Declare set: segfault_society wins 3 pts (('set', 3, 14))

--- Phase: tricks ---
  Trick  1: zybots_ leads AD, segfault_society plays JD -> zybots_ wins
  Trick  2: zybots_ leads 7D, segfault_society plays QD -> segfault_society wins
  Trick  3: segfault_society leads AS, zybots_ plays 9S -> segfault_society wins
  Trick  4: segfault_society leads AC, zybots_ plays 7C -> segfault_society wins
  Trick  5: segfault_society leads KS, zybots_ plays 10S -> segfault_society wins
  Trick  6: segfault_society leads AH, zybots_ plays 8H -> segfault_society wins
  Trick  7: segfault_society leads QS, zybots_ plays JS -> segfault_society wins
  Trick  8: segfault_society leads KD, zybots_ plays 8D -> segfault_society wins
  Trick  9: segfault_society leads KH, zybots_ plays QH -> segfault_society wins
  Trick 10: segfault_society leads QC, zybots_ plays KC -> zybots_ wins
  Trick 11: zybots_ leads 9D, segfault_society plays 8S -> zybots_ wins
  Trick 12: zybots_ leads 10D, segfault_society plays JC -> zybots_ wins
  Hand: segfault_society +21 / zybots_ +14 (tricks 8-4)
  Match total: segfault_society 110 - 69 zybots_
  Final: segfault_society 110 - 69 zybots_
  Winner: segfault_society

============================================================
Game 44
============================================================
Players: zybots_ vs segfault_society
Dealer: zybots_  |  Elder: segfault_society
Match scores: 0 - 0
Talon (8): 7C 9D 10D KD 10H KH 8S 10S
zybots_ hand: 9C 10C QC 7D JD AD 8H 9H JH 9S KS AS
segfault_society hand: 8C JC KC AC 8D QD 7H QH AH 7S JS QS
  Exchange segfault_society: discard 8D 7H 7S JS QS -> draw 7C 9D 10D 10H KH (talon 3 left)
  Exchange zybots_: discard 7D 8H 9H -> draw KD 8S 10S (talon 0 left)

--- Phase: declare ---
  Declare point: zybots_ wins 5 pts (('point', 5, 'S'))
  Declare sequence: segfault_society wins 3 pts (('sequence', 3, 14, 'H'))

--- Phase: tricks ---
  Trick  1: segfault_society leads AC, zybots_ plays 9C -> segfault_society wins
  Trick  2: segfault_society leads AH, zybots_ plays JH -> segfault_society wins
  Trick  3: segfault_society leads KC, zybots_ plays 10C -> segfault_society wins
  Trick  4: segfault_society leads KH, zybots_ plays 8S -> segfault_society wins
  Trick  5: segfault_society leads QH, zybots_ plays 9S -> segfault_society wins
  Trick  6: segfault_society leads QD, zybots_ plays KD -> zybots_ wins
  Trick  7: zybots_ leads QC, segfault_society plays 7C -> zybots_ wins
  Trick  8: zybots_ leads KS, segfault_society plays 8C -> zybots_ wins
  Trick  9: zybots_ leads AD, segfault_society plays 9D -> zybots_ wins
  Trick 10: zybots_ leads AS, segfault_society plays 10D -> zybots_ wins
  Trick 11: zybots_ leads JD, segfault_society plays 10H -> zybots_ wins
  Trick 12: zybots_ leads 10S, segfault_society plays JC -> zybots_ wins
  Hand: zybots_ +23 / segfault_society +8 (tricks 7-5)
  Match total: zybots_ 23 - 8 segfault_society
Players: zybots_ vs segfault_society
Dealer: segfault_society  |  Elder: zybots_
Match scores: 23 - 8
Talon (8): 8C 10C JC QC 7H 10H 9S JS
zybots_ hand: 9C KC 7D 8D 10D JD QD KD AD QH KH AH
segfault_society hand: 7C AC 9D 8H 9H JH 7S 8S 10S QS KS AS
  Exchange zybots_: discard 9C 7D 8D QH AH -> draw 8C 10C JC 7H JS (talon 3 left)
  Exchange segfault_society: discard 7C 8H 9H -> draw QC 10H 9S (talon 0 left)

--- Phase: declare ---
  Declare point: segfault_society wins 7 pts (('point', 7, 'S'))
  Declare sequence: zybots_ wins 10 pts (('sequence', 5, 14, 'D'))
  Declare set: zybots_ wins 3 pts (('set', 3, 13))

--- Phase: tricks ---
  Trick  1: zybots_ leads 10D, segfault_society plays 9D -> zybots_ wins
  Trick  2: zybots_ leads JD, segfault_society plays 7S -> zybots_ wins
  Trick  3: zybots_ leads QD, segfault_society plays 8S -> zybots_ wins
  Trick  4: zybots_ leads KD, segfault_society plays 9S -> zybots_ wins
  Trick  5: zybots_ leads AD, segfault_society plays 10S -> zybots_ wins
  Trick  6: zybots_ leads 8C, segfault_society plays QC -> segfault_society wins
  Trick  7: segfault_society leads AS, zybots_ plays JS -> segfault_society wins
  Trick  8: segfault_society leads KS, zybots_ plays 7H -> segfault_society wins
  Trick  9: segfault_society leads AC, zybots_ plays 10C -> segfault_society wins
  Trick 10: segfault_society leads QS, zybots_ plays JC -> segfault_society wins
  Trick 11: segfault_society leads JH, zybots_ plays KH -> zybots_ wins
  Trick 12: zybots_ leads KC, segfault_society plays 10H -> zybots_ wins
  Hand: zybots_ +31 / segfault_society +12 (tricks 7-5)
  Match total: zybots_ 54 - 20 segfault_society
Players: zybots_ vs segfault_society
Dealer: zybots_  |  Elder: segfault_society
Match scores: 54 - 20
Talon (8): JC 8D 9D AD KH AH QS KS
zybots_ hand: 7C 10C QC KC AC 7D 10D QD 9H QH 9S AS
segfault_society hand: 8C 9C JD KD 7H 8H 10H JH 7S 8S 10S JS
  Exchange segfault_society: discard 8C 9C 7H 8H 10H -> draw JC 8D 9D AD KH (talon 3 left)
  Exchange zybots_: discard 7D 9H 9S -> draw AH QS KS (talon 0 left)

--- Phase: declare ---
  Declare sequence: zybots_ wins 3 pts (('sequence', 3, 14, 'C'))
  Declare set: zybots_ wins 3 pts (('set', 3, 14))

--- Phase: tricks ---
  Trick  1: segfault_society leads AD, zybots_ plays 10D -> segfault_society wins
  Trick  2: segfault_society leads KD, zybots_ plays QD -> segfault_society wins
  Trick  3: segfault_society leads JS, zybots_ plays QS -> zybots_ wins
  Trick  4: zybots_ leads QC, segfault_society plays JC -> zybots_ wins
  Trick  5: zybots_ leads KC, segfault_society plays 7S -> zybots_ wins
  Trick  6: zybots_ leads KS, segfault_society plays 8S -> zybots_ wins
  Trick  7: zybots_ leads AC, segfault_society plays 8D -> zybots_ wins
  Trick  8: zybots_ leads AS, segfault_society plays 10S -> zybots_ wins
  Trick  9: zybots_ leads AH, segfault_society plays JH -> zybots_ wins
  Trick 10: zybots_ leads 7C, segfault_society plays 9D -> zybots_ wins
  Trick 11: zybots_ leads QH, segfault_society plays KH -> segfault_society wins
  Trick 12: segfault_society leads JD, zybots_ plays 10C -> segfault_society wins
  Hand: zybots_ +24 / segfault_society +5 (tricks 8-4)
  Match total: zybots_ 78 - 25 segfault_society
Players: zybots_ vs segfault_society
Dealer: segfault_society  |  Elder: zybots_
Match scores: 78 - 25
Talon (8): 7D 8D 9D AD 7H JH JS KS
zybots_ hand: 8C 9C JC QC KC JD 8H QH KH 8S QS AS
segfault_society hand: 7C 10C AC 10D QD KD 9H 10H AH 7S 9S 10S
  Exchange zybots_: discard JD 8H KH 8S AS -> draw 7D 8D AD JH KS (talon 3 left)
  Exchange segfault_society: discard 7C 9H 7S -> draw 9D 7H JS (talon 0 left)

--- Phase: declare ---
  Declare point: zybots_ wins 5 pts (('point', 5, 'C'))
  Declare sequence: zybots_ wins 3 pts (('sequence', 3, 13, 'C'))
  Declare set: zybots_ wins 3 pts (('set', 3, 12))

--- Phase: tricks ---
  Trick  1: zybots_ leads AD, segfault_society plays 9D -> zybots_ wins
  Trick  2: zybots_ leads 8C, segfault_society plays 10C -> segfault_society wins
  Trick  3: segfault_society leads AH, zybots_ plays JH -> segfault_society wins
  Trick  4: segfault_society leads KD, zybots_ plays 7D -> segfault_society wins
  Trick  5: segfault_society leads QD, zybots_ plays 8D -> segfault_society wins
  Trick  6: segfault_society leads AC, zybots_ plays 9C -> segfault_society wins
  Trick  7: segfault_society leads JS, zybots_ plays QS -> zybots_ wins
  Trick  8: zybots_ leads JC, segfault_society plays 7H -> zybots_ wins
  Trick  9: zybots_ leads QC, segfault_society plays 9S -> zybots_ wins
  Trick 10: zybots_ leads KC, segfault_society plays 10H -> zybots_ wins
  Trick 11: zybots_ leads QH, segfault_society plays 10D -> zybots_ wins
  Trick 12: zybots_ leads KS, segfault_society plays 10S -> zybots_ wins
  Hand: zybots_ +29 / segfault_society +5 (tricks 7-5)
  Match total: zybots_ 107 - 30 segfault_society
  Final: zybots_ 107 - 30 segfault_society
  Winner: zybots_

============================================================
Game 45
============================================================
Players: segfault_society vs zybots_
Dealer: segfault_society  |  Elder: zybots_
Match scores: 0 - 0
Talon (8): 8C JC QC KC 8D 9H KH JS
segfault_society hand: 9C 10D KD AD 7H 10H QH 8S 9S 10S KS AS
zybots_ hand: 7C 10C AC 7D 9D JD QD 8H JH AH 7S QS
  Exchange zybots_: discard 7C 10C 8H JH 7S -> draw JC QC 8D 9H JS (talon 3 left)
  Exchange segfault_society: discard 9C 7H 10H -> draw 8C KC KH (talon 0 left)

--- Phase: declare ---
  Declare point: segfault_society wins 5 pts (('point', 5, 'S'))
  Declare sequence: segfault_society wins 3 pts (('sequence', 3, 10, 'S'))
  Declare set: segfault_society wins 14 pts (('set', 4, 13))

--- Phase: tricks ---
  Trick  1: zybots_ leads AH, segfault_society plays QH -> zybots_ wins
  Trick  2: zybots_ leads AC, segfault_society plays 8C -> zybots_ wins
  Trick  3: zybots_ leads 7D, segfault_society plays 10D -> segfault_society wins
  Trick  4: segfault_society leads AS, zybots_ plays JS -> segfault_society wins
  Trick  5: segfault_society leads KS, zybots_ plays QS -> segfault_society wins
  Trick  6: segfault_society leads AD, zybots_ plays 8D -> segfault_society wins
  Trick  7: segfault_society leads KD, zybots_ plays 9D -> segfault_society wins
  Trick  8: segfault_society leads KH, zybots_ plays 9H -> segfault_society wins
  Trick  9: segfault_society leads KC, zybots_ plays JC -> segfault_society wins
  Trick 10: segfault_society leads 10S, zybots_ plays JD -> segfault_society wins
  Trick 11: segfault_society leads 9S, zybots_ plays QD -> segfault_society wins
  Trick 12: segfault_society leads 8S, zybots_ plays QC -> segfault_society wins
  Hand: segfault_society +43 / zybots_ +2 (tricks 10-2)
  Match total: segfault_society 43 - 2 zybots_
Players: segfault_society vs zybots_
Dealer: zybots_  |  Elder: segfault_society
Match scores: 43 - 2
Talon (8): 7C 8D 10D JD 8H JH QH 9S
segfault_society hand: 8C 9C JC KC AC QD AD 7H 10H KH AH JS
zybots_ hand: 10C QC 7D 9D KD 9H 7S 8S 10S QS KS AS
  Exchange segfault_society: discard 8C QD 7H 10H JS -> draw 7C 8D JD 8H QH (talon 3 left)
  Exchange zybots_: discard 7D 9D 9H -> draw 10D JH 9S (talon 0 left)

--- Phase: declare ---
  Declare point: zybots_ wins 7 pts (('point', 7, 'S'))
  Declare sequence: zybots_ wins 4 pts (('sequence', 4, 10, 'S'))
  Declare set: segfault_society wins 3 pts (('set', 3, 14))

--- Phase: tricks ---
  Trick  1: segfault_society leads AC, zybots_ plays 10C -> segfault_society wins
  Trick  2: segfault_society leads AH, zybots_ plays JH -> segfault_society wins
  Trick  3: segfault_society leads KC, zybots_ plays QC -> segfault_society wins
  Trick  4: segfault_society leads AD, zybots_ plays 10D -> segfault_society wins
  Trick  5: segfault_society leads KH, zybots_ plays 7S -> segfault_society wins
  Trick  6: segfault_society leads QH, zybots_ plays 8S -> segfault_society wins
  Trick  7: segfault_society leads JC, zybots_ plays 9S -> segfault_society wins
  Trick  8: segfault_society leads JD, zybots_ plays KD -> zybots_ wins
  Trick  9: zybots_ leads QS, segfault_society plays 7C -> zybots_ wins
  Trick 10: zybots_ leads KS, segfault_society plays 8D -> zybots_ wins
  Trick 11: zybots_ leads AS, segfault_society plays 8H -> zybots_ wins
  Trick 12: zybots_ leads 10S, segfault_society plays 9C -> zybots_ wins
  Hand: segfault_society +20 / zybots_ +17 (tricks 7-5)
  Match total: segfault_society 63 - 19 zybots_
Players: segfault_society vs zybots_
Dealer: segfault_society  |  Elder: zybots_
Match scores: 63 - 19
Talon (8): 7C 8C AC QD AD 8S QS KS
segfault_society hand: QC KC 10D JD KD 9H 10H AH 7S 10S JS AS
zybots_ hand: 9C 10C JC 7D 8D 9D 7H 8H JH QH KH 9S
  Exchange zybots_: discard 7D 8D 7H 8H 9S -> draw 8C AC AD QS KS (talon 3 left)
  Exchange segfault_society: discard 10D 9H 10H -> draw 7C QD 8S (talon 0 left)

--- Phase: declare ---
  Declare point: zybots_ wins 5 pts (('point', 5, 'C'))
  Declare sequence: zybots_ wins 4 pts (('sequence', 4, 11, 'C'))

--- Phase: tricks ---
  Trick  1: zybots_ leads AC, segfault_society plays 7C -> zybots_ wins
  Trick  2: zybots_ leads AD, segfault_society plays JD -> zybots_ wins
  Trick  3: zybots_ leads 8C, segfault_society plays QC -> segfault_society wins
  Trick  4: segfault_society leads AS, zybots_ plays QS -> segfault_society wins
  Trick  5: segfault_society leads KD, zybots_ plays 9D -> segfault_society wins
  Trick  6: segfault_society leads AH, zybots_ plays JH -> segfault_society wins
  Trick  7: segfault_society leads KC, zybots_ plays 9C -> segfault_society wins
  Trick  8: segfault_society leads QD, zybots_ plays 10C -> segfault_society wins
  Trick  9: segfault_society leads JS, zybots_ plays KS -> zybots_ wins
  Trick 10: zybots_ leads QH, segfault_society plays 7S -> zybots_ wins
  Trick 11: zybots_ leads KH, segfault_society plays 8S -> zybots_ wins
  Trick 12: zybots_ leads JC, segfault_society plays 10S -> zybots_ wins
  Hand: segfault_society +6 / zybots_ +16 (tricks 6-6)
  Match total: segfault_society 69 - 35 zybots_
Players: segfault_society vs zybots_
Dealer: zybots_  |  Elder: segfault_society
Match scores: 69 - 35
Talon (8): JC 10D KH AH 8S 10S QS KS
segfault_society hand: 9C 10C KC 7D 9D QD KD AD 8H 9H 10H JH
zybots_ hand: 7C 8C QC AC 8D JD 7H QH 7S 9S JS AS
  Exchange segfault_society: discard 9C 10C 8H 9H 10H -> draw JC 10D KH 10S KS (talon 3 left)
  Exchange zybots_: discard 7C 8C 7H -> draw AH 8S QS (talon 0 left)

--- Phase: declare ---
  Declare point: segfault_society wins 6 pts (('point', 6, 'D'))
  Declare sequence: segfault_society wins 3 pts (('sequence', 3, 14, 'D'))
  Declare set: zybots_ wins 3 pts (('set', 3, 14))

--- Phase: tricks ---
  Trick  1: segfault_society leads AD, zybots_ plays 8D -> segfault_society wins
  Trick  2: segfault_society leads KD, zybots_ plays JD -> segfault_society wins
  Trick  3: segfault_society leads QD, zybots_ plays 7S -> segfault_society wins
  Trick  4: segfault_society leads 10D, zybots_ plays 8S -> segfault_society wins
  Trick  5: segfault_society leads KC, zybots_ plays AC -> zybots_ wins
  Trick  6: zybots_ leads AS, segfault_society plays 10S -> zybots_ wins
  Trick  7: zybots_ leads AH, segfault_society plays JH -> zybots_ wins
  Trick  8: zybots_ leads 9S, segfault_society plays KS -> segfault_society wins
  Trick  9: segfault_society leads KH, zybots_ plays QH -> segfault_society wins
  Trick 10: segfault_society leads 9D, zybots_ plays JS -> segfault_society wins
  Trick 11: segfault_society leads JC, zybots_ plays QC -> zybots_ wins
  Trick 12: zybots_ leads QS, segfault_society plays 7D -> zybots_ wins
  Hand: segfault_society +26 / zybots_ +9 (tricks 7-5)
  Match total: segfault_society 95 - 44 zybots_
Players: segfault_society vs zybots_
Dealer: segfault_society  |  Elder: zybots_
Match scores: 95 - 44
Talon (8): 10D QD KD 7S 8S 10S JS AS
segfault_society hand: 7C 9C JC QC AC 9D 7H 9H JH KH AH QS
zybots_ hand: 8C 10C KC 7D 8D JD AD 8H 10H QH 9S KS
  Exchange zybots_: discard 8C 10C 8H 10H 9S -> draw 10D QD KD 7S AS (talon 3 left)
  Exchange segfault_society: discard 7C 9D QS -> draw 8S 10S JS (talon 0 left)

--- Phase: declare ---
  Declare point: zybots_ wins 7 pts (('point', 7, 'D'))
  Declare sequence: zybots_ wins 10 pts (('sequence', 5, 14, 'D'))
  Declare set: zybots_ wins 3 pts (('set', 3, 13))

--- Phase: tricks ---
  Trick  1: zybots_ leads 10D, segfault_society plays 7H -> zybots_ wins
  Trick  2: zybots_ leads JD, segfault_society plays 8S -> zybots_ wins
  Trick  3: zybots_ leads QD, segfault_society plays 9C -> zybots_ wins
  Trick  4: zybots_ leads KS, segfault_society plays 10S -> zybots_ wins
  Trick  5: zybots_ leads KD, segfault_society plays 9H -> zybots_ wins
  Trick  6: zybots_ leads AD, segfault_society plays JH -> zybots_ wins
  Trick  7: zybots_ leads AS, segfault_society plays JS -> zybots_ wins
  Trick  8: zybots_ leads 7D, segfault_society plays JC -> zybots_ wins
  Trick  9: zybots_ leads 8D, segfault_society plays QC -> zybots_ wins
  Trick 10: zybots_ leads KC, segfault_society plays AC -> segfault_society wins
  Trick 11: segfault_society leads AH, zybots_ plays QH -> segfault_society wins
  Trick 12: segfault_society leads KH, zybots_ plays 7S -> segfault_society wins
  Hand: segfault_society +4 / zybots_ +39 (tricks 3-9)
  Match total: segfault_society 99 - 83 zybots_
Players: segfault_society vs zybots_
Dealer: zybots_  |  Elder: segfault_society
Match scores: 99 - 83
Talon (8): KC AC KD QH AH 8S JS KS
segfault_society hand: 7C 8C 10C JC QC AD 9H 10H JH 7S 10S AS
zybots_ hand: 9C 7D 8D 9D 10D JD QD 7H 8H KH 9S QS
  Exchange segfault_society: discard 9H 10H JH 7S 10S -> draw KC AC AH 8S JS (talon 3 left)
  Exchange zybots_: discard 9C 7H 8H -> draw KD QH KS (talon 0 left)

--- Phase: declare ---
  Declare point: segfault_society wins 7 pts (('point', 7, 'C'))
  Declare sequence: zybots_ wins 12 pts (('sequence', 7, 13, 'D'))
  Declare set: segfault_society wins 14 pts (('set', 4, 14))

--- Phase: tricks ---
  Trick  1: segfault_society leads AC, zybots_ plays 7D -> segfault_society wins
  Trick  2: segfault_society leads KC, zybots_ plays 8D -> segfault_society wins
  Trick  3: segfault_society leads QC, zybots_ plays 9D -> segfault_society wins
  Trick  4: segfault_society leads JC, zybots_ plays 9S -> segfault_society wins
  Trick  5: segfault_society leads AS, zybots_ plays QS -> segfault_society wins
  Trick  6: segfault_society leads 10C, zybots_ plays 10D -> segfault_society wins
  Trick  7: segfault_society leads AD, zybots_ plays JD -> segfault_society wins
  Trick  8: segfault_society leads AH, zybots_ plays QH -> segfault_society wins
  Trick  9: segfault_society leads JS, zybots_ plays KS -> zybots_ wins
  Trick 10: zybots_ leads QD, segfault_society plays 7C -> zybots_ wins
  Trick 11: zybots_ leads KH, segfault_society plays 8C -> zybots_ wins
  Trick 12: zybots_ leads KD, segfault_society plays 8S -> zybots_ wins
  Hand: segfault_society +39 / zybots_ +17 (tricks 8-4)
  Match total: segfault_society 138 - 100 zybots_
  Final: segfault_society 138 - 100 zybots_
  Winner: segfault_society

============================================================
Game 46
============================================================
Players: zybots_ vs segfault_society
Dealer: zybots_  |  Elder: segfault_society
Match scores: 0 - 0
Talon (8): 9C 10C KC QD 8H 9S JS AS
zybots_ hand: 7C 8C JC AC 7D 9D JD KD 7H JH AH 10S
segfault_society hand: QC 8D 10D AD 9H 10H QH KH 7S 8S QS KS
  Exchange segfault_society: discard QC 8D 10D 7S 8S -> draw 9C 10C KC QD 8H (talon 3 left)
  Exchange zybots_: discard 7C 8C 7H -> draw 9S JS AS (talon 0 left)

--- Phase: declare ---
  Declare point: segfault_society wins 5 pts (('point', 5, 'H'))
  Declare sequence: zybots_ wins 3 pts (('sequence', 3, 11, 'S'))
  Declare set: zybots_ wins 3 pts (('set', 3, 14))

--- Phase: tricks ---
  Trick  1: segfault_society leads AD, zybots_ plays 7D -> segfault_society wins
  Trick  2: segfault_society leads KH, zybots_ plays AH -> zybots_ wins
  Trick  3: zybots_ leads KD, segfault_society plays QD -> zybots_ wins
  Trick  4: zybots_ leads AC, segfault_society plays 9C -> zybots_ wins
  Trick  5: zybots_ leads AS, segfault_society plays QS -> zybots_ wins
  Trick  6: zybots_ leads 9S, segfault_society plays KS -> segfault_society wins
  Trick  7: segfault_society leads KC, zybots_ plays JC -> segfault_society wins
  Trick  8: segfault_society leads QH, zybots_ plays JH -> segfault_society wins
  Trick  9: segfault_society leads 10H, zybots_ plays 9D -> segfault_society wins
  Trick 10: segfault_society leads 9H, zybots_ plays 10S -> segfault_society wins
  Trick 11: segfault_society leads 10C, zybots_ plays JD -> segfault_society wins
  Trick 12: segfault_society leads 8H, zybots_ plays JS -> segfault_society wins
  Hand: zybots_ +10 / segfault_society +24 (tricks 4-8)
  Match total: zybots_ 10 - 24 segfault_society
Players: zybots_ vs segfault_society
Dealer: segfault_society  |  Elder: zybots_
Match scores: 10 - 24
Talon (8): 7D 10D 10H JH QH 10S JS AS
zybots_ hand: 8C 9C JC QC KC AC 7H 8H 9H KH 7S 9S
segfault_society hand: 7C 10C 8D 9D JD QD KD AD AH 8S QS KS
  Exchange zybots_: discard 8C 9C KH 7S 9S -> draw 10D JH QH 10S JS (talon 3 left)
  Exchange segfault_society: discard 7C 10C 8S -> draw 7D 10H AS (talon 0 left)

--- Phase: declare ---
  Declare point: segfault_society wins 7 pts (('point', 7, 'D'))
  Declare set: segfault_society wins 3 pts (('set', 3, 14))

--- Phase: tricks ---
  Trick  1: zybots_ leads JC, segfault_society plays 7D -> zybots_ wins
  Trick  2: zybots_ leads QC, segfault_society plays 8D -> zybots_ wins
  Trick  3: zybots_ leads KC, segfault_society plays 9D -> zybots_ wins
  Trick  4: zybots_ leads AC, segfault_society plays 10H -> zybots_ wins
  Trick  5: zybots_ leads 7H, segfault_society plays AH -> segfault_society wins
  Trick  6: segfault_society leads AD, zybots_ plays 10D -> segfault_society wins
  Trick  7: segfault_society leads AS, zybots_ plays 10S -> segfault_society wins
  Trick  8: segfault_society leads KD, zybots_ plays 8H -> segfault_society wins
  Trick  9: segfault_society leads KS, zybots_ plays JS -> segfault_society wins
  Trick 10: segfault_society leads QD, zybots_ plays 9H -> segfault_society wins
  Trick 11: segfault_society leads QS, zybots_ plays JH -> segfault_society wins
  Trick 12: segfault_society leads JD, zybots_ plays QH -> segfault_society wins
  Hand: zybots_ +4 / segfault_society +29 (tricks 4-8)
  Match total: zybots_ 14 - 53 segfault_society
Players: zybots_ vs segfault_society
Dealer: zybots_  |  Elder: segfault_society
Match scores: 14 - 53
Talon (8): JC KC 8H 9H QH AH JS AS
zybots_ hand: 9C 8D 9D 10D QD AD 7H 10H JH KH 7S 10S
segfault_society hand: 7C 8C 10C QC AC 7D JD KD 8S 9S QS KS
  Exchange segfault_society: discard 7D JD 8S 9S QS -> draw 9H QH AH JS AS (talon 3 left)
  Exchange zybots_: discard 9C 7H 7S -> draw JC KC 8H (talon 0 left)

--- Phase: declare ---
  Declare point: zybots_ wins 5 pts (('point', 5, 'D'))
  Declare sequence: zybots_ wins 3 pts (('sequence', 3, 10, 'D'))
  Declare set: segfault_society wins 3 pts (('set', 3, 14))

--- Phase: tricks ---
  Trick  1: segfault_society leads AC, zybots_ plays JC -> segfault_society wins
  Trick  2: segfault_society leads AS, zybots_ plays 10S -> segfault_society wins
  Trick  3: segfault_society leads AH, zybots_ plays 8H -> segfault_society wins
  Trick  4: segfault_society leads KS, zybots_ plays 8D -> segfault_society wins
  Trick  5: segfault_society leads QC, zybots_ plays KC -> zybots_ wins
  Trick  6: zybots_ leads KH, segfault_society plays 9H -> zybots_ wins
  Trick  7: zybots_ leads AD, segfault_society plays KD -> zybots_ wins
  Trick  8: zybots_ leads 9D, segfault_society plays 7C -> zybots_ wins
  Trick  9: zybots_ leads 10H, segfault_society plays QH -> segfault_society wins
  Trick 10: segfault_society leads 10C, zybots_ plays 10D -> segfault_society wins
  Trick 11: segfault_society leads JS, zybots_ plays JH -> segfault_society wins
  Trick 12: segfault_society leads 8C, zybots_ plays QD -> segfault_society wins
  Hand: zybots_ +12 / segfault_society +22 (tricks 4-8)
  Match total: zybots_ 26 - 75 segfault_society
Players: zybots_ vs segfault_society
Dealer: segfault_society  |  Elder: zybots_
Match scores: 26 - 75
Talon (8): 9C 9D JD 7H 9H 10H 10S AS
zybots_ hand: 7C JC KC 7D 10D QD QH KH AH 8S 9S KS
segfault_society hand: 8C 10C QC AC 8D KD AD 8H JH 7S JS QS
  Exchange zybots_: discard 7C 7D 10D 8S 9S -> draw 9C 9D 7H 10H AS (talon 3 left)
  Exchange segfault_society: discard 8D 8H 7S -> draw JD 9H 10S (talon 0 left)

--- Phase: declare ---
  Declare point: zybots_ wins 5 pts (('point', 5, 'H'))
  Declare sequence: zybots_ wins 3 pts (('sequence', 3, 14, 'H'))
  Declare set: zybots_ wins 3 pts (('set', 3, 13))

--- Phase: tricks ---
  Trick  1: zybots_ leads QH, segfault_society plays 9H -> zybots_ wins
  Trick  2: zybots_ leads KH, segfault_society plays JH -> zybots_ wins
  Trick  3: zybots_ leads KS, segfault_society plays 10S -> zybots_ wins
  Trick  4: zybots_ leads AH, segfault_society plays 8C -> zybots_ wins
  Trick  5: zybots_ leads AS, segfault_society plays JS -> zybots_ wins
  Trick  6: zybots_ leads 9C, segfault_society plays 10C -> segfault_society wins
  Trick  7: segfault_society leads AD, zybots_ plays 9D -> segfault_society wins
  Trick  8: segfault_society leads AC, zybots_ plays JC -> segfault_society wins
  Trick  9: segfault_society leads KD, zybots_ plays QD -> segfault_society wins
  Trick 10: segfault_society leads QS, zybots_ plays 7H -> segfault_society wins
  Trick 11: segfault_society leads QC, zybots_ plays KC -> zybots_ wins
  Trick 12: zybots_ leads 10H, segfault_society plays JD -> zybots_ wins
  Hand: zybots_ +29 / segfault_society +5 (tricks 7-5)
  Match total: zybots_ 55 - 80 segfault_society
Players: zybots_ vs segfault_society
Dealer: zybots_  |  Elder: segfault_society
Match scores: 55 - 80
Talon (8): 8C QC 7D 8D 9H 10H 8S 10S
zybots_ hand: 7C JC KC 10D KD AD 7H 8H JH KH QS AS
segfault_society hand: 9C 10C AC 9D JD QD QH AH 7S 9S JS KS
  Exchange segfault_society: discard 9C 10C 9D 7S 9S -> draw QC 8D 10H 8S 10S (talon 3 left)
  Exchange zybots_: discard 7C JC 10D -> draw 8C 7D 9H (talon 0 left)

--- Phase: declare ---
  Declare point: zybots_ wins 5 pts (('point', 5, 'H'))
  Declare sequence: zybots_ wins 3 pts (('sequence', 3, 9, 'H'))
  Declare set: zybots_ wins 3 pts (('set', 3, 13))

--- Phase: tricks ---
  Trick  1: segfault_society leads AH, zybots_ plays 7H -> segfault_society wins
  Trick  2: segfault_society leads AC, zybots_ plays 8C -> segfault_society wins
  Trick  3: segfault_society leads KS, zybots_ plays AS -> zybots_ wins
  Trick  4: zybots_ leads KD, segfault_society plays 8D -> zybots_ wins
  Trick  5: zybots_ leads KC, segfault_society plays QC -> zybots_ wins
  Trick  6: zybots_ leads KH, segfault_society plays 10H -> zybots_ wins
  Trick  7: zybots_ leads AD, segfault_society plays JD -> zybots_ wins
  Trick  8: zybots_ leads 8H, segfault_society plays QH -> segfault_society wins
  Trick  9: segfault_society leads QD, zybots_ plays 7D -> segfault_society wins
  Trick 10: segfault_society leads JS, zybots_ plays QS -> zybots_ wins
  Trick 11: zybots_ leads 9H, segfault_society plays 8S -> zybots_ wins
  Trick 12: zybots_ leads JH, segfault_society plays 10S -> zybots_ wins
  Hand: zybots_ +30 / segfault_society +4 (tricks 8-4)
  Match total: zybots_ 85 - 84 segfault_society
Players: zybots_ vs segfault_society
Dealer: segfault_society  |  Elder: zybots_
Match scores: 85 - 84
Talon (8): JC QC 7D QD QH KH 8S JS
zybots_ hand: 7C 8C 10C AC 8D 9D 10D JD AD 7S 9S 10S
segfault_society hand: 9C KC KD 7H 8H 9H 10H JH AH QS KS AS
  Exchange zybots_: discard 7C 8C AC 7S 9S -> draw JC QC QH KH 8S (talon 3 left)
  Exchange segfault_society: discard 9C 7H QS -> draw 7D QD JS (talon 0 left)

--- Phase: declare ---
  Declare set: segfault_society wins 3 pts (('set', 3, 13))

--- Phase: tricks ---
  Trick  1: zybots_ leads AD, segfault_society plays 7D -> zybots_ wins
  Trick  2: zybots_ leads 8D, segfault_society plays QD -> segfault_society wins
  Trick  3: segfault_society leads AH, zybots_ plays QH -> segfault_society wins
  Trick  4: segfault_society leads AS, zybots_ plays 8S -> segfault_society wins
  Trick  5: segfault_society leads KS, zybots_ plays 10S -> segfault_society wins
  Trick  6: segfault_society leads KD, zybots_ plays 9D -> segfault_society wins
  Trick  7: segfault_society leads JH, zybots_ plays KH -> zybots_ wins
  Trick  8: zybots_ leads 10C, segfault_society plays KC -> segfault_society wins
  Trick  9: segfault_society leads 10H, zybots_ plays 10D -> segfault_society wins
  Trick 10: segfault_society leads 9H, zybots_ plays JD -> segfault_society wins
  Trick 11: segfault_society leads JS, zybots_ plays JC -> segfault_society wins
  Trick 12: segfault_society leads 8H, zybots_ plays QC -> segfault_society wins
  Hand: zybots_ +2 / segfault_society +24 (tricks 2-10)
  Match total: zybots_ 87 - 108 segfault_society
  Final: zybots_ 87 - 108 segfault_society
  Winner: segfault_society

============================================================
Game 47
============================================================
Players: segfault_society vs zybots_
Dealer: segfault_society  |  Elder: zybots_
Match scores: 0 - 0
Talon (8): KC 9D 10D JD KD 9H JH QH
segfault_society hand: 7C 9C 10C AC 8D QD AD 7H KH AH 7S JS
zybots_ hand: 8C JC QC 7D 8H 10H 8S 9S 10S QS KS AS
  Exchange zybots_: discard 8C JC 7D 8H 10H -> draw 10D JD KD 9H JH (talon 3 left)
  Exchange segfault_society: discard 8D 7H 7S -> draw KC 9D QH (talon 0 left)

--- Phase: declare ---
  Declare point: zybots_ wins 6 pts (('point', 6, 'S'))
  Declare set: segfault_society wins 3 pts (('set', 3, 14))

--- Phase: tricks ---
  Trick  1: zybots_ leads QS, segfault_society plays JS -> zybots_ wins
  Trick  2: zybots_ leads KS, segfault_society plays 7C -> zybots_ wins
  Trick  3: zybots_ leads AS, segfault_society plays 9C -> zybots_ wins
  Trick  4: zybots_ leads 8S, segfault_society plays 9D -> zybots_ wins
  Trick  5: zybots_ leads 10D, segfault_society plays QD -> segfault_society wins
  Trick  6: segfault_society leads AH, zybots_ plays 9H -> segfault_society wins
  Trick  7: segfault_society leads AC, zybots_ plays QC -> segfault_society wins
  Trick  8: segfault_society leads KH, zybots_ plays JH -> segfault_society wins
  Trick  9: segfault_society leads KC, zybots_ plays 9S -> segfault_society wins
  Trick 10: segfault_society leads AD, zybots_ plays JD -> segfault_society wins
  Trick 11: segfault_society leads QH, zybots_ plays 10S -> segfault_society wins
  Trick 12: segfault_society leads 10C, zybots_ plays KD -> segfault_society wins
  Hand: segfault_society +22 / zybots_ +10 (tricks 8-4)
  Match total: segfault_society 22 - 10 zybots_
Players: segfault_society vs zybots_
Dealer: zybots_  |  Elder: segfault_society
Match scores: 22 - 10
Talon (8): AC 8D 9D AD 7H 10H QH KS
segfault_society hand: JC KC 7D 10D KD 8H 9H JH KH AH 8S 9S
zybots_ hand: 7C 8C 9C 10C QC JD QD 7S 10S JS QS AS
  Exchange segfault_society: discard JC 7D 10D 8S 9S -> draw 8D 9D AD 7H QH (talon 3 left)
  Exchange zybots_: discard JD 7S AS -> draw AC 10H KS (talon 0 left)

--- Phase: declare ---
  Declare point: segfault_society wins 7 pts (('point', 7, 'H'))
  Declare sequence: segfault_society wins 4 pts (('sequence', 4, 14, 'H'))
  Declare set: segfault_society wins 3 pts (('set', 3, 13))

--- Phase: tricks ---
  Trick  1: segfault_society leads AH, zybots_ plays 10H -> segfault_society wins
  Trick  2: segfault_society leads KH, zybots_ plays 7C -> segfault_society wins
  Trick  3: segfault_society leads QH, zybots_ plays 8C -> segfault_society wins
  Trick  4: segfault_society leads AD, zybots_ plays QD -> segfault_society wins
  Trick  5: segfault_society leads JH, zybots_ plays 9C -> segfault_society wins
  Trick  6: segfault_society leads KD, zybots_ plays 10S -> segfault_society wins
  Trick  7: segfault_society leads 9H, zybots_ plays 10C -> segfault_society wins
  Trick  8: segfault_society leads 9D, zybots_ plays JS -> segfault_society wins
  Trick  9: segfault_society leads 8H, zybots_ plays QS -> segfault_society wins
  Trick 10: segfault_society leads KC, zybots_ plays AC -> zybots_ wins
  Trick 11: zybots_ leads QC, segfault_society plays 7H -> zybots_ wins
  Trick 12: zybots_ leads KS, segfault_society plays 8D -> zybots_ wins
  Hand: segfault_society +33 / zybots_ +4 (tricks 9-3)
  Match total: segfault_society 55 - 14 zybots_
Players: segfault_society vs zybots_
Dealer: segfault_society  |  Elder: zybots_
Match scores: 55 - 14
Talon (8): JC 8D 9D JD AD 8H AH KS
segfault_society hand: 9C QC KC AC 10D KD 7H JH 9S 10S JS QS
zybots_ hand: 7C 8C 10C 7D QD 9H 10H QH KH 7S 8S AS
  Exchange zybots_: discard 7C 8C 7D 7S 8S -> draw 8D 9D AD 8H AH (talon 3 left)
  Exchange segfault_society: discard 10D 7H JH -> draw JC JD KS (talon 0 left)

--- Phase: declare ---
  Declare point: zybots_ wins 6 pts (('point', 6, 'H'))
  Declare sequence: segfault_society wins 10 pts (('sequence', 5, 13, 'S'))
  Declare set: zybots_ wins 3 pts (('set', 3, 14))

--- Phase: tricks ---
  Trick  1: zybots_ leads QH, segfault_society plays 9C -> zybots_ wins
  Trick  2: zybots_ leads KH, segfault_society plays 9S -> zybots_ wins
  Trick  3: zybots_ leads AS, segfault_society plays 10S -> zybots_ wins
  Trick  4: zybots_ leads AH, segfault_society plays JS -> zybots_ wins
  Trick  5: zybots_ leads AD, segfault_society plays JD -> zybots_ wins
  Trick  6: zybots_ leads 8H, segfault_society plays JC -> zybots_ wins
  Trick  7: zybots_ leads 8D, segfault_society plays KD -> segfault_society wins
  Trick  8: segfault_society leads AC, zybots_ plays 10C -> segfault_society wins
  Trick  9: segfault_society leads KC, zybots_ plays 9H -> segfault_society wins
  Trick 10: segfault_society leads KS, zybots_ plays 9D -> segfault_society wins
  Trick 11: segfault_society leads QS, zybots_ plays 10H -> segfault_society wins
  Trick 12: segfault_society leads QC, zybots_ plays QD -> segfault_society wins
  Hand: segfault_society +17 / zybots_ +15 (tricks 6-6)
  Match total: segfault_society 72 - 29 zybots_
Players: segfault_society vs zybots_
Dealer: zybots_  |  Elder: segfault_society
Match scores: 72 - 29
Talon (8): JC 8H JH QH KH 7S 8S 9S
segfault_society hand: 7C 9C 10C QC 7D 8D 9D JD 7H 10H 10S JS
zybots_ hand: 8C KC AC 10D QD KD AD 9H AH QS KS AS
  Exchange segfault_society: discard 7C 9C 7H 10H 10S -> draw 8H JH KH 7S 8S (talon 3 left)
  Exchange zybots_: discard 8C 10D 9H -> draw JC QH 9S (talon 0 left)

--- Phase: declare ---
  Declare point: zybots_ wins 4 pts (('point', 4, 'S'))
  Declare sequence: zybots_ wins 3 pts (('sequence', 3, 14, 'D'))
  Declare set: zybots_ wins 14 pts (('set', 4, 14))

--- Phase: tricks ---
  Trick  1: segfault_society leads JD, zybots_ plays QD -> zybots_ wins
  Trick  2: zybots_ leads QS, segfault_society plays 7S -> zybots_ wins
  Trick  3: zybots_ leads KD, segfault_society plays 7D -> zybots_ wins
  Trick  4: zybots_ leads KC, segfault_society plays 10C -> zybots_ wins
  Trick  5: zybots_ leads KS, segfault_society plays 8S -> zybots_ wins
  Trick  6: zybots_ leads AS, segfault_society plays JS -> zybots_ wins
  Trick  7: zybots_ leads AD, segfault_society plays 8D -> zybots_ wins
  Trick  8: zybots_ leads AH, segfault_society plays 8H -> zybots_ wins
  Trick  9: zybots_ leads AC, segfault_society plays QC -> zybots_ wins
  Trick 10: zybots_ leads JC, segfault_society plays 9D -> zybots_ wins
  Trick 11: zybots_ leads QH, segfault_society plays KH -> segfault_society wins
  Trick 12: segfault_society leads JH, zybots_ plays 9S -> segfault_society wins
  Hand: segfault_society +3 / zybots_ +41 (tricks 2-10)
  Match total: segfault_society 75 - 70 zybots_
Players: segfault_society vs zybots_
Dealer: segfault_society  |  Elder: zybots_
Match scores: 75 - 70
Talon (8): 8C 10C JH AH 9S 10S JS KS
segfault_society hand: 9C QC KC 7D 9D 10D JD KD AD 8H 9H 10H
zybots_ hand: 7C JC AC 8D QD 7H QH KH 7S 8S QS AS
  Exchange zybots_: discard 7C JC 8D 7H KH -> draw 8C 10C JH 9S JS (talon 3 left)
  Exchange segfault_society: discard 9C 8H 9H -> draw AH 10S KS (talon 0 left)

--- Phase: declare ---
  Declare point: segfault_society wins 6 pts (('point', 6, 'D'))
  Declare sequence: segfault_society wins 3 pts (('sequence', 3, 11, 'D'))
  Declare set: segfault_society wins 3 pts (('set', 3, 13))

--- Phase: tricks ---
  Trick  1: zybots_ leads AS, segfault_society plays 10S -> zybots_ wins
  Trick  2: zybots_ leads AC, segfault_society plays QC -> zybots_ wins
  Trick  3: zybots_ leads 7S, segfault_society plays KS -> segfault_society wins
  Trick  4: segfault_society leads AD, zybots_ plays QD -> segfault_society wins
  Trick  5: segfault_society leads KD, zybots_ plays 8S -> segfault_society wins
  Trick  6: segfault_society leads AH, zybots_ plays JH -> segfault_society wins
  Trick  7: segfault_society leads KC, zybots_ plays 8C -> segfault_society wins
  Trick  8: segfault_society leads JD, zybots_ plays 9S -> segfault_society wins
  Trick  9: segfault_society leads 10D, zybots_ plays 10C -> segfault_society wins
  Trick 10: segfault_society leads 9D, zybots_ plays JS -> segfault_society wins
  Trick 11: segfault_society leads 10H, zybots_ plays QH -> zybots_ wins
  Trick 12: zybots_ leads QS, segfault_society plays 7D -> zybots_ wins
  Hand: segfault_society +30 / zybots_ +5 (tricks 8-4)
  Match total: segfault_society 105 - 75 zybots_
  Final: segfault_society 105 - 75 zybots_
  Winner: segfault_society

============================================================
Game 48
============================================================
Players: zybots_ vs segfault_society
Dealer: zybots_  |  Elder: segfault_society
Match scores: 0 - 0
Talon (8): KC AC 7D 7H 8H 10H JS QS
zybots_ hand: 9C 10C QC JD QD KD AD JH KH 7S 9S KS
segfault_society hand: 7C 8C JC 8D 9D 10D 9H QH AH 8S 10S AS
  Exchange segfault_society: discard 7C 8C 9H 8S 10S -> draw KC AC 7H 10H QS (talon 3 left)
  Exchange zybots_: discard 9C 7S 9S -> draw 7D 8H JS (talon 0 left)

--- Phase: declare ---
  Declare point: zybots_ wins 5 pts (('point', 5, 'D'))
  Declare sequence: zybots_ wins 4 pts (('sequence', 4, 14, 'D'))
  Declare set: segfault_society wins 3 pts (('set', 3, 14))

--- Phase: tricks ---
  Trick  1: segfault_society leads AH, zybots_ plays 8H -> segfault_society wins
  Trick  2: segfault_society leads AC, zybots_ plays 10C -> segfault_society wins
  Trick  3: segfault_society leads AS, zybots_ plays JS -> segfault_society wins
  Trick  4: segfault_society leads KC, zybots_ plays QC -> segfault_society wins
  Trick  5: segfault_society leads QH, zybots_ plays KH -> zybots_ wins
  Trick  6: zybots_ leads JD, segfault_society plays 8D -> zybots_ wins
  Trick  7: zybots_ leads QD, segfault_society plays 9D -> zybots_ wins
  Trick  8: zybots_ leads KD, segfault_society plays 10D -> zybots_ wins
  Trick  9: zybots_ leads KS, segfault_society plays QS -> zybots_ wins
  Trick 10: zybots_ leads AD, segfault_society plays 7H -> zybots_ wins
  Trick 11: zybots_ leads JH, segfault_society plays 10H -> zybots_ wins
  Trick 12: zybots_ leads 7D, segfault_society plays JC -> zybots_ wins
  Hand: zybots_ +28 / segfault_society +7 (tricks 8-4)
  Match total: zybots_ 28 - 7 segfault_society
Players: zybots_ vs segfault_society
Dealer: segfault_society  |  Elder: zybots_
Match scores: 28 - 7
Talon (8): 10C AC 10D JD AH 8S 10S JS
zybots_ hand: 7C 9C JC 9D KD AD 8H QH 7S 9S QS AS
segfault_society hand: 8C QC KC 7D 8D QD 7H 9H 10H JH KH KS
  Exchange zybots_: discard 7C 9C JC 9D 8H -> draw 10C AC 8S 10S JS (talon 3 left)
  Exchange segfault_society: discard 8C 7D 8D -> draw 10D JD AH (talon 0 left)

--- Phase: declare ---
  Declare point: zybots_ wins 7 pts (('point', 7, 'S'))
  Declare sequence: zybots_ wins 11 pts (('sequence', 6, 12, 'S'))
  Declare set: zybots_ wins 3 pts (('set', 3, 14))

--- Phase: tricks ---
  Trick  1: zybots_ leads KD, segfault_society plays 10D -> zybots_ wins
  Trick  2: zybots_ leads AS, segfault_society plays KS -> zybots_ wins
  Trick  3: zybots_ leads AD, segfault_society plays JD -> zybots_ wins
  Trick  4: zybots_ leads AC, segfault_society plays QC -> zybots_ wins
  Trick  5: zybots_ leads 7S, segfault_society plays 7H -> zybots_ wins
  Trick  6: zybots_ leads 8S, segfault_society plays 9H -> zybots_ wins
  Trick  7: zybots_ leads 9S, segfault_society plays 10H -> zybots_ wins
  Trick  8: zybots_ leads 10S, segfault_society plays JH -> zybots_ wins
  Trick  9: zybots_ leads JS, segfault_society plays QD -> zybots_ wins
  Trick 10: zybots_ leads QS, segfault_society plays KC -> zybots_ wins
  Trick 11: zybots_ leads QH, segfault_society plays KH -> segfault_society wins
  Trick 12: segfault_society leads AH, zybots_ plays 10C -> segfault_society wins
  Hand: zybots_ +41 / segfault_society +3 (tricks 10-2)
  Match total: zybots_ 69 - 10 segfault_society
Players: zybots_ vs segfault_society
Dealer: zybots_  |  Elder: segfault_society
Match scores: 69 - 10
Talon (8): 7C 8C AC 7D KD AD QS AS
zybots_ hand: 9C 10C 9D 10D JD 7H 9H JH QH KH 9S 10S
segfault_society hand: JC QC KC 8D QD 8H 10H AH 7S 8S JS KS
  Exchange segfault_society: discard 8D 8H 10H 7S 8S -> draw 8C AC 7D AD QS (talon 3 left)
  Exchange zybots_: discard 9C 7H 9S -> draw 7C KD AS (talon 0 left)

--- Phase: declare ---
  Declare point: segfault_society wins 5 pts (('point', 5, 'C'))
  Declare sequence: segfault_society wins 4 pts (('sequence', 4, 14, 'C'))
  Declare set: segfault_society wins 3 pts (('set', 3, 14))

--- Phase: tricks ---
  Trick  1: segfault_society leads AC, zybots_ plays 7C -> segfault_society wins
  Trick  2: segfault_society leads KC, zybots_ plays 10C -> segfault_society wins
  Trick  3: segfault_society leads AD, zybots_ plays 9D -> segfault_society wins
  Trick  4: segfault_society leads QC, zybots_ plays 9H -> segfault_society wins
  Trick  5: segfault_society leads JC, zybots_ plays 10D -> segfault_society wins
  Trick  6: segfault_society leads AH, zybots_ plays JH -> segfault_society wins
  Trick  7: segfault_society leads KS, zybots_ plays AS -> zybots_ wins
  Trick  8: zybots_ leads QH, segfault_society plays 7D -> zybots_ wins
  Trick  9: zybots_ leads KH, segfault_society plays 8C -> zybots_ wins
  Trick 10: zybots_ leads KD, segfault_society plays QD -> zybots_ wins
  Trick 11: zybots_ leads JD, segfault_society plays JS -> zybots_ wins
  Trick 12: zybots_ leads 10S, segfault_society plays QS -> segfault_society wins
  Hand: zybots_ +5 / segfault_society +30 (tricks 5-7)
  Match total: zybots_ 74 - 40 segfault_society
Players: zybots_ vs segfault_society
Dealer: segfault_society  |  Elder: zybots_
Match scores: 74 - 40
Talon (8): KC 7H 9H JH QH 7S 8S 10S
zybots_ hand: 8C 9C 10C 9D 10D JD KD 10H KH 9S KS AS
segfault_society hand: 7C JC QC AC 7D 8D QD AD 8H AH JS QS
  Exchange zybots_: discard 8C 9C 10H 9S AS -> draw KC JH QH 7S 8S (talon 3 left)
  Exchange segfault_society: discard 7D 8D 8H -> draw 7H 9H 10S (talon 0 left)

--- Phase: declare ---
  Declare point: zybots_ wins 4 pts (('point', 4, 'D'))
  Declare sequence: zybots_ wins 3 pts (('sequence', 3, 13, 'H'))
  Declare set: segfault_society wins 3 pts (('set', 3, 14))

--- Phase: tricks ---
  Trick  1: zybots_ leads 9D, segfault_society plays QD -> segfault_society wins
  Trick  2: segfault_society leads AC, zybots_ plays 10C -> segfault_society wins
  Trick  3: segfault_society leads AH, zybots_ plays JH -> segfault_society wins
  Trick  4: segfault_society leads AD, zybots_ plays 10D -> segfault_society wins
  Trick  5: segfault_society leads QC, zybots_ plays KC -> zybots_ wins
  Trick  6: zybots_ leads QH, segfault_society plays 7H -> zybots_ wins
  Trick  7: zybots_ leads KH, segfault_society plays 9H -> zybots_ wins
  Trick  8: zybots_ leads KD, segfault_society plays 7C -> zybots_ wins
  Trick  9: zybots_ leads 7S, segfault_society plays 10S -> segfault_society wins
  Trick 10: segfault_society leads QS, zybots_ plays KS -> zybots_ wins
  Trick 11: zybots_ leads JD, segfault_society plays JS -> zybots_ wins
  Trick 12: zybots_ leads 8S, segfault_society plays JC -> zybots_ wins
  Hand: zybots_ +25 / segfault_society +8 (tricks 7-5)
  Match total: zybots_ 99 - 48 segfault_society
Players: zybots_ vs segfault_society
Dealer: zybots_  |  Elder: segfault_society
Match scores: 99 - 48
Talon (8): 10C QC AC AD 8H AH 10S QS
zybots_ hand: 7C JC KC 8D 9D KD 7H 9H 10H QH KH 9S
segfault_society hand: 8C 9C 7D 10D JD QD JH 7S 8S JS KS AS
  Exchange segfault_society: discard 8C 9C 7D JH 7S -> draw QC AC AH 10S QS (talon 3 left)
  Exchange zybots_: discard 7C 8D 9D -> draw 10C AD 8H (talon 0 left)

--- Phase: declare ---
  Declare point: segfault_society wins 6 pts (('point', 6, 'S'))
  Declare sequence: segfault_society wins 10 pts (('sequence', 5, 14, 'S'))
  Declare set: segfault_society wins 3 pts (('set', 3, 14))

--- Phase: tricks ---
  Trick  1: segfault_society leads AS, zybots_ plays 9S -> segfault_society wins
  Trick  2: segfault_society leads KS, zybots_ plays 7H -> segfault_society wins
  Trick  3: segfault_society leads QS, zybots_ plays 8H -> segfault_society wins
  Trick  4: segfault_society leads JS, zybots_ plays 9H -> segfault_society wins
  Trick  5: segfault_society leads AC, zybots_ plays 10C -> segfault_society wins
  Trick  6: segfault_society leads 10S, zybots_ plays 10H -> segfault_society wins
  Trick  7: segfault_society leads AH, zybots_ plays QH -> segfault_society wins
  Trick  8: segfault_society leads QD, zybots_ plays KD -> zybots_ wins
  Trick  9: zybots_ leads KC, segfault_society plays QC -> zybots_ wins
  Trick 10: zybots_ leads KH, segfault_society plays 8S -> zybots_ wins
  Trick 11: zybots_ leads AD, segfault_society plays 10D -> zybots_ wins
  Trick 12: zybots_ leads JC, segfault_society plays JD -> zybots_ wins
  Hand: zybots_ +6 / segfault_society +36 (tricks 5-7)
  Match total: zybots_ 105 - 84 segfault_society
  Final: zybots_ 105 - 84 segfault_society
  Winner: zybots_

============================================================
Game 49
============================================================
Players: segfault_society vs zybots_
Dealer: segfault_society  |  Elder: zybots_
Match scores: 0 - 0
Talon (8): KC 10D 7H 9H 10H KH 8S 9S
segfault_society hand: 7C 8C 9C 10C QC AC 7D AD 8H QH 10S AS
zybots_ hand: JC 8D 9D JD QD KD JH AH 7S JS QS KS
  Exchange zybots_: discard 8D 9D AH 7S QS -> draw KC 7H 10H 8S 9S (talon 3 left)
  Exchange segfault_society: discard 7D 8H 10S -> draw 10D 9H KH (talon 0 left)

--- Phase: declare ---
  Declare point: segfault_society wins 6 pts (('point', 6, 'C'))
  Declare sequence: segfault_society wins 4 pts (('sequence', 4, 10, 'C'))
  Declare set: segfault_society wins 3 pts (('set', 3, 14))

--- Phase: tricks ---
  Trick  1: zybots_ leads 8S, segfault_society plays AS -> segfault_society wins
  Trick  2: segfault_society leads AC, zybots_ plays JC -> segfault_society wins
  Trick  3: segfault_society leads AD, zybots_ plays JD -> segfault_society wins
  Trick  4: segfault_society leads QC, zybots_ plays KC -> zybots_ wins
  Trick  5: zybots_ leads QD, segfault_society plays 10D -> zybots_ wins
  Trick  6: zybots_ leads KD, segfault_society plays 7C -> zybots_ wins
  Trick  7: zybots_ leads 9S, segfault_society plays 8C -> zybots_ wins
  Trick  8: zybots_ leads 7H, segfault_society plays 9H -> segfault_society wins
  Trick  9: segfault_society leads KH, zybots_ plays 10H -> segfault_society wins
  Trick 10: segfault_society leads 10C, zybots_ plays JS -> segfault_society wins
  Trick 11: segfault_society leads QH, zybots_ plays JH -> segfault_society wins
  Trick 12: segfault_society leads 9C, zybots_ plays KS -> segfault_society wins
  Hand: segfault_society +32 / zybots_ +4 (tricks 8-4)
  Match total: segfault_society 32 - 4 zybots_
Players: segfault_society vs zybots_
Dealer: zybots_  |  Elder: segfault_society
Match scores: 32 - 4
Talon (8): QC 10D QD 7H JH AH 7S 10S
segfault_society hand: 7C 9C 10C AC 7D 8D KD 10H QH KH QS AS
zybots_ hand: 8C JC KC 9D JD AD 8H 9H 8S 9S JS KS
  Exchange segfault_society: discard 7C 9C 10C 7D 8D -> draw QD 7H JH AH 7S (talon 3 left)
  Exchange zybots_: discard 8C 9D 8H -> draw QC 10D 10S (talon 0 left)

--- Phase: declare ---
  Declare point: segfault_society wins 6 pts (('point', 6, 'H'))
  Declare sequence: segfault_society wins 10 pts (('sequence', 5, 14, 'H'))
  Declare set: segfault_society wins 3 pts (('set', 3, 14))

--- Phase: tricks ---
  Trick  1: segfault_society leads AH, zybots_ plays 9H -> segfault_society wins
  Trick  2: segfault_society leads KH, zybots_ plays 8S -> segfault_society wins
  Trick  3: segfault_society leads QH, zybots_ plays 9S -> segfault_society wins
  Trick  4: segfault_society leads AS, zybots_ plays 10S -> segfault_society wins
  Trick  5: segfault_society leads JH, zybots_ plays 10D -> segfault_society wins
  Trick  6: segfault_society leads 10H, zybots_ plays JD -> segfault_society wins
  Trick  7: segfault_society leads AC, zybots_ plays JC -> segfault_society wins
  Trick  8: segfault_society leads KD, zybots_ plays AD -> zybots_ wins
  Trick  9: zybots_ leads QC, segfault_society plays 7H -> zybots_ wins
  Trick 10: zybots_ leads KC, segfault_society plays 7S -> zybots_ wins
  Trick 11: zybots_ leads KS, segfault_society plays QS -> zybots_ wins
  Trick 12: zybots_ leads JS, segfault_society plays QD -> zybots_ wins
  Hand: segfault_society +36 / zybots_ +6 (tricks 7-5)
  Match total: segfault_society 68 - 10 zybots_
Players: segfault_society vs zybots_
Dealer: segfault_society  |  Elder: zybots_
Match scores: 68 - 10
Talon (8): 8C 10C 7D 7H KH AH 10S QS
segfault_society hand: 7C JC AC 8D 9D 10D QD KD 9H 8S 9S JS
zybots_ hand: 9C QC KC JD AD 8H 10H JH QH 7S KS AS
  Exchange zybots_: discard 9C QC KC JD 7S -> draw 10C 7H KH AH 10S (talon 3 left)
  Exchange segfault_society: discard 7C 8S 9S -> draw 8C 7D QS (talon 0 left)

--- Phase: declare ---
  Declare point: zybots_ wins 7 pts (('point', 7, 'H'))
  Declare sequence: zybots_ wins 10 pts (('sequence', 5, 14, 'H'))
  Declare set: zybots_ wins 3 pts (('set', 3, 14))

--- Phase: tricks ---
  Trick  1: zybots_ leads 10H, segfault_society plays 9H -> zybots_ wins
  Trick  2: zybots_ leads JH, segfault_society plays 7D -> zybots_ wins
  Trick  3: zybots_ leads QH, segfault_society plays 8D -> zybots_ wins
  Trick  4: zybots_ leads KS, segfault_society plays JS -> zybots_ wins
  Trick  5: zybots_ leads KH, segfault_society plays 8C -> zybots_ wins
  Trick  6: zybots_ leads AD, segfault_society plays 9D -> zybots_ wins
  Trick  7: zybots_ leads AS, segfault_society plays QS -> zybots_ wins
  Trick  8: zybots_ leads AH, segfault_society plays 10D -> zybots_ wins
  Trick  9: zybots_ leads 7H, segfault_society plays JC -> zybots_ wins
  Trick 10: zybots_ leads 8H, segfault_society plays QD -> zybots_ wins
  Trick 11: zybots_ leads 10C, segfault_society plays AC -> segfault_society wins
  Trick 12: segfault_society leads KD, zybots_ plays 10S -> segfault_society wins
  Hand: segfault_society +3 / zybots_ +40 (tricks 2-10)
  Match total: segfault_society 71 - 50 zybots_
Players: segfault_society vs zybots_
Dealer: zybots_  |  Elder: segfault_society
Match scores: 71 - 50
Talon (8): 10C QC KC AC 8D JD 10H JH
segfault_society hand: 8C KD AD 7H 9H AH 7S 8S 9S 10S QS KS
zybots_ hand: 7C 9C JC 7D 9D 10D QD 8H QH KH JS AS
  Exchange segfault_society: discard 8C 7H 9H 7S QS -> draw 10C KC 8D 10H JH (talon 3 left)
  Exchange zybots_: discard 7C 9C 8H -> draw QC AC JD (talon 0 left)

--- Phase: declare ---
  Declare point: zybots_ wins 5 pts (('point', 5, 'D'))
  Declare sequence: zybots_ wins 4 pts (('sequence', 4, 12, 'D'))
  Declare set: segfault_society wins 3 pts (('set', 3, 13))

--- Phase: tricks ---
  Trick  1: segfault_society leads AH, zybots_ plays QH -> segfault_society wins
  Trick  2: segfault_society leads AD, zybots_ plays 7D -> segfault_society wins
  Trick  3: segfault_society leads KD, zybots_ plays 9D -> segfault_society wins
  Trick  4: segfault_society leads KS, zybots_ plays AS -> zybots_ wins
  Trick  5: zybots_ leads 10D, segfault_society plays 8D -> zybots_ wins
  Trick  6: zybots_ leads JD, segfault_society plays 8S -> zybots_ wins
  Trick  7: zybots_ leads QD, segfault_society plays 9S -> zybots_ wins
  Trick  8: zybots_ leads KH, segfault_society plays 10H -> zybots_ wins
  Trick  9: zybots_ leads AC, segfault_society plays 10C -> zybots_ wins
  Trick 10: zybots_ leads JC, segfault_society plays KC -> segfault_society wins
  Trick 11: segfault_society leads JH, zybots_ plays JS -> segfault_society wins
  Trick 12: segfault_society leads 10S, zybots_ plays QC -> segfault_society wins
  Hand: segfault_society +10 / zybots_ +15 (tricks 6-6)
  Match total: segfault_society 81 - 65 zybots_
Players: segfault_society vs zybots_
Dealer: segfault_society  |  Elder: zybots_
Match scores: 81 - 65
Talon (8): 10C JC KH 7S 9S 10S JS AS
segfault_society hand: 9C KC AC 7D JD QD KD AD 9H QH AH KS
zybots_ hand: 7C 8C QC 8D 9D 10D 7H 8H 10H JH 8S QS
  Exchange zybots_: discard 7C 8C QC 8S QS -> draw 10C JC 7S 9S 10S (talon 3 left)
  Exchange segfault_society: discard 9C 9H QH -> draw KH JS AS (talon 0 left)

--- Phase: declare ---
  Declare point: segfault_society wins 5 pts (('point', 5, 'D'))
  Declare sequence: segfault_society wins 4 pts (('sequence', 4, 14, 'D'))
  Declare set: segfault_society wins 14 pts (('set', 4, 14))

--- Phase: tricks ---
  Trick  1: zybots_ leads 7H, segfault_society plays KH -> segfault_society wins
  Trick  2: segfault_society leads AD, zybots_ plays 8D -> segfault_society wins
  Trick  3: segfault_society leads KD, zybots_ plays 9D -> segfault_society wins
  Trick  4: segfault_society leads AS, zybots_ plays 7S -> segfault_society wins
  Trick  5: segfault_society leads QD, zybots_ plays 10D -> segfault_society wins
  Trick  6: segfault_society leads AC, zybots_ plays 10C -> segfault_society wins
  Trick  7: segfault_society leads KS, zybots_ plays 9S -> segfault_society wins
  Trick  8: segfault_society leads JD, zybots_ plays 8H -> segfault_society wins
  Trick  9: segfault_society leads AH, zybots_ plays 10H -> segfault_society wins
  Trick 10: segfault_society leads KC, zybots_ plays JC -> segfault_society wins
  Trick 11: segfault_society leads JS, zybots_ plays 10S -> segfault_society wins
  Trick 12: segfault_society leads 7D, zybots_ plays JH -> segfault_society wins
  Hand: segfault_society +106 / zybots_ +0 (tricks 12-0)
  Match total: segfault_society 187 - 65 zybots_
  Final: segfault_society 187 - 65 zybots_
  Winner: segfault_society

============================================================
Game 50
============================================================
Players: zybots_ vs segfault_society
Dealer: zybots_  |  Elder: segfault_society
Match scores: 0 - 0
Talon (8): 7C 9C JC 7D 9D 7H 9H 8S
zybots_ hand: KC AC 8D QD KD JH QH KH AH 7S JS AS
segfault_society hand: 8C 10C QC 10D JD AD 8H 10H 9S 10S QS KS
  Exchange segfault_society: discard 8C 10C 10D 8H 10H -> draw 7C 9D 7H 9H 8S (talon 3 left)
  Exchange zybots_: discard 8D 7S JS -> draw 9C JC 7D (talon 0 left)

--- Phase: declare ---
  Declare point: segfault_society wins 5 pts (('point', 5, 'S'))
  Declare sequence: zybots_ wins 4 pts (('sequence', 4, 14, 'H'))
  Declare set: zybots_ wins 3 pts (('set', 3, 14))

--- Phase: tricks ---
  Trick  1: segfault_society leads AD, zybots_ plays 7D -> segfault_society wins
  Trick  2: segfault_society leads KS, zybots_ plays AS -> zybots_ wins
  Trick  3: zybots_ leads JH, segfault_society plays 7H -> zybots_ wins
  Trick  4: zybots_ leads QD, segfault_society plays 9D -> zybots_ wins
  Trick  5: zybots_ leads QH, segfault_society plays 9H -> zybots_ wins
  Trick  6: zybots_ leads KC, segfault_society plays 7C -> zybots_ wins
  Trick  7: zybots_ leads KH, segfault_society plays 8S -> zybots_ wins
  Trick  8: zybots_ leads KD, segfault_society plays JD -> zybots_ wins
  Trick  9: zybots_ leads AC, segfault_society plays QC -> zybots_ wins
  Trick 10: zybots_ leads AH, segfault_society plays 9S -> zybots_ wins
  Trick 11: zybots_ leads 9C, segfault_society plays 10S -> zybots_ wins
  Trick 12: zybots_ leads JC, segfault_society plays QS -> zybots_ wins
  Hand: zybots_ +29 / segfault_society +6 (tricks 11-1)
  Match total: zybots_ 29 - 6 segfault_society
Players: zybots_ vs segfault_society
Dealer: segfault_society  |  Elder: zybots_
Match scores: 29 - 6
Talon (8): 7C 10C 9D JD 10H JH 10S QS
zybots_ hand: JC 7D 8D 10D KD AD 8H 9H QH KH 8S 9S
segfault_society hand: 8C 9C QC KC AC QD 7H AH 7S JS KS AS
  Exchange zybots_: discard JC 8H 9H 8S 9S -> draw 10C 9D JD 10H QS (talon 3 left)
  Exchange segfault_society: discard 7H 7S JS -> draw 7C JH 10S (talon 0 left)

--- Phase: declare ---
  Declare point: zybots_ wins 7 pts (('point', 7, 'D'))
  Declare sequence: zybots_ wins 10 pts (('sequence', 5, 11, 'D'))
  Declare set: segfault_society wins 3 pts (('set', 3, 14))

--- Phase: tricks ---
  Trick  1: zybots_ leads KD, segfault_society plays QD -> zybots_ wins
  Trick  2: zybots_ leads AD, segfault_society plays 7C -> zybots_ wins
  Trick  3: zybots_ leads 7D, segfault_society plays 8C -> zybots_ wins
  Trick  4: zybots_ leads 8D, segfault_society plays 9C -> zybots_ wins
  Trick  5: zybots_ leads 9D, segfault_society plays 10S -> zybots_ wins
  Trick  6: zybots_ leads 10H, segfault_society plays JH -> segfault_society wins
  Trick  7: segfault_society leads AC, zybots_ plays 10C -> segfault_society wins
  Trick  8: segfault_society leads AS, zybots_ plays QS -> segfault_society wins
  Trick  9: segfault_society leads KC, zybots_ plays 10D -> segfault_society wins
  Trick 10: segfault_society leads AH, zybots_ plays QH -> segfault_society wins
  Trick 11: segfault_society leads KS, zybots_ plays JD -> segfault_society wins
  Trick 12: segfault_society leads QC, zybots_ plays KH -> segfault_society wins
  Hand: zybots_ +22 / segfault_society +21 (tricks 5-7)
  Match total: zybots_ 51 - 27 segfault_society
Players: zybots_ vs segfault_society
Dealer: zybots_  |  Elder: segfault_society
Match scores: 51 - 27
Talon (8): AC 8D 9D QD KD 7H 8S 9S
zybots_ hand: 9C QC KC 7D 10D 8H 9H 10H 7S JS KS AS
segfault_society hand: 7C 8C 10C JC JD AD JH QH KH AH 10S QS
  Exchange segfault_society: discard 7C 8C 10C JD 10S -> draw AC QD 7H 8S 9S (talon 3 left)
  Exchange zybots_: discard 9C 7D 10D -> draw 8D 9D KD (talon 0 left)

--- Phase: declare ---
  Declare point: segfault_society wins 5 pts (('point', 5, 'H'))
  Declare sequence: segfault_society wins 4 pts (('sequence', 4, 14, 'H'))
  Declare set: segfault_society wins 3 pts (('set', 3, 14))

--- Phase: tricks ---
  Trick  1: segfault_society leads AH, zybots_ plays 8H -> segfault_society wins
  Trick  2: segfault_society leads KH, zybots_ plays 9H -> segfault_society wins
  Trick  3: segfault_society leads QH, zybots_ plays 10H -> segfault_society wins
  Trick  4: segfault_society leads AD, zybots_ plays 8D -> segfault_society wins
  Trick  5: segfault_society leads AC, zybots_ plays QC -> segfault_society wins
  Trick  6: segfault_society leads JH, zybots_ plays 7S -> segfault_society wins
  Trick  7: segfault_society leads QS, zybots_ plays KS -> zybots_ wins
  Trick  8: zybots_ leads KC, segfault_society plays JC -> zybots_ wins
  Trick  9: zybots_ leads KD, segfault_society plays QD -> zybots_ wins
  Trick 10: zybots_ leads AS, segfault_society plays 8S -> zybots_ wins
  Trick 11: zybots_ leads JS, segfault_society plays 9S -> zybots_ wins
  Trick 12: zybots_ leads 9D, segfault_society plays 7H -> zybots_ wins
  Hand: zybots_ +7 / segfault_society +18 (tricks 6-6)
  Match total: zybots_ 58 - 45 segfault_society
Players: zybots_ vs segfault_society
Dealer: segfault_society  |  Elder: zybots_
Match scores: 58 - 45
Talon (8): 8C KC 7D 8D 10D JD 7H 10H
zybots_ hand: 10C JC QC 9D QD AD JH KH 9S JS QS KS
segfault_society hand: 7C 9C AC KD 8H 9H QH AH 7S 8S 10S AS
  Exchange zybots_: discard 10C 9D AD KH 9S -> draw KC 7D JD 7H 10H (talon 3 left)
  Exchange segfault_society: discard 7C 7S 8S -> draw 8C 8D 10D (talon 0 left)

--- Phase: declare ---
  Declare point: segfault_society wins 4 pts (('point', 4, 'H'))
  Declare sequence: zybots_ wins 3 pts (('sequence', 3, 13, 'C'))
  Declare set: segfault_society wins 3 pts (('set', 3, 14))

--- Phase: tricks ---
  Trick  1: zybots_ leads JC, segfault_society plays AC -> segfault_society wins
  Trick  2: segfault_society leads AH, zybots_ plays 7H -> segfault_society wins
  Trick  3: segfault_society leads AS, zybots_ plays JS -> segfault_society wins
  Trick  4: segfault_society leads KD, zybots_ plays 7D -> segfault_society wins
  Trick  5: segfault_society leads QH, zybots_ plays 10H -> segfault_society wins
  Trick  6: segfault_society leads 10D, zybots_ plays JD -> zybots_ wins
  Trick  7: zybots_ leads QS, segfault_society plays 10S -> zybots_ wins
  Trick  8: zybots_ leads KS, segfault_society plays 8H -> zybots_ wins
  Trick  9: zybots_ leads QC, segfault_society plays 8C -> zybots_ wins
  Trick 10: zybots_ leads JH, segfault_society plays 9H -> zybots_ wins
  Trick 11: zybots_ leads QD, segfault_society plays 8D -> zybots_ wins
  Trick 12: zybots_ leads KC, segfault_society plays 9C -> zybots_ wins
  Hand: zybots_ +21 / segfault_society +12 (tricks 7-5)
  Match total: zybots_ 79 - 57 segfault_society
Players: zybots_ vs segfault_society
Dealer: zybots_  |  Elder: segfault_society
Match scores: 79 - 57
Talon (8): 7C QC KC 8D QH 9S 10S AS
zybots_ hand: 9C 10C AC 7D JD 7H 9H JH 7S JS QS KS
segfault_society hand: 8C JC 9D 10D QD KD AD 8H 10H KH AH 8S
  Exchange segfault_society: discard 8C JC 8H 10H 8S -> draw QC KC 8D 9S 10S (talon 3 left)
  Exchange zybots_: discard 9C 7D 7H -> draw 7C QH AS (talon 0 left)

--- Phase: declare ---
  Declare point: segfault_society wins 6 pts (('point', 6, 'D'))
  Declare sequence: zybots_ wins 4 pts (('sequence', 4, 14, 'S'))
  Declare set: segfault_society wins 3 pts (('set', 3, 13))

--- Phase: tricks ---
  Trick  1: segfault_society leads AD, zybots_ plays JD -> segfault_society wins
  Trick  2: segfault_society leads KD, zybots_ plays 7S -> segfault_society wins
  Trick  3: segfault_society leads QD, zybots_ plays 7C -> segfault_society wins
  Trick  4: segfault_society leads AH, zybots_ plays 9H -> segfault_society wins
  Trick  5: segfault_society leads KH, zybots_ plays JH -> segfault_society wins
  Trick  6: segfault_society leads 10D, zybots_ plays 10C -> segfault_society wins
  Trick  7: segfault_society leads KC, zybots_ plays AC -> zybots_ wins
  Trick  8: zybots_ leads JS, segfault_society plays 9S -> zybots_ wins
  Trick  9: zybots_ leads QS, segfault_society plays 10S -> zybots_ wins
  Trick 10: zybots_ leads QH, segfault_society plays 8D -> zybots_ wins
  Trick 11: zybots_ leads KS, segfault_society plays 9D -> zybots_ wins
  Trick 12: zybots_ leads AS, segfault_society plays QC -> zybots_ wins
  Hand: zybots_ +11 / segfault_society +15 (tricks 6-6)
  Match total: zybots_ 90 - 72 segfault_society
Players: zybots_ vs segfault_society
Dealer: segfault_society  |  Elder: zybots_
Match scores: 90 - 72
Talon (8): 7C QC AC 8D AD 8H AH AS
zybots_ hand: 9C 10C KC 7D 10D QD 7H 9H 9S 10S JS QS
segfault_society hand: 8C JC 9D JD KD 10H JH QH KH 7S 8S KS
  Exchange zybots_: discard 9C 7D QD 7H 9H -> draw AC 8D AD 8H AS (talon 3 left)
  Exchange segfault_society: discard 8C 7S 8S -> draw 7C QC AH (talon 0 left)

--- Phase: declare ---
  Declare point: segfault_society wins 5 pts (('point', 5, 'H'))
  Declare sequence: segfault_society wins 10 pts (('sequence', 5, 14, 'H'))
  Declare set: zybots_ wins 3 pts (('set', 3, 14))

--- Phase: tricks ---
  Trick  1: zybots_ leads KC, segfault_society plays 7C -> zybots_ wins
  Trick  2: zybots_ leads AD, segfault_society plays 9D -> zybots_ wins
  Trick  3: zybots_ leads AC, segfault_society plays JC -> zybots_ wins
  Trick  4: zybots_ leads AS, segfault_society plays KS -> zybots_ wins
  Trick  5: zybots_ leads 9S, segfault_society plays 10H -> zybots_ wins
  Trick  6: zybots_ leads 10S, segfault_society plays JH -> zybots_ wins
  Trick  7: zybots_ leads JS, segfault_society plays JD -> zybots_ wins
  Trick  8: zybots_ leads 8D, segfault_society plays KD -> segfault_society wins
  Trick  9: segfault_society leads AH, zybots_ plays 8H -> segfault_society wins
  Trick 10: segfault_society leads KH, zybots_ plays 10C -> segfault_society wins
  Trick 11: segfault_society leads QH, zybots_ plays 10D -> segfault_society wins
  Trick 12: segfault_society leads QC, zybots_ plays QS -> segfault_society wins
  Hand: zybots_ +20 / segfault_society +21 (tricks 7-5)
  Match total: zybots_ 110 - 93 segfault_society
  Final: zybots_ 110 - 93 segfault_society
  Winner: zybots_

============================================================
Game 51
============================================================
Players: segfault_society vs zybots_
Dealer: segfault_society  |  Elder: zybots_
Match scores: 0 - 0
Talon (8): 8C 9C JC 8D JD 8H 7S 9S
segfault_society hand: 7C 10C AC 7D 9D AD 7H JH AH 8S QS AS
zybots_ hand: QC KC 10D QD KD 9H 10H QH KH 10S JS KS
  Exchange zybots_: discard QC 10D 9H 10S JS -> draw 8C 9C JC JD 7S (talon 3 left)
  Exchange segfault_society: discard 7C 7D 7H -> draw 8D 8H 9S (talon 0 left)

--- Phase: declare ---
  Declare point: segfault_society wins 4 pts (('point', 4, 'S'))
  Declare sequence: zybots_ wins 3 pts (('sequence', 3, 13, 'D'))
  Declare set: segfault_society wins 14 pts (('set', 4, 14))

--- Phase: tricks ---
  Trick  1: zybots_ leads 8C, segfault_society plays 10C -> segfault_society wins
  Trick  2: segfault_society leads AS, zybots_ plays 7S -> segfault_society wins
  Trick  3: segfault_society leads AD, zybots_ plays JD -> segfault_society wins
  Trick  4: segfault_society leads AH, zybots_ plays 10H -> segfault_society wins
  Trick  5: segfault_society leads AC, zybots_ plays 9C -> segfault_society wins
  Trick  6: segfault_society leads QS, zybots_ plays KS -> zybots_ wins
  Trick  7: zybots_ leads QH, segfault_society plays 8H -> zybots_ wins
  Trick  8: zybots_ leads QD, segfault_society plays 8D -> zybots_ wins
  Trick  9: zybots_ leads KC, segfault_society plays 8S -> zybots_ wins
  Trick 10: zybots_ leads KD, segfault_society plays 9D -> zybots_ wins
  Trick 11: zybots_ leads KH, segfault_society plays JH -> zybots_ wins
  Trick 12: zybots_ leads JC, segfault_society plays 9S -> zybots_ wins
  Hand: segfault_society +23 / zybots_ +21 (tricks 5-7)
  Match total: segfault_society 23 - 21 zybots_
Players: segfault_society vs zybots_
Dealer: zybots_  |  Elder: segfault_society
Match scores: 23 - 21
Talon (8): 8C 10C AC 9D AD 7H QH 8S
segfault_society hand: QC 8D JD QD KD 8H 9H JH 7S 9S 10S KS
zybots_ hand: 7C 9C JC KC 7D 10D 10H KH AH JS QS AS
  Exchange segfault_society: discard 8H 9H 7S 9S 10S -> draw 8C 10C AC 9D AD (talon 3 left)
  Exchange zybots_: discard 7D 10D 10H -> draw 7H QH 8S (talon 0 left)

--- Phase: declare ---
  Declare point: segfault_society wins 6 pts (('point', 6, 'D'))
  Declare sequence: segfault_society wins 4 pts (('sequence', 4, 14, 'D'))

--- Phase: tricks ---
  Trick  1: segfault_society leads AD, zybots_ plays 7C -> segfault_society wins
  Trick  2: segfault_society leads KD, zybots_ plays 7H -> segfault_society wins
  Trick  3: segfault_society leads AC, zybots_ plays 9C -> segfault_society wins
  Trick  4: segfault_society leads QD, zybots_ plays 8S -> segfault_society wins
  Trick  5: segfault_society leads JD, zybots_ plays JS -> segfault_society wins
  Trick  6: segfault_society leads QC, zybots_ plays KC -> zybots_ wins
  Trick  7: zybots_ leads QH, segfault_society plays JH -> zybots_ wins
  Trick  8: zybots_ leads KH, segfault_society plays 8D -> zybots_ wins
  Trick  9: zybots_ leads AH, segfault_society plays 8C -> zybots_ wins
  Trick 10: zybots_ leads AS, segfault_society plays KS -> zybots_ wins
  Trick 11: zybots_ leads QS, segfault_society plays 9D -> zybots_ wins
  Trick 12: zybots_ leads JC, segfault_society plays 10C -> zybots_ wins
  Hand: segfault_society +15 / zybots_ +18 (tricks 5-7)
  Match total: segfault_society 38 - 39 zybots_
Players: segfault_society vs zybots_
Dealer: segfault_society  |  Elder: zybots_
Match scores: 38 - 39
Talon (8): 7C AC 8D QD AH 8S 9S JS
segfault_society hand: 8C KC 7D JD KD 7H 8H JH KH 7S 10S KS
zybots_ hand: 9C 10C JC QC 9D 10D AD 9H 10H QH QS AS
  Exchange zybots_: discard 9D 10D AD 9H AS -> draw 8D QD AH 9S JS (talon 3 left)
  Exchange segfault_society: discard 8C 7D 7S -> draw 7C AC 8S (talon 0 left)

--- Phase: declare ---
  Declare point: zybots_ wins 4 pts (('point', 4, 'C'))
  Declare sequence: zybots_ wins 4 pts (('sequence', 4, 12, 'C'))
  Declare set: segfault_society wins 14 pts (('set', 4, 13))

--- Phase: tricks ---
  Trick  1: zybots_ leads AH, segfault_society plays 7H -> zybots_ wins
  Trick  2: zybots_ leads 9C, segfault_society plays KC -> segfault_society wins
  Trick  3: segfault_society leads KH, zybots_ plays 10H -> segfault_society wins
  Trick  4: segfault_society leads AC, zybots_ plays 10C -> segfault_society wins
  Trick  5: segfault_society leads KS, zybots_ plays 9S -> segfault_society wins
  Trick  6: segfault_society leads KD, zybots_ plays 8D -> segfault_society wins
  Trick  7: segfault_society leads JH, zybots_ plays QH -> zybots_ wins
  Trick  8: zybots_ leads JC, segfault_society plays 7C -> zybots_ wins
  Trick  9: zybots_ leads JS, segfault_society plays 8S -> zybots_ wins
  Trick 10: zybots_ leads QC, segfault_society plays 8H -> zybots_ wins
  Trick 11: zybots_ leads QS, segfault_society plays 10S -> zybots_ wins
  Trick 12: zybots_ leads QD, segfault_society plays JD -> zybots_ wins
  Hand: segfault_society +19 / zybots_ +26 (tricks 5-7)
  Match total: segfault_society 57 - 65 zybots_
Players: segfault_society vs zybots_
Dealer: zybots_  |  Elder: segfault_society
Match scores: 57 - 65
Talon (8): 7C 9C 7D JD QD AD AH QS
segfault_society hand: 8C KC 10D KD 7H 8H 9H 10H QH 7S 8S KS
zybots_ hand: 10C JC QC AC 8D 9D JH KH 9S 10S JS AS
  Exchange segfault_society: discard 8C 10D 7H 7S 8S -> draw 7C 9C 7D JD AD (talon 3 left)
  Exchange zybots_: discard 8D 9D KH -> draw QD AH QS (talon 0 left)

--- Phase: declare ---
  Declare point: zybots_ wins 5 pts (('point', 5, 'S'))
  Declare sequence: zybots_ wins 4 pts (('sequence', 4, 12, 'S'))
  Declare set: zybots_ wins 3 pts (('set', 3, 14))

--- Phase: tricks ---
  Trick  1: segfault_society leads AD, zybots_ plays QD -> segfault_society wins
  Trick  2: segfault_society leads KD, zybots_ plays 9S -> segfault_society wins
  Trick  3: segfault_society leads QH, zybots_ plays AH -> zybots_ wins
  Trick  4: zybots_ leads AC, segfault_society plays 7C -> zybots_ wins
  Trick  5: zybots_ leads AS, segfault_society plays KS -> zybots_ wins
  Trick  6: zybots_ leads 10S, segfault_society plays 7D -> zybots_ wins
  Trick  7: zybots_ leads 10C, segfault_society plays KC -> segfault_society wins
  Trick  8: segfault_society leads 10H, zybots_ plays JH -> zybots_ wins
  Trick  9: zybots_ leads JS, segfault_society plays 8H -> zybots_ wins
  Trick 10: zybots_ leads JC, segfault_society plays 9C -> zybots_ wins
  Trick 11: zybots_ leads QC, segfault_society plays 9H -> zybots_ wins
  Trick 12: zybots_ leads QS, segfault_society plays JD -> zybots_ wins
  Hand: segfault_society +3 / zybots_ +32 (tricks 3-9)
  Match total: segfault_society 60 - 97 zybots_
Players: segfault_society vs zybots_
Dealer: segfault_society  |  Elder: zybots_
Match scores: 60 - 97
Talon (8): QC KC 8H 10H KH 7S 9S JS
segfault_society hand: 7C 10C AC 9D QD KD AD 7H 9H JH QS AS
zybots_ hand: 8C 9C JC 7D 8D 10D JD QH AH 8S 10S KS
  Exchange zybots_: discard 8C 9C JC 8S 10S -> draw QC 8H KH 7S JS (talon 3 left)
  Exchange segfault_society: discard 7C 7H 9H -> draw KC 10H 9S (talon 0 left)

--- Phase: declare ---
  Declare point: segfault_society wins 4 pts (('point', 4, 'D'))
  Declare set: segfault_society wins 3 pts (('set', 3, 14))

--- Phase: tricks ---
  Trick  1: zybots_ leads QH, segfault_society plays 10H -> zybots_ wins
  Trick  2: zybots_ leads KH, segfault_society plays JH -> zybots_ wins
  Trick  3: zybots_ leads AH, segfault_society plays 9D -> zybots_ wins
  Trick  4: zybots_ leads 7D, segfault_society plays QD -> segfault_society wins
  Trick  5: segfault_society leads AC, zybots_ plays QC -> segfault_society wins
  Trick  6: segfault_society leads AS, zybots_ plays 7S -> segfault_society wins
  Trick  7: segfault_society leads AD, zybots_ plays 8D -> segfault_society wins
  Trick  8: segfault_society leads KC, zybots_ plays 8H -> segfault_society wins
  Trick  9: segfault_society leads KD, zybots_ plays 10D -> segfault_society wins
  Trick 10: segfault_society leads QS, zybots_ plays KS -> zybots_ wins
  Trick 11: zybots_ leads JD, segfault_society plays 9S -> zybots_ wins
  Trick 12: zybots_ leads JS, segfault_society plays 10C -> zybots_ wins
  Hand: segfault_society +13 / zybots_ +7 (tricks 6-6)
  Match total: segfault_society 73 - 104 zybots_
  Final: segfault_society 73 - 104 zybots_
  Winner: zybots_

============================================================
Game 52
============================================================
Players: zybots_ vs segfault_society
Dealer: zybots_  |  Elder: segfault_society
Match scores: 0 - 0
Talon (8): 7C QC AC 10D JD QH KH 10S
zybots_ hand: 8C JC KC 7D 9D AD 7H 10H JH AH 7S AS
segfault_society hand: 9C 10C 8D QD KD 8H 9H 8S 9S JS QS KS
  Exchange segfault_society: discard 9C 10C 8D 8H 9H -> draw QC 10D QH KH 10S (talon 3 left)
  Exchange zybots_: discard 8C 7D 7S -> draw 7C AC JD (talon 0 left)

--- Phase: declare ---
  Declare point: segfault_society wins 6 pts (('point', 6, 'S'))
  Declare sequence: segfault_society wins 11 pts (('sequence', 6, 13, 'S'))
  Declare set: zybots_ wins 14 pts (('set', 4, 14))

--- Phase: tricks ---
  Trick  1: segfault_society leads KS, zybots_ plays AS -> zybots_ wins
  Trick  2: zybots_ leads KC, segfault_society plays QC -> zybots_ wins
  Trick  3: zybots_ leads AH, segfault_society plays QH -> zybots_ wins
  Trick  4: zybots_ leads AD, segfault_society plays 10D -> zybots_ wins
  Trick  5: zybots_ leads AC, segfault_society plays 8S -> zybots_ wins
  Trick  6: zybots_ leads 7H, segfault_society plays KH -> segfault_society wins
  Trick  7: segfault_society leads KD, zybots_ plays 9D -> segfault_society wins
  Trick  8: segfault_society leads QD, zybots_ plays JD -> segfault_society wins
  Trick  9: segfault_society leads QS, zybots_ plays 7C -> segfault_society wins
  Trick 10: segfault_society leads JS, zybots_ plays 10H -> segfault_society wins
  Trick 11: segfault_society leads 10S, zybots_ plays JH -> segfault_society wins
  Trick 12: segfault_society leads 9S, zybots_ plays JC -> segfault_society wins
  Hand: zybots_ +19 / segfault_society +35 (tricks 5-7)
  Match total: zybots_ 19 - 35 segfault_society
Players: zybots_ vs segfault_society
Dealer: segfault_society  |  Elder: zybots_
Match scores: 19 - 35
Talon (8): 8D QD 8H 9H 10H 8S JS QS
zybots_ hand: 8C 9C QC 7D 9D 10D 7H QH KH AH 9S AS
segfault_society hand: 7C 10C JC KC AC JD KD AD JH 7S 10S KS
  Exchange zybots_: discard 8C 9C 7D 9D 9S -> draw 8D QD 10H 8S JS (talon 3 left)
  Exchange segfault_society: discard JH 7S 10S -> draw 8H 9H QS (talon 0 left)

--- Phase: declare ---
  Declare sequence: zybots_ wins 3 pts (('sequence', 3, 14, 'H'))
  Declare set: segfault_society wins 3 pts (('set', 3, 13))

--- Phase: tricks ---
  Trick  1: zybots_ leads QH, segfault_society plays 8H -> zybots_ wins
  Trick  2: zybots_ leads KH, segfault_society plays 9H -> zybots_ wins
  Trick  3: zybots_ leads AH, segfault_society plays 7C -> zybots_ wins
  Trick  4: zybots_ leads AS, segfault_society plays QS -> zybots_ wins
  Trick  5: zybots_ leads 8D, segfault_society plays JD -> segfault_society wins
  Trick  6: segfault_society leads AC, zybots_ plays QC -> segfault_society wins
  Trick  7: segfault_society leads KC, zybots_ plays 7H -> segfault_society wins
  Trick  8: segfault_society leads AD, zybots_ plays 10D -> segfault_society wins
  Trick  9: segfault_society leads KD, zybots_ plays QD -> segfault_society wins
  Trick 10: segfault_society leads KS, zybots_ plays 8S -> segfault_society wins
  Trick 11: segfault_society leads JC, zybots_ plays 10H -> segfault_society wins
  Trick 12: segfault_society leads 10C, zybots_ plays JS -> segfault_society wins
  Hand: zybots_ +7 / segfault_society +22 (tricks 4-8)
  Match total: zybots_ 26 - 57 segfault_society
Players: zybots_ vs segfault_society
Dealer: zybots_  |  Elder: segfault_society
Match scores: 26 - 57
Talon (8): 9C 10C AC 9D JD 8S QS KS
zybots_ hand: QC KC 7D 8D 10D QD KD 7H 9H 10H QH 10S
segfault_society hand: 7C 8C JC AD 8H JH KH AH 7S 9S JS AS
  Exchange segfault_society: discard 7C 8C 7S 9S JS -> draw 9C JD 8S QS KS (talon 3 left)
  Exchange zybots_: discard KC 7H 9H -> draw 10C AC 9D (talon 0 left)

--- Phase: declare ---
  Declare point: zybots_ wins 6 pts (('point', 6, 'D'))
  Declare sequence: zybots_ wins 4 pts (('sequence', 4, 10, 'D'))
  Declare set: segfault_society wins 3 pts (('set', 3, 14))

--- Phase: tricks ---
  Trick  1: segfault_society leads AS, zybots_ plays 10S -> segfault_society wins
  Trick  2: segfault_society leads AH, zybots_ plays 10H -> segfault_society wins
  Trick  3: segfault_society leads KH, zybots_ plays QH -> segfault_society wins
  Trick  4: segfault_society leads KS, zybots_ plays 7D -> segfault_society wins
  Trick  5: segfault_society leads AD, zybots_ plays 8D -> segfault_society wins
  Trick  6: segfault_society leads QS, zybots_ plays 9D -> segfault_society wins
  Trick  7: segfault_society leads JH, zybots_ plays 10D -> segfault_society wins
  Trick  8: segfault_society leads JC, zybots_ plays QC -> zybots_ wins
  Trick  9: zybots_ leads QD, segfault_society plays JD -> zybots_ wins
  Trick 10: zybots_ leads KD, segfault_society plays 8H -> zybots_ wins
  Trick 11: zybots_ leads AC, segfault_society plays 9C -> zybots_ wins
  Trick 12: zybots_ leads 10C, segfault_society plays 8S -> zybots_ wins
  Hand: zybots_ +16 / segfault_society +20 (tricks 5-7)
  Match total: zybots_ 42 - 77 segfault_society
Players: zybots_ vs segfault_society
Dealer: segfault_society  |  Elder: zybots_
Match scores: 42 - 77
Talon (8): 7D JD QD KD 7H 10H QH 8S
zybots_ hand: 7C 10C AC 8D 9D 10D 8H JH 9S 10S JS AS
segfault_society hand: 8C 9C JC QC KC AD 9H KH AH 7S QS KS
  Exchange zybots_: discard 7C AC 8H JH AS -> draw 7D JD 7H 10H 8S (talon 3 left)
  Exchange segfault_society: discard 9H 7S QS -> draw QD KD QH (talon 0 left)

--- Phase: declare ---
  Declare point: segfault_society wins 5 pts (('point', 5, 'C'))
  Declare sequence: zybots_ wins 10 pts (('sequence', 5, 11, 'D'))
  Declare set: segfault_society wins 14 pts (('set', 4, 13))

--- Phase: tricks ---
  Trick  1: zybots_ leads 7D, segfault_society plays QD -> segfault_society wins
  Trick  2: segfault_society leads AH, zybots_ plays 7H -> segfault_society wins
  Trick  3: segfault_society leads AD, zybots_ plays 8D -> segfault_society wins
  Trick  4: segfault_society leads KH, zybots_ plays 10H -> segfault_society wins
  Trick  5: segfault_society leads KD, zybots_ plays 9D -> segfault_society wins
  Trick  6: segfault_society leads QH, zybots_ plays 8S -> segfault_society wins
  Trick  7: segfault_society leads KC, zybots_ plays 10C -> segfault_society wins
  Trick  8: segfault_society leads QC, zybots_ plays 9S -> segfault_society wins
  Trick  9: segfault_society leads JC, zybots_ plays 10S -> segfault_society wins
  Trick 10: segfault_society leads 9C, zybots_ plays 10D -> segfault_society wins
  Trick 11: segfault_society leads KS, zybots_ plays JS -> segfault_society wins
  Trick 12: segfault_society leads 8C, zybots_ plays JD -> segfault_society wins
  Hand: zybots_ +10 / segfault_society +102 (tricks 0-12)
  Match total: zybots_ 52 - 179 segfault_society
  Final: zybots_ 52 - 179 segfault_society
  Winner: segfault_society

============================================================
Game 53
============================================================
Players: segfault_society vs zybots_
Dealer: segfault_society  |  Elder: zybots_
Match scores: 0 - 0
Talon (8): 7C 7H 9H QH KH QS KS AS
segfault_society hand: 10C QC AC 7D 9D 10D JD QD AD 8S 9S JS
zybots_ hand: 8C 9C JC KC 8D KD 8H 10H JH AH 7S 10S
  Exchange zybots_: discard 8C 9C 8D 7S 10S -> draw QH KH QS KS AS (talon 3 left)
  Exchange segfault_society: discard 10C 8S 9S -> draw 7C 7H 9H (talon 0 left)

--- Phase: declare ---
  Declare point: zybots_ wins 6 pts (('point', 6, 'H'))
  Declare sequence: zybots_ wins 10 pts (('sequence', 5, 14, 'H'))
  Declare set: zybots_ wins 14 pts (('set', 4, 13))

--- Phase: tricks ---
  Trick  1: zybots_ leads 10H, segfault_society plays 7H -> zybots_ wins
  Trick  2: zybots_ leads JH, segfault_society plays 9H -> zybots_ wins
  Trick  3: zybots_ leads QH, segfault_society plays 7D -> zybots_ wins
  Trick  4: zybots_ leads QS, segfault_society plays JS -> zybots_ wins
  Trick  5: zybots_ leads KS, segfault_society plays 7C -> zybots_ wins
  Trick  6: zybots_ leads KH, segfault_society plays 9D -> zybots_ wins
  Trick  7: zybots_ leads AH, segfault_society plays 10D -> zybots_ wins
  Trick  8: zybots_ leads AS, segfault_society plays JD -> zybots_ wins
  Trick  9: zybots_ leads JC, segfault_society plays QC -> segfault_society wins
  Trick 10: segfault_society leads AD, zybots_ plays KD -> segfault_society wins
  Trick 11: segfault_society leads AC, zybots_ plays KC -> segfault_society wins
  Trick 12: segfault_society leads QD, zybots_ plays 8H -> segfault_society wins
  Hand: segfault_society +5 / zybots_ +108 (tricks 4-8)
  Match total: segfault_society 5 - 108 zybots_
  Final: segfault_society 5 - 108 zybots_
  Winner: zybots_

============================================================
Game 54
============================================================
Players: zybots_ vs segfault_society
Dealer: zybots_  |  Elder: segfault_society
Match scores: 0 - 0
Talon (8): QC QD KD KH AH 7S 10S KS
zybots_ hand: 7C 8C 10C AC 9D AD 8H 10H JH 9S JS AS
segfault_society hand: 9C JC KC 7D 8D 10D JD 7H 9H QH 8S QS
  Exchange segfault_society: discard 9C JC 7H 9H 8S -> draw QC KD KH 10S KS (talon 3 left)
  Exchange zybots_: discard 9D 8H 9S -> draw QD AH 7S (talon 0 left)

--- Phase: declare ---
  Declare point: segfault_society wins 5 pts (('point', 5, 'D'))
  Declare set: zybots_ wins 14 pts (('set', 4, 14))

--- Phase: tricks ---
  Trick  1: segfault_society leads KD, zybots_ plays AD -> zybots_ wins
  Trick  2: zybots_ leads AC, segfault_society plays QC -> zybots_ wins
  Trick  3: zybots_ leads AS, segfault_society plays 10S -> zybots_ wins
  Trick  4: zybots_ leads AH, segfault_society plays QH -> zybots_ wins
  Trick  5: zybots_ leads 7C, segfault_society plays KC -> segfault_society wins
  Trick  6: segfault_society leads KS, zybots_ plays 7S -> segfault_society wins
  Trick  7: segfault_society leads KH, zybots_ plays 10H -> segfault_society wins
  Trick  8: segfault_society leads QS, zybots_ plays JS -> segfault_society wins
  Trick  9: segfault_society leads JD, zybots_ plays QD -> zybots_ wins
  Trick 10: zybots_ leads 8C, segfault_society plays 7D -> zybots_ wins
  Trick 11: zybots_ leads JH, segfault_society plays 8D -> zybots_ wins
  Trick 12: zybots_ leads 10C, segfault_society plays 10D -> zybots_ wins
  Hand: zybots_ +33 / segfault_society +9 (tricks 8-4)
  Match total: zybots_ 33 - 9 segfault_society
Players: zybots_ vs segfault_society
Dealer: segfault_society  |  Elder: zybots_
Match scores: 33 - 9
Talon (8): 9C 8D JD AD 8H 10H 8S JS
zybots_ hand: 10C JC AC 9D 10D KD KH AH 9S 10S QS KS
segfault_society hand: 7C 8C QC KC 7D QD 7H 9H JH QH 7S AS
  Exchange zybots_: discard JC AC 9D AH 9S -> draw AD 8H 10H 8S JS (talon 3 left)
  Exchange segfault_society: discard 7D QD 7S -> draw 9C 8D JD (talon 0 left)

--- Phase: declare ---
  Declare point: zybots_ wins 5 pts (('point', 5, 'S'))
  Declare sequence: zybots_ wins 4 pts (('sequence', 4, 13, 'S'))
  Declare set: zybots_ wins 3 pts (('set', 3, 13))

--- Phase: tricks ---
  Trick  1: zybots_ leads KD, segfault_society plays 8D -> zybots_ wins
  Trick  2: zybots_ leads AD, segfault_society plays JD -> zybots_ wins
  Trick  3: zybots_ leads 8S, segfault_society plays AS -> segfault_society wins
  Trick  4: segfault_society leads KC, zybots_ plays 10C -> segfault_society wins
  Trick  5: segfault_society leads QH, zybots_ plays KH -> zybots_ wins
  Trick  6: zybots_ leads 10S, segfault_society plays 7H -> zybots_ wins
  Trick  7: zybots_ leads JS, segfault_society plays 7C -> zybots_ wins
  Trick  8: zybots_ leads QS, segfault_society plays 8C -> zybots_ wins
  Trick  9: zybots_ leads 8H, segfault_society plays 9H -> segfault_society wins
  Trick 10: segfault_society leads QC, zybots_ plays 10D -> segfault_society wins
  Trick 11: segfault_society leads JH, zybots_ plays 10H -> segfault_society wins
  Trick 12: segfault_society leads 9C, zybots_ plays KS -> segfault_society wins
  Hand: zybots_ +18 / segfault_society +7 (tricks 6-6)
  Match total: zybots_ 51 - 16 segfault_society
Players: zybots_ vs segfault_society
Dealer: zybots_  |  Elder: segfault_society
Match scores: 51 - 16
Talon (8): 9C QC KC 9D JD QD KH QS
zybots_ hand: 7C 8C 10C JC 8D KD 9H QH 7S 9S 10S AS
segfault_society hand: AC 7D 10D AD 7H 8H 10H JH AH 8S JS KS
  Exchange segfault_society: discard 7D 10D 7H 8S JS -> draw QC JD QD KH QS (talon 3 left)
  Exchange zybots_: discard 7C 8C 8D -> draw 9C KC 9D (talon 0 left)

--- Phase: declare ---
  Declare point: segfault_society wins 5 pts (('point', 5, 'H'))
  Declare sequence: zybots_ wins 3 pts (('sequence', 3, 11, 'C'))
  Declare set: segfault_society wins 3 pts (('set', 3, 14))

--- Phase: tricks ---
  Trick  1: segfault_society leads AH, zybots_ plays 9H -> segfault_society wins
  Trick  2: segfault_society leads KH, zybots_ plays QH -> segfault_society wins
  Trick  3: segfault_society leads AD, zybots_ plays 9D -> segfault_society wins
  Trick  4: segfault_society leads AC, zybots_ plays 9C -> segfault_society wins
  Trick  5: segfault_society leads JH, zybots_ plays 7S -> segfault_society wins
  Trick  6: segfault_society leads KS, zybots_ plays AS -> zybots_ wins
  Trick  7: zybots_ leads KD, segfault_society plays JD -> zybots_ wins
  Trick  8: zybots_ leads KC, segfault_society plays QC -> zybots_ wins
  Trick  9: zybots_ leads 10C, segfault_society plays 8H -> zybots_ wins
  Trick 10: zybots_ leads 9S, segfault_society plays QS -> segfault_society wins
  Trick 11: segfault_society leads QD, zybots_ plays 10S -> segfault_society wins
  Trick 12: segfault_society leads 10H, zybots_ plays JC -> segfault_society wins
  Hand: zybots_ +7 / segfault_society +27 (tricks 4-8)
  Match total: zybots_ 58 - 43 segfault_society
Players: zybots_ vs segfault_society
Dealer: segfault_society  |  Elder: zybots_
Match scores: 58 - 43
Talon (8): 8D AD 8H 10H 9S 10S QS AS
zybots_ hand: 7C 8C AC 9D 10D QD KD 7H JH QH AH JS
segfault_society hand: 9C 10C JC QC KC 7D JD 9H KH 7S 8S KS
  Exchange zybots_: discard 7C 8C 7H JH JS -> draw 8D 8H 10S QS AS (talon 3 left)
  Exchange segfault_society: discard 7D 7S 8S -> draw AD 10H 9S (talon 0 left)

--- Phase: declare ---
  Declare point: segfault_society wins 5 pts (('point', 5, 'C'))
  Declare sequence: segfault_society wins 10 pts (('sequence', 5, 13, 'C'))
  Declare set: zybots_ wins 3 pts (('set', 3, 14))

--- Phase: tricks ---
  Trick  1: zybots_ leads AH, segfault_society plays 9H -> zybots_ wins
  Trick  2: zybots_ leads AC, segfault_society plays 9C -> zybots_ wins
  Trick  3: zybots_ leads AS, segfault_society plays 9S -> zybots_ wins
  Trick  4: zybots_ leads 8D, segfault_society plays JD -> segfault_society wins
  Trick  5: segfault_society leads KC, zybots_ plays 8H -> segfault_society wins
  Trick  6: segfault_society leads QC, zybots_ plays 9D -> segfault_society wins
  Trick  7: segfault_society leads KH, zybots_ plays QH -> segfault_society wins
  Trick  8: segfault_society leads JC, zybots_ plays 10D -> segfault_society wins
  Trick  9: segfault_society leads AD, zybots_ plays QD -> segfault_society wins
  Trick 10: segfault_society leads KS, zybots_ plays 10S -> segfault_society wins
  Trick 11: segfault_society leads 10C, zybots_ plays QS -> segfault_society wins
  Trick 12: segfault_society leads 10H, zybots_ plays KD -> segfault_society wins
  Hand: zybots_ +6 / segfault_society +35 (tricks 3-9)
  Match total: zybots_ 64 - 78 segfault_society
Players: zybots_ vs segfault_society
Dealer: zybots_  |  Elder: segfault_society
Match scores: 64 - 78
Talon (8): 7C AC 7D 9D KD AD 9H 7S
zybots_ hand: 10C JC QC KC 8D 10D JD QD 8H JH QH 8S
segfault_society hand: 8C 9C 7H 10H KH AH 9S 10S JS QS KS AS
  Exchange segfault_society: discard 8C 9C 7H 10H 9S -> draw 7C AC AD 9H 7S (talon 3 left)
  Exchange zybots_: discard 8D 8H 8S -> draw 7D 9D KD (talon 0 left)

--- Phase: declare ---
  Declare point: segfault_society wins 6 pts (('point', 6, 'S'))
  Declare sequence: segfault_society wins 10 pts (('sequence', 5, 14, 'S'))
  Declare set: segfault_society wins 14 pts (('set', 4, 14))

--- Phase: tricks ---
  Trick  1: segfault_society leads AS, zybots_ plays 7D -> segfault_society wins
  Trick  2: segfault_society leads KS, zybots_ plays 9D -> segfault_society wins
  Trick  3: segfault_society leads QS, zybots_ plays 10C -> segfault_society wins
  Trick  4: segfault_society leads AH, zybots_ plays JH -> segfault_society wins
  Trick  5: segfault_society leads JS, zybots_ plays 10D -> segfault_society wins
  Trick  6: segfault_society leads AC, zybots_ plays JC -> segfault_society wins
  Trick  7: segfault_society leads KH, zybots_ plays QH -> segfault_society wins
  Trick  8: segfault_society leads 10S, zybots_ plays JD -> segfault_society wins
  Trick  9: segfault_society leads AD, zybots_ plays QD -> segfault_society wins
  Trick 10: segfault_society leads 9H, zybots_ plays QC -> segfault_society wins
  Trick 11: segfault_society leads 7S, zybots_ plays KC -> segfault_society wins
  Trick 12: segfault_society leads 7C, zybots_ plays KD -> segfault_society wins
  Hand: zybots_ +0 / segfault_society +173 (tricks 0-12)
  Match total: zybots_ 64 - 251 segfault_society
  Final: zybots_ 64 - 251 segfault_society
  Winner: segfault_society

============================================================
Game 55
============================================================
Players: segfault_society vs zybots_
Dealer: segfault_society  |  Elder: zybots_
Match scores: 0 - 0
Talon (8): 7C 9C KC AC 7D 10D KD AH
segfault_society hand: 8C 10C JC QD AD 8H 7S 8S 9S JS KS AS
zybots_ hand: QC 8D 9D JD 7H 9H 10H JH QH KH 10S QS
  Exchange zybots_: discard 8D 9D JD 7H 10S -> draw 7C 9C AC 10D KD (talon 3 left)
  Exchange segfault_society: discard 8C 10C 8H -> draw KC 7D AH (talon 0 left)

--- Phase: declare ---
  Declare point: segfault_society wins 6 pts (('point', 6, 'S'))
  Declare sequence: zybots_ wins 10 pts (('sequence', 5, 13, 'H'))
  Declare set: segfault_society wins 3 pts (('set', 3, 14))

--- Phase: tricks ---
  Trick  1: zybots_ leads AC, segfault_society plays JC -> zybots_ wins
  Trick  2: zybots_ leads 9H, segfault_society plays AH -> segfault_society wins
  Trick  3: segfault_society leads AS, zybots_ plays QS -> segfault_society wins
  Trick  4: segfault_society leads KS, zybots_ plays 7C -> segfault_society wins
  Trick  5: segfault_society leads AD, zybots_ plays 10D -> segfault_society wins
  Trick  6: segfault_society leads KC, zybots_ plays 9C -> segfault_society wins
  Trick  7: segfault_society leads JS, zybots_ plays 10H -> segfault_society wins
  Trick  8: segfault_society leads 9S, zybots_ plays JH -> segfault_society wins
  Trick  9: segfault_society leads QD, zybots_ plays KD -> zybots_ wins
  Trick 10: zybots_ leads QH, segfault_society plays 7S -> zybots_ wins
  Trick 11: zybots_ leads QC, segfault_society plays 7D -> zybots_ wins
  Trick 12: zybots_ leads KH, segfault_society plays 8S -> zybots_ wins
  Hand: segfault_society +26 / zybots_ +16 (tricks 7-5)
  Match total: segfault_society 26 - 16 zybots_
Players: segfault_society vs zybots_
Dealer: zybots_  |  Elder: segfault_society
Match scores: 26 - 16
Talon (8): 8C 9C AC 9D 10H JH 8S 9S
segfault_society hand: JC QC 10D KD AD 7H QH 7S 10S JS KS AS
zybots_ hand: 7C 10C KC 7D 8D JD QD 8H 9H KH AH QS
  Exchange segfault_society: discard JC QC 10D 7H QH -> draw 8C AC 10H 8S 9S (talon 3 left)
  Exchange zybots_: discard 7C 7D 8D -> draw 9C 9D JH (talon 0 left)

--- Phase: declare ---
  Declare point: segfault_society wins 7 pts (('point', 7, 'S'))
  Declare sequence: segfault_society wins 10 pts (('sequence', 5, 11, 'S'))
  Declare set: segfault_society wins 3 pts (('set', 3, 14))

--- Phase: tricks ---
  Trick  1: segfault_society leads AS, zybots_ plays QS -> segfault_society wins
  Trick  2: segfault_society leads KS, zybots_ plays 8H -> segfault_society wins
  Trick  3: segfault_society leads AD, zybots_ plays 9D -> segfault_society wins
  Trick  4: segfault_society leads AC, zybots_ plays 9C -> segfault_society wins
  Trick  5: segfault_society leads KD, zybots_ plays JD -> segfault_society wins
  Trick  6: segfault_society leads JS, zybots_ plays 9H -> segfault_society wins
  Trick  7: segfault_society leads 10S, zybots_ plays 10C -> segfault_society wins
  Trick  8: segfault_society leads 9S, zybots_ plays JH -> segfault_society wins
  Trick  9: segfault_society leads 8S, zybots_ plays QD -> segfault_society wins
  Trick 10: segfault_society leads 10H, zybots_ plays KH -> zybots_ wins
  Trick 11: zybots_ leads KC, segfault_society plays 8C -> zybots_ wins
  Trick 12: zybots_ leads AH, segfault_society plays 7S -> zybots_ wins
  Hand: segfault_society +39 / zybots_ +4 (tricks 9-3)
  Match total: segfault_society 65 - 20 zybots_
Players: segfault_society vs zybots_
Dealer: segfault_society  |  Elder: zybots_
Match scores: 65 - 20
Talon (8): 9C AC 7D QD 10H 9S 10S QS
segfault_society hand: 7C 10C QC KC 8D 9D KD 7H QH 7S KS AS
zybots_ hand: 8C JC 10D JD AD 8H 9H JH KH AH 8S JS
  Exchange zybots_: discard 8C 10D AD 8H 8S -> draw QD 10H 9S 10S QS (talon 3 left)
  Exchange segfault_society: discard 8D 7H 7S -> draw 9C AC 7D (talon 0 left)

--- Phase: declare ---
  Declare point: segfault_society wins 6 pts (('point', 6, 'C'))
  Declare sequence: zybots_ wins 4 pts (('sequence', 4, 12, 'S'))
  Declare set: segfault_society wins 3 pts (('set', 3, 13))

--- Phase: tricks ---
  Trick  1: zybots_ leads KH, segfault_society plays QH -> zybots_ wins
  Trick  2: zybots_ leads AH, segfault_society plays 7C -> zybots_ wins
  Trick  3: zybots_ leads 9S, segfault_society plays KS -> segfault_society wins
  Trick  4: segfault_society leads AC, zybots_ plays JC -> segfault_society wins
  Trick  5: segfault_society leads KC, zybots_ plays 9H -> segfault_society wins
  Trick  6: segfault_society leads QC, zybots_ plays 10H -> segfault_society wins
  Trick  7: segfault_society leads AS, zybots_ plays 10S -> segfault_society wins
  Trick  8: segfault_society leads KD, zybots_ plays JD -> segfault_society wins
  Trick  9: segfault_society leads 10C, zybots_ plays JH -> segfault_society wins
  Trick 10: segfault_society leads 9D, zybots_ plays QD -> zybots_ wins
  Trick 11: zybots_ leads JS, segfault_society plays 7D -> zybots_ wins
  Trick 12: zybots_ leads QS, segfault_society plays 9C -> zybots_ wins
  Hand: segfault_society +26 / zybots_ +10 (tricks 7-5)
  Match total: segfault_society 91 - 30 zybots_
Players: segfault_society vs zybots_
Dealer: zybots_  |  Elder: segfault_society
Match scores: 91 - 30
Talon (8): QC 7D 9D JD AD JH 7S 10S
segfault_society hand: 8C JC AC 8D 10D QD 7H KH AH 9S QS AS
zybots_ hand: 7C 9C 10C KC KD 8H 9H 10H QH 8S JS KS
  Exchange segfault_society: discard 8C 8D 10D 7H 9S -> draw QC 9D JH 7S 10S (talon 3 left)
  Exchange zybots_: discard 7C 9C 8S -> draw 7D JD AD (talon 0 left)

--- Phase: declare ---
  Declare sequence: zybots_ wins 3 pts (('sequence', 3, 10, 'H'))
  Declare set: segfault_society wins 3 pts (('set', 3, 14))

--- Phase: tricks ---
  Trick  1: segfault_society leads AS, zybots_ plays JS -> segfault_society wins
  Trick  2: segfault_society leads AC, zybots_ plays 10C -> segfault_society wins
  Trick  3: segfault_society leads AH, zybots_ plays 8H -> segfault_society wins
  Trick  4: segfault_society leads KH, zybots_ plays 9H -> segfault_society wins
  Trick  5: segfault_society leads QS, zybots_ plays KS -> zybots_ wins
  Trick  6: zybots_ leads QH, segfault_society plays JH -> zybots_ wins
  Trick  7: zybots_ leads KC, segfault_society plays JC -> zybots_ wins
  Trick  8: zybots_ leads KD, segfault_society plays 9D -> zybots_ wins
  Trick  9: zybots_ leads AD, segfault_society plays QD -> zybots_ wins
  Trick 10: zybots_ leads 7D, segfault_society plays 7S -> zybots_ wins
  Trick 11: zybots_ leads 10H, segfault_society plays 10S -> zybots_ wins
  Trick 12: zybots_ leads JD, segfault_society plays QC -> zybots_ wins
  Hand: segfault_society +7 / zybots_ +22 (tricks 4-8)
  Match total: segfault_society 98 - 52 zybots_
Players: segfault_society vs zybots_
Dealer: segfault_society  |  Elder: zybots_
Match scores: 98 - 52
Talon (8): 8C QC 7D 9D AD 7H 10H JH
segfault_society hand: 9C KC 8D 10D KD 8H 9H 9S 10S JS QS AS
zybots_ hand: 7C 10C JC AC JD QD QH KH AH 7S 8S KS
  Exchange zybots_: discard JD QD 7S 8S KS -> draw 8C QC 7D 9D 10H (talon 3 left)
  Exchange segfault_society: discard 9C 8D 8H -> draw AD 7H JH (talon 0 left)

--- Phase: declare ---
  Declare point: zybots_ wins 6 pts (('point', 6, 'C'))
  Declare sequence: segfault_society wins 4 pts (('sequence', 4, 12, 'S'))

--- Phase: tricks ---
  Trick  1: zybots_ leads QH, segfault_society plays 7H -> zybots_ wins
  Trick  2: zybots_ leads KH, segfault_society plays 9H -> zybots_ wins
  Trick  3: zybots_ leads AC, segfault_society plays KC -> zybots_ wins
  Trick  4: zybots_ leads AH, segfault_society plays JH -> zybots_ wins
  Trick  5: zybots_ leads 7C, segfault_society plays 9S -> zybots_ wins
  Trick  6: zybots_ leads 8C, segfault_society plays 10D -> zybots_ wins
  Trick  7: zybots_ leads 10C, segfault_society plays 10S -> zybots_ wins
  Trick  8: zybots_ leads JC, segfault_society plays JS -> zybots_ wins
  Trick  9: zybots_ leads 7D, segfault_society plays KD -> segfault_society wins
  Trick 10: segfault_society leads AS, zybots_ plays 9D -> segfault_society wins
  Trick 11: segfault_society leads AD, zybots_ plays 10H -> segfault_society wins
  Trick 12: segfault_society leads QS, zybots_ plays QC -> segfault_society wins
  Hand: segfault_society +9 / zybots_ +24 (tricks 4-8)
  Match total: segfault_society 107 - 76 zybots_
  Final: segfault_society 107 - 76 zybots_
  Winner: segfault_society

============================================================
Game 56
============================================================
Players: zybots_ vs segfault_society
Dealer: zybots_  |  Elder: segfault_society
Match scores: 0 - 0
Talon (8): 9D JD AD 7H 10H AH 8S QS
zybots_ hand: 9C 10C 7D KD 9H JH QH 7S 9S 10S JS AS
segfault_society hand: 7C 8C JC QC KC AC 8D 10D QD 8H KH KS
  Exchange segfault_society: discard 7C 8D 10D QD 8H -> draw 9D JD 7H 8S QS (talon 3 left)
  Exchange zybots_: discard 9C 7D 9H -> draw AD 10H AH (talon 0 left)

--- Phase: declare ---
  Declare point: segfault_society wins 5 pts (('point', 5, 'C'))
  Declare sequence: segfault_society wins 4 pts (('sequence', 4, 14, 'C'))
  Declare set: zybots_ wins 3 pts (('set', 3, 14))

--- Phase: tricks ---
  Trick  1: segfault_society leads AC, zybots_ plays 10C -> segfault_society wins
  Trick  2: segfault_society leads KC, zybots_ plays 7S -> segfault_society wins
  Trick  3: segfault_society leads QC, zybots_ plays 9S -> segfault_society wins
  Trick  4: segfault_society leads JC, zybots_ plays 10S -> segfault_society wins
  Trick  5: segfault_society leads KS, zybots_ plays AS -> zybots_ wins
  Trick  6: zybots_ leads KD, segfault_society plays 9D -> zybots_ wins
  Trick  7: zybots_ leads AH, segfault_society plays 7H -> zybots_ wins
  Trick  8: zybots_ leads AD, segfault_society plays JD -> zybots_ wins
  Trick  9: zybots_ leads 10H, segfault_society plays KH -> segfault_society wins
  Trick 10: segfault_society leads QS, zybots_ plays JS -> segfault_society wins
  Trick 11: segfault_society leads 8C, zybots_ plays JH -> segfault_society wins
  Trick 12: segfault_society leads 8S, zybots_ plays QH -> segfault_society wins
  Hand: zybots_ +7 / segfault_society +28 (tricks 4-8)
  Match total: zybots_ 7 - 28 segfault_society
Players: zybots_ vs segfault_society
Dealer: segfault_society  |  Elder: zybots_
Match scores: 7 - 28
Talon (8): 7C 9C 7D 10D JD 7H 9H QH
zybots_ hand: 8C JC QC AC 9D 10H JH AH 10S JS QS KS
segfault_society hand: 10C KC 8D QD KD AD 8H KH 7S 8S 9S AS
  Exchange zybots_: discard 8C QC 9D 10H AH -> draw 7C 7D 7H 9H QH (talon 3 left)
  Exchange segfault_society: discard 8H 7S 8S -> draw 9C 10D JD (talon 0 left)

--- Phase: declare ---
  Declare point: segfault_society wins 6 pts (('point', 6, 'D'))
  Declare sequence: segfault_society wins 10 pts (('sequence', 5, 14, 'D'))
  Declare set: segfault_society wins 3 pts (('set', 3, 13))

--- Phase: tricks ---
  Trick  1: zybots_ leads AC, segfault_society plays 9C -> zybots_ wins
  Trick  2: zybots_ leads 10S, segfault_society plays AS -> segfault_society wins
  Trick  3: segfault_society leads AD, zybots_ plays 7D -> segfault_society wins
  Trick  4: segfault_society leads KD, zybots_ plays 7H -> segfault_society wins
  Trick  5: segfault_society leads QD, zybots_ plays 7C -> segfault_society wins
  Trick  6: segfault_society leads JD, zybots_ plays 9H -> segfault_society wins
  Trick  7: segfault_society leads KC, zybots_ plays JC -> segfault_society wins
  Trick  8: segfault_society leads 10D, zybots_ plays JS -> segfault_society wins
  Trick  9: segfault_society leads KH, zybots_ plays JH -> segfault_society wins
  Trick 10: segfault_society leads 10C, zybots_ plays QS -> segfault_society wins
  Trick 11: segfault_society leads 9S, zybots_ plays KS -> zybots_ wins
  Trick 12: zybots_ leads QH, segfault_society plays 8D -> zybots_ wins
  Hand: zybots_ +4 / segfault_society +38 (tricks 3-9)
  Match total: zybots_ 11 - 66 segfault_society
Players: zybots_ vs segfault_society
Dealer: zybots_  |  Elder: segfault_society
Match scores: 11 - 66
Talon (8): 7C KC 7D 10D JD AD KH AH
zybots_ hand: 9C 10C 9D QD KD 8H JH QH 7S 10S KS AS
segfault_society hand: 8C JC QC AC 8D 7H 9H 10H 8S 9S JS QS
  Exchange segfault_society: discard 8D 7H 9H 8S 9S -> draw 7C KC 10D AD KH (talon 3 left)
  Exchange zybots_: discard 9C 9D 8H -> draw 7D JD AH (talon 0 left)

--- Phase: declare ---
  Declare point: segfault_society wins 6 pts (('point', 6, 'C'))
  Declare sequence: segfault_society wins 4 pts (('sequence', 4, 14, 'C'))

--- Phase: tricks ---
  Trick  1: segfault_society leads AC, zybots_ plays 10C -> segfault_society wins
  Trick  2: segfault_society leads KC, zybots_ plays 7S -> segfault_society wins
  Trick  3: segfault_society leads QC, zybots_ plays 7D -> segfault_society wins
  Trick  4: segfault_society leads JC, zybots_ plays 10S -> segfault_society wins
  Trick  5: segfault_society leads AD, zybots_ plays JD -> segfault_society wins
  Trick  6: segfault_society leads KH, zybots_ plays AH -> zybots_ wins
  Trick  7: zybots_ leads QD, segfault_society plays 10D -> zybots_ wins
  Trick  8: zybots_ leads KD, segfault_society plays 7C -> zybots_ wins
  Trick  9: zybots_ leads KS, segfault_society plays JS -> zybots_ wins
  Trick 10: zybots_ leads AS, segfault_society plays QS -> zybots_ wins
  Trick 11: zybots_ leads JH, segfault_society plays 10H -> zybots_ wins
  Trick 12: zybots_ leads QH, segfault_society plays 8C -> zybots_ wins
  Hand: zybots_ +18 / segfault_society +15 (tricks 7-5)
  Match total: zybots_ 29 - 81 segfault_society
Players: zybots_ vs segfault_society
Dealer: segfault_society  |  Elder: zybots_
Match scores: 29 - 81
Talon (8): QD AD 7H KH AH 8S 9S KS
zybots_ hand: QC KC 7D 10D JD KD 8H 9H 10H QH 7S 10S
segfault_society hand: 7C 8C 9C 10C JC AC 8D 9D JH JS QS AS
  Exchange zybots_: discard QC KC 7D JD 7S -> draw QD AD KH 9S KS (talon 3 left)
  Exchange segfault_society: discard 8D 9D JH -> draw 7H AH 8S (talon 0 left)

--- Phase: declare ---
  Declare point: segfault_society wins 6 pts (('point', 6, 'C'))
  Declare sequence: segfault_society wins 10 pts (('sequence', 5, 11, 'C'))
  Declare set: segfault_society wins 3 pts (('set', 3, 14))

--- Phase: tricks ---
  Trick  1: zybots_ leads QD, segfault_society plays 7C -> zybots_ wins
  Trick  2: zybots_ leads KD, segfault_society plays 7H -> zybots_ wins
  Trick  3: zybots_ leads AD, segfault_society plays 8C -> zybots_ wins
  Trick  4: zybots_ leads 8H, segfault_society plays AH -> segfault_society wins
  Trick  5: segfault_society leads AC, zybots_ plays 9H -> segfault_society wins
  Trick  6: segfault_society leads AS, zybots_ plays 9S -> segfault_society wins
  Trick  7: segfault_society leads QS, zybots_ plays KS -> zybots_ wins
  Trick  8: zybots_ leads 10H, segfault_society plays 8S -> zybots_ wins
  Trick  9: zybots_ leads QH, segfault_society plays 9C -> zybots_ wins
  Trick 10: zybots_ leads 10S, segfault_society plays JS -> segfault_society wins
  Trick 11: segfault_society leads JC, zybots_ plays 10D -> segfault_society wins
  Trick 12: segfault_society leads 10C, zybots_ plays KH -> segfault_society wins
  Hand: zybots_ +6 / segfault_society +26 (tricks 6-6)
  Match total: zybots_ 35 - 107 segfault_society
  Final: zybots_ 35 - 107 segfault_society
  Winner: segfault_society

============================================================
Game 57
============================================================
Players: segfault_society vs zybots_
Dealer: segfault_society  |  Elder: zybots_
Match scores: 0 - 0
Talon (8): 9C KC 10D JD AD 7H JH KH
segfault_society hand: 8C 8D 9D QD KD 9H QH AH 7S 8S 10S QS
zybots_ hand: 7C 10C JC QC AC 7D 8H 10H 9S JS KS AS
  Exchange zybots_: discard 7D 8H 10H 9S JS -> draw 9C KC 10D AD JH (talon 3 left)
  Exchange segfault_society: discard 8C 7S 8S -> draw JD 7H KH (talon 0 left)

--- Phase: declare ---
  Declare point: zybots_ wins 7 pts (('point', 7, 'C'))
  Declare sequence: zybots_ wins 11 pts (('sequence', 6, 14, 'C'))
  Declare set: zybots_ wins 3 pts (('set', 3, 14))

--- Phase: tricks ---
  Trick  1: zybots_ leads 9C, segfault_society plays 7H -> zybots_ wins
  Trick  2: zybots_ leads 10C, segfault_society plays 8D -> zybots_ wins
  Trick  3: zybots_ leads JC, segfault_society plays 9D -> zybots_ wins
  Trick  4: zybots_ leads QC, segfault_society plays 9H -> zybots_ wins
  Trick  5: zybots_ leads KS, segfault_society plays 10S -> zybots_ wins
  Trick  6: zybots_ leads KC, segfault_society plays JD -> zybots_ wins
  Trick  7: zybots_ leads AS, segfault_society plays QS -> zybots_ wins
  Trick  8: zybots_ leads AC, segfault_society plays QH -> zybots_ wins
  Trick  9: zybots_ leads AD, segfault_society plays QD -> zybots_ wins
  Trick 10: zybots_ leads 7C, segfault_society plays KD -> zybots_ wins
  Trick 11: zybots_ leads JH, segfault_society plays KH -> segfault_society wins
  Trick 12: segfault_society leads AH, zybots_ plays 10D -> segfault_society wins
  Hand: segfault_society +3 / zybots_ +41 (tricks 2-10)
  Match total: segfault_society 3 - 41 zybots_
Players: segfault_society vs zybots_
Dealer: zybots_  |  Elder: segfault_society
Match scores: 3 - 41
Talon (8): JC 7D 9D KD JH 7S QS AS
segfault_society hand: 8C QC KC 10D AD 8H 9H KH AH 9S 10S KS
zybots_ hand: 7C 9C 10C AC 8D JD QD 7H 10H QH 8S JS
  Exchange segfault_society: discard 8C QC 10D 9S 10S -> draw JC 7D 9D JH QS (talon 3 left)
  Exchange zybots_: discard 8D 7H 8S -> draw KD 7S AS (talon 0 left)

--- Phase: declare ---
  Declare point: segfault_society wins 5 pts (('point', 5, 'H'))
  Declare sequence: zybots_ wins 3 pts (('sequence', 3, 13, 'D'))
  Declare set: segfault_society wins 3 pts (('set', 3, 13))

--- Phase: tricks ---
  Trick  1: segfault_society leads AH, zybots_ plays 10H -> segfault_society wins
  Trick  2: segfault_society leads KH, zybots_ plays QH -> segfault_society wins
  Trick  3: segfault_society leads AD, zybots_ plays JD -> segfault_society wins
  Trick  4: segfault_society leads JH, zybots_ plays 7C -> segfault_society wins
  Trick  5: segfault_society leads KC, zybots_ plays AC -> zybots_ wins
  Trick  6: zybots_ leads QD, segfault_society plays 7D -> zybots_ wins
  Trick  7: zybots_ leads KD, segfault_society plays 9D -> zybots_ wins
  Trick  8: zybots_ leads AS, segfault_society plays QS -> zybots_ wins
  Trick  9: zybots_ leads 7S, segfault_society plays KS -> segfault_society wins
  Trick 10: segfault_society leads 9H, zybots_ plays 9C -> segfault_society wins
  Trick 11: segfault_society leads JC, zybots_ plays 10C -> segfault_society wins
  Trick 12: segfault_society leads 8H, zybots_ plays JS -> segfault_society wins
  Hand: segfault_society +27 / zybots_ +7 (tricks 8-4)
  Match total: segfault_society 30 - 48 zybots_
Players: segfault_society vs zybots_
Dealer: segfault_society  |  Elder: zybots_
Match scores: 30 - 48
Talon (8): 8C JC 8H 10H JH QH 7S AS
segfault_society hand: 9C 10C QC AC 8D 9D QD AD 7H KH 8S 9S
zybots_ hand: 7C KC 7D 10D JD KD 9H AH 10S JS QS KS
  Exchange zybots_: discard 7C 7D 10D JD 9H -> draw JC 8H 10H QH AS (talon 3 left)
  Exchange segfault_society: discard 7H 8S 9S -> draw 8C JH 7S (talon 0 left)

--- Phase: declare ---
  Declare point: zybots_ wins 5 pts (('point', 5, 'S'))
  Declare sequence: zybots_ wins 10 pts (('sequence', 5, 14, 'S'))
  Declare set: zybots_ wins 3 pts (('set', 3, 13))

--- Phase: tricks ---
  Trick  1: zybots_ leads 10S, segfault_society plays 7S -> zybots_ wins
  Trick  2: zybots_ leads JS, segfault_society plays 8D -> zybots_ wins
  Trick  3: zybots_ leads QS, segfault_society plays 8C -> zybots_ wins
  Trick  4: zybots_ leads KS, segfault_society plays 9D -> zybots_ wins
  Trick  5: zybots_ leads AH, segfault_society plays JH -> zybots_ wins
  Trick  6: zybots_ leads AS, segfault_society plays 9C -> zybots_ wins
  Trick  7: zybots_ leads 8H, segfault_society plays KH -> segfault_society wins
  Trick  8: segfault_society leads AC, zybots_ plays JC -> segfault_society wins
  Trick  9: segfault_society leads AD, zybots_ plays KD -> segfault_society wins
  Trick 10: segfault_society leads QC, zybots_ plays KC -> zybots_ wins
  Trick 11: zybots_ leads 10H, segfault_society plays 10C -> zybots_ wins
  Trick 12: zybots_ leads QH, segfault_society plays QD -> zybots_ wins
  Hand: segfault_society +3 / zybots_ +38 (tricks 3-9)
  Match total: segfault_society 33 - 86 zybots_
Players: segfault_society vs zybots_
Dealer: zybots_  |  Elder: segfault_society
Match scores: 33 - 86
Talon (8): 10C 10D 9H QH KH 7S 8S AS
segfault_society hand: 9C QC AC JD QD KD AD 7H 10H JH JS KS
zybots_ hand: 7C 8C JC KC 7D 8D 9D 8H AH 9S 10S QS
  Exchange segfault_society: discard 9C 7H 10H JH JS -> draw 10C 9H QH KH 8S (talon 3 left)
  Exchange zybots_: discard 8H 9S 10S -> draw 10D 7S AS (talon 0 left)

--- Phase: declare ---
  Declare point: segfault_society wins 4 pts (('point', 4, 'D'))
  Declare sequence: segfault_society wins 4 pts (('sequence', 4, 14, 'D'))
  Declare set: segfault_society wins 3 pts (('set', 3, 13))

--- Phase: tricks ---
  Trick  1: segfault_society leads AD, zybots_ plays 7D -> segfault_society wins
  Trick  2: segfault_society leads AC, zybots_ plays 7C -> segfault_society wins
  Trick  3: segfault_society leads KD, zybots_ plays 8D -> segfault_society wins
  Trick  4: segfault_society leads QD, zybots_ plays 9D -> segfault_society wins
  Trick  5: segfault_society leads JD, zybots_ plays 10D -> segfault_society wins
  Trick  6: segfault_society leads KH, zybots_ plays AH -> zybots_ wins
  Trick  7: zybots_ leads KC, segfault_society plays 10C -> zybots_ wins
  Trick  8: zybots_ leads AS, segfault_society plays 8S -> zybots_ wins
  Trick  9: zybots_ leads 8C, segfault_society plays QC -> segfault_society wins
  Trick 10: segfault_society leads KS, zybots_ plays 7S -> segfault_society wins
  Trick 11: segfault_society leads QH, zybots_ plays JC -> segfault_society wins
  Trick 12: segfault_society leads 9H, zybots_ plays QS -> segfault_society wins
  Hand: segfault_society +31 / zybots_ +3 (tricks 9-3)
  Match total: segfault_society 64 - 89 zybots_
Players: segfault_society vs zybots_
Dealer: segfault_society  |  Elder: zybots_
Match scores: 64 - 89
Talon (8): 8C AC 9D 10H 8S 9S QS AS
segfault_society hand: 9C QC 8D 10D AD 9H QH KH AH 7S JS KS
zybots_ hand: 7C 10C JC KC 7D JD QD KD 7H 8H JH 10S
  Exchange zybots_: discard 7C 10C 7H 8H 10S -> draw 8C 9D 10H 9S AS (talon 3 left)
  Exchange segfault_society: discard 9C 8D 7S -> draw AC 8S QS (talon 0 left)

--- Phase: declare ---
  Declare point: zybots_ wins 5 pts (('point', 5, 'D'))
  Declare sequence: segfault_society wins 3 pts (('sequence', 3, 14, 'H'))
  Declare set: segfault_society wins 3 pts (('set', 3, 14))

--- Phase: tricks ---
  Trick  1: zybots_ leads AS, segfault_society plays 8S -> zybots_ wins
  Trick  2: zybots_ leads 7D, segfault_society plays 10D -> segfault_society wins
  Trick  3: segfault_society leads AH, zybots_ plays 10H -> segfault_society wins
  Trick  4: segfault_society leads KS, zybots_ plays 9S -> segfault_society wins
  Trick  5: segfault_society leads KH, zybots_ plays JH -> segfault_society wins
  Trick  6: segfault_society leads AC, zybots_ plays 8C -> segfault_society wins
  Trick  7: segfault_society leads QH, zybots_ plays 9D -> segfault_society wins
  Trick  8: segfault_society leads QS, zybots_ plays JD -> segfault_society wins
  Trick  9: segfault_society leads AD, zybots_ plays QD -> segfault_society wins
  Trick 10: segfault_society leads JS, zybots_ plays JC -> segfault_society wins
  Trick 11: segfault_society leads QC, zybots_ plays KC -> zybots_ wins
  Trick 12: zybots_ leads KD, segfault_society plays 9H -> zybots_ wins
  Hand: segfault_society +25 / zybots_ +9 (tricks 9-3)
  Match total: segfault_society 89 - 98 zybots_
Players: segfault_society vs zybots_
Dealer: zybots_  |  Elder: segfault_society
Match scores: 89 - 98
Talon (8): 9C AC 9D KD 10H 7S 10S AS
segfault_society hand: 7C JC QC 10D JD QD AD 8H JH KH 9S JS
zybots_ hand: 8C 10C KC 7D 8D 7H 9H QH AH 8S QS KS
  Exchange segfault_society: discard 7C 8H JH 9S JS -> draw 9C 9D KD 7S 10S (talon 3 left)
  Exchange zybots_: discard 7D 8D 8S -> draw AC 10H AS (talon 0 left)

--- Phase: declare ---
  Declare point: segfault_society wins 6 pts (('point', 6, 'D'))
  Declare sequence: segfault_society wins 11 pts (('sequence', 6, 14, 'D'))
  Declare set: zybots_ wins 3 pts (('set', 3, 14))

--- Phase: tricks ---
  Trick  1: segfault_society leads AD, zybots_ plays 7H -> segfault_society wins
  Trick  2: segfault_society leads KD, zybots_ plays 8C -> segfault_society wins
  Trick  3: segfault_society leads QD, zybots_ plays 9H -> segfault_society wins
  Trick  4: segfault_society leads JD, zybots_ plays 10C -> segfault_society wins
  Trick  5: segfault_society leads 10D, zybots_ plays 10H -> segfault_society wins
  Trick  6: segfault_society leads 9D, zybots_ plays QH -> segfault_society wins
  Trick  7: segfault_society leads QC, zybots_ plays KC -> zybots_ wins
  Trick  8: zybots_ leads QS, segfault_society plays 7S -> zybots_ wins
  Trick  9: zybots_ leads KS, segfault_society plays 10S -> zybots_ wins
  Trick 10: zybots_ leads AH, segfault_society plays KH -> zybots_ wins
  Trick 11: zybots_ leads AC, segfault_society plays 9C -> zybots_ wins
  Trick 12: zybots_ leads AS, segfault_society plays JC -> zybots_ wins
  Hand: segfault_society +23 / zybots_ +10 (tricks 6-6)
  Match total: segfault_society 112 - 108 zybots_
  Final: segfault_society 112 - 108 zybots_
  Winner: segfault_society

============================================================
Game 58
============================================================
Players: zybots_ vs segfault_society
Dealer: zybots_  |  Elder: segfault_society
Match scores: 0 - 0
Talon (8): 7C 8C KC 8D JD QD KH QS
zybots_ hand: 9C 10C AC 7D KD 8H 10H AH 8S 9S 10S JS
segfault_society hand: JC QC 9D 10D AD 7H 9H JH QH 7S KS AS
  Exchange segfault_society: discard 9D 10D 7H 9H 7S -> draw 7C KC 8D KH QS (talon 3 left)
  Exchange zybots_: discard 9C 7D 8H -> draw 8C JD QD (talon 0 left)

--- Phase: declare ---
  Declare sequence: zybots_ wins 4 pts (('sequence', 4, 11, 'S'))
  Declare set: segfault_society wins 3 pts (('set', 3, 13))

--- Phase: tricks ---
  Trick  1: segfault_society leads AS, zybots_ plays 8S -> segfault_society wins
  Trick  2: segfault_society leads AD, zybots_ plays JD -> segfault_society wins
  Trick  3: segfault_society leads KS, zybots_ plays 9S -> segfault_society wins
  Trick  4: segfault_society leads QS, zybots_ plays 10S -> segfault_society wins
  Trick  5: segfault_society leads KC, zybots_ plays AC -> zybots_ wins
  Trick  6: zybots_ leads JS, segfault_society plays 7C -> zybots_ wins
  Trick  7: zybots_ leads QD, segfault_society plays 8D -> zybots_ wins
  Trick  8: zybots_ leads KD, segfault_society plays JH -> zybots_ wins
  Trick  9: zybots_ leads AH, segfault_society plays QH -> zybots_ wins
  Trick 10: zybots_ leads 8C, segfault_society plays JC -> segfault_society wins
  Trick 11: segfault_society leads KH, zybots_ plays 10H -> segfault_society wins
  Trick 12: segfault_society leads QC, zybots_ plays 10C -> segfault_society wins
  Hand: zybots_ +9 / segfault_society +21 (tricks 5-7)
  Match total: zybots_ 9 - 21 segfault_society
Players: zybots_ vs segfault_society
Dealer: segfault_society  |  Elder: zybots_
Match scores: 9 - 21
Talon (8): KC 8D JD KD 7H 8H KH AH
zybots_ hand: 7C 10C AC 10D 10H QH 7S 8S 10S QS KS AS
segfault_society hand: 8C 9C JC QC 7D 9D QD AD 9H JH 9S JS
  Exchange zybots_: discard 7C AC QH 7S 8S -> draw 8D JD 7H 8H KH (talon 3 left)
  Exchange segfault_society: discard 9H 9S JS -> draw KC KD AH (talon 0 left)

--- Phase: declare ---
  Declare point: segfault_society wins 5 pts (('point', 5, 'D'))
  Declare set: zybots_ wins 14 pts (('set', 4, 10))

--- Phase: tricks ---
  Trick  1: zybots_ leads QS, segfault_society plays 7D -> zybots_ wins
  Trick  2: zybots_ leads KS, segfault_society plays 8C -> zybots_ wins
  Trick  3: zybots_ leads AS, segfault_society plays 9D -> zybots_ wins
  Trick  4: zybots_ leads 7H, segfault_society plays JH -> segfault_society wins
  Trick  5: segfault_society leads AD, zybots_ plays 8D -> segfault_society wins
  Trick  6: segfault_society leads KD, zybots_ plays 10D -> segfault_society wins
  Trick  7: segfault_society leads AH, zybots_ plays 8H -> segfault_society wins
  Trick  8: segfault_society leads QD, zybots_ plays JD -> segfault_society wins
  Trick  9: segfault_society leads KC, zybots_ plays 10C -> segfault_society wins
  Trick 10: segfault_society leads QC, zybots_ plays 10H -> segfault_society wins
  Trick 11: segfault_society leads JC, zybots_ plays 10S -> segfault_society wins
  Trick 12: segfault_society leads 9C, zybots_ plays KH -> segfault_society wins
  Hand: zybots_ +17 / segfault_society +25 (tricks 3-9)
  Match total: zybots_ 26 - 46 segfault_society
Players: zybots_ vs segfault_society
Dealer: zybots_  |  Elder: segfault_society
Match scores: 26 - 46
Talon (8): 10C 7D 9D JD KD AD QH JS
zybots_ hand: 7C 8C QC AC 10D QD 7H 8H JH AH 10S KS
segfault_society hand: 9C JC KC 8D 9H 10H KH 7S 8S 9S QS AS
  Exchange segfault_society: discard 9C JC 8D 9H 10H -> draw 7D JD KD AD QH (talon 3 left)
  Exchange zybots_: discard 7C 8C 10D -> draw 10C 9D JS (talon 0 left)

--- Phase: declare ---
  Declare point: segfault_society wins 5 pts (('point', 5, 'S'))
  Declare sequence: segfault_society wins 3 pts (('sequence', 3, 9, 'S'))
  Declare set: segfault_society wins 3 pts (('set', 3, 13))

--- Phase: tricks ---
  Trick  1: segfault_society leads AS, zybots_ plays 10S -> segfault_society wins
  Trick  2: segfault_society leads AD, zybots_ plays 9D -> segfault_society wins
  Trick  3: segfault_society leads KD, zybots_ plays QD -> segfault_society wins
  Trick  4: segfault_society leads QS, zybots_ plays KS -> zybots_ wins
  Trick  5: zybots_ leads AC, segfault_society plays KC -> zybots_ wins
  Trick  6: zybots_ leads AH, segfault_society plays QH -> zybots_ wins
  Trick  7: zybots_ leads 7H, segfault_society plays KH -> segfault_society wins
  Trick  8: segfault_society leads 9S, zybots_ plays JS -> zybots_ wins
  Trick  9: zybots_ leads 8H, segfault_society plays 7S -> zybots_ wins
  Trick 10: zybots_ leads 10C, segfault_society plays 7D -> zybots_ wins
  Trick 11: zybots_ leads JH, segfault_society plays 8S -> zybots_ wins
  Trick 12: zybots_ leads QC, segfault_society plays JD -> zybots_ wins
  Hand: zybots_ +19 / segfault_society +15 (tricks 8-4)
  Match total: zybots_ 45 - 61 segfault_society
Players: zybots_ vs segfault_society
Dealer: segfault_society  |  Elder: zybots_
Match scores: 45 - 61
Talon (8): 7C 8C AC 10D JH QH 10S AS
zybots_ hand: 9C QC JD AD 10H KH AH 8S 9S JS QS KS
segfault_society hand: 10C JC KC 7D 8D 9D QD KD 7H 8H 9H 7S
  Exchange zybots_: discard 9C QC JD 10H KH -> draw 8C 10D JH QH 10S (talon 3 left)
  Exchange segfault_society: discard 7H 8H 7S -> draw 7C AC AS (talon 0 left)

--- Phase: declare ---
  Declare point: zybots_ wins 6 pts (('point', 6, 'S'))
  Declare sequence: zybots_ wins 11 pts (('sequence', 6, 13, 'S'))

--- Phase: tricks ---
  Trick  1: zybots_ leads AH, segfault_society plays 9H -> zybots_ wins
  Trick  2: zybots_ leads AD, segfault_society plays 7D -> zybots_ wins
  Trick  3: zybots_ leads 8S, segfault_society plays AS -> segfault_society wins
  Trick  4: segfault_society leads AC, zybots_ plays 8C -> segfault_society wins
  Trick  5: segfault_society leads KD, zybots_ plays 10D -> segfault_society wins
  Trick  6: segfault_society leads KC, zybots_ plays 9S -> segfault_society wins
  Trick  7: segfault_society leads QD, zybots_ plays 10S -> segfault_society wins
  Trick  8: segfault_society leads JC, zybots_ plays JS -> segfault_society wins
  Trick  9: segfault_society leads 10C, zybots_ plays JH -> segfault_society wins
  Trick 10: segfault_society leads 9D, zybots_ plays QS -> segfault_society wins
  Trick 11: segfault_society leads 8D, zybots_ plays QH -> segfault_society wins
  Trick 12: segfault_society leads 7C, zybots_ plays KS -> segfault_society wins
  Hand: zybots_ +19 / segfault_society +21 (tricks 2-10)
  Match total: zybots_ 64 - 82 segfault_society
Players: zybots_ vs segfault_society
Dealer: zybots_  |  Elder: segfault_society
Match scores: 64 - 82
Talon (8): 7C 8C 7D 9D 10D 8H 9H QH
zybots_ hand: 9C 10C AC JD QD KD 7H 10H KH 7S 9S 10S
segfault_society hand: JC QC KC 8D AD JH AH 8S JS QS KS AS
  Exchange segfault_society: discard JC QC 8D JH 8S -> draw 7C 7D 9D 8H QH (talon 3 left)
  Exchange zybots_: discard 7H 7S 9S -> draw 8C 10D 9H (talon 0 left)

--- Phase: declare ---
  Declare point: segfault_society wins 4 pts (('point', 4, 'S'))
  Declare sequence: segfault_society wins 4 pts (('sequence', 4, 14, 'S'))
  Declare set: segfault_society wins 3 pts (('set', 3, 14))

--- Phase: tricks ---
  Trick  1: segfault_society leads AS, zybots_ plays 10S -> segfault_society wins
  Trick  2: segfault_society leads AD, zybots_ plays 10D -> segfault_society wins
  Trick  3: segfault_society leads AH, zybots_ plays 9H -> segfault_society wins
  Trick  4: segfault_society leads KS, zybots_ plays 8C -> segfault_society wins
  Trick  5: segfault_society leads QS, zybots_ plays 9C -> segfault_society wins
  Trick  6: segfault_society leads JS, zybots_ plays 10C -> segfault_society wins
  Trick  7: segfault_society leads KC, zybots_ plays AC -> zybots_ wins
  Trick  8: zybots_ leads JD, segfault_society plays 7D -> zybots_ wins
  Trick  9: zybots_ leads QD, segfault_society plays 9D -> zybots_ wins
  Trick 10: zybots_ leads KD, segfault_society plays 7C -> zybots_ wins
  Trick 11: zybots_ leads KH, segfault_society plays 8H -> zybots_ wins
  Trick 12: zybots_ leads 10H, segfault_society plays QH -> segfault_society wins
  Hand: zybots_ +5 / segfault_society +29 (tricks 5-7)
  Match total: zybots_ 69 - 111 segfault_society
  Final: zybots_ 69 - 111 segfault_society
  Winner: segfault_society

============================================================
Game 59
============================================================
Players: segfault_society vs zybots_
Dealer: segfault_society  |  Elder: zybots_
Match scores: 0 - 0
Talon (8): 8C JC 7D 9H 10H KH AH AS
segfault_society hand: 10C 8D 10D QD KD AD 7H 8H 7S 10S QS KS
zybots_ hand: 7C 9C QC KC AC 9D JD JH QH 8S 9S JS
  Exchange zybots_: discard 7C 9D QH 8S 9S -> draw JC 7D 9H 10H KH (talon 3 left)
  Exchange segfault_society: discard 10C 7H 8H -> draw 8C AH AS (talon 0 left)

--- Phase: declare ---
  Declare point: zybots_ wins 5 pts (('point', 5, 'C'))
  Declare sequence: zybots_ wins 4 pts (('sequence', 4, 14, 'C'))
  Declare set: segfault_society wins 3 pts (('set', 3, 14))

--- Phase: tricks ---
  Trick  1: zybots_ leads JC, segfault_society plays 8C -> zybots_ wins
  Trick  2: zybots_ leads QC, segfault_society plays 7S -> zybots_ wins
  Trick  3: zybots_ leads KC, segfault_society plays 8D -> zybots_ wins
  Trick  4: zybots_ leads AC, segfault_society plays 10D -> zybots_ wins
  Trick  5: zybots_ leads 9H, segfault_society plays AH -> segfault_society wins
  Trick  6: segfault_society leads AS, zybots_ plays JS -> segfault_society wins
  Trick  7: segfault_society leads AD, zybots_ plays 7D -> segfault_society wins
  Trick  8: segfault_society leads KS, zybots_ plays 9C -> segfault_society wins
  Trick  9: segfault_society leads KD, zybots_ plays JD -> segfault_society wins
  Trick 10: segfault_society leads QS, zybots_ plays 10H -> segfault_society wins
  Trick 11: segfault_society leads QD, zybots_ plays JH -> segfault_society wins
  Trick 12: segfault_society leads 10S, zybots_ plays KH -> segfault_society wins
  Hand: segfault_society +22 / zybots_ +13 (tricks 8-4)
  Match total: segfault_society 22 - 13 zybots_
Players: segfault_society vs zybots_
Dealer: zybots_  |  Elder: segfault_society
Match scores: 22 - 13
Talon (8): 10D 8H JH QH AH 7S 8S KS
segfault_society hand: 10C KC 9D QD KD AD 7H 10H KH 9S JS QS
zybots_ hand: 7C 8C 9C JC QC AC 7D 8D JD 9H 10S AS
  Exchange segfault_society: discard 10C 7H 10H 9S JS -> draw 8H QH AH 8S KS (talon 3 left)
  Exchange zybots_: discard 7D 8D 9H -> draw 10D JH 7S (talon 0 left)

--- Phase: declare ---
  Declare point: zybots_ wins 6 pts (('point', 6, 'C'))
  Declare sequence: segfault_society wins 3 pts (('sequence', 3, 14, 'H'))
  Declare set: segfault_society wins 14 pts (('set', 4, 13))

--- Phase: tricks ---
  Trick  1: segfault_society leads AD, zybots_ plays 10D -> segfault_society wins
  Trick  2: segfault_society leads AH, zybots_ plays JH -> segfault_society wins
  Trick  3: segfault_society leads KD, zybots_ plays JD -> segfault_society wins
  Trick  4: segfault_society leads KH, zybots_ plays 7C -> segfault_society wins
  Trick  5: segfault_society leads QD, zybots_ plays 7S -> segfault_society wins
  Trick  6: segfault_society leads QH, zybots_ plays 8C -> segfault_society wins
  Trick  7: segfault_society leads KS, zybots_ plays AS -> zybots_ wins
  Trick  8: zybots_ leads AC, segfault_society plays KC -> zybots_ wins
  Trick  9: zybots_ leads 9C, segfault_society plays 8H -> zybots_ wins
  Trick 10: zybots_ leads JC, segfault_society plays 8S -> zybots_ wins
  Trick 11: zybots_ leads 10S, segfault_society plays QS -> segfault_society wins
  Trick 12: segfault_society leads 9D, zybots_ plays QC -> segfault_society wins
  Hand: segfault_society +36 / zybots_ +10 (tricks 8-4)
  Match total: segfault_society 58 - 23 zybots_
Players: segfault_society vs zybots_
Dealer: segfault_society  |  Elder: zybots_
Match scores: 58 - 23
Talon (8): 8C 10C 8D 9D KD 7S 8S 9S
segfault_society hand: 7C JC KC AC 7D 10D QD 8H 9H 10H JS AS
zybots_ hand: 9C QC JD AD 7H JH QH KH AH 10S QS KS
  Exchange zybots_: discard 9C JD AD 10S KS -> draw 8C 8D KD 7S 8S (talon 3 left)
  Exchange segfault_society: discard 7D 10D JS -> draw 10C 9D 9S (talon 0 left)

--- Phase: declare ---
  Declare sequence: zybots_ wins 4 pts (('sequence', 4, 14, 'H'))
  Declare set: zybots_ wins 3 pts (('set', 3, 12))

--- Phase: tricks ---
  Trick  1: zybots_ leads JH, segfault_society plays 8H -> zybots_ wins
  Trick  2: zybots_ leads QH, segfault_society plays 9H -> zybots_ wins
  Trick  3: zybots_ leads KH, segfault_society plays 10H -> zybots_ wins
  Trick  4: zybots_ leads AH, segfault_society plays 7C -> zybots_ wins
  Trick  5: zybots_ leads 7S, segfault_society plays 9S -> segfault_society wins
  Trick  6: segfault_society leads AC, zybots_ plays 8C -> segfault_society wins
  Trick  7: segfault_society leads KC, zybots_ plays QC -> segfault_society wins
  Trick  8: segfault_society leads AS, zybots_ plays 8S -> segfault_society wins
  Trick  9: segfault_society leads QD, zybots_ plays KD -> zybots_ wins
  Trick 10: zybots_ leads QS, segfault_society plays 9D -> zybots_ wins
  Trick 11: zybots_ leads 7H, segfault_society plays 10C -> zybots_ wins
  Trick 12: zybots_ leads 8D, segfault_society plays JC -> zybots_ wins
  Hand: segfault_society +4 / zybots_ +26 (tricks 4-8)
  Match total: segfault_society 62 - 49 zybots_
Players: segfault_society vs zybots_
Dealer: zybots_  |  Elder: segfault_society
Match scores: 62 - 49
Talon (8): KC 7D 8H 10H JH KH 9S KS
segfault_society hand: 7C 9C JC QC AC 9D KD QH AH 10S QS AS
zybots_ hand: 8C 10C 8D 10D JD QD AD 7H 9H 7S 8S JS
  Exchange segfault_society: discard 7C 9D QH 10S QS -> draw KC 7D 8H 10H 9S (talon 3 left)
  Exchange zybots_: discard 7H 7S 8S -> draw JH KH KS (talon 0 left)

--- Phase: declare ---
  Declare point: segfault_society wins 5 pts (('point', 5, 'C'))
  Declare sequence: segfault_society wins 4 pts (('sequence', 4, 14, 'C'))
  Declare set: segfault_society wins 3 pts (('set', 3, 14))

--- Phase: tricks ---
  Trick  1: segfault_society leads AC, zybots_ plays 8C -> segfault_society wins
  Trick  2: segfault_society leads KC, zybots_ plays 10C -> segfault_society wins
  Trick  3: segfault_society leads AH, zybots_ plays 9H -> segfault_society wins
  Trick  4: segfault_society leads QC, zybots_ plays 8D -> segfault_society wins
  Trick  5: segfault_society leads AS, zybots_ plays JS -> segfault_society wins
  Trick  6: segfault_society leads JC, zybots_ plays 10D -> segfault_society wins
  Trick  7: segfault_society leads KD, zybots_ plays AD -> zybots_ wins
  Trick  8: zybots_ leads KH, segfault_society plays 8H -> zybots_ wins
  Trick  9: zybots_ leads KS, segfault_society plays 9S -> zybots_ wins
  Trick 10: zybots_ leads JD, segfault_society plays 7D -> zybots_ wins
  Trick 11: zybots_ leads QD, segfault_society plays 9C -> zybots_ wins
  Trick 12: zybots_ leads JH, segfault_society plays 10H -> zybots_ wins
  Hand: segfault_society +18 / zybots_ +7 (tricks 6-6)
  Match total: segfault_society 80 - 56 zybots_
Players: segfault_society vs zybots_
Dealer: segfault_society  |  Elder: zybots_
Match scores: 80 - 56
Talon (8): 7C AC 9D AD 10H 8S JS QS
segfault_society hand: 8C 10C JC QC KC 8D JD QD 8H QH 9S KS
zybots_ hand: 9C 7D 10D KD 7H 9H JH KH AH 7S 10S AS
  Exchange zybots_: discard 9C 7D 10D 7S 10S -> draw 7C AD 10H JS QS (talon 3 left)
  Exchange segfault_society: discard 8D 8H 9S -> draw AC 9D 8S (talon 0 left)

--- Phase: declare ---
  Declare point: segfault_society wins 6 pts (('point', 6, 'C'))
  Declare sequence: segfault_society wins 10 pts (('sequence', 5, 14, 'C'))
  Declare set: zybots_ wins 3 pts (('set', 3, 14))

--- Phase: tricks ---
  Trick  1: zybots_ leads KD, segfault_society plays 9D -> zybots_ wins
  Trick  2: zybots_ leads KH, segfault_society plays QH -> zybots_ wins
  Trick  3: zybots_ leads AH, segfault_society plays 8C -> zybots_ wins
  Trick  4: zybots_ leads AS, segfault_society plays 8S -> zybots_ wins
  Trick  5: zybots_ leads AD, segfault_society plays JD -> zybots_ wins
  Trick  6: zybots_ leads 7H, segfault_society plays 10C -> zybots_ wins
  Trick  7: zybots_ leads 9H, segfault_society plays JC -> zybots_ wins
  Trick  8: zybots_ leads 10H, segfault_society plays QD -> zybots_ wins
  Trick  9: zybots_ leads JS, segfault_society plays KS -> segfault_society wins
  Trick 10: segfault_society leads AC, zybots_ plays 7C -> segfault_society wins
  Trick 11: segfault_society leads KC, zybots_ plays JH -> segfault_society wins
  Trick 12: segfault_society leads QC, zybots_ plays QS -> segfault_society wins
  Hand: segfault_society +21 / zybots_ +21 (tricks 4-8)
  Match total: segfault_society 101 - 77 zybots_
  Final: segfault_society 101 - 77 zybots_
  Winner: segfault_society

============================================================
Game 60
============================================================
Players: zybots_ vs segfault_society
Dealer: zybots_  |  Elder: segfault_society
Match scores: 0 - 0
Talon (8): 10C JC 8D 7H JH 7S 10S AS
zybots_ hand: 8C 9C AC 9D 10D JD QD KD QH 9S JS KS
segfault_society hand: 7C QC KC 7D AD 8H 9H 10H KH AH 8S QS
  Exchange segfault_society: discard 7C QC 7D 8S QS -> draw JC 8D 7H JH AS (talon 3 left)
  Exchange zybots_: discard 8C 9C 9S -> draw 10C 7S 10S (talon 0 left)

--- Phase: declare ---
  Declare point: segfault_society wins 7 pts (('point', 7, 'H'))
  Declare sequence: zybots_ wins 10 pts (('sequence', 5, 13, 'D'))
  Declare set: segfault_society wins 3 pts (('set', 3, 14))

--- Phase: tricks ---
  Trick  1: segfault_society leads AH, zybots_ plays QH -> segfault_society wins
  Trick  2: segfault_society leads KH, zybots_ plays 7S -> segfault_society wins
  Trick  3: segfault_society leads AD, zybots_ plays 9D -> segfault_society wins
  Trick  4: segfault_society leads AS, zybots_ plays 10S -> segfault_society wins
  Trick  5: segfault_society leads JH, zybots_ plays 10D -> segfault_society wins
  Trick  6: segfault_society leads 10H, zybots_ plays 10C -> segfault_society wins
  Trick  7: segfault_society leads 9H, zybots_ plays JD -> segfault_society wins
  Trick  8: segfault_society leads KC, zybots_ plays AC -> zybots_ wins
  Trick  9: zybots_ leads QD, segfault_society plays 8D -> zybots_ wins
  Trick 10: zybots_ leads KD, segfault_society plays 7H -> zybots_ wins
  Trick 11: zybots_ leads KS, segfault_society plays 8H -> zybots_ wins
  Trick 12: zybots_ leads JS, segfault_society plays JC -> zybots_ wins
  Hand: zybots_ +16 / segfault_society +27 (tricks 5-7)
  Match total: zybots_ 16 - 27 segfault_society
Players: zybots_ vs segfault_society
Dealer: segfault_society  |  Elder: zybots_
Match scores: 16 - 27
Talon (8): 8C JD 9H KH 7S 8S 9S AS
zybots_ hand: 9C 10C QC KC AC 9D 7H JH AH 10S JS KS
segfault_society hand: 7C JC 7D 8D 10D QD KD AD 8H 10H QH QS
  Exchange zybots_: discard 9D 7H JH 10S JS -> draw 9H KH 7S 9S AS (talon 3 left)
  Exchange segfault_society: discard 7C 8H 10H -> draw 8C JD 8S (talon 0 left)

--- Phase: declare ---
  Declare point: segfault_society wins 7 pts (('point', 7, 'D'))
  Declare sequence: segfault_society wins 10 pts (('sequence', 5, 14, 'D'))
  Declare set: zybots_ wins 3 pts (('set', 3, 14))

--- Phase: tricks ---
  Trick  1: zybots_ leads QC, segfault_society plays 8C -> zybots_ wins
  Trick  2: zybots_ leads KC, segfault_society plays JC -> zybots_ wins
  Trick  3: zybots_ leads KS, segfault_society plays 8S -> zybots_ wins
  Trick  4: zybots_ leads KH, segfault_society plays QH -> zybots_ wins
  Trick  5: zybots_ leads AH, segfault_society plays 7D -> zybots_ wins
  Trick  6: zybots_ leads AC, segfault_society plays 8D -> zybots_ wins
  Trick  7: zybots_ leads AS, segfault_society plays QS -> zybots_ wins
  Trick  8: zybots_ leads 9C, segfault_society plays 10D -> zybots_ wins
  Trick  9: zybots_ leads 7S, segfault_society plays JD -> zybots_ wins
  Trick 10: zybots_ leads 10C, segfault_society plays QD -> zybots_ wins
  Trick 11: zybots_ leads 9H, segfault_society plays KD -> zybots_ wins
  Trick 12: zybots_ leads 9S, segfault_society plays AD -> zybots_ wins
  Hand: zybots_ +86 / segfault_society +17 (tricks 12-0)
  Match total: zybots_ 102 - 44 segfault_society
  Final: zybots_ 102 - 44 segfault_society
  Winner: zybots_

============================================================
Game 61
============================================================
Players: segfault_society vs zybots_
Dealer: segfault_society  |  Elder: zybots_
Match scores: 0 - 0
Talon (8): 9C KC 9D QD AD QH AH 9S
segfault_society hand: 7C 8C 10C QC AC 8D JD KD 7H JH KH 8S
zybots_ hand: JC 7D 10D 8H 9H 10H 7S 10S JS QS KS AS
  Exchange zybots_: discard JC 7D 8H 9H 7S -> draw 9C KC 9D QD 9S (talon 3 left)
  Exchange segfault_society: discard 8D 7H 8S -> draw AD QH AH (talon 0 left)

--- Phase: declare ---
  Declare point: zybots_ wins 6 pts (('point', 6, 'S'))
  Declare sequence: zybots_ wins 11 pts (('sequence', 6, 14, 'S'))
  Declare set: segfault_society wins 3 pts (('set', 3, 14))

--- Phase: tricks ---
  Trick  1: zybots_ leads 9S, segfault_society plays 7C -> zybots_ wins
  Trick  2: zybots_ leads 10S, segfault_society plays 8C -> zybots_ wins
  Trick  3: zybots_ leads JS, segfault_society plays 10C -> zybots_ wins
  Trick  4: zybots_ leads QS, segfault_society plays JD -> zybots_ wins
  Trick  5: zybots_ leads KS, segfault_society plays JH -> zybots_ wins
  Trick  6: zybots_ leads AS, segfault_society plays QC -> zybots_ wins
  Trick  7: zybots_ leads 9D, segfault_society plays KD -> segfault_society wins
  Trick  8: segfault_society leads AH, zybots_ plays 10H -> segfault_society wins
  Trick  9: segfault_society leads KH, zybots_ plays 9C -> segfault_society wins
  Trick 10: segfault_society leads AC, zybots_ plays KC -> segfault_society wins
  Trick 11: segfault_society leads AD, zybots_ plays 10D -> segfault_society wins
  Trick 12: segfault_society leads QH, zybots_ plays QD -> segfault_society wins
  Hand: segfault_society +10 / zybots_ +23 (tricks 6-6)
  Match total: segfault_society 10 - 23 zybots_
Players: segfault_society vs zybots_
Dealer: zybots_  |  Elder: segfault_society
Match scores: 10 - 23
Talon (8): 7C 8C KC 10D KD 9H JH QH
segfault_society hand: 10C 9D AD 8H KH 7S 8S 9S 10S JS QS AS
zybots_ hand: 9C JC QC AC 7D 8D JD QD 7H 10H AH KS
  Exchange segfault_society: discard 10C 9D 8H 7S 8S -> draw KC KD 9H JH QH (talon 3 left)
  Exchange zybots_: discard 7D 8D 7H -> draw 7C 8C 10D (talon 0 left)

--- Phase: declare ---
  Declare point: zybots_ wins 6 pts (('point', 6, 'C'))
  Declare sequence: segfault_society wins 4 pts (('sequence', 4, 12, 'S'))
  Declare set: segfault_society wins 3 pts (('set', 3, 13))

--- Phase: tricks ---
  Trick  1: segfault_society leads AS, zybots_ plays KS -> segfault_society wins
  Trick  2: segfault_society leads AD, zybots_ plays 10D -> segfault_society wins
  Trick  3: segfault_society leads KD, zybots_ plays JD -> segfault_society wins
  Trick  4: segfault_society leads KH, zybots_ plays AH -> zybots_ wins
  Trick  5: zybots_ leads QD, segfault_society plays 9S -> zybots_ wins
  Trick  6: zybots_ leads AC, segfault_society plays KC -> zybots_ wins
  Trick  7: zybots_ leads 7C, segfault_society plays 9H -> zybots_ wins
  Trick  8: zybots_ leads 8C, segfault_society plays 10S -> zybots_ wins
  Trick  9: zybots_ leads 9C, segfault_society plays JS -> zybots_ wins
  Trick 10: zybots_ leads JC, segfault_society plays JH -> zybots_ wins
  Trick 11: zybots_ leads QC, segfault_society plays QS -> zybots_ wins
  Trick 12: zybots_ leads 10H, segfault_society plays QH -> segfault_society wins
  Hand: segfault_society +12 / zybots_ +24 (tricks 4-8)
  Match total: segfault_society 22 - 47 zybots_
Players: segfault_society vs zybots_
Dealer: segfault_society  |  Elder: zybots_
Match scores: 22 - 47
Talon (8): JC 7D KD AD 10H QH 7S 9S
segfault_society hand: 7C 10C KC 8H 9H JH AH 8S 10S QS KS AS
zybots_ hand: 8C 9C QC AC 8D 9D 10D JD QD 7H KH JS
  Exchange zybots_: discard 8C 9C QC 7H JS -> draw 7D KD AD 10H 9S (talon 3 left)
  Exchange segfault_society: discard 7C 8H 9H -> draw JC QH 7S (talon 0 left)

--- Phase: declare ---
  Declare point: zybots_ wins 8 pts (('point', 8, 'D'))
  Declare sequence: zybots_ wins 13 pts (('sequence', 8, 14, 'D'))

--- Phase: tricks ---
  Trick  1: zybots_ leads 7D, segfault_society plays 7S -> zybots_ wins
  Trick  2: zybots_ leads 8D, segfault_society plays 8S -> zybots_ wins
  Trick  3: zybots_ leads 9D, segfault_society plays 10S -> zybots_ wins
  Trick  4: zybots_ leads 10D, segfault_society plays 10C -> zybots_ wins
  Trick  5: zybots_ leads JD, segfault_society plays JH -> zybots_ wins
  Trick  6: zybots_ leads QD, segfault_society plays JC -> zybots_ wins
  Trick  7: zybots_ leads KD, segfault_society plays QS -> zybots_ wins
  Trick  8: zybots_ leads AC, segfault_society plays KC -> zybots_ wins
  Trick  9: zybots_ leads AD, segfault_society plays QH -> zybots_ wins
  Trick 10: zybots_ leads 10H, segfault_society plays AH -> segfault_society wins
  Trick 11: segfault_society leads AS, zybots_ plays 9S -> segfault_society wins
  Trick 12: segfault_society leads KS, zybots_ plays KH -> segfault_society wins
  Hand: segfault_society +4 / zybots_ +40 (tricks 3-9)
  Match total: segfault_society 26 - 87 zybots_
Players: segfault_society vs zybots_
Dealer: zybots_  |  Elder: segfault_society
Match scores: 26 - 87
Talon (8): 7C 8C 7D 9D 10D KD 8S 9S
segfault_society hand: 9C JC QC JD QD AD 10H JH QH KH 10S KS
zybots_ hand: 10C KC AC 8D 7H 8H 9H AH 7S JS QS AS
  Exchange segfault_society: discard 9C JC JD QD 10S -> draw 7C 7D 9D KD 9S (talon 3 left)
  Exchange zybots_: discard 10C KC 8D -> draw 8C 10D 8S (talon 0 left)

--- Phase: declare ---
  Declare point: zybots_ wins 5 pts (('point', 5, 'S'))
  Declare sequence: segfault_society wins 4 pts (('sequence', 4, 13, 'H'))
  Declare set: zybots_ wins 3 pts (('set', 3, 14))

--- Phase: tricks ---
  Trick  1: segfault_society leads AD, zybots_ plays 10D -> segfault_society wins
  Trick  2: segfault_society leads KD, zybots_ plays 7S -> segfault_society wins
  Trick  3: segfault_society leads KH, zybots_ plays AH -> zybots_ wins
  Trick  4: zybots_ leads AS, segfault_society plays 9S -> zybots_ wins
  Trick  5: zybots_ leads AC, segfault_society plays 7C -> zybots_ wins
  Trick  6: zybots_ leads 7H, segfault_society plays 10H -> segfault_society wins
  Trick  7: segfault_society leads KS, zybots_ plays 8S -> segfault_society wins
  Trick  8: segfault_society leads QH, zybots_ plays 8H -> segfault_society wins
  Trick  9: segfault_society leads 9D, zybots_ plays 8C -> segfault_society wins
  Trick 10: segfault_society leads QC, zybots_ plays 9H -> segfault_society wins
  Trick 11: segfault_society leads JH, zybots_ plays JS -> segfault_society wins
  Trick 12: segfault_society leads 7D, zybots_ plays QS -> segfault_society wins
  Hand: segfault_society +24 / zybots_ +11 (tricks 9-3)
  Match total: segfault_society 50 - 98 zybots_
Players: segfault_society vs zybots_
Dealer: segfault_society  |  Elder: zybots_
Match scores: 50 - 98
Talon (8): 7C 10C QC KC AC 10H JH 10S
segfault_society hand: 8C JC JD QD AD 7H 8H QH KH 8S 9S QS
zybots_ hand: 9C 7D 8D 9D 10D KD 9H AH 7S JS KS AS
  Exchange zybots_: discard 9C 9H 7S JS KS -> draw 7C QC KC 10H JH (talon 3 left)
  Exchange segfault_society: discard 8C 8S 9S -> draw 10C AC 10S (talon 0 left)

--- Phase: declare ---
  Declare point: zybots_ wins 5 pts (('point', 5, 'D'))
  Declare sequence: zybots_ wins 4 pts (('sequence', 4, 10, 'D'))
  Declare set: segfault_society wins 3 pts (('set', 3, 12))

--- Phase: tricks ---
  Trick  1: zybots_ leads AS, segfault_society plays 10S -> zybots_ wins
  Trick  2: zybots_ leads AH, segfault_society plays 7H -> zybots_ wins
  Trick  3: zybots_ leads 7D, segfault_society plays JD -> segfault_society wins
  Trick  4: segfault_society leads AC, zybots_ plays 7C -> segfault_society wins
  Trick  5: segfault_society leads KH, zybots_ plays 10H -> segfault_society wins
  Trick  6: segfault_society leads AD, zybots_ plays 8D -> segfault_society wins
  Trick  7: segfault_society leads QH, zybots_ plays JH -> segfault_society wins
  Trick  8: segfault_society leads JC, zybots_ plays QC -> zybots_ wins
  Trick  9: zybots_ leads KD, segfault_society plays QD -> zybots_ wins
  Trick 10: zybots_ leads KC, segfault_society plays 10C -> zybots_ wins
  Trick 11: zybots_ leads 9D, segfault_society plays 8H -> zybots_ wins
  Trick 12: zybots_ leads 10D, segfault_society plays QS -> zybots_ wins
  Hand: segfault_society +8 / zybots_ +27 (tricks 5-7)
  Match total: segfault_society 58 - 125 zybots_
  Final: segfault_society 58 - 125 zybots_
  Winner: zybots_

============================================================
Game 62
============================================================
Players: zybots_ vs segfault_society
Dealer: zybots_  |  Elder: segfault_society
Match scores: 0 - 0
Talon (8): 7C 8C AC 9D 9H JH KH 10S
zybots_ hand: JC 7D 8D 10D JD QD 10H AH 7S 8S KS AS
segfault_society hand: 9C 10C QC KC KD AD 7H 8H QH 9S JS QS
  Exchange segfault_society: discard 7H 8H QH 9S JS -> draw 8C AC 9H JH 10S (talon 3 left)
  Exchange zybots_: discard 10H 7S 8S -> draw 7C 9D KH (talon 0 left)

--- Phase: declare ---
  Declare point: segfault_society wins 6 pts (('point', 6, 'C'))
  Declare sequence: zybots_ wins 11 pts (('sequence', 6, 12, 'D'))

--- Phase: tricks ---
  Trick  1: segfault_society leads AC, zybots_ plays 7C -> segfault_society wins
  Trick  2: segfault_society leads KC, zybots_ plays JC -> segfault_society wins
  Trick  3: segfault_society leads QC, zybots_ plays 7D -> segfault_society wins
  Trick  4: segfault_society leads AD, zybots_ plays 8D -> segfault_society wins
  Trick  5: segfault_society leads KD, zybots_ plays 9D -> segfault_society wins
  Trick  6: segfault_society leads 10C, zybots_ plays 10D -> segfault_society wins
  Trick  7: segfault_society leads QS, zybots_ plays KS -> zybots_ wins
  Trick  8: zybots_ leads JD, segfault_society plays 8C -> zybots_ wins
  Trick  9: zybots_ leads QD, segfault_society plays 9C -> zybots_ wins
  Trick 10: zybots_ leads KH, segfault_society plays 9H -> zybots_ wins
  Trick 11: zybots_ leads AH, segfault_society plays JH -> zybots_ wins
  Trick 12: zybots_ leads AS, segfault_society plays 10S -> zybots_ wins
  Hand: zybots_ +18 / segfault_society +12 (tricks 6-6)
  Match total: zybots_ 18 - 12 segfault_society
Players: zybots_ vs segfault_society
Dealer: segfault_society  |  Elder: zybots_
Match scores: 18 - 12
Talon (8): 9C 10C 9D QD KD KH JS KS
zybots_ hand: 7C JC QC AC 7D 7H 9H AH 7S 8S QS AS
segfault_society hand: 8C KC 8D 10D JD AD 8H 10H JH QH 9S 10S
  Exchange zybots_: discard 7D 7H 9H 7S 8S -> draw QD KD KH JS KS (talon 3 left)
  Exchange segfault_society: discard 8C 9S 10S -> draw 9C 10C 9D (talon 0 left)

--- Phase: declare ---
  Declare point: segfault_society wins 5 pts (('point', 5, 'D'))
  Declare sequence: zybots_ wins 4 pts (('sequence', 4, 14, 'S'))
  Declare set: zybots_ wins 3 pts (('set', 3, 14))

--- Phase: tricks ---
  Trick  1: zybots_ leads JS, segfault_society plays 8H -> zybots_ wins
  Trick  2: zybots_ leads QS, segfault_society plays 8D -> zybots_ wins
  Trick  3: zybots_ leads KS, segfault_society plays 9D -> zybots_ wins
  Trick  4: zybots_ leads KH, segfault_society plays 10H -> zybots_ wins
  Trick  5: zybots_ leads AS, segfault_society plays 9C -> zybots_ wins
  Trick  6: zybots_ leads AC, segfault_society plays 10C -> zybots_ wins
  Trick  7: zybots_ leads AH, segfault_society plays JH -> zybots_ wins
  Trick  8: zybots_ leads 7C, segfault_society plays KC -> segfault_society wins
  Trick  9: segfault_society leads AD, zybots_ plays QD -> segfault_society wins
  Trick 10: segfault_society leads QH, zybots_ plays JC -> segfault_society wins
  Trick 11: segfault_society leads JD, zybots_ plays KD -> zybots_ wins
  Trick 12: zybots_ leads QC, segfault_society plays 10D -> zybots_ wins
  Hand: zybots_ +27 / segfault_society +8 (tricks 9-3)
  Match total: zybots_ 45 - 20 segfault_society
Players: zybots_ vs segfault_society
Dealer: zybots_  |  Elder: segfault_society
Match scores: 45 - 20
Talon (8): 10C AC 8D AD JH 9S 10S QS
zybots_ hand: 8C JC QC 7D 10D 9H 10H QH AH 7S KS AS
segfault_society hand: 7C 9C KC 9D JD QD KD 7H 8H KH 8S JS
  Exchange segfault_society: discard 7C 9C 7H 8H 8S -> draw AC AD 9S 10S QS (talon 3 left)
  Exchange zybots_: discard 8C 7D 7S -> draw 10C 8D JH (talon 0 left)

--- Phase: declare ---
  Declare sequence: segfault_society wins 4 pts (('sequence', 4, 14, 'D'))
  Declare set: segfault_society wins 3 pts (('set', 3, 13))

--- Phase: tricks ---
  Trick  1: segfault_society leads AD, zybots_ plays 8D -> segfault_society wins
  Trick  2: segfault_society leads KD, zybots_ plays 10D -> segfault_society wins
  Trick  3: segfault_society leads QD, zybots_ plays 9H -> segfault_society wins
  Trick  4: segfault_society leads AC, zybots_ plays 10C -> segfault_society wins
  Trick  5: segfault_society leads JD, zybots_ plays 10H -> segfault_society wins
  Trick  6: segfault_society leads KC, zybots_ plays JC -> segfault_society wins
  Trick  7: segfault_society leads QS, zybots_ plays KS -> zybots_ wins
  Trick  8: zybots_ leads QC, segfault_society plays 9D -> zybots_ wins
  Trick  9: zybots_ leads AH, segfault_society plays KH -> zybots_ wins
  Trick 10: zybots_ leads AS, segfault_society plays 9S -> zybots_ wins
  Trick 11: zybots_ leads JH, segfault_society plays 10S -> zybots_ wins
  Trick 12: zybots_ leads QH, segfault_society plays JS -> zybots_ wins
  Hand: zybots_ +7 / segfault_society +13 (tricks 6-6)
  Match total: zybots_ 52 - 33 segfault_society
Players: zybots_ vs segfault_society
Dealer: segfault_society  |  Elder: zybots_
Match scores: 52 - 33
Talon (8): KC 8D 9D 10D QD KD AD AS
zybots_ hand: 10C QC 7D JD 9H 10H JH QH 9S 10S JS QS
segfault_society hand: 7C 8C 9C JC AC 7H 8H KH AH 7S 8S KS
  Exchange zybots_: discard 10C QC 7D JD 9S -> draw KC 9D 10D KD AD (talon 3 left)
  Exchange segfault_society: discard 7H 8H 7S -> draw 8D QD AS (talon 0 left)

--- Phase: declare ---
  Declare point: segfault_society wins 5 pts (('point', 5, 'C'))
  Declare sequence: zybots_ wins 4 pts (('sequence', 4, 12, 'H'))
  Declare set: segfault_society wins 3 pts (('set', 3, 14))

--- Phase: tricks ---
  Trick  1: zybots_ leads KD, segfault_society plays 8D -> zybots_ wins
  Trick  2: zybots_ leads AD, segfault_society plays QD -> zybots_ wins
  Trick  3: zybots_ leads 9H, segfault_society plays KH -> segfault_society wins
  Trick  4: segfault_society leads AC, zybots_ plays KC -> segfault_society wins
  Trick  5: segfault_society leads AS, zybots_ plays 10S -> segfault_society wins
  Trick  6: segfault_society leads KS, zybots_ plays JS -> segfault_society wins
  Trick  7: segfault_society leads AH, zybots_ plays 10H -> segfault_society wins
  Trick  8: segfault_society leads JC, zybots_ plays 9D -> segfault_society wins
  Trick  9: segfault_society leads 9C, zybots_ plays 10D -> segfault_society wins
  Trick 10: segfault_society leads 8C, zybots_ plays JH -> segfault_society wins
  Trick 11: segfault_society leads 8S, zybots_ plays QS -> zybots_ wins
  Trick 12: zybots_ leads QH, segfault_society plays 7C -> zybots_ wins
  Hand: zybots_ +9 / segfault_society +26 (tricks 4-8)
  Match total: zybots_ 61 - 59 segfault_society
Players: zybots_ vs segfault_society
Dealer: zybots_  |  Elder: segfault_society
Match scores: 61 - 59
Talon (8): 9C 10D 7H 8H 10H JH QH 8S
zybots_ hand: QC 8D 9D JD KH AH 7S 9S 10S JS QS AS
segfault_society hand: 7C 8C 10C JC KC AC 7D QD KD AD 9H KS
  Exchange segfault_society: discard 7C 8C 10C JC 9H -> draw 7H 8H 10H QH 8S (talon 3 left)
  Exchange zybots_: discard 8D 9D JD -> draw 9C 10D JH (talon 0 left)

--- Phase: declare ---
  Declare point: zybots_ wins 6 pts (('point', 6, 'S'))
  Declare sequence: zybots_ wins 4 pts (('sequence', 4, 12, 'S'))
  Declare set: segfault_society wins 3 pts (('set', 3, 13))

--- Phase: tricks ---
  Trick  1: segfault_society leads AD, zybots_ plays 10D -> segfault_society wins
  Trick  2: segfault_society leads KD, zybots_ plays 7S -> segfault_society wins
  Trick  3: segfault_society leads AC, zybots_ plays 9C -> segfault_society wins
  Trick  4: segfault_society leads QD, zybots_ plays 9S -> segfault_society wins
  Trick  5: segfault_society leads KC, zybots_ plays QC -> segfault_society wins
  Trick  6: segfault_society leads QH, zybots_ plays KH -> zybots_ wins
  Trick  7: zybots_ leads AS, segfault_society plays 8S -> zybots_ wins
  Trick  8: zybots_ leads AH, segfault_society plays 7H -> zybots_ wins
  Trick  9: zybots_ leads 10S, segfault_society plays KS -> segfault_society wins
  Trick 10: segfault_society leads 10H, zybots_ plays JH -> zybots_ wins
  Trick 11: zybots_ leads JS, segfault_society plays 7D -> zybots_ wins
  Trick 12: zybots_ leads QS, segfault_society plays 8H -> zybots_ wins
  Hand: zybots_ +17 / segfault_society +9 (tricks 6-6)
  Match total: zybots_ 78 - 68 segfault_society
Players: zybots_ vs segfault_society
Dealer: segfault_society  |  Elder: zybots_
Match scores: 78 - 68
Talon (8): 7C 8C QC 7D 9D 7S 9S KS
zybots_ hand: JC KC AC 8D 10D 7H 9H AH 8S JS QS AS
segfault_society hand: 9C 10C JD QD KD AD 8H 10H JH QH KH 10S
  Exchange zybots_: discard JC 8D 10D 7H 9H -> draw 7C QC 7D 7S 9S (talon 3 left)
  Exchange segfault_society: discard 9C 10C 10S -> draw 8C 9D KS (talon 0 left)

--- Phase: declare ---
  Declare point: zybots_ wins 6 pts (('point', 6, 'S'))
  Declare sequence: segfault_society wins 4 pts (('sequence', 4, 14, 'D'))
  Declare set: zybots_ wins 3 pts (('set', 3, 14))

--- Phase: tricks ---
  Trick  1: zybots_ leads QC, segfault_society plays 8C -> zybots_ wins
  Trick  2: zybots_ leads KC, segfault_society plays 8H -> zybots_ wins
  Trick  3: zybots_ leads AC, segfault_society plays 9D -> zybots_ wins
  Trick  4: zybots_ leads AH, segfault_society plays 10H -> zybots_ wins
  Trick  5: zybots_ leads AS, segfault_society plays KS -> zybots_ wins
  Trick  6: zybots_ leads 7S, segfault_society plays JH -> zybots_ wins
  Trick  7: zybots_ leads 8S, segfault_society plays JD -> zybots_ wins
  Trick  8: zybots_ leads 9S, segfault_society plays QD -> zybots_ wins
  Trick  9: zybots_ leads JS, segfault_society plays QH -> zybots_ wins
  Trick 10: zybots_ leads QS, segfault_society plays KH -> zybots_ wins
  Trick 11: zybots_ leads 7D, segfault_society plays KD -> segfault_society wins
  Trick 12: segfault_society leads AD, zybots_ plays 7C -> segfault_society wins
  Hand: zybots_ +29 / segfault_society +7 (tricks 10-2)
  Match total: zybots_ 107 - 75 segfault_society
  Final: zybots_ 107 - 75 segfault_society
  Winner: zybots_

============================================================
Game 63
============================================================
Players: segfault_society vs zybots_
Dealer: segfault_society  |  Elder: zybots_
Match scores: 0 - 0
Talon (8): KC 8D JD QD KD 9H KH KS
segfault_society hand: 10C JC QC 7D 9D 10D 10H QH AH 10S JS AS
zybots_ hand: 7C 8C 9C AC AD 7H 8H JH 7S 8S 9S QS
  Exchange zybots_: discard AD 7H 8H JH QS -> draw KC 8D JD QD KD (talon 3 left)
  Exchange segfault_society: discard 7D 9D 10S -> draw 9H KH KS (talon 0 left)

--- Phase: declare ---
  Declare point: segfault_society wins 5 pts (('point', 5, 'H'))
  Declare sequence: segfault_society wins 3 pts (('sequence', 3, 14, 'H'))
  Declare set: segfault_society wins 3 pts (('set', 3, 10))

--- Phase: tricks ---
  Trick  1: zybots_ leads KC, segfault_society plays 10C -> zybots_ wins
  Trick  2: zybots_ leads AC, segfault_society plays JC -> zybots_ wins
  Trick  3: zybots_ leads 8D, segfault_society plays 10D -> segfault_society wins
  Trick  4: segfault_society leads AH, zybots_ plays 7C -> segfault_society wins
  Trick  5: segfault_society leads KH, zybots_ plays 7S -> segfault_society wins
  Trick  6: segfault_society leads AS, zybots_ plays 8S -> segfault_society wins
  Trick  7: segfault_society leads QH, zybots_ plays 8C -> segfault_society wins
  Trick  8: segfault_society leads KS, zybots_ plays 9S -> segfault_society wins
  Trick  9: segfault_society leads QC, zybots_ plays 9C -> segfault_society wins
  Trick 10: segfault_society leads 10H, zybots_ plays JD -> segfault_society wins
  Trick 11: segfault_society leads JS, zybots_ plays QD -> segfault_society wins
  Trick 12: segfault_society leads 9H, zybots_ plays KD -> segfault_society wins
  Hand: segfault_society +32 / zybots_ +2 (tricks 10-2)
  Match total: segfault_society 32 - 2 zybots_
Players: segfault_society vs zybots_
Dealer: zybots_  |  Elder: segfault_society
Match scores: 32 - 2
Talon (8): QC KC 8D 9D KH AH 7S 8S
segfault_society hand: 8C 10C AC QD KD 7H 10H QH 9S 10S JS QS
zybots_ hand: 7C 9C JC 7D 10D JD AD 8H 9H JH KS AS
  Exchange segfault_society: discard 8C 10C 7H 10H QH -> draw KC 8D 9D AH 7S (talon 3 left)
  Exchange zybots_: discard 7C 8H 9H -> draw QC KH 8S (talon 0 left)

--- Phase: declare ---
  Declare point: segfault_society wins 5 pts (('point', 5, 'S'))
  Declare sequence: segfault_society wins 4 pts (('sequence', 4, 12, 'S'))
  Declare set: zybots_ wins 3 pts (('set', 3, 11))

--- Phase: tricks ---
  Trick  1: segfault_society leads AC, zybots_ plays 9C -> segfault_society wins
  Trick  2: segfault_society leads AH, zybots_ plays JH -> segfault_society wins
  Trick  3: segfault_society leads KC, zybots_ plays JC -> segfault_society wins
  Trick  4: segfault_society leads QS, zybots_ plays KS -> zybots_ wins
  Trick  5: zybots_ leads QC, segfault_society plays 7S -> zybots_ wins
  Trick  6: zybots_ leads KH, segfault_society plays 8D -> zybots_ wins
  Trick  7: zybots_ leads AD, segfault_society plays 9D -> zybots_ wins
  Trick  8: zybots_ leads AS, segfault_society plays 9S -> zybots_ wins
  Trick  9: zybots_ leads 7D, segfault_society plays QD -> segfault_society wins
  Trick 10: segfault_society leads KD, zybots_ plays 10D -> segfault_society wins
  Trick 11: segfault_society leads JS, zybots_ plays 8S -> segfault_society wins
  Trick 12: segfault_society leads 10S, zybots_ plays JD -> segfault_society wins
  Hand: segfault_society +27 / zybots_ +8 (tricks 7-5)
  Match total: segfault_society 59 - 10 zybots_
Players: segfault_society vs zybots_
Dealer: segfault_society  |  Elder: zybots_
Match scores: 59 - 10
Talon (8): 7C 10C KC AC QD 7H JH 9S
segfault_society hand: 8C QC 10D KD 9H QH KH AH 8S 10S JS AS
zybots_ hand: 9C JC 7D 8D 9D JD AD 8H 10H 7S QS KS
  Exchange zybots_: discard 9C JC 8H 10H 7S -> draw 7C 10C QD 7H 9S (talon 3 left)
  Exchange segfault_society: discard 8C QC 10D -> draw KC AC JH (talon 0 left)

--- Phase: declare ---
  Declare point: zybots_ wins 6 pts (('point', 6, 'D'))
  Declare sequence: segfault_society wins 4 pts (('sequence', 4, 14, 'H'))
  Declare set: segfault_society wins 3 pts (('set', 3, 14))

--- Phase: tricks ---
  Trick  1: zybots_ leads AD, segfault_society plays KD -> zybots_ wins
  Trick  2: zybots_ leads 7D, segfault_society plays 8S -> zybots_ wins
  Trick  3: zybots_ leads 8D, segfault_society plays 9H -> zybots_ wins
  Trick  4: zybots_ leads 9D, segfault_society plays 10S -> zybots_ wins
  Trick  5: zybots_ leads 9S, segfault_society plays JS -> segfault_society wins
  Trick  6: segfault_society leads AH, zybots_ plays 7H -> segfault_society wins
  Trick  7: segfault_society leads KH, zybots_ plays 7C -> segfault_society wins
  Trick  8: segfault_society leads AC, zybots_ plays 10C -> segfault_society wins
  Trick  9: segfault_society leads QH, zybots_ plays JD -> segfault_society wins
  Trick 10: segfault_society leads AS, zybots_ plays QS -> segfault_society wins
  Trick 11: segfault_society leads KC, zybots_ plays QD -> segfault_society wins
  Trick 12: segfault_society leads JH, zybots_ plays KS -> segfault_society wins
  Hand: segfault_society +26 / zybots_ +10 (tricks 8-4)
  Match total: segfault_society 85 - 20 zybots_
Players: segfault_society vs zybots_
Dealer: zybots_  |  Elder: segfault_society
Match scores: 85 - 20
Talon (8): 9D KD AD 9H 10H KH 9S QS
segfault_society hand: 7C 8C QC AC 7D 8D JD QD JH AH 8S 10S
zybots_ hand: 9C 10C JC KC 10D 7H 8H QH 7S JS KS AS
  Exchange segfault_society: discard 7D 8D JD 8S 10S -> draw 9D KD 9H 10H 9S (talon 3 left)
  Exchange zybots_: discard 7H 8H 7S -> draw AD KH QS (talon 0 left)

--- Phase: declare ---
  Declare point: zybots_ wins 4 pts (('point', 4, 'S'))
  Declare sequence: zybots_ wins 4 pts (('sequence', 4, 14, 'S'))
  Declare set: zybots_ wins 3 pts (('set', 3, 13))

--- Phase: tricks ---
  Trick  1: segfault_society leads AC, zybots_ plays 9C -> segfault_society wins
  Trick  2: segfault_society leads AH, zybots_ plays QH -> segfault_society wins
  Trick  3: segfault_society leads KD, zybots_ plays AD -> zybots_ wins
  Trick  4: zybots_ leads JS, segfault_society plays 9S -> zybots_ wins
  Trick  5: zybots_ leads QS, segfault_society plays 7C -> zybots_ wins
  Trick  6: zybots_ leads KC, segfault_society plays 8C -> zybots_ wins
  Trick  7: zybots_ leads KS, segfault_society plays 9H -> zybots_ wins
  Trick  8: zybots_ leads KH, segfault_society plays 10H -> zybots_ wins
  Trick  9: zybots_ leads AS, segfault_society plays 9D -> zybots_ wins
  Trick 10: zybots_ leads 10C, segfault_society plays QC -> segfault_society wins
  Trick 11: segfault_society leads QD, zybots_ plays 10D -> segfault_society wins
  Trick 12: segfault_society leads JH, zybots_ plays JC -> segfault_society wins
  Hand: segfault_society +6 / zybots_ +28 (tricks 5-7)
  Match total: segfault_society 91 - 48 zybots_
Players: segfault_society vs zybots_
Dealer: segfault_society  |  Elder: zybots_
Match scores: 91 - 48
Talon (8): 9D QD AD 8H AH 8S 10S QS
segfault_society hand: 9C JC QC 7D 10D JD KD 9H KH 7S JS AS
zybots_ hand: 7C 8C 10C KC AC 8D 7H 10H JH QH 9S KS
  Exchange zybots_: discard 7C 8D 7H 9S KS -> draw 9D QD 8H 8S QS (talon 3 left)
  Exchange segfault_society: discard 9C 9H 7S -> draw AD AH 10S (talon 0 left)

--- Phase: declare ---
  Declare point: segfault_society wins 5 pts (('point', 5, 'D'))
  Declare sequence: zybots_ wins 3 pts (('sequence', 3, 12, 'H'))
  Declare set: segfault_society wins 3 pts (('set', 3, 14))

--- Phase: tricks ---
  Trick  1: zybots_ leads KC, segfault_society plays JC -> zybots_ wins
  Trick  2: zybots_ leads AC, segfault_society plays QC -> zybots_ wins
  Trick  3: zybots_ leads 8H, segfault_society plays KH -> segfault_society wins
  Trick  4: segfault_society leads AD, zybots_ plays 9D -> segfault_society wins
  Trick  5: segfault_society leads KD, zybots_ plays QD -> segfault_society wins
  Trick  6: segfault_society leads AS, zybots_ plays 8S -> segfault_society wins
  Trick  7: segfault_society leads AH, zybots_ plays 10H -> segfault_society wins
  Trick  8: segfault_society leads JD, zybots_ plays 8C -> segfault_society wins
  Trick  9: segfault_society leads JS, zybots_ plays QS -> zybots_ wins
  Trick 10: zybots_ leads JH, segfault_society plays 7D -> zybots_ wins
  Trick 11: zybots_ leads QH, segfault_society plays 10D -> zybots_ wins
  Trick 12: zybots_ leads 10C, segfault_society plays 10S -> zybots_ wins
  Hand: segfault_society +14 / zybots_ +10 (tricks 6-6)
  Match total: segfault_society 105 - 58 zybots_
  Final: segfault_society 105 - 58 zybots_
  Winner: segfault_society

============================================================
Game 64
============================================================
Players: zybots_ vs segfault_society
Dealer: zybots_  |  Elder: segfault_society
Match scores: 0 - 0
Talon (8): 7C 10C KC AC JD 7H JH AH
zybots_ hand: 8C JC 7D 9D 10D QD KD 8H 7S 10S JS AS
segfault_society hand: 9C QC 8D AD 9H 10H QH KH 8S 9S QS KS
  Exchange segfault_society: discard 9C 8D 8S 9S QS -> draw 10C KC JD JH AH (talon 3 left)
  Exchange zybots_: discard 8C 8H 7S -> draw 7C AC 7H (talon 0 left)

--- Phase: declare ---
  Declare point: segfault_society wins 6 pts (('point', 6, 'H'))
  Declare sequence: segfault_society wins 11 pts (('sequence', 6, 14, 'H'))
  Declare set: segfault_society wins 3 pts (('set', 3, 13))

--- Phase: tricks ---
  Trick  1: segfault_society leads AH, zybots_ plays 7H -> segfault_society wins
  Trick  2: segfault_society leads KH, zybots_ plays 7D -> segfault_society wins
  Trick  3: segfault_society leads QH, zybots_ plays 7C -> segfault_society wins
  Trick  4: segfault_society leads JH, zybots_ plays 9D -> segfault_society wins
  Trick  5: segfault_society leads AD, zybots_ plays 10D -> segfault_society wins
  Trick  6: segfault_society leads 10H, zybots_ plays 10S -> segfault_society wins
  Trick  7: segfault_society leads 9H, zybots_ plays JC -> segfault_society wins
  Trick  8: segfault_society leads KC, zybots_ plays AC -> zybots_ wins
  Trick  9: zybots_ leads QD, segfault_society plays JD -> zybots_ wins
  Trick 10: zybots_ leads KD, segfault_society plays 10C -> zybots_ wins
  Trick 11: zybots_ leads AS, segfault_society plays KS -> zybots_ wins
  Trick 12: zybots_ leads JS, segfault_society plays QC -> zybots_ wins
  Hand: zybots_ +6 / segfault_society +37 (tricks 5-7)
  Match total: zybots_ 6 - 37 segfault_society
Players: zybots_ vs segfault_society
Dealer: segfault_society  |  Elder: zybots_
Match scores: 6 - 37
Talon (8): QC AC 9D AD KH 7S 8S KS
zybots_ hand: 7C 9C 10C KC 7D 9H QH AH 10S JS QS AS
segfault_society hand: 8C JC 8D 10D JD QD KD 7H 8H 10H JH 9S
  Exchange zybots_: discard 7C 9C 10C 7D 9H -> draw QC AC AD KH 7S (talon 3 left)
  Exchange segfault_society: discard 8C JC 9S -> draw 9D 8S KS (talon 0 left)

--- Phase: declare ---
  Declare point: segfault_society wins 6 pts (('point', 6, 'D'))
  Declare sequence: segfault_society wins 11 pts (('sequence', 6, 13, 'D'))
  Declare set: zybots_ wins 14 pts (('set', 4, 14))

--- Phase: tricks ---
  Trick  1: zybots_ leads QH, segfault_society plays 7H -> zybots_ wins
  Trick  2: zybots_ leads QC, segfault_society plays 8D -> zybots_ wins
  Trick  3: zybots_ leads KC, segfault_society plays 8H -> zybots_ wins
  Trick  4: zybots_ leads KH, segfault_society plays 10H -> zybots_ wins
  Trick  5: zybots_ leads AH, segfault_society plays JH -> zybots_ wins
  Trick  6: zybots_ leads AS, segfault_society plays 8S -> zybots_ wins
  Trick  7: zybots_ leads AC, segfault_society plays 9D -> zybots_ wins
  Trick  8: zybots_ leads AD, segfault_society plays 10D -> zybots_ wins
  Trick  9: zybots_ leads 7S, segfault_society plays KS -> segfault_society wins
  Trick 10: segfault_society leads KD, zybots_ plays 10S -> segfault_society wins
  Trick 11: segfault_society leads QD, zybots_ plays JS -> segfault_society wins
  Trick 12: segfault_society leads JD, zybots_ plays QS -> segfault_society wins
  Hand: zybots_ +32 / segfault_society +22 (tricks 8-4)
  Match total: zybots_ 38 - 59 segfault_society
Players: zybots_ vs segfault_society
Dealer: zybots_  |  Elder: segfault_society
Match scores: 38 - 59
Talon (8): 8C 10C JC QC 7D QD 9S JS
zybots_ hand: 7C AC 8D 8H 10H KH AH 7S 8S 10S QS KS
segfault_society hand: 9C KC 9D 10D JD KD AD 7H 9H JH QH AS
  Exchange segfault_society: discard 9C 7H 9H JH QH -> draw 10C JC 7D 9S JS (talon 3 left)
  Exchange zybots_: discard 7C 8D 8H -> draw 8C QC QD (talon 0 left)

--- Phase: declare ---
  Declare point: segfault_society wins 6 pts (('point', 6, 'D'))
  Declare sequence: segfault_society wins 3 pts (('sequence', 3, 11, 'D'))
  Declare set: zybots_ wins 3 pts (('set', 3, 12))

--- Phase: tricks ---
  Trick  1: segfault_society leads AD, zybots_ plays QD -> segfault_society wins
  Trick  2: segfault_society leads KD, zybots_ plays 7S -> segfault_society wins
  Trick  3: segfault_society leads AS, zybots_ plays 8S -> segfault_society wins
  Trick  4: segfault_society leads JD, zybots_ plays 8C -> segfault_society wins
  Trick  5: segfault_society leads KC, zybots_ plays AC -> zybots_ wins
  Trick  6: zybots_ leads QS, segfault_society plays 9S -> zybots_ wins
  Trick  7: zybots_ leads KH, segfault_society plays 7D -> zybots_ wins
  Trick  8: zybots_ leads KS, segfault_society plays JS -> zybots_ wins
  Trick  9: zybots_ leads AH, segfault_society plays 9D -> zybots_ wins
  Trick 10: zybots_ leads 10H, segfault_society plays 10D -> zybots_ wins
  Trick 11: zybots_ leads 10S, segfault_society plays 10C -> zybots_ wins
  Trick 12: zybots_ leads QC, segfault_society plays JC -> zybots_ wins
  Hand: zybots_ +22 / segfault_society +13 (tricks 8-4)
  Match total: zybots_ 60 - 72 segfault_society
Players: zybots_ vs segfault_society
Dealer: segfault_society  |  Elder: zybots_
Match scores: 60 - 72
Talon (8): 7D JD 10H 9S 10S JS QS KS
zybots_ hand: 7C 8C 9C KC AC 8D 10D 8H JH KH AH 8S
segfault_society hand: 10C JC QC 9D QD KD AD 7H 9H QH 7S AS
  Exchange zybots_: discard 8D 10D 8H JH 8S -> draw JD 10H 9S JS KS (talon 3 left)
  Exchange segfault_society: discard 7H 9H 7S -> draw 7D 10S QS (talon 0 left)

--- Phase: declare ---
  Declare point: segfault_society wins 5 pts (('point', 5, 'D'))
  Declare sequence: segfault_society wins 3 pts (('sequence', 3, 14, 'D'))
  Declare set: zybots_ wins 3 pts (('set', 3, 13))

--- Phase: tricks ---
  Trick  1: zybots_ leads KC, segfault_society plays 10C -> zybots_ wins
  Trick  2: zybots_ leads KH, segfault_society plays QH -> zybots_ wins
  Trick  3: zybots_ leads AC, segfault_society plays JC -> zybots_ wins
  Trick  4: zybots_ leads AH, segfault_society plays 7D -> zybots_ wins
  Trick  5: zybots_ leads 7C, segfault_society plays QC -> segfault_society wins
  Trick  6: segfault_society leads AD, zybots_ plays JD -> segfault_society wins
  Trick  7: segfault_society leads AS, zybots_ plays 9S -> segfault_society wins
  Trick  8: segfault_society leads KD, zybots_ plays 8C -> segfault_society wins
  Trick  9: segfault_society leads QD, zybots_ plays 9C -> segfault_society wins
  Trick 10: segfault_society leads QS, zybots_ plays KS -> zybots_ wins
  Trick 11: zybots_ leads 10H, segfault_society plays 9D -> zybots_ wins
  Trick 12: zybots_ leads JS, segfault_society plays 10S -> zybots_ wins
  Hand: zybots_ +21 / segfault_society +13 (tricks 7-5)
  Match total: zybots_ 81 - 85 segfault_society
Players: zybots_ vs segfault_society
Dealer: zybots_  |  Elder: segfault_society
Match scores: 81 - 85
Talon (8): 7C QC AC 9D JD KD 9H QH
zybots_ hand: 8C 10C 7D 8D QD 7H JH AH 7S 10S QS AS
segfault_society hand: 9C JC KC 10D AD 8H 10H KH 8S 9S JS KS
  Exchange segfault_society: discard 9C JC 10D 8H 10H -> draw QC AC 9D KD 9H (talon 3 left)
  Exchange zybots_: discard 8C 7D 7H -> draw 7C JD QH (talon 0 left)

--- Phase: declare ---
  Declare point: zybots_ wins 4 pts (('point', 4, 'S'))
  Declare sequence: segfault_society wins 3 pts (('sequence', 3, 14, 'C'))
  Declare set: segfault_society wins 14 pts (('set', 4, 13))

--- Phase: tricks ---
  Trick  1: segfault_society leads AD, zybots_ plays 8D -> segfault_society wins
  Trick  2: segfault_society leads AC, zybots_ plays 7C -> segfault_society wins
  Trick  3: segfault_society leads KC, zybots_ plays 10C -> segfault_society wins
  Trick  4: segfault_society leads KD, zybots_ plays JD -> segfault_society wins
  Trick  5: segfault_society leads QC, zybots_ plays 7S -> segfault_society wins
  Trick  6: segfault_society leads KS, zybots_ plays AS -> zybots_ wins
  Trick  7: zybots_ leads QD, segfault_society plays 9D -> zybots_ wins
  Trick  8: zybots_ leads AH, segfault_society plays 9H -> zybots_ wins
  Trick  9: zybots_ leads JH, segfault_society plays KH -> segfault_society wins
  Trick 10: segfault_society leads JS, zybots_ plays QS -> zybots_ wins
  Trick 11: zybots_ leads 10S, segfault_society plays 8S -> zybots_ wins
  Trick 12: zybots_ leads QH, segfault_society plays 9S -> zybots_ wins
  Hand: zybots_ +11 / segfault_society +23 (tricks 6-6)
  Match total: zybots_ 92 - 108 segfault_society
  Final: zybots_ 92 - 108 segfault_society
  Winner: segfault_society

============================================================
Game 65
============================================================
Players: segfault_society vs zybots_
Dealer: segfault_society  |  Elder: zybots_
Match scores: 0 - 0
Talon (8): QC KC 10D QD AD 10H 9S QS
segfault_society hand: 8C 9C 10C JC AC 7D JD 8H 9H JH KH 10S
zybots_ hand: 7C 8D 9D KD 7H QH AH 7S 8S JS KS AS
  Exchange zybots_: discard 7C 8D 9D 7H QH -> draw QC KC QD AD 10H (talon 3 left)
  Exchange segfault_society: discard 7D JD 10S -> draw 10D 9S QS (talon 0 left)

--- Phase: declare ---
  Declare point: segfault_society wins 5 pts (('point', 5, 'C'))
  Declare sequence: segfault_society wins 4 pts (('sequence', 4, 11, 'C'))
  Declare set: zybots_ wins 3 pts (('set', 3, 14))

--- Phase: tricks ---
  Trick  1: zybots_ leads QD, segfault_society plays 10D -> zybots_ wins
  Trick  2: zybots_ leads KS, segfault_society plays 9S -> zybots_ wins
  Trick  3: zybots_ leads KD, segfault_society plays 8H -> zybots_ wins
  Trick  4: zybots_ leads AS, segfault_society plays QS -> zybots_ wins
  Trick  5: zybots_ leads AH, segfault_society plays 9H -> zybots_ wins
  Trick  6: zybots_ leads AD, segfault_society plays 8C -> zybots_ wins
  Trick  7: zybots_ leads 7S, segfault_society plays 9C -> zybots_ wins
  Trick  8: zybots_ leads 8S, segfault_society plays 10C -> zybots_ wins
  Trick  9: zybots_ leads QC, segfault_society plays AC -> segfault_society wins
  Trick 10: segfault_society leads KH, zybots_ plays 10H -> segfault_society wins
  Trick 11: segfault_society leads JC, zybots_ plays KC -> zybots_ wins
  Trick 12: zybots_ leads JS, segfault_society plays JH -> zybots_ wins
  Hand: segfault_society +11 / zybots_ +24 (tricks 2-10)
  Match total: segfault_society 11 - 24 zybots_
Players: segfault_society vs zybots_
Dealer: zybots_  |  Elder: segfault_society
Match scores: 11 - 24
Talon (8): 8C 7D 8D 7H QH AH 9S 10S
segfault_society hand: 9C JC QC AC JD AD 8H 9H 10H KH 7S QS
zybots_ hand: 7C 10C KC 9D 10D QD KD JH 8S JS KS AS
  Exchange segfault_society: discard 9C JC QC JD 7S -> draw 8C 7H QH AH 9S (talon 3 left)
  Exchange zybots_: discard 7C 10C 8S -> draw 7D 8D 10S (talon 0 left)

--- Phase: declare ---
  Declare point: segfault_society wins 7 pts (('point', 7, 'H'))
  Declare set: segfault_society wins 3 pts (('set', 3, 14))

--- Phase: tricks ---
  Trick  1: segfault_society leads AH, zybots_ plays JH -> segfault_society wins
  Trick  2: segfault_society leads KH, zybots_ plays 7D -> segfault_society wins
  Trick  3: segfault_society leads QH, zybots_ plays 8D -> segfault_society wins
  Trick  4: segfault_society leads AC, zybots_ plays KC -> segfault_society wins
  Trick  5: segfault_society leads AD, zybots_ plays 9D -> segfault_society wins
  Trick  6: segfault_society leads 10H, zybots_ plays 10D -> segfault_society wins
  Trick  7: segfault_society leads 9H, zybots_ plays 10S -> segfault_society wins
  Trick  8: segfault_society leads QS, zybots_ plays KS -> zybots_ wins
  Trick  9: zybots_ leads QD, segfault_society plays 7H -> zybots_ wins
  Trick 10: zybots_ leads KD, segfault_society plays 8H -> zybots_ wins
  Trick 11: zybots_ leads AS, segfault_society plays 9S -> zybots_ wins
  Trick 12: zybots_ leads JS, segfault_society plays 8C -> zybots_ wins
  Hand: segfault_society +27 / zybots_ +6 (tricks 7-5)
  Match total: segfault_society 38 - 30 zybots_
Players: segfault_society vs zybots_
Dealer: segfault_society  |  Elder: zybots_
Match scores: 38 - 30
Talon (8): 7C 9D 8H JH AH 8S 9S QS
segfault_society hand: JC QC AC 8D 10D QD AD 7H 10H QH KH AS
zybots_ hand: 8C 9C 10C KC 7D JD KD 9H 7S 10S JS KS
  Exchange zybots_: discard 7D 9H 7S 10S JS -> draw 8H JH AH 8S QS (talon 3 left)
  Exchange segfault_society: discard JC 7H 10H -> draw 7C 9D 9S (talon 0 left)

--- Phase: declare ---
  Declare point: segfault_society wins 5 pts (('point', 5, 'D'))
  Declare set: segfault_society wins 3 pts (('set', 3, 14))

--- Phase: tricks ---
  Trick  1: zybots_ leads AH, segfault_society plays QH -> zybots_ wins
  Trick  2: zybots_ leads 8C, segfault_society plays QC -> segfault_society wins
  Trick  3: segfault_society leads AD, zybots_ plays JD -> segfault_society wins
  Trick  4: segfault_society leads AS, zybots_ plays 8S -> segfault_society wins
  Trick  5: segfault_society leads AC, zybots_ plays 9C -> segfault_society wins
  Trick  6: segfault_society leads KH, zybots_ plays 8H -> segfault_society wins
  Trick  7: segfault_society leads QD, zybots_ plays KD -> zybots_ wins
  Trick  8: zybots_ leads QS, segfault_society plays 9S -> zybots_ wins
  Trick  9: zybots_ leads KS, segfault_society plays 7C -> zybots_ wins
  Trick 10: zybots_ leads KC, segfault_society plays 8D -> zybots_ wins
  Trick 11: zybots_ leads 10C, segfault_society plays 9D -> zybots_ wins
  Trick 12: zybots_ leads JH, segfault_society plays 10D -> zybots_ wins
  Hand: segfault_society +13 / zybots_ +18 (tricks 5-7)
  Match total: segfault_society 51 - 48 zybots_
Players: segfault_society vs zybots_
Dealer: zybots_  |  Elder: segfault_society
Match scores: 51 - 48
Talon (8): 8C 10C QC KC 10D 7H 8H 7S
segfault_society hand: JC 7D 8D 9D 10H JH KH AH 9S 10S JS QS
zybots_ hand: 7C 9C AC JD QD KD AD 9H QH 8S KS AS
  Exchange segfault_society: discard 7D 8D 9D 10H JH -> draw 8C QC KC 10D 7S (talon 3 left)
  Exchange zybots_: discard 7C 9C 8S -> draw 10C 7H 8H (talon 0 left)

--- Phase: declare ---
  Declare point: segfault_society wins 5 pts (('point', 5, 'S'))
  Declare sequence: zybots_ wins 4 pts (('sequence', 4, 14, 'D'))
  Declare set: zybots_ wins 3 pts (('set', 3, 14))

--- Phase: tricks ---
  Trick  1: segfault_society leads AH, zybots_ plays 7H -> segfault_society wins
  Trick  2: segfault_society leads KH, zybots_ plays 8H -> segfault_society wins
  Trick  3: segfault_society leads QS, zybots_ plays KS -> zybots_ wins
  Trick  4: zybots_ leads JD, segfault_society plays 10D -> zybots_ wins
  Trick  5: zybots_ leads QD, segfault_society plays 7S -> zybots_ wins
  Trick  6: zybots_ leads QH, segfault_society plays 8C -> zybots_ wins
  Trick  7: zybots_ leads KD, segfault_society plays 9S -> zybots_ wins
  Trick  8: zybots_ leads AD, segfault_society plays 10S -> zybots_ wins
  Trick  9: zybots_ leads AC, segfault_society plays JC -> zybots_ wins
  Trick 10: zybots_ leads AS, segfault_society plays JS -> zybots_ wins
  Trick 11: zybots_ leads 9H, segfault_society plays QC -> zybots_ wins
  Trick 12: zybots_ leads 10C, segfault_society plays KC -> segfault_society wins
  Hand: segfault_society +9 / zybots_ +26 (tricks 3-9)
  Match total: segfault_society 60 - 74 zybots_
Players: segfault_society vs zybots_
Dealer: segfault_society  |  Elder: zybots_
Match scores: 60 - 74
Talon (8): QC KC 7D 9D JD 8H QH KH
segfault_society hand: 8C 10C AC 8D 10D 9H 10H JH AH 9S KS AS
zybots_ hand: 7C 9C JC QD KD AD 7H 7S 8S 10S JS QS
  Exchange zybots_: discard 7C 9C JC 7H 7S -> draw KC 7D JD QH KH (talon 3 left)
  Exchange segfault_society: discard 8C 8D 9S -> draw QC 9D 8H (talon 0 left)

--- Phase: declare ---
  Declare sequence: zybots_ wins 4 pts (('sequence', 4, 14, 'D'))
  Declare set: segfault_society wins 3 pts (('set', 3, 14))

--- Phase: tricks ---
  Trick  1: zybots_ leads JD, segfault_society plays 9D -> zybots_ wins
  Trick  2: zybots_ leads QD, segfault_society plays 10D -> zybots_ wins
  Trick  3: zybots_ leads KD, segfault_society plays 8H -> zybots_ wins
  Trick  4: zybots_ leads AD, segfault_society plays 9H -> zybots_ wins
  Trick  5: zybots_ leads 8S, segfault_society plays KS -> segfault_society wins
  Trick  6: segfault_society leads AH, zybots_ plays QH -> segfault_society wins
  Trick  7: segfault_society leads AC, zybots_ plays KC -> segfault_society wins
  Trick  8: segfault_society leads AS, zybots_ plays 10S -> segfault_society wins
  Trick  9: segfault_society leads QC, zybots_ plays 7D -> segfault_society wins
  Trick 10: segfault_society leads JH, zybots_ plays KH -> zybots_ wins
  Trick 11: zybots_ leads JS, segfault_society plays 10C -> zybots_ wins
  Trick 12: zybots_ leads QS, segfault_society plays 10H -> zybots_ wins
  Hand: segfault_society +8 / zybots_ +22 (tricks 5-7)
  Match total: segfault_society 68 - 96 zybots_
Players: segfault_society vs zybots_
Dealer: zybots_  |  Elder: segfault_society
Match scores: 68 - 96
Talon (8): 8C 10C QH KH 9S 10S JS AS
segfault_society hand: 9C 7D 8D 9D 10D JD 7H 9H 10H 7S 8S KS
zybots_ hand: 7C JC QC KC AC QD KD AD 8H JH AH QS
  Exchange segfault_society: discard 9C 7H 9H 7S 8S -> draw 8C QH KH 9S AS (talon 3 left)
  Exchange zybots_: discard 7C 8H JH -> draw 10C 10S JS (talon 0 left)

--- Phase: declare ---
  Declare point: zybots_ wins 5 pts (('point', 5, 'C'))
  Declare sequence: zybots_ wins 10 pts (('sequence', 5, 14, 'C'))
  Declare set: zybots_ wins 3 pts (('set', 3, 14))

--- Phase: tricks ---
  Trick  1: segfault_society leads AS, zybots_ plays 10S -> segfault_society wins
  Trick  2: segfault_society leads KS, zybots_ plays JS -> segfault_society wins
  Trick  3: segfault_society leads JD, zybots_ plays QD -> zybots_ wins
  Trick  4: zybots_ leads 10C, segfault_society plays 8C -> zybots_ wins
  Trick  5: zybots_ leads JC, segfault_society plays 7D -> zybots_ wins
  Trick  6: zybots_ leads QS, segfault_society plays 9S -> zybots_ wins
  Trick  7: zybots_ leads QC, segfault_society plays 8D -> zybots_ wins
  Trick  8: zybots_ leads KD, segfault_society plays 9D -> zybots_ wins
  Trick  9: zybots_ leads KC, segfault_society plays 10H -> zybots_ wins
  Trick 10: zybots_ leads AD, segfault_society plays 10D -> zybots_ wins
  Trick 11: zybots_ leads AH, segfault_society plays QH -> zybots_ wins
  Trick 12: zybots_ leads AC, segfault_society plays KH -> zybots_ wins
  Hand: segfault_society +2 / zybots_ +39 (tricks 2-10)
  Match total: segfault_society 70 - 135 zybots_
  Final: segfault_society 70 - 135 zybots_
  Winner: zybots_

============================================================
Game 66
============================================================
Players: zybots_ vs segfault_society
Dealer: zybots_  |  Elder: segfault_society
Match scores: 0 - 0
Talon (8): 7C QC 10D JD AD 10H 7S 10S
zybots_ hand: 10C JC AC KD 7H 9H QH AH 9S QS KS AS
segfault_society hand: 8C 9C KC 7D 8D 9D QD 8H JH KH 8S JS
  Exchange segfault_society: discard 8C 9C 8H JH 8S -> draw QC 10D JD AD 10H (talon 3 left)
  Exchange zybots_: discard 10C 7H 9H -> draw 7C 7S 10S (talon 0 left)

--- Phase: declare ---
  Declare point: segfault_society wins 7 pts (('point', 7, 'D'))
  Declare sequence: segfault_society wins 11 pts (('sequence', 6, 12, 'D'))
  Declare set: zybots_ wins 3 pts (('set', 3, 14))

--- Phase: tricks ---
  Trick  1: segfault_society leads AD, zybots_ plays KD -> segfault_society wins
  Trick  2: segfault_society leads QD, zybots_ plays 7S -> segfault_society wins
  Trick  3: segfault_society leads JD, zybots_ plays 7C -> segfault_society wins
  Trick  4: segfault_society leads 10D, zybots_ plays 9S -> segfault_society wins
  Trick  5: segfault_society leads 9D, zybots_ plays 10S -> segfault_society wins
  Trick  6: segfault_society leads KC, zybots_ plays AC -> zybots_ wins
  Trick  7: zybots_ leads QS, segfault_society plays JS -> zybots_ wins
  Trick  8: zybots_ leads KS, segfault_society plays 7D -> zybots_ wins
  Trick  9: zybots_ leads AH, segfault_society plays 10H -> zybots_ wins
  Trick 10: zybots_ leads AS, segfault_society plays 8D -> zybots_ wins
  Trick 11: zybots_ leads JC, segfault_society plays QC -> segfault_society wins
  Trick 12: segfault_society leads KH, zybots_ plays QH -> segfault_society wins
  Hand: zybots_ +8 / segfault_society +36 (tricks 5-7)
  Match total: zybots_ 8 - 36 segfault_society
Players: zybots_ vs segfault_society
Dealer: segfault_society  |  Elder: zybots_
Match scores: 8 - 36
Talon (8): 7C 9C 10C QC AC QD 10H QH
zybots_ hand: 8C 7D 9D KD AD 7H 8H JH 7S 9S KS AS
segfault_society hand: JC KC 8D 10D JD 9H KH AH 8S 10S JS QS
  Exchange zybots_: discard 8C 7H 8H 7S 9S -> draw 7C 9C QC AC QD (talon 3 left)
  Exchange segfault_society: discard 8D 10D 9H -> draw 10C 10H QH (talon 0 left)

--- Phase: declare ---
  Declare point: zybots_ wins 5 pts (('point', 5, 'D'))
  Declare set: zybots_ wins 3 pts (('set', 3, 14))

--- Phase: tricks ---
  Trick  1: zybots_ leads QD, segfault_society plays JD -> zybots_ wins
  Trick  2: zybots_ leads KS, segfault_society plays 8S -> zybots_ wins
  Trick  3: zybots_ leads KD, segfault_society plays 10S -> zybots_ wins
  Trick  4: zybots_ leads AD, segfault_society plays 10C -> zybots_ wins
  Trick  5: zybots_ leads AS, segfault_society plays JS -> zybots_ wins
  Trick  6: zybots_ leads AC, segfault_society plays JC -> zybots_ wins
  Trick  7: zybots_ leads 7C, segfault_society plays KC -> segfault_society wins
  Trick  8: segfault_society leads AH, zybots_ plays JH -> segfault_society wins
  Trick  9: segfault_society leads KH, zybots_ plays 7D -> segfault_society wins
  Trick 10: segfault_society leads QH, zybots_ plays 9D -> segfault_society wins
  Trick 11: segfault_society leads QS, zybots_ plays 9C -> segfault_society wins
  Trick 12: segfault_society leads 10H, zybots_ plays QC -> segfault_society wins
  Hand: zybots_ +14 / segfault_society +7 (tricks 6-6)
  Match total: zybots_ 22 - 43 segfault_society
Players: zybots_ vs segfault_society
Dealer: zybots_  |  Elder: segfault_society
Match scores: 22 - 43
Talon (8): QC KC AC AD 10H JH QH 8S
zybots_ hand: 7C 9C 10C JC 10D QD KD 7H 9H KH AH AS
segfault_society hand: 8C 7D 8D 9D JD 8H 7S 9S 10S JS QS KS
  Exchange segfault_society: discard 8C 7D 8D 9D 8H -> draw QC AC AD 10H 8S (talon 3 left)
  Exchange zybots_: discard 7C 10D QD -> draw KC JH QH (talon 0 left)

--- Phase: declare ---
  Declare point: segfault_society wins 7 pts (('point', 7, 'S'))
  Declare sequence: segfault_society wins 12 pts (('sequence', 7, 13, 'S'))
  Declare set: zybots_ wins 3 pts (('set', 3, 13))

--- Phase: tricks ---
  Trick  1: segfault_society leads AD, zybots_ plays KD -> segfault_society wins
  Trick  2: segfault_society leads AC, zybots_ plays 9C -> segfault_society wins
  Trick  3: segfault_society leads KS, zybots_ plays AS -> zybots_ wins
  Trick  4: zybots_ leads JH, segfault_society plays 10H -> zybots_ wins
  Trick  5: zybots_ leads QH, segfault_society plays 7S -> zybots_ wins
  Trick  6: zybots_ leads KH, segfault_society plays 8S -> zybots_ wins
  Trick  7: zybots_ leads KC, segfault_society plays QC -> zybots_ wins
  Trick  8: zybots_ leads AH, segfault_society plays 9S -> zybots_ wins
  Trick  9: zybots_ leads 10C, segfault_society plays 10S -> zybots_ wins
  Trick 10: zybots_ leads 7H, segfault_society plays JS -> zybots_ wins
  Trick 11: zybots_ leads JC, segfault_society plays JD -> zybots_ wins
  Trick 12: zybots_ leads 9H, segfault_society plays QS -> zybots_ wins
  Hand: zybots_ +24 / segfault_society +21 (tricks 10-2)
  Match total: zybots_ 46 - 64 segfault_society
Players: zybots_ vs segfault_society
Dealer: segfault_society  |  Elder: zybots_
Match scores: 46 - 64
Talon (8): 8C QC 9D KD QH AH 7S KS
zybots_ hand: 7C 10C JC KC AC 10D QD JH KH 9S 10S JS
segfault_society hand: 9C 7D 8D JD AD 7H 8H 9H 10H 8S QS AS
  Exchange zybots_: discard 7C KC AC QD KH -> draw 8C QC QH 7S KS (talon 3 left)
  Exchange segfault_society: discard 7D 8D 8S -> draw 9D KD AH (talon 0 left)

--- Phase: declare ---
  Declare point: zybots_ wins 5 pts (('point', 5, 'S'))
  Declare sequence: segfault_society wins 4 pts (('sequence', 4, 10, 'H'))
  Declare set: segfault_society wins 3 pts (('set', 3, 14))

--- Phase: tricks ---
  Trick  1: zybots_ leads 7S, segfault_society plays QS -> segfault_society wins
  Trick  2: segfault_society leads AH, zybots_ plays JH -> segfault_society wins
  Trick  3: segfault_society leads AD, zybots_ plays 10D -> segfault_society wins
  Trick  4: segfault_society leads KD, zybots_ plays 8C -> segfault_society wins
  Trick  5: segfault_society leads AS, zybots_ plays 9S -> segfault_society wins
  Trick  6: segfault_society leads 10H, zybots_ plays QH -> zybots_ wins
  Trick  7: zybots_ leads KS, segfault_society plays 7H -> zybots_ wins
  Trick  8: zybots_ leads 10C, segfault_society plays 9C -> zybots_ wins
  Trick  9: zybots_ leads 10S, segfault_society plays 8H -> zybots_ wins
  Trick 10: zybots_ leads JC, segfault_society plays 9H -> zybots_ wins
  Trick 11: zybots_ leads JS, segfault_society plays 9D -> zybots_ wins
  Trick 12: zybots_ leads QC, segfault_society plays JD -> zybots_ wins
  Hand: zybots_ +23 / segfault_society +12 (tricks 7-5)
  Match total: zybots_ 69 - 76 segfault_society
Players: zybots_ vs segfault_society
Dealer: zybots_  |  Elder: segfault_society
Match scores: 69 - 76
Talon (8): 7D 8D QD 7H AH 7S 8S QS
zybots_ hand: 7C 10C KC AC JD KD 8H 9H JH 9S 10S JS
segfault_society hand: 8C 9C JC QC 9D 10D AD 10H QH KH KS AS
  Exchange segfault_society: discard 8C 9C 9D 10D 10H -> draw 7D 8D 7S 8S QS (talon 3 left)
  Exchange zybots_: discard KD 8H 9H -> draw QD 7H AH (talon 0 left)

--- Phase: declare ---
  Declare point: segfault_society wins 5 pts (('point', 5, 'S'))
  Declare sequence: segfault_society wins 3 pts (('sequence', 3, 14, 'S'))
  Declare set: segfault_society wins 3 pts (('set', 3, 12))

--- Phase: tricks ---
  Trick  1: segfault_society leads AS, zybots_ plays 9S -> segfault_society wins
  Trick  2: segfault_society leads KS, zybots_ plays 10S -> segfault_society wins
  Trick  3: segfault_society leads AD, zybots_ plays JD -> segfault_society wins
  Trick  4: segfault_society leads QS, zybots_ plays JS -> segfault_society wins
  Trick  5: segfault_society leads KH, zybots_ plays AH -> zybots_ wins
  Trick  6: zybots_ leads KC, segfault_society plays JC -> zybots_ wins
  Trick  7: zybots_ leads AC, segfault_society plays QC -> zybots_ wins
  Trick  8: zybots_ leads 7H, segfault_society plays QH -> segfault_society wins
  Trick  9: segfault_society leads 8S, zybots_ plays 7C -> segfault_society wins
  Trick 10: segfault_society leads 8D, zybots_ plays QD -> zybots_ wins
  Trick 11: zybots_ leads JH, segfault_society plays 7D -> zybots_ wins
  Trick 12: zybots_ leads 10C, segfault_society plays 7S -> zybots_ wins
  Hand: zybots_ +7 / segfault_society +17 (tricks 6-6)
  Match total: zybots_ 76 - 93 segfault_society
Players: zybots_ vs segfault_society
Dealer: segfault_society  |  Elder: zybots_
Match scores: 76 - 93
Talon (8): JC QC 10D JD 8H 10H QH 7S
zybots_ hand: 7C 9C 10C 9D AD 7H 9H JH 9S 10S JS QS
segfault_society hand: 8C KC AC 7D 8D QD KD KH AH 8S KS AS
  Exchange zybots_: discard 7C 9C 9D 7H 9H -> draw JC 10D JD 10H 7S (talon 3 left)
  Exchange segfault_society: discard 7D 8D 8S -> draw QC 8H QH (talon 0 left)

--- Phase: declare ---
  Declare point: zybots_ wins 5 pts (('point', 5, 'S'))
  Declare sequence: zybots_ wins 4 pts (('sequence', 4, 12, 'S'))
  Declare set: segfault_society wins 3 pts (('set', 3, 14))

--- Phase: tricks ---
  Trick  1: zybots_ leads AD, segfault_society plays QD -> zybots_ wins
  Trick  2: zybots_ leads 7S, segfault_society plays KS -> segfault_society wins
  Trick  3: segfault_society leads AH, zybots_ plays 10H -> segfault_society wins
  Trick  4: segfault_society leads AC, zybots_ plays 10C -> segfault_society wins
  Trick  5: segfault_society leads KC, zybots_ plays JC -> segfault_society wins
  Trick  6: segfault_society leads KH, zybots_ plays JH -> segfault_society wins
  Trick  7: segfault_society leads QH, zybots_ plays 9S -> segfault_society wins
  Trick  8: segfault_society leads QC, zybots_ plays 10S -> segfault_society wins
  Trick  9: segfault_society leads AS, zybots_ plays JS -> segfault_society wins
  Trick 10: segfault_society leads KD, zybots_ plays 10D -> segfault_society wins
  Trick 11: segfault_society leads 8C, zybots_ plays JD -> segfault_society wins
  Trick 12: segfault_society leads 8H, zybots_ plays QS -> segfault_society wins
  Hand: zybots_ +10 / segfault_society +25 (tricks 1-11)
  Match total: zybots_ 86 - 118 segfault_society
  Final: zybots_ 86 - 118 segfault_society
  Winner: segfault_society

============================================================
Game 67
============================================================
Players: segfault_society vs zybots_
Dealer: segfault_society  |  Elder: zybots_
Match scores: 0 - 0
Talon (8): 9C JC KC AC 7H 9H KH 7S
segfault_society hand: 10C QC 8D 9D JD AD JH AH 8S JS KS AS
zybots_ hand: 7C 8C 7D 10D QD KD 8H 10H QH 9S 10S QS
  Exchange zybots_: discard 7C 8C 7D 8H 9S -> draw KC 7H 9H KH 7S (talon 3 left)
  Exchange segfault_society: discard 10C 8D 9D -> draw 9C JC AC (talon 0 left)

--- Phase: declare ---
  Declare point: zybots_ wins 5 pts (('point', 5, 'H'))
  Declare set: segfault_society wins 14 pts (('set', 4, 14))

--- Phase: tricks ---
  Trick  1: zybots_ leads 7H, segfault_society plays JH -> segfault_society wins
  Trick  2: segfault_society leads AS, zybots_ plays 7S -> segfault_society wins
  Trick  3: segfault_society leads AC, zybots_ plays KC -> segfault_society wins
  Trick  4: segfault_society leads KS, zybots_ plays 10S -> segfault_society wins
  Trick  5: segfault_society leads AD, zybots_ plays 10D -> segfault_society wins
  Trick  6: segfault_society leads AH, zybots_ plays 9H -> segfault_society wins
  Trick  7: segfault_society leads QC, zybots_ plays 10H -> segfault_society wins
  Trick  8: segfault_society leads JS, zybots_ plays QS -> zybots_ wins
  Trick  9: zybots_ leads QD, segfault_society plays JD -> zybots_ wins
  Trick 10: zybots_ leads QH, segfault_society plays 8S -> zybots_ wins
  Trick 11: zybots_ leads KD, segfault_society plays 9C -> zybots_ wins
  Trick 12: zybots_ leads KH, segfault_society plays JC -> zybots_ wins
  Hand: segfault_society +31 / zybots_ +11 (tricks 7-5)
  Match total: segfault_society 31 - 11 zybots_
Players: segfault_society vs zybots_
Dealer: zybots_  |  Elder: segfault_society
Match scores: 31 - 11
Talon (8): 10C KC 7H 8H 10H JH 8S JS
segfault_society hand: QC AC 8D 9D JD QD AD QH AH 9S KS AS
zybots_ hand: 7C 8C 9C JC 7D 10D KD 9H KH 7S 10S QS
  Exchange segfault_society: discard QC 8D 9D JD 9S -> draw 10C KC 7H 10H 8S (talon 3 left)
  Exchange zybots_: discard 7D 9H 7S -> draw 8H JH JS (talon 0 left)

--- Phase: declare ---
  Declare point: segfault_society wins 4 pts (('point', 4, 'H'))
  Declare sequence: zybots_ wins 3 pts (('sequence', 3, 12, 'S'))
  Declare set: segfault_society wins 14 pts (('set', 4, 14))

--- Phase: tricks ---
  Trick  1: segfault_society leads AH, zybots_ plays 8H -> segfault_society wins
  Trick  2: segfault_society leads AS, zybots_ plays 10S -> segfault_society wins
  Trick  3: segfault_society leads AC, zybots_ plays 7C -> segfault_society wins
  Trick  4: segfault_society leads AD, zybots_ plays 10D -> segfault_society wins
  Trick  5: segfault_society leads KS, zybots_ plays JS -> segfault_society wins
  Trick  6: segfault_society leads KC, zybots_ plays 8C -> segfault_society wins
  Trick  7: segfault_society leads QH, zybots_ plays KH -> zybots_ wins
  Trick  8: zybots_ leads QS, segfault_society plays 8S -> zybots_ wins
  Trick  9: zybots_ leads KD, segfault_society plays QD -> zybots_ wins
  Trick 10: zybots_ leads 9C, segfault_society plays 10C -> segfault_society wins
  Trick 11: segfault_society leads 10H, zybots_ plays JH -> zybots_ wins
  Trick 12: zybots_ leads JC, segfault_society plays 7H -> zybots_ wins
  Hand: segfault_society +35 / zybots_ +9 (tricks 7-5)
  Match total: segfault_society 66 - 20 zybots_
Players: segfault_society vs zybots_
Dealer: segfault_society  |  Elder: zybots_
Match scores: 66 - 20
Talon (8): 7C QC 8D 9D AD 10S QS AS
segfault_society hand: 10C KC 7D KD 7H 8H 9H 10H KH AH 7S JS
zybots_ hand: 8C 9C JC AC 10D JD QD JH QH 8S 9S KS
  Exchange zybots_: discard 8C QH 8S 9S KS -> draw 7C 8D 9D AD 10S (talon 3 left)
  Exchange segfault_society: discard 10C 7D 7S -> draw QC QS AS (talon 0 left)

--- Phase: declare ---
  Declare point: zybots_ wins 6 pts (('point', 6, 'D'))
  Declare sequence: zybots_ wins 10 pts (('sequence', 5, 12, 'D'))
  Declare set: segfault_society wins 3 pts (('set', 3, 13))

--- Phase: tricks ---
  Trick  1: zybots_ leads AC, segfault_society plays QC -> zybots_ wins
  Trick  2: zybots_ leads AD, segfault_society plays KD -> zybots_ wins
  Trick  3: zybots_ leads 8D, segfault_society plays 7H -> zybots_ wins
  Trick  4: zybots_ leads 9D, segfault_society plays 8H -> zybots_ wins
  Trick  5: zybots_ leads 7C, segfault_society plays KC -> segfault_society wins
  Trick  6: segfault_society leads AH, zybots_ plays JH -> segfault_society wins
  Trick  7: segfault_society leads AS, zybots_ plays 10S -> segfault_society wins
  Trick  8: segfault_society leads KH, zybots_ plays 9C -> segfault_society wins
  Trick  9: segfault_society leads QS, zybots_ plays 10D -> segfault_society wins
  Trick 10: segfault_society leads 10H, zybots_ plays JD -> segfault_society wins
  Trick 11: segfault_society leads JS, zybots_ plays JC -> segfault_society wins
  Trick 12: segfault_society leads 9H, zybots_ plays QD -> segfault_society wins
  Hand: segfault_society +22 / zybots_ +20 (tricks 8-4)
  Match total: segfault_society 88 - 40 zybots_
Players: segfault_society vs zybots_
Dealer: zybots_  |  Elder: segfault_society
Match scores: 88 - 40
Talon (8): QC AC 8D 7H JH KH 8S QS
segfault_society hand: JC KC 7D AD 8H 9H QH AH 7S 9S JS AS
zybots_ hand: 7C 8C 9C 10C 9D 10D JD QD KD 10H 10S KS
  Exchange segfault_society: discard JC 7D 7S 9S JS -> draw QC AC 8D JH 8S (talon 3 left)
  Exchange zybots_: discard 7C 8C KS -> draw 7H KH QS (talon 0 left)

--- Phase: declare ---
  Declare point: zybots_ wins 5 pts (('point', 5, 'D'))
  Declare sequence: zybots_ wins 10 pts (('sequence', 5, 13, 'D'))
  Declare set: segfault_society wins 14 pts (('set', 4, 14))

--- Phase: tricks ---
  Trick  1: segfault_society leads AH, zybots_ plays 7H -> segfault_society wins
  Trick  2: segfault_society leads AC, zybots_ plays 9C -> segfault_society wins
  Trick  3: segfault_society leads AD, zybots_ plays 9D -> segfault_society wins
  Trick  4: segfault_society leads AS, zybots_ plays 10S -> segfault_society wins
  Trick  5: segfault_society leads KC, zybots_ plays 10C -> segfault_society wins
  Trick  6: segfault_society leads QC, zybots_ plays 10D -> segfault_society wins
  Trick  7: segfault_society leads QH, zybots_ plays KH -> zybots_ wins
  Trick  8: zybots_ leads JD, segfault_society plays 8D -> zybots_ wins
  Trick  9: zybots_ leads QD, segfault_society plays 8H -> zybots_ wins
  Trick 10: zybots_ leads KD, segfault_society plays 8S -> zybots_ wins
  Trick 11: zybots_ leads 10H, segfault_society plays JH -> segfault_society wins
  Trick 12: segfault_society leads 9H, zybots_ plays QS -> segfault_society wins
  Hand: segfault_society +33 / zybots_ +19 (tricks 8-4)
  Match total: segfault_society 121 - 59 zybots_
  Final: segfault_society 121 - 59 zybots_
  Winner: segfault_society

============================================================
Game 68
============================================================
Players: zybots_ vs segfault_society
Dealer: zybots_  |  Elder: segfault_society
Match scores: 0 - 0
Talon (8): JC 7D 9D KD 8H JH QH AH
zybots_ hand: 7C 8C 10C QC AC 10D QD 7H 10H 7S 9S KS
segfault_society hand: 9C KC 8D JD AD 9H KH 8S 10S JS QS AS
  Exchange segfault_society: discard 9C 8D JD 9H 8S -> draw JC 7D 9D KD 8H (talon 3 left)
  Exchange zybots_: discard 7H 7S 9S -> draw JH QH AH (talon 0 left)

--- Phase: declare ---
  Declare point: zybots_ wins 5 pts (('point', 5, 'C'))
  Declare set: segfault_society wins 3 pts (('set', 3, 13))

--- Phase: tricks ---
  Trick  1: segfault_society leads AS, zybots_ plays KS -> segfault_society wins
  Trick  2: segfault_society leads AD, zybots_ plays 10D -> segfault_society wins
  Trick  3: segfault_society leads KD, zybots_ plays QD -> segfault_society wins
  Trick  4: segfault_society leads QS, zybots_ plays 7C -> segfault_society wins
  Trick  5: segfault_society leads KH, zybots_ plays AH -> zybots_ wins
  Trick  6: zybots_ leads AC, segfault_society plays JC -> zybots_ wins
  Trick  7: zybots_ leads 8C, segfault_society plays KC -> segfault_society wins
  Trick  8: segfault_society leads JS, zybots_ plays 10C -> segfault_society wins
  Trick  9: segfault_society leads 9D, zybots_ plays 10H -> segfault_society wins
  Trick 10: segfault_society leads 10S, zybots_ plays JH -> segfault_society wins
  Trick 11: segfault_society leads 8H, zybots_ plays QH -> zybots_ wins
  Trick 12: zybots_ leads QC, segfault_society plays 7D -> zybots_ wins
  Hand: zybots_ +10 / segfault_society +21 (tricks 4-8)
  Match total: zybots_ 10 - 21 segfault_society
Players: zybots_ vs segfault_society
Dealer: segfault_society  |  Elder: zybots_
Match scores: 10 - 21
Talon (8): 10C JC AD 10H 7S 10S QS KS
zybots_ hand: 8C QC KC 7D 8D JD KD 8H QH KH AH AS
segfault_society hand: 7C 9C AC 9D 10D QD 7H 9H JH 8S 9S JS
  Exchange zybots_: discard 8C QC 7D 8D JD -> draw 10C JC AD 10H KS (talon 3 left)
  Exchange segfault_society: discard 7C 7H 8S -> draw 7S 10S QS (talon 0 left)

--- Phase: declare ---
  Declare point: zybots_ wins 5 pts (('point', 5, 'H'))
  Declare sequence: segfault_society wins 4 pts (('sequence', 4, 12, 'S'))
  Declare set: zybots_ wins 3 pts (('set', 3, 14))

--- Phase: tricks ---
  Trick  1: zybots_ leads QH, segfault_society plays 9H -> zybots_ wins
  Trick  2: zybots_ leads KD, segfault_society plays 9D -> zybots_ wins
  Trick  3: zybots_ leads KH, segfault_society plays JH -> zybots_ wins
  Trick  4: zybots_ leads KS, segfault_society plays 7S -> zybots_ wins
  Trick  5: zybots_ leads AH, segfault_society plays 9C -> zybots_ wins
  Trick  6: zybots_ leads AS, segfault_society plays 9S -> zybots_ wins
  Trick  7: zybots_ leads AD, segfault_society plays 10D -> zybots_ wins
  Trick  8: zybots_ leads 10C, segfault_society plays AC -> segfault_society wins
  Trick  9: segfault_society leads QS, zybots_ plays 8H -> segfault_society wins
  Trick 10: segfault_society leads JS, zybots_ plays 10H -> segfault_society wins
  Trick 11: segfault_society leads QD, zybots_ plays JC -> segfault_society wins
  Trick 12: segfault_society leads 10S, zybots_ plays KC -> segfault_society wins
  Hand: zybots_ +25 / segfault_society +10 (tricks 7-5)
  Match total: zybots_ 35 - 31 segfault_society
Players: zybots_ vs segfault_society
Dealer: zybots_  |  Elder: segfault_society
Match scores: 35 - 31
Talon (8): 9C AC 8D 9D AD 7S QS AS
zybots_ hand: 7C 8C 10C JC QC QD 7H QH AH 10S JS KS
segfault_society hand: KC 7D 10D JD KD 8H 9H 10H JH KH 8S 9S
  Exchange segfault_society: discard 7D 10D JD 8S 9S -> draw 9C AC 9D 7S AS (talon 3 left)
  Exchange zybots_: discard 7H 10S JS -> draw 8D AD QS (talon 0 left)

--- Phase: declare ---
  Declare point: segfault_society wins 5 pts (('point', 5, 'H'))
  Declare sequence: segfault_society wins 4 pts (('sequence', 4, 11, 'H'))
  Declare set: segfault_society wins 3 pts (('set', 3, 13))

--- Phase: tricks ---
  Trick  1: segfault_society leads AC, zybots_ plays 7C -> segfault_society wins
  Trick  2: segfault_society leads AS, zybots_ plays QS -> segfault_society wins
  Trick  3: segfault_society leads KC, zybots_ plays 8C -> segfault_society wins
  Trick  4: segfault_society leads KH, zybots_ plays AH -> zybots_ wins
  Trick  5: zybots_ leads 10C, segfault_society plays 9C -> zybots_ wins
  Trick  6: zybots_ leads JC, segfault_society plays 7S -> zybots_ wins
  Trick  7: zybots_ leads QC, segfault_society plays 8H -> zybots_ wins
  Trick  8: zybots_ leads KS, segfault_society plays 9H -> zybots_ wins
  Trick  9: zybots_ leads AD, segfault_society plays 9D -> zybots_ wins
  Trick 10: zybots_ leads 8D, segfault_society plays KD -> segfault_society wins
  Trick 11: segfault_society leads JH, zybots_ plays QH -> zybots_ wins
  Trick 12: zybots_ leads QD, segfault_society plays 10H -> zybots_ wins
  Hand: zybots_ +19 / segfault_society +16 (tricks 8-4)
  Match total: zybots_ 54 - 47 segfault_society
Players: zybots_ vs segfault_society
Dealer: segfault_society  |  Elder: zybots_
Match scores: 54 - 47
Talon (8): JC KC 8D AD 10H 9S 10S KS
zybots_ hand: 7C 9C QC AC 9D QD 7H 8H QH AH 7S AS
segfault_society hand: 8C 10C 7D 10D JD KD 9H JH KH 8S JS QS
  Exchange zybots_: discard 7C 9D 7H 8H 7S -> draw JC KC 8D AD 10H (talon 3 left)
  Exchange segfault_society: discard 8C 9H 8S -> draw 9S 10S KS (talon 0 left)

--- Phase: declare ---
  Declare point: zybots_ wins 5 pts (('point', 5, 'C'))
  Declare sequence: segfault_society wins 10 pts (('sequence', 5, 13, 'S'))
  Declare set: zybots_ wins 14 pts (('set', 4, 14))

--- Phase: tricks ---
  Trick  1: zybots_ leads JC, segfault_society plays 10C -> zybots_ wins
  Trick  2: zybots_ leads QC, segfault_society plays 7D -> zybots_ wins
  Trick  3: zybots_ leads KC, segfault_society plays 9S -> zybots_ wins
  Trick  4: zybots_ leads AC, segfault_society plays 10D -> zybots_ wins
  Trick  5: zybots_ leads AH, segfault_society plays JH -> zybots_ wins
  Trick  6: zybots_ leads AS, segfault_society plays 10S -> zybots_ wins
  Trick  7: zybots_ leads AD, segfault_society plays JD -> zybots_ wins
  Trick  8: zybots_ leads 8D, segfault_society plays KD -> segfault_society wins
  Trick  9: segfault_society leads KS, zybots_ plays 9C -> segfault_society wins
  Trick 10: segfault_society leads QS, zybots_ plays 10H -> segfault_society wins
  Trick 11: segfault_society leads KH, zybots_ plays QH -> segfault_society wins
  Trick 12: segfault_society leads JS, zybots_ plays QD -> segfault_society wins
  Hand: zybots_ +36 / segfault_society +16 (tricks 7-5)
  Match total: zybots_ 90 - 63 segfault_society
Players: zybots_ vs segfault_society
Dealer: zybots_  |  Elder: segfault_society
Match scores: 90 - 63
Talon (8): 8C QC KC AC AD JH KH 9S
zybots_ hand: 10C 7D 7H 8H 9H QH AH 7S 8S 10S QS KS
segfault_society hand: 7C 9C JC 8D 9D 10D JD QD KD 10H JS AS
  Exchange segfault_society: discard 7C 9C JC 10H JS -> draw 8C QC AC KH 9S (talon 3 left)
  Exchange zybots_: discard 7D 7S 8S -> draw KC AD JH (talon 0 left)

--- Phase: declare ---
  Declare point: segfault_society wins 6 pts (('point', 6, 'D'))
  Declare sequence: segfault_society wins 11 pts (('sequence', 6, 13, 'D'))

--- Phase: tricks ---
  Trick  1: segfault_society leads AC, zybots_ plays 10C -> segfault_society wins
  Trick  2: segfault_society leads AS, zybots_ plays 10S -> segfault_society wins
  Trick  3: segfault_society leads KD, zybots_ plays AD -> zybots_ wins
  Trick  4: zybots_ leads QS, segfault_society plays 9S -> zybots_ wins
  Trick  5: zybots_ leads KS, segfault_society plays 8D -> zybots_ wins
  Trick  6: zybots_ leads KC, segfault_society plays 8C -> zybots_ wins
  Trick  7: zybots_ leads AH, segfault_society plays KH -> zybots_ wins
  Trick  8: zybots_ leads 7H, segfault_society plays 9D -> zybots_ wins
  Trick  9: zybots_ leads 8H, segfault_society plays 10D -> zybots_ wins
  Trick 10: zybots_ leads 9H, segfault_society plays JD -> zybots_ wins
  Trick 11: zybots_ leads JH, segfault_society plays QD -> zybots_ wins
  Trick 12: zybots_ leads QH, segfault_society plays QC -> zybots_ wins
  Hand: zybots_ +21 / segfault_society +19 (tricks 10-2)
  Match total: zybots_ 111 - 82 segfault_society
  Final: zybots_ 111 - 82 segfault_society
  Winner: zybots_

============================================================
Game 69
============================================================
Players: segfault_society vs zybots_
Dealer: segfault_society  |  Elder: zybots_
Match scores: 0 - 0
Talon (8): JC 9H JH AH 7S 10S JS KS
segfault_society hand: 9C QC KC 7D 9D JD KD 8H 10H QH 8S AS
zybots_ hand: 7C 8C 10C AC 8D 10D QD AD 7H KH 9S QS
  Exchange zybots_: discard 7C 8C 10C 7H 9S -> draw JC 7S 10S JS KS (talon 3 left)
  Exchange segfault_society: discard 9C 8H 8S -> draw 9H JH AH (talon 0 left)

--- Phase: declare ---
  Declare point: segfault_society wins 5 pts (('point', 5, 'H'))
  Declare sequence: zybots_ wins 4 pts (('sequence', 4, 13, 'S'))

--- Phase: tricks ---
  Trick  1: zybots_ leads AD, segfault_society plays 7D -> zybots_ wins
  Trick  2: zybots_ leads AC, segfault_society plays QC -> zybots_ wins
  Trick  3: zybots_ leads 7S, segfault_society plays AS -> segfault_society wins
  Trick  4: segfault_society leads AH, zybots_ plays KH -> segfault_society wins
  Trick  5: segfault_society leads KD, zybots_ plays 8D -> segfault_society wins
  Trick  6: segfault_society leads KC, zybots_ plays JC -> segfault_society wins
  Trick  7: segfault_society leads QH, zybots_ plays 10D -> segfault_society wins
  Trick  8: segfault_society leads JH, zybots_ plays 10S -> segfault_society wins
  Trick  9: segfault_society leads JD, zybots_ plays QD -> zybots_ wins
  Trick 10: zybots_ leads JS, segfault_society plays 9D -> zybots_ wins
  Trick 11: zybots_ leads QS, segfault_society plays 9H -> zybots_ wins
  Trick 12: zybots_ leads KS, segfault_society plays 10H -> zybots_ wins
  Hand: segfault_society +11 / zybots_ +11 (tricks 6-6)
  Match total: segfault_society 11 - 11 zybots_
Players: segfault_society vs zybots_
Dealer: zybots_  |  Elder: segfault_society
Match scores: 11 - 11
Talon (8): 7C 9C JC KC 10D KD AD AS
segfault_society hand: 8C 10C 7D 8D 9D QD 9H QH KH AH 8S 9S
zybots_ hand: QC AC JD 7H 8H 10H JH 7S 10S JS QS KS
  Exchange segfault_society: discard 8C 7D 8D 8S 9S -> draw 7C JC 10D KD AS (talon 3 left)
  Exchange zybots_: discard 7H 8H 10H -> draw 9C KC AD (talon 0 left)

--- Phase: declare ---
  Declare point: zybots_ wins 5 pts (('point', 5, 'S'))
  Declare sequence: zybots_ wins 4 pts (('sequence', 4, 13, 'S'))
  Declare set: zybots_ wins 3 pts (('set', 3, 11))

--- Phase: tricks ---
  Trick  1: segfault_society leads AH, zybots_ plays JH -> segfault_society wins
  Trick  2: segfault_society leads KH, zybots_ plays 7S -> segfault_society wins
  Trick  3: segfault_society leads QH, zybots_ plays 9C -> segfault_society wins
  Trick  4: segfault_society leads AS, zybots_ plays 10S -> segfault_society wins
  Trick  5: segfault_society leads KD, zybots_ plays AD -> zybots_ wins
  Trick  6: zybots_ leads JS, segfault_society plays 7C -> zybots_ wins
  Trick  7: zybots_ leads QC, segfault_society plays 10C -> zybots_ wins
  Trick  8: zybots_ leads QS, segfault_society plays 9H -> zybots_ wins
  Trick  9: zybots_ leads KS, segfault_society plays 9D -> zybots_ wins
  Trick 10: zybots_ leads KC, segfault_society plays JC -> zybots_ wins
  Trick 11: zybots_ leads AC, segfault_society plays 10D -> zybots_ wins
  Trick 12: zybots_ leads JD, segfault_society plays QD -> segfault_society wins
  Hand: segfault_society +6 / zybots_ +29 (tricks 5-7)
  Match total: segfault_society 17 - 40 zybots_
Players: segfault_society vs zybots_
Dealer: segfault_society  |  Elder: zybots_
Match scores: 17 - 40
Talon (8): JC AC 7D QD KD AD AH 7S
segfault_society hand: 7C 9C 10C QC 8D 9D JD JH QH KH JS QS
zybots_ hand: 8C KC 10D 7H 8H 9H 10H 8S 9S 10S KS AS
  Exchange zybots_: discard 8C KC 7H KS AS -> draw JC 7D KD AD AH (talon 3 left)
  Exchange segfault_society: discard 8D 9D JD -> draw AC QD 7S (talon 0 left)

--- Phase: declare ---
  Declare point: segfault_society wins 5 pts (('point', 5, 'C'))
  Declare sequence: segfault_society wins 3 pts (('sequence', 3, 13, 'H'))
  Declare set: segfault_society wins 14 pts (('set', 4, 12))

--- Phase: tricks ---
  Trick  1: zybots_ leads KD, segfault_society plays QD -> zybots_ wins
  Trick  2: zybots_ leads AH, segfault_society plays JH -> zybots_ wins
  Trick  3: zybots_ leads AD, segfault_society plays 7C -> zybots_ wins
  Trick  4: zybots_ leads 8H, segfault_society plays QH -> segfault_society wins
  Trick  5: segfault_society leads AC, zybots_ plays JC -> segfault_society wins
  Trick  6: segfault_society leads KH, zybots_ plays 9H -> segfault_society wins
  Trick  7: segfault_society leads QC, zybots_ plays 7D -> segfault_society wins
  Trick  8: segfault_society leads QS, zybots_ plays 8S -> segfault_society wins
  Trick  9: segfault_society leads JS, zybots_ plays 9S -> segfault_society wins
  Trick 10: segfault_society leads 10C, zybots_ plays 10D -> segfault_society wins
  Trick 11: segfault_society leads 9C, zybots_ plays 10H -> segfault_society wins
  Trick 12: segfault_society leads 7S, zybots_ plays 10S -> zybots_ wins
  Hand: segfault_society +40 / zybots_ +5 (tricks 8-4)
  Match total: segfault_society 57 - 45 zybots_
Players: segfault_society vs zybots_
Dealer: zybots_  |  Elder: segfault_society
Match scores: 57 - 45
Talon (8): 8C AC 7D QD 7H 8S 10S AS
segfault_society hand: 9C JC JD KD AD 8H 9H 10H JH KH AH KS
zybots_ hand: 7C 10C QC KC 8D 9D 10D QH 7S 9S JS QS
  Exchange segfault_society: discard 9C JC JD 8H 9H -> draw 8C 7D 7H 8S 10S (talon 3 left)
  Exchange zybots_: discard 7S 9S JS -> draw AC QD AS (talon 0 left)

--- Phase: declare ---
  Declare sequence: zybots_ wins 3 pts (('sequence', 3, 14, 'C'))
  Declare set: segfault_society wins 3 pts (('set', 3, 13))

--- Phase: tricks ---
  Trick  1: segfault_society leads AH, zybots_ plays QH -> segfault_society wins
  Trick  2: segfault_society leads KH, zybots_ plays 7C -> segfault_society wins
  Trick  3: segfault_society leads AD, zybots_ plays 8D -> segfault_society wins
  Trick  4: segfault_society leads KD, zybots_ plays 9D -> segfault_society wins
  Trick  5: segfault_society leads KS, zybots_ plays AS -> zybots_ wins
  Trick  6: zybots_ leads QC, segfault_society plays 8C -> zybots_ wins
  Trick  7: zybots_ leads QD, segfault_society plays 7D -> zybots_ wins
  Trick  8: zybots_ leads KC, segfault_society plays 7H -> zybots_ wins
  Trick  9: zybots_ leads AC, segfault_society plays 8S -> zybots_ wins
  Trick 10: zybots_ leads 10C, segfault_society plays 10H -> zybots_ wins
  Trick 11: zybots_ leads QS, segfault_society plays 10S -> zybots_ wins
  Trick 12: zybots_ leads 10D, segfault_society plays JH -> zybots_ wins
  Hand: segfault_society +7 / zybots_ +22 (tricks 4-8)
  Match total: segfault_society 64 - 67 zybots_
Players: segfault_society vs zybots_
Dealer: segfault_society  |  Elder: zybots_
Match scores: 64 - 67
Talon (8): 8C 10C 7D 8D 9D 9H AH 8S
segfault_society hand: JC QC AC JD QD AD 7H 10H QH 7S JS KS
zybots_ hand: 7C 9C KC 10D KD 8H JH KH 9S 10S QS AS
  Exchange zybots_: discard 7C 9C 10D 8H JH -> draw 8C 10C 7D 8D 8S (talon 3 left)
  Exchange segfault_society: discard 7H 10H 7S -> draw 9D 9H AH (talon 0 left)

--- Phase: declare ---
  Declare point: zybots_ wins 5 pts (('point', 5, 'S'))
  Declare sequence: zybots_ wins 3 pts (('sequence', 3, 10, 'S'))
  Declare set: segfault_society wins 3 pts (('set', 3, 14))

--- Phase: tricks ---
  Trick  1: zybots_ leads AS, segfault_society plays JS -> zybots_ wins
  Trick  2: zybots_ leads 8S, segfault_society plays KS -> segfault_society wins
  Trick  3: segfault_society leads AD, zybots_ plays 7D -> segfault_society wins
  Trick  4: segfault_society leads AC, zybots_ plays 8C -> segfault_society wins
  Trick  5: segfault_society leads AH, zybots_ plays KH -> segfault_society wins
  Trick  6: segfault_society leads QD, zybots_ plays KD -> zybots_ wins
  Trick  7: zybots_ leads KC, segfault_society plays JC -> zybots_ wins
  Trick  8: zybots_ leads 9S, segfault_society plays 9D -> zybots_ wins
  Trick  9: zybots_ leads 10S, segfault_society plays 9H -> zybots_ wins
  Trick 10: zybots_ leads QS, segfault_society plays JD -> zybots_ wins
  Trick 11: zybots_ leads 8D, segfault_society plays QH -> zybots_ wins
  Trick 12: zybots_ leads 10C, segfault_society plays QC -> segfault_society wins
  Hand: segfault_society +9 / zybots_ +25 (tricks 5-7)
  Match total: segfault_society 73 - 92 zybots_
Players: segfault_society vs zybots_
Dealer: zybots_  |  Elder: segfault_society
Match scores: 73 - 92
Talon (8): 8C 10C QC AC 7H 9H QS KS
segfault_society hand: 7C 9C JC KC 8D JD KD AD 8H 8S 9S JS
zybots_ hand: 7D 9D 10D QD 10H JH QH KH AH 7S 10S AS
  Exchange segfault_society: discard 7C 9C 8H 8S 9S -> draw QC AC 7H 9H KS (talon 3 left)
  Exchange zybots_: discard 7D 9D 7S -> draw 8C 10C QS (talon 0 left)

--- Phase: declare ---
  Declare point: zybots_ wins 5 pts (('point', 5, 'H'))
  Declare sequence: zybots_ wins 10 pts (('sequence', 5, 14, 'H'))
  Declare set: segfault_society wins 3 pts (('set', 3, 13))

--- Phase: tricks ---
  Trick  1: segfault_society leads AD, zybots_ plays 10D -> segfault_society wins
  Trick  2: segfault_society leads AC, zybots_ plays 8C -> segfault_society wins
  Trick  3: segfault_society leads KD, zybots_ plays QD -> segfault_society wins
  Trick  4: segfault_society leads KC, zybots_ plays 10C -> segfault_society wins
  Trick  5: segfault_society leads QC, zybots_ plays 10S -> segfault_society wins
  Trick  6: segfault_society leads JC, zybots_ plays 10H -> segfault_society wins
  Trick  7: segfault_society leads KS, zybots_ plays AS -> zybots_ wins
  Trick  8: zybots_ leads JH, segfault_society plays 7H -> zybots_ wins
  Trick  9: zybots_ leads QH, segfault_society plays 9H -> zybots_ wins
  Trick 10: zybots_ leads KH, segfault_society plays 8D -> zybots_ wins
  Trick 11: zybots_ leads AH, segfault_society plays JS -> zybots_ wins
  Trick 12: zybots_ leads QS, segfault_society plays JD -> zybots_ wins
  Hand: segfault_society +9 / zybots_ +22 (tricks 6-6)
  Match total: segfault_society 82 - 114 zybots_
  Final: segfault_society 82 - 114 zybots_
  Winner: zybots_

============================================================
Game 70
============================================================
Players: zybots_ vs segfault_society
Dealer: zybots_  |  Elder: segfault_society
Match scores: 0 - 0
Talon (8): 7C QD 8H QH KH 8S KS AS
zybots_ hand: 8C KC AC 9D AD 7H 9H 10H 7S 9S 10S JS
segfault_society hand: 9C 10C JC QC 7D 8D 10D JD KD JH AH QS
  Exchange segfault_society: discard 7D 8D 10D JD JH -> draw QD QH 8S KS AS (talon 3 left)
  Exchange zybots_: discard 8C 9D 7H -> draw 7C 8H KH (talon 0 left)

--- Phase: declare ---
  Declare point: segfault_society wins 4 pts (('point', 4, 'C'))
  Declare sequence: segfault_society wins 4 pts (('sequence', 4, 12, 'C'))
  Declare set: segfault_society wins 14 pts (('set', 4, 12))

--- Phase: tricks ---
  Trick  1: segfault_society leads AS, zybots_ plays 7S -> segfault_society wins
  Trick  2: segfault_society leads KS, zybots_ plays 9S -> segfault_society wins
  Trick  3: segfault_society leads AH, zybots_ plays 8H -> segfault_society wins
  Trick  4: segfault_society leads QS, zybots_ plays 10S -> segfault_society wins
  Trick  5: segfault_society leads QC, zybots_ plays KC -> zybots_ wins
  Trick  6: zybots_ leads JS, segfault_society plays 8S -> zybots_ wins
  Trick  7: zybots_ leads KH, segfault_society plays QH -> zybots_ wins
  Trick  8: zybots_ leads AD, segfault_society plays QD -> zybots_ wins
  Trick  9: zybots_ leads AC, segfault_society plays 9C -> zybots_ wins
  Trick 10: zybots_ leads 9H, segfault_society plays 10C -> zybots_ wins
  Trick 11: zybots_ leads 10H, segfault_society plays JC -> zybots_ wins
  Trick 12: zybots_ leads 7C, segfault_society plays KD -> zybots_ wins
  Hand: zybots_ +19 / segfault_society +26 (tricks 8-4)
  Match total: zybots_ 19 - 26 segfault_society
Players: zybots_ vs segfault_society
Dealer: segfault_society  |  Elder: zybots_
Match scores: 19 - 26
Talon (8): 10C JC QC 8D JD QD 9S 10S
zybots_ hand: 7C 8C KC 9D KD 7H 8H JH QH AH 7S 8S
segfault_society hand: 9C AC 7D 10D AD 9H 10H KH JS QS KS AS
  Exchange zybots_: discard 7C 8C 9D 7S 8S -> draw JC QC 8D QD 10S (talon 3 left)
  Exchange segfault_society: discard 9C 7D 9H -> draw 10C JD 9S (talon 0 left)

--- Phase: declare ---
  Declare point: segfault_society wins 5 pts (('point', 5, 'S'))
  Declare sequence: segfault_society wins 4 pts (('sequence', 4, 14, 'S'))
  Declare set: segfault_society wins 3 pts (('set', 3, 14))

--- Phase: tricks ---
  Trick  1: zybots_ leads AH, segfault_society plays 10H -> zybots_ wins
  Trick  2: zybots_ leads 7H, segfault_society plays KH -> segfault_society wins
  Trick  3: segfault_society leads AS, zybots_ plays 10S -> segfault_society wins
  Trick  4: segfault_society leads KS, zybots_ plays 8H -> segfault_society wins
  Trick  5: segfault_society leads AD, zybots_ plays 8D -> segfault_society wins
  Trick  6: segfault_society leads QS, zybots_ plays JH -> segfault_society wins
  Trick  7: segfault_society leads AC, zybots_ plays JC -> segfault_society wins
  Trick  8: segfault_society leads JS, zybots_ plays QH -> segfault_society wins
  Trick  9: segfault_society leads JD, zybots_ plays QD -> zybots_ wins
  Trick 10: zybots_ leads QC, segfault_society plays 10C -> zybots_ wins
  Trick 11: zybots_ leads KD, segfault_society plays 10D -> zybots_ wins
  Trick 12: zybots_ leads KC, segfault_society plays 9S -> zybots_ wins
  Hand: zybots_ +6 / segfault_society +29 (tricks 5-7)
  Match total: zybots_ 25 - 55 segfault_society
Players: zybots_ vs segfault_society
Dealer: zybots_  |  Elder: segfault_society
Match scores: 25 - 55
Talon (8): 8C KC 8D AD QH AH 7S QS
zybots_ hand: 7C JC 7D 9D 10D QD 7H 9H JH 10S JS KS
segfault_society hand: 9C 10C QC AC JD KD 8H 10H KH 8S 9S AS
  Exchange segfault_society: discard JD 8H 10H 8S 9S -> draw 8C KC 8D AH 7S (talon 3 left)
  Exchange zybots_: discard 7C 7H 9H -> draw AD QH QS (talon 0 left)

--- Phase: declare ---
  Declare point: segfault_society wins 6 pts (('point', 6, 'C'))
  Declare sequence: zybots_ wins 4 pts (('sequence', 4, 13, 'S'))
  Declare set: segfault_society wins 3 pts (('set', 3, 14))

--- Phase: tricks ---
  Trick  1: segfault_society leads AC, zybots_ plays JC -> segfault_society wins
  Trick  2: segfault_society leads KC, zybots_ plays 7D -> segfault_society wins
  Trick  3: segfault_society leads QC, zybots_ plays 9D -> segfault_society wins
  Trick  4: segfault_society leads AS, zybots_ plays 10S -> segfault_society wins
  Trick  5: segfault_society leads AH, zybots_ plays JH -> segfault_society wins
  Trick  6: segfault_society leads KH, zybots_ plays QH -> segfault_society wins
  Trick  7: segfault_society leads 10C, zybots_ plays 10D -> segfault_society wins
  Trick  8: segfault_society leads KD, zybots_ plays AD -> zybots_ wins
  Trick  9: zybots_ leads JS, segfault_society plays 7S -> zybots_ wins
  Trick 10: zybots_ leads QS, segfault_society plays 8C -> zybots_ wins
  Trick 11: zybots_ leads KS, segfault_society plays 8D -> zybots_ wins
  Trick 12: zybots_ leads QD, segfault_society plays 9C -> zybots_ wins
  Hand: zybots_ +10 / segfault_society +26 (tricks 5-7)
  Match total: zybots_ 35 - 81 segfault_society
Players: zybots_ vs segfault_society
Dealer: segfault_society  |  Elder: zybots_
Match scores: 35 - 81
Talon (8): 8D 9D 8H JH 7S 8S 10S AS
zybots_ hand: 9C QC 7D 10D JD QD KD 10H QH KH QS KS
segfault_society hand: 7C 8C 10C JC KC AC AD 7H 9H AH 9S JS
  Exchange zybots_: discard 9C 7D 10H KH KS -> draw 9D JH 7S 10S AS (talon 3 left)
  Exchange segfault_society: discard 7H 9H 9S -> draw 8D 8H 8S (talon 0 left)

--- Phase: declare ---
  Declare point: segfault_society wins 6 pts (('point', 6, 'C'))
  Declare sequence: zybots_ wins 10 pts (('sequence', 5, 13, 'D'))
  Declare set: segfault_society wins 3 pts (('set', 3, 14))

--- Phase: tricks ---
  Trick  1: zybots_ leads AS, segfault_society plays 8S -> zybots_ wins
  Trick  2: zybots_ leads 9D, segfault_society plays AD -> segfault_society wins
  Trick  3: segfault_society leads AC, zybots_ plays QC -> segfault_society wins
  Trick  4: segfault_society leads KC, zybots_ plays 7S -> segfault_society wins
  Trick  5: segfault_society leads AH, zybots_ plays JH -> segfault_society wins
  Trick  6: segfault_society leads JC, zybots_ plays 10D -> segfault_society wins
  Trick  7: segfault_society leads 10C, zybots_ plays 10S -> segfault_society wins
  Trick  8: segfault_society leads 8C, zybots_ plays JD -> segfault_society wins
  Trick  9: segfault_society leads JS, zybots_ plays QS -> zybots_ wins
  Trick 10: zybots_ leads QD, segfault_society plays 8D -> zybots_ wins
  Trick 11: zybots_ leads KD, segfault_society plays 7C -> zybots_ wins
  Trick 12: zybots_ leads QH, segfault_society plays 8H -> zybots_ wins
  Hand: zybots_ +16 / segfault_society +26 (tricks 5-7)
  Match total: zybots_ 51 - 107 segfault_society
  Final: zybots_ 51 - 107 segfault_society
  Winner: segfault_society

============================================================
Game 71
============================================================
Players: segfault_society vs zybots_
Dealer: segfault_society  |  Elder: zybots_
Match scores: 0 - 0
Talon (8): 7C 8C 10C JC QC AD 9H AS
segfault_society hand: 9C KC AC 9D 10D 8H QH KH AH JS QS KS
zybots_ hand: 7D 8D JD QD KD 7H 10H JH 7S 8S 9S 10S
  Exchange zybots_: discard 7D 8D 7H 10H JH -> draw 8C 10C JC 9H AS (talon 3 left)
  Exchange segfault_society: discard 9C 9D 10D -> draw 7C QC AD (talon 0 left)

--- Phase: declare ---
  Declare point: zybots_ wins 5 pts (('point', 5, 'S'))
  Declare sequence: zybots_ wins 4 pts (('sequence', 4, 10, 'S'))
  Declare set: segfault_society wins 3 pts (('set', 3, 14))

--- Phase: tricks ---
  Trick  1: zybots_ leads AS, segfault_society plays JS -> zybots_ wins
  Trick  2: zybots_ leads 7S, segfault_society plays QS -> segfault_society wins
  Trick  3: segfault_society leads AH, zybots_ plays 9H -> segfault_society wins
  Trick  4: segfault_society leads AC, zybots_ plays 8C -> segfault_society wins
  Trick  5: segfault_society leads KH, zybots_ plays 8S -> segfault_society wins
  Trick  6: segfault_society leads KC, zybots_ plays 10C -> segfault_society wins
  Trick  7: segfault_society leads QH, zybots_ plays 9S -> segfault_society wins
  Trick  8: segfault_society leads QC, zybots_ plays JC -> segfault_society wins
  Trick  9: segfault_society leads AD, zybots_ plays JD -> segfault_society wins
  Trick 10: segfault_society leads KS, zybots_ plays 10S -> segfault_society wins
  Trick 11: segfault_society leads 8H, zybots_ plays QD -> segfault_society wins
  Trick 12: segfault_society leads 7C, zybots_ plays KD -> segfault_society wins
  Hand: segfault_society +25 / zybots_ +10 (tricks 11-1)
  Match total: segfault_society 25 - 10 zybots_
Players: segfault_society vs zybots_
Dealer: zybots_  |  Elder: segfault_society
Match scores: 25 - 10
Talon (8): 8C 7D 8D JD QD KH 7S KS
segfault_society hand: 7C 10C QC 9D AD QH AH 9S 10S JS QS AS
zybots_ hand: 9C JC KC AC 10D KD 7H 8H 9H 10H JH 8S
  Exchange segfault_society: discard 7C 10C QC 9D QH -> draw 8C 7D JD KH 7S (talon 3 left)
  Exchange zybots_: discard 9C 10D 8S -> draw 8D QD KS (talon 0 left)

--- Phase: declare ---
  Declare point: segfault_society wins 6 pts (('point', 6, 'S'))
  Declare sequence: zybots_ wins 10 pts (('sequence', 5, 11, 'H'))
  Declare set: segfault_society wins 3 pts (('set', 3, 14))

--- Phase: tricks ---
  Trick  1: segfault_society leads AS, zybots_ plays KS -> segfault_society wins
  Trick  2: segfault_society leads AD, zybots_ plays 8D -> segfault_society wins
  Trick  3: segfault_society leads AH, zybots_ plays 7H -> segfault_society wins
  Trick  4: segfault_society leads KH, zybots_ plays 8H -> segfault_society wins
  Trick  5: segfault_society leads QS, zybots_ plays 9H -> segfault_society wins
  Trick  6: segfault_society leads JS, zybots_ plays 10H -> segfault_society wins
  Trick  7: segfault_society leads 10S, zybots_ plays JC -> segfault_society wins
  Trick  8: segfault_society leads JD, zybots_ plays QD -> zybots_ wins
  Trick  9: zybots_ leads KD, segfault_society plays 7D -> zybots_ wins
  Trick 10: zybots_ leads KC, segfault_society plays 8C -> zybots_ wins
  Trick 11: zybots_ leads AC, segfault_society plays 7S -> zybots_ wins
  Trick 12: zybots_ leads JH, segfault_society plays 9S -> zybots_ wins
  Hand: segfault_society +26 / zybots_ +16 (tricks 7-5)
  Match total: segfault_society 51 - 26 zybots_
Players: segfault_society vs zybots_
Dealer: segfault_society  |  Elder: zybots_
Match scores: 51 - 26
Talon (8): 10C QC AC 8D QD 10S QS KS
segfault_society hand: 7C KC 10D JD AD 7H 9H 10H 8S 9S JS AS
zybots_ hand: 8C 9C JC 7D 9D KD 8H JH QH KH AH 7S
  Exchange zybots_: discard 8C 9C 7D 9D 7S -> draw 10C AC 8D QD 10S (talon 3 left)
  Exchange segfault_society: discard 7C 7H 9H -> draw QC QS KS (talon 0 left)

--- Phase: declare ---
  Declare point: segfault_society wins 6 pts (('point', 6, 'S'))

--- Phase: tricks ---
  Trick  1: zybots_ leads JH, segfault_society plays 10H -> zybots_ wins
  Trick  2: zybots_ leads QH, segfault_society plays 8S -> zybots_ wins
  Trick  3: zybots_ leads KH, segfault_society plays 9S -> zybots_ wins
  Trick  4: zybots_ leads AH, segfault_society plays 10D -> zybots_ wins
  Trick  5: zybots_ leads AC, segfault_society plays QC -> zybots_ wins
  Trick  6: zybots_ leads 8D, segfault_society plays JD -> segfault_society wins
  Trick  7: segfault_society leads AS, zybots_ plays 10S -> segfault_society wins
  Trick  8: segfault_society leads KS, zybots_ plays 8H -> segfault_society wins
  Trick  9: segfault_society leads QS, zybots_ plays 10C -> segfault_society wins
  Trick 10: segfault_society leads AD, zybots_ plays QD -> segfault_society wins
  Trick 11: segfault_society leads KC, zybots_ plays JC -> segfault_society wins
  Trick 12: segfault_society leads JS, zybots_ plays KD -> segfault_society wins
  Hand: segfault_society +24 / zybots_ +5 (tricks 7-5)
  Match total: segfault_society 75 - 31 zybots_
Players: segfault_society vs zybots_
Dealer: zybots_  |  Elder: segfault_society
Match scores: 75 - 31
Talon (8): 7C 9C JC KC 7D JH 7S QS
segfault_society hand: 8C 10C QC 10D JD QD AD 8H QH 8S 10S JS
zybots_ hand: AC 8D 9D KD 7H 9H 10H KH AH 9S KS AS
  Exchange segfault_society: discard 8C 10C 8H 8S 10S -> draw 7C 9C KC JH 7S (talon 3 left)
  Exchange zybots_: discard 8D 9D 9S -> draw JC 7D QS (talon 0 left)

--- Phase: declare ---
  Declare point: zybots_ wins 5 pts (('point', 5, 'H'))
  Declare sequence: zybots_ wins 3 pts (('sequence', 3, 14, 'S'))
  Declare set: zybots_ wins 3 pts (('set', 3, 14))

--- Phase: tricks ---
  Trick  1: segfault_society leads AD, zybots_ plays 7D -> segfault_society wins
  Trick  2: segfault_society leads KC, zybots_ plays AC -> zybots_ wins
  Trick  3: zybots_ leads QS, segfault_society plays 7S -> zybots_ wins
  Trick  4: zybots_ leads KH, segfault_society plays JH -> zybots_ wins
  Trick  5: zybots_ leads KD, segfault_society plays 10D -> zybots_ wins
  Trick  6: zybots_ leads KS, segfault_society plays JS -> zybots_ wins
  Trick  7: zybots_ leads AS, segfault_society plays 7C -> zybots_ wins
  Trick  8: zybots_ leads AH, segfault_society plays QH -> zybots_ wins
  Trick  9: zybots_ leads 7H, segfault_society plays 9C -> zybots_ wins
  Trick 10: zybots_ leads 9H, segfault_society plays JD -> zybots_ wins
  Trick 11: zybots_ leads 10H, segfault_society plays QD -> zybots_ wins
  Trick 12: zybots_ leads JC, segfault_society plays QC -> segfault_society wins
  Hand: segfault_society +3 / zybots_ +31 (tricks 2-10)
  Match total: segfault_society 78 - 62 zybots_
Players: segfault_society vs zybots_
Dealer: segfault_society  |  Elder: zybots_
Match scores: 78 - 62
Talon (8): 10C JC QC 7D JD KD 8H 9H
segfault_society hand: 8C 9C KC 9D 10D QD JH QH AH 9S JS AS
zybots_ hand: 7C AC 8D AD 7H 10H KH 7S 8S 10S QS KS
  Exchange zybots_: discard 7C 8D 7H 10H KH -> draw QC JD KD 8H 9H (talon 3 left)
  Exchange segfault_society: discard 8C 9C 9S -> draw 10C JC 7D (talon 0 left)

--- Phase: declare ---
  Declare point: zybots_ wins 5 pts (('point', 5, 'S'))
  Declare set: segfault_society wins 3 pts (('set', 3, 11))

--- Phase: tricks ---
  Trick  1: zybots_ leads KD, segfault_society plays 7D -> zybots_ wins
  Trick  2: zybots_ leads AD, segfault_society plays 9D -> zybots_ wins
  Trick  3: zybots_ leads AC, segfault_society plays 10C -> zybots_ wins
  Trick  4: zybots_ leads 7S, segfault_society plays JS -> segfault_society wins
  Trick  5: segfault_society leads AH, zybots_ plays 8H -> segfault_society wins
  Trick  6: segfault_society leads KC, zybots_ plays QC -> segfault_society wins
  Trick  7: segfault_society leads QD, zybots_ plays JD -> segfault_society wins
  Trick  8: segfault_society leads AS, zybots_ plays 8S -> segfault_society wins
  Trick  9: segfault_society leads QH, zybots_ plays 9H -> segfault_society wins
  Trick 10: segfault_society leads JH, zybots_ plays 10S -> segfault_society wins
  Trick 11: segfault_society leads JC, zybots_ plays QS -> segfault_society wins
  Trick 12: segfault_society leads 10D, zybots_ plays KS -> segfault_society wins
  Hand: segfault_society +23 / zybots_ +8 (tricks 9-3)
  Match total: segfault_society 101 - 70 zybots_
  Final: segfault_society 101 - 70 zybots_
  Winner: segfault_society

============================================================
Game 72
============================================================
Players: zybots_ vs segfault_society
Dealer: zybots_  |  Elder: segfault_society
Match scores: 0 - 0
Talon (8): 7D JD QD KD 8H 8S QS AS
zybots_ hand: 7C 9C 10C JC KC 9D AD 9H JH AH 10S JS
segfault_society hand: 8C QC AC 8D 10D 7H 10H QH KH 7S 9S KS
  Exchange segfault_society: discard 8C 8D 10D 7S 9S -> draw QD 8H 8S QS AS (talon 3 left)
  Exchange zybots_: discard 9D 9H 10S -> draw 7D JD KD (talon 0 left)

--- Phase: declare ---
  Declare point: zybots_ wins 5 pts (('point', 5, 'C'))
  Declare sequence: segfault_society wins 3 pts (('sequence', 3, 14, 'S'))
  Declare set: segfault_society wins 14 pts (('set', 4, 12))

--- Phase: tricks ---
  Trick  1: segfault_society leads AS, zybots_ plays JS -> segfault_society wins
  Trick  2: segfault_society leads KS, zybots_ plays 7C -> segfault_society wins
  Trick  3: segfault_society leads AC, zybots_ plays 9C -> segfault_society wins
  Trick  4: segfault_society leads QS, zybots_ plays 7D -> segfault_society wins
  Trick  5: segfault_society leads KH, zybots_ plays AH -> zybots_ wins
  Trick  6: zybots_ leads KC, segfault_society plays QC -> zybots_ wins
  Trick  7: zybots_ leads KD, segfault_society plays QD -> zybots_ wins
  Trick  8: zybots_ leads AD, segfault_society plays 7H -> zybots_ wins
  Trick  9: zybots_ leads 10C, segfault_society plays 8S -> zybots_ wins
  Trick 10: zybots_ leads JC, segfault_society plays 8H -> zybots_ wins
  Trick 11: zybots_ leads JH, segfault_society plays QH -> segfault_society wins
  Trick 12: segfault_society leads 10H, zybots_ plays JD -> segfault_society wins
  Hand: zybots_ +11 / segfault_society +24 (tricks 6-6)
  Match total: zybots_ 11 - 24 segfault_society
Players: zybots_ vs segfault_society
Dealer: segfault_society  |  Elder: zybots_
Match scores: 11 - 24
Talon (8): QC 9D 9H 10H QH 8S 10S KS
zybots_ hand: 7C 8C 10C KC 8D QD AD 7H 8H JH AH JS
segfault_society hand: 9C JC AC 7D 10D JD KD KH 7S 9S QS AS
  Exchange zybots_: discard 7C 8C 10C 8D JS -> draw QC 9H 10H 8S KS (talon 3 left)
  Exchange segfault_society: discard 9C 7S 9S -> draw 9D QH 10S (talon 0 left)

--- Phase: declare ---
  Declare point: zybots_ wins 6 pts (('point', 6, 'H'))
  Declare sequence: zybots_ wins 10 pts (('sequence', 5, 11, 'H'))

--- Phase: tricks ---
  Trick  1: zybots_ leads AH, segfault_society plays QH -> zybots_ wins
  Trick  2: zybots_ leads AD, segfault_society plays 7D -> zybots_ wins
  Trick  3: zybots_ leads 7H, segfault_society plays KH -> segfault_society wins
  Trick  4: segfault_society leads KD, zybots_ plays QD -> segfault_society wins
  Trick  5: segfault_society leads AS, zybots_ plays 8S -> segfault_society wins
  Trick  6: segfault_society leads AC, zybots_ plays QC -> segfault_society wins
  Trick  7: segfault_society leads JD, zybots_ plays 8H -> segfault_society wins
  Trick  8: segfault_society leads QS, zybots_ plays KS -> zybots_ wins
  Trick  9: zybots_ leads KC, segfault_society plays JC -> zybots_ wins
  Trick 10: zybots_ leads 9H, segfault_society plays 9D -> zybots_ wins
  Trick 11: zybots_ leads 10H, segfault_society plays 10D -> zybots_ wins
  Trick 12: zybots_ leads JH, segfault_society plays 10S -> zybots_ wins
  Hand: zybots_ +34 / segfault_society +5 (tricks 7-5)
  Match total: zybots_ 45 - 29 segfault_society
Players: zybots_ vs segfault_society
Dealer: zybots_  |  Elder: segfault_society
Match scores: 45 - 29
Talon (8): 8C QC AC 7D 9D JD QD KS
zybots_ hand: 7C 10C JC KD 7H 9H AH 8S 10S JS QS AS
segfault_society hand: 9C KC 8D 10D AD 8H 10H JH QH KH 7S 9S
  Exchange segfault_society: discard 9C 8D 10D 7S 9S -> draw QC AC 7D JD QD (talon 3 left)
  Exchange zybots_: discard 7C 7H 9H -> draw 8C 9D KS (talon 0 left)

--- Phase: declare ---
  Declare point: zybots_ wins 6 pts (('point', 6, 'S'))
  Declare sequence: zybots_ wins 10 pts (('sequence', 5, 14, 'S'))
  Declare set: segfault_society wins 3 pts (('set', 3, 12))

--- Phase: tricks ---
  Trick  1: segfault_society leads AD, zybots_ plays 9D -> segfault_society wins
  Trick  2: segfault_society leads AC, zybots_ plays 8C -> segfault_society wins
  Trick  3: segfault_society leads KC, zybots_ plays 10C -> segfault_society wins
  Trick  4: segfault_society leads QC, zybots_ plays JC -> segfault_society wins
  Trick  5: segfault_society leads KH, zybots_ plays AH -> zybots_ wins
  Trick  6: zybots_ leads 10S, segfault_society plays 7D -> zybots_ wins
  Trick  7: zybots_ leads JS, segfault_society plays 8H -> zybots_ wins
  Trick  8: zybots_ leads QS, segfault_society plays 10H -> zybots_ wins
  Trick  9: zybots_ leads KD, segfault_society plays JD -> zybots_ wins
  Trick 10: zybots_ leads KS, segfault_society plays JH -> zybots_ wins
  Trick 11: zybots_ leads AS, segfault_society plays QH -> zybots_ wins
  Trick 12: zybots_ leads 8S, segfault_society plays QD -> zybots_ wins
  Hand: zybots_ +35 / segfault_society +7 (tricks 8-4)
  Match total: zybots_ 80 - 36 segfault_society
Players: zybots_ vs segfault_society
Dealer: segfault_society  |  Elder: zybots_
Match scores: 80 - 36
Talon (8): 9C KC AC 9D JD QH KH KS
zybots_ hand: JC QC 7D KD AD 7H 9H 10H JH 10S JS AS
segfault_society hand: 7C 8C 10C 8D 10D QD 8H AH 7S 8S 9S QS
  Exchange zybots_: discard QC 7D KD 10S AS -> draw AC 9D QH KH KS (talon 3 left)
  Exchange segfault_society: discard 7C 8C 8H -> draw 9C KC JD (talon 0 left)

--- Phase: declare ---
  Declare point: zybots_ wins 6 pts (('point', 6, 'H'))
  Declare sequence: zybots_ wins 10 pts (('sequence', 5, 13, 'H'))
  Declare set: zybots_ wins 3 pts (('set', 3, 11))

--- Phase: tricks ---
  Trick  1: zybots_ leads AD, segfault_society plays 8D -> zybots_ wins
  Trick  2: zybots_ leads AC, segfault_society plays 9C -> zybots_ wins
  Trick  3: zybots_ leads 7H, segfault_society plays AH -> segfault_society wins
  Trick  4: segfault_society leads KC, zybots_ plays JC -> segfault_society wins
  Trick  5: segfault_society leads QS, zybots_ plays KS -> zybots_ wins
  Trick  6: zybots_ leads 9H, segfault_society plays 7S -> zybots_ wins
  Trick  7: zybots_ leads 10H, segfault_society plays 8S -> zybots_ wins
  Trick  8: zybots_ leads JH, segfault_society plays 9S -> zybots_ wins
  Trick  9: zybots_ leads QH, segfault_society plays 10D -> zybots_ wins
  Trick 10: zybots_ leads JS, segfault_society plays 10C -> zybots_ wins
  Trick 11: zybots_ leads KH, segfault_society plays JD -> zybots_ wins
  Trick 12: zybots_ leads 9D, segfault_society plays QD -> segfault_society wins
  Hand: zybots_ +38 / segfault_society +4 (tricks 9-3)
  Match total: zybots_ 118 - 40 segfault_society
  Final: zybots_ 118 - 40 segfault_society
  Winner: zybots_

============================================================
Game 73
============================================================
Players: segfault_society vs zybots_
Dealer: segfault_society  |  Elder: zybots_
Match scores: 0 - 0
Talon (8): 9C KC AC 9D KD AH QS AS
segfault_society hand: 7C 8C 10C QC 7D 10D JD AD 7S 8S 9S JS
zybots_ hand: JC 8D QD 7H 8H 9H 10H JH QH KH 10S KS
  Exchange zybots_: discard JC 8D QD 10S KS -> draw 9C AC 9D KD AH (talon 3 left)
  Exchange segfault_society: discard 7C 8C 10C -> draw KC QS AS (talon 0 left)

--- Phase: declare ---
  Declare point: zybots_ wins 8 pts (('point', 8, 'H'))
  Declare sequence: zybots_ wins 13 pts (('sequence', 8, 14, 'H'))

--- Phase: tricks ---
  Trick  1: zybots_ leads 7H, segfault_society plays 7D -> zybots_ wins
  Trick  2: zybots_ leads 8H, segfault_society plays 7S -> zybots_ wins
  Trick  3: zybots_ leads 9H, segfault_society plays 8S -> zybots_ wins
  Trick  4: zybots_ leads 10H, segfault_society plays 9S -> zybots_ wins
  Trick  5: zybots_ leads JH, segfault_society plays 10D -> zybots_ wins
  Trick  6: zybots_ leads QH, segfault_society plays JD -> zybots_ wins
  Trick  7: zybots_ leads KH, segfault_society plays JS -> zybots_ wins
  Trick  8: zybots_ leads AH, segfault_society plays QC -> zybots_ wins
  Trick  9: zybots_ leads AC, segfault_society plays KC -> zybots_ wins
  Trick 10: zybots_ leads 9D, segfault_society plays AD -> segfault_society wins
  Trick 11: segfault_society leads AS, zybots_ plays 9C -> segfault_society wins
  Trick 12: segfault_society leads QS, zybots_ plays KD -> segfault_society wins
  Hand: segfault_society +4 / zybots_ +40 (tricks 3-9)
  Match total: segfault_society 4 - 40 zybots_
Players: segfault_society vs zybots_
Dealer: zybots_  |  Elder: segfault_society
Match scores: 4 - 40
Talon (8): 7C KC AC QD 8H 9H JH JS
segfault_society hand: QC 9D 10D KD AD 7H 10H QH KH 7S 8S QS
zybots_ hand: 8C 9C 10C JC 7D 8D JD AH 9S 10S KS AS
  Exchange segfault_society: discard QC 7H 10H 7S 8S -> draw 7C KC AC QD JH (talon 3 left)
  Exchange zybots_: discard 7D 8D JD -> draw 8H 9H JS (talon 0 left)

--- Phase: declare ---
  Declare sequence: zybots_ wins 4 pts (('sequence', 4, 11, 'C'))
  Declare set: segfault_society wins 3 pts (('set', 3, 13))

--- Phase: tricks ---
  Trick  1: segfault_society leads AD, zybots_ plays 8C -> segfault_society wins
  Trick  2: segfault_society leads KD, zybots_ plays 8H -> segfault_society wins
  Trick  3: segfault_society leads AC, zybots_ plays 9C -> segfault_society wins
  Trick  4: segfault_society leads QD, zybots_ plays 9S -> segfault_society wins
  Trick  5: segfault_society leads KC, zybots_ plays 10C -> segfault_society wins
  Trick  6: segfault_society leads KH, zybots_ plays AH -> zybots_ wins
  Trick  7: zybots_ leads KS, segfault_society plays QS -> zybots_ wins
  Trick  8: zybots_ leads AS, segfault_society plays 7C -> zybots_ wins
  Trick  9: zybots_ leads 10S, segfault_society plays 9D -> zybots_ wins
  Trick 10: zybots_ leads JC, segfault_society plays 10D -> zybots_ wins
  Trick 11: zybots_ leads JS, segfault_society plays JH -> zybots_ wins
  Trick 12: zybots_ leads 9H, segfault_society plays QH -> segfault_society wins
  Hand: segfault_society +10 / zybots_ +10 (tricks 6-6)
  Match total: segfault_society 14 - 50 zybots_
Players: segfault_society vs zybots_
Dealer: segfault_society  |  Elder: zybots_
Match scores: 14 - 50
Talon (8): 8C 10C 7D 9D 10H QH AH AS
segfault_society hand: 7C 9C JC QC KC 8D JD QD KD 8H 9S 10S
zybots_ hand: AC 10D AD 7H 9H JH KH 7S 8S JS QS KS
  Exchange zybots_: discard 10D 7H 9H JH KH -> draw 8C 7D 10H QH AH (talon 3 left)
  Exchange segfault_society: discard 8H 9S 10S -> draw 10C 9D AS (talon 0 left)

--- Phase: declare ---
  Declare point: segfault_society wins 6 pts (('point', 6, 'C'))
  Declare sequence: segfault_society wins 10 pts (('sequence', 5, 13, 'C'))
  Declare set: zybots_ wins 3 pts (('set', 3, 14))

--- Phase: tricks ---
  Trick  1: zybots_ leads AD, segfault_society plays 8D -> zybots_ wins
  Trick  2: zybots_ leads AC, segfault_society plays 7C -> zybots_ wins
  Trick  3: zybots_ leads AH, segfault_society plays 9C -> zybots_ wins
  Trick  4: zybots_ leads 7S, segfault_society plays AS -> segfault_society wins
  Trick  5: segfault_society leads KD, zybots_ plays 7D -> segfault_society wins
  Trick  6: segfault_society leads KC, zybots_ plays 8C -> segfault_society wins
  Trick  7: segfault_society leads QC, zybots_ plays 8S -> segfault_society wins
  Trick  8: segfault_society leads QD, zybots_ plays 10H -> segfault_society wins
  Trick  9: segfault_society leads JD, zybots_ plays JS -> segfault_society wins
  Trick 10: segfault_society leads JC, zybots_ plays QS -> segfault_society wins
  Trick 11: segfault_society leads 10C, zybots_ plays QH -> segfault_society wins
  Trick 12: segfault_society leads 9D, zybots_ plays KS -> segfault_society wins
  Hand: segfault_society +36 / zybots_ +6 (tricks 9-3)
  Match total: segfault_society 50 - 56 zybots_
Players: segfault_society vs zybots_
Dealer: zybots_  |  Elder: segfault_society
Match scores: 50 - 56
Talon (8): 8D 10D JD KD JH QH AH 10S
segfault_society hand: 10C QC 7D QD 7H 9H KH 7S 8S 9S KS AS
zybots_ hand: 7C 8C 9C JC KC AC 9D AD 8H 10H JS QS
  Exchange segfault_society: discard 10C 7D QD 7H 9H -> draw 8D KD JH QH 10S (talon 3 left)
  Exchange zybots_: discard 9D 8H 10H -> draw 10D JD AH (talon 0 left)

--- Phase: declare ---
  Declare sequence: segfault_society wins 4 pts (('sequence', 4, 10, 'S'))
  Declare set: zybots_ wins 3 pts (('set', 3, 14))

--- Phase: tricks ---
  Trick  1: segfault_society leads AS, zybots_ plays JS -> segfault_society wins
  Trick  2: segfault_society leads KS, zybots_ plays QS -> segfault_society wins
  Trick  3: segfault_society leads 10S, zybots_ plays 7C -> segfault_society wins
  Trick  4: segfault_society leads KH, zybots_ plays AH -> zybots_ wins
  Trick  5: zybots_ leads KC, segfault_society plays QC -> zybots_ wins
  Trick  6: zybots_ leads AC, segfault_society plays 7S -> zybots_ wins
  Trick  7: zybots_ leads AD, segfault_society plays 8D -> zybots_ wins
  Trick  8: zybots_ leads 8C, segfault_society plays 8S -> zybots_ wins
  Trick  9: zybots_ leads 9C, segfault_society plays 9S -> zybots_ wins
  Trick 10: zybots_ leads 10D, segfault_society plays KD -> segfault_society wins
  Trick 11: segfault_society leads QH, zybots_ plays JC -> segfault_society wins
  Trick 12: segfault_society leads JH, zybots_ plays JD -> segfault_society wins
  Hand: segfault_society +11 / zybots_ +9 (tricks 6-6)
  Match total: segfault_society 61 - 65 zybots_
Players: segfault_society vs zybots_
Dealer: segfault_society  |  Elder: zybots_
Match scores: 61 - 65
Talon (8): 7C 9C 7D 9D 10D JD AD JS
segfault_society hand: JC KC AC 8D QD KD 7H 8H 10H 7S QS KS
zybots_ hand: 8C 10C QC 9H JH QH KH AH 8S 9S 10S AS
  Exchange zybots_: discard 8C 10C QC 9H AS -> draw 9C 7D JD AD JS (talon 3 left)
  Exchange segfault_society: discard 8D 7H 7S -> draw 7C 9D 10D (talon 0 left)

--- Phase: declare ---
  Declare point: zybots_ wins 4 pts (('point', 4, 'H'))
  Declare sequence: zybots_ wins 4 pts (('sequence', 4, 14, 'H'))
  Declare set: segfault_society wins 3 pts (('set', 3, 13))

--- Phase: tricks ---
  Trick  1: zybots_ leads JH, segfault_society plays 8H -> zybots_ wins
  Trick  2: zybots_ leads QH, segfault_society plays 10H -> zybots_ wins
  Trick  3: zybots_ leads KH, segfault_society plays 7C -> zybots_ wins
  Trick  4: zybots_ leads AH, segfault_society plays 9D -> zybots_ wins
  Trick  5: zybots_ leads AD, segfault_society plays 10D -> zybots_ wins
  Trick  6: zybots_ leads 8S, segfault_society plays QS -> segfault_society wins
  Trick  7: segfault_society leads AC, zybots_ plays 9C -> segfault_society wins
  Trick  8: segfault_society leads KC, zybots_ plays 7D -> segfault_society wins
  Trick  9: segfault_society leads KD, zybots_ plays JD -> segfault_society wins
  Trick 10: segfault_society leads QD, zybots_ plays 9S -> segfault_society wins
  Trick 11: segfault_society leads KS, zybots_ plays 10S -> segfault_society wins
  Trick 12: segfault_society leads JC, zybots_ plays JS -> segfault_society wins
  Hand: segfault_society +21 / zybots_ +13 (tricks 7-5)
  Match total: segfault_society 82 - 78 zybots_
Players: segfault_society vs zybots_
Dealer: zybots_  |  Elder: segfault_society
Match scores: 82 - 78
Talon (8): 9C JC QC AC QD 10S QS AS
segfault_society hand: 7C 10C 7D JD KD 8H QH KH AH 7S 8S JS
zybots_ hand: 8C KC 8D 9D 10D AD 7H 9H 10H JH 9S KS
  Exchange segfault_society: discard 7C 10C 7D 7S 8S -> draw 9C QC QD QS AS (talon 3 left)
  Exchange zybots_: discard 8C 7H 9S -> draw JC AC 10S (talon 0 left)

--- Phase: declare ---
  Declare point: segfault_society wins 4 pts (('point', 4, 'H'))
  Declare sequence: segfault_society wins 3 pts (('sequence', 3, 14, 'H'))
  Declare set: segfault_society wins 14 pts (('set', 4, 12))

--- Phase: tricks ---
  Trick  1: segfault_society leads AH, zybots_ plays 9H -> segfault_society wins
  Trick  2: segfault_society leads AS, zybots_ plays 10S -> segfault_society wins
  Trick  3: segfault_society leads KH, zybots_ plays 10H -> segfault_society wins
  Trick  4: segfault_society leads QH, zybots_ plays JH -> segfault_society wins
  Trick  5: segfault_society leads KD, zybots_ plays AD -> zybots_ wins
  Trick  6: zybots_ leads KC, segfault_society plays 9C -> zybots_ wins
  Trick  7: zybots_ leads KS, segfault_society plays JS -> zybots_ wins
  Trick  8: zybots_ leads AC, segfault_society plays QC -> zybots_ wins
  Trick  9: zybots_ leads 8D, segfault_society plays JD -> segfault_society wins
  Trick 10: segfault_society leads QS, zybots_ plays 9D -> segfault_society wins
  Trick 11: segfault_society leads QD, zybots_ plays 10D -> segfault_society wins
  Trick 12: segfault_society leads 8H, zybots_ plays JC -> segfault_society wins
  Hand: segfault_society +40 / zybots_ +4 (tricks 8-4)
  Match total: segfault_society 122 - 82 zybots_
  Final: segfault_society 122 - 82 zybots_
  Winner: segfault_society

============================================================
Game 74
============================================================
Players: zybots_ vs segfault_society
Dealer: zybots_  |  Elder: segfault_society
Match scores: 0 - 0
Talon (8): 8C JC AC 8D QH AH 8S 9S
zybots_ hand: 10C QC 7D 9D QD AD 7H 8H 10H KH 7S QS
segfault_society hand: 7C 9C KC 10D JD KD 9H JH 10S JS KS AS
  Exchange segfault_society: discard 7C 9C 10D 9H JH -> draw 8C JC AC AH 9S (talon 3 left)
  Exchange zybots_: discard 7H 8H 7S -> draw 8D QH 8S (talon 0 left)

--- Phase: declare ---
  Declare point: segfault_society wins 5 pts (('point', 5, 'S'))
  Declare sequence: segfault_society wins 3 pts (('sequence', 3, 11, 'S'))
  Declare set: segfault_society wins 3 pts (('set', 3, 14))

--- Phase: tricks ---
  Trick  1: segfault_society leads AS, zybots_ plays 8S -> segfault_society wins
  Trick  2: segfault_society leads AC, zybots_ plays 10C -> segfault_society wins
  Trick  3: segfault_society leads KS, zybots_ plays QS -> segfault_society wins
  Trick  4: segfault_society leads KC, zybots_ plays QC -> segfault_society wins
  Trick  5: segfault_society leads AH, zybots_ plays 10H -> segfault_society wins
  Trick  6: segfault_society leads JS, zybots_ plays 7D -> segfault_society wins
  Trick  7: segfault_society leads KD, zybots_ plays AD -> zybots_ wins
  Trick  8: zybots_ leads QH, segfault_society plays 8C -> zybots_ wins
  Trick  9: zybots_ leads KH, segfault_society plays 9S -> zybots_ wins
  Trick 10: zybots_ leads 8D, segfault_society plays JD -> segfault_society wins
  Trick 11: segfault_society leads JC, zybots_ plays 9D -> segfault_society wins
  Trick 12: segfault_society leads 10S, zybots_ plays QD -> segfault_society wins
  Hand: zybots_ +3 / segfault_society +31 (tricks 3-9)
  Match total: zybots_ 3 - 31 segfault_society
Players: zybots_ vs segfault_society
Dealer: segfault_society  |  Elder: zybots_
Match scores: 3 - 31
Talon (8): 9C 8D KD 10H KH 10S QS KS
zybots_ hand: 7C 10C JC QC AC 7D QD AD 8H JH 8S AS
segfault_society hand: 8C KC 9D 10D JD 7H 9H QH AH 7S 9S JS
  Exchange zybots_: discard 7D QD 8H JH 8S -> draw 9C KD 10H KH QS (talon 3 left)
  Exchange segfault_society: discard 8C 7S 9S -> draw 8D 10S KS (talon 0 left)

--- Phase: declare ---
  Declare point: zybots_ wins 6 pts (('point', 6, 'C'))
  Declare sequence: zybots_ wins 4 pts (('sequence', 4, 12, 'C'))
  Declare set: zybots_ wins 3 pts (('set', 3, 14))

--- Phase: tricks ---
  Trick  1: zybots_ leads KD, segfault_society plays 8D -> zybots_ wins
  Trick  2: zybots_ leads AS, segfault_society plays 10S -> zybots_ wins
  Trick  3: zybots_ leads AC, segfault_society plays KC -> zybots_ wins
  Trick  4: zybots_ leads AD, segfault_society plays 9D -> zybots_ wins
  Trick  5: zybots_ leads 7C, segfault_society plays 7H -> zybots_ wins
  Trick  6: zybots_ leads 9C, segfault_society plays 9H -> zybots_ wins
  Trick  7: zybots_ leads 10C, segfault_society plays 10D -> zybots_ wins
  Trick  8: zybots_ leads JC, segfault_society plays JD -> zybots_ wins
  Trick  9: zybots_ leads 10H, segfault_society plays QH -> segfault_society wins
  Trick 10: segfault_society leads KS, zybots_ plays QS -> segfault_society wins
  Trick 11: segfault_society leads AH, zybots_ plays KH -> segfault_society wins
  Trick 12: segfault_society leads JS, zybots_ plays QC -> segfault_society wins
  Hand: zybots_ +31 / segfault_society +5 (tricks 8-4)
  Match total: zybots_ 34 - 36 segfault_society
Players: zybots_ vs segfault_society
Dealer: zybots_  |  Elder: segfault_society
Match scores: 34 - 36
Talon (8): JC KC KD JH KH 7S QS AS
zybots_ hand: 8C 9C QC AC 7D 9D QD AD 7H QH 8S KS
segfault_society hand: 7C 10C 8D 10D JD 8H 9H 10H AH 9S 10S JS
  Exchange segfault_society: discard 7C 8D 10D 9S 10S -> draw KD JH KH 7S AS (talon 3 left)
  Exchange zybots_: discard 7D 7H 8S -> draw JC KC QS (talon 0 left)

--- Phase: declare ---
  Declare sequence: zybots_ wins 4 pts (('sequence', 4, 14, 'C'))
  Declare set: zybots_ wins 14 pts (('set', 4, 12))

--- Phase: tricks ---
  Trick  1: segfault_society leads AH, zybots_ plays QH -> segfault_society wins
  Trick  2: segfault_society leads KH, zybots_ plays 8C -> segfault_society wins
  Trick  3: segfault_society leads AS, zybots_ plays QS -> segfault_society wins
  Trick  4: segfault_society leads JH, zybots_ plays 9C -> segfault_society wins
  Trick  5: segfault_society leads 10H, zybots_ plays 9D -> segfault_society wins
  Trick  6: segfault_society leads KD, zybots_ plays AD -> zybots_ wins
  Trick  7: zybots_ leads JC, segfault_society plays 10C -> zybots_ wins
  Trick  8: zybots_ leads QC, segfault_society plays 7S -> zybots_ wins
  Trick  9: zybots_ leads KS, segfault_society plays JS -> zybots_ wins
  Trick 10: zybots_ leads KC, segfault_society plays 8H -> zybots_ wins
  Trick 11: zybots_ leads AC, segfault_society plays 9H -> zybots_ wins
  Trick 12: zybots_ leads QD, segfault_society plays JD -> zybots_ wins
  Hand: zybots_ +36 / segfault_society +5 (tricks 7-5)
  Match total: zybots_ 70 - 41 segfault_society
Players: zybots_ vs segfault_society
Dealer: segfault_society  |  Elder: zybots_
Match scores: 70 - 41
Talon (8): 7C 7D 9D JH AH QS KS AS
zybots_ hand: 8C QC KC 10D JD KD 8H QH 7S 8S 9S JS
segfault_society hand: 9C 10C JC AC 8D QD AD 7H 9H 10H KH 10S
  Exchange zybots_: discard 8C QC 10D JD 8H -> draw 7C 7D 9D AH AS (talon 3 left)
  Exchange segfault_society: discard 8D 7H 9H -> draw JH QS KS (talon 0 left)

--- Phase: declare ---
  Declare point: zybots_ wins 5 pts (('point', 5, 'S'))
  Declare sequence: segfault_society wins 3 pts (('sequence', 3, 11, 'C'))
  Declare set: segfault_society wins 3 pts (('set', 3, 10))

--- Phase: tricks ---
  Trick  1: zybots_ leads AH, segfault_society plays 10H -> zybots_ wins
  Trick  2: zybots_ leads AS, segfault_society plays 10S -> zybots_ wins
  Trick  3: zybots_ leads 7S, segfault_society plays QS -> segfault_society wins
  Trick  4: segfault_society leads AC, zybots_ plays 7C -> segfault_society wins
  Trick  5: segfault_society leads AD, zybots_ plays 7D -> segfault_society wins
  Trick  6: segfault_society leads KH, zybots_ plays QH -> segfault_society wins
  Trick  7: segfault_society leads KS, zybots_ plays 8S -> segfault_society wins
  Trick  8: segfault_society leads JC, zybots_ plays KC -> zybots_ wins
  Trick  9: zybots_ leads KD, segfault_society plays QD -> zybots_ wins
  Trick 10: zybots_ leads 9S, segfault_society plays 9C -> zybots_ wins
  Trick 11: zybots_ leads JS, segfault_society plays 10C -> zybots_ wins
  Trick 12: zybots_ leads 9D, segfault_society plays JH -> zybots_ wins
  Hand: zybots_ +23 / segfault_society +11 (tricks 7-5)
  Match total: zybots_ 93 - 52 segfault_society
Players: zybots_ vs segfault_society
Dealer: zybots_  |  Elder: segfault_society
Match scores: 93 - 52
Talon (8): 9C QC AC 9D AD 10H JS AS
zybots_ hand: 10C KC 10D JD KD 8H JH KH 8S 9S 10S KS
segfault_society hand: 7C 8C JC 7D 8D QD 7H 9H QH AH 7S QS
  Exchange segfault_society: discard 7C 8C 7D 8D 7S -> draw QC AC AD JS AS (talon 3 left)
  Exchange zybots_: discard JD 8H JH -> draw 9C 9D 10H (talon 0 left)

--- Phase: declare ---
  Declare sequence: zybots_ wins 3 pts (('sequence', 3, 10, 'S'))
  Declare set: segfault_society wins 14 pts (('set', 4, 14))

--- Phase: tricks ---
  Trick  1: segfault_society leads AH, zybots_ plays 10H -> segfault_society wins
  Trick  2: segfault_society leads AC, zybots_ plays 9C -> segfault_society wins
  Trick  3: segfault_society leads AS, zybots_ plays 8S -> segfault_society wins
  Trick  4: segfault_society leads AD, zybots_ plays 9D -> segfault_society wins
  Trick  5: segfault_society leads QH, zybots_ plays KH -> zybots_ wins
  Trick  6: zybots_ leads KD, segfault_society plays QD -> zybots_ wins
  Trick  7: zybots_ leads KS, segfault_society plays JS -> zybots_ wins
  Trick  8: zybots_ leads KC, segfault_society plays JC -> zybots_ wins
  Trick  9: zybots_ leads 9S, segfault_society plays QS -> segfault_society wins
  Trick 10: segfault_society leads QC, zybots_ plays 10C -> segfault_society wins
  Trick 11: segfault_society leads 9H, zybots_ plays 10S -> segfault_society wins
  Trick 12: segfault_society leads 7H, zybots_ plays 10D -> segfault_society wins
  Hand: zybots_ +7 / segfault_society +33 (tricks 4-8)
  Match total: zybots_ 100 - 85 segfault_society
  Final: zybots_ 100 - 85 segfault_society
  Winner: zybots_

============================================================
Game 75
============================================================
Players: segfault_society vs zybots_
Dealer: segfault_society  |  Elder: zybots_
Match scores: 0 - 0
Talon (8): 10C 7D QD 7H QH 7S 8S JS
segfault_society hand: 9C JC AC 9D 10D KD 9H 10H KH AH KS AS
zybots_ hand: 7C 8C QC KC 8D JD AD 8H JH 9S 10S QS
  Exchange zybots_: discard 8D 8H JH 9S 10S -> draw 7D QD 7S 8S JS (talon 3 left)
  Exchange segfault_society: discard 9C 9D 10D -> draw 10C 7H QH (talon 0 left)

--- Phase: declare ---
  Declare point: segfault_society wins 6 pts (('point', 6, 'H'))
  Declare sequence: segfault_society wins 3 pts (('sequence', 3, 14, 'H'))
  Declare set: segfault_society wins 3 pts (('set', 3, 14))

--- Phase: tricks ---
  Trick  1: zybots_ leads AD, segfault_society plays KD -> zybots_ wins
  Trick  2: zybots_ leads 7C, segfault_society plays 10C -> segfault_society wins
  Trick  3: segfault_society leads AH, zybots_ plays 7S -> segfault_society wins
  Trick  4: segfault_society leads KH, zybots_ plays 7D -> segfault_society wins
  Trick  5: segfault_society leads QH, zybots_ plays 8C -> segfault_society wins
  Trick  6: segfault_society leads AC, zybots_ plays QC -> segfault_society wins
  Trick  7: segfault_society leads AS, zybots_ plays 8S -> segfault_society wins
  Trick  8: segfault_society leads KS, zybots_ plays JS -> segfault_society wins
  Trick  9: segfault_society leads 10H, zybots_ plays JD -> segfault_society wins
  Trick 10: segfault_society leads 9H, zybots_ plays QS -> segfault_society wins
  Trick 11: segfault_society leads JC, zybots_ plays KC -> zybots_ wins
  Trick 12: zybots_ leads QD, segfault_society plays 7H -> zybots_ wins
  Hand: segfault_society +31 / zybots_ +4 (tricks 9-3)
  Match total: segfault_society 31 - 4 zybots_
Players: segfault_society vs zybots_
Dealer: zybots_  |  Elder: segfault_society
Match scores: 31 - 4
Talon (8): 8C 10C 9D 10D 7H 8H 10H QH
segfault_society hand: 7C 9C JC KC AC 8D JD 9H 9S 10S QS AS
zybots_ hand: QC 7D QD KD AD JH KH AH 7S 8S JS KS
  Exchange segfault_society: discard 8D JD 9H 9S 10S -> draw 8C 10C 10D 8H 10H (talon 3 left)
  Exchange zybots_: discard JH 7S 8S -> draw 9D 7H QH (talon 0 left)

--- Phase: declare ---
  Declare point: segfault_society wins 7 pts (('point', 7, 'C'))
  Declare sequence: segfault_society wins 10 pts (('sequence', 5, 11, 'C'))
  Declare set: zybots_ wins 3 pts (('set', 3, 13))

--- Phase: tricks ---
  Trick  1: segfault_society leads AC, zybots_ plays QC -> segfault_society wins
  Trick  2: segfault_society leads KC, zybots_ plays 7D -> segfault_society wins
  Trick  3: segfault_society leads AS, zybots_ plays JS -> segfault_society wins
  Trick  4: segfault_society leads JC, zybots_ plays 7H -> segfault_society wins
  Trick  5: segfault_society leads 10C, zybots_ plays 9D -> segfault_society wins
  Trick  6: segfault_society leads 9C, zybots_ plays QD -> segfault_society wins
  Trick  7: segfault_society leads 10H, zybots_ plays QH -> zybots_ wins
  Trick  8: zybots_ leads KD, segfault_society plays 10D -> zybots_ wins
  Trick  9: zybots_ leads KH, segfault_society plays 8H -> zybots_ wins
  Trick 10: zybots_ leads KS, segfault_society plays QS -> zybots_ wins
  Trick 11: zybots_ leads AH, segfault_society plays 7C -> zybots_ wins
  Trick 12: zybots_ leads AD, segfault_society plays 8C -> zybots_ wins
  Hand: segfault_society +23 / zybots_ +10 (tricks 6-6)
  Match total: segfault_society 54 - 14 zybots_
Players: segfault_society vs zybots_
Dealer: segfault_society  |  Elder: zybots_
Match scores: 54 - 14
Talon (8): 8D 9D 10H JH KH 7S 10S KS
segfault_society hand: 10C JC QC AC 10D QD AD 9H AH 8S JS QS
zybots_ hand: 7C 8C 9C KC 7D JD KD 7H 8H QH 9S AS
  Exchange zybots_: discard 7D JD 7H 8H 9S -> draw 8D 9D 10H JH 10S (talon 3 left)
  Exchange segfault_society: discard 10D 9H 8S -> draw KH 7S KS (talon 0 left)

--- Phase: declare ---
  Declare point: segfault_society wins 4 pts (('point', 4, 'C'))
  Declare sequence: segfault_society wins 3 pts (('sequence', 3, 13, 'S'))
  Declare set: segfault_society wins 3 pts (('set', 3, 14))

--- Phase: tricks ---
  Trick  1: zybots_ leads AS, segfault_society plays 7S -> zybots_ wins
  Trick  2: zybots_ leads 7C, segfault_society plays 10C -> segfault_society wins
  Trick  3: segfault_society leads AC, zybots_ plays 8C -> segfault_society wins
  Trick  4: segfault_society leads KS, zybots_ plays 10S -> segfault_society wins
  Trick  5: segfault_society leads AH, zybots_ plays 10H -> segfault_society wins
  Trick  6: segfault_society leads AD, zybots_ plays 8D -> segfault_society wins
  Trick  7: segfault_society leads QS, zybots_ plays 9C -> segfault_society wins
  Trick  8: segfault_society leads KH, zybots_ plays JH -> segfault_society wins
  Trick  9: segfault_society leads JS, zybots_ plays 9D -> segfault_society wins
  Trick 10: segfault_society leads QC, zybots_ plays KC -> zybots_ wins
  Trick 11: zybots_ leads QH, segfault_society plays JC -> zybots_ wins
  Trick 12: zybots_ leads KD, segfault_society plays QD -> zybots_ wins
  Hand: segfault_society +28 / zybots_ +5 (tricks 8-4)
  Match total: segfault_society 82 - 19 zybots_
Players: segfault_society vs zybots_
Dealer: zybots_  |  Elder: segfault_society
Match scores: 82 - 19
Talon (8): 8C 9C QC 8H 9H JH 9S 10S
segfault_society hand: 7C 10C KC 7D 9D JD KD 7S 8S JS QS KS
zybots_ hand: JC AC 8D 10D QD AD 7H 10H QH KH AH AS
  Exchange segfault_society: discard 7C 10C 7D 9D JD -> draw QC 8H 9H JH 9S (talon 3 left)
  Exchange zybots_: discard JC 8D 10D -> draw 8C 9C 10S (talon 0 left)

--- Phase: declare ---
  Declare point: segfault_society wins 6 pts (('point', 6, 'S'))
  Declare sequence: zybots_ wins 3 pts (('sequence', 3, 14, 'H'))
  Declare set: zybots_ wins 14 pts (('set', 4, 14))

--- Phase: tricks ---
  Trick  1: segfault_society leads KS, zybots_ plays AS -> zybots_ wins
  Trick  2: zybots_ leads QH, segfault_society plays 8H -> zybots_ wins
  Trick  3: zybots_ leads KH, segfault_society plays 9H -> zybots_ wins
  Trick  4: zybots_ leads AH, segfault_society plays JH -> zybots_ wins
  Trick  5: zybots_ leads AC, segfault_society plays QC -> zybots_ wins
  Trick  6: zybots_ leads AD, segfault_society plays KD -> zybots_ wins
  Trick  7: zybots_ leads 7H, segfault_society plays 7S -> zybots_ wins
  Trick  8: zybots_ leads 8C, segfault_society plays KC -> segfault_society wins
  Trick  9: segfault_society leads QS, zybots_ plays 10S -> segfault_society wins
  Trick 10: segfault_society leads JS, zybots_ plays 9C -> segfault_society wins
  Trick 11: segfault_society leads 9S, zybots_ plays 10H -> segfault_society wins
  Trick 12: segfault_society leads 8S, zybots_ plays QD -> segfault_society wins
  Hand: segfault_society +12 / zybots_ +34 (tricks 5-7)
  Match total: segfault_society 94 - 53 zybots_
Players: segfault_society vs zybots_
Dealer: segfault_society  |  Elder: zybots_
Match scores: 94 - 53
Talon (8): 9C KC 7H 8H 9H 10H KH 9S
segfault_society hand: 8C QC AC 8D 10D QD KD JH QH AH 10S KS
zybots_ hand: 7C 10C JC 7D 9D JD AD 7S 8S JS QS AS
  Exchange zybots_: discard 7C 10C 7D 9D AD -> draw 9C 7H 9H KH 9S (talon 3 left)
  Exchange segfault_society: discard 8C JH 10S -> draw KC 8H 10H (talon 0 left)

--- Phase: declare ---
  Declare point: zybots_ wins 6 pts (('point', 6, 'S'))
  Declare sequence: segfault_society wins 3 pts (('sequence', 3, 14, 'C'))
  Declare set: segfault_society wins 3 pts (('set', 3, 13))

--- Phase: tricks ---
  Trick  1: zybots_ leads AS, segfault_society plays KS -> zybots_ wins
  Trick  2: zybots_ leads 7S, segfault_society plays 8D -> zybots_ wins
  Trick  3: zybots_ leads 8S, segfault_society plays 8H -> zybots_ wins
  Trick  4: zybots_ leads 9S, segfault_society plays 10D -> zybots_ wins
  Trick  5: zybots_ leads 7H, segfault_society plays 10H -> segfault_society wins
  Trick  6: segfault_society leads AC, zybots_ plays 9C -> segfault_society wins
  Trick  7: segfault_society leads AH, zybots_ plays 9H -> segfault_society wins
  Trick  8: segfault_society leads KC, zybots_ plays JC -> segfault_society wins
  Trick  9: segfault_society leads QC, zybots_ plays JS -> segfault_society wins
  Trick 10: segfault_society leads KD, zybots_ plays JD -> segfault_society wins
  Trick 11: segfault_society leads QH, zybots_ plays KH -> zybots_ wins
  Trick 12: zybots_ leads QS, segfault_society plays QD -> zybots_ wins
  Hand: segfault_society +12 / zybots_ +13 (tricks 6-6)
  Match total: segfault_society 106 - 66 zybots_
  Final: segfault_society 106 - 66 zybots_
  Winner: segfault_society

============================================================
Game 76
============================================================
Players: zybots_ vs segfault_society
Dealer: zybots_  |  Elder: segfault_society
Match scores: 0 - 0
Talon (8): 9C JC KC 9D KD AD JH QS
zybots_ hand: 10C QC AC 8D JD 7H 8H QH AH 8S 9S 10S
segfault_society hand: 7C 8C 7D 10D QD 9H 10H KH 7S JS KS AS
  Exchange segfault_society: discard 7C 8C 7D 10D 9H -> draw 9C JC KD AD QS (talon 3 left)
  Exchange zybots_: discard 10C 8D JD -> draw KC 9D JH (talon 0 left)

--- Phase: declare ---
  Declare point: segfault_society wins 5 pts (('point', 5, 'S'))
  Declare sequence: segfault_society wins 4 pts (('sequence', 4, 14, 'S'))
  Declare set: segfault_society wins 3 pts (('set', 3, 13))

--- Phase: tricks ---
  Trick  1: segfault_society leads AS, zybots_ plays 8S -> segfault_society wins
  Trick  2: segfault_society leads KS, zybots_ plays 9S -> segfault_society wins
  Trick  3: segfault_society leads AD, zybots_ plays 9D -> segfault_society wins
  Trick  4: segfault_society leads QS, zybots_ plays 10S -> segfault_society wins
  Trick  5: segfault_society leads KD, zybots_ plays 7H -> segfault_society wins
  Trick  6: segfault_society leads JS, zybots_ plays 8H -> segfault_society wins
  Trick  7: segfault_society leads QD, zybots_ plays JH -> segfault_society wins
  Trick  8: segfault_society leads KH, zybots_ plays AH -> zybots_ wins
  Trick  9: zybots_ leads QC, segfault_society plays 9C -> zybots_ wins
  Trick 10: zybots_ leads KC, segfault_society plays JC -> zybots_ wins
  Trick 11: zybots_ leads AC, segfault_society plays 7S -> zybots_ wins
  Trick 12: zybots_ leads QH, segfault_society plays 10H -> zybots_ wins
  Hand: zybots_ +6 / segfault_society +29 (tricks 5-7)
  Match total: zybots_ 6 - 29 segfault_society
Players: zybots_ vs segfault_society
Dealer: segfault_society  |  Elder: zybots_
Match scores: 6 - 29
Talon (8): 8C 9C KC AC 10D JH QH 9S
zybots_ hand: JC 9D JD QD 7H 8H 9H 10H KH AH 7S 10S
segfault_society hand: 7C 10C QC 7D 8D KD AD 8S JS QS KS AS
  Exchange zybots_: discard JC 9D JD 7S 10S -> draw KC AC JH QH 9S (talon 3 left)
  Exchange segfault_society: discard 7C 7D 8D -> draw 8C 9C 10D (talon 0 left)

--- Phase: declare ---
  Declare point: zybots_ wins 8 pts (('point', 8, 'H'))
  Declare sequence: zybots_ wins 13 pts (('sequence', 8, 14, 'H'))

--- Phase: tricks ---
  Trick  1: zybots_ leads 7H, segfault_society plays 8S -> zybots_ wins
  Trick  2: zybots_ leads 8H, segfault_society plays 8C -> zybots_ wins
  Trick  3: zybots_ leads 9H, segfault_society plays 9C -> zybots_ wins
  Trick  4: zybots_ leads 10H, segfault_society plays 10C -> zybots_ wins
  Trick  5: zybots_ leads JH, segfault_society plays 10D -> zybots_ wins
  Trick  6: zybots_ leads QH, segfault_society plays JS -> zybots_ wins
  Trick  7: zybots_ leads KH, segfault_society plays QS -> zybots_ wins
  Trick  8: zybots_ leads KC, segfault_society plays QC -> zybots_ wins
  Trick  9: zybots_ leads AH, segfault_society plays KD -> zybots_ wins
  Trick 10: zybots_ leads AC, segfault_society plays KS -> zybots_ wins
  Trick 11: zybots_ leads QD, segfault_society plays AD -> segfault_society wins
  Trick 12: segfault_society leads AS, zybots_ plays 9S -> segfault_society wins
  Hand: zybots_ +41 / segfault_society +3 (tricks 10-2)
  Match total: zybots_ 47 - 32 segfault_society
Players: zybots_ vs segfault_society
Dealer: zybots_  |  Elder: segfault_society
Match scores: 47 - 32
Talon (8): 7C AC KD AD 7H 9H 7S KS
zybots_ hand: 8C 10C JC 9D QD 8H JH KH 8S 10S JS QS
segfault_society hand: 9C QC KC 7D 8D 10D JD 10H QH AH 9S AS
  Exchange segfault_society: discard 9C 7D 8D 10D 9S -> draw KD AD 7H 9H 7S (talon 3 left)
  Exchange zybots_: discard 8C 9D 8H -> draw 7C AC KS (talon 0 left)

--- Phase: declare ---
  Declare point: zybots_ wins 5 pts (('point', 5, 'S'))
  Declare sequence: zybots_ wins 4 pts (('sequence', 4, 13, 'S'))
  Declare set: segfault_society wins 3 pts (('set', 3, 14))

--- Phase: tricks ---
  Trick  1: segfault_society leads AH, zybots_ plays JH -> segfault_society wins
  Trick  2: segfault_society leads AD, zybots_ plays QD -> segfault_society wins
  Trick  3: segfault_society leads AS, zybots_ plays 8S -> segfault_society wins
  Trick  4: segfault_society leads KD, zybots_ plays 7C -> segfault_society wins
  Trick  5: segfault_society leads QH, zybots_ plays KH -> zybots_ wins
  Trick  6: zybots_ leads 10S, segfault_society plays 7S -> zybots_ wins
  Trick  7: zybots_ leads JS, segfault_society plays 7H -> zybots_ wins
  Trick  8: zybots_ leads QS, segfault_society plays 9H -> zybots_ wins
  Trick  9: zybots_ leads KS, segfault_society plays 10H -> zybots_ wins
  Trick 10: zybots_ leads AC, segfault_society plays QC -> zybots_ wins
  Trick 11: zybots_ leads 10C, segfault_society plays KC -> segfault_society wins
  Trick 12: segfault_society leads JD, zybots_ plays JC -> segfault_society wins
  Hand: zybots_ +15 / segfault_society +10 (tricks 6-6)
  Match total: zybots_ 62 - 42 segfault_society
Players: zybots_ vs segfault_society
Dealer: segfault_society  |  Elder: zybots_
Match scores: 62 - 42
Talon (8): 7C 9C AC 9D KD 10H QH KH
zybots_ hand: JC QC 8D 10D QD 8H JH 7S 9S 10S QS KS
segfault_society hand: 8C 10C KC 7D JD AD 7H 9H AH 8S JS AS
  Exchange zybots_: discard JC 8D 10D 8H JH -> draw 7C AC KD 10H QH (talon 3 left)
  Exchange segfault_society: discard 8C 7D 7H -> draw 9C 9D KH (talon 0 left)

--- Phase: declare ---
  Declare point: zybots_ wins 5 pts (('point', 5, 'S'))
  Declare set: segfault_society wins 3 pts (('set', 3, 14))

--- Phase: tricks ---
  Trick  1: zybots_ leads AC, segfault_society plays 9C -> zybots_ wins
  Trick  2: zybots_ leads 7S, segfault_society plays 8S -> segfault_society wins
  Trick  3: segfault_society leads AH, zybots_ plays 10H -> segfault_society wins
  Trick  4: segfault_society leads AD, zybots_ plays QD -> segfault_society wins
  Trick  5: segfault_society leads AS, zybots_ plays 9S -> segfault_society wins
  Trick  6: segfault_society leads KC, zybots_ plays 7C -> segfault_society wins
  Trick  7: segfault_society leads KH, zybots_ plays QH -> segfault_society wins
  Trick  8: segfault_society leads JD, zybots_ plays KD -> zybots_ wins
  Trick  9: zybots_ leads QS, segfault_society plays JS -> zybots_ wins
  Trick 10: zybots_ leads KS, segfault_society plays 9H -> zybots_ wins
  Trick 11: zybots_ leads QC, segfault_society plays 10C -> zybots_ wins
  Trick 12: zybots_ leads 10S, segfault_society plays 9D -> zybots_ wins
  Hand: zybots_ +12 / segfault_society +9 (tricks 6-6)
  Match total: zybots_ 74 - 51 segfault_society
Players: zybots_ vs segfault_society
Dealer: zybots_  |  Elder: segfault_society
Match scores: 74 - 51
Talon (8): 8C 10C 10D 8H JH 9S JS KS
zybots_ hand: 7C 9C QC AC QD KD AD 7H KH 7S 8S 10S
segfault_society hand: JC KC 7D 8D 9D JD 9H 10H QH AH QS AS
  Exchange segfault_society: discard JC 9H 10H QH QS -> draw 10C 10D JH JS KS (talon 3 left)
  Exchange zybots_: discard 7H 7S 8S -> draw 8C 8H 9S (talon 0 left)

--- Phase: declare ---
  Declare point: zybots_ wins 5 pts (('point', 5, 'C'))
  Declare sequence: segfault_society wins 10 pts (('sequence', 5, 11, 'D'))
  Declare set: segfault_society wins 3 pts (('set', 3, 11))

--- Phase: tricks ---
  Trick  1: segfault_society leads AS, zybots_ plays 9S -> segfault_society wins
  Trick  2: segfault_society leads AH, zybots_ plays 8H -> segfault_society wins
  Trick  3: segfault_society leads KS, zybots_ plays 10S -> segfault_society wins
  Trick  4: segfault_society leads JD, zybots_ plays QD -> zybots_ wins
  Trick  5: zybots_ leads KH, segfault_society plays JH -> zybots_ wins
  Trick  6: zybots_ leads KD, segfault_society plays 7D -> zybots_ wins
  Trick  7: zybots_ leads AD, segfault_society plays 8D -> zybots_ wins
  Trick  8: zybots_ leads AC, segfault_society plays 10C -> zybots_ wins
  Trick  9: zybots_ leads 7C, segfault_society plays KC -> segfault_society wins
  Trick 10: segfault_society leads 10D, zybots_ plays 8C -> segfault_society wins
  Trick 11: segfault_society leads JS, zybots_ plays 9C -> segfault_society wins
  Trick 12: segfault_society leads 9D, zybots_ plays QC -> segfault_society wins
  Hand: zybots_ +10 / segfault_society +31 (tricks 5-7)
  Match total: zybots_ 84 - 82 segfault_society
Players: zybots_ vs segfault_society
Dealer: segfault_society  |  Elder: zybots_
Match scores: 84 - 82
Talon (8): 10C JD AD 7H 9H QH JS KS
zybots_ hand: 9C JC QC 7D 8D 9D 10D KH AH 8S 10S AS
segfault_society hand: 7C 8C KC AC QD KD 8H 10H JH 7S 9S QS
  Exchange zybots_: discard 9C JC QC 8S 10S -> draw 10C JD AD JS KS (talon 3 left)
  Exchange segfault_society: discard 8H 7S 9S -> draw 7H 9H QH (talon 0 left)

--- Phase: declare ---
  Declare point: zybots_ wins 6 pts (('point', 6, 'D'))
  Declare sequence: zybots_ wins 10 pts (('sequence', 5, 11, 'D'))
  Declare set: zybots_ wins 3 pts (('set', 3, 14))

--- Phase: tricks ---
  Trick  1: zybots_ leads KH, segfault_society plays 7H -> zybots_ wins
  Trick  2: zybots_ leads KS, segfault_society plays QS -> zybots_ wins
  Trick  3: zybots_ leads AH, segfault_society plays 9H -> zybots_ wins
  Trick  4: zybots_ leads AS, segfault_society plays 7C -> zybots_ wins
  Trick  5: zybots_ leads AD, segfault_society plays QD -> zybots_ wins
  Trick  6: zybots_ leads 7D, segfault_society plays KD -> segfault_society wins
  Trick  7: segfault_society leads AC, zybots_ plays 10C -> segfault_society wins
  Trick  8: segfault_society leads QH, zybots_ plays 8D -> segfault_society wins
  Trick  9: segfault_society leads KC, zybots_ plays 9D -> segfault_society wins
  Trick 10: segfault_society leads JH, zybots_ plays 10D -> segfault_society wins
  Trick 11: segfault_society leads 10H, zybots_ plays JD -> segfault_society wins
  Trick 12: segfault_society leads 8C, zybots_ plays JS -> segfault_society wins
  Hand: zybots_ +24 / segfault_society +18 (tricks 5-7)
  Match total: zybots_ 108 - 100 segfault_society
  Final: zybots_ 108 - 100 segfault_society
  Winner: zybots_

============================================================
Game 77
============================================================
Players: segfault_society vs zybots_
Dealer: segfault_society  |  Elder: zybots_
Match scores: 0 - 0
Talon (8): 10C KC 9D QD 7H JH KH 9S
segfault_society hand: JC QC 8D 10D AD 9H 7S 8S 10S QS KS AS
zybots_ hand: 7C 8C 9C AC 7D JD KD 8H 10H QH AH JS
  Exchange zybots_: discard AC 7D JD KD JS -> draw 10C 9D JH KH 9S (talon 3 left)
  Exchange segfault_society: discard 8D 10D 9H -> draw KC QD 7H (talon 0 left)

--- Phase: declare ---
  Declare point: zybots_ wins 6 pts (('point', 6, 'H'))
  Declare sequence: zybots_ wins 10 pts (('sequence', 5, 14, 'H'))
  Declare set: segfault_society wins 3 pts (('set', 3, 12))

--- Phase: tricks ---
  Trick  1: zybots_ leads 10H, segfault_society plays 7H -> zybots_ wins
  Trick  2: zybots_ leads JH, segfault_society plays 7S -> zybots_ wins
  Trick  3: zybots_ leads QH, segfault_society plays 8S -> zybots_ wins
  Trick  4: zybots_ leads KH, segfault_society plays 10S -> zybots_ wins
  Trick  5: zybots_ leads AH, segfault_society plays JC -> zybots_ wins
  Trick  6: zybots_ leads 7C, segfault_society plays QC -> segfault_society wins
  Trick  7: segfault_society leads AS, zybots_ plays 9S -> segfault_society wins
  Trick  8: segfault_society leads AD, zybots_ plays 9D -> segfault_society wins
  Trick  9: segfault_society leads KS, zybots_ plays 8H -> segfault_society wins
  Trick 10: segfault_society leads QS, zybots_ plays 8C -> segfault_society wins
  Trick 11: segfault_society leads KC, zybots_ plays 9C -> segfault_society wins
  Trick 12: segfault_society leads QD, zybots_ plays 10C -> segfault_society wins
  Hand: segfault_society +21 / zybots_ +21 (tricks 7-5)
  Match total: segfault_society 21 - 21 zybots_
Players: segfault_society vs zybots_
Dealer: zybots_  |  Elder: segfault_society
Match scores: 21 - 21
Talon (8): 8C 10C QC 7D AD AH 10S QS
segfault_society hand: 7C 9C JC KC AC 8D 10D 8H 9H 10H JH KH
zybots_ hand: 9D JD QD KD 7H QH 7S 8S 9S JS KS AS
  Exchange segfault_society: discard 7C 9C JC 8D 10D -> draw 8C 7D AD AH QS (talon 3 left)
  Exchange zybots_: discard 9D 7H QH -> draw 10C QC 10S (talon 0 left)

--- Phase: declare ---
  Declare point: zybots_ wins 7 pts (('point', 7, 'S'))
  Declare sequence: zybots_ wins 10 pts (('sequence', 5, 11, 'S'))
  Declare set: segfault_society wins 3 pts (('set', 3, 14))

--- Phase: tricks ---
  Trick  1: segfault_society leads AH, zybots_ plays 7S -> segfault_society wins
  Trick  2: segfault_society leads KH, zybots_ plays 8S -> segfault_society wins
  Trick  3: segfault_society leads AC, zybots_ plays 10C -> segfault_society wins
  Trick  4: segfault_society leads AD, zybots_ plays JD -> segfault_society wins
  Trick  5: segfault_society leads KC, zybots_ plays QC -> segfault_society wins
  Trick  6: segfault_society leads JH, zybots_ plays 9S -> segfault_society wins
  Trick  7: segfault_society leads 10H, zybots_ plays 10S -> segfault_society wins
  Trick  8: segfault_society leads 9H, zybots_ plays JS -> segfault_society wins
  Trick  9: segfault_society leads QS, zybots_ plays KS -> zybots_ wins
  Trick 10: zybots_ leads QD, segfault_society plays 7D -> zybots_ wins
  Trick 11: zybots_ leads KD, segfault_society plays 8H -> zybots_ wins
  Trick 12: zybots_ leads AS, segfault_society plays 8C -> zybots_ wins
  Hand: segfault_society +21 / zybots_ +22 (tricks 8-4)
  Match total: segfault_society 42 - 43 zybots_
Players: segfault_society vs zybots_
Dealer: segfault_society  |  Elder: zybots_
Match scores: 42 - 43
Talon (8): 7C 8C QC 10D 10H 8S JS QS
segfault_society hand: 9C 10C KC AC 8D 9D JD AD 7H JH QH 7S
zybots_ hand: JC 7D QD KD 8H 9H KH AH 9S 10S KS AS
  Exchange zybots_: discard JC 7D QD 8H 9H -> draw 7C QC 10D JS QS (talon 3 left)
  Exchange segfault_society: discard 7H JH 7S -> draw 8C 10H 8S (talon 0 left)

--- Phase: declare ---
  Declare point: zybots_ wins 6 pts (('point', 6, 'S'))
  Declare sequence: zybots_ wins 11 pts (('sequence', 6, 14, 'S'))
  Declare set: zybots_ wins 3 pts (('set', 3, 13))

--- Phase: tricks ---
  Trick  1: zybots_ leads 9S, segfault_society plays 8S -> zybots_ wins
  Trick  2: zybots_ leads 10S, segfault_society plays 8D -> zybots_ wins
  Trick  3: zybots_ leads JS, segfault_society plays 8C -> zybots_ wins
  Trick  4: zybots_ leads QS, segfault_society plays 9D -> zybots_ wins
  Trick  5: zybots_ leads KH, segfault_society plays 10H -> zybots_ wins
  Trick  6: zybots_ leads KS, segfault_society plays 9C -> zybots_ wins
  Trick  7: zybots_ leads AH, segfault_society plays QH -> zybots_ wins
  Trick  8: zybots_ leads AS, segfault_society plays 10C -> zybots_ wins
  Trick  9: zybots_ leads 10D, segfault_society plays JD -> segfault_society wins
  Trick 10: segfault_society leads AC, zybots_ plays 7C -> segfault_society wins
  Trick 11: segfault_society leads AD, zybots_ plays KD -> segfault_society wins
  Trick 12: segfault_society leads KC, zybots_ plays QC -> segfault_society wins
  Hand: segfault_society +5 / zybots_ +38 (tricks 4-8)
  Match total: segfault_society 47 - 81 zybots_
Players: segfault_society vs zybots_
Dealer: zybots_  |  Elder: segfault_society
Match scores: 47 - 81
Talon (8): 7C KC AD 7H 9H JH 10S JS
segfault_society hand: 8C 9C 10C 7D 10D JD QD KD 10H QH KH KS
zybots_ hand: JC QC AC 8D 9D 8H AH 7S 8S 9S QS AS
  Exchange segfault_society: discard 8C 9C 10C 10H QH -> draw KC 7H 9H JH JS (talon 3 left)
  Exchange zybots_: discard 8D 9D 8H -> draw 7C AD 10S (talon 0 left)

--- Phase: declare ---
  Declare point: zybots_ wins 6 pts (('point', 6, 'S'))
  Declare sequence: segfault_society wins 4 pts (('sequence', 4, 13, 'D'))
  Declare set: zybots_ wins 14 pts (('set', 4, 14))

--- Phase: tricks ---
  Trick  1: segfault_society leads KD, zybots_ plays AD -> zybots_ wins
  Trick  2: zybots_ leads AH, segfault_society plays 7H -> zybots_ wins
  Trick  3: zybots_ leads AS, segfault_society plays JS -> zybots_ wins
  Trick  4: zybots_ leads AC, segfault_society plays KC -> zybots_ wins
  Trick  5: zybots_ leads 7S, segfault_society plays KS -> segfault_society wins
  Trick  6: segfault_society leads KH, zybots_ plays 7C -> segfault_society wins
  Trick  7: segfault_society leads QD, zybots_ plays 8S -> segfault_society wins
  Trick  8: segfault_society leads JD, zybots_ plays 9S -> segfault_society wins
  Trick  9: segfault_society leads JH, zybots_ plays 10S -> segfault_society wins
  Trick 10: segfault_society leads 10D, zybots_ plays JC -> segfault_society wins
  Trick 11: segfault_society leads 9H, zybots_ plays QC -> segfault_society wins
  Trick 12: segfault_society leads 7D, zybots_ plays QS -> segfault_society wins
  Hand: segfault_society +23 / zybots_ +24 (tricks 8-4)
  Match total: segfault_society 70 - 105 zybots_
  Final: segfault_society 70 - 105 zybots_
  Winner: zybots_

============================================================
Game 78
============================================================
Players: zybots_ vs segfault_society
Dealer: zybots_  |  Elder: segfault_society
Match scores: 0 - 0
Talon (8): 8D 9D QD 10H AH 8S QS KS
zybots_ hand: 9C 10C JC AC 7D KD AD 7H JH QH 7S 9S
segfault_society hand: 7C 8C QC KC 10D JD 8H 9H KH 10S JS AS
  Exchange segfault_society: discard 10D JD 8H 9H 10S -> draw 9D 10H AH QS KS (talon 3 left)
  Exchange zybots_: discard 7D 7H 7S -> draw 8D QD 8S (talon 0 left)

--- Phase: declare ---
  Declare point: segfault_society wins 4 pts (('point', 4, 'S'))
  Declare sequence: segfault_society wins 4 pts (('sequence', 4, 14, 'S'))
  Declare set: segfault_society wins 3 pts (('set', 3, 13))

--- Phase: tricks ---
  Trick  1: segfault_society leads AS, zybots_ plays 8S -> segfault_society wins
  Trick  2: segfault_society leads AH, zybots_ plays JH -> segfault_society wins
  Trick  3: segfault_society leads KS, zybots_ plays 9S -> segfault_society wins
  Trick  4: segfault_society leads KH, zybots_ plays QH -> segfault_society wins
  Trick  5: segfault_society leads QS, zybots_ plays 8D -> segfault_society wins
  Trick  6: segfault_society leads JS, zybots_ plays 9C -> segfault_society wins
  Trick  7: segfault_society leads KC, zybots_ plays AC -> zybots_ wins
  Trick  8: zybots_ leads QD, segfault_society plays 9D -> zybots_ wins
  Trick  9: zybots_ leads KD, segfault_society plays 7C -> zybots_ wins
  Trick 10: zybots_ leads AD, segfault_society plays 8C -> zybots_ wins
  Trick 11: zybots_ leads 10C, segfault_society plays QC -> segfault_society wins
  Trick 12: segfault_society leads 10H, zybots_ plays JC -> segfault_society wins
  Hand: zybots_ +4 / segfault_society +30 (tricks 4-8)
  Match total: zybots_ 4 - 30 segfault_society
Players: zybots_ vs segfault_society
Dealer: segfault_society  |  Elder: zybots_
Match scores: 4 - 30
Talon (8): 7C 8D JD QD AD QH QS AS
zybots_ hand: 8C 10C QC KC AC KD 7H 10H KH AH 8S 9S
segfault_society hand: 9C JC 7D 9D 10D 8H 9H JH 7S 10S JS KS
  Exchange zybots_: discard 7H 10H AH 8S 9S -> draw 7C 8D QD QH QS (talon 3 left)
  Exchange segfault_society: discard 7D 9D 8H -> draw JD AD AS (talon 0 left)

--- Phase: declare ---
  Declare point: zybots_ wins 6 pts (('point', 6, 'C'))
  Declare sequence: zybots_ wins 3 pts (('sequence', 3, 14, 'C'))
  Declare set: zybots_ wins 3 pts (('set', 3, 13))

--- Phase: tricks ---
  Trick  1: zybots_ leads QC, segfault_society plays 9C -> zybots_ wins
  Trick  2: zybots_ leads KC, segfault_society plays JC -> zybots_ wins
  Trick  3: zybots_ leads AC, segfault_society plays 7S -> zybots_ wins
  Trick  4: zybots_ leads 7C, segfault_society plays 9H -> zybots_ wins
  Trick  5: zybots_ leads 8D, segfault_society plays 10D -> segfault_society wins
  Trick  6: segfault_society leads AS, zybots_ plays QS -> segfault_society wins
  Trick  7: segfault_society leads KS, zybots_ plays 8C -> segfault_society wins
  Trick  8: segfault_society leads AD, zybots_ plays QD -> segfault_society wins
  Trick  9: segfault_society leads JS, zybots_ plays 10C -> segfault_society wins
  Trick 10: segfault_society leads JH, zybots_ plays QH -> zybots_ wins
  Trick 11: zybots_ leads KD, segfault_society plays JD -> zybots_ wins
  Trick 12: zybots_ leads KH, segfault_society plays 10S -> zybots_ wins
  Hand: zybots_ +30 / segfault_society +5 (tricks 7-5)
  Match total: zybots_ 34 - 35 segfault_society
Players: zybots_ vs segfault_society
Dealer: zybots_  |  Elder: segfault_society
Match scores: 34 - 35
Talon (8): 9C 10C JC AC 8H JH AH KS
zybots_ hand: 7C KC 7D 8D 10D JD KD 10H 7S 9S 10S QS
segfault_society hand: 8C QC 9D QD AD 7H 9H QH KH 8S JS AS
  Exchange segfault_society: discard 8C 9D 7H 9H 8S -> draw 10C JC AC 8H KS (talon 3 left)
  Exchange zybots_: discard 7C 7S 9S -> draw 9C JH AH (talon 0 left)

--- Phase: declare ---
  Declare point: zybots_ wins 5 pts (('point', 5, 'D'))
  Declare sequence: segfault_society wins 3 pts (('sequence', 3, 12, 'C'))
  Declare set: segfault_society wins 3 pts (('set', 3, 14))

--- Phase: tricks ---
  Trick  1: segfault_society leads AC, zybots_ plays 9C -> segfault_society wins
  Trick  2: segfault_society leads AS, zybots_ plays 10S -> segfault_society wins
  Trick  3: segfault_society leads AD, zybots_ plays 7D -> segfault_society wins
  Trick  4: segfault_society leads KS, zybots_ plays QS -> segfault_society wins
  Trick  5: segfault_society leads KH, zybots_ plays AH -> zybots_ wins
  Trick  6: zybots_ leads KC, segfault_society plays 10C -> zybots_ wins
  Trick  7: zybots_ leads KD, segfault_society plays QD -> zybots_ wins
  Trick  8: zybots_ leads 8D, segfault_society plays 8H -> zybots_ wins
  Trick  9: zybots_ leads 10H, segfault_society plays QH -> segfault_society wins
  Trick 10: segfault_society leads QC, zybots_ plays 10D -> segfault_society wins
  Trick 11: segfault_society leads JC, zybots_ plays JD -> segfault_society wins
  Trick 12: segfault_society leads JS, zybots_ plays JH -> segfault_society wins
  Hand: zybots_ +9 / segfault_society +25 (tricks 4-8)
  Match total: zybots_ 43 - 60 segfault_society
Players: zybots_ vs segfault_society
Dealer: segfault_society  |  Elder: zybots_
Match scores: 43 - 60
Talon (8): 7C JC KC 7D 8H KH 10S QS
zybots_ hand: 8C 10C AC 8D JD QD KD 9H AH 8S JS AS
segfault_society hand: 9C QC 9D 10D AD 7H 10H JH QH 7S 9S KS
  Exchange zybots_: discard 8C 10C 9H 8S JS -> draw KC 7D KH 10S QS (talon 3 left)
  Exchange segfault_society: discard 9D 7S 9S -> draw 7C JC 8H (talon 0 left)

--- Phase: declare ---
  Declare sequence: zybots_ wins 3 pts (('sequence', 3, 13, 'D'))
  Declare set: zybots_ wins 3 pts (('set', 3, 14))

--- Phase: tricks ---
  Trick  1: zybots_ leads KH, segfault_society plays 7H -> zybots_ wins
  Trick  2: zybots_ leads KC, segfault_society plays 7C -> zybots_ wins
  Trick  3: zybots_ leads AS, segfault_society plays KS -> zybots_ wins
  Trick  4: zybots_ leads AC, segfault_society plays 9C -> zybots_ wins
  Trick  5: zybots_ leads AH, segfault_society plays 8H -> zybots_ wins
  Trick  6: zybots_ leads 7D, segfault_society plays 10D -> segfault_society wins
  Trick  7: segfault_society leads QH, zybots_ plays 8D -> segfault_society wins
  Trick  8: segfault_society leads QC, zybots_ plays 10S -> segfault_society wins
  Trick  9: segfault_society leads JH, zybots_ plays JD -> segfault_society wins
  Trick 10: segfault_society leads AD, zybots_ plays QD -> segfault_society wins
  Trick 11: segfault_society leads JC, zybots_ plays QS -> segfault_society wins
  Trick 12: segfault_society leads 10H, zybots_ plays KD -> segfault_society wins
  Hand: zybots_ +11 / segfault_society +18 (tricks 5-7)
  Match total: zybots_ 54 - 78 segfault_society
Players: zybots_ vs segfault_society
Dealer: zybots_  |  Elder: segfault_society
Match scores: 54 - 78
Talon (8): 9C JC QD 9H 10H JH AH QS
zybots_ hand: 10C QC AC 9D JD KD AD 7S 8S 9S 10S AS
segfault_society hand: 7C 8C KC 7D 8D 10D 7H 8H QH KH JS KS
  Exchange segfault_society: discard 7C 8C 7D 8D 10D -> draw 9C 9H 10H JH QS (talon 3 left)
  Exchange zybots_: discard 10C 9D JD -> draw JC QD AH (talon 0 left)

--- Phase: declare ---
  Declare point: segfault_society wins 7 pts (('point', 7, 'H'))
  Declare sequence: segfault_society wins 12 pts (('sequence', 7, 13, 'H'))
  Declare set: zybots_ wins 14 pts (('set', 4, 14))

--- Phase: tricks ---
  Trick  1: segfault_society leads KH, zybots_ plays AH -> zybots_ wins
  Trick  2: zybots_ leads QD, segfault_society plays 7H -> zybots_ wins
  Trick  3: zybots_ leads KD, segfault_society plays 8H -> zybots_ wins
  Trick  4: zybots_ leads AC, segfault_society plays 9C -> zybots_ wins
  Trick  5: zybots_ leads AS, segfault_society plays JS -> zybots_ wins
  Trick  6: zybots_ leads AD, segfault_society plays 9H -> zybots_ wins
  Trick  7: zybots_ leads 7S, segfault_society plays QS -> segfault_society wins
  Trick  8: segfault_society leads KC, zybots_ plays JC -> segfault_society wins
  Trick  9: segfault_society leads KS, zybots_ plays 8S -> segfault_society wins
  Trick 10: segfault_society leads QH, zybots_ plays 9S -> segfault_society wins
  Trick 11: segfault_society leads JH, zybots_ plays 10S -> segfault_society wins
  Trick 12: segfault_society leads 10H, zybots_ plays QC -> segfault_society wins
  Hand: zybots_ +20 / segfault_society +26 (tricks 6-6)
  Match total: zybots_ 74 - 104 segfault_society
  Final: zybots_ 74 - 104 segfault_society
  Winner: segfault_society

============================================================
Game 79
============================================================
Players: segfault_society vs zybots_
Dealer: segfault_society  |  Elder: zybots_
Match scores: 0 - 0
Talon (8): 9C AC 8D 9D JD 9H 7S KS
segfault_society hand: 7C 10C JC KC 7D AD 7H 10H QH KH JS QS
zybots_ hand: 8C QC 10D QD KD 8H JH AH 8S 9S 10S AS
  Exchange zybots_: discard 8C 10D QD 8H JH -> draw 9C AC 9D JD 7S (talon 3 left)
  Exchange segfault_society: discard 7C 10C 7D -> draw 8D 9H KS (talon 0 left)

--- Phase: declare ---
  Declare point: segfault_society wins 5 pts (('point', 5, 'H'))
  Declare sequence: zybots_ wins 4 pts (('sequence', 4, 10, 'S'))
  Declare set: zybots_ wins 3 pts (('set', 3, 14))

--- Phase: tricks ---
  Trick  1: zybots_ leads AS, segfault_society plays JS -> zybots_ wins
  Trick  2: zybots_ leads AH, segfault_society plays 7H -> zybots_ wins
  Trick  3: zybots_ leads AC, segfault_society plays JC -> zybots_ wins
  Trick  4: zybots_ leads 7S, segfault_society plays QS -> segfault_society wins
  Trick  5: segfault_society leads KH, zybots_ plays 8S -> segfault_society wins
  Trick  6: segfault_society leads QH, zybots_ plays 9S -> segfault_society wins
  Trick  7: segfault_society leads AD, zybots_ plays 9D -> segfault_society wins
  Trick  8: segfault_society leads KC, zybots_ plays 9C -> segfault_society wins
  Trick  9: segfault_society leads KS, zybots_ plays 10S -> segfault_society wins
  Trick 10: segfault_society leads 10H, zybots_ plays JD -> segfault_society wins
  Trick 11: segfault_society leads 9H, zybots_ plays QC -> segfault_society wins
  Trick 12: segfault_society leads 8D, zybots_ plays KD -> zybots_ wins
  Hand: segfault_society +23 / zybots_ +12 (tricks 8-4)
  Match total: segfault_society 23 - 12 zybots_
Players: segfault_society vs zybots_
Dealer: zybots_  |  Elder: segfault_society
Match scores: 23 - 12
Talon (8): 7C KC 7D 8D 9D 10H 8S 9S
segfault_society hand: 10C 10D JD KD 7H 9H QH KH 7S 10S JS QS
zybots_ hand: 8C 9C JC QC AC QD AD 8H JH AH KS AS
  Exchange segfault_society: discard 10C 10D JD 7H 9H -> draw KC 7D 8D 9D 8S (talon 3 left)
  Exchange zybots_: discard QD 8H JH -> draw 7C 10H 9S (talon 0 left)

--- Phase: declare ---
  Declare point: zybots_ wins 6 pts (('point', 6, 'C'))
  Declare sequence: segfault_society wins 3 pts (('sequence', 3, 12, 'S'))
  Declare set: zybots_ wins 14 pts (('set', 4, 14))

--- Phase: tricks ---
  Trick  1: segfault_society leads QS, zybots_ plays KS -> zybots_ wins
  Trick  2: zybots_ leads AC, segfault_society plays KC -> zybots_ wins
  Trick  3: zybots_ leads AD, segfault_society plays 7D -> zybots_ wins
  Trick  4: zybots_ leads AH, segfault_society plays QH -> zybots_ wins
  Trick  5: zybots_ leads AS, segfault_society plays 7S -> zybots_ wins
  Trick  6: zybots_ leads 7C, segfault_society plays 8D -> zybots_ wins
  Trick  7: zybots_ leads 8C, segfault_society plays 8S -> zybots_ wins
  Trick  8: zybots_ leads 9C, segfault_society plays 9D -> zybots_ wins
  Trick  9: zybots_ leads JC, segfault_society plays 10S -> zybots_ wins
  Trick 10: zybots_ leads QC, segfault_society plays JS -> zybots_ wins
  Trick 11: zybots_ leads 9S, segfault_society plays KH -> zybots_ wins
  Trick 12: zybots_ leads 10H, segfault_society plays KD -> zybots_ wins
  Hand: segfault_society +3 / zybots_ +103 (tricks 0-12)
  Match total: segfault_society 26 - 115 zybots_
  Final: segfault_society 26 - 115 zybots_
  Winner: zybots_

============================================================
Game 80
============================================================
Players: zybots_ vs segfault_society
Dealer: zybots_  |  Elder: segfault_society
Match scores: 0 - 0
Talon (8): QC 9D KH 8S 9S 10S JS KS
zybots_ hand: 8C 10C JC KC 8D 10D JD 8H QH AH QS AS
segfault_society hand: 7C 9C AC 7D QD KD AD 7H 9H 10H JH 7S
  Exchange segfault_society: discard 7C 9C 7H 9H 7S -> draw 9D KH 8S 9S 10S (talon 3 left)
  Exchange zybots_: discard 8D 10D 8H -> draw QC JS KS (talon 0 left)

--- Phase: declare ---
  Declare point: zybots_ wins 5 pts (('point', 5, 'C'))
  Declare sequence: zybots_ wins 4 pts (('sequence', 4, 14, 'S'))
  Declare set: zybots_ wins 3 pts (('set', 3, 12))

--- Phase: tricks ---
  Trick  1: segfault_society leads AD, zybots_ plays JD -> segfault_society wins
  Trick  2: segfault_society leads KD, zybots_ plays 8C -> segfault_society wins
  Trick  3: segfault_society leads QD, zybots_ plays 10C -> segfault_society wins
  Trick  4: segfault_society leads AC, zybots_ plays JC -> segfault_society wins
  Trick  5: segfault_society leads KH, zybots_ plays AH -> zybots_ wins
  Trick  6: zybots_ leads JS, segfault_society plays 8S -> zybots_ wins
  Trick  7: zybots_ leads QS, segfault_society plays 9S -> zybots_ wins
  Trick  8: zybots_ leads QC, segfault_society plays 7D -> zybots_ wins
  Trick  9: zybots_ leads KC, segfault_society plays 9D -> zybots_ wins
  Trick 10: zybots_ leads KS, segfault_society plays 10S -> zybots_ wins
  Trick 11: zybots_ leads AS, segfault_society plays 10H -> zybots_ wins
  Trick 12: zybots_ leads QH, segfault_society plays JH -> zybots_ wins
  Hand: zybots_ +31 / segfault_society +4 (tricks 8-4)
  Match total: zybots_ 31 - 4 segfault_society
Players: zybots_ vs segfault_society
Dealer: segfault_society  |  Elder: zybots_
Match scores: 31 - 4
Talon (8): 7C 9D JD KD 10H 9S 10S KS
zybots_ hand: 8C 9C 10C JC QC AC 10D AD JH KH AH JS
segfault_society hand: KC 7D 8D QD 7H 8H 9H QH 7S 8S QS AS
  Exchange zybots_: discard 10D JH KH AH JS -> draw 7C 9D KD 10H 9S (talon 3 left)
  Exchange segfault_society: discard 7D 8D QD -> draw JD 10S KS (talon 0 left)

--- Phase: declare ---
  Declare point: zybots_ wins 7 pts (('point', 7, 'C'))
  Declare sequence: zybots_ wins 11 pts (('sequence', 6, 12, 'C'))

--- Phase: tricks ---
  Trick  1: zybots_ leads KD, segfault_society plays JD -> zybots_ wins
  Trick  2: zybots_ leads AD, segfault_society plays 7H -> zybots_ wins
  Trick  3: zybots_ leads AC, segfault_society plays KC -> zybots_ wins
  Trick  4: zybots_ leads 7C, segfault_society plays 7S -> zybots_ wins
  Trick  5: zybots_ leads 8C, segfault_society plays 8H -> zybots_ wins
  Trick  6: zybots_ leads 9C, segfault_society plays 8S -> zybots_ wins
  Trick  7: zybots_ leads 10C, segfault_society plays 9H -> zybots_ wins
  Trick  8: zybots_ leads JC, segfault_society plays 10S -> zybots_ wins
  Trick  9: zybots_ leads QC, segfault_society plays QH -> zybots_ wins
  Trick 10: zybots_ leads 9D, segfault_society plays QS -> zybots_ wins
  Trick 11: zybots_ leads 10H, segfault_society plays KS -> zybots_ wins
  Trick 12: zybots_ leads 9S, segfault_society plays AS -> segfault_society wins
  Hand: zybots_ +39 / segfault_society +2 (tricks 11-1)
  Match total: zybots_ 70 - 6 segfault_society
Players: zybots_ vs segfault_society
Dealer: zybots_  |  Elder: segfault_society
Match scores: 70 - 6
Talon (8): JC QC 7D 8D JD 8H 9H 9S
zybots_ hand: 7C 9C KC QD AD 10H KH 7S 8S 10S JS AS
segfault_society hand: 8C 10C AC 9D 10D KD 7H JH QH AH QS KS
  Exchange segfault_society: discard 8C 10C 9D 10D QS -> draw JC 7D JD 8H 9H (talon 3 left)
  Exchange zybots_: discard 7C 9C 10H -> draw QC 8D 9S (talon 0 left)

--- Phase: declare ---
  Declare sequence: zybots_ wins 10 pts (('sequence', 5, 11, 'S'))
  Declare set: segfault_society wins 3 pts (('set', 3, 11))

--- Phase: tricks ---
  Trick  1: segfault_society leads AH, zybots_ plays KH -> segfault_society wins
  Trick  2: segfault_society leads AC, zybots_ plays QC -> segfault_society wins
  Trick  3: segfault_society leads QH, zybots_ plays 7S -> segfault_society wins
  Trick  4: segfault_society leads JH, zybots_ plays 8S -> segfault_society wins
  Trick  5: segfault_society leads KD, zybots_ plays AD -> zybots_ wins
  Trick  6: zybots_ leads KC, segfault_society plays JC -> zybots_ wins
  Trick  7: zybots_ leads AS, segfault_society plays KS -> zybots_ wins
  Trick  8: zybots_ leads 9S, segfault_society plays 7H -> zybots_ wins
  Trick  9: zybots_ leads 10S, segfault_society plays 7D -> zybots_ wins
  Trick 10: zybots_ leads 8D, segfault_society plays JD -> segfault_society wins
  Trick 11: segfault_society leads 9H, zybots_ plays JS -> segfault_society wins
  Trick 12: segfault_society leads 8H, zybots_ plays QD -> segfault_society wins
  Hand: zybots_ +15 / segfault_society +21 (tricks 5-7)
  Match total: zybots_ 85 - 27 segfault_society
Players: zybots_ vs segfault_society
Dealer: segfault_society  |  Elder: zybots_
Match scores: 85 - 27
Talon (8): 10C 7D 8D 9D QH AH 7S 10S
zybots_ hand: 7C 8C KC AC 10D QD AD 10H JH QS KS AS
segfault_society hand: 9C JC QC JD KD 7H 8H 9H KH 8S 9S JS
  Exchange zybots_: discard 7C 10D QD 10H JH -> draw 10C 7D 8D QH AH (talon 3 left)
  Exchange segfault_society: discard 9C 8S 9S -> draw 9D 7S 10S (talon 0 left)

--- Phase: declare ---
  Declare point: zybots_ wins 4 pts (('point', 4, 'C'))
  Declare sequence: zybots_ wins 3 pts (('sequence', 3, 14, 'S'))
  Declare set: zybots_ wins 14 pts (('set', 4, 14))

--- Phase: tricks ---
  Trick  1: zybots_ leads QS, segfault_society plays 7S -> zybots_ wins
  Trick  2: zybots_ leads KC, segfault_society plays JC -> zybots_ wins
  Trick  3: zybots_ leads KS, segfault_society plays 10S -> zybots_ wins
  Trick  4: zybots_ leads AC, segfault_society plays QC -> zybots_ wins
  Trick  5: zybots_ leads AS, segfault_society plays JS -> zybots_ wins
  Trick  6: zybots_ leads AD, segfault_society plays 9D -> zybots_ wins
  Trick  7: zybots_ leads AH, segfault_society plays 7H -> zybots_ wins
  Trick  8: zybots_ leads 8C, segfault_society plays 8H -> zybots_ wins
  Trick  9: zybots_ leads 7D, segfault_society plays JD -> segfault_society wins
  Trick 10: segfault_society leads KH, zybots_ plays QH -> segfault_society wins
  Trick 11: segfault_society leads KD, zybots_ plays 8D -> segfault_society wins
  Trick 12: segfault_society leads 9H, zybots_ plays 10C -> segfault_society wins
  Hand: zybots_ +39 / segfault_society +5 (tricks 8-4)
  Match total: zybots_ 124 - 32 segfault_society
  Final: zybots_ 124 - 32 segfault_society
  Winner: zybots_

============================================================
Game 81
============================================================
Players: segfault_society vs zybots_
Dealer: segfault_society  |  Elder: zybots_
Match scores: 0 - 0
Talon (8): QC AC 8D JD JH QH JS KS
segfault_society hand: 7C 8C JC QD KD 8H 9H 10H AH 8S 9S QS
zybots_ hand: 9C 10C KC 7D 9D 10D AD 7H KH 7S 10S AS
  Exchange zybots_: discard 9C KC 7H KH 7S -> draw QC JD JH QH KS (talon 3 left)
  Exchange segfault_society: discard 7C 8C 8S -> draw AC 8D JS (talon 0 left)

--- Phase: declare ---
  Declare point: zybots_ wins 5 pts (('point', 5, 'D'))
  Declare sequence: zybots_ wins 3 pts (('sequence', 3, 11, 'D'))
  Declare set: zybots_ wins 3 pts (('set', 3, 10))

--- Phase: tricks ---
  Trick  1: zybots_ leads KS, segfault_society plays 9S -> zybots_ wins
  Trick  2: zybots_ leads AS, segfault_society plays JS -> zybots_ wins
  Trick  3: zybots_ leads AD, segfault_society plays 8D -> zybots_ wins
  Trick  4: zybots_ leads 7D, segfault_society plays QD -> segfault_society wins
  Trick  5: segfault_society leads AH, zybots_ plays JH -> segfault_society wins
  Trick  6: segfault_society leads AC, zybots_ plays 10C -> segfault_society wins
  Trick  7: segfault_society leads KD, zybots_ plays 9D -> segfault_society wins
  Trick  8: segfault_society leads QS, zybots_ plays 10S -> segfault_society wins
  Trick  9: segfault_society leads 10H, zybots_ plays QH -> zybots_ wins
  Trick 10: zybots_ leads 10D, segfault_society plays 8H -> zybots_ wins
  Trick 11: zybots_ leads JD, segfault_society plays 9H -> zybots_ wins
  Trick 12: zybots_ leads QC, segfault_society plays JC -> zybots_ wins
  Hand: segfault_society +5 / zybots_ +29 (tricks 5-7)
  Match total: segfault_society 5 - 29 zybots_
Players: segfault_society vs zybots_
Dealer: zybots_  |  Elder: segfault_society
Match scores: 5 - 29
Talon (8): JC KC 7D JD 8H 9H KH JS
segfault_society hand: 8C 10C QC 9D 10D KD AD JH AH 9S KS AS
zybots_ hand: 7C 9C AC 8D QD 7H 10H QH 7S 8S 10S QS
  Exchange segfault_society: discard 8C 10C QC JH 9S -> draw 7D 8H 9H KH JS (talon 3 left)
  Exchange zybots_: discard 7C 8D 7H -> draw JC KC JD (talon 0 left)

--- Phase: declare ---
  Declare point: segfault_society wins 5 pts (('point', 5, 'D'))
  Declare set: segfault_society wins 3 pts (('set', 3, 14))

--- Phase: tricks ---
  Trick  1: segfault_society leads AD, zybots_ plays JD -> segfault_society wins
  Trick  2: segfault_society leads AH, zybots_ plays 10H -> segfault_society wins
  Trick  3: segfault_society leads KD, zybots_ plays QD -> segfault_society wins
  Trick  4: segfault_society leads AS, zybots_ plays 7S -> segfault_society wins
  Trick  5: segfault_society leads KH, zybots_ plays QH -> segfault_society wins
  Trick  6: segfault_society leads KS, zybots_ plays 8S -> segfault_society wins
  Trick  7: segfault_society leads 10D, zybots_ plays 9C -> segfault_society wins
  Trick  8: segfault_society leads 9D, zybots_ plays 10S -> segfault_society wins
  Trick  9: segfault_society leads 9H, zybots_ plays JC -> segfault_society wins
  Trick 10: segfault_society leads JS, zybots_ plays QS -> zybots_ wins
  Trick 11: zybots_ leads KC, segfault_society plays 7D -> zybots_ wins
  Trick 12: zybots_ leads AC, segfault_society plays 8H -> zybots_ wins
  Hand: segfault_society +27 / zybots_ +4 (tricks 9-3)
  Match total: segfault_society 32 - 33 zybots_
Players: segfault_society vs zybots_
Dealer: segfault_society  |  Elder: zybots_
Match scores: 32 - 33
Talon (8): 7C 8D 10D AD 9H 10H JH QH
segfault_society hand: 9C 10C JC KC QD 7H 8H KH AH 7S 9S JS
zybots_ hand: 8C QC AC 7D 9D JD KD 8S 10S QS KS AS
  Exchange zybots_: discard 8C QC 7D 9D JD -> draw 10D AD 10H JH QH (talon 3 left)
  Exchange segfault_society: discard 7S 9S JS -> draw 7C 8D 9H (talon 0 left)

--- Phase: declare ---
  Declare point: zybots_ wins 5 pts (('point', 5, 'S'))
  Declare sequence: zybots_ wins 3 pts (('sequence', 3, 14, 'S'))
  Declare set: zybots_ wins 3 pts (('set', 3, 14))

--- Phase: tricks ---
  Trick  1: zybots_ leads QS, segfault_society plays 7H -> zybots_ wins
  Trick  2: zybots_ leads KD, segfault_society plays 8D -> zybots_ wins
  Trick  3: zybots_ leads KS, segfault_society plays 7C -> zybots_ wins
  Trick  4: zybots_ leads AS, segfault_society plays 8H -> zybots_ wins
  Trick  5: zybots_ leads AC, segfault_society plays 9C -> zybots_ wins
  Trick  6: zybots_ leads AD, segfault_society plays QD -> zybots_ wins
  Trick  7: zybots_ leads 10H, segfault_society plays KH -> segfault_society wins
  Trick  8: segfault_society leads KC, zybots_ plays 8S -> segfault_society wins
  Trick  9: segfault_society leads AH, zybots_ plays JH -> segfault_society wins
  Trick 10: segfault_society leads JC, zybots_ plays 10S -> segfault_society wins
  Trick 11: segfault_society leads 10C, zybots_ plays 10D -> segfault_society wins
  Trick 12: segfault_society leads 9H, zybots_ plays QH -> zybots_ wins
  Hand: segfault_society +5 / zybots_ +29 (tricks 5-7)
  Match total: segfault_society 37 - 62 zybots_
Players: segfault_society vs zybots_
Dealer: zybots_  |  Elder: segfault_society
Match scores: 37 - 62
Talon (8): 8C JC AC KD AD 10S QS AS
segfault_society hand: 7C 9C 10C 7D 8D 9D JD 8H AH 8S 9S KS
zybots_ hand: QC KC 10D QD 7H 9H 10H JH QH KH 7S JS
  Exchange segfault_society: discard 7C 9C 8H 8S 9S -> draw AC KD AD QS AS (talon 3 left)
  Exchange zybots_: discard 10D 7S JS -> draw 8C JC 10S (talon 0 left)

--- Phase: declare ---
  Declare point: zybots_ wins 6 pts (('point', 6, 'H'))
  Declare sequence: zybots_ wins 10 pts (('sequence', 5, 13, 'H'))
  Declare set: segfault_society wins 14 pts (('set', 4, 14))

--- Phase: tricks ---
  Trick  1: segfault_society leads AD, zybots_ plays QD -> segfault_society wins
  Trick  2: segfault_society leads KD, zybots_ plays 7H -> segfault_society wins
  Trick  3: segfault_society leads AS, zybots_ plays 10S -> segfault_society wins
  Trick  4: segfault_society leads AC, zybots_ plays 8C -> segfault_society wins
  Trick  5: segfault_society leads KS, zybots_ plays 9H -> segfault_society wins
  Trick  6: segfault_society leads AH, zybots_ plays 10H -> segfault_society wins
  Trick  7: segfault_society leads QS, zybots_ plays JH -> segfault_society wins
  Trick  8: segfault_society leads JD, zybots_ plays JC -> segfault_society wins
  Trick  9: segfault_society leads 9D, zybots_ plays QC -> segfault_society wins
  Trick 10: segfault_society leads 8D, zybots_ plays QH -> segfault_society wins
  Trick 11: segfault_society leads 10C, zybots_ plays KC -> zybots_ wins
  Trick 12: zybots_ leads KH, segfault_society plays 7D -> zybots_ wins
  Hand: segfault_society +34 / zybots_ +19 (tricks 10-2)
  Match total: segfault_society 71 - 81 zybots_
Players: segfault_society vs zybots_
Dealer: segfault_society  |  Elder: zybots_
Match scores: 71 - 81
Talon (8): KC 7D AD 8H AH 7S JS QS
segfault_society hand: 7C 8C 9C 10C AC 8D 9D 10D 10H JH 8S AS
zybots_ hand: JC QC JD QD KD 7H 9H QH KH 9S 10S KS
  Exchange zybots_: discard JC 7H 9H 9S 10S -> draw AD AH 7S JS QS (talon 3 left)
  Exchange segfault_society: discard 8D 9D 8S -> draw KC 7D 8H (talon 0 left)

--- Phase: declare ---
  Declare point: segfault_society wins 6 pts (('point', 6, 'C'))
  Declare sequence: zybots_ wins 4 pts (('sequence', 4, 14, 'D'))
  Declare set: zybots_ wins 3 pts (('set', 3, 13))

--- Phase: tricks ---
  Trick  1: zybots_ leads JD, segfault_society plays 7D -> zybots_ wins
  Trick  2: zybots_ leads QD, segfault_society plays 10D -> zybots_ wins
  Trick  3: zybots_ leads QH, segfault_society plays 8H -> zybots_ wins
  Trick  4: zybots_ leads KH, segfault_society plays 10H -> zybots_ wins
  Trick  5: zybots_ leads KD, segfault_society plays 7C -> zybots_ wins
  Trick  6: zybots_ leads AH, segfault_society plays JH -> zybots_ wins
  Trick  7: zybots_ leads AD, segfault_society plays 8C -> zybots_ wins
  Trick  8: zybots_ leads 7S, segfault_society plays AS -> segfault_society wins
  Trick  9: segfault_society leads AC, zybots_ plays QC -> segfault_society wins
  Trick 10: segfault_society leads KC, zybots_ plays JS -> segfault_society wins
  Trick 11: segfault_society leads 10C, zybots_ plays QS -> segfault_society wins
  Trick 12: segfault_society leads 9C, zybots_ plays KS -> segfault_society wins
  Hand: segfault_society +12 / zybots_ +24 (tricks 5-7)
  Match total: segfault_society 83 - 105 zybots_
  Final: segfault_society 83 - 105 zybots_
  Winner: zybots_

============================================================
Game 82
============================================================
Players: zybots_ vs segfault_society
Dealer: zybots_  |  Elder: segfault_society
Match scores: 0 - 0
Talon (8): 7C KC 10D JD 8H 10H JH 9S
zybots_ hand: 8C 9C 7D 9D KD AD 7H 9H AH 8S JS QS
segfault_society hand: 10C JC QC AC 8D QD QH KH 7S 10S KS AS
  Exchange segfault_society: discard 8D QD QH 7S 10S -> draw KC JD 10H JH 9S (talon 3 left)
  Exchange zybots_: discard 8C 7H 8S -> draw 7C 10D 8H (talon 0 left)

--- Phase: declare ---
  Declare point: segfault_society wins 5 pts (('point', 5, 'C'))
  Declare sequence: segfault_society wins 10 pts (('sequence', 5, 14, 'C'))
  Declare set: segfault_society wins 3 pts (('set', 3, 13))

--- Phase: tricks ---
  Trick  1: segfault_society leads AC, zybots_ plays 7C -> segfault_society wins
  Trick  2: segfault_society leads KC, zybots_ plays 9C -> segfault_society wins
  Trick  3: segfault_society leads AS, zybots_ plays JS -> segfault_society wins
  Trick  4: segfault_society leads QC, zybots_ plays 7D -> segfault_society wins
  Trick  5: segfault_society leads KS, zybots_ plays QS -> segfault_society wins
  Trick  6: segfault_society leads JC, zybots_ plays 8H -> segfault_society wins
  Trick  7: segfault_society leads 10C, zybots_ plays 9D -> segfault_society wins
  Trick  8: segfault_society leads KH, zybots_ plays AH -> zybots_ wins
  Trick  9: zybots_ leads KD, segfault_society plays JD -> zybots_ wins
  Trick 10: zybots_ leads AD, segfault_society plays 9S -> zybots_ wins
  Trick 11: zybots_ leads 9H, segfault_society plays 10H -> segfault_society wins
  Trick 12: segfault_society leads JH, zybots_ plays 10D -> segfault_society wins
  Hand: zybots_ +3 / segfault_society +38 (tricks 3-9)
  Match total: zybots_ 3 - 38 segfault_society
Players: zybots_ vs segfault_society
Dealer: segfault_society  |  Elder: zybots_
Match scores: 3 - 38
Talon (8): QC 8D QD JH QH 7S 9S 10S
zybots_ hand: 7C 8C 10C JC 9D JD KD AD 9H AH QS AS
segfault_society hand: 9C KC AC 7D 10D 7H 8H 10H KH 8S JS KS
  Exchange zybots_: discard 7C 8C 10C JC 9H -> draw QC QD QH 9S 10S (talon 3 left)
  Exchange segfault_society: discard 9C 7D 8S -> draw 8D JH 7S (talon 0 left)

--- Phase: declare ---
  Declare point: zybots_ wins 5 pts (('point', 5, 'D'))
  Declare sequence: zybots_ wins 4 pts (('sequence', 4, 14, 'D'))
  Declare set: zybots_ wins 3 pts (('set', 3, 14))

--- Phase: tricks ---
  Trick  1: zybots_ leads JD, segfault_society plays 8D -> zybots_ wins
  Trick  2: zybots_ leads QD, segfault_society plays 10D -> zybots_ wins
  Trick  3: zybots_ leads KD, segfault_society plays 7H -> zybots_ wins
  Trick  4: zybots_ leads AS, segfault_society plays 7S -> zybots_ wins
  Trick  5: zybots_ leads AD, segfault_society plays 8H -> zybots_ wins
  Trick  6: zybots_ leads AH, segfault_society plays 10H -> zybots_ wins
  Trick  7: zybots_ leads 9S, segfault_society plays JS -> segfault_society wins
  Trick  8: segfault_society leads AC, zybots_ plays QC -> segfault_society wins
  Trick  9: segfault_society leads KH, zybots_ plays QH -> segfault_society wins
  Trick 10: segfault_society leads KC, zybots_ plays 9D -> segfault_society wins
  Trick 11: segfault_society leads KS, zybots_ plays 10S -> segfault_society wins
  Trick 12: segfault_society leads JH, zybots_ plays QS -> segfault_society wins
  Hand: zybots_ +18 / segfault_society +7 (tricks 6-6)
  Match total: zybots_ 21 - 45 segfault_society
Players: zybots_ vs segfault_society
Dealer: zybots_  |  Elder: segfault_society
Match scores: 21 - 45
Talon (8): AC JD 8H 9H 10H QH KH AH
zybots_ hand: 7C 8C 10C JC 10D JH 7S 9S 10S JS KS AS
segfault_society hand: 9C QC KC 7D 8D 9D QD KD AD 7H 8S QS
  Exchange segfault_society: discard 9C QC 7H 8S QS -> draw AC 8H 9H 10H QH (talon 3 left)
  Exchange zybots_: discard 7C 8C 7S -> draw JD KH AH (talon 0 left)

--- Phase: declare ---
  Declare point: segfault_society wins 6 pts (('point', 6, 'D'))
  Declare sequence: segfault_society wins 3 pts (('sequence', 3, 14, 'D'))
  Declare set: zybots_ wins 14 pts (('set', 4, 11))

--- Phase: tricks ---
  Trick  1: segfault_society leads AD, zybots_ plays 10D -> segfault_society wins
  Trick  2: segfault_society leads KD, zybots_ plays JD -> segfault_society wins
  Trick  3: segfault_society leads QD, zybots_ plays 9S -> segfault_society wins
  Trick  4: segfault_society leads AC, zybots_ plays 10C -> segfault_society wins
  Trick  5: segfault_society leads KC, zybots_ plays JC -> segfault_society wins
  Trick  6: segfault_society leads QH, zybots_ plays KH -> zybots_ wins
  Trick  7: zybots_ leads KS, segfault_society plays 7D -> zybots_ wins
  Trick  8: zybots_ leads AS, segfault_society plays 8D -> zybots_ wins
  Trick  9: zybots_ leads AH, segfault_society plays 8H -> zybots_ wins
  Trick 10: zybots_ leads 10S, segfault_society plays 9D -> zybots_ wins
  Trick 11: zybots_ leads JH, segfault_society plays 9H -> zybots_ wins
  Trick 12: zybots_ leads JS, segfault_society plays 10H -> zybots_ wins
  Hand: zybots_ +32 / segfault_society +14 (tricks 7-5)
  Match total: zybots_ 53 - 59 segfault_society
Players: zybots_ vs segfault_society
Dealer: segfault_society  |  Elder: zybots_
Match scores: 53 - 59
Talon (8): 10C QC KC 9D 10D KD 10H 9S
zybots_ hand: 7C 8C JC 7D JD AD 7H 8H KH AH 8S QS
segfault_society hand: 9C AC 8D QD 9H JH QH 7S 10S JS KS AS
  Exchange zybots_: discard 7C 8C 7D JD 8S -> draw 10C KC 9D 10D 10H (talon 3 left)
  Exchange segfault_society: discard 9C 8D 9H -> draw QC KD 9S (talon 0 left)

--- Phase: declare ---
  Declare point: segfault_society wins 6 pts (('point', 6, 'S'))
  Declare sequence: segfault_society wins 3 pts (('sequence', 3, 11, 'S'))
  Declare set: segfault_society wins 3 pts (('set', 3, 12))

--- Phase: tricks ---
  Trick  1: zybots_ leads KH, segfault_society plays JH -> zybots_ wins
  Trick  2: zybots_ leads AH, segfault_society plays QH -> zybots_ wins
  Trick  3: zybots_ leads AD, segfault_society plays QD -> zybots_ wins
  Trick  4: zybots_ leads 7H, segfault_society plays 7S -> zybots_ wins
  Trick  5: zybots_ leads 10C, segfault_society plays QC -> segfault_society wins
  Trick  6: segfault_society leads AS, zybots_ plays QS -> segfault_society wins
  Trick  7: segfault_society leads KS, zybots_ plays 8H -> segfault_society wins
  Trick  8: segfault_society leads AC, zybots_ plays JC -> segfault_society wins
  Trick  9: segfault_society leads KD, zybots_ plays 9D -> segfault_society wins
  Trick 10: segfault_society leads JS, zybots_ plays 10H -> segfault_society wins
  Trick 11: segfault_society leads 10S, zybots_ plays 10D -> segfault_society wins
  Trick 12: segfault_society leads 9S, zybots_ plays KC -> segfault_society wins
  Hand: zybots_ +4 / segfault_society +31 (tricks 4-8)
  Match total: zybots_ 57 - 90 segfault_society
Players: zybots_ vs segfault_society
Dealer: zybots_  |  Elder: segfault_society
Match scores: 57 - 90
Talon (8): 8C 10C 9D 10D 7S 8S 9S KS
zybots_ hand: 7C QC AC 7D 8D QD AD 8H 10H JH QS AS
segfault_society hand: 9C JC KC JD KD 7H 9H QH KH AH 10S JS
  Exchange segfault_society: discard 9C JC JD 10S JS -> draw 9D 10D 8S 9S KS (talon 3 left)
  Exchange zybots_: discard 7C 8H 10H -> draw 8C 10C 7S (talon 0 left)

--- Phase: declare ---
  Declare point: segfault_society wins 5 pts (('point', 5, 'H'))
  Declare sequence: segfault_society wins 3 pts (('sequence', 3, 14, 'H'))
  Declare set: zybots_ wins 3 pts (('set', 3, 14))

--- Phase: tricks ---
  Trick  1: segfault_society leads AH, zybots_ plays JH -> segfault_society wins
  Trick  2: segfault_society leads KH, zybots_ plays 7D -> segfault_society wins
  Trick  3: segfault_society leads QH, zybots_ plays 7S -> segfault_society wins
  Trick  4: segfault_society leads KD, zybots_ plays AD -> zybots_ wins
  Trick  5: zybots_ leads AS, segfault_society plays 8S -> zybots_ wins
  Trick  6: zybots_ leads AC, segfault_society plays KC -> zybots_ wins
  Trick  7: zybots_ leads 8C, segfault_society plays 7H -> zybots_ wins
  Trick  8: zybots_ leads 8D, segfault_society plays 9D -> segfault_society wins
  Trick  9: segfault_society leads KS, zybots_ plays QS -> segfault_society wins
  Trick 10: segfault_society leads 10D, zybots_ plays QD -> zybots_ wins
  Trick 11: zybots_ leads 10C, segfault_society plays 9H -> zybots_ wins
  Trick 12: zybots_ leads QC, segfault_society plays 9S -> zybots_ wins
  Hand: zybots_ +21 / segfault_society +13 (tricks 7-5)
  Match total: zybots_ 78 - 103 segfault_society
  Final: zybots_ 78 - 103 segfault_society
  Winner: segfault_society

============================================================
Game 83
============================================================
Players: segfault_society vs zybots_
Dealer: segfault_society  |  Elder: zybots_
Match scores: 0 - 0
Talon (8): 7C 8C 10C AD 7S 10S JS QS
segfault_society hand: JC KC 7D 8D JD 7H 8H 9H KH 8S 9S AS
zybots_ hand: 9C QC AC 9D 10D QD KD 10H JH QH AH KS
  Exchange zybots_: discard 9C 9D 10D KD KS -> draw 7C 8C 10C AD 7S (talon 3 left)
  Exchange segfault_society: discard 7D 8D 8S -> draw 10S JS QS (talon 0 left)

--- Phase: declare ---
  Declare point: segfault_society wins 5 pts (('point', 5, 'S'))
  Declare sequence: segfault_society wins 4 pts (('sequence', 4, 12, 'S'))
  Declare set: zybots_ wins 3 pts (('set', 3, 14))

--- Phase: tricks ---
  Trick  1: zybots_ leads AC, segfault_society plays JC -> zybots_ wins
  Trick  2: zybots_ leads AH, segfault_society plays 7H -> zybots_ wins
  Trick  3: zybots_ leads AD, segfault_society plays JD -> zybots_ wins
  Trick  4: zybots_ leads 7C, segfault_society plays KC -> segfault_society wins
  Trick  5: segfault_society leads AS, zybots_ plays 7S -> segfault_society wins
  Trick  6: segfault_society leads KH, zybots_ plays 10H -> segfault_society wins
  Trick  7: segfault_society leads QS, zybots_ plays 8C -> segfault_society wins
  Trick  8: segfault_society leads JS, zybots_ plays 10C -> segfault_society wins
  Trick  9: segfault_society leads 10S, zybots_ plays JH -> segfault_society wins
  Trick 10: segfault_society leads 9H, zybots_ plays QH -> zybots_ wins
  Trick 11: zybots_ leads QD, segfault_society plays 8H -> zybots_ wins
  Trick 12: zybots_ leads QC, segfault_society plays 9S -> zybots_ wins
  Hand: segfault_society +15 / zybots_ +10 (tricks 6-6)
  Match total: segfault_society 15 - 10 zybots_
Players: segfault_society vs zybots_
Dealer: zybots_  |  Elder: segfault_society
Match scores: 15 - 10
Talon (8): 7C JC KC AC 7D 9D 9H AS
segfault_society hand: QC JD QD AD 8H JH QH KH 9S 10S JS KS
zybots_ hand: 8C 9C 10C 8D 10D KD 7H 10H AH 7S 8S QS
  Exchange segfault_society: discard QC JD 9S 10S JS -> draw 7C KC 7D 9H AS (talon 3 left)
  Exchange zybots_: discard 8D 7S 8S -> draw JC AC 9D (talon 0 left)

--- Phase: declare ---
  Declare point: zybots_ wins 5 pts (('point', 5, 'C'))
  Declare sequence: zybots_ wins 4 pts (('sequence', 4, 11, 'C'))
  Declare set: segfault_society wins 3 pts (('set', 3, 13))

--- Phase: tricks ---
  Trick  1: segfault_society leads AD, zybots_ plays 9D -> segfault_society wins
  Trick  2: segfault_society leads AS, zybots_ plays QS -> segfault_society wins
  Trick  3: segfault_society leads KS, zybots_ plays 7H -> segfault_society wins
  Trick  4: segfault_society leads KH, zybots_ plays AH -> zybots_ wins
  Trick  5: zybots_ leads KD, segfault_society plays 7D -> zybots_ wins
  Trick  6: zybots_ leads AC, segfault_society plays 7C -> zybots_ wins
  Trick  7: zybots_ leads 8C, segfault_society plays KC -> segfault_society wins
  Trick  8: segfault_society leads QD, zybots_ plays 10D -> segfault_society wins
  Trick  9: segfault_society leads QH, zybots_ plays 10H -> segfault_society wins
  Trick 10: segfault_society leads JH, zybots_ plays 9C -> segfault_society wins
  Trick 11: segfault_society leads 9H, zybots_ plays 10C -> segfault_society wins
  Trick 12: segfault_society leads 8H, zybots_ plays JC -> segfault_society wins
  Hand: segfault_society +23 / zybots_ +12 (tricks 9-3)
  Match total: segfault_society 38 - 22 zybots_
Players: segfault_society vs zybots_
Dealer: segfault_society  |  Elder: zybots_
Match scores: 38 - 22
Talon (8): 7C JC KC 7H 9H 10H KH JS
segfault_society hand: 8C AC 7D 8D 9D 10D QD KD JH QH 8S KS
zybots_ hand: 9C 10C QC JD AD 8H AH 7S 9S 10S QS AS
  Exchange zybots_: discard 9C 10C QC JD 8H -> draw 7C JC 9H 10H KH (talon 3 left)
  Exchange segfault_society: discard 8C JH 8S -> draw KC 7H JS (talon 0 left)

--- Phase: declare ---
  Declare point: segfault_society wins 6 pts (('point', 6, 'D'))
  Declare sequence: segfault_society wins 4 pts (('sequence', 4, 10, 'D'))
  Declare set: zybots_ wins 3 pts (('set', 3, 14))

--- Phase: tricks ---
  Trick  1: zybots_ leads KH, segfault_society plays 7H -> zybots_ wins
  Trick  2: zybots_ leads AD, segfault_society plays 7D -> zybots_ wins
  Trick  3: zybots_ leads AS, segfault_society plays JS -> zybots_ wins
  Trick  4: zybots_ leads AH, segfault_society plays QH -> zybots_ wins
  Trick  5: zybots_ leads 7S, segfault_society plays KS -> segfault_society wins
  Trick  6: segfault_society leads KD, zybots_ plays 7C -> segfault_society wins
  Trick  7: segfault_society leads QD, zybots_ plays 9S -> segfault_society wins
  Trick  8: segfault_society leads AC, zybots_ plays JC -> segfault_society wins
  Trick  9: segfault_society leads KC, zybots_ plays 9H -> segfault_society wins
  Trick 10: segfault_society leads 10D, zybots_ plays 10S -> segfault_society wins
  Trick 11: segfault_society leads 9D, zybots_ plays 10H -> segfault_society wins
  Trick 12: segfault_society leads 8D, zybots_ plays QS -> segfault_society wins
  Hand: segfault_society +29 / zybots_ +7 (tricks 8-4)
  Match total: segfault_society 67 - 29 zybots_
Players: segfault_society vs zybots_
Dealer: zybots_  |  Elder: segfault_society
Match scores: 67 - 29
Talon (8): 7C 10C AC 9D 10H JH KH JS
segfault_society hand: JC QC KC 7D 8D JD KD 8H AH 9S 10S AS
zybots_ hand: 8C 9C 10D QD AD 7H 9H QH 7S 8S QS KS
  Exchange segfault_society: discard 7D 8D 8H 9S 10S -> draw 7C AC 10H JH KH (talon 3 left)
  Exchange zybots_: discard 8C 7H 9H -> draw 10C 9D JS (talon 0 left)

--- Phase: declare ---
  Declare point: segfault_society wins 5 pts (('point', 5, 'C'))
  Declare sequence: segfault_society wins 4 pts (('sequence', 4, 14, 'C'))
  Declare set: segfault_society wins 3 pts (('set', 3, 14))

--- Phase: tricks ---
  Trick  1: segfault_society leads AC, zybots_ plays 9C -> segfault_society wins
  Trick  2: segfault_society leads AH, zybots_ plays QH -> segfault_society wins
  Trick  3: segfault_society leads KC, zybots_ plays 10C -> segfault_society wins
  Trick  4: segfault_society leads KH, zybots_ plays 7S -> segfault_society wins
  Trick  5: segfault_society leads QC, zybots_ plays 8S -> segfault_society wins
  Trick  6: segfault_society leads JC, zybots_ plays 9D -> segfault_society wins
  Trick  7: segfault_society leads AS, zybots_ plays JS -> segfault_society wins
  Trick  8: segfault_society leads KD, zybots_ plays AD -> zybots_ wins
  Trick  9: zybots_ leads QS, segfault_society plays 7C -> zybots_ wins
  Trick 10: zybots_ leads KS, segfault_society plays 10H -> zybots_ wins
  Trick 11: zybots_ leads 10D, segfault_society plays JD -> segfault_society wins
  Trick 12: segfault_society leads JH, zybots_ plays QD -> segfault_society wins
  Hand: segfault_society +32 / zybots_ +3 (tricks 9-3)
  Match total: segfault_society 99 - 32 zybots_
Players: segfault_society vs zybots_
Dealer: segfault_society  |  Elder: zybots_
Match scores: 99 - 32
Talon (8): QC 10D QD AD 9H JH QH AH
segfault_society hand: 7C 8C 10C KC KD 7H 10H KH 7S 9S JS QS
zybots_ hand: 9C JC AC 7D 8D 9D JD 8H 8S 10S KS AS
  Exchange zybots_: discard 9C JC AC JD 8H -> draw QD AD 9H QH AH (talon 3 left)
  Exchange segfault_society: discard 7C 8C 7H -> draw QC 10D JH (talon 0 left)

--- Phase: declare ---
  Declare point: zybots_ wins 5 pts (('point', 5, 'D'))
  Declare sequence: zybots_ wins 3 pts (('sequence', 3, 9, 'D'))
  Declare set: zybots_ wins 3 pts (('set', 3, 14))

--- Phase: tricks ---
  Trick  1: zybots_ leads KS, segfault_society plays 7S -> zybots_ wins
  Trick  2: zybots_ leads AS, segfault_society plays 9S -> zybots_ wins
  Trick  3: zybots_ leads AH, segfault_society plays 10H -> zybots_ wins
  Trick  4: zybots_ leads AD, segfault_society plays 10D -> zybots_ wins
  Trick  5: zybots_ leads 7D, segfault_society plays KD -> segfault_society wins
  Trick  6: segfault_society leads KH, zybots_ plays 9H -> segfault_society wins
  Trick  7: segfault_society leads QS, zybots_ plays 8S -> segfault_society wins
  Trick  8: segfault_society leads JS, zybots_ plays 10S -> segfault_society wins
  Trick  9: segfault_society leads KC, zybots_ plays 8D -> segfault_society wins
  Trick 10: segfault_society leads QC, zybots_ plays 9D -> segfault_society wins
  Trick 11: segfault_society leads JH, zybots_ plays QH -> zybots_ wins
  Trick 12: zybots_ leads QD, segfault_society plays 10C -> zybots_ wins
  Hand: segfault_society +6 / zybots_ +18 (tricks 6-6)
  Match total: segfault_society 105 - 50 zybots_
  Final: segfault_society 105 - 50 zybots_
  Winner: segfault_society

============================================================
Game 84
============================================================
Players: zybots_ vs segfault_society
Dealer: zybots_  |  Elder: segfault_society
Match scores: 0 - 0
Talon (8): 7C JC QC AC 9H QH AH QS
zybots_ hand: 8C 9C KC 8D 10D JD 8H 10H 7S 8S 9S JS
segfault_society hand: 10C 7D 9D QD KD AD 7H JH KH 10S KS AS
  Exchange segfault_society: discard 10C 7D 7H JH 10S -> draw JC AC 9H QH QS (talon 3 left)
  Exchange zybots_: discard 8C 8D 8H -> draw 7C QC AH (talon 0 left)

--- Phase: declare ---
  Declare point: segfault_society wins 4 pts (('point', 4, 'D'))
  Declare sequence: segfault_society wins 3 pts (('sequence', 3, 14, 'D'))
  Declare set: segfault_society wins 3 pts (('set', 3, 14))

--- Phase: tricks ---
  Trick  1: segfault_society leads AD, zybots_ plays 10D -> segfault_society wins
  Trick  2: segfault_society leads AS, zybots_ plays 7S -> segfault_society wins
  Trick  3: segfault_society leads KD, zybots_ plays JD -> segfault_society wins
  Trick  4: segfault_society leads AC, zybots_ plays 7C -> segfault_society wins
  Trick  5: segfault_society leads KS, zybots_ plays 8S -> segfault_society wins
  Trick  6: segfault_society leads QD, zybots_ plays 9S -> segfault_society wins
  Trick  7: segfault_society leads QS, zybots_ plays JS -> segfault_society wins
  Trick  8: segfault_society leads KH, zybots_ plays AH -> zybots_ wins
  Trick  9: zybots_ leads QC, segfault_society plays JC -> zybots_ wins
  Trick 10: zybots_ leads KC, segfault_society plays 9D -> zybots_ wins
  Trick 11: zybots_ leads 10H, segfault_society plays QH -> segfault_society wins
  Trick 12: segfault_society leads 9H, zybots_ plays 9C -> segfault_society wins
  Hand: zybots_ +3 / segfault_society +30 (tricks 3-9)
  Match total: zybots_ 3 - 30 segfault_society
Players: zybots_ vs segfault_society
Dealer: segfault_society  |  Elder: zybots_
Match scores: 3 - 30
Talon (8): 10C QD 9H JH AH 8S 9S JS
zybots_ hand: JC QC KC 9D 10D JD KD 10H QH KH 7S QS
segfault_society hand: 7C 8C 9C AC 7D 8D AD 7H 8H 10S KS AS
  Exchange zybots_: discard JC 10H QH 7S QS -> draw 10C 9H JH 8S 9S (talon 3 left)
  Exchange segfault_society: discard 7D 8D 7H -> draw QD AH JS (talon 0 left)

--- Phase: declare ---
  Declare point: segfault_society wins 4 pts (('point', 4, 'S'))
  Declare sequence: zybots_ wins 3 pts (('sequence', 3, 11, 'D'))
  Declare set: segfault_society wins 14 pts (('set', 4, 14))

--- Phase: tricks ---
  Trick  1: zybots_ leads 9D, segfault_society plays QD -> segfault_society wins
  Trick  2: segfault_society leads AS, zybots_ plays 8S -> segfault_society wins
  Trick  3: segfault_society leads AC, zybots_ plays 10C -> segfault_society wins
  Trick  4: segfault_society leads KS, zybots_ plays 9S -> segfault_society wins
  Trick  5: segfault_society leads AH, zybots_ plays 9H -> segfault_society wins
  Trick  6: segfault_society leads AD, zybots_ plays 10D -> segfault_society wins
  Trick  7: segfault_society leads 9C, zybots_ plays QC -> zybots_ wins
  Trick  8: zybots_ leads KH, segfault_society plays 8H -> zybots_ wins
  Trick  9: zybots_ leads KD, segfault_society plays 7C -> zybots_ wins
  Trick 10: zybots_ leads KC, segfault_society plays 8C -> zybots_ wins
  Trick 11: zybots_ leads JD, segfault_society plays 10S -> zybots_ wins
  Trick 12: zybots_ leads JH, segfault_society plays JS -> zybots_ wins
  Hand: zybots_ +10 / segfault_society +24 (tricks 6-6)
  Match total: zybots_ 13 - 54 segfault_society
Players: zybots_ vs segfault_society
Dealer: zybots_  |  Elder: segfault_society
Match scores: 13 - 54
Talon (8): 7C 9D 7H 8H 9H 10H JH 10S
zybots_ hand: 8C 9C 10C JC KC AC 7D 8D QD JS QS KS
segfault_society hand: QC 10D JD KD AD QH KH AH 7S 8S 9S AS
  Exchange segfault_society: discard 10D JD 7S 8S 9S -> draw 7C 9D 8H 9H JH (talon 3 left)
  Exchange zybots_: discard 7D 8D QD -> draw 7H 10H 10S (talon 0 left)

--- Phase: declare ---
  Declare sequence: segfault_society wins 4 pts (('sequence', 4, 14, 'H'))
  Declare set: segfault_society wins 3 pts (('set', 3, 14))

--- Phase: tricks ---
  Trick  1: segfault_society leads AH, zybots_ plays 7H -> segfault_society wins
  Trick  2: segfault_society leads KH, zybots_ plays 10H -> segfault_society wins
  Trick  3: segfault_society leads QH, zybots_ plays 8C -> segfault_society wins
  Trick  4: segfault_society leads AD, zybots_ plays 9C -> segfault_society wins
  Trick  5: segfault_society leads JH, zybots_ plays 10C -> segfault_society wins
  Trick  6: segfault_society leads KD, zybots_ plays 10S -> segfault_society wins
  Trick  7: segfault_society leads AS, zybots_ plays JS -> segfault_society wins
  Trick  8: segfault_society leads QC, zybots_ plays KC -> zybots_ wins
  Trick  9: zybots_ leads QS, segfault_society plays 7C -> zybots_ wins
  Trick 10: zybots_ leads KS, segfault_society plays 8H -> zybots_ wins
  Trick 11: zybots_ leads AC, segfault_society plays 9H -> zybots_ wins
  Trick 12: zybots_ leads JC, segfault_society plays 9D -> zybots_ wins
  Hand: zybots_ +6 / segfault_society +24 (tricks 5-7)
  Match total: zybots_ 19 - 78 segfault_society
Players: zybots_ vs segfault_society
Dealer: segfault_society  |  Elder: zybots_
Match scores: 19 - 78
Talon (8): 7C 8C 9C QC 10D 9H KH KS
zybots_ hand: 10C JC 7D 9D AD 7H 8H JH AH 8S 9S QS
segfault_society hand: KC AC 8D JD QD KD 10H QH 7S 10S JS AS
  Exchange zybots_: discard 10C 7D 9D 8S 9S -> draw 7C 8C 9C 9H KS (talon 3 left)
  Exchange segfault_society: discard 10H 7S 10S -> draw QC 10D KH (talon 0 left)

--- Phase: declare ---
  Declare point: segfault_society wins 5 pts (('point', 5, 'D'))
  Declare sequence: segfault_society wins 4 pts (('sequence', 4, 13, 'D'))
  Declare set: segfault_society wins 3 pts (('set', 3, 13))

--- Phase: tricks ---
  Trick  1: zybots_ leads AD, segfault_society plays 8D -> zybots_ wins
  Trick  2: zybots_ leads AH, segfault_society plays QH -> zybots_ wins
  Trick  3: zybots_ leads 7H, segfault_society plays KH -> segfault_society wins
  Trick  4: segfault_society leads KD, zybots_ plays 7C -> segfault_society wins
  Trick  5: segfault_society leads AC, zybots_ plays 8C -> segfault_society wins
  Trick  6: segfault_society leads QD, zybots_ plays 8H -> segfault_society wins
  Trick  7: segfault_society leads AS, zybots_ plays QS -> segfault_society wins
  Trick  8: segfault_society leads KC, zybots_ plays 9C -> segfault_society wins
  Trick  9: segfault_society leads JD, zybots_ plays 9H -> segfault_society wins
  Trick 10: segfault_society leads QC, zybots_ plays JC -> segfault_society wins
  Trick 11: segfault_society leads 10D, zybots_ plays JH -> segfault_society wins
  Trick 12: segfault_society leads JS, zybots_ plays KS -> zybots_ wins
  Hand: zybots_ +4 / segfault_society +31 (tricks 3-9)
  Match total: zybots_ 23 - 109 segfault_society
  Final: zybots_ 23 - 109 segfault_society
  Winner: segfault_society

============================================================
Game 85
============================================================
Players: segfault_society vs zybots_
Dealer: segfault_society  |  Elder: zybots_
Match scores: 0 - 0
Talon (8): 9C 10C QC 10D QD 10H 7S JS
segfault_society hand: KC 8D JD KD AD 7H 8H QH KH AH 8S AS
zybots_ hand: 7C 8C JC AC 7D 9D 9H JH 9S 10S QS KS
  Exchange zybots_: discard 7C 8C 7D 9D 9H -> draw 10C QC QD 7S JS (talon 3 left)
  Exchange segfault_society: discard 8D JD 8S -> draw 9C 10D 10H (talon 0 left)

--- Phase: declare ---
  Declare sequence: zybots_ wins 10 pts (('sequence', 5, 13, 'S'))
  Declare set: segfault_society wins 3 pts (('set', 3, 14))

--- Phase: tricks ---
  Trick  1: zybots_ leads AC, segfault_society plays 9C -> zybots_ wins
  Trick  2: zybots_ leads 7S, segfault_society plays AS -> segfault_society wins
  Trick  3: segfault_society leads AH, zybots_ plays JH -> segfault_society wins
  Trick  4: segfault_society leads KH, zybots_ plays 9S -> segfault_society wins
  Trick  5: segfault_society leads QH, zybots_ plays 10S -> segfault_society wins
  Trick  6: segfault_society leads AD, zybots_ plays QD -> segfault_society wins
  Trick  7: segfault_society leads KD, zybots_ plays 10C -> segfault_society wins
  Trick  8: segfault_society leads KC, zybots_ plays JC -> segfault_society wins
  Trick  9: segfault_society leads 10H, zybots_ plays JS -> segfault_society wins
  Trick 10: segfault_society leads 8H, zybots_ plays QS -> segfault_society wins
  Trick 11: segfault_society leads 10D, zybots_ plays QC -> segfault_society wins
  Trick 12: segfault_society leads 7H, zybots_ plays KS -> segfault_society wins
  Hand: segfault_society +25 / zybots_ +11 (tricks 11-1)
  Match total: segfault_society 25 - 11 zybots_
Players: segfault_society vs zybots_
Dealer: zybots_  |  Elder: segfault_society
Match scores: 25 - 11
Talon (8): 9C 8D QH KH AH QS KS AS
segfault_society hand: 7C 10C QC KC AC 10D JD AD 8H 8S 10S JS
zybots_ hand: 8C JC 7D 9D QD KD 7H 9H 10H JH 7S 9S
  Exchange segfault_society: discard 10D JD 8H 8S 10S -> draw 9C 8D QH AH KS (talon 3 left)
  Exchange zybots_: discard 8C 7D 7S -> draw KH QS AS (talon 0 left)

--- Phase: declare ---
  Declare point: segfault_society wins 6 pts (('point', 6, 'C'))
  Declare sequence: segfault_society wins 3 pts (('sequence', 3, 14, 'C'))
  Declare set: segfault_society wins 3 pts (('set', 3, 14))

--- Phase: tricks ---
  Trick  1: segfault_society leads AC, zybots_ plays JC -> segfault_society wins
  Trick  2: segfault_society leads KC, zybots_ plays 7H -> segfault_society wins
  Trick  3: segfault_society leads QC, zybots_ plays 9D -> segfault_society wins
  Trick  4: segfault_society leads AD, zybots_ plays QD -> segfault_society wins
  Trick  5: segfault_society leads AH, zybots_ plays 9H -> segfault_society wins
  Trick  6: segfault_society leads 10C, zybots_ plays 9S -> segfault_society wins
  Trick  7: segfault_society leads KS, zybots_ plays AS -> zybots_ wins
  Trick  8: zybots_ leads KD, segfault_society plays 8D -> zybots_ wins
  Trick  9: zybots_ leads KH, segfault_society plays QH -> zybots_ wins
  Trick 10: zybots_ leads 10H, segfault_society plays 7C -> zybots_ wins
  Trick 11: zybots_ leads JH, segfault_society plays 9C -> zybots_ wins
  Trick 12: zybots_ leads QS, segfault_society plays JS -> zybots_ wins
  Hand: segfault_society +18 / zybots_ +7 (tricks 6-6)
  Match total: segfault_society 43 - 18 zybots_
Players: segfault_society vs zybots_
Dealer: segfault_society  |  Elder: zybots_
Match scores: 43 - 18
Talon (8): JC QC JD KD 8H AH 9S 10S
segfault_society hand: 7C 9C 10C QD 9H 10H KH 7S JS QS KS AS
zybots_ hand: 8C KC AC 7D 8D 9D 10D AD 7H JH QH 8S
  Exchange zybots_: discard 8C 7H JH QH 8S -> draw QC JD KD 8H 9S (talon 3 left)
  Exchange segfault_society: discard 7C 9C 9H -> draw JC AH 10S (talon 0 left)

--- Phase: declare ---
  Declare point: zybots_ wins 7 pts (('point', 7, 'D'))
  Declare sequence: segfault_society wins 10 pts (('sequence', 5, 14, 'S'))
  Declare set: segfault_society wins 3 pts (('set', 3, 10))

--- Phase: tricks ---
  Trick  1: zybots_ leads QC, segfault_society plays 10C -> zybots_ wins
  Trick  2: zybots_ leads KC, segfault_society plays JC -> zybots_ wins
  Trick  3: zybots_ leads KD, segfault_society plays QD -> zybots_ wins
  Trick  4: zybots_ leads AC, segfault_society plays 7S -> zybots_ wins
  Trick  5: zybots_ leads AD, segfault_society plays 10H -> zybots_ wins
  Trick  6: zybots_ leads 7D, segfault_society plays 10S -> zybots_ wins
  Trick  7: zybots_ leads 8D, segfault_society plays JS -> zybots_ wins
  Trick  8: zybots_ leads 9D, segfault_society plays QS -> zybots_ wins
  Trick  9: zybots_ leads 10D, segfault_society plays KS -> zybots_ wins
  Trick 10: zybots_ leads 8H, segfault_society plays KH -> segfault_society wins
  Trick 11: segfault_society leads AS, zybots_ plays 9S -> segfault_society wins
  Trick 12: segfault_society leads AH, zybots_ plays JD -> segfault_society wins
  Hand: segfault_society +17 / zybots_ +26 (tricks 3-9)
  Match total: segfault_society 60 - 44 zybots_
Players: segfault_society vs zybots_
Dealer: zybots_  |  Elder: segfault_society
Match scores: 60 - 44
Talon (8): JC QC 10D JD 8H JH 9S KS
segfault_society hand: 7C 8C KC 9D QD AD 7H 9H 7S 8S JS AS
zybots_ hand: 9C 10C AC 7D 8D KD 10H QH KH AH 10S QS
  Exchange segfault_society: discard 7C 8C 9D 7H 9H -> draw QC 10D JD 8H KS (talon 3 left)
  Exchange zybots_: discard 9C 7D 8D -> draw JC JH 9S (talon 0 left)

--- Phase: declare ---
  Declare point: zybots_ wins 5 pts (('point', 5, 'H'))
  Declare sequence: zybots_ wins 10 pts (('sequence', 5, 14, 'H'))
  Declare set: zybots_ wins 3 pts (('set', 3, 10))

--- Phase: tricks ---
  Trick  1: segfault_society leads AS, zybots_ plays 9S -> segfault_society wins
  Trick  2: segfault_society leads AD, zybots_ plays KD -> segfault_society wins
  Trick  3: segfault_society leads KS, zybots_ plays 10S -> segfault_society wins
  Trick  4: segfault_society leads QD, zybots_ plays 10H -> segfault_society wins
  Trick  5: segfault_society leads JS, zybots_ plays QS -> zybots_ wins
  Trick  6: zybots_ leads JH, segfault_society plays 8H -> zybots_ wins
  Trick  7: zybots_ leads QH, segfault_society plays 7S -> zybots_ wins
  Trick  8: zybots_ leads KH, segfault_society plays 8S -> zybots_ wins
  Trick  9: zybots_ leads AC, segfault_society plays QC -> zybots_ wins
  Trick 10: zybots_ leads AH, segfault_society plays 10D -> zybots_ wins
  Trick 11: zybots_ leads 10C, segfault_society plays KC -> segfault_society wins
  Trick 12: segfault_society leads JD, zybots_ plays JC -> segfault_society wins
  Hand: segfault_society +7 / zybots_ +24 (tricks 6-6)
  Match total: segfault_society 67 - 68 zybots_
Players: segfault_society vs zybots_
Dealer: segfault_society  |  Elder: zybots_
Match scores: 67 - 68
Talon (8): AC 9D AD 8H KH 9S KS AS
segfault_society hand: 7C JC KC 8D QD KD 7H 9H 10H QH AH JS
zybots_ hand: 8C 9C 10C QC 7D 10D JD JH 7S 8S 10S QS
  Exchange zybots_: discard 7D JD JH 7S 8S -> draw AC AD 8H KS AS (talon 3 left)
  Exchange segfault_society: discard 7C JC 8D -> draw 9D KH 9S (talon 0 left)

--- Phase: declare ---
  Declare point: segfault_society wins 6 pts (('point', 6, 'H'))
  Declare set: zybots_ wins 3 pts (('set', 3, 14))

--- Phase: tricks ---
  Trick  1: zybots_ leads QS, segfault_society plays 9S -> zybots_ wins
  Trick  2: zybots_ leads KS, segfault_society plays JS -> zybots_ wins
  Trick  3: zybots_ leads AC, segfault_society plays KC -> zybots_ wins
  Trick  4: zybots_ leads AD, segfault_society plays 9D -> zybots_ wins
  Trick  5: zybots_ leads AS, segfault_society plays 7H -> zybots_ wins
  Trick  6: zybots_ leads 8C, segfault_society plays 9H -> zybots_ wins
  Trick  7: zybots_ leads 9C, segfault_society plays 10H -> zybots_ wins
  Trick  8: zybots_ leads 10C, segfault_society plays QD -> zybots_ wins
  Trick  9: zybots_ leads QC, segfault_society plays QH -> zybots_ wins
  Trick 10: zybots_ leads 10D, segfault_society plays KD -> segfault_society wins
  Trick 11: segfault_society leads AH, zybots_ plays 8H -> segfault_society wins
  Trick 12: segfault_society leads KH, zybots_ plays 10S -> segfault_society wins
  Hand: segfault_society +10 / zybots_ +22 (tricks 3-9)
  Match total: segfault_society 77 - 90 zybots_
Players: segfault_society vs zybots_
Dealer: zybots_  |  Elder: segfault_society
Match scores: 77 - 90
Talon (8): 7C 9C JC AC QD 8H JH KS
segfault_society hand: 8C 10C QC KC 8D 9D 10D AD QH KH 9S AS
zybots_ hand: 7D JD KD 7H 9H 10H AH 7S 8S 10S JS QS
  Exchange segfault_society: discard 8C 10C QC QH 9S -> draw 9C JC AC 8H KS (talon 3 left)
  Exchange zybots_: discard 7D 7H 9H -> draw 7C QD JH (talon 0 left)

--- Phase: declare ---
  Declare point: zybots_ wins 5 pts (('point', 5, 'S'))
  Declare sequence: zybots_ wins 3 pts (('sequence', 3, 13, 'D'))
  Declare set: segfault_society wins 3 pts (('set', 3, 14))

--- Phase: tricks ---
  Trick  1: segfault_society leads AD, zybots_ plays JD -> segfault_society wins
  Trick  2: segfault_society leads AC, zybots_ plays 7C -> segfault_society wins
  Trick  3: segfault_society leads KC, zybots_ plays 7S -> segfault_society wins
  Trick  4: segfault_society leads AS, zybots_ plays 8S -> segfault_society wins
  Trick  5: segfault_society leads KS, zybots_ plays 10S -> segfault_society wins
  Trick  6: segfault_society leads 10D, zybots_ plays QD -> zybots_ wins
  Trick  7: zybots_ leads JS, segfault_society plays 8D -> zybots_ wins
  Trick  8: zybots_ leads QS, segfault_society plays 8H -> zybots_ wins
  Trick  9: zybots_ leads KD, segfault_society plays 9D -> zybots_ wins
  Trick 10: zybots_ leads AH, segfault_society plays KH -> zybots_ wins
  Trick 11: zybots_ leads 10H, segfault_society plays 9C -> zybots_ wins
  Trick 12: zybots_ leads JH, segfault_society plays JC -> zybots_ wins
  Hand: segfault_society +8 / zybots_ +26 (tricks 5-7)
  Match total: segfault_society 85 - 116 zybots_
  Final: segfault_society 85 - 116 zybots_
  Winner: zybots_

============================================================
Game 86
============================================================
Players: zybots_ vs segfault_society
Dealer: zybots_  |  Elder: segfault_society
Match scores: 0 - 0
Talon (8): 10C JD 10H KH AH QS KS AS
zybots_ hand: 7C 8C JC KC 7D 8D QD AD JH QH 7S JS
segfault_society hand: 9C QC AC 9D 10D KD 7H 8H 9H 8S 9S 10S
  Exchange segfault_society: discard 9C 9D 7H 8H 9H -> draw 10C 10H KH KS AS (talon 3 left)
  Exchange zybots_: discard 7C 8C 7S -> draw JD AH QS (talon 0 left)

--- Phase: declare ---
  Declare point: segfault_society wins 5 pts (('point', 5, 'S'))
  Declare sequence: segfault_society wins 3 pts (('sequence', 3, 10, 'S'))
  Declare set: segfault_society wins 3 pts (('set', 3, 13))

--- Phase: tricks ---
  Trick  1: segfault_society leads AS, zybots_ plays JS -> segfault_society wins
  Trick  2: segfault_society leads KS, zybots_ plays QS -> segfault_society wins
  Trick  3: segfault_society leads AC, zybots_ plays JC -> segfault_society wins
  Trick  4: segfault_society leads 10S, zybots_ plays 7D -> segfault_society wins
  Trick  5: segfault_society leads KD, zybots_ plays AD -> zybots_ wins
  Trick  6: zybots_ leads KC, segfault_society plays 10C -> zybots_ wins
  Trick  7: zybots_ leads AH, segfault_society plays 10H -> zybots_ wins
  Trick  8: zybots_ leads 8D, segfault_society plays 10D -> segfault_society wins
  Trick  9: segfault_society leads KH, zybots_ plays JH -> segfault_society wins
  Trick 10: segfault_society leads QC, zybots_ plays JD -> segfault_society wins
  Trick 11: segfault_society leads 9S, zybots_ plays QH -> segfault_society wins
  Trick 12: segfault_society leads 8S, zybots_ plays QD -> segfault_society wins
  Hand: zybots_ +3 / segfault_society +31 (tricks 3-9)
  Match total: zybots_ 3 - 31 segfault_society
Players: zybots_ vs segfault_society
Dealer: segfault_society  |  Elder: zybots_
Match scores: 3 - 31
Talon (8): 7C JC 8D 9D KH QS KS AS
zybots_ hand: 10C AC 7D 10D JD QD 8H 9H QH 7S 8S 9S
segfault_society hand: 8C 9C QC KC KD AD 7H 10H JH AH 10S JS
  Exchange zybots_: discard 10C AC 8H 9H QH -> draw 7C JC 8D KH QS (talon 3 left)
  Exchange segfault_society: discard 7H 10H 10S -> draw 9D KS AS (talon 0 left)

--- Phase: declare ---
  Declare point: zybots_ wins 5 pts (('point', 5, 'D'))
  Declare sequence: zybots_ wins 3 pts (('sequence', 3, 12, 'D'))
  Declare set: segfault_society wins 3 pts (('set', 3, 14))

--- Phase: tricks ---
  Trick  1: zybots_ leads 7D, segfault_society plays 9D -> segfault_society wins
  Trick  2: segfault_society leads AS, zybots_ plays 7S -> segfault_society wins
  Trick  3: segfault_society leads AH, zybots_ plays KH -> segfault_society wins
  Trick  4: segfault_society leads AD, zybots_ plays 8D -> segfault_society wins
  Trick  5: segfault_society leads KS, zybots_ plays 8S -> segfault_society wins
  Trick  6: segfault_society leads KD, zybots_ plays 10D -> segfault_society wins
  Trick  7: segfault_society leads KC, zybots_ plays 7C -> segfault_society wins
  Trick  8: segfault_society leads QC, zybots_ plays JC -> segfault_society wins
  Trick  9: segfault_society leads 9C, zybots_ plays 9S -> segfault_society wins
  Trick 10: segfault_society leads JH, zybots_ plays JD -> segfault_society wins
  Trick 11: segfault_society leads JS, zybots_ plays QS -> zybots_ wins
  Trick 12: zybots_ leads QD, segfault_society plays 8C -> zybots_ wins
  Hand: zybots_ +11 / segfault_society +23 (tricks 2-10)
  Match total: zybots_ 14 - 54 segfault_society
Players: zybots_ vs segfault_society
Dealer: zybots_  |  Elder: segfault_society
Match scores: 14 - 54
Talon (8): JC 10D JD KD 7H QH AH 9S
zybots_ hand: 8C QC KC AC 8D 8H 10H JH 7S 10S QS KS
segfault_society hand: 7C 9C 10C 7D 9D QD AD 9H KH 8S JS AS
  Exchange segfault_society: discard 7C 9C 10C 9H 8S -> draw JC 10D 7H QH 9S (talon 3 left)
  Exchange zybots_: discard 8D 8H 7S -> draw JD KD AH (talon 0 left)

--- Phase: declare ---
  Declare point: segfault_society wins 5 pts (('point', 5, 'D'))
  Declare sequence: zybots_ wins 3 pts (('sequence', 3, 14, 'C'))
  Declare set: zybots_ wins 3 pts (('set', 3, 13))

--- Phase: tricks ---
  Trick  1: segfault_society leads AD, zybots_ plays JD -> segfault_society wins
  Trick  2: segfault_society leads AS, zybots_ plays 10S -> segfault_society wins
  Trick  3: segfault_society leads QD, zybots_ plays KD -> zybots_ wins
  Trick  4: zybots_ leads QC, segfault_society plays JC -> zybots_ wins
  Trick  5: zybots_ leads QS, segfault_society plays 9S -> zybots_ wins
  Trick  6: zybots_ leads KS, segfault_society plays JS -> zybots_ wins
  Trick  7: zybots_ leads KC, segfault_society plays 7D -> zybots_ wins
  Trick  8: zybots_ leads AC, segfault_society plays 7H -> zybots_ wins
  Trick  9: zybots_ leads AH, segfault_society plays QH -> zybots_ wins
  Trick 10: zybots_ leads 10H, segfault_society plays KH -> segfault_society wins
  Trick 11: segfault_society leads 10D, zybots_ plays 8C -> segfault_society wins
  Trick 12: segfault_society leads 9D, zybots_ plays JH -> segfault_society wins
  Hand: zybots_ +23 / segfault_society +11 (tricks 7-5)
  Match total: zybots_ 37 - 65 segfault_society
Players: zybots_ vs segfault_society
Dealer: segfault_society  |  Elder: zybots_
Match scores: 37 - 65
Talon (8): 8C 9C QD AD QH 7S JS KS
zybots_ hand: KC AC 8D 9D 10D JD KD 7H 8H JH 8S AS
segfault_society hand: 7C 10C JC QC 7D 9H 10H KH AH 9S 10S QS
  Exchange zybots_: discard KC 7H 8H JH 8S -> draw 9C QD QH 7S JS (talon 3 left)
  Exchange segfault_society: discard 7D 9S 10S -> draw 8C AD KS (talon 0 left)

--- Phase: declare ---
  Declare point: zybots_ wins 6 pts (('point', 6, 'D'))
  Declare sequence: zybots_ wins 11 pts (('sequence', 6, 13, 'D'))

--- Phase: tricks ---
  Trick  1: zybots_ leads AS, segfault_society plays QS -> zybots_ wins
  Trick  2: zybots_ leads AC, segfault_society plays 7C -> zybots_ wins
  Trick  3: zybots_ leads 8D, segfault_society plays AD -> segfault_society wins
  Trick  4: segfault_society leads AH, zybots_ plays QH -> segfault_society wins
  Trick  5: segfault_society leads KH, zybots_ plays 7S -> segfault_society wins
  Trick  6: segfault_society leads KS, zybots_ plays JS -> segfault_society wins
  Trick  7: segfault_society leads QC, zybots_ plays 9C -> segfault_society wins
  Trick  8: segfault_society leads JC, zybots_ plays 9D -> segfault_society wins
  Trick  9: segfault_society leads 10C, zybots_ plays 10D -> segfault_society wins
  Trick 10: segfault_society leads 10H, zybots_ plays JD -> segfault_society wins
  Trick 11: segfault_society leads 9H, zybots_ plays QD -> segfault_society wins
  Trick 12: segfault_society leads 8C, zybots_ plays KD -> segfault_society wins
  Hand: zybots_ +19 / segfault_society +21 (tricks 2-10)
  Match total: zybots_ 56 - 86 segfault_society
Players: zybots_ vs segfault_society
Dealer: zybots_  |  Elder: segfault_society
Match scores: 56 - 86
Talon (8): 10C 8D 9H JH AH 7S 8S AS
zybots_ hand: 9C KC AC 9D 10D JD KD AD KH 9S JS QS
segfault_society hand: 7C 8C JC QC 7D QD 7H 8H 10H QH 10S KS
  Exchange segfault_society: discard 7D 7H 8H 10H 10S -> draw 8D JH 7S 8S AS (talon 3 left)
  Exchange zybots_: discard 9C 9S JS -> draw 10C 9H AH (talon 0 left)

--- Phase: declare ---
  Declare point: zybots_ wins 5 pts (('point', 5, 'D'))
  Declare sequence: zybots_ wins 3 pts (('sequence', 3, 11, 'D'))
  Declare set: zybots_ wins 3 pts (('set', 3, 14))

--- Phase: tricks ---
  Trick  1: segfault_society leads AS, zybots_ plays QS -> segfault_society wins
  Trick  2: segfault_society leads KS, zybots_ plays 9D -> segfault_society wins
  Trick  3: segfault_society leads QC, zybots_ plays KC -> zybots_ wins
  Trick  4: zybots_ leads KH, segfault_society plays JH -> zybots_ wins
  Trick  5: zybots_ leads KD, segfault_society plays 8D -> zybots_ wins
  Trick  6: zybots_ leads AC, segfault_society plays 7C -> zybots_ wins
  Trick  7: zybots_ leads AD, segfault_society plays QD -> zybots_ wins
  Trick  8: zybots_ leads AH, segfault_society plays QH -> zybots_ wins
  Trick  9: zybots_ leads 10D, segfault_society plays 7S -> zybots_ wins
  Trick 10: zybots_ leads JD, segfault_society plays 8C -> zybots_ wins
  Trick 11: zybots_ leads 9H, segfault_society plays 8S -> zybots_ wins
  Trick 12: zybots_ leads 10C, segfault_society plays JC -> segfault_society wins
  Hand: zybots_ +30 / segfault_society +4 (tricks 9-3)
  Match total: zybots_ 86 - 90 segfault_society
Players: zybots_ vs segfault_society
Dealer: segfault_society  |  Elder: zybots_
Match scores: 86 - 90
Talon (8): 8C 9C 7D 10D JD KD 10H 10S
zybots_ hand: 7C JC QC 8D 9D AD 8H 9H AH 7S 8S JS
segfault_society hand: 10C KC AC QD 7H JH QH KH 9S QS KS AS
  Exchange zybots_: discard 7C 8D 9D 7S 8S -> draw 9C 7D KD 10H 10S (talon 3 left)
  Exchange segfault_society: discard 10C 7H JH -> draw 8C 10D JD (talon 0 left)

--- Phase: declare ---
  Declare point: segfault_society wins 4 pts (('point', 4, 'S'))
  Declare sequence: segfault_society wins 3 pts (('sequence', 3, 14, 'S'))
  Declare set: segfault_society wins 3 pts (('set', 3, 13))

--- Phase: tricks ---
  Trick  1: zybots_ leads KD, segfault_society plays 10D -> zybots_ wins
  Trick  2: zybots_ leads AH, segfault_society plays QH -> zybots_ wins
  Trick  3: zybots_ leads AD, segfault_society plays JD -> zybots_ wins
  Trick  4: zybots_ leads 8H, segfault_society plays KH -> segfault_society wins
  Trick  5: segfault_society leads AS, zybots_ plays 10S -> segfault_society wins
  Trick  6: segfault_society leads AC, zybots_ plays 9C -> segfault_society wins
  Trick  7: segfault_society leads KS, zybots_ plays JS -> segfault_society wins
  Trick  8: segfault_society leads KC, zybots_ plays JC -> segfault_society wins
  Trick  9: segfault_society leads QS, zybots_ plays 7D -> segfault_society wins
  Trick 10: segfault_society leads QD, zybots_ plays 9H -> segfault_society wins
  Trick 11: segfault_society leads 9S, zybots_ plays 10H -> segfault_society wins
  Trick 12: segfault_society leads 8C, zybots_ plays QC -> zybots_ wins
  Hand: zybots_ +5 / segfault_society +28 (tricks 4-8)
  Match total: zybots_ 91 - 118 segfault_society
  Final: zybots_ 91 - 118 segfault_society
  Winner: segfault_society

============================================================
Game 87
============================================================
Players: segfault_society vs zybots_
Dealer: segfault_society  |  Elder: zybots_
Match scores: 0 - 0
Talon (8): 7C 9C 10C JC 9D JH 9S QS
segfault_society hand: 8C QC KC AC QD AD 8H 9H KH AH 10S AS
zybots_ hand: 7D 8D 10D JD KD 7H 10H QH 7S 8S JS KS
  Exchange zybots_: discard 7H 10H 7S 8S JS -> draw 9C 10C 9D 9S QS (talon 3 left)
  Exchange segfault_society: discard 8H 9H 10S -> draw 7C JC JH (talon 0 left)

--- Phase: declare ---
  Declare point: segfault_society wins 6 pts (('point', 6, 'C'))
  Declare sequence: zybots_ wins 10 pts (('sequence', 5, 11, 'D'))
  Declare set: segfault_society wins 14 pts (('set', 4, 14))

--- Phase: tricks ---
  Trick  1: zybots_ leads 7D, segfault_society plays QD -> segfault_society wins
  Trick  2: segfault_society leads AC, zybots_ plays 9C -> segfault_society wins
  Trick  3: segfault_society leads KC, zybots_ plays 10C -> segfault_society wins
  Trick  4: segfault_society leads QC, zybots_ plays 8D -> segfault_society wins
  Trick  5: segfault_society leads AH, zybots_ plays QH -> segfault_society wins
  Trick  6: segfault_society leads JC, zybots_ plays 9D -> segfault_society wins
  Trick  7: segfault_society leads KH, zybots_ plays 9S -> segfault_society wins
  Trick  8: segfault_society leads AD, zybots_ plays 10D -> segfault_society wins
  Trick  9: segfault_society leads AS, zybots_ plays QS -> segfault_society wins
  Trick 10: segfault_society leads 8C, zybots_ plays JD -> segfault_society wins
  Trick 11: segfault_society leads JH, zybots_ plays KD -> segfault_society wins
  Trick 12: segfault_society leads 7C, zybots_ plays KS -> segfault_society wins
  Hand: segfault_society +103 / zybots_ +10 (tricks 12-0)
  Match total: segfault_society 103 - 10 zybots_
  Final: segfault_society 103 - 10 zybots_
  Winner: segfault_society

============================================================
Game 88
============================================================
Players: zybots_ vs segfault_society
Dealer: zybots_  |  Elder: segfault_society
Match scores: 0 - 0
Talon (8): 10C JD QD 7H 8H KH AH 8S
zybots_ hand: 8C QC AC 8D 10D AD 9H JH 7S 9S JS QS
segfault_society hand: 7C 9C JC KC 7D 9D KD 10H QH 10S KS AS
  Exchange segfault_society: discard 7D 9D 10H QH 10S -> draw JD QD 7H KH 8S (talon 3 left)
  Exchange zybots_: discard 8C 8D 9H -> draw 10C 8H AH (talon 0 left)

--- Phase: declare ---
  Declare sequence: segfault_society wins 3 pts (('sequence', 3, 13, 'D'))
  Declare set: zybots_ wins 3 pts (('set', 3, 14))

--- Phase: tricks ---
  Trick  1: segfault_society leads AS, zybots_ plays 7S -> segfault_society wins
  Trick  2: segfault_society leads KS, zybots_ plays 9S -> segfault_society wins
  Trick  3: segfault_society leads KC, zybots_ plays AC -> zybots_ wins
  Trick  4: zybots_ leads JS, segfault_society plays 8S -> zybots_ wins
  Trick  5: zybots_ leads QS, segfault_society plays 7C -> zybots_ wins
  Trick  6: zybots_ leads AD, segfault_society plays JD -> zybots_ wins
  Trick  7: zybots_ leads AH, segfault_society plays 7H -> zybots_ wins
  Trick  8: zybots_ leads 8H, segfault_society plays KH -> segfault_society wins
  Trick  9: segfault_society leads KD, zybots_ plays 10D -> segfault_society wins
  Trick 10: segfault_society leads QD, zybots_ plays 10C -> segfault_society wins
  Trick 11: segfault_society leads JC, zybots_ plays QC -> zybots_ wins
  Trick 12: zybots_ leads JH, segfault_society plays 9C -> zybots_ wins
  Hand: zybots_ +21 / segfault_society +8 (tricks 7-5)
  Match total: zybots_ 21 - 8 segfault_society
Players: zybots_ vs segfault_society
Dealer: segfault_society  |  Elder: zybots_
Match scores: 21 - 8
Talon (8): JC QC AC 7D 9D JD 8S JS
zybots_ hand: 7C KC 8D KD 7H 8H 9H 10H QH KH AH QS
segfault_society hand: 8C 9C 10C 10D QD AD JH 7S 9S 10S KS AS
  Exchange zybots_: discard 7C KC 8D 7H QS -> draw JC AC 7D JD 8S (talon 3 left)
  Exchange segfault_society: discard 10D QD JH -> draw QC 9D JS (talon 0 left)

--- Phase: declare ---
  Declare point: zybots_ wins 6 pts (('point', 6, 'H'))
  Declare sequence: zybots_ wins 3 pts (('sequence', 3, 14, 'H'))

--- Phase: tricks ---
  Trick  1: zybots_ leads QH, segfault_society plays 7S -> zybots_ wins
  Trick  2: zybots_ leads KH, segfault_society plays 8C -> zybots_ wins
  Trick  3: zybots_ leads AH, segfault_society plays 9C -> zybots_ wins
  Trick  4: zybots_ leads AC, segfault_society plays 10C -> zybots_ wins
  Trick  5: zybots_ leads 7D, segfault_society plays 9D -> segfault_society wins
  Trick  6: segfault_society leads AS, zybots_ plays 8S -> segfault_society wins
  Trick  7: segfault_society leads KS, zybots_ plays 8H -> segfault_society wins
  Trick  8: segfault_society leads AD, zybots_ plays JD -> segfault_society wins
  Trick  9: segfault_society leads JS, zybots_ plays 9H -> segfault_society wins
  Trick 10: segfault_society leads 10S, zybots_ plays 10H -> segfault_society wins
  Trick 11: segfault_society leads QC, zybots_ plays JC -> segfault_society wins
  Trick 12: segfault_society leads 9S, zybots_ plays KD -> segfault_society wins
  Hand: zybots_ +13 / segfault_society +19 (tricks 4-8)
  Match total: zybots_ 34 - 27 segfault_society
Players: zybots_ vs segfault_society
Dealer: zybots_  |  Elder: segfault_society
Match scores: 34 - 27
Talon (8): 7C 8C QD AD QH KH 9S QS
zybots_ hand: 9C 10C AC 8D JD 10H AH 7S 8S 10S KS AS
segfault_society hand: JC QC KC 7D 9D 10D KD 7H 8H 9H JH JS
  Exchange segfault_society: discard 7H 8H 9H JH JS -> draw QD AD QH KH 9S (talon 3 left)
  Exchange zybots_: discard 9C 8D JD -> draw 7C 8C QS (talon 0 left)

--- Phase: declare ---
  Declare point: segfault_society wins 6 pts (('point', 6, 'D'))
  Declare set: zybots_ wins 3 pts (('set', 3, 14))

--- Phase: tricks ---
  Trick  1: segfault_society leads AD, zybots_ plays 7S -> segfault_society wins
  Trick  2: segfault_society leads KD, zybots_ plays 7C -> segfault_society wins
  Trick  3: segfault_society leads QD, zybots_ plays 8S -> segfault_society wins
  Trick  4: segfault_society leads KC, zybots_ plays AC -> zybots_ wins
  Trick  5: zybots_ leads QS, segfault_society plays 9S -> zybots_ wins
  Trick  6: zybots_ leads KS, segfault_society plays 7D -> zybots_ wins
  Trick  7: zybots_ leads AS, segfault_society plays 9D -> zybots_ wins
  Trick  8: zybots_ leads AH, segfault_society plays QH -> zybots_ wins
  Trick  9: zybots_ leads 8C, segfault_society plays JC -> segfault_society wins
  Trick 10: segfault_society leads KH, zybots_ plays 10H -> segfault_society wins
  Trick 11: segfault_society leads QC, zybots_ plays 10C -> segfault_society wins
  Trick 12: segfault_society leads 10D, zybots_ plays 10S -> segfault_society wins
  Hand: zybots_ +8 / segfault_society +24 (tricks 5-7)
  Match total: zybots_ 42 - 51 segfault_society
Players: zybots_ vs segfault_society
Dealer: segfault_society  |  Elder: zybots_
Match scores: 42 - 51
Talon (8): 10C KC AC 10D JD 7H QS AS
zybots_ hand: 9C QC 7D 8D KD AD 8H 9H QH 8S 9S KS
segfault_society hand: 7C 8C JC 9D QD 10H JH KH AH 7S 10S JS
  Exchange zybots_: discard 9C 8H 9H 8S 9S -> draw AC JD 7H QS AS (talon 3 left)
  Exchange segfault_society: discard 7C 8C 7S -> draw 10C KC 10D (talon 0 left)

--- Phase: declare ---
  Declare point: zybots_ wins 5 pts (('point', 5, 'D'))
  Declare sequence: zybots_ wins 3 pts (('sequence', 3, 14, 'S'))
  Declare set: zybots_ wins 3 pts (('set', 3, 14))

--- Phase: tricks ---
  Trick  1: zybots_ leads QS, segfault_society plays 10S -> zybots_ wins
  Trick  2: zybots_ leads KS, segfault_society plays JS -> zybots_ wins
  Trick  3: zybots_ leads KD, segfault_society plays 9D -> zybots_ wins
  Trick  4: zybots_ leads AD, segfault_society plays 10D -> zybots_ wins
  Trick  5: zybots_ leads AS, segfault_society plays 10H -> zybots_ wins
  Trick  6: zybots_ leads AC, segfault_society plays 10C -> zybots_ wins
  Trick  7: zybots_ leads 7D, segfault_society plays QD -> segfault_society wins
  Trick  8: segfault_society leads AH, zybots_ plays 7H -> segfault_society wins
  Trick  9: segfault_society leads KH, zybots_ plays QH -> segfault_society wins
  Trick 10: segfault_society leads KC, zybots_ plays QC -> segfault_society wins
  Trick 11: segfault_society leads JC, zybots_ plays 8D -> segfault_society wins
  Trick 12: segfault_society leads JH, zybots_ plays JD -> segfault_society wins
  Hand: zybots_ +17 / segfault_society +7 (tricks 6-6)
  Match total: zybots_ 59 - 58 segfault_society
Players: zybots_ vs segfault_society
Dealer: zybots_  |  Elder: segfault_society
Match scores: 59 - 58
Talon (8): 7D 10D KD 7H 10H AH 10S QS
zybots_ hand: 7C 8C 10C KC AC 8D QD 9H JH QH KH 8S
segfault_society hand: 9C JC QC 9D JD AD 8H 7S 9S JS KS AS
  Exchange segfault_society: discard 9C JC 9D JD 8H -> draw 7D 10D AH 10S QS (talon 3 left)
  Exchange zybots_: discard 8D 9H 8S -> draw KD 7H 10H (talon 0 left)

--- Phase: declare ---
  Declare point: segfault_society wins 7 pts (('point', 7, 'S'))
  Declare sequence: segfault_society wins 11 pts (('sequence', 6, 14, 'S'))
  Declare set: segfault_society wins 3 pts (('set', 3, 14))

--- Phase: tricks ---
  Trick  1: segfault_society leads AS, zybots_ plays 7C -> segfault_society wins
  Trick  2: segfault_society leads KS, zybots_ plays 7H -> segfault_society wins
  Trick  3: segfault_society leads QS, zybots_ plays 8C -> segfault_society wins
  Trick  4: segfault_society leads JS, zybots_ plays 10C -> segfault_society wins
  Trick  5: segfault_society leads AD, zybots_ plays QD -> segfault_society wins
  Trick  6: segfault_society leads 10S, zybots_ plays 10H -> segfault_society wins
  Trick  7: segfault_society leads 9S, zybots_ plays JH -> segfault_society wins
  Trick  8: segfault_society leads AH, zybots_ plays QH -> segfault_society wins
  Trick  9: segfault_society leads 10D, zybots_ plays KD -> zybots_ wins
  Trick 10: zybots_ leads KC, segfault_society plays QC -> zybots_ wins
  Trick 11: zybots_ leads KH, segfault_society plays 7S -> zybots_ wins
  Trick 12: zybots_ leads AC, segfault_society plays 7D -> zybots_ wins
  Hand: zybots_ +5 / segfault_society +39 (tricks 4-8)
  Match total: zybots_ 64 - 97 segfault_society
Players: zybots_ vs segfault_society
Dealer: segfault_society  |  Elder: zybots_
Match scores: 64 - 97
Talon (8): 7C JC AC 7D 9D AD 7H 9S
zybots_ hand: 8C 10C QC KC QD KD 8H 10H KH 8S JS KS
segfault_society hand: 9C 8D 10D JD 9H JH QH AH 7S 10S QS AS
  Exchange zybots_: discard QD 8H 10H 8S JS -> draw 7C AC 9D AD 7H (talon 3 left)
  Exchange segfault_society: discard 9C 8D 10D -> draw JC 7D 9S (talon 0 left)

--- Phase: declare ---
  Declare point: zybots_ wins 6 pts (('point', 6, 'C'))
  Declare sequence: zybots_ wins 3 pts (('sequence', 3, 14, 'C'))
  Declare set: zybots_ wins 14 pts (('set', 4, 13))

--- Phase: tricks ---
  Trick  1: zybots_ leads QC, segfault_society plays JC -> zybots_ wins
  Trick  2: zybots_ leads KC, segfault_society plays 7S -> zybots_ wins
  Trick  3: zybots_ leads KD, segfault_society plays 7D -> zybots_ wins
  Trick  4: zybots_ leads AD, segfault_society plays JD -> zybots_ wins
  Trick  5: zybots_ leads AC, segfault_society plays 9H -> zybots_ wins
  Trick  6: zybots_ leads 7C, segfault_society plays 9S -> zybots_ wins
  Trick  7: zybots_ leads 8C, segfault_society plays 10S -> zybots_ wins
  Trick  8: zybots_ leads 7H, segfault_society plays JH -> segfault_society wins
  Trick  9: segfault_society leads AH, zybots_ plays KH -> segfault_society wins
  Trick 10: segfault_society leads AS, zybots_ plays KS -> segfault_society wins
  Trick 11: segfault_society leads QH, zybots_ plays 9D -> segfault_society wins
  Trick 12: segfault_society leads QS, zybots_ plays 10C -> segfault_society wins
  Hand: zybots_ +40 / segfault_society +6 (tricks 7-5)
  Match total: zybots_ 104 - 103 segfault_society
  Final: zybots_ 104 - 103 segfault_society
  Winner: zybots_

============================================================
Game 89
============================================================
Players: segfault_society vs zybots_
Dealer: segfault_society  |  Elder: zybots_
Match scores: 0 - 0
Talon (8): 7C JC QC KD 7H 9H AH 9S
segfault_society hand: 10C 7D 8D QD AD 8H QH 8S 10S JS KS AS
zybots_ hand: 8C 9C KC AC 9D 10D JD 10H JH KH 7S QS
  Exchange zybots_: discard 10H JH KH 7S QS -> draw JC QC KD AH 9S (talon 3 left)
  Exchange segfault_society: discard 7D 8D 8H -> draw 7C 7H 9H (talon 0 left)

--- Phase: declare ---
  Declare point: zybots_ wins 6 pts (('point', 6, 'C'))
  Declare sequence: zybots_ wins 4 pts (('sequence', 4, 14, 'C'))

--- Phase: tricks ---
  Trick  1: zybots_ leads JC, segfault_society plays 7C -> zybots_ wins
  Trick  2: zybots_ leads QC, segfault_society plays 10C -> zybots_ wins
  Trick  3: zybots_ leads KC, segfault_society plays 7H -> zybots_ wins
  Trick  4: zybots_ leads AC, segfault_society plays 8S -> zybots_ wins
  Trick  5: zybots_ leads AH, segfault_society plays 9H -> zybots_ wins
  Trick  6: zybots_ leads 9D, segfault_society plays QD -> segfault_society wins
  Trick  7: segfault_society leads AS, zybots_ plays 9S -> segfault_society wins
  Trick  8: segfault_society leads KS, zybots_ plays 8C -> segfault_society wins
  Trick  9: segfault_society leads AD, zybots_ plays 10D -> segfault_society wins
  Trick 10: segfault_society leads JS, zybots_ plays 9C -> segfault_society wins
  Trick 11: segfault_society leads QH, zybots_ plays JD -> segfault_society wins
  Trick 12: segfault_society leads 10S, zybots_ plays KD -> segfault_society wins
  Hand: segfault_society +18 / zybots_ +15 (tricks 7-5)
  Match total: segfault_society 18 - 15 zybots_
Players: segfault_society vs zybots_
Dealer: zybots_  |  Elder: segfault_society
Match scores: 18 - 15
Talon (8): QC 8D 10D QD 8H 10H 7S AS
segfault_society hand: 8C 9C JC KC AC 7D KH 9S 10S JS QS KS
zybots_ hand: 7C 10C 9D JD KD AD 7H 9H JH QH AH 8S
  Exchange segfault_society: discard 8C 9C JC 7D 9S -> draw QC 8D QD 8H 10H (talon 3 left)
  Exchange zybots_: discard 7C 9D 8S -> draw 10D 7S AS (talon 0 left)

--- Phase: declare ---
  Declare point: zybots_ wins 5 pts (('point', 5, 'H'))
  Declare sequence: segfault_society wins 4 pts (('sequence', 4, 13, 'S'))
  Declare set: zybots_ wins 3 pts (('set', 3, 14))

--- Phase: tricks ---
  Trick  1: segfault_society leads AC, zybots_ plays 10C -> segfault_society wins
  Trick  2: segfault_society leads KC, zybots_ plays 7H -> segfault_society wins
  Trick  3: segfault_society leads QC, zybots_ plays 7S -> segfault_society wins
  Trick  4: segfault_society leads KS, zybots_ plays AS -> zybots_ wins
  Trick  5: zybots_ leads KD, segfault_society plays 8D -> zybots_ wins
  Trick  6: zybots_ leads AD, segfault_society plays QD -> zybots_ wins
  Trick  7: zybots_ leads AH, segfault_society plays 8H -> zybots_ wins
  Trick  8: zybots_ leads 9H, segfault_society plays 10H -> segfault_society wins
  Trick  9: segfault_society leads KH, zybots_ plays JH -> segfault_society wins
  Trick 10: segfault_society leads QS, zybots_ plays 10D -> segfault_society wins
  Trick 11: segfault_society leads JS, zybots_ plays JD -> segfault_society wins
  Trick 12: segfault_society leads 10S, zybots_ plays QH -> segfault_society wins
  Hand: segfault_society +23 / zybots_ +12 (tricks 8-4)
  Match total: segfault_society 41 - 27 zybots_
Players: segfault_society vs zybots_
Dealer: segfault_society  |  Elder: zybots_
Match scores: 41 - 27
Talon (8): QC 7D 8D 9D QD 9H 10H 9S
segfault_society hand: 8C 9C JC AC 10D JD AD 7H 8H 8S JS KS
zybots_ hand: 7C 10C KC KD JH QH KH AH 7S 10S QS AS
  Exchange zybots_: discard 7C 10C 7S 10S QS -> draw QC 8D 9D QD 9H (talon 3 left)
  Exchange segfault_society: discard 7H 8H 8S -> draw 7D 10H 9S (talon 0 left)

--- Phase: declare ---
  Declare point: zybots_ wins 5 pts (('point', 5, 'H'))
  Declare sequence: zybots_ wins 4 pts (('sequence', 4, 14, 'H'))
  Declare set: zybots_ wins 3 pts (('set', 3, 13))

--- Phase: tricks ---
  Trick  1: zybots_ leads JH, segfault_society plays 10H -> zybots_ wins
  Trick  2: zybots_ leads QH, segfault_society plays 7D -> zybots_ wins
  Trick  3: zybots_ leads KH, segfault_society plays 8C -> zybots_ wins
  Trick  4: zybots_ leads AS, segfault_society plays 9S -> zybots_ wins
  Trick  5: zybots_ leads AH, segfault_society plays 9C -> zybots_ wins
  Trick  6: zybots_ leads 8D, segfault_society plays 10D -> segfault_society wins
  Trick  7: segfault_society leads AC, zybots_ plays QC -> segfault_society wins
  Trick  8: segfault_society leads AD, zybots_ plays 9D -> segfault_society wins
  Trick  9: segfault_society leads KS, zybots_ plays 9H -> segfault_society wins
  Trick 10: segfault_society leads JD, zybots_ plays QD -> zybots_ wins
  Trick 11: zybots_ leads KC, segfault_society plays JC -> zybots_ wins
  Trick 12: zybots_ leads KD, segfault_society plays JS -> zybots_ wins
  Hand: segfault_society +4 / zybots_ +31 (tricks 4-8)
  Match total: segfault_society 45 - 58 zybots_
Players: segfault_society vs zybots_
Dealer: zybots_  |  Elder: segfault_society
Match scores: 45 - 58
Talon (8): 7C 8C 10C 10D QD KD 7H AH
segfault_society hand: QC KC 8D JD AD 9H JH KH 8S 10S JS AS
zybots_ hand: 9C JC AC 7D 9D 8H 10H QH 7S 9S QS KS
  Exchange segfault_society: discard QC 8D JD 9H JH -> draw 7C 8C 10C 10D 7H (talon 3 left)
  Exchange zybots_: discard 9C 7D 8H -> draw QD KD AH (talon 0 left)

--- Phase: declare ---
  Declare point: segfault_society wins 4 pts (('point', 4, 'S'))
  Declare set: zybots_ wins 3 pts (('set', 3, 12))

--- Phase: tricks ---
  Trick  1: segfault_society leads AS, zybots_ plays 7S -> segfault_society wins
  Trick  2: segfault_society leads AD, zybots_ plays 9D -> segfault_society wins
  Trick  3: segfault_society leads KC, zybots_ plays AC -> zybots_ wins
  Trick  4: zybots_ leads QS, segfault_society plays 8S -> zybots_ wins
  Trick  5: zybots_ leads QD, segfault_society plays 10D -> zybots_ wins
  Trick  6: zybots_ leads KS, segfault_society plays 10S -> zybots_ wins
  Trick  7: zybots_ leads KD, segfault_society plays 7C -> zybots_ wins
  Trick  8: zybots_ leads AH, segfault_society plays 7H -> zybots_ wins
  Trick  9: zybots_ leads 10H, segfault_society plays KH -> segfault_society wins
  Trick 10: segfault_society leads JS, zybots_ plays 9S -> segfault_society wins
  Trick 11: segfault_society leads 10C, zybots_ plays JC -> zybots_ wins
  Trick 12: zybots_ leads QH, segfault_society plays 8C -> zybots_ wins
  Hand: segfault_society +8 / zybots_ +22 (tricks 4-8)
  Match total: segfault_society 53 - 80 zybots_
Players: segfault_society vs zybots_
Dealer: segfault_society  |  Elder: zybots_
Match scores: 53 - 80
Talon (8): QC 7D JD JH 7S QS KS AS
segfault_society hand: 9C 10C JC KC AC 9D KD 7H 10H AH 9S 10S
zybots_ hand: 7C 8C 8D 10D QD AD 8H 9H QH KH 8S JS
  Exchange zybots_: discard 7C 8C 8H 9H 8S -> draw 7D JD JH 7S KS (talon 3 left)
  Exchange segfault_society: discard 9D 7H 9S -> draw QC QS AS (talon 0 left)

--- Phase: declare ---
  Declare point: segfault_society wins 6 pts (('point', 6, 'C'))
  Declare sequence: segfault_society wins 11 pts (('sequence', 6, 14, 'C'))
  Declare set: segfault_society wins 3 pts (('set', 3, 14))

--- Phase: tricks ---
  Trick  1: zybots_ leads AD, segfault_society plays KD -> zybots_ wins
  Trick  2: zybots_ leads 7D, segfault_society plays 9C -> zybots_ wins
  Trick  3: zybots_ leads 8D, segfault_society plays 10H -> zybots_ wins
  Trick  4: zybots_ leads 10D, segfault_society plays 10C -> zybots_ wins
  Trick  5: zybots_ leads JH, segfault_society plays AH -> segfault_society wins
  Trick  6: segfault_society leads AC, zybots_ plays 7S -> segfault_society wins
  Trick  7: segfault_society leads AS, zybots_ plays JS -> segfault_society wins
  Trick  8: segfault_society leads KC, zybots_ plays JD -> segfault_society wins
  Trick  9: segfault_society leads QC, zybots_ plays QD -> segfault_society wins
  Trick 10: segfault_society leads JC, zybots_ plays QH -> segfault_society wins
  Trick 11: segfault_society leads QS, zybots_ plays KS -> zybots_ wins
  Trick 12: zybots_ leads KH, segfault_society plays 10S -> zybots_ wins
  Hand: segfault_society +26 / zybots_ +7 (tricks 6-6)
  Match total: segfault_society 79 - 87 zybots_
Players: segfault_society vs zybots_
Dealer: zybots_  |  Elder: segfault_society
Match scores: 79 - 87
Talon (8): AC 10D 10H QH KH AH 9S 10S
segfault_society hand: 8C 9C JC QC 7D 8H 9H JH 7S 8S QS AS
zybots_ hand: 7C 10C KC 8D 9D JD QD KD AD 7H JS KS
  Exchange segfault_society: discard 7D 8H 9H 7S 8S -> draw AC QH AH 9S 10S (talon 3 left)
  Exchange zybots_: discard 7C 10C 7H -> draw 10D 10H KH (talon 0 left)

--- Phase: declare ---
  Declare point: zybots_ wins 7 pts (('point', 7, 'D'))
  Declare sequence: zybots_ wins 12 pts (('sequence', 7, 14, 'D'))
  Declare set: segfault_society wins 3 pts (('set', 3, 14))

--- Phase: tricks ---
  Trick  1: segfault_society leads AC, zybots_ plays KC -> segfault_society wins
  Trick  2: segfault_society leads AS, zybots_ plays JS -> segfault_society wins
  Trick  3: segfault_society leads AH, zybots_ plays 10H -> segfault_society wins
  Trick  4: segfault_society leads QC, zybots_ plays 8D -> segfault_society wins
  Trick  5: segfault_society leads QS, zybots_ plays KS -> zybots_ wins
  Trick  6: zybots_ leads 9D, segfault_society plays 8C -> zybots_ wins
  Trick  7: zybots_ leads 10D, segfault_society plays 9C -> zybots_ wins
  Trick  8: zybots_ leads JD, segfault_society plays 9S -> zybots_ wins
  Trick  9: zybots_ leads QD, segfault_society plays 10S -> zybots_ wins
  Trick 10: zybots_ leads KD, segfault_society plays JC -> zybots_ wins
  Trick 11: zybots_ leads KH, segfault_society plays JH -> zybots_ wins
  Trick 12: zybots_ leads AD, segfault_society plays QH -> zybots_ wins
  Hand: segfault_society +7 / zybots_ +38 (tricks 4-8)
  Match total: segfault_society 86 - 125 zybots_
  Final: segfault_society 86 - 125 zybots_
  Winner: zybots_

============================================================
Game 90
============================================================
Players: zybots_ vs segfault_society
Dealer: zybots_  |  Elder: segfault_society
Match scores: 0 - 0
Talon (8): 10D JD KD 8H 10H KH 7S 8S
zybots_ hand: 7C 8C 9C JC KC AC 9D QD AD JH QH AH
segfault_society hand: 10C QC 7D 8D 7H 9H 9S 10S JS QS KS AS
  Exchange segfault_society: discard 10C 7D 8D 7H 9H -> draw JD KD 10H KH 8S (talon 3 left)
  Exchange zybots_: discard 9D JH QH -> draw 10D 8H 7S (talon 0 left)

--- Phase: declare ---
  Declare point: segfault_society wins 7 pts (('point', 7, 'S'))
  Declare sequence: segfault_society wins 12 pts (('sequence', 7, 14, 'S'))
  Declare set: zybots_ wins 3 pts (('set', 3, 14))

--- Phase: tricks ---
  Trick  1: segfault_society leads AS, zybots_ plays 7S -> segfault_society wins
  Trick  2: segfault_society leads KS, zybots_ plays 7C -> segfault_society wins
  Trick  3: segfault_society leads QS, zybots_ plays 8C -> segfault_society wins
  Trick  4: segfault_society leads JS, zybots_ plays 8H -> segfault_society wins
  Trick  5: segfault_society leads 10S, zybots_ plays 9C -> segfault_society wins
  Trick  6: segfault_society leads 9S, zybots_ plays 10D -> segfault_society wins
  Trick  7: segfault_society leads 8S, zybots_ plays JC -> segfault_society wins
  Trick  8: segfault_society leads KH, zybots_ plays AH -> zybots_ wins
  Trick  9: zybots_ leads KC, segfault_society plays QC -> zybots_ wins
  Trick 10: zybots_ leads AC, segfault_society plays 10H -> zybots_ wins
  Trick 11: zybots_ leads AD, segfault_society plays JD -> zybots_ wins
  Trick 12: zybots_ leads QD, segfault_society plays KD -> segfault_society wins
  Hand: zybots_ +7 / segfault_society +38 (tricks 4-8)
  Match total: zybots_ 7 - 38 segfault_society
Players: zybots_ vs segfault_society
Dealer: segfault_society  |  Elder: zybots_
Match scores: 7 - 38
Talon (8): QC AC 8D QD 10H JH JS KS
zybots_ hand: 7C 8C 9C KC 7D 10D JD AD 9H QH AH 8S
segfault_society hand: 10C JC 9D KD 7H 8H KH 7S 9S 10S QS AS
  Exchange zybots_: discard KC 9H QH AH 8S -> draw QC AC 8D QD 10H (talon 3 left)
  Exchange segfault_society: discard 9D 7H 8H -> draw JH JS KS (talon 0 left)

--- Phase: declare ---
  Declare point: segfault_society wins 7 pts (('point', 7, 'S'))
  Declare sequence: segfault_society wins 11 pts (('sequence', 6, 14, 'S'))
  Declare set: segfault_society wins 3 pts (('set', 3, 13))

--- Phase: tricks ---
  Trick  1: zybots_ leads AD, segfault_society plays KD -> zybots_ wins
  Trick  2: zybots_ leads AC, segfault_society plays 10C -> zybots_ wins
  Trick  3: zybots_ leads 7D, segfault_society plays 7S -> zybots_ wins
  Trick  4: zybots_ leads 7C, segfault_society plays JC -> segfault_society wins
  Trick  5: segfault_society leads AS, zybots_ plays 8C -> segfault_society wins
  Trick  6: segfault_society leads KS, zybots_ plays 8D -> segfault_society wins
  Trick  7: segfault_society leads QS, zybots_ plays 9C -> segfault_society wins
  Trick  8: segfault_society leads JS, zybots_ plays 10D -> segfault_society wins
  Trick  9: segfault_society leads 10S, zybots_ plays 10H -> segfault_society wins
  Trick 10: segfault_society leads 9S, zybots_ plays JD -> segfault_society wins
  Trick 11: segfault_society leads KH, zybots_ plays QC -> segfault_society wins
  Trick 12: segfault_society leads JH, zybots_ plays QD -> segfault_society wins
  Hand: zybots_ +3 / segfault_society +41 (tricks 3-9)
  Match total: zybots_ 10 - 79 segfault_society
Players: zybots_ vs segfault_society
Dealer: zybots_  |  Elder: segfault_society
Match scores: 10 - 79
Talon (8): 8C QC 7D 8D 10D QH 10S AS
zybots_ hand: 9C JC KC 9D JD 7H JH KH AH 8S JS QS
segfault_society hand: 7C 10C AC QD KD AD 8H 9H 10H 7S 9S KS
  Exchange segfault_society: discard 7C 8H 9H 7S 9S -> draw 8C 7D 8D 10D AS (talon 3 left)
  Exchange zybots_: discard 9C 9D 8S -> draw QC QH 10S (talon 0 left)

--- Phase: declare ---
  Declare point: segfault_society wins 6 pts (('point', 6, 'D'))
  Declare sequence: zybots_ wins 4 pts (('sequence', 4, 14, 'H'))
  Declare set: segfault_society wins 3 pts (('set', 3, 14))

--- Phase: tricks ---
  Trick  1: segfault_society leads AD, zybots_ plays JD -> segfault_society wins
  Trick  2: segfault_society leads KD, zybots_ plays 7H -> segfault_society wins
  Trick  3: segfault_society leads QD, zybots_ plays 10S -> segfault_society wins
  Trick  4: segfault_society leads AC, zybots_ plays JC -> segfault_society wins
  Trick  5: segfault_society leads AS, zybots_ plays JS -> segfault_society wins
  Trick  6: segfault_society leads KS, zybots_ plays QS -> segfault_society wins
  Trick  7: segfault_society leads 10D, zybots_ plays JH -> segfault_society wins
  Trick  8: segfault_society leads 10C, zybots_ plays QC -> zybots_ wins
  Trick  9: zybots_ leads QH, segfault_society plays 10H -> zybots_ wins
  Trick 10: zybots_ leads KH, segfault_society plays 7D -> zybots_ wins
  Trick 11: zybots_ leads KC, segfault_society plays 8C -> zybots_ wins
  Trick 12: zybots_ leads AH, segfault_society plays 8D -> zybots_ wins
  Hand: zybots_ +10 / segfault_society +26 (tricks 5-7)
  Match total: zybots_ 20 - 105 segfault_society
  Final: zybots_ 20 - 105 segfault_society
  Winner: segfault_society

============================================================
Game 91
============================================================
Players: segfault_society vs zybots_
Dealer: segfault_society  |  Elder: zybots_
Match scores: 0 - 0
Talon (8): 8C 10C 8D 7H 10H QH 8S 9S
segfault_society hand: QC KC 7D 9D QD 8H 9H KH AH JS QS KS
zybots_ hand: 7C 9C JC AC 10D JD KD AD JH 7S 10S AS
  Exchange zybots_: discard 7C 9C 10D 7S 10S -> draw 8C 8D 10H QH 9S (talon 3 left)
  Exchange segfault_society: discard 7D 9D QD -> draw 10C 7H 8S (talon 0 left)

--- Phase: declare ---
  Declare point: segfault_society wins 5 pts (('point', 5, 'H'))
  Declare sequence: segfault_society wins 3 pts (('sequence', 3, 13, 'S'))
  Declare set: zybots_ wins 3 pts (('set', 3, 14))

--- Phase: tricks ---
  Trick  1: zybots_ leads KD, segfault_society plays 7H -> zybots_ wins
  Trick  2: zybots_ leads AS, segfault_society plays 8S -> zybots_ wins
  Trick  3: zybots_ leads AD, segfault_society plays 8H -> zybots_ wins
  Trick  4: zybots_ leads AC, segfault_society plays 10C -> zybots_ wins
  Trick  5: zybots_ leads 10H, segfault_society plays KH -> segfault_society wins
  Trick  6: segfault_society leads KS, zybots_ plays 9S -> segfault_society wins
  Trick  7: segfault_society leads AH, zybots_ plays JH -> segfault_society wins
  Trick  8: segfault_society leads KC, zybots_ plays 8C -> segfault_society wins
  Trick  9: segfault_society leads QS, zybots_ plays 8D -> segfault_society wins
  Trick 10: segfault_society leads QC, zybots_ plays JC -> segfault_society wins
  Trick 11: segfault_society leads JS, zybots_ plays JD -> segfault_society wins
  Trick 12: segfault_society leads 9H, zybots_ plays QH -> zybots_ wins
  Hand: segfault_society +25 / zybots_ +9 (tricks 7-5)
  Match total: segfault_society 25 - 9 zybots_
Players: segfault_society vs zybots_
Dealer: zybots_  |  Elder: segfault_society
Match scores: 25 - 9
Talon (8): 8C 7D JD QD KD KH JS AS
segfault_society hand: 7C JC QC KC AC 8D 10D 10H JH 7S 9S 10S
zybots_ hand: 9C 10C 9D AD 7H 8H 9H QH AH 8S QS KS
  Exchange segfault_society: discard 8D 10D 10H 7S 9S -> draw 7D JD KD JS AS (talon 3 left)
  Exchange zybots_: discard 9C 9D 8S -> draw 8C QD KH (talon 0 left)

--- Phase: declare ---
  Declare point: zybots_ wins 6 pts (('point', 6, 'H'))
  Declare sequence: segfault_society wins 4 pts (('sequence', 4, 14, 'C'))
  Declare set: zybots_ wins 3 pts (('set', 3, 12))

--- Phase: tricks ---
  Trick  1: segfault_society leads AC, zybots_ plays 8C -> segfault_society wins
  Trick  2: segfault_society leads KC, zybots_ plays 10C -> segfault_society wins
  Trick  3: segfault_society leads AS, zybots_ plays QS -> segfault_society wins
  Trick  4: segfault_society leads QC, zybots_ plays 7H -> segfault_society wins
  Trick  5: segfault_society leads JC, zybots_ plays 8H -> segfault_society wins
  Trick  6: segfault_society leads KD, zybots_ plays AD -> zybots_ wins
  Trick  7: zybots_ leads QH, segfault_society plays JH -> zybots_ wins
  Trick  8: zybots_ leads KS, segfault_society plays 10S -> zybots_ wins
  Trick  9: zybots_ leads KH, segfault_society plays 7C -> zybots_ wins
  Trick 10: zybots_ leads AH, segfault_society plays 7D -> zybots_ wins
  Trick 11: zybots_ leads 9H, segfault_society plays JS -> zybots_ wins
  Trick 12: zybots_ leads QD, segfault_society plays JD -> zybots_ wins
  Hand: segfault_society +9 / zybots_ +27 (tricks 5-7)
  Match total: segfault_society 34 - 36 zybots_
Players: segfault_society vs zybots_
Dealer: segfault_society  |  Elder: zybots_
Match scores: 34 - 36
Talon (8): JC AC 8D KD JH QH AH QS
segfault_society hand: 8C 10C KC 9D 7H 8H 9H KH 7S 10S JS AS
zybots_ hand: 7C 9C QC 7D 10D JD QD AD 10H 8S 9S KS
  Exchange zybots_: discard 7C 9C 10H 8S 9S -> draw JC AC 8D AH QS (talon 3 left)
  Exchange segfault_society: discard 8C 10C 9D -> draw KD JH QH (talon 0 left)

--- Phase: declare ---
  Declare point: zybots_ wins 6 pts (('point', 6, 'D'))
  Declare sequence: segfault_society wins 3 pts (('sequence', 3, 13, 'H'))
  Declare set: zybots_ wins 3 pts (('set', 3, 14))

--- Phase: tricks ---
  Trick  1: zybots_ leads AD, segfault_society plays KD -> zybots_ wins
  Trick  2: zybots_ leads AC, segfault_society plays KC -> zybots_ wins
  Trick  3: zybots_ leads AH, segfault_society plays 7H -> zybots_ wins
  Trick  4: zybots_ leads 7D, segfault_society plays 7S -> zybots_ wins
  Trick  5: zybots_ leads 8D, segfault_society plays 8H -> zybots_ wins
  Trick  6: zybots_ leads 10D, segfault_society plays 9H -> zybots_ wins
  Trick  7: zybots_ leads QS, segfault_society plays AS -> segfault_society wins
  Trick  8: segfault_society leads KH, zybots_ plays JD -> segfault_society wins
  Trick  9: segfault_society leads QH, zybots_ plays JC -> segfault_society wins
  Trick 10: segfault_society leads JH, zybots_ plays QC -> segfault_society wins
  Trick 11: segfault_society leads JS, zybots_ plays KS -> zybots_ wins
  Trick 12: zybots_ leads QD, segfault_society plays 10S -> zybots_ wins
  Hand: segfault_society +7 / zybots_ +28 (tricks 4-8)
  Match total: segfault_society 41 - 64 zybots_
Players: segfault_society vs zybots_
Dealer: zybots_  |  Elder: segfault_society
Match scores: 41 - 64
Talon (8): JC KC 9D 10D AH 7S 9S 10S
segfault_society hand: 9C 10C QC 7D 8D KD AD 7H 10H JH QS AS
zybots_ hand: 7C 8C AC JD QD 8H 9H QH KH 8S JS KS
  Exchange segfault_society: discard 9C 10C 7H 10H JH -> draw JC KC 10D AH 10S (talon 3 left)
  Exchange zybots_: discard 7C 8C 8S -> draw 9D 7S 9S (talon 0 left)

--- Phase: declare ---
  Declare point: segfault_society wins 5 pts (('point', 5, 'D'))
  Declare sequence: segfault_society wins 3 pts (('sequence', 3, 13, 'C'))
  Declare set: segfault_society wins 3 pts (('set', 3, 14))

--- Phase: tricks ---
  Trick  1: segfault_society leads AD, zybots_ plays 9D -> segfault_society wins
  Trick  2: segfault_society leads KD, zybots_ plays JD -> segfault_society wins
  Trick  3: segfault_society leads AS, zybots_ plays 7S -> segfault_society wins
  Trick  4: segfault_society leads AH, zybots_ plays 8H -> segfault_society wins
  Trick  5: segfault_society leads KC, zybots_ plays AC -> zybots_ wins
  Trick  6: zybots_ leads QD, segfault_society plays 7D -> zybots_ wins
  Trick  7: zybots_ leads QH, segfault_society plays 8D -> zybots_ wins
  Trick  8: zybots_ leads KH, segfault_society plays 10D -> zybots_ wins
  Trick  9: zybots_ leads KS, segfault_society plays 10S -> zybots_ wins
  Trick 10: zybots_ leads 9S, segfault_society plays QS -> segfault_society wins
  Trick 11: segfault_society leads QC, zybots_ plays 9H -> segfault_society wins
  Trick 12: segfault_society leads JC, zybots_ plays JS -> segfault_society wins
  Hand: segfault_society +29 / zybots_ +5 (tricks 7-5)
  Match total: segfault_society 70 - 69 zybots_
Players: segfault_society vs zybots_
Dealer: segfault_society  |  Elder: zybots_
Match scores: 70 - 69
Talon (8): 10C 8D 10D 9H 10H KH 8S JS
segfault_society hand: 8C 9C JC 7D 9D JD QD AD QH 7S 9S QS
zybots_ hand: 7C QC KC AC KD 7H 8H JH AH 10S KS AS
  Exchange zybots_: discard 7C 7H 8H JH 10S -> draw 10C 10D 9H KH 8S (talon 3 left)
  Exchange segfault_society: discard 8C 7S 9S -> draw 8D 10H JS (talon 0 left)

--- Phase: declare ---
  Declare point: segfault_society wins 6 pts (('point', 6, 'D'))
  Declare sequence: zybots_ wins 3 pts (('sequence', 3, 14, 'C'))
  Declare set: zybots_ wins 3 pts (('set', 3, 14))

--- Phase: tricks ---
  Trick  1: zybots_ leads QC, segfault_society plays 9C -> zybots_ wins
  Trick  2: zybots_ leads KC, segfault_society plays JC -> zybots_ wins
  Trick  3: zybots_ leads KS, segfault_society plays JS -> zybots_ wins
  Trick  4: zybots_ leads KH, segfault_society plays 10H -> zybots_ wins
  Trick  5: zybots_ leads AC, segfault_society plays 7D -> zybots_ wins
  Trick  6: zybots_ leads AS, segfault_society plays QS -> zybots_ wins
  Trick  7: zybots_ leads AH, segfault_society plays QH -> zybots_ wins
  Trick  8: zybots_ leads 10D, segfault_society plays JD -> segfault_society wins
  Trick  9: segfault_society leads AD, zybots_ plays KD -> segfault_society wins
  Trick 10: segfault_society leads QD, zybots_ plays 8S -> segfault_society wins
  Trick 11: segfault_society leads 9D, zybots_ plays 9H -> segfault_society wins
  Trick 12: segfault_society leads 8D, zybots_ plays 10C -> segfault_society wins
  Hand: segfault_society +12 / zybots_ +23 (tricks 5-7)
  Match total: segfault_society 82 - 92 zybots_
Players: segfault_society vs zybots_
Dealer: zybots_  |  Elder: segfault_society
Match scores: 82 - 92
Talon (8): 8H QH KH 7S 8S 9S KS AS
segfault_society hand: 8C 9C QC AC 7D 10D JD QD KD JH AH 10S
zybots_ hand: 7C 10C JC KC 8D 9D AD 7H 9H 10H JS QS
  Exchange segfault_society: discard 8C 9C QC JH 10S -> draw KH 7S 8S 9S KS (talon 3 left)
  Exchange zybots_: discard 8D 7H 9H -> draw 8H QH AS (talon 0 left)

--- Phase: declare ---
  Declare point: segfault_society wins 5 pts (('point', 5, 'D'))
  Declare sequence: segfault_society wins 4 pts (('sequence', 4, 13, 'D'))
  Declare set: segfault_society wins 3 pts (('set', 3, 13))

--- Phase: tricks ---
  Trick  1: segfault_society leads AH, zybots_ plays 8H -> segfault_society wins
  Trick  2: segfault_society leads AC, zybots_ plays 7C -> segfault_society wins
  Trick  3: segfault_society leads KH, zybots_ plays 10H -> segfault_society wins
  Trick  4: segfault_society leads KD, zybots_ plays AD -> zybots_ wins
  Trick  5: zybots_ leads QH, segfault_society plays 7D -> zybots_ wins
  Trick  6: zybots_ leads KC, segfault_society plays 7S -> zybots_ wins
  Trick  7: zybots_ leads AS, segfault_society plays 8S -> zybots_ wins
  Trick  8: zybots_ leads 10C, segfault_society plays 9S -> zybots_ wins
  Trick  9: zybots_ leads JS, segfault_society plays KS -> segfault_society wins
  Trick 10: segfault_society leads QD, zybots_ plays 9D -> segfault_society wins
  Trick 11: segfault_society leads JD, zybots_ plays JC -> segfault_society wins
  Trick 12: segfault_society leads 10D, zybots_ plays QS -> segfault_society wins
  Hand: segfault_society +30 / zybots_ +5 (tricks 7-5)
  Match total: segfault_society 112 - 97 zybots_
  Final: segfault_society 112 - 97 zybots_
  Winner: segfault_society

============================================================
Game 92
============================================================
Players: zybots_ vs segfault_society
Dealer: zybots_  |  Elder: segfault_society
Match scores: 0 - 0
Talon (8): AC 8D JD 7H QH JS QS AS
zybots_ hand: 7C 8C 9C KC 7D 10D KD AD KH AH 7S 10S
segfault_society hand: 10C JC QC 9D QD 8H 9H 10H JH 8S 9S KS
  Exchange segfault_society: discard 10C JC 9D 8S 9S -> draw JD 7H QH QS AS (talon 3 left)
  Exchange zybots_: discard AH 7S 10S -> draw AC 8D JS (talon 0 left)

--- Phase: declare ---
  Declare point: segfault_society wins 6 pts (('point', 6, 'H'))
  Declare sequence: segfault_society wins 11 pts (('sequence', 6, 12, 'H'))
  Declare set: zybots_ wins 3 pts (('set', 3, 13))

--- Phase: tricks ---
  Trick  1: segfault_society leads AS, zybots_ plays JS -> segfault_society wins
  Trick  2: segfault_society leads KS, zybots_ plays 7C -> segfault_society wins
  Trick  3: segfault_society leads QS, zybots_ plays 7D -> segfault_society wins
  Trick  4: segfault_society leads QH, zybots_ plays KH -> zybots_ wins
  Trick  5: zybots_ leads KD, segfault_society plays JD -> zybots_ wins
  Trick  6: zybots_ leads KC, segfault_society plays QC -> zybots_ wins
  Trick  7: zybots_ leads AD, segfault_society plays QD -> zybots_ wins
  Trick  8: zybots_ leads AC, segfault_society plays 7H -> zybots_ wins
  Trick  9: zybots_ leads 8C, segfault_society plays 8H -> zybots_ wins
  Trick 10: zybots_ leads 8D, segfault_society plays 9H -> zybots_ wins
  Trick 11: zybots_ leads 9C, segfault_society plays 10H -> zybots_ wins
  Trick 12: zybots_ leads 10D, segfault_society plays JH -> zybots_ wins
  Hand: zybots_ +23 / segfault_society +20 (tricks 9-3)
  Match total: zybots_ 23 - 20 segfault_society
Players: zybots_ vs segfault_society
Dealer: segfault_society  |  Elder: zybots_
Match scores: 23 - 20
Talon (8): 7C 9C 10C AD 8H QH AH 9S
zybots_ hand: 8C QC 7D 8D JD 7H 9H KH 8S JS QS KS
segfault_society hand: JC KC AC 9D 10D QD KD 10H JH 7S 10S AS
  Exchange zybots_: discard 8C 7D 8D 7H 9H -> draw 7C 9C QH AH 9S (talon 3 left)
  Exchange segfault_society: discard 10H 7S 10S -> draw 10C AD 8H (talon 0 left)

--- Phase: declare ---
  Declare point: segfault_society wins 5 pts (('point', 5, 'D'))
  Declare set: segfault_society wins 3 pts (('set', 3, 14))

--- Phase: tricks ---
  Trick  1: zybots_ leads QH, segfault_society plays 8H -> zybots_ wins
  Trick  2: zybots_ leads KH, segfault_society plays JH -> zybots_ wins
  Trick  3: zybots_ leads AH, segfault_society plays 9D -> zybots_ wins
  Trick  4: zybots_ leads 8S, segfault_society plays AS -> segfault_society wins
  Trick  5: segfault_society leads AC, zybots_ plays 7C -> segfault_society wins
  Trick  6: segfault_society leads AD, zybots_ plays JD -> segfault_society wins
  Trick  7: segfault_society leads KD, zybots_ plays 9S -> segfault_society wins
  Trick  8: segfault_society leads KC, zybots_ plays 9C -> segfault_society wins
  Trick  9: segfault_society leads QD, zybots_ plays JS -> segfault_society wins
  Trick 10: segfault_society leads JC, zybots_ plays QC -> zybots_ wins
  Trick 11: zybots_ leads QS, segfault_society plays 10D -> zybots_ wins
  Trick 12: zybots_ leads KS, segfault_society plays 10C -> zybots_ wins
  Hand: zybots_ +7 / segfault_society +14 (tricks 6-6)
  Match total: zybots_ 30 - 34 segfault_society
Players: zybots_ vs segfault_society
Dealer: zybots_  |  Elder: segfault_society
Match scores: 30 - 34
Talon (8): 8C 9D JD AD 8H KH 7S AS
zybots_ hand: 7C 9C JC 7D 8D KD 7H 9H QH 8S 10S KS
segfault_society hand: 10C QC KC AC 10D QD 10H JH AH 9S JS QS
  Exchange segfault_society: discard 10D 10H JH 9S JS -> draw 9D AD KH 7S AS (talon 3 left)
  Exchange zybots_: discard 7C 7D 7H -> draw 8C JD 8H (talon 0 left)

--- Phase: declare ---
  Declare point: segfault_society wins 4 pts (('point', 4, 'C'))
  Declare sequence: segfault_society wins 3 pts (('sequence', 3, 14, 'C'))
  Declare set: segfault_society wins 14 pts (('set', 4, 14))

--- Phase: tricks ---
  Trick  1: segfault_society leads AC, zybots_ plays 8C -> segfault_society wins
  Trick  2: segfault_society leads AS, zybots_ plays 8S -> segfault_society wins
  Trick  3: segfault_society leads AD, zybots_ plays 8D -> segfault_society wins
  Trick  4: segfault_society leads KC, zybots_ plays 9C -> segfault_society wins
  Trick  5: segfault_society leads AH, zybots_ plays 8H -> segfault_society wins
  Trick  6: segfault_society leads QC, zybots_ plays JC -> segfault_society wins
  Trick  7: segfault_society leads KH, zybots_ plays 9H -> segfault_society wins
  Trick  8: segfault_society leads QS, zybots_ plays KS -> zybots_ wins
  Trick  9: zybots_ leads QH, segfault_society plays 7S -> zybots_ wins
  Trick 10: zybots_ leads KD, segfault_society plays 9D -> zybots_ wins
  Trick 11: zybots_ leads 10S, segfault_society plays 10C -> zybots_ wins
  Trick 12: zybots_ leads JD, segfault_society plays QD -> segfault_society wins
  Hand: zybots_ +4 / segfault_society +40 (tricks 4-8)
  Match total: zybots_ 34 - 74 segfault_society
Players: zybots_ vs segfault_society
Dealer: segfault_society  |  Elder: zybots_
Match scores: 34 - 74
Talon (8): AC QD 7H 9H QH KH KS AS
zybots_ hand: 7C 10C QC 7D 8D 10D KD AD 8H 10H AH 7S
segfault_society hand: 8C 9C JC KC 9D JD JH 8S 9S 10S JS QS
  Exchange zybots_: discard 7C QC 8H AH 7S -> draw AC QD 9H QH KH (talon 3 left)
  Exchange segfault_society: discard 9D JD JH -> draw 7H KS AS (talon 0 left)

--- Phase: declare ---
  Declare point: segfault_society wins 7 pts (('point', 7, 'S'))
  Declare sequence: segfault_society wins 12 pts (('sequence', 7, 14, 'S'))
  Declare set: zybots_ wins 3 pts (('set', 3, 10))

--- Phase: tricks ---
  Trick  1: zybots_ leads QD, segfault_society plays 7H -> zybots_ wins
  Trick  2: zybots_ leads KD, segfault_society plays 8C -> zybots_ wins
  Trick  3: zybots_ leads AD, segfault_society plays 8S -> zybots_ wins
  Trick  4: zybots_ leads AC, segfault_society plays 9C -> zybots_ wins
  Trick  5: zybots_ leads 9H, segfault_society plays 9S -> zybots_ wins
  Trick  6: zybots_ leads 7D, segfault_society plays 10S -> zybots_ wins
  Trick  7: zybots_ leads 10H, segfault_society plays JS -> zybots_ wins
  Trick  8: zybots_ leads 8D, segfault_society plays JC -> zybots_ wins
  Trick  9: zybots_ leads QH, segfault_society plays QS -> zybots_ wins
  Trick 10: zybots_ leads 10D, segfault_society plays KC -> zybots_ wins
  Trick 11: zybots_ leads 10C, segfault_society plays KS -> zybots_ wins
  Trick 12: zybots_ leads KH, segfault_society plays AS -> zybots_ wins
  Hand: zybots_ +86 / segfault_society +19 (tricks 12-0)
  Match total: zybots_ 120 - 93 segfault_society
  Final: zybots_ 120 - 93 segfault_society
  Winner: zybots_

============================================================
Game 93
============================================================
Players: segfault_society vs zybots_
Dealer: segfault_society  |  Elder: zybots_
Match scores: 0 - 0
Talon (8): JC 8D 10D JD 10H JH 8S 9S
segfault_society hand: 7C 10C AC 9D QD KD AD KH AH JS QS AS
zybots_ hand: 8C 9C QC KC 7D 7H 8H 9H QH 7S 10S KS
  Exchange zybots_: discard 7D QH 7S 10S KS -> draw JC 10D 10H JH 9S (talon 3 left)
  Exchange segfault_society: discard 7C 10C JS -> draw 8D JD 8S (talon 0 left)

--- Phase: declare ---
  Declare point: segfault_society wins 6 pts (('point', 6, 'D'))
  Declare sequence: zybots_ wins 10 pts (('sequence', 5, 11, 'H'))
  Declare set: segfault_society wins 14 pts (('set', 4, 14))

--- Phase: tricks ---
  Trick  1: zybots_ leads 7H, segfault_society plays KH -> segfault_society wins
  Trick  2: segfault_society leads AD, zybots_ plays 10D -> segfault_society wins
  Trick  3: segfault_society leads KD, zybots_ plays 8C -> segfault_society wins
  Trick  4: segfault_society leads QD, zybots_ plays 8H -> segfault_society wins
  Trick  5: segfault_society leads AS, zybots_ plays 9S -> segfault_society wins
  Trick  6: segfault_society leads JD, zybots_ plays 9H -> segfault_society wins
  Trick  7: segfault_society leads AC, zybots_ plays 9C -> segfault_society wins
  Trick  8: segfault_society leads AH, zybots_ plays 10H -> segfault_society wins
  Trick  9: segfault_society leads QS, zybots_ plays JH -> segfault_society wins
  Trick 10: segfault_society leads 9D, zybots_ plays JC -> segfault_society wins
  Trick 11: segfault_society leads 8D, zybots_ plays QC -> segfault_society wins
  Trick 12: segfault_society leads 8S, zybots_ plays KC -> segfault_society wins
  Hand: segfault_society +103 / zybots_ +10 (tricks 12-0)
  Match total: segfault_society 103 - 10 zybots_
  Final: segfault_society 103 - 10 zybots_
  Winner: segfault_society

============================================================
Game 94
============================================================
Players: zybots_ vs segfault_society
Dealer: zybots_  |  Elder: segfault_society
Match scores: 0 - 0
Talon (8): 7C 8C 9C 10C JC JH QH KH
zybots_ hand: QC 8D 10D JD QD KD 9H 10H 8S 9S KS AS
segfault_society hand: KC AC 7D 9D AD 7H 8H AH 7S 10S JS QS
  Exchange segfault_society: discard 7D 9D 7H 8H 7S -> draw 7C 8C 9C 10C KH (talon 3 left)
  Exchange zybots_: discard 9H 8S 9S -> draw JC JH QH (talon 0 left)

--- Phase: declare ---
  Declare point: segfault_society wins 6 pts (('point', 6, 'C'))
  Declare sequence: zybots_ wins 4 pts (('sequence', 4, 13, 'D'))
  Declare set: segfault_society wins 3 pts (('set', 3, 14))

--- Phase: tricks ---
  Trick  1: segfault_society leads AC, zybots_ plays JC -> segfault_society wins
  Trick  2: segfault_society leads KC, zybots_ plays QC -> segfault_society wins
  Trick  3: segfault_society leads AH, zybots_ plays 10H -> segfault_society wins
  Trick  4: segfault_society leads AD, zybots_ plays 8D -> segfault_society wins
  Trick  5: segfault_society leads KH, zybots_ plays JH -> segfault_society wins
  Trick  6: segfault_society leads 10C, zybots_ plays 10D -> segfault_society wins
  Trick  7: segfault_society leads QS, zybots_ plays KS -> zybots_ wins
  Trick  8: zybots_ leads JD, segfault_society plays 7C -> zybots_ wins
  Trick  9: zybots_ leads QD, segfault_society plays 8C -> zybots_ wins
  Trick 10: zybots_ leads QH, segfault_society plays 9C -> zybots_ wins
  Trick 11: zybots_ leads KD, segfault_society plays 10S -> zybots_ wins
  Trick 12: zybots_ leads AS, segfault_society plays JS -> zybots_ wins
  Hand: zybots_ +11 / segfault_society +15 (tricks 6-6)
  Match total: zybots_ 11 - 15 segfault_society
Players: zybots_ vs segfault_society
Dealer: segfault_society  |  Elder: zybots_
Match scores: 11 - 15
Talon (8): 7C 8C 7D 9D JD 8H JH KS
zybots_ hand: 9C QC 8D 10D KD 7H QH AH 7S 8S 9S QS
segfault_society hand: 10C JC KC AC QD AD 9H 10H KH 10S JS AS
  Exchange zybots_: discard 9C 8D 10D KD 7H -> draw 8C 7D 9D 8H JH (talon 3 left)
  Exchange segfault_society: discard 9H 10H 10S -> draw 7C JD KS (talon 0 left)

--- Phase: declare ---
  Declare point: segfault_society wins 5 pts (('point', 5, 'C'))
  Declare sequence: zybots_ wins 3 pts (('sequence', 3, 9, 'S'))
  Declare set: segfault_society wins 3 pts (('set', 3, 14))

--- Phase: tricks ---
  Trick  1: zybots_ leads AH, segfault_society plays KH -> zybots_ wins
  Trick  2: zybots_ leads 7S, segfault_society plays JS -> segfault_society wins
  Trick  3: segfault_society leads AC, zybots_ plays 8C -> segfault_society wins
  Trick  4: segfault_society leads KC, zybots_ plays QC -> segfault_society wins
  Trick  5: segfault_society leads AD, zybots_ plays 7D -> segfault_society wins
  Trick  6: segfault_society leads AS, zybots_ plays 8S -> segfault_society wins
  Trick  7: segfault_society leads KS, zybots_ plays 9S -> segfault_society wins
  Trick  8: segfault_society leads JC, zybots_ plays 8H -> segfault_society wins
  Trick  9: segfault_society leads QD, zybots_ plays 9D -> segfault_society wins
  Trick 10: segfault_society leads 10C, zybots_ plays JH -> segfault_society wins
  Trick 11: segfault_society leads JD, zybots_ plays QS -> segfault_society wins
  Trick 12: segfault_society leads 7C, zybots_ plays QH -> segfault_society wins
  Hand: zybots_ +4 / segfault_society +30 (tricks 1-11)
  Match total: zybots_ 15 - 45 segfault_society
Players: zybots_ vs segfault_society
Dealer: zybots_  |  Elder: segfault_society
Match scores: 15 - 45
Talon (8): 8C 9C KC AC JD 8H 9H JH
zybots_ hand: QC 7D 8D QD AD 10H KH 7S 8S 9S JS QS
segfault_society hand: 7C 10C JC 9D 10D KD 7H QH AH 10S KS AS
  Exchange segfault_society: discard 7C 10C 9D 10D 7H -> draw 8C KC AC JD 8H (talon 3 left)
  Exchange zybots_: discard 7D 8D 10H -> draw 9C 9H JH (talon 0 left)

--- Phase: declare ---
  Declare point: zybots_ wins 5 pts (('point', 5, 'S'))
  Declare sequence: zybots_ wins 3 pts (('sequence', 3, 9, 'S'))
  Declare set: segfault_society wins 3 pts (('set', 3, 14))

--- Phase: tricks ---
  Trick  1: segfault_society leads AC, zybots_ plays 9C -> segfault_society wins
  Trick  2: segfault_society leads AS, zybots_ plays 7S -> segfault_society wins
  Trick  3: segfault_society leads AH, zybots_ plays 9H -> segfault_society wins
  Trick  4: segfault_society leads KC, zybots_ plays QC -> segfault_society wins
  Trick  5: segfault_society leads KS, zybots_ plays 8S -> segfault_society wins
  Trick  6: segfault_society leads KD, zybots_ plays AD -> zybots_ wins
  Trick  7: zybots_ leads JS, segfault_society plays 10S -> zybots_ wins
  Trick  8: zybots_ leads QS, segfault_society plays 8H -> zybots_ wins
  Trick  9: zybots_ leads KH, segfault_society plays QH -> zybots_ wins
  Trick 10: zybots_ leads QD, segfault_society plays JD -> zybots_ wins
  Trick 11: zybots_ leads 9S, segfault_society plays 8C -> zybots_ wins
  Trick 12: zybots_ leads JH, segfault_society plays JC -> zybots_ wins
  Hand: zybots_ +26 / segfault_society +8 (tricks 7-5)
  Match total: zybots_ 41 - 53 segfault_society
Players: zybots_ vs segfault_society
Dealer: segfault_society  |  Elder: zybots_
Match scores: 41 - 53
Talon (8): 10C JC QC KC JD 7H 8H 7S
zybots_ hand: AC 8D 10D KD AD 9H KH AH 10S JS QS KS
segfault_society hand: 7C 8C 9C 7D 9D QD 10H JH QH 8S 9S AS
  Exchange zybots_: discard 8D 10D KD 9H KH -> draw 10C JD 7H 8H 7S (talon 3 left)
  Exchange segfault_society: discard 7C 8C 7D -> draw JC QC KC (talon 0 left)

--- Phase: declare ---
  Declare point: zybots_ wins 5 pts (('point', 5, 'S'))
  Declare sequence: zybots_ wins 4 pts (('sequence', 4, 13, 'S'))
  Declare set: zybots_ wins 3 pts (('set', 3, 14))

--- Phase: tricks ---
  Trick  1: zybots_ leads AD, segfault_society plays 9D -> zybots_ wins
  Trick  2: zybots_ leads AH, segfault_society plays 10H -> zybots_ wins
  Trick  3: zybots_ leads AC, segfault_society plays 9C -> zybots_ wins
  Trick  4: zybots_ leads 7S, segfault_society plays 8S -> segfault_society wins
  Trick  5: segfault_society leads KC, zybots_ plays 10C -> segfault_society wins
  Trick  6: segfault_society leads AS, zybots_ plays 10S -> segfault_society wins
  Trick  7: segfault_society leads QC, zybots_ plays 7H -> segfault_society wins
  Trick  8: segfault_society leads JC, zybots_ plays 8H -> segfault_society wins
  Trick  9: segfault_society leads QH, zybots_ plays JS -> segfault_society wins
  Trick 10: segfault_society leads QD, zybots_ plays JD -> segfault_society wins
  Trick 11: segfault_society leads JH, zybots_ plays QS -> segfault_society wins
  Trick 12: segfault_society leads 9S, zybots_ plays KS -> zybots_ wins
  Hand: zybots_ +17 / segfault_society +18 (tricks 4-8)
  Match total: zybots_ 58 - 71 segfault_society
Players: zybots_ vs segfault_society
Dealer: zybots_  |  Elder: segfault_society
Match scores: 58 - 71
Talon (8): JC 8D AD 9H QH 8S 9S 10S
zybots_ hand: 8C 9C 10C KC AC 9D 10D JD KD 10H AH QS
segfault_society hand: 7C QC 7D QD 7H 8H JH KH 7S JS KS AS
  Exchange segfault_society: discard 7C 7D 7H 8H JH -> draw 8D 9H 8S 9S 10S (talon 3 left)
  Exchange zybots_: discard KD AH QS -> draw JC AD QH (talon 0 left)

--- Phase: declare ---
  Declare point: segfault_society wins 7 pts (('point', 7, 'S'))
  Declare sequence: segfault_society wins 10 pts (('sequence', 5, 11, 'S'))
  Declare set: zybots_ wins 3 pts (('set', 3, 10))

--- Phase: tricks ---
  Trick  1: segfault_society leads AS, zybots_ plays 8C -> segfault_society wins
  Trick  2: segfault_society leads KS, zybots_ plays 9D -> segfault_society wins
  Trick  3: segfault_society leads JS, zybots_ plays 9C -> segfault_society wins
  Trick  4: segfault_society leads 10S, zybots_ plays 10D -> segfault_society wins
  Trick  5: segfault_society leads 9S, zybots_ plays 10C -> segfault_society wins
  Trick  6: segfault_society leads KH, zybots_ plays 10H -> segfault_society wins
  Trick  7: segfault_society leads QD, zybots_ plays AD -> zybots_ wins
  Trick  8: zybots_ leads KC, segfault_society plays QC -> zybots_ wins
  Trick  9: zybots_ leads AC, segfault_society plays 7S -> zybots_ wins
  Trick 10: zybots_ leads JD, segfault_society plays 8D -> zybots_ wins
  Trick 11: zybots_ leads JC, segfault_society plays 8S -> zybots_ wins
  Trick 12: zybots_ leads QH, segfault_society plays 9H -> zybots_ wins
  Hand: zybots_ +10 / segfault_society +23 (tricks 6-6)
  Match total: zybots_ 68 - 94 segfault_society
Players: zybots_ vs segfault_society
Dealer: segfault_society  |  Elder: zybots_
Match scores: 68 - 94
Talon (8): 7C AC 7D 8D QD 10H AH AS
zybots_ hand: 8C 9C 10C JC QC JD 7H 9H JH 8S JS KS
segfault_society hand: KC 9D 10D KD AD 8H QH KH 7S 9S 10S QS
  Exchange zybots_: discard JD 7H 9H 8S KS -> draw 7C 7D 10H AH AS (talon 3 left)
  Exchange segfault_society: discard 8H 7S 9S -> draw AC 8D QD (talon 0 left)

--- Phase: declare ---
  Declare point: segfault_society wins 6 pts (('point', 6, 'D'))
  Declare sequence: zybots_ wins 11 pts (('sequence', 6, 12, 'C'))
  Declare set: segfault_society wins 3 pts (('set', 3, 13))

--- Phase: tricks ---
  Trick  1: zybots_ leads AH, segfault_society plays QH -> zybots_ wins
  Trick  2: zybots_ leads AS, segfault_society plays 10S -> zybots_ wins
  Trick  3: zybots_ leads 7C, segfault_society plays KC -> segfault_society wins
  Trick  4: segfault_society leads AD, zybots_ plays 7D -> segfault_society wins
  Trick  5: segfault_society leads KD, zybots_ plays 8C -> segfault_society wins
  Trick  6: segfault_society leads QD, zybots_ plays 9C -> segfault_society wins
  Trick  7: segfault_society leads AC, zybots_ plays 10C -> segfault_society wins
  Trick  8: segfault_society leads KH, zybots_ plays 10H -> segfault_society wins
  Trick  9: segfault_society leads 10D, zybots_ plays JS -> segfault_society wins
  Trick 10: segfault_society leads 9D, zybots_ plays JC -> segfault_society wins
  Trick 11: segfault_society leads QS, zybots_ plays JH -> segfault_society wins
  Trick 12: segfault_society leads 8D, zybots_ plays QC -> segfault_society wins
  Hand: zybots_ +13 / segfault_society +30 (tricks 2-10)
  Match total: zybots_ 81 - 124 segfault_society
  Final: zybots_ 81 - 124 segfault_society
  Winner: segfault_society

============================================================
Game 95
============================================================
Players: segfault_society vs zybots_
Dealer: segfault_society  |  Elder: zybots_
Match scores: 0 - 0
Talon (8): 10C JD QD AD JH AH JS AS
segfault_society hand: 7C 8C KC 7D 9D KD 7H 8H 7S 10S QS KS
zybots_ hand: 9C JC QC AC 8D 10D 9H 10H QH KH 8S 9S
  Exchange zybots_: discard 8D 10D 9H 8S 9S -> draw JD QD JH JS AS (talon 3 left)
  Exchange segfault_society: discard 7C 7D 7H -> draw 10C AD AH (talon 0 left)

--- Phase: declare ---
  Declare point: zybots_ wins 4 pts (('point', 4, 'H'))
  Declare sequence: zybots_ wins 4 pts (('sequence', 4, 13, 'H'))
  Declare set: segfault_society wins 3 pts (('set', 3, 13))

--- Phase: tricks ---
  Trick  1: zybots_ leads AC, segfault_society plays 8C -> zybots_ wins
  Trick  2: zybots_ leads AS, segfault_society plays 7S -> zybots_ wins
  Trick  3: zybots_ leads 10H, segfault_society plays AH -> segfault_society wins
  Trick  4: segfault_society leads AD, zybots_ plays JD -> segfault_society wins
  Trick  5: segfault_society leads KS, zybots_ plays JS -> segfault_society wins
  Trick  6: segfault_society leads KC, zybots_ plays 9C -> segfault_society wins
  Trick  7: segfault_society leads KD, zybots_ plays QD -> segfault_society wins
  Trick  8: segfault_society leads QS, zybots_ plays JC -> segfault_society wins
  Trick  9: segfault_society leads 10S, zybots_ plays JH -> segfault_society wins
  Trick 10: segfault_society leads 10C, zybots_ plays QC -> zybots_ wins
  Trick 11: zybots_ leads QH, segfault_society plays 8H -> zybots_ wins
  Trick 12: zybots_ leads KH, segfault_society plays 9D -> zybots_ wins
  Hand: segfault_society +20 / zybots_ +14 (tricks 7-5)
  Match total: segfault_society 20 - 14 zybots_
Players: segfault_society vs zybots_
Dealer: zybots_  |  Elder: segfault_society
Match scores: 20 - 14
Talon (8): 7C 9C KC KD 10H JH AH JS
segfault_society hand: JC QC AC 7D 10D JD QD AD 7S 9S QS AS
zybots_ hand: 8C 10C 8D 9D 7H 8H 9H QH KH 8S 10S KS
  Exchange segfault_society: discard JC QC 7S 9S QS -> draw 7C 9C 10H AH JS (talon 3 left)
  Exchange zybots_: discard 8C 8D 8S -> draw KC KD JH (talon 0 left)

--- Phase: declare ---
  Declare point: zybots_ wins 6 pts (('point', 6, 'H'))
  Declare sequence: zybots_ wins 3 pts (('sequence', 3, 13, 'H'))
  Declare set: segfault_society wins 14 pts (('set', 4, 14))

--- Phase: tricks ---
  Trick  1: segfault_society leads AD, zybots_ plays 9D -> segfault_society wins
  Trick  2: segfault_society leads AC, zybots_ plays 10C -> segfault_society wins
  Trick  3: segfault_society leads AS, zybots_ plays 10S -> segfault_society wins
  Trick  4: segfault_society leads AH, zybots_ plays 7H -> segfault_society wins
  Trick  5: segfault_society leads QD, zybots_ plays KD -> zybots_ wins
  Trick  6: zybots_ leads JH, segfault_society plays 10H -> zybots_ wins
  Trick  7: zybots_ leads QH, segfault_society plays 7D -> zybots_ wins
  Trick  8: zybots_ leads KS, segfault_society plays JS -> zybots_ wins
  Trick  9: zybots_ leads KH, segfault_society plays 7C -> zybots_ wins
  Trick 10: zybots_ leads KC, segfault_society plays 9C -> zybots_ wins
  Trick 11: zybots_ leads 8H, segfault_society plays 10D -> zybots_ wins
  Trick 12: zybots_ leads 9H, segfault_society plays JD -> zybots_ wins
  Hand: segfault_society +18 / zybots_ +28 (tricks 4-8)
  Match total: segfault_society 38 - 42 zybots_
Players: segfault_society vs zybots_
Dealer: segfault_society  |  Elder: zybots_
Match scores: 38 - 42
Talon (8): 8C KC 7D 8D JD QH KH JS
segfault_society hand: 7C 9C QC 9D KD 7H 10H JH 8S 10S QS AS
zybots_ hand: 10C JC AC 10D QD AD 8H 9H AH 7S 9S KS
  Exchange zybots_: discard 10C 8H 9H 7S 9S -> draw 8C 7D JD QH JS (talon 3 left)
  Exchange segfault_society: discard 7C 9C 7H -> draw KC 8D KH (talon 0 left)

--- Phase: declare ---
  Declare point: zybots_ wins 5 pts (('point', 5, 'D'))
  Declare sequence: zybots_ wins 3 pts (('sequence', 3, 12, 'D'))
  Declare set: zybots_ wins 3 pts (('set', 3, 14))

--- Phase: tricks ---
  Trick  1: zybots_ leads AD, segfault_society plays 8D -> zybots_ wins
  Trick  2: zybots_ leads AC, segfault_society plays QC -> zybots_ wins
  Trick  3: zybots_ leads AH, segfault_society plays 10H -> zybots_ wins
  Trick  4: zybots_ leads 7D, segfault_society plays 9D -> segfault_society wins
  Trick  5: segfault_society leads AS, zybots_ plays JS -> segfault_society wins
  Trick  6: segfault_society leads KH, zybots_ plays QH -> segfault_society wins
  Trick  7: segfault_society leads KD, zybots_ plays 10D -> segfault_society wins
  Trick  8: segfault_society leads KC, zybots_ plays 8C -> segfault_society wins
  Trick  9: segfault_society leads QS, zybots_ plays KS -> zybots_ wins
  Trick 10: zybots_ leads JD, segfault_society plays 8S -> zybots_ wins
  Trick 11: zybots_ leads QD, segfault_society plays 10S -> zybots_ wins
  Trick 12: zybots_ leads JC, segfault_society plays JH -> zybots_ wins
  Hand: segfault_society +5 / zybots_ +29 (tricks 5-7)
  Match total: segfault_society 43 - 71 zybots_
Players: segfault_society vs zybots_
Dealer: zybots_  |  Elder: segfault_society
Match scores: 43 - 71
Talon (8): 8C JC QC 10D JD KD 9H QS
segfault_society hand: 9C AC 7D QD AD 10H QH AH 10S JS KS AS
zybots_ hand: 7C 10C KC 8D 9D 7H 8H JH KH 7S 8S 9S
  Exchange segfault_society: discard 9C 7D QD 10H QH -> draw 8C QC JD 9H QS (talon 3 left)
  Exchange zybots_: discard 7C 8D 9D -> draw JC 10D KD (talon 0 left)

--- Phase: declare ---
  Declare point: segfault_society wins 5 pts (('point', 5, 'S'))
  Declare sequence: segfault_society wins 10 pts (('sequence', 5, 14, 'S'))
  Declare set: segfault_society wins 14 pts (('set', 4, 14))

--- Phase: tricks ---
  Trick  1: segfault_society leads AS, zybots_ plays 7S -> segfault_society wins
  Trick  2: segfault_society leads KS, zybots_ plays 8S -> segfault_society wins
  Trick  3: segfault_society leads AC, zybots_ plays 10C -> segfault_society wins
  Trick  4: segfault_society leads QS, zybots_ plays 9S -> segfault_society wins
  Trick  5: segfault_society leads AH, zybots_ plays 7H -> segfault_society wins
  Trick  6: segfault_society leads AD, zybots_ plays 10D -> segfault_society wins
  Trick  7: segfault_society leads JS, zybots_ plays 8H -> segfault_society wins
  Trick  8: segfault_society leads 10S, zybots_ plays JH -> segfault_society wins
  Trick  9: segfault_society leads QC, zybots_ plays KC -> zybots_ wins
  Trick 10: zybots_ leads KH, segfault_society plays 9H -> zybots_ wins
  Trick 11: zybots_ leads KD, segfault_society plays JD -> zybots_ wins
  Trick 12: zybots_ leads JC, segfault_society plays 8C -> zybots_ wins
  Hand: segfault_society +47 / zybots_ +5 (tricks 8-4)
  Match total: segfault_society 90 - 76 zybots_
Players: segfault_society vs zybots_
Dealer: segfault_society  |  Elder: zybots_
Match scores: 90 - 76
Talon (8): 8C KC 10D KD 8H 8S 10S QS
segfault_society hand: 7C 9C QC 9D QD AD 7H 9H 10H KH 9S KS
zybots_ hand: 10C JC AC 7D 8D JD JH QH AH 7S JS AS
  Exchange zybots_: discard 10C 7D 8D QH 7S -> draw 8C KD 8H 8S QS (talon 3 left)
  Exchange segfault_society: discard 7C 9C 9S -> draw KC 10D 10S (talon 0 left)

--- Phase: declare ---
  Declare point: segfault_society wins 4 pts (('point', 4, 'D'))
  Declare set: zybots_ wins 3 pts (('set', 3, 14))

--- Phase: tricks ---
  Trick  1: zybots_ leads AC, segfault_society plays QC -> zybots_ wins
  Trick  2: zybots_ leads AS, segfault_society plays 10S -> zybots_ wins
  Trick  3: zybots_ leads AH, segfault_society plays 7H -> zybots_ wins
  Trick  4: zybots_ leads 8S, segfault_society plays KS -> segfault_society wins
  Trick  5: segfault_society leads AD, zybots_ plays JD -> segfault_society wins
  Trick  6: segfault_society leads KH, zybots_ plays 8H -> segfault_society wins
  Trick  7: segfault_society leads KC, zybots_ plays 8C -> segfault_society wins
  Trick  8: segfault_society leads QD, zybots_ plays KD -> zybots_ wins
  Trick  9: zybots_ leads JS, segfault_society plays 9D -> zybots_ wins
  Trick 10: zybots_ leads JH, segfault_society plays 9H -> zybots_ wins
  Trick 11: zybots_ leads JC, segfault_society plays 10H -> zybots_ wins
  Trick 12: zybots_ leads QS, segfault_society plays 10D -> zybots_ wins
  Hand: segfault_society +8 / zybots_ +22 (tricks 4-8)
  Match total: segfault_society 98 - 98 zybots_
Players: segfault_society vs zybots_
Dealer: zybots_  |  Elder: segfault_society
Match scores: 98 - 98
Talon (8): 9C KD 7S 10S JS QS KS AS
segfault_society hand: 8C JC AC 7D 9D 10D AD 7H 8H 10H KH AH
zybots_ hand: 7C 10C QC KC 8D JD QD 9H JH QH 8S 9S
  Exchange segfault_society: discard 8C JC 7D 9D 10D -> draw 9C KD 10S JS KS (talon 3 left)
  Exchange zybots_: discard 8D 9H 8S -> draw 7S QS AS (talon 0 left)

--- Phase: declare ---
  Declare point: segfault_society wins 5 pts (('point', 5, 'H'))
  Declare set: segfault_society wins 3 pts (('set', 3, 14))

--- Phase: tricks ---
  Trick  1: segfault_society leads AH, zybots_ plays JH -> segfault_society wins
  Trick  2: segfault_society leads KH, zybots_ plays QH -> segfault_society wins
  Trick  3: segfault_society leads AC, zybots_ plays 7C -> segfault_society wins
  Trick  4: segfault_society leads AD, zybots_ plays JD -> segfault_society wins
  Trick  5: segfault_society leads KD, zybots_ plays QD -> segfault_society wins
  Trick  6: segfault_society leads KS, zybots_ plays AS -> zybots_ wins
  Trick  7: zybots_ leads QC, segfault_society plays 9C -> zybots_ wins
  Trick  8: zybots_ leads KC, segfault_society plays 7H -> zybots_ wins
  Trick  9: zybots_ leads 7S, segfault_society plays 10S -> segfault_society wins
  Trick 10: segfault_society leads 10H, zybots_ plays 9S -> segfault_society wins
  Trick 11: segfault_society leads JS, zybots_ plays QS -> zybots_ wins
  Trick 12: zybots_ leads 10C, segfault_society plays 8H -> zybots_ wins
  Hand: segfault_society +25 / zybots_ +6 (tricks 7-5)
  Match total: segfault_society 123 - 104 zybots_
  Final: segfault_society 123 - 104 zybots_
  Winner: segfault_society

============================================================
Game 96
============================================================
Players: zybots_ vs segfault_society
Dealer: zybots_  |  Elder: segfault_society
Match scores: 0 - 0
Talon (8): 7C JC 7D 10D JD QD AD 10H
zybots_ hand: 9C QC KC 9D 9H JH QH 7S 8S 9S JS AS
segfault_society hand: 8C 10C AC 8D KD 7H 8H KH AH 10S QS KS
  Exchange segfault_society: discard 8C 10C 8D 7H 8H -> draw 7C JC 7D QD AD (talon 3 left)
  Exchange zybots_: discard 9C 9D 9H -> draw 10D JD 10H (talon 0 left)

--- Phase: declare ---
  Declare point: zybots_ wins 5 pts (('point', 5, 'S'))
  Declare sequence: segfault_society wins 3 pts (('sequence', 3, 14, 'D'))
  Declare set: segfault_society wins 3 pts (('set', 3, 14))

--- Phase: tricks ---
  Trick  1: segfault_society leads AD, zybots_ plays 10D -> segfault_society wins
  Trick  2: segfault_society leads AC, zybots_ plays QC -> segfault_society wins
  Trick  3: segfault_society leads KD, zybots_ plays JD -> segfault_society wins
  Trick  4: segfault_society leads AH, zybots_ plays 10H -> segfault_society wins
  Trick  5: segfault_society leads QD, zybots_ plays 7S -> segfault_society wins
  Trick  6: segfault_society leads KH, zybots_ plays JH -> segfault_society wins
  Trick  7: segfault_society leads KS, zybots_ plays AS -> zybots_ wins
  Trick  8: zybots_ leads QH, segfault_society plays 7D -> zybots_ wins
  Trick  9: zybots_ leads KC, segfault_society plays 7C -> zybots_ wins
  Trick 10: zybots_ leads 8S, segfault_society plays 10S -> segfault_society wins
  Trick 11: segfault_society leads QS, zybots_ plays 9S -> segfault_society wins
  Trick 12: segfault_society leads JC, zybots_ plays JS -> segfault_society wins
  Hand: zybots_ +8 / segfault_society +26 (tricks 3-9)
  Match total: zybots_ 8 - 26 segfault_society
Players: zybots_ vs segfault_society
Dealer: segfault_society  |  Elder: zybots_
Match scores: 8 - 26
Talon (8): 7D 8D 9D JD 10H AH 9S JS
zybots_ hand: 7C 8C 9C 10C 10D AD 7H 8H JH KH QS AS
segfault_society hand: JC QC KC AC QD KD 9H QH 7S 8S 10S KS
  Exchange zybots_: discard 10D AD 7H QS AS -> draw 9D 10H AH 9S JS (talon 3 left)
  Exchange segfault_society: discard 9H 7S 8S -> draw 7D 8D JD (talon 0 left)

--- Phase: declare ---
  Declare point: zybots_ wins 5 pts (('point', 5, 'H'))
  Declare sequence: segfault_society wins 4 pts (('sequence', 4, 14, 'C'))
  Declare set: segfault_society wins 3 pts (('set', 3, 13))

--- Phase: tricks ---
  Trick  1: zybots_ leads KH, segfault_society plays QH -> zybots_ wins
  Trick  2: zybots_ leads AH, segfault_society plays 7D -> zybots_ wins
  Trick  3: zybots_ leads 7C, segfault_society plays JC -> segfault_society wins
  Trick  4: segfault_society leads AC, zybots_ plays 8C -> segfault_society wins
  Trick  5: segfault_society leads KC, zybots_ plays 9C -> segfault_society wins
  Trick  6: segfault_society leads QC, zybots_ plays 10C -> segfault_society wins
  Trick  7: segfault_society leads KD, zybots_ plays 9D -> segfault_society wins
  Trick  8: segfault_society leads QD, zybots_ plays 8H -> segfault_society wins
  Trick  9: segfault_society leads KS, zybots_ plays 9S -> segfault_society wins
  Trick 10: segfault_society leads JD, zybots_ plays 10H -> segfault_society wins
  Trick 11: segfault_society leads 10S, zybots_ plays JS -> zybots_ wins
  Trick 12: zybots_ leads JH, segfault_society plays 8D -> zybots_ wins
  Hand: zybots_ +10 / segfault_society +25 (tricks 4-8)
  Match total: zybots_ 18 - 51 segfault_society
Players: zybots_ vs segfault_society
Dealer: zybots_  |  Elder: segfault_society
Match scores: 18 - 51
Talon (8): 8C 9C JC 9D 8H 9H KH QS
zybots_ hand: QC KC QD 7H JH QH AH 7S 8S 9S 10S AS
segfault_society hand: 7C 10C AC 7D 8D 10D JD KD AD 10H JS KS
  Exchange segfault_society: discard 7C 10C 7D 10H JS -> draw 9C 9D 8H KH QS (talon 3 left)
  Exchange zybots_: discard KC 7H JH -> draw 8C JC 9H (talon 0 left)

--- Phase: declare ---
  Declare point: segfault_society wins 6 pts (('point', 6, 'D'))
  Declare sequence: segfault_society wins 4 pts (('sequence', 4, 11, 'D'))
  Declare set: segfault_society wins 3 pts (('set', 3, 13))

--- Phase: tricks ---
  Trick  1: segfault_society leads AD, zybots_ plays QD -> segfault_society wins
  Trick  2: segfault_society leads KD, zybots_ plays 7S -> segfault_society wins
  Trick  3: segfault_society leads AC, zybots_ plays 8C -> segfault_society wins
  Trick  4: segfault_society leads JD, zybots_ plays 8S -> segfault_society wins
  Trick  5: segfault_society leads 10D, zybots_ plays 9S -> segfault_society wins
  Trick  6: segfault_society leads KS, zybots_ plays AS -> zybots_ wins
  Trick  7: zybots_ leads AH, segfault_society plays 8H -> zybots_ wins
  Trick  8: zybots_ leads 9H, segfault_society plays KH -> segfault_society wins
  Trick  9: segfault_society leads 9D, zybots_ plays 10S -> segfault_society wins
  Trick 10: segfault_society leads QS, zybots_ plays JC -> segfault_society wins
  Trick 11: segfault_society leads 9C, zybots_ plays QC -> zybots_ wins
  Trick 12: zybots_ leads QH, segfault_society plays 8D -> zybots_ wins
  Hand: zybots_ +5 / segfault_society +31 (tricks 4-8)
  Match total: zybots_ 23 - 82 segfault_society
Players: zybots_ vs segfault_society
Dealer: segfault_society  |  Elder: zybots_
Match scores: 23 - 82
Talon (8): 8C 9C QC KC KD 7H KH 9S
zybots_ hand: 7C JC 9D 10D QD AD 8H 10H JH 7S 10S KS
segfault_society hand: 10C AC 7D 8D JD 9H QH AH 8S JS QS AS
  Exchange zybots_: discard 7C JC 8H JH 7S -> draw 9C QC KC KD KH (talon 3 left)
  Exchange segfault_society: discard 7D 8D 9H -> draw 8C 7H 9S (talon 0 left)

--- Phase: declare ---
  Declare point: zybots_ wins 5 pts (('point', 5, 'D'))
  Declare sequence: zybots_ wins 3 pts (('sequence', 3, 14, 'D'))
  Declare set: segfault_society wins 3 pts (('set', 3, 14))

--- Phase: tricks ---
  Trick  1: zybots_ leads QD, segfault_society plays JD -> zybots_ wins
  Trick  2: zybots_ leads KD, segfault_society plays 7H -> zybots_ wins
  Trick  3: zybots_ leads AD, segfault_society plays 8S -> zybots_ wins
  Trick  4: zybots_ leads 9C, segfault_society plays 10C -> segfault_society wins
  Trick  5: segfault_society leads AS, zybots_ plays 10S -> segfault_society wins
  Trick  6: segfault_society leads AH, zybots_ plays 10H -> segfault_society wins
  Trick  7: segfault_society leads AC, zybots_ plays QC -> segfault_society wins
  Trick  8: segfault_society leads QS, zybots_ plays KS -> zybots_ wins
  Trick  9: zybots_ leads KH, segfault_society plays QH -> zybots_ wins
  Trick 10: zybots_ leads KC, segfault_society plays 8C -> zybots_ wins
  Trick 11: zybots_ leads 9D, segfault_society plays 9S -> zybots_ wins
  Trick 12: zybots_ leads 10D, segfault_society plays JS -> zybots_ wins
  Hand: zybots_ +27 / segfault_society +7 (tricks 8-4)
  Match total: zybots_ 50 - 89 segfault_society
Players: zybots_ vs segfault_society
Dealer: zybots_  |  Elder: segfault_society
Match scores: 50 - 89
Talon (8): JD KD 9H 10H 7S 9S QS AS
zybots_ hand: 8C 10C KC 7D 8D 9D QD 8H JH QH AH JS
segfault_society hand: 7C 9C JC QC AC 10D AD 7H KH 8S 10S KS
  Exchange segfault_society: discard 7C 10D 7H 8S 10S -> draw JD KD 9H 9S QS (talon 3 left)
  Exchange zybots_: discard 8C 10C JS -> draw 10H 7S AS (talon 0 left)

--- Phase: declare ---
  Declare point: zybots_ wins 5 pts (('point', 5, 'H'))
  Declare sequence: zybots_ wins 3 pts (('sequence', 3, 12, 'H'))
  Declare set: segfault_society wins 3 pts (('set', 3, 13))

--- Phase: tricks ---
  Trick  1: segfault_society leads AC, zybots_ plays KC -> segfault_society wins
  Trick  2: segfault_society leads AD, zybots_ plays 7D -> segfault_society wins
  Trick  3: segfault_society leads KD, zybots_ plays 8D -> segfault_society wins
  Trick  4: segfault_society leads KS, zybots_ plays AS -> zybots_ wins
  Trick  5: zybots_ leads QD, segfault_society plays JD -> zybots_ wins
  Trick  6: zybots_ leads AH, segfault_society plays 9H -> zybots_ wins
  Trick  7: zybots_ leads 8H, segfault_society plays KH -> segfault_society wins
  Trick  8: segfault_society leads QC, zybots_ plays 7S -> segfault_society wins
  Trick  9: segfault_society leads QS, zybots_ plays 9D -> segfault_society wins
  Trick 10: segfault_society leads JC, zybots_ plays 10H -> segfault_society wins
  Trick 11: segfault_society leads 9C, zybots_ plays JH -> segfault_society wins
  Trick 12: segfault_society leads 9S, zybots_ plays QH -> segfault_society wins
  Hand: zybots_ +11 / segfault_society +23 (tricks 3-9)
  Match total: zybots_ 61 - 112 segfault_society
  Final: zybots_ 61 - 112 segfault_society
  Winner: segfault_society

============================================================
Game 97
============================================================
Players: segfault_society vs zybots_
Dealer: segfault_society  |  Elder: zybots_
Match scores: 0 - 0
Talon (8): 8C KC 9D 10D JD JH 7S QS
segfault_society hand: 9C AC 7D KD AD 8H 9H 10H QH KH 10S AS
zybots_ hand: 7C 10C JC QC 8D QD 7H AH 8S 9S JS KS
  Exchange zybots_: discard 8D 7H 8S 9S JS -> draw KC 10D JD JH 7S (talon 3 left)
  Exchange segfault_society: discard 9C 7D 10S -> draw 8C 9D QS (talon 0 left)

--- Phase: declare ---
  Declare sequence: zybots_ wins 4 pts (('sequence', 4, 13, 'C'))
  Declare set: segfault_society wins 3 pts (('set', 3, 14))

--- Phase: tricks ---
  Trick  1: zybots_ leads AH, segfault_society plays 8H -> zybots_ wins
  Trick  2: zybots_ leads 7C, segfault_society plays 8C -> segfault_society wins
  Trick  3: segfault_society leads KH, zybots_ plays JH -> segfault_society wins
  Trick  4: segfault_society leads AD, zybots_ plays 10D -> segfault_society wins
  Trick  5: segfault_society leads QH, zybots_ plays 7S -> segfault_society wins
  Trick  6: segfault_society leads AS, zybots_ plays KS -> segfault_society wins
  Trick  7: segfault_society leads KD, zybots_ plays JD -> segfault_society wins
  Trick  8: segfault_society leads AC, zybots_ plays 10C -> segfault_society wins
  Trick  9: segfault_society leads 10H, zybots_ plays JC -> segfault_society wins
  Trick 10: segfault_society leads QS, zybots_ plays QC -> segfault_society wins
  Trick 11: segfault_society leads 9H, zybots_ plays QD -> segfault_society wins
  Trick 12: segfault_society leads 9D, zybots_ plays KC -> segfault_society wins
  Hand: segfault_society +25 / zybots_ +5 (tricks 11-1)
  Match total: segfault_society 25 - 5 zybots_
Players: segfault_society vs zybots_
Dealer: zybots_  |  Elder: segfault_society
Match scores: 25 - 5
Talon (8): 7C 9C 7H 10H KH JS QS AS
segfault_society hand: 10C AC 7D 9D 10D JD QD JH QH 7S 8S 10S
zybots_ hand: 8C JC QC KC 8D KD AD 8H 9H AH 9S KS
  Exchange segfault_society: discard 10C JH 7S 8S 10S -> draw 7C 7H JS QS AS (talon 3 left)
  Exchange zybots_: discard 8D 8H 9H -> draw 9C 10H KH (talon 0 left)

--- Phase: declare ---
  Declare point: zybots_ wins 5 pts (('point', 5, 'C'))
  Declare sequence: segfault_society wins 4 pts (('sequence', 4, 12, 'D'))
  Declare set: zybots_ wins 14 pts (('set', 4, 13))

--- Phase: tricks ---
  Trick  1: segfault_society leads AS, zybots_ plays 9S -> segfault_society wins
  Trick  2: segfault_society leads AC, zybots_ plays 8C -> segfault_society wins
  Trick  3: segfault_society leads QD, zybots_ plays KD -> zybots_ wins
  Trick  4: zybots_ leads JC, segfault_society plays 7C -> zybots_ wins
  Trick  5: zybots_ leads QC, segfault_society plays 7D -> zybots_ wins
  Trick  6: zybots_ leads KC, segfault_society plays 7H -> zybots_ wins
  Trick  7: zybots_ leads KS, segfault_society plays JS -> zybots_ wins
  Trick  8: zybots_ leads KH, segfault_society plays QH -> zybots_ wins
  Trick  9: zybots_ leads AD, segfault_society plays 9D -> zybots_ wins
  Trick 10: zybots_ leads AH, segfault_society plays 10D -> zybots_ wins
  Trick 11: zybots_ leads 10H, segfault_society plays JD -> zybots_ wins
  Trick 12: zybots_ leads 9C, segfault_society plays QS -> zybots_ wins
  Hand: segfault_society +6 / zybots_ +40 (tricks 2-10)
  Match total: segfault_society 31 - 45 zybots_
Players: segfault_society vs zybots_
Dealer: segfault_society  |  Elder: zybots_
Match scores: 31 - 45
Talon (8): QC 8D KD AD JH QH 7S KS
segfault_society hand: 8C 9C JC JD QD 8H 9H KH 8S 9S JS QS
zybots_ hand: 7C 10C KC AC 7D 9D 10D 7H 10H AH 10S AS
  Exchange zybots_: discard 7C KC 7D 9D 7H -> draw QC 8D KD 7S KS (talon 3 left)
  Exchange segfault_society: discard 8C 9C 8H -> draw AD JH QH (talon 0 left)

--- Phase: declare ---
  Declare point: segfault_society wins 4 pts (('point', 4, 'H'))
  Declare sequence: segfault_society wins 3 pts (('sequence', 3, 13, 'H'))
  Declare set: zybots_ wins 3 pts (('set', 3, 14))

--- Phase: tricks ---
  Trick  1: zybots_ leads KS, segfault_society plays 8S -> zybots_ wins
  Trick  2: zybots_ leads AS, segfault_society plays 9S -> zybots_ wins
  Trick  3: zybots_ leads AH, segfault_society plays 9H -> zybots_ wins
  Trick  4: zybots_ leads AC, segfault_society plays JC -> zybots_ wins
  Trick  5: zybots_ leads 8D, segfault_society plays JD -> segfault_society wins
  Trick  6: segfault_society leads KH, zybots_ plays 10H -> segfault_society wins
  Trick  7: segfault_society leads AD, zybots_ plays 10D -> segfault_society wins
  Trick  8: segfault_society leads QS, zybots_ plays 7S -> segfault_society wins
  Trick  9: segfault_society leads QH, zybots_ plays 10C -> segfault_society wins
  Trick 10: segfault_society leads JS, zybots_ plays 10S -> segfault_society wins
  Trick 11: segfault_society leads JH, zybots_ plays QC -> segfault_society wins
  Trick 12: segfault_society leads QD, zybots_ plays KD -> zybots_ wins
  Hand: segfault_society +24 / zybots_ +9 (tricks 7-5)
  Match total: segfault_society 55 - 54 zybots_
Players: segfault_society vs zybots_
Dealer: zybots_  |  Elder: segfault_society
Match scores: 55 - 54
Talon (8): 8C 9D 10D 9H KH 7S 9S JS
segfault_society hand: 9C QC KC AC QD KD 8H 10H QH AH 8S 10S
zybots_ hand: 7C 10C JC 7D 8D JD AD 7H JH QS KS AS
  Exchange segfault_society: discard QD 8H 10H 8S 10S -> draw 8C 10D 9H KH 7S (talon 3 left)
  Exchange zybots_: discard 7C 10C 7H -> draw 9D 9S JS (talon 0 left)

--- Phase: declare ---
  Declare point: zybots_ wins 5 pts (('point', 5, 'S'))
  Declare sequence: zybots_ wins 4 pts (('sequence', 4, 14, 'S'))
  Declare set: segfault_society wins 3 pts (('set', 3, 13))

--- Phase: tricks ---
  Trick  1: segfault_society leads AC, zybots_ plays JC -> segfault_society wins
  Trick  2: segfault_society leads AH, zybots_ plays JH -> segfault_society wins
  Trick  3: segfault_society leads KC, zybots_ plays 7D -> segfault_society wins
  Trick  4: segfault_society leads KH, zybots_ plays 8D -> segfault_society wins
  Trick  5: segfault_society leads QC, zybots_ plays 9D -> segfault_society wins
  Trick  6: segfault_society leads QH, zybots_ plays 9S -> segfault_society wins
  Trick  7: segfault_society leads KD, zybots_ plays AD -> zybots_ wins
  Trick  8: zybots_ leads JS, segfault_society plays 7S -> zybots_ wins
  Trick  9: zybots_ leads QS, segfault_society plays 8C -> zybots_ wins
  Trick 10: zybots_ leads KS, segfault_society plays 9C -> zybots_ wins
  Trick 11: zybots_ leads AS, segfault_society plays 9H -> zybots_ wins
  Trick 12: zybots_ leads JD, segfault_society plays 10D -> zybots_ wins
  Hand: segfault_society +9 / zybots_ +16 (tricks 6-6)
  Match total: segfault_society 64 - 70 zybots_
Players: segfault_society vs zybots_
Dealer: segfault_society  |  Elder: zybots_
Match scores: 64 - 70
Talon (8): JC AC QD 7H 9H 7S 8S 10S
segfault_society hand: 7C 8C 10C QC KC 7D 8D 9D AD QH JS KS
zybots_ hand: 9C 10D JD KD 8H 10H JH KH AH 9S QS AS
  Exchange zybots_: discard 9C 10D JD 9S QS -> draw JC AC QD 7H 10S (talon 3 left)
  Exchange segfault_society: discard 7C QH JS -> draw 9H 7S 8S (talon 0 left)

--- Phase: declare ---
  Declare point: zybots_ wins 6 pts (('point', 6, 'H'))
  Declare sequence: segfault_society wins 3 pts (('sequence', 3, 9, 'D'))
  Declare set: zybots_ wins 3 pts (('set', 3, 14))

--- Phase: tricks ---
  Trick  1: zybots_ leads KH, segfault_society plays 9H -> zybots_ wins
  Trick  2: zybots_ leads AS, segfault_society plays 7S -> zybots_ wins
  Trick  3: zybots_ leads AH, segfault_society plays 7D -> zybots_ wins
  Trick  4: zybots_ leads AC, segfault_society plays 8C -> zybots_ wins
  Trick  5: zybots_ leads 7H, segfault_society plays 8D -> zybots_ wins
  Trick  6: zybots_ leads 8H, segfault_society plays 8S -> zybots_ wins
  Trick  7: zybots_ leads 10H, segfault_society plays 9D -> zybots_ wins
  Trick  8: zybots_ leads QD, segfault_society plays AD -> segfault_society wins
  Trick  9: segfault_society leads KC, zybots_ plays JC -> segfault_society wins
  Trick 10: segfault_society leads QC, zybots_ plays 10S -> segfault_society wins
  Trick 11: segfault_society leads KS, zybots_ plays JH -> segfault_society wins
  Trick 12: segfault_society leads 10C, zybots_ plays KD -> segfault_society wins
  Hand: segfault_society +9 / zybots_ +26 (tricks 5-7)
  Match total: segfault_society 73 - 96 zybots_
Players: segfault_society vs zybots_
Dealer: zybots_  |  Elder: segfault_society
Match scores: 73 - 96
Talon (8): JC AC 9D JD KD AH 9S QS
segfault_society hand: 7C QC KC 7D 8H 9H JH QH KH JS KS AS
zybots_ hand: 8C 9C 10C 8D 10D QD AD 7H 10H 7S 8S 10S
  Exchange segfault_society: discard 7C QC 7D 8H JS -> draw JC AC KD AH 9S (talon 3 left)
  Exchange zybots_: discard 7H 7S 8S -> draw 9D JD QS (talon 0 left)

--- Phase: declare ---
  Declare point: zybots_ wins 6 pts (('point', 6, 'D'))
  Declare sequence: zybots_ wins 10 pts (('sequence', 5, 12, 'D'))
  Declare set: segfault_society wins 3 pts (('set', 3, 14))

--- Phase: tricks ---
  Trick  1: segfault_society leads AH, zybots_ plays 10H -> segfault_society wins
  Trick  2: segfault_society leads KH, zybots_ plays 8C -> segfault_society wins
  Trick  3: segfault_society leads AS, zybots_ plays 10S -> segfault_society wins
  Trick  4: segfault_society leads AC, zybots_ plays 9C -> segfault_society wins
  Trick  5: segfault_society leads QH, zybots_ plays 8D -> segfault_society wins
  Trick  6: segfault_society leads KC, zybots_ plays 10C -> segfault_society wins
  Trick  7: segfault_society leads KS, zybots_ plays QS -> segfault_society wins
  Trick  8: segfault_society leads JH, zybots_ plays 9D -> segfault_society wins
  Trick  9: segfault_society leads KD, zybots_ plays AD -> zybots_ wins
  Trick 10: zybots_ leads 10D, segfault_society plays 9H -> zybots_ wins
  Trick 11: zybots_ leads JD, segfault_society plays 9S -> zybots_ wins
  Trick 12: zybots_ leads QD, segfault_society plays JC -> zybots_ wins
  Hand: segfault_society +21 / zybots_ +21 (tricks 8-4)
  Match total: segfault_society 94 - 117 zybots_
  Final: segfault_society 94 - 117 zybots_
  Winner: zybots_

============================================================
Game 98
============================================================
Players: zybots_ vs segfault_society
Dealer: zybots_  |  Elder: segfault_society
Match scores: 0 - 0
Talon (8): 7C 10C AD 9H AH 8S 10S JS
zybots_ hand: 8C JC QC AC 8D 7H 8H 10H JH QH QS KS
segfault_society hand: 9C KC 7D 9D 10D JD QD KD KH 7S 9S AS
  Exchange segfault_society: discard 9C 7D 9D 7S 9S -> draw 7C 10C AD AH 8S (talon 3 left)
  Exchange zybots_: discard 8C JC 8D -> draw 9H 10S JS (talon 0 left)

--- Phase: declare ---
  Declare point: zybots_ wins 6 pts (('point', 6, 'H'))
  Declare sequence: zybots_ wins 11 pts (('sequence', 6, 12, 'H'))
  Declare set: segfault_society wins 3 pts (('set', 3, 14))

--- Phase: tricks ---
  Trick  1: segfault_society leads AD, zybots_ plays 7H -> segfault_society wins
  Trick  2: segfault_society leads KD, zybots_ plays 8H -> segfault_society wins
  Trick  3: segfault_society leads QD, zybots_ plays 9H -> segfault_society wins
  Trick  4: segfault_society leads AS, zybots_ plays 10S -> segfault_society wins
  Trick  5: segfault_society leads AH, zybots_ plays 10H -> segfault_society wins
  Trick  6: segfault_society leads JD, zybots_ plays JH -> segfault_society wins
  Trick  7: segfault_society leads KH, zybots_ plays QH -> segfault_society wins
  Trick  8: segfault_society leads 10D, zybots_ plays JS -> segfault_society wins
  Trick  9: segfault_society leads KC, zybots_ plays AC -> zybots_ wins
  Trick 10: zybots_ leads QS, segfault_society plays 8S -> zybots_ wins
  Trick 11: zybots_ leads KS, segfault_society plays 7C -> zybots_ wins
  Trick 12: zybots_ leads QC, segfault_society plays 10C -> zybots_ wins
  Hand: zybots_ +22 / segfault_society +21 (tricks 4-8)
  Match total: zybots_ 22 - 21 segfault_society
Players: zybots_ vs segfault_society
Dealer: segfault_society  |  Elder: zybots_
Match scores: 22 - 21
Talon (8): 9C 10C JC KD 7H 10S QS AS
zybots_ hand: 7C AC 7D 10D AD 9H 10H JH QH KH AH 9S
segfault_society hand: 8C QC KC 8D 9D JD QD 8H 7S 8S JS KS
  Exchange zybots_: discard 7C AC 7D 10D 9S -> draw 9C JC KD 7H AS (talon 3 left)
  Exchange segfault_society: discard 8C QC 8H -> draw 10C 10S QS (talon 0 left)

--- Phase: declare ---
  Declare point: zybots_ wins 7 pts (('point', 7, 'H'))
  Declare sequence: zybots_ wins 11 pts (('sequence', 6, 14, 'H'))
  Declare set: zybots_ wins 3 pts (('set', 3, 14))

--- Phase: tricks ---
  Trick  1: zybots_ leads 9H, segfault_society plays 7S -> zybots_ wins
  Trick  2: zybots_ leads 10H, segfault_society plays 8D -> zybots_ wins
  Trick  3: zybots_ leads JH, segfault_society plays 8S -> zybots_ wins
  Trick  4: zybots_ leads QH, segfault_society plays 9D -> zybots_ wins
  Trick  5: zybots_ leads KH, segfault_society plays 10S -> zybots_ wins
  Trick  6: zybots_ leads KD, segfault_society plays JD -> zybots_ wins
  Trick  7: zybots_ leads AH, segfault_society plays 10C -> zybots_ wins
  Trick  8: zybots_ leads AD, segfault_society plays QD -> zybots_ wins
  Trick  9: zybots_ leads AS, segfault_society plays JS -> zybots_ wins
  Trick 10: zybots_ leads 9C, segfault_society plays KC -> segfault_society wins
  Trick 11: segfault_society leads KS, zybots_ plays 7H -> segfault_society wins
  Trick 12: segfault_society leads QS, zybots_ plays JC -> segfault_society wins
  Hand: zybots_ +40 / segfault_society +4 (tricks 9-3)
  Match total: zybots_ 62 - 25 segfault_society
Players: zybots_ vs segfault_society
Dealer: zybots_  |  Elder: segfault_society
Match scores: 62 - 25
Talon (8): JC QC QD KD AD 8H QH 7S
zybots_ hand: 8C 9C 10C AC 9D JD 9H 10H KH 8S 10S KS
segfault_society hand: 7C KC 7D 8D 10D 7H JH AH 9S JS QS AS
  Exchange segfault_society: discard 7C 7D 8D 10D 7H -> draw JC KD AD 8H 7S (talon 3 left)
  Exchange zybots_: discard 9D 9H 8S -> draw QC QD QH (talon 0 left)

--- Phase: declare ---
  Declare point: zybots_ wins 5 pts (('point', 5, 'C'))
  Declare sequence: zybots_ wins 3 pts (('sequence', 3, 10, 'C'))
  Declare set: segfault_society wins 3 pts (('set', 3, 14))

--- Phase: tricks ---
  Trick  1: segfault_society leads AS, zybots_ plays 10S -> segfault_society wins
  Trick  2: segfault_society leads AH, zybots_ plays 10H -> segfault_society wins
  Trick  3: segfault_society leads AD, zybots_ plays JD -> segfault_society wins
  Trick  4: segfault_society leads KD, zybots_ plays QD -> segfault_society wins
  Trick  5: segfault_society leads QS, zybots_ plays KS -> zybots_ wins
  Trick  6: zybots_ leads QH, segfault_society plays 8H -> zybots_ wins
  Trick  7: zybots_ leads KH, segfault_society plays JH -> zybots_ wins
  Trick  8: zybots_ leads AC, segfault_society plays JC -> zybots_ wins
  Trick  9: zybots_ leads 8C, segfault_society plays KC -> segfault_society wins
  Trick 10: segfault_society leads JS, zybots_ plays 9C -> segfault_society wins
  Trick 11: segfault_society leads 9S, zybots_ plays 10C -> segfault_society wins
  Trick 12: segfault_society leads 7S, zybots_ plays QC -> segfault_society wins
  Hand: zybots_ +12 / segfault_society +22 (tricks 4-8)
  Match total: zybots_ 74 - 47 segfault_society
Players: zybots_ vs segfault_society
Dealer: segfault_society  |  Elder: zybots_
Match scores: 74 - 47
Talon (8): 10C JC QC 8D 10D 10H QS KS
zybots_ hand: KC AC 7D JD 7H JH KH AH 9S 10S JS AS
segfault_society hand: 7C 8C 9C 9D QD KD AD 8H 9H QH 7S 8S
  Exchange zybots_: discard KC 7D JD 7H KH -> draw 10C JC QC 10D 10H (talon 3 left)
  Exchange segfault_society: discard 7C 8H 7S -> draw 8D QS KS (talon 0 left)

--- Phase: declare ---
  Declare point: segfault_society wins 5 pts (('point', 5, 'D'))
  Declare sequence: segfault_society wins 3 pts (('sequence', 3, 14, 'D'))
  Declare set: zybots_ wins 3 pts (('set', 3, 14))

--- Phase: tricks ---
  Trick  1: zybots_ leads AC, segfault_society plays 8C -> zybots_ wins
  Trick  2: zybots_ leads AS, segfault_society plays 8S -> zybots_ wins
  Trick  3: zybots_ leads AH, segfault_society plays 9H -> zybots_ wins
  Trick  4: zybots_ leads 9S, segfault_society plays QS -> segfault_society wins
  Trick  5: segfault_society leads AD, zybots_ plays 10D -> segfault_society wins
  Trick  6: segfault_society leads KD, zybots_ plays 10S -> segfault_society wins
  Trick  7: segfault_society leads QD, zybots_ plays 10C -> segfault_society wins
  Trick  8: segfault_society leads KS, zybots_ plays JS -> segfault_society wins
  Trick  9: segfault_society leads 9D, zybots_ plays 10H -> segfault_society wins
  Trick 10: segfault_society leads QH, zybots_ plays JH -> segfault_society wins
  Trick 11: segfault_society leads 9C, zybots_ plays JC -> zybots_ wins
  Trick 12: zybots_ leads QC, segfault_society plays 8D -> zybots_ wins
  Hand: zybots_ +9 / segfault_society +25 (tricks 5-7)
  Match total: zybots_ 83 - 72 segfault_society
Players: zybots_ vs segfault_society
Dealer: zybots_  |  Elder: segfault_society
Match scores: 83 - 72
Talon (8): QC QD KD JH QH AH JS KS
zybots_ hand: 7C 9C 10C KC AC 7D 8D JD 9H 10H 8S 9S
segfault_society hand: 8C JC 9D 10D AD 7H 8H KH 7S 10S QS AS
  Exchange segfault_society: discard 8C 9D 10D 7H 8H -> draw QD JH QH AH JS (talon 3 left)
  Exchange zybots_: discard 7D 8D 8S -> draw QC KD KS (talon 0 left)

--- Phase: declare ---
  Declare point: zybots_ wins 6 pts (('point', 6, 'C'))
  Declare sequence: segfault_society wins 4 pts (('sequence', 4, 14, 'H'))
  Declare set: segfault_society wins 3 pts (('set', 3, 14))

--- Phase: tricks ---
  Trick  1: segfault_society leads AS, zybots_ plays 9S -> segfault_society wins
  Trick  2: segfault_society leads AH, zybots_ plays 9H -> segfault_society wins
  Trick  3: segfault_society leads KH, zybots_ plays 10H -> segfault_society wins
  Trick  4: segfault_society leads AD, zybots_ plays JD -> segfault_society wins
  Trick  5: segfault_society leads QH, zybots_ plays 7C -> segfault_society wins
  Trick  6: segfault_society leads JH, zybots_ plays 9C -> segfault_society wins
  Trick  7: segfault_society leads QS, zybots_ plays KS -> zybots_ wins
  Trick  8: zybots_ leads QC, segfault_society plays JC -> zybots_ wins
  Trick  9: zybots_ leads KC, segfault_society plays 7S -> zybots_ wins
  Trick 10: zybots_ leads KD, segfault_society plays QD -> zybots_ wins
  Trick 11: zybots_ leads AC, segfault_society plays 10S -> zybots_ wins
  Trick 12: zybots_ leads 10C, segfault_society plays JS -> zybots_ wins
  Hand: zybots_ +13 / segfault_society +13 (tricks 6-6)
  Match total: zybots_ 96 - 85 segfault_society
Players: zybots_ vs segfault_society
Dealer: segfault_society  |  Elder: zybots_
Match scores: 96 - 85
Talon (8): JC QC AC KD 10H 8S JS AS
zybots_ hand: 8C KC 7D 10D JD AD 7H 9H QH 9S 10S KS
segfault_society hand: 7C 9C 10C 8D 9D QD 8H JH KH AH 7S QS
  Exchange zybots_: discard 8C 7H 9H 9S 10S -> draw JC QC KD 10H AS (talon 3 left)
  Exchange segfault_society: discard 7C 8D 7S -> draw AC 8S JS (talon 0 left)

--- Phase: declare ---
  Declare point: zybots_ wins 5 pts (('point', 5, 'D'))
  Declare sequence: zybots_ wins 3 pts (('sequence', 3, 13, 'C'))
  Declare set: zybots_ wins 3 pts (('set', 3, 13))

--- Phase: tricks ---
  Trick  1: zybots_ leads KS, segfault_society plays 8S -> zybots_ wins
  Trick  2: zybots_ leads KD, segfault_society plays 9D -> zybots_ wins
  Trick  3: zybots_ leads AD, segfault_society plays QD -> zybots_ wins
  Trick  4: zybots_ leads AS, segfault_society plays JS -> zybots_ wins
  Trick  5: zybots_ leads 7D, segfault_society plays 8H -> zybots_ wins
  Trick  6: zybots_ leads JC, segfault_society plays AC -> segfault_society wins
  Trick  7: segfault_society leads AH, zybots_ plays 10H -> segfault_society wins
  Trick  8: segfault_society leads KH, zybots_ plays QH -> segfault_society wins
  Trick  9: segfault_society leads QS, zybots_ plays 10D -> segfault_society wins
  Trick 10: segfault_society leads 10C, zybots_ plays QC -> zybots_ wins
  Trick 11: zybots_ leads JD, segfault_society plays 9C -> zybots_ wins
  Trick 12: zybots_ leads KC, segfault_society plays JH -> zybots_ wins
  Hand: zybots_ +30 / segfault_society +4 (tricks 8-4)
  Match total: zybots_ 126 - 89 segfault_society
  Final: zybots_ 126 - 89 segfault_society
  Winner: zybots_

============================================================
Game 99
============================================================
Players: segfault_society vs zybots_
Dealer: segfault_society  |  Elder: zybots_
Match scores: 0 - 0
Talon (8): AC 8D AD 10H QH KH 9S QS
segfault_society hand: 9C 10C JC KC 7D JD 7H JH AH 8S 10S KS
zybots_ hand: 7C 8C QC 9D 10D QD KD 8H 9H 7S JS AS
  Exchange zybots_: discard 7C 8C 8H 9H 7S -> draw 8D AD 10H 9S QS (talon 3 left)
  Exchange segfault_society: discard 7D 7H 8S -> draw AC QH KH (talon 0 left)

--- Phase: declare ---
  Declare point: zybots_ wins 6 pts (('point', 6, 'D'))
  Declare sequence: segfault_society wins 4 pts (('sequence', 4, 14, 'H'))
  Declare set: segfault_society wins 3 pts (('set', 3, 13))

--- Phase: tricks ---
  Trick  1: zybots_ leads QD, segfault_society plays JD -> zybots_ wins
  Trick  2: zybots_ leads KD, segfault_society plays 9C -> zybots_ wins
  Trick  3: zybots_ leads AS, segfault_society plays 10S -> zybots_ wins
  Trick  4: zybots_ leads AD, segfault_society plays 10C -> zybots_ wins
  Trick  5: zybots_ leads 8D, segfault_society plays JH -> zybots_ wins
  Trick  6: zybots_ leads 9S, segfault_society plays KS -> segfault_society wins
  Trick  7: segfault_society leads AH, zybots_ plays 10H -> segfault_society wins
  Trick  8: segfault_society leads AC, zybots_ plays QC -> segfault_society wins
  Trick  9: segfault_society leads KC, zybots_ plays 9D -> segfault_society wins
  Trick 10: segfault_society leads KH, zybots_ plays 10D -> segfault_society wins
  Trick 11: segfault_society leads QH, zybots_ plays JS -> segfault_society wins
  Trick 12: segfault_society leads JC, zybots_ plays QS -> segfault_society wins
  Hand: segfault_society +25 / zybots_ +11 (tricks 7-5)
  Match total: segfault_society 25 - 11 zybots_
Players: segfault_society vs zybots_
Dealer: zybots_  |  Elder: segfault_society
Match scores: 25 - 11
Talon (8): 7C 9C 10C KC 9D 10H 7S JS
segfault_society hand: 8C QC AC 8D 10D AD 8H 9H JH 8S KS AS
zybots_ hand: JC 7D JD QD KD 7H QH KH AH 9S 10S QS
  Exchange segfault_society: discard 8C 8D 8H 9H 8S -> draw 7C 9C KC 9D 10H (talon 3 left)
  Exchange zybots_: discard 7D 9S 10S -> draw 10C 7S JS (talon 0 left)

--- Phase: declare ---
  Declare point: segfault_society wins 5 pts (('point', 5, 'C'))
  Declare set: segfault_society wins 3 pts (('set', 3, 14))

--- Phase: tricks ---
  Trick  1: segfault_society leads AC, zybots_ plays 10C -> segfault_society wins
  Trick  2: segfault_society leads KC, zybots_ plays JC -> segfault_society wins
  Trick  3: segfault_society leads AD, zybots_ plays JD -> segfault_society wins
  Trick  4: segfault_society leads QC, zybots_ plays 7H -> segfault_society wins
  Trick  5: segfault_society leads AS, zybots_ plays 7S -> segfault_society wins
  Trick  6: segfault_society leads KS, zybots_ plays JS -> segfault_society wins
  Trick  7: segfault_society leads JH, zybots_ plays QH -> zybots_ wins
  Trick  8: zybots_ leads QD, segfault_society plays 9D -> zybots_ wins
  Trick  9: zybots_ leads QS, segfault_society plays 7C -> zybots_ wins
  Trick 10: zybots_ leads KD, segfault_society plays 10D -> zybots_ wins
  Trick 11: zybots_ leads KH, segfault_society plays 10H -> zybots_ wins
  Trick 12: zybots_ leads AH, segfault_society plays 9C -> zybots_ wins
  Hand: segfault_society +14 / zybots_ +7 (tricks 6-6)
  Match total: segfault_society 39 - 18 zybots_
Players: segfault_society vs zybots_
Dealer: segfault_society  |  Elder: zybots_
Match scores: 39 - 18
Talon (8): 9D 10H QH KH 7S 9S 10S AS
segfault_society hand: 9C QC KC AC 7D 8D KD AD 9H AH JS KS
zybots_ hand: 7C 8C 10C JC 10D JD QD 7H 8H JH 8S QS
  Exchange zybots_: discard 7C 7H 8H 8S QS -> draw 9D KH 7S 9S AS (talon 3 left)
  Exchange segfault_society: discard 7D 8D 9H -> draw 10H QH 10S (talon 0 left)

--- Phase: declare ---
  Declare point: segfault_society wins 4 pts (('point', 4, 'C'))
  Declare sequence: zybots_ wins 4 pts (('sequence', 4, 12, 'D'))
  Declare set: segfault_society wins 3 pts (('set', 3, 14))

--- Phase: tricks ---
  Trick  1: zybots_ leads AS, segfault_society plays 10S -> zybots_ wins
  Trick  2: zybots_ leads 9D, segfault_society plays KD -> segfault_society wins
  Trick  3: segfault_society leads AC, zybots_ plays 8C -> segfault_society wins
  Trick  4: segfault_society leads AH, zybots_ plays JH -> segfault_society wins
  Trick  5: segfault_society leads KC, zybots_ plays 10C -> segfault_society wins
  Trick  6: segfault_society leads KS, zybots_ plays 7S -> segfault_society wins
  Trick  7: segfault_society leads QC, zybots_ plays JC -> segfault_society wins
  Trick  8: segfault_society leads AD, zybots_ plays 10D -> segfault_society wins
  Trick  9: segfault_society leads QH, zybots_ plays KH -> zybots_ wins
  Trick 10: zybots_ leads JD, segfault_society plays 9C -> zybots_ wins
  Trick 11: zybots_ leads QD, segfault_society plays 10H -> zybots_ wins
  Trick 12: zybots_ leads 9S, segfault_society plays JS -> segfault_society wins
  Hand: segfault_society +26 / zybots_ +8 (tricks 8-4)
  Match total: segfault_society 65 - 26 zybots_
Players: segfault_society vs zybots_
Dealer: zybots_  |  Elder: segfault_society
Match scores: 65 - 26
Talon (8): QC 7D 8D QD 8H 10H KH KS
segfault_society hand: 7C 8C 9C 9D 10D JH QH AH 7S JS QS AS
zybots_ hand: 10C JC KC AC JD KD AD 7H 9H 8S 9S 10S
  Exchange segfault_society: discard 7C 8C 9C 9D 10D -> draw 7D 8D QD 8H 10H (talon 3 left)
  Exchange zybots_: discard JD 7H 9H -> draw QC KH KS (talon 0 left)

--- Phase: declare ---
  Declare point: zybots_ wins 5 pts (('point', 5, 'C'))
  Declare sequence: zybots_ wins 10 pts (('sequence', 5, 14, 'C'))
  Declare set: zybots_ wins 14 pts (('set', 4, 13))

--- Phase: tricks ---
  Trick  1: segfault_society leads AH, zybots_ plays KH -> segfault_society wins
  Trick  2: segfault_society leads AS, zybots_ plays 8S -> segfault_society wins
  Trick  3: segfault_society leads QH, zybots_ plays 9S -> segfault_society wins
  Trick  4: segfault_society leads QS, zybots_ plays KS -> zybots_ wins
  Trick  5: zybots_ leads 10C, segfault_society plays 7S -> zybots_ wins
  Trick  6: zybots_ leads JC, segfault_society plays 7D -> zybots_ wins
  Trick  7: zybots_ leads QC, segfault_society plays 8D -> zybots_ wins
  Trick  8: zybots_ leads KC, segfault_society plays 8H -> zybots_ wins
  Trick  9: zybots_ leads KD, segfault_society plays QD -> zybots_ wins
  Trick 10: zybots_ leads AD, segfault_society plays 10H -> zybots_ wins
  Trick 11: zybots_ leads AC, segfault_society plays JH -> zybots_ wins
  Trick 12: zybots_ leads 10S, segfault_society plays JS -> segfault_society wins
  Hand: segfault_society +5 / zybots_ +47 (tricks 4-8)
  Match total: segfault_society 70 - 73 zybots_
Players: segfault_society vs zybots_
Dealer: segfault_society  |  Elder: zybots_
Match scores: 70 - 73
Talon (8): 7C 9C 10C AC 9H 10H 8S AS
segfault_society hand: QC KC 8D 10D AD QH KH 7S 9S JS QS KS
zybots_ hand: 8C JC 7D 9D JD QD KD 7H 8H JH AH 10S
  Exchange zybots_: discard 8C 7H 8H AH 10S -> draw 7C 9C 10C AC 9H (talon 3 left)
  Exchange segfault_society: discard 8D 10D QH -> draw 10H 8S AS (talon 0 left)

--- Phase: declare ---
  Declare point: segfault_society wins 7 pts (('point', 7, 'S'))
  Declare sequence: segfault_society wins 4 pts (('sequence', 4, 14, 'S'))
  Declare set: segfault_society wins 3 pts (('set', 3, 13))

--- Phase: tricks ---
  Trick  1: zybots_ leads AC, segfault_society plays QC -> zybots_ wins
  Trick  2: zybots_ leads 7D, segfault_society plays AD -> segfault_society wins
  Trick  3: segfault_society leads AS, zybots_ plays 7C -> segfault_society wins
  Trick  4: segfault_society leads KS, zybots_ plays 9D -> segfault_society wins
  Trick  5: segfault_society leads QS, zybots_ plays 9H -> segfault_society wins
  Trick  6: segfault_society leads JS, zybots_ plays 9C -> segfault_society wins
  Trick  7: segfault_society leads KC, zybots_ plays 10C -> segfault_society wins
  Trick  8: segfault_society leads 9S, zybots_ plays JC -> segfault_society wins
  Trick  9: segfault_society leads KH, zybots_ plays JH -> segfault_society wins
  Trick 10: segfault_society leads 8S, zybots_ plays JD -> segfault_society wins
  Trick 11: segfault_society leads 10H, zybots_ plays QD -> segfault_society wins
  Trick 12: segfault_society leads 7S, zybots_ plays KD -> segfault_society wins
  Hand: segfault_society +36 / zybots_ +1 (tricks 11-1)
  Match total: segfault_society 106 - 74 zybots_
  Final: segfault_society 106 - 74 zybots_
  Winner: segfault_society

============================================================
Game 100
============================================================
Players: zybots_ vs segfault_society
Dealer: zybots_  |  Elder: segfault_society
Match scores: 0 - 0
Talon (8): KC AC 7D AD 10H JH QH JS
zybots_ hand: 10C JC 8D JD QD 7H 9H AH 7S QS KS AS
segfault_society hand: 7C 8C 9C QC 9D 10D KD 8H KH 8S 9S 10S
  Exchange segfault_society: discard 9D 8H 8S 9S 10S -> draw KC AC 10H QH JS (talon 3 left)
  Exchange zybots_: discard 8D 7H 9H -> draw 7D AD JH (talon 0 left)

--- Phase: declare ---
  Declare point: segfault_society wins 6 pts (('point', 6, 'C'))
  Declare set: zybots_ wins 3 pts (('set', 3, 14))

--- Phase: tricks ---
  Trick  1: segfault_society leads AC, zybots_ plays 10C -> segfault_society wins
  Trick  2: segfault_society leads KC, zybots_ plays JC -> segfault_society wins
  Trick  3: segfault_society leads QC, zybots_ plays 7S -> segfault_society wins
  Trick  4: segfault_society leads KH, zybots_ plays AH -> zybots_ wins
  Trick  5: zybots_ leads QS, segfault_society plays JS -> zybots_ wins
  Trick  6: zybots_ leads KS, segfault_society plays 7C -> zybots_ wins
  Trick  7: zybots_ leads AS, segfault_society plays 8C -> zybots_ wins
  Trick  8: zybots_ leads AD, segfault_society plays 10D -> zybots_ wins
  Trick  9: zybots_ leads 7D, segfault_society plays KD -> segfault_society wins
  Trick 10: segfault_society leads QH, zybots_ plays JH -> segfault_society wins
  Trick 11: segfault_society leads 10H, zybots_ plays JD -> segfault_society wins
  Trick 12: segfault_society leads 9C, zybots_ plays QD -> segfault_society wins
  Hand: zybots_ +8 / segfault_society +24 (tricks 5-7)
  Match total: zybots_ 8 - 24 segfault_society
Players: zybots_ vs segfault_society
Dealer: segfault_society  |  Elder: zybots_
Match scores: 8 - 24
Talon (8): JC 7D JD AD 7H 10H KH AS
zybots_ hand: 8C 9C QC KC AC 10D KD AH 8S JS QS KS
segfault_society hand: 7C 10C 8D 9D QD 8H 9H JH QH 7S 9S 10S
  Exchange zybots_: discard 8C 9C 10D AH 8S -> draw JC JD AD 7H KH (talon 3 left)
  Exchange segfault_society: discard 7C 8D 7S -> draw 7D 10H AS (talon 0 left)

--- Phase: declare ---
  Declare point: segfault_society wins 5 pts (('point', 5, 'H'))
  Declare sequence: segfault_society wins 10 pts (('sequence', 5, 12, 'H'))
  Declare set: zybots_ wins 14 pts (('set', 4, 13))

--- Phase: tricks ---
  Trick  1: zybots_ leads JC, segfault_society plays 10C -> zybots_ wins
  Trick  2: zybots_ leads QC, segfault_society plays 7D -> zybots_ wins
  Trick  3: zybots_ leads KC, segfault_society plays 8H -> zybots_ wins
  Trick  4: zybots_ leads KD, segfault_society plays 9D -> zybots_ wins
  Trick  5: zybots_ leads AC, segfault_society plays 9S -> zybots_ wins
  Trick  6: zybots_ leads AD, segfault_society plays QD -> zybots_ wins
  Trick  7: zybots_ leads JS, segfault_society plays AS -> segfault_society wins
  Trick  8: segfault_society leads QH, zybots_ plays KH -> zybots_ wins
  Trick  9: zybots_ leads QS, segfault_society plays 10S -> zybots_ wins
  Trick 10: zybots_ leads KS, segfault_society plays 9H -> zybots_ wins
  Trick 11: zybots_ leads 7H, segfault_society plays 10H -> segfault_society wins
  Trick 12: segfault_society leads JH, zybots_ plays JD -> segfault_society wins
  Hand: zybots_ +33 / segfault_society +19 (tricks 9-3)
  Match total: zybots_ 41 - 43 segfault_society
Players: zybots_ vs segfault_society
Dealer: zybots_  |  Elder: segfault_society
Match scores: 41 - 43
Talon (8): 10C KC AC 9D KD 9H KS AS
zybots_ hand: 9C JC JD QD 8H JH QH KH 8S 9S 10S JS
segfault_society hand: 7C 8C QC 7D 8D 10D AD 7H 10H AH 7S QS
  Exchange segfault_society: discard 7C 8C 7H 10H 7S -> draw KC AC 9D KD 9H (talon 3 left)
  Exchange zybots_: discard 9C QD 8H -> draw 10C KS AS (talon 0 left)

--- Phase: declare ---
  Declare point: zybots_ wins 6 pts (('point', 6, 'S'))
  Declare sequence: zybots_ wins 4 pts (('sequence', 4, 11, 'S'))
  Declare set: segfault_society wins 3 pts (('set', 3, 14))

--- Phase: tricks ---
  Trick  1: segfault_society leads AD, zybots_ plays JD -> segfault_society wins
  Trick  2: segfault_society leads KD, zybots_ plays 8S -> segfault_society wins
  Trick  3: segfault_society leads AC, zybots_ plays 10C -> segfault_society wins
  Trick  4: segfault_society leads AH, zybots_ plays JH -> segfault_society wins
  Trick  5: segfault_society leads KC, zybots_ plays JC -> segfault_society wins
  Trick  6: segfault_society leads QC, zybots_ plays 9S -> segfault_society wins
  Trick  7: segfault_society leads 10D, zybots_ plays 10S -> segfault_society wins
  Trick  8: segfault_society leads 9D, zybots_ plays JS -> segfault_society wins
  Trick  9: segfault_society leads 8D, zybots_ plays QH -> segfault_society wins
  Trick 10: segfault_society leads QS, zybots_ plays KS -> zybots_ wins
  Trick 11: zybots_ leads KH, segfault_society plays 9H -> zybots_ wins
  Trick 12: zybots_ leads AS, segfault_society plays 7D -> zybots_ wins
  Hand: zybots_ +14 / segfault_society +22 (tricks 3-9)
  Match total: zybots_ 55 - 65 segfault_society
Players: zybots_ vs segfault_society
Dealer: segfault_society  |  Elder: zybots_
Match scores: 55 - 65
Talon (8): 9C AC 10D QD 7H 10H 8S QS
zybots_ hand: 7C 10C KC 8D 9D AD 8H 9H JH KH JS KS
segfault_society hand: 8C JC QC 7D JD KD QH AH 7S 9S 10S AS
  Exchange zybots_: discard 7C 10C 8D 9D JS -> draw AC 10D 7H 8S QS (talon 3 left)
  Exchange segfault_society: discard 8C JC 7D -> draw 9C QD 10H (talon 0 left)

--- Phase: declare ---
  Declare point: zybots_ wins 5 pts (('point', 5, 'H'))
  Declare sequence: segfault_society wins 3 pts (('sequence', 3, 13, 'D'))
  Declare set: zybots_ wins 3 pts (('set', 3, 13))

--- Phase: tricks ---
  Trick  1: zybots_ leads KC, segfault_society plays 9C -> zybots_ wins
  Trick  2: zybots_ leads AD, segfault_society plays JD -> zybots_ wins
  Trick  3: zybots_ leads AC, segfault_society plays QC -> zybots_ wins
  Trick  4: zybots_ leads 7H, segfault_society plays 10H -> segfault_society wins
  Trick  5: segfault_society leads AS, zybots_ plays 8S -> segfault_society wins
  Trick  6: segfault_society leads AH, zybots_ plays 8H -> segfault_society wins
  Trick  7: segfault_society leads KD, zybots_ plays 10D -> segfault_society wins
  Trick  8: segfault_society leads QD, zybots_ plays 9H -> segfault_society wins
  Trick  9: segfault_society leads 10S, zybots_ plays QS -> zybots_ wins
  Trick 10: zybots_ leads KH, segfault_society plays QH -> zybots_ wins
  Trick 11: zybots_ leads KS, segfault_society plays 7S -> zybots_ wins
  Trick 12: zybots_ leads JH, segfault_society plays 9S -> zybots_ wins
  Hand: zybots_ +26 / segfault_society +8 (tricks 7-5)
  Match total: zybots_ 81 - 73 segfault_society
Players: zybots_ vs segfault_society
Dealer: zybots_  |  Elder: segfault_society
Match scores: 81 - 73
Talon (8): QC 9H 10H QH KH 10S QS AS
zybots_ hand: 9C KC 7D 10D QD 7H 8H JH 8S 9S JS KS
segfault_society hand: 7C 8C 10C JC AC 8D 9D JD KD AD AH 7S
  Exchange segfault_society: discard 7C 8C 10C JC 7S -> draw 10H QH KH 10S AS (talon 3 left)
  Exchange zybots_: discard 7D 7H 8H -> draw QC 9H QS (talon 0 left)

--- Phase: declare ---
  Declare point: segfault_society wins 5 pts (('point', 5, 'D'))
  Declare sequence: segfault_society wins 3 pts (('sequence', 3, 14, 'H'))
  Declare set: segfault_society wins 14 pts (('set', 4, 14))

--- Phase: tricks ---
  Trick  1: segfault_society leads AD, zybots_ plays 10D -> segfault_society wins
  Trick  2: segfault_society leads AH, zybots_ plays 9H -> segfault_society wins
  Trick  3: segfault_society leads KD, zybots_ plays QD -> segfault_society wins
  Trick  4: segfault_society leads KH, zybots_ plays JH -> segfault_society wins
  Trick  5: segfault_society leads AS, zybots_ plays 8S -> segfault_society wins
  Trick  6: segfault_society leads QH, zybots_ plays 9C -> segfault_society wins
  Trick  7: segfault_society leads AC, zybots_ plays QC -> segfault_society wins
  Trick  8: segfault_society leads JD, zybots_ plays 9S -> segfault_society wins
  Trick  9: segfault_society leads 9D, zybots_ plays JS -> segfault_society wins
  Trick 10: segfault_society leads 10S, zybots_ plays QS -> zybots_ wins
  Trick 11: zybots_ leads KC, segfault_society plays 8D -> zybots_ wins
  Trick 12: zybots_ leads KS, segfault_society plays 10H -> zybots_ wins
  Hand: zybots_ +4 / segfault_society +41 (tricks 3-9)
  Match total: zybots_ 85 - 114 segfault_society
  Final: zybots_ 85 - 114 segfault_society
  Winner: segfault_society
